condition,phase,path,decision,reason,category,count,p50_ms,p95_ms,p99_ms,max_ms,observations_with_registered_span,interpretation,accounting
logistic_motion_forest_anomaly,condition_first_use,bad_tag_receiver,reject,invalid_tag,admission_orchestration_unisolated,1,0.0,0.0,0.0,0.0,0,Admission orchestration remainder not covered by named children.,per-observation exclusive interval; no sum-of-percentiles total
logistic_motion_forest_anomaly,condition_first_use,bad_tag_receiver,reject,invalid_tag,anomaly_consumer,1,0.0,0.0,0.0,0.0,0,Anomaly consumer including feature scaling and frozen-threshold decision.,per-observation exclusive interval; no sum-of-percentiles total
logistic_motion_forest_anomaly,condition_first_use,bad_tag_receiver,reject,invalid_tag,binary32_adapter,1,0.0,0.0,0.0,0.0,0,Canonical binary32 input adaptation before sender sealing.,per-observation exclusive interval; no sum-of-percentiles total
logistic_motion_forest_anomaly,condition_first_use,bad_tag_receiver,reject,invalid_tag,credential_verification,1,0.0,0.0,0.0,0.0,0,Recorded independent credential-verification call(s).,per-observation exclusive interval; no sum-of-percentiles total
logistic_motion_forest_anomaly,condition_first_use,bad_tag_receiver,reject,invalid_tag,in_memory_audit_measured,1,0.0343,0.0343,0.0343,0.0343,1,"Recorded audit record/prepare/commit spans, exclusive of their children; not all audit-related overhead and not durable storage.",per-observation exclusive interval; no sum-of-percentiles total
logistic_motion_forest_anomaly,condition_first_use,bad_tag_receiver,reject,invalid_tag,local_admission_checks,1,0.0,0.0,0.0,0.0,0,"Measured local authorization/binding/consumption calls, excluding nested credential verification.",per-observation exclusive interval; no sum-of-percentiles total
logistic_motion_forest_anomaly,condition_first_use,bad_tag_receiver,reject,invalid_tag,model_input_preprocessing,1,0.0,0.0,0.0,0.0,0,Shared model-input preparation; model-specific normalization remains in consumer timing.,per-observation exclusive interval; no sum-of-percentiles total
logistic_motion_forest_anomaly,condition_first_use,bad_tag_receiver,reject,invalid_tag,motion_consumer,1,0.0,0.0,0.0,0.0,0,Motion consumer including normalization/tensor preparation/prediction decoding.,per-observation exclusive interval; no sum-of-percentiles total
logistic_motion_forest_anomaly,condition_first_use,bad_tag_receiver,reject,invalid_tag,outer_orchestration_unisolated,1,0.0109,0.0109,0.0109,0.0109,1,Direct root/first-post-window remainder outside named child spans.,per-observation exclusive interval; no sum-of-percentiles total
logistic_motion_forest_anomaly,condition_first_use,bad_tag_receiver,reject,invalid_tag,receiver_binding_sequence_state_unisolated,1,0.0847,0.0847,0.0847,0.0847,1,"Verifier remainder including binding, sequence checks, locks/state publication and observer work; NOT isolated sequence latency.",per-observation exclusive interval; no sum-of-percentiles total
logistic_motion_forest_anomaly,condition_first_use,bad_tag_receiver,reject,invalid_tag,receiver_parsing,1,1.4083,1.4083,1.4083,1.4083,1,Envelope and binary parser call.,per-observation exclusive interval; no sum-of-percentiles total
logistic_motion_forest_anomaly,condition_first_use,bad_tag_receiver,reject,invalid_tag,receiver_quality_check,1,0.0,0.0,0.0,0.0,0,Verifier quality-check call.,per-observation exclusive interval; no sum-of-percentiles total
logistic_motion_forest_anomaly,condition_first_use,bad_tag_receiver,reject,invalid_tag,receiver_window_hmac,1,0.0176,0.0176,0.0176,0.0176,1,"Recorded verifier window-tag calculation, not complete authentication.",per-observation exclusive interval; no sum-of-percentiles total
logistic_motion_forest_anomaly,condition_first_use,bad_tag_receiver,reject,invalid_tag,reconstruction,1,0.0,0.0,0.0,0.0,0,Actual recorded BCH reconstruction; includes any observer/GC delay.,per-observation exclusive interval; no sum-of-percentiles total
logistic_motion_forest_anomaly,condition_first_use,bad_tag_receiver,reject,invalid_tag,release_conversion_unisolated,1,0.0,0.0,0.0,0.0,0,Accepted release remainder including conversion/dispatch/observer work outside consumer children.,per-observation exclusive interval; no sum-of-percentiles total
logistic_motion_forest_anomaly,condition_first_use,bad_tag_receiver,reject,invalid_tag,sender_binding_unisolated,1,0.0,0.0,0.0,0.0,0,Sender seal remainder: binding/state/orchestration/observer work not separately timed.,per-observation exclusive interval; no sum-of-percentiles total
logistic_motion_forest_anomaly,condition_first_use,bad_tag_receiver,reject,invalid_tag,sender_serialization_and_quality,1,0.0,0.0,0.0,0.0,0,Sender serialization including its quality validation; not separately timed.,per-observation exclusive interval; no sum-of-percentiles total
logistic_motion_forest_anomaly,condition_first_use,bad_tag_receiver,reject,invalid_tag,sender_window_hmac,1,0.0,0.0,0.0,0.0,0,Recorded window-tag generation call.,per-observation exclusive interval; no sum-of-percentiles total
logistic_motion_forest_anomaly,condition_first_use,bad_tag_receiver,reject,invalid_tag,session_establishment_unisolated,1,0.0,0.0,0.0,0.0,0,"Handshake/request/activation remainder, including unseparated HKDF/confirmation work and observer cost.",per-observation exclusive interval; no sum-of-percentiles total
logistic_motion_forest_anomaly,condition_first_use,bad_tag_receiver,reject,invalid_tag,simulated_response_read,1,0.0,0.0,0.0,0.0,0,"Modeled response generation, not physical acquisition.",per-observation exclusive interval; no sum-of-percentiles total
logistic_motion_forest_anomaly,condition_first_use,exact_replay_receiver,reject,duplicate_sequence,admission_orchestration_unisolated,1,0.0,0.0,0.0,0.0,0,Admission orchestration remainder not covered by named children.,per-observation exclusive interval; no sum-of-percentiles total
logistic_motion_forest_anomaly,condition_first_use,exact_replay_receiver,reject,duplicate_sequence,anomaly_consumer,1,0.0,0.0,0.0,0.0,0,Anomaly consumer including feature scaling and frozen-threshold decision.,per-observation exclusive interval; no sum-of-percentiles total
logistic_motion_forest_anomaly,condition_first_use,exact_replay_receiver,reject,duplicate_sequence,binary32_adapter,1,0.0,0.0,0.0,0.0,0,Canonical binary32 input adaptation before sender sealing.,per-observation exclusive interval; no sum-of-percentiles total
logistic_motion_forest_anomaly,condition_first_use,exact_replay_receiver,reject,duplicate_sequence,credential_verification,1,0.0,0.0,0.0,0.0,0,Recorded independent credential-verification call(s).,per-observation exclusive interval; no sum-of-percentiles total
logistic_motion_forest_anomaly,condition_first_use,exact_replay_receiver,reject,duplicate_sequence,in_memory_audit_measured,1,0.0624,0.0624,0.0624,0.0624,1,"Recorded audit record/prepare/commit spans, exclusive of their children; not all audit-related overhead and not durable storage.",per-observation exclusive interval; no sum-of-percentiles total
logistic_motion_forest_anomaly,condition_first_use,exact_replay_receiver,reject,duplicate_sequence,local_admission_checks,1,0.0,0.0,0.0,0.0,0,"Measured local authorization/binding/consumption calls, excluding nested credential verification.",per-observation exclusive interval; no sum-of-percentiles total
logistic_motion_forest_anomaly,condition_first_use,exact_replay_receiver,reject,duplicate_sequence,model_input_preprocessing,1,0.0,0.0,0.0,0.0,0,Shared model-input preparation; model-specific normalization remains in consumer timing.,per-observation exclusive interval; no sum-of-percentiles total
logistic_motion_forest_anomaly,condition_first_use,exact_replay_receiver,reject,duplicate_sequence,motion_consumer,1,0.0,0.0,0.0,0.0,0,Motion consumer including normalization/tensor preparation/prediction decoding.,per-observation exclusive interval; no sum-of-percentiles total
logistic_motion_forest_anomaly,condition_first_use,exact_replay_receiver,reject,duplicate_sequence,outer_orchestration_unisolated,1,0.0116,0.0116,0.0116,0.0116,1,Direct root/first-post-window remainder outside named child spans.,per-observation exclusive interval; no sum-of-percentiles total
logistic_motion_forest_anomaly,condition_first_use,exact_replay_receiver,reject,duplicate_sequence,receiver_binding_sequence_state_unisolated,1,0.1153,0.1153,0.1153,0.1153,1,"Verifier remainder including binding, sequence checks, locks/state publication and observer work; NOT isolated sequence latency.",per-observation exclusive interval; no sum-of-percentiles total
logistic_motion_forest_anomaly,condition_first_use,exact_replay_receiver,reject,duplicate_sequence,receiver_parsing,1,1.6172,1.6172,1.6172,1.6172,1,Envelope and binary parser call.,per-observation exclusive interval; no sum-of-percentiles total
logistic_motion_forest_anomaly,condition_first_use,exact_replay_receiver,reject,duplicate_sequence,receiver_quality_check,1,0.6356,0.6356,0.6356,0.6356,1,Verifier quality-check call.,per-observation exclusive interval; no sum-of-percentiles total
logistic_motion_forest_anomaly,condition_first_use,exact_replay_receiver,reject,duplicate_sequence,receiver_window_hmac,1,0.0216,0.0216,0.0216,0.0216,1,"Recorded verifier window-tag calculation, not complete authentication.",per-observation exclusive interval; no sum-of-percentiles total
logistic_motion_forest_anomaly,condition_first_use,exact_replay_receiver,reject,duplicate_sequence,reconstruction,1,0.0,0.0,0.0,0.0,0,Actual recorded BCH reconstruction; includes any observer/GC delay.,per-observation exclusive interval; no sum-of-percentiles total
logistic_motion_forest_anomaly,condition_first_use,exact_replay_receiver,reject,duplicate_sequence,release_conversion_unisolated,1,0.0,0.0,0.0,0.0,0,Accepted release remainder including conversion/dispatch/observer work outside consumer children.,per-observation exclusive interval; no sum-of-percentiles total
logistic_motion_forest_anomaly,condition_first_use,exact_replay_receiver,reject,duplicate_sequence,sender_binding_unisolated,1,0.0,0.0,0.0,0.0,0,Sender seal remainder: binding/state/orchestration/observer work not separately timed.,per-observation exclusive interval; no sum-of-percentiles total
logistic_motion_forest_anomaly,condition_first_use,exact_replay_receiver,reject,duplicate_sequence,sender_serialization_and_quality,1,0.0,0.0,0.0,0.0,0,Sender serialization including its quality validation; not separately timed.,per-observation exclusive interval; no sum-of-percentiles total
logistic_motion_forest_anomaly,condition_first_use,exact_replay_receiver,reject,duplicate_sequence,sender_window_hmac,1,0.0,0.0,0.0,0.0,0,Recorded window-tag generation call.,per-observation exclusive interval; no sum-of-percentiles total
logistic_motion_forest_anomaly,condition_first_use,exact_replay_receiver,reject,duplicate_sequence,session_establishment_unisolated,1,0.0,0.0,0.0,0.0,0,"Handshake/request/activation remainder, including unseparated HKDF/confirmation work and observer cost.",per-observation exclusive interval; no sum-of-percentiles total
logistic_motion_forest_anomaly,condition_first_use,exact_replay_receiver,reject,duplicate_sequence,simulated_response_read,1,0.0,0.0,0.0,0.0,0,"Modeled response generation, not physical acquisition.",per-observation exclusive interval; no sum-of-percentiles total
logistic_motion_forest_anomaly,condition_first_use,fresh_to_first_window,accept,accepted,admission_orchestration_unisolated,1,0.0725,0.0725,0.0725,0.0725,1,Admission orchestration remainder not covered by named children.,per-observation exclusive interval; no sum-of-percentiles total
logistic_motion_forest_anomaly,condition_first_use,fresh_to_first_window,accept,accepted,anomaly_consumer,1,7.3377,7.3377,7.3377,7.3377,1,Anomaly consumer including feature scaling and frozen-threshold decision.,per-observation exclusive interval; no sum-of-percentiles total
logistic_motion_forest_anomaly,condition_first_use,fresh_to_first_window,accept,accepted,binary32_adapter,1,1.4223,1.4223,1.4223,1.4223,1,Canonical binary32 input adaptation before sender sealing.,per-observation exclusive interval; no sum-of-percentiles total
logistic_motion_forest_anomaly,condition_first_use,fresh_to_first_window,accept,accepted,credential_verification,1,0.0588,0.0588,0.0588,0.0588,1,Recorded independent credential-verification call(s).,per-observation exclusive interval; no sum-of-percentiles total
logistic_motion_forest_anomaly,condition_first_use,fresh_to_first_window,accept,accepted,in_memory_audit_measured,1,0.2518,0.2518,0.2518,0.2518,1,"Recorded audit record/prepare/commit spans, exclusive of their children; not all audit-related overhead and not durable storage.",per-observation exclusive interval; no sum-of-percentiles total
logistic_motion_forest_anomaly,condition_first_use,fresh_to_first_window,accept,accepted,local_admission_checks,1,0.0887,0.0887,0.0887,0.0887,1,"Measured local authorization/binding/consumption calls, excluding nested credential verification.",per-observation exclusive interval; no sum-of-percentiles total
logistic_motion_forest_anomaly,condition_first_use,fresh_to_first_window,accept,accepted,model_input_preprocessing,1,3.7719,3.7719,3.7719,3.7719,1,Shared model-input preparation; model-specific normalization remains in consumer timing.,per-observation exclusive interval; no sum-of-percentiles total
logistic_motion_forest_anomaly,condition_first_use,fresh_to_first_window,accept,accepted,motion_consumer,1,0.6506,0.6506,0.6506,0.6506,1,Motion consumer including normalization/tensor preparation/prediction decoding.,per-observation exclusive interval; no sum-of-percentiles total
logistic_motion_forest_anomaly,condition_first_use,fresh_to_first_window,accept,accepted,outer_orchestration_unisolated,1,0.1317,0.1317,0.1317,0.1317,1,Direct root/first-post-window remainder outside named child spans.,per-observation exclusive interval; no sum-of-percentiles total
logistic_motion_forest_anomaly,condition_first_use,fresh_to_first_window,accept,accepted,receiver_binding_sequence_state_unisolated,1,0.1309,0.1309,0.1309,0.1309,1,"Verifier remainder including binding, sequence checks, locks/state publication and observer work; NOT isolated sequence latency.",per-observation exclusive interval; no sum-of-percentiles total
logistic_motion_forest_anomaly,condition_first_use,fresh_to_first_window,accept,accepted,receiver_parsing,1,1.8088,1.8088,1.8088,1.8088,1,Envelope and binary parser call.,per-observation exclusive interval; no sum-of-percentiles total
logistic_motion_forest_anomaly,condition_first_use,fresh_to_first_window,accept,accepted,receiver_quality_check,1,0.8141,0.8141,0.8141,0.8141,1,Verifier quality-check call.,per-observation exclusive interval; no sum-of-percentiles total
logistic_motion_forest_anomaly,condition_first_use,fresh_to_first_window,accept,accepted,receiver_window_hmac,1,0.0184,0.0184,0.0184,0.0184,1,"Recorded verifier window-tag calculation, not complete authentication.",per-observation exclusive interval; no sum-of-percentiles total
logistic_motion_forest_anomaly,condition_first_use,fresh_to_first_window,accept,accepted,reconstruction,1,6.4203,6.4203,6.4203,6.4203,1,Actual recorded BCH reconstruction; includes any observer/GC delay.,per-observation exclusive interval; no sum-of-percentiles total
logistic_motion_forest_anomaly,condition_first_use,fresh_to_first_window,accept,accepted,release_conversion_unisolated,1,0.6419,0.6419,0.6419,0.6419,1,Accepted release remainder including conversion/dispatch/observer work outside consumer children.,per-observation exclusive interval; no sum-of-percentiles total
logistic_motion_forest_anomaly,condition_first_use,fresh_to_first_window,accept,accepted,sender_binding_unisolated,1,0.1496,0.1496,0.1496,0.1496,1,Sender seal remainder: binding/state/orchestration/observer work not separately timed.,per-observation exclusive interval; no sum-of-percentiles total
logistic_motion_forest_anomaly,condition_first_use,fresh_to_first_window,accept,accepted,sender_serialization_and_quality,1,1.2986,1.2986,1.2986,1.2986,1,Sender serialization including its quality validation; not separately timed.,per-observation exclusive interval; no sum-of-percentiles total
logistic_motion_forest_anomaly,condition_first_use,fresh_to_first_window,accept,accepted,sender_window_hmac,1,0.0249,0.0249,0.0249,0.0249,1,Recorded window-tag generation call.,per-observation exclusive interval; no sum-of-percentiles total
logistic_motion_forest_anomaly,condition_first_use,fresh_to_first_window,accept,accepted,session_establishment_unisolated,1,0.5963,0.5963,0.5963,0.5963,1,"Handshake/request/activation remainder, including unseparated HKDF/confirmation work and observer cost.",per-observation exclusive interval; no sum-of-percentiles total
logistic_motion_forest_anomaly,condition_first_use,fresh_to_first_window,accept,accepted,simulated_response_read,1,0.2036,0.2036,0.2036,0.2036,1,"Modeled response generation, not physical acquisition.",per-observation exclusive interval; no sum-of-percentiles total
logistic_motion_forest_anomaly,condition_first_use,malformed_json_receiver,reject,malformed_message,admission_orchestration_unisolated,1,0.0,0.0,0.0,0.0,0,Admission orchestration remainder not covered by named children.,per-observation exclusive interval; no sum-of-percentiles total
logistic_motion_forest_anomaly,condition_first_use,malformed_json_receiver,reject,malformed_message,anomaly_consumer,1,0.0,0.0,0.0,0.0,0,Anomaly consumer including feature scaling and frozen-threshold decision.,per-observation exclusive interval; no sum-of-percentiles total
logistic_motion_forest_anomaly,condition_first_use,malformed_json_receiver,reject,malformed_message,binary32_adapter,1,0.0,0.0,0.0,0.0,0,Canonical binary32 input adaptation before sender sealing.,per-observation exclusive interval; no sum-of-percentiles total
logistic_motion_forest_anomaly,condition_first_use,malformed_json_receiver,reject,malformed_message,credential_verification,1,0.0,0.0,0.0,0.0,0,Recorded independent credential-verification call(s).,per-observation exclusive interval; no sum-of-percentiles total
logistic_motion_forest_anomaly,condition_first_use,malformed_json_receiver,reject,malformed_message,in_memory_audit_measured,1,0.0448,0.0448,0.0448,0.0448,1,"Recorded audit record/prepare/commit spans, exclusive of their children; not all audit-related overhead and not durable storage.",per-observation exclusive interval; no sum-of-percentiles total
logistic_motion_forest_anomaly,condition_first_use,malformed_json_receiver,reject,malformed_message,local_admission_checks,1,0.0,0.0,0.0,0.0,0,"Measured local authorization/binding/consumption calls, excluding nested credential verification.",per-observation exclusive interval; no sum-of-percentiles total
logistic_motion_forest_anomaly,condition_first_use,malformed_json_receiver,reject,malformed_message,model_input_preprocessing,1,0.0,0.0,0.0,0.0,0,Shared model-input preparation; model-specific normalization remains in consumer timing.,per-observation exclusive interval; no sum-of-percentiles total
logistic_motion_forest_anomaly,condition_first_use,malformed_json_receiver,reject,malformed_message,motion_consumer,1,0.0,0.0,0.0,0.0,0,Motion consumer including normalization/tensor preparation/prediction decoding.,per-observation exclusive interval; no sum-of-percentiles total
logistic_motion_forest_anomaly,condition_first_use,malformed_json_receiver,reject,malformed_message,outer_orchestration_unisolated,1,0.0086,0.0086,0.0086,0.0086,1,Direct root/first-post-window remainder outside named child spans.,per-observation exclusive interval; no sum-of-percentiles total
logistic_motion_forest_anomaly,condition_first_use,malformed_json_receiver,reject,malformed_message,receiver_binding_sequence_state_unisolated,1,0.0414,0.0414,0.0414,0.0414,1,"Verifier remainder including binding, sequence checks, locks/state publication and observer work; NOT isolated sequence latency.",per-observation exclusive interval; no sum-of-percentiles total
logistic_motion_forest_anomaly,condition_first_use,malformed_json_receiver,reject,malformed_message,receiver_parsing,1,0.032,0.032,0.032,0.032,1,Envelope and binary parser call.,per-observation exclusive interval; no sum-of-percentiles total
logistic_motion_forest_anomaly,condition_first_use,malformed_json_receiver,reject,malformed_message,receiver_quality_check,1,0.0,0.0,0.0,0.0,0,Verifier quality-check call.,per-observation exclusive interval; no sum-of-percentiles total
logistic_motion_forest_anomaly,condition_first_use,malformed_json_receiver,reject,malformed_message,receiver_window_hmac,1,0.0,0.0,0.0,0.0,0,"Recorded verifier window-tag calculation, not complete authentication.",per-observation exclusive interval; no sum-of-percentiles total
logistic_motion_forest_anomaly,condition_first_use,malformed_json_receiver,reject,malformed_message,reconstruction,1,0.0,0.0,0.0,0.0,0,Actual recorded BCH reconstruction; includes any observer/GC delay.,per-observation exclusive interval; no sum-of-percentiles total
logistic_motion_forest_anomaly,condition_first_use,malformed_json_receiver,reject,malformed_message,release_conversion_unisolated,1,0.0,0.0,0.0,0.0,0,Accepted release remainder including conversion/dispatch/observer work outside consumer children.,per-observation exclusive interval; no sum-of-percentiles total
logistic_motion_forest_anomaly,condition_first_use,malformed_json_receiver,reject,malformed_message,sender_binding_unisolated,1,0.0,0.0,0.0,0.0,0,Sender seal remainder: binding/state/orchestration/observer work not separately timed.,per-observation exclusive interval; no sum-of-percentiles total
logistic_motion_forest_anomaly,condition_first_use,malformed_json_receiver,reject,malformed_message,sender_serialization_and_quality,1,0.0,0.0,0.0,0.0,0,Sender serialization including its quality validation; not separately timed.,per-observation exclusive interval; no sum-of-percentiles total
logistic_motion_forest_anomaly,condition_first_use,malformed_json_receiver,reject,malformed_message,sender_window_hmac,1,0.0,0.0,0.0,0.0,0,Recorded window-tag generation call.,per-observation exclusive interval; no sum-of-percentiles total
logistic_motion_forest_anomaly,condition_first_use,malformed_json_receiver,reject,malformed_message,session_establishment_unisolated,1,0.0,0.0,0.0,0.0,0,"Handshake/request/activation remainder, including unseparated HKDF/confirmation work and observer cost.",per-observation exclusive interval; no sum-of-percentiles total
logistic_motion_forest_anomaly,condition_first_use,malformed_json_receiver,reject,malformed_message,simulated_response_read,1,0.0,0.0,0.0,0.0,0,"Modeled response generation, not physical acquisition.",per-observation exclusive interval; no sum-of-percentiles total
logistic_motion_forest_anomaly,condition_first_use,post_window_after_refusals,accept,accepted,admission_orchestration_unisolated,1,0.0,0.0,0.0,0.0,0,Admission orchestration remainder not covered by named children.,per-observation exclusive interval; no sum-of-percentiles total
logistic_motion_forest_anomaly,condition_first_use,post_window_after_refusals,accept,accepted,anomaly_consumer,1,6.8581,6.8581,6.8581,6.8581,1,Anomaly consumer including feature scaling and frozen-threshold decision.,per-observation exclusive interval; no sum-of-percentiles total
logistic_motion_forest_anomaly,condition_first_use,post_window_after_refusals,accept,accepted,binary32_adapter,1,1.1089,1.1089,1.1089,1.1089,1,Canonical binary32 input adaptation before sender sealing.,per-observation exclusive interval; no sum-of-percentiles total
logistic_motion_forest_anomaly,condition_first_use,post_window_after_refusals,accept,accepted,credential_verification,1,0.0,0.0,0.0,0.0,0,Recorded independent credential-verification call(s).,per-observation exclusive interval; no sum-of-percentiles total
logistic_motion_forest_anomaly,condition_first_use,post_window_after_refusals,accept,accepted,in_memory_audit_measured,1,0.0735,0.0735,0.0735,0.0735,1,"Recorded audit record/prepare/commit spans, exclusive of their children; not all audit-related overhead and not durable storage.",per-observation exclusive interval; no sum-of-percentiles total
logistic_motion_forest_anomaly,condition_first_use,post_window_after_refusals,accept,accepted,local_admission_checks,1,0.0,0.0,0.0,0.0,0,"Measured local authorization/binding/consumption calls, excluding nested credential verification.",per-observation exclusive interval; no sum-of-percentiles total
logistic_motion_forest_anomaly,condition_first_use,post_window_after_refusals,accept,accepted,model_input_preprocessing,1,3.888,3.888,3.888,3.888,1,Shared model-input preparation; model-specific normalization remains in consumer timing.,per-observation exclusive interval; no sum-of-percentiles total
logistic_motion_forest_anomaly,condition_first_use,post_window_after_refusals,accept,accepted,motion_consumer,1,0.6388,0.6388,0.6388,0.6388,1,Motion consumer including normalization/tensor preparation/prediction decoding.,per-observation exclusive interval; no sum-of-percentiles total
logistic_motion_forest_anomaly,condition_first_use,post_window_after_refusals,accept,accepted,outer_orchestration_unisolated,1,0.0807,0.0807,0.0807,0.0807,1,Direct root/first-post-window remainder outside named child spans.,per-observation exclusive interval; no sum-of-percentiles total
logistic_motion_forest_anomaly,condition_first_use,post_window_after_refusals,accept,accepted,receiver_binding_sequence_state_unisolated,1,0.0826,0.0826,0.0826,0.0826,1,"Verifier remainder including binding, sequence checks, locks/state publication and observer work; NOT isolated sequence latency.",per-observation exclusive interval; no sum-of-percentiles total
logistic_motion_forest_anomaly,condition_first_use,post_window_after_refusals,accept,accepted,receiver_parsing,1,1.5852,1.5852,1.5852,1.5852,1,Envelope and binary parser call.,per-observation exclusive interval; no sum-of-percentiles total
logistic_motion_forest_anomaly,condition_first_use,post_window_after_refusals,accept,accepted,receiver_quality_check,1,0.6126,0.6126,0.6126,0.6126,1,Verifier quality-check call.,per-observation exclusive interval; no sum-of-percentiles total
logistic_motion_forest_anomaly,condition_first_use,post_window_after_refusals,accept,accepted,receiver_window_hmac,1,0.0209,0.0209,0.0209,0.0209,1,"Recorded verifier window-tag calculation, not complete authentication.",per-observation exclusive interval; no sum-of-percentiles total
logistic_motion_forest_anomaly,condition_first_use,post_window_after_refusals,accept,accepted,reconstruction,1,0.0,0.0,0.0,0.0,0,Actual recorded BCH reconstruction; includes any observer/GC delay.,per-observation exclusive interval; no sum-of-percentiles total
logistic_motion_forest_anomaly,condition_first_use,post_window_after_refusals,accept,accepted,release_conversion_unisolated,1,0.6699,0.6699,0.6699,0.6699,1,Accepted release remainder including conversion/dispatch/observer work outside consumer children.,per-observation exclusive interval; no sum-of-percentiles total
logistic_motion_forest_anomaly,condition_first_use,post_window_after_refusals,accept,accepted,sender_binding_unisolated,1,0.1071,0.1071,0.1071,0.1071,1,Sender seal remainder: binding/state/orchestration/observer work not separately timed.,per-observation exclusive interval; no sum-of-percentiles total
logistic_motion_forest_anomaly,condition_first_use,post_window_after_refusals,accept,accepted,sender_serialization_and_quality,1,1.0938,1.0938,1.0938,1.0938,1,Sender serialization including its quality validation; not separately timed.,per-observation exclusive interval; no sum-of-percentiles total
logistic_motion_forest_anomaly,condition_first_use,post_window_after_refusals,accept,accepted,sender_window_hmac,1,0.0207,0.0207,0.0207,0.0207,1,Recorded window-tag generation call.,per-observation exclusive interval; no sum-of-percentiles total
logistic_motion_forest_anomaly,condition_first_use,post_window_after_refusals,accept,accepted,session_establishment_unisolated,1,0.0,0.0,0.0,0.0,0,"Handshake/request/activation remainder, including unseparated HKDF/confirmation work and observer cost.",per-observation exclusive interval; no sum-of-percentiles total
logistic_motion_forest_anomaly,condition_first_use,post_window_after_refusals,accept,accepted,simulated_response_read,1,0.0,0.0,0.0,0.0,0,"Modeled response generation, not physical acquisition.",per-observation exclusive interval; no sum-of-percentiles total
logistic_motion_forest_anomaly,condition_first_use,post_window_recurring,accept,accepted,admission_orchestration_unisolated,1,0.0,0.0,0.0,0.0,0,Admission orchestration remainder not covered by named children.,per-observation exclusive interval; no sum-of-percentiles total
logistic_motion_forest_anomaly,condition_first_use,post_window_recurring,accept,accepted,anomaly_consumer,1,7.0666,7.0666,7.0666,7.0666,1,Anomaly consumer including feature scaling and frozen-threshold decision.,per-observation exclusive interval; no sum-of-percentiles total
logistic_motion_forest_anomaly,condition_first_use,post_window_recurring,accept,accepted,binary32_adapter,1,1.1346,1.1346,1.1346,1.1346,1,Canonical binary32 input adaptation before sender sealing.,per-observation exclusive interval; no sum-of-percentiles total
logistic_motion_forest_anomaly,condition_first_use,post_window_recurring,accept,accepted,credential_verification,1,0.0,0.0,0.0,0.0,0,Recorded independent credential-verification call(s).,per-observation exclusive interval; no sum-of-percentiles total
logistic_motion_forest_anomaly,condition_first_use,post_window_recurring,accept,accepted,in_memory_audit_measured,1,0.0932,0.0932,0.0932,0.0932,1,"Recorded audit record/prepare/commit spans, exclusive of their children; not all audit-related overhead and not durable storage.",per-observation exclusive interval; no sum-of-percentiles total
logistic_motion_forest_anomaly,condition_first_use,post_window_recurring,accept,accepted,local_admission_checks,1,0.0,0.0,0.0,0.0,0,"Measured local authorization/binding/consumption calls, excluding nested credential verification.",per-observation exclusive interval; no sum-of-percentiles total
logistic_motion_forest_anomaly,condition_first_use,post_window_recurring,accept,accepted,model_input_preprocessing,1,3.5532,3.5532,3.5532,3.5532,1,Shared model-input preparation; model-specific normalization remains in consumer timing.,per-observation exclusive interval; no sum-of-percentiles total
logistic_motion_forest_anomaly,condition_first_use,post_window_recurring,accept,accepted,motion_consumer,1,0.5441,0.5441,0.5441,0.5441,1,Motion consumer including normalization/tensor preparation/prediction decoding.,per-observation exclusive interval; no sum-of-percentiles total
logistic_motion_forest_anomaly,condition_first_use,post_window_recurring,accept,accepted,outer_orchestration_unisolated,1,0.0774,0.0774,0.0774,0.0774,1,Direct root/first-post-window remainder outside named child spans.,per-observation exclusive interval; no sum-of-percentiles total
logistic_motion_forest_anomaly,condition_first_use,post_window_recurring,accept,accepted,receiver_binding_sequence_state_unisolated,1,0.079,0.079,0.079,0.079,1,"Verifier remainder including binding, sequence checks, locks/state publication and observer work; NOT isolated sequence latency.",per-observation exclusive interval; no sum-of-percentiles total
logistic_motion_forest_anomaly,condition_first_use,post_window_recurring,accept,accepted,receiver_parsing,1,1.5807,1.5807,1.5807,1.5807,1,Envelope and binary parser call.,per-observation exclusive interval; no sum-of-percentiles total
logistic_motion_forest_anomaly,condition_first_use,post_window_recurring,accept,accepted,receiver_quality_check,1,0.6236,0.6236,0.6236,0.6236,1,Verifier quality-check call.,per-observation exclusive interval; no sum-of-percentiles total
logistic_motion_forest_anomaly,condition_first_use,post_window_recurring,accept,accepted,receiver_window_hmac,1,0.0177,0.0177,0.0177,0.0177,1,"Recorded verifier window-tag calculation, not complete authentication.",per-observation exclusive interval; no sum-of-percentiles total
logistic_motion_forest_anomaly,condition_first_use,post_window_recurring,accept,accepted,reconstruction,1,0.0,0.0,0.0,0.0,0,Actual recorded BCH reconstruction; includes any observer/GC delay.,per-observation exclusive interval; no sum-of-percentiles total
logistic_motion_forest_anomaly,condition_first_use,post_window_recurring,accept,accepted,release_conversion_unisolated,1,0.511,0.511,0.511,0.511,1,Accepted release remainder including conversion/dispatch/observer work outside consumer children.,per-observation exclusive interval; no sum-of-percentiles total
logistic_motion_forest_anomaly,condition_first_use,post_window_recurring,accept,accepted,sender_binding_unisolated,1,0.1279,0.1279,0.1279,0.1279,1,Sender seal remainder: binding/state/orchestration/observer work not separately timed.,per-observation exclusive interval; no sum-of-percentiles total
logistic_motion_forest_anomaly,condition_first_use,post_window_recurring,accept,accepted,sender_serialization_and_quality,1,1.1241,1.1241,1.1241,1.1241,1,Sender serialization including its quality validation; not separately timed.,per-observation exclusive interval; no sum-of-percentiles total
logistic_motion_forest_anomaly,condition_first_use,post_window_recurring,accept,accepted,sender_window_hmac,1,0.0247,0.0247,0.0247,0.0247,1,Recorded window-tag generation call.,per-observation exclusive interval; no sum-of-percentiles total
logistic_motion_forest_anomaly,condition_first_use,post_window_recurring,accept,accepted,session_establishment_unisolated,1,0.0,0.0,0.0,0.0,0,"Handshake/request/activation remainder, including unseparated HKDF/confirmation work and observer cost.",per-observation exclusive interval; no sum-of-percentiles total
logistic_motion_forest_anomaly,condition_first_use,post_window_recurring,accept,accepted,simulated_response_read,1,0.0,0.0,0.0,0.0,0,"Modeled response generation, not physical acquisition.",per-observation exclusive interval; no sum-of-percentiles total
logistic_motion_forest_anomaly,condition_first_use,pre_tag_quality_refusal,reject,data_quality_failure,admission_orchestration_unisolated,1,0.0,0.0,0.0,0.0,0,Admission orchestration remainder not covered by named children.,per-observation exclusive interval; no sum-of-percentiles total
logistic_motion_forest_anomaly,condition_first_use,pre_tag_quality_refusal,reject,data_quality_failure,anomaly_consumer,1,0.0,0.0,0.0,0.0,0,Anomaly consumer including feature scaling and frozen-threshold decision.,per-observation exclusive interval; no sum-of-percentiles total
logistic_motion_forest_anomaly,condition_first_use,pre_tag_quality_refusal,reject,data_quality_failure,binary32_adapter,1,1.1107,1.1107,1.1107,1.1107,1,Canonical binary32 input adaptation before sender sealing.,per-observation exclusive interval; no sum-of-percentiles total
logistic_motion_forest_anomaly,condition_first_use,pre_tag_quality_refusal,reject,data_quality_failure,credential_verification,1,0.0,0.0,0.0,0.0,0,Recorded independent credential-verification call(s).,per-observation exclusive interval; no sum-of-percentiles total
logistic_motion_forest_anomaly,condition_first_use,pre_tag_quality_refusal,reject,data_quality_failure,in_memory_audit_measured,1,0.0448,0.0448,0.0448,0.0448,1,"Recorded audit record/prepare/commit spans, exclusive of their children; not all audit-related overhead and not durable storage.",per-observation exclusive interval; no sum-of-percentiles total
logistic_motion_forest_anomaly,condition_first_use,pre_tag_quality_refusal,reject,data_quality_failure,local_admission_checks,1,0.0,0.0,0.0,0.0,0,"Measured local authorization/binding/consumption calls, excluding nested credential verification.",per-observation exclusive interval; no sum-of-percentiles total
logistic_motion_forest_anomaly,condition_first_use,pre_tag_quality_refusal,reject,data_quality_failure,model_input_preprocessing,1,0.0,0.0,0.0,0.0,0,Shared model-input preparation; model-specific normalization remains in consumer timing.,per-observation exclusive interval; no sum-of-percentiles total
logistic_motion_forest_anomaly,condition_first_use,pre_tag_quality_refusal,reject,data_quality_failure,motion_consumer,1,0.0,0.0,0.0,0.0,0,Motion consumer including normalization/tensor preparation/prediction decoding.,per-observation exclusive interval; no sum-of-percentiles total
logistic_motion_forest_anomaly,condition_first_use,pre_tag_quality_refusal,reject,data_quality_failure,outer_orchestration_unisolated,1,0.0459,0.0459,0.0459,0.0459,1,Direct root/first-post-window remainder outside named child spans.,per-observation exclusive interval; no sum-of-percentiles total
logistic_motion_forest_anomaly,condition_first_use,pre_tag_quality_refusal,reject,data_quality_failure,receiver_binding_sequence_state_unisolated,1,0.0,0.0,0.0,0.0,0,"Verifier remainder including binding, sequence checks, locks/state publication and observer work; NOT isolated sequence latency.",per-observation exclusive interval; no sum-of-percentiles total
logistic_motion_forest_anomaly,condition_first_use,pre_tag_quality_refusal,reject,data_quality_failure,receiver_parsing,1,0.0,0.0,0.0,0.0,0,Envelope and binary parser call.,per-observation exclusive interval; no sum-of-percentiles total
logistic_motion_forest_anomaly,condition_first_use,pre_tag_quality_refusal,reject,data_quality_failure,receiver_quality_check,1,0.0,0.0,0.0,0.0,0,Verifier quality-check call.,per-observation exclusive interval; no sum-of-percentiles total
logistic_motion_forest_anomaly,condition_first_use,pre_tag_quality_refusal,reject,data_quality_failure,receiver_window_hmac,1,0.0,0.0,0.0,0.0,0,"Recorded verifier window-tag calculation, not complete authentication.",per-observation exclusive interval; no sum-of-percentiles total
logistic_motion_forest_anomaly,condition_first_use,pre_tag_quality_refusal,reject,data_quality_failure,reconstruction,1,0.0,0.0,0.0,0.0,0,Actual recorded BCH reconstruction; includes any observer/GC delay.,per-observation exclusive interval; no sum-of-percentiles total
logistic_motion_forest_anomaly,condition_first_use,pre_tag_quality_refusal,reject,data_quality_failure,release_conversion_unisolated,1,0.0,0.0,0.0,0.0,0,Accepted release remainder including conversion/dispatch/observer work outside consumer children.,per-observation exclusive interval; no sum-of-percentiles total
logistic_motion_forest_anomaly,condition_first_use,pre_tag_quality_refusal,reject,data_quality_failure,sender_binding_unisolated,1,0.0653,0.0653,0.0653,0.0653,1,Sender seal remainder: binding/state/orchestration/observer work not separately timed.,per-observation exclusive interval; no sum-of-percentiles total
logistic_motion_forest_anomaly,condition_first_use,pre_tag_quality_refusal,reject,data_quality_failure,sender_serialization_and_quality,1,0.4843,0.4843,0.4843,0.4843,1,Sender serialization including its quality validation; not separately timed.,per-observation exclusive interval; no sum-of-percentiles total
logistic_motion_forest_anomaly,condition_first_use,pre_tag_quality_refusal,reject,data_quality_failure,sender_window_hmac,1,0.0,0.0,0.0,0.0,0,Recorded window-tag generation call.,per-observation exclusive interval; no sum-of-percentiles total
logistic_motion_forest_anomaly,condition_first_use,pre_tag_quality_refusal,reject,data_quality_failure,session_establishment_unisolated,1,0.0,0.0,0.0,0.0,0,"Handshake/request/activation remainder, including unseparated HKDF/confirmation work and observer cost.",per-observation exclusive interval; no sum-of-percentiles total
logistic_motion_forest_anomaly,condition_first_use,pre_tag_quality_refusal,reject,data_quality_failure,simulated_response_read,1,0.0,0.0,0.0,0.0,0,"Modeled response generation, not physical acquisition.",per-observation exclusive interval; no sum-of-percentiles total
logistic_motion_forest_anomaly,condition_first_use,valid_receiver_after_bad_tag,accept,accepted,admission_orchestration_unisolated,1,0.0,0.0,0.0,0.0,0,Admission orchestration remainder not covered by named children.,per-observation exclusive interval; no sum-of-percentiles total
logistic_motion_forest_anomaly,condition_first_use,valid_receiver_after_bad_tag,accept,accepted,anomaly_consumer,1,6.4504,6.4504,6.4504,6.4504,1,Anomaly consumer including feature scaling and frozen-threshold decision.,per-observation exclusive interval; no sum-of-percentiles total
logistic_motion_forest_anomaly,condition_first_use,valid_receiver_after_bad_tag,accept,accepted,binary32_adapter,1,0.0,0.0,0.0,0.0,0,Canonical binary32 input adaptation before sender sealing.,per-observation exclusive interval; no sum-of-percentiles total
logistic_motion_forest_anomaly,condition_first_use,valid_receiver_after_bad_tag,accept,accepted,credential_verification,1,0.0,0.0,0.0,0.0,0,Recorded independent credential-verification call(s).,per-observation exclusive interval; no sum-of-percentiles total
logistic_motion_forest_anomaly,condition_first_use,valid_receiver_after_bad_tag,accept,accepted,in_memory_audit_measured,1,0.0408,0.0408,0.0408,0.0408,1,"Recorded audit record/prepare/commit spans, exclusive of their children; not all audit-related overhead and not durable storage.",per-observation exclusive interval; no sum-of-percentiles total
logistic_motion_forest_anomaly,condition_first_use,valid_receiver_after_bad_tag,accept,accepted,local_admission_checks,1,0.0,0.0,0.0,0.0,0,"Measured local authorization/binding/consumption calls, excluding nested credential verification.",per-observation exclusive interval; no sum-of-percentiles total
logistic_motion_forest_anomaly,condition_first_use,valid_receiver_after_bad_tag,accept,accepted,model_input_preprocessing,1,3.6591,3.6591,3.6591,3.6591,1,Shared model-input preparation; model-specific normalization remains in consumer timing.,per-observation exclusive interval; no sum-of-percentiles total
logistic_motion_forest_anomaly,condition_first_use,valid_receiver_after_bad_tag,accept,accepted,motion_consumer,1,0.5095,0.5095,0.5095,0.5095,1,Motion consumer including normalization/tensor preparation/prediction decoding.,per-observation exclusive interval; no sum-of-percentiles total
logistic_motion_forest_anomaly,condition_first_use,valid_receiver_after_bad_tag,accept,accepted,outer_orchestration_unisolated,1,0.0182,0.0182,0.0182,0.0182,1,Direct root/first-post-window remainder outside named child spans.,per-observation exclusive interval; no sum-of-percentiles total
logistic_motion_forest_anomaly,condition_first_use,valid_receiver_after_bad_tag,accept,accepted,receiver_binding_sequence_state_unisolated,1,0.076,0.076,0.076,0.076,1,"Verifier remainder including binding, sequence checks, locks/state publication and observer work; NOT isolated sequence latency.",per-observation exclusive interval; no sum-of-percentiles total
logistic_motion_forest_anomaly,condition_first_use,valid_receiver_after_bad_tag,accept,accepted,receiver_parsing,1,1.4055,1.4055,1.4055,1.4055,1,Envelope and binary parser call.,per-observation exclusive interval; no sum-of-percentiles total
logistic_motion_forest_anomaly,condition_first_use,valid_receiver_after_bad_tag,accept,accepted,receiver_quality_check,1,0.6294,0.6294,0.6294,0.6294,1,Verifier quality-check call.,per-observation exclusive interval; no sum-of-percentiles total
logistic_motion_forest_anomaly,condition_first_use,valid_receiver_after_bad_tag,accept,accepted,receiver_window_hmac,1,0.0173,0.0173,0.0173,0.0173,1,"Recorded verifier window-tag calculation, not complete authentication.",per-observation exclusive interval; no sum-of-percentiles total
logistic_motion_forest_anomaly,condition_first_use,valid_receiver_after_bad_tag,accept,accepted,reconstruction,1,0.0,0.0,0.0,0.0,0,Actual recorded BCH reconstruction; includes any observer/GC delay.,per-observation exclusive interval; no sum-of-percentiles total
logistic_motion_forest_anomaly,condition_first_use,valid_receiver_after_bad_tag,accept,accepted,release_conversion_unisolated,1,0.5008,0.5008,0.5008,0.5008,1,Accepted release remainder including conversion/dispatch/observer work outside consumer children.,per-observation exclusive interval; no sum-of-percentiles total
logistic_motion_forest_anomaly,condition_first_use,valid_receiver_after_bad_tag,accept,accepted,sender_binding_unisolated,1,0.0,0.0,0.0,0.0,0,Sender seal remainder: binding/state/orchestration/observer work not separately timed.,per-observation exclusive interval; no sum-of-percentiles total
logistic_motion_forest_anomaly,condition_first_use,valid_receiver_after_bad_tag,accept,accepted,sender_serialization_and_quality,1,0.0,0.0,0.0,0.0,0,Sender serialization including its quality validation; not separately timed.,per-observation exclusive interval; no sum-of-percentiles total
logistic_motion_forest_anomaly,condition_first_use,valid_receiver_after_bad_tag,accept,accepted,sender_window_hmac,1,0.0,0.0,0.0,0.0,0,Recorded window-tag generation call.,per-observation exclusive interval; no sum-of-percentiles total
logistic_motion_forest_anomaly,condition_first_use,valid_receiver_after_bad_tag,accept,accepted,session_establishment_unisolated,1,0.0,0.0,0.0,0.0,0,"Handshake/request/activation remainder, including unseparated HKDF/confirmation work and observer cost.",per-observation exclusive interval; no sum-of-percentiles total
logistic_motion_forest_anomaly,condition_first_use,valid_receiver_after_bad_tag,accept,accepted,simulated_response_read,1,0.0,0.0,0.0,0.0,0,"Modeled response generation, not physical acquisition.",per-observation exclusive interval; no sum-of-percentiles total
logistic_motion_forest_anomaly,measured,bad_tag_receiver,reject,invalid_tag,admission_orchestration_unisolated,120,0.0,0.0,0.0,0.0,0,Admission orchestration remainder not covered by named children.,per-observation exclusive interval; no sum-of-percentiles total
logistic_motion_forest_anomaly,measured,bad_tag_receiver,reject,invalid_tag,anomaly_consumer,120,0.0,0.0,0.0,0.0,0,Anomaly consumer including feature scaling and frozen-threshold decision.,per-observation exclusive interval; no sum-of-percentiles total
logistic_motion_forest_anomaly,measured,bad_tag_receiver,reject,invalid_tag,binary32_adapter,120,0.0,0.0,0.0,0.0,0,Canonical binary32 input adaptation before sender sealing.,per-observation exclusive interval; no sum-of-percentiles total
logistic_motion_forest_anomaly,measured,bad_tag_receiver,reject,invalid_tag,credential_verification,120,0.0,0.0,0.0,0.0,0,Recorded independent credential-verification call(s).,per-observation exclusive interval; no sum-of-percentiles total
logistic_motion_forest_anomaly,measured,bad_tag_receiver,reject,invalid_tag,in_memory_audit_measured,120,0.039,0.059255,0.07117800000000002,0.0936,120,"Recorded audit record/prepare/commit spans, exclusive of their children; not all audit-related overhead and not durable storage.",per-observation exclusive interval; no sum-of-percentiles total
logistic_motion_forest_anomaly,measured,bad_tag_receiver,reject,invalid_tag,local_admission_checks,120,0.0,0.0,0.0,0.0,0,"Measured local authorization/binding/consumption calls, excluding nested credential verification.",per-observation exclusive interval; no sum-of-percentiles total
logistic_motion_forest_anomaly,measured,bad_tag_receiver,reject,invalid_tag,model_input_preprocessing,120,0.0,0.0,0.0,0.0,0,Shared model-input preparation; model-specific normalization remains in consumer timing.,per-observation exclusive interval; no sum-of-percentiles total
logistic_motion_forest_anomaly,measured,bad_tag_receiver,reject,invalid_tag,motion_consumer,120,0.0,0.0,0.0,0.0,0,Motion consumer including normalization/tensor preparation/prediction decoding.,per-observation exclusive interval; no sum-of-percentiles total
logistic_motion_forest_anomaly,measured,bad_tag_receiver,reject,invalid_tag,outer_orchestration_unisolated,120,0.0122,0.018539999999999997,0.022982000000000002,0.0235,120,Direct root/first-post-window remainder outside named child spans.,per-observation exclusive interval; no sum-of-percentiles total
logistic_motion_forest_anomaly,measured,bad_tag_receiver,reject,invalid_tag,receiver_binding_sequence_state_unisolated,120,0.10145,0.157865,0.19686900000000007,0.2171,120,"Verifier remainder including binding, sequence checks, locks/state publication and observer work; NOT isolated sequence latency.",per-observation exclusive interval; no sum-of-percentiles total
logistic_motion_forest_anomaly,measured,bad_tag_receiver,reject,invalid_tag,receiver_parsing,120,1.6702,2.2394,2.344035,2.3653,120,Envelope and binary parser call.,per-observation exclusive interval; no sum-of-percentiles total
logistic_motion_forest_anomaly,measured,bad_tag_receiver,reject,invalid_tag,receiver_quality_check,120,0.0,0.0,0.0,0.0,0,Verifier quality-check call.,per-observation exclusive interval; no sum-of-percentiles total
logistic_motion_forest_anomaly,measured,bad_tag_receiver,reject,invalid_tag,receiver_window_hmac,120,0.01955,0.03071,0.034048,0.0407,120,"Recorded verifier window-tag calculation, not complete authentication.",per-observation exclusive interval; no sum-of-percentiles total
logistic_motion_forest_anomaly,measured,bad_tag_receiver,reject,invalid_tag,reconstruction,120,0.0,0.0,0.0,0.0,0,Actual recorded BCH reconstruction; includes any observer/GC delay.,per-observation exclusive interval; no sum-of-percentiles total
logistic_motion_forest_anomaly,measured,bad_tag_receiver,reject,invalid_tag,release_conversion_unisolated,120,0.0,0.0,0.0,0.0,0,Accepted release remainder including conversion/dispatch/observer work outside consumer children.,per-observation exclusive interval; no sum-of-percentiles total
logistic_motion_forest_anomaly,measured,bad_tag_receiver,reject,invalid_tag,sender_binding_unisolated,120,0.0,0.0,0.0,0.0,0,Sender seal remainder: binding/state/orchestration/observer work not separately timed.,per-observation exclusive interval; no sum-of-percentiles total
logistic_motion_forest_anomaly,measured,bad_tag_receiver,reject,invalid_tag,sender_serialization_and_quality,120,0.0,0.0,0.0,0.0,0,Sender serialization including its quality validation; not separately timed.,per-observation exclusive interval; no sum-of-percentiles total
logistic_motion_forest_anomaly,measured,bad_tag_receiver,reject,invalid_tag,sender_window_hmac,120,0.0,0.0,0.0,0.0,0,Recorded window-tag generation call.,per-observation exclusive interval; no sum-of-percentiles total
logistic_motion_forest_anomaly,measured,bad_tag_receiver,reject,invalid_tag,session_establishment_unisolated,120,0.0,0.0,0.0,0.0,0,"Handshake/request/activation remainder, including unseparated HKDF/confirmation work and observer cost.",per-observation exclusive interval; no sum-of-percentiles total
logistic_motion_forest_anomaly,measured,bad_tag_receiver,reject,invalid_tag,simulated_response_read,120,0.0,0.0,0.0,0.0,0,"Modeled response generation, not physical acquisition.",per-observation exclusive interval; no sum-of-percentiles total
logistic_motion_forest_anomaly,measured,exact_replay_receiver,reject,duplicate_sequence,admission_orchestration_unisolated,120,0.0,0.0,0.0,0.0,0,Admission orchestration remainder not covered by named children.,per-observation exclusive interval; no sum-of-percentiles total
logistic_motion_forest_anomaly,measured,exact_replay_receiver,reject,duplicate_sequence,anomaly_consumer,120,0.0,0.0,0.0,0.0,0,Anomaly consumer including feature scaling and frozen-threshold decision.,per-observation exclusive interval; no sum-of-percentiles total
logistic_motion_forest_anomaly,measured,exact_replay_receiver,reject,duplicate_sequence,binary32_adapter,120,0.0,0.0,0.0,0.0,0,Canonical binary32 input adaptation before sender sealing.,per-observation exclusive interval; no sum-of-percentiles total
logistic_motion_forest_anomaly,measured,exact_replay_receiver,reject,duplicate_sequence,credential_verification,120,0.0,0.0,0.0,0.0,0,Recorded independent credential-verification call(s).,per-observation exclusive interval; no sum-of-percentiles total
logistic_motion_forest_anomaly,measured,exact_replay_receiver,reject,duplicate_sequence,in_memory_audit_measured,120,0.06325,0.0956,0.110034,0.1573,120,"Recorded audit record/prepare/commit spans, exclusive of their children; not all audit-related overhead and not durable storage.",per-observation exclusive interval; no sum-of-percentiles total
logistic_motion_forest_anomaly,measured,exact_replay_receiver,reject,duplicate_sequence,local_admission_checks,120,0.0,0.0,0.0,0.0,0,"Measured local authorization/binding/consumption calls, excluding nested credential verification.",per-observation exclusive interval; no sum-of-percentiles total
logistic_motion_forest_anomaly,measured,exact_replay_receiver,reject,duplicate_sequence,model_input_preprocessing,120,0.0,0.0,0.0,0.0,0,Shared model-input preparation; model-specific normalization remains in consumer timing.,per-observation exclusive interval; no sum-of-percentiles total
logistic_motion_forest_anomaly,measured,exact_replay_receiver,reject,duplicate_sequence,motion_consumer,120,0.0,0.0,0.0,0.0,0,Motion consumer including normalization/tensor preparation/prediction decoding.,per-observation exclusive interval; no sum-of-percentiles total
logistic_motion_forest_anomaly,measured,exact_replay_receiver,reject,duplicate_sequence,outer_orchestration_unisolated,120,0.012,0.0162,0.021101000000000005,0.0219,120,Direct root/first-post-window remainder outside named child spans.,per-observation exclusive interval; no sum-of-percentiles total
logistic_motion_forest_anomaly,measured,exact_replay_receiver,reject,duplicate_sequence,receiver_binding_sequence_state_unisolated,120,0.13385,0.18562999999999996,0.22189300000000003,0.2832,120,"Verifier remainder including binding, sequence checks, locks/state publication and observer work; NOT isolated sequence latency.",per-observation exclusive interval; no sum-of-percentiles total
logistic_motion_forest_anomaly,measured,exact_replay_receiver,reject,duplicate_sequence,receiver_parsing,120,1.94575,2.72646,4.317269000000001,297.1776,120,Envelope and binary parser call.,per-observation exclusive interval; no sum-of-percentiles total
logistic_motion_forest_anomaly,measured,exact_replay_receiver,reject,duplicate_sequence,receiver_quality_check,120,0.7155,0.957165,1.0346000000000002,1.0591,120,Verifier quality-check call.,per-observation exclusive interval; no sum-of-percentiles total
logistic_motion_forest_anomaly,measured,exact_replay_receiver,reject,duplicate_sequence,receiver_window_hmac,120,0.0266,0.03946999999999999,0.04649700000000001,0.0534,120,"Recorded verifier window-tag calculation, not complete authentication.",per-observation exclusive interval; no sum-of-percentiles total
logistic_motion_forest_anomaly,measured,exact_replay_receiver,reject,duplicate_sequence,reconstruction,120,0.0,0.0,0.0,0.0,0,Actual recorded BCH reconstruction; includes any observer/GC delay.,per-observation exclusive interval; no sum-of-percentiles total
logistic_motion_forest_anomaly,measured,exact_replay_receiver,reject,duplicate_sequence,release_conversion_unisolated,120,0.0,0.0,0.0,0.0,0,Accepted release remainder including conversion/dispatch/observer work outside consumer children.,per-observation exclusive interval; no sum-of-percentiles total
logistic_motion_forest_anomaly,measured,exact_replay_receiver,reject,duplicate_sequence,sender_binding_unisolated,120,0.0,0.0,0.0,0.0,0,Sender seal remainder: binding/state/orchestration/observer work not separately timed.,per-observation exclusive interval; no sum-of-percentiles total
logistic_motion_forest_anomaly,measured,exact_replay_receiver,reject,duplicate_sequence,sender_serialization_and_quality,120,0.0,0.0,0.0,0.0,0,Sender serialization including its quality validation; not separately timed.,per-observation exclusive interval; no sum-of-percentiles total
logistic_motion_forest_anomaly,measured,exact_replay_receiver,reject,duplicate_sequence,sender_window_hmac,120,0.0,0.0,0.0,0.0,0,Recorded window-tag generation call.,per-observation exclusive interval; no sum-of-percentiles total
logistic_motion_forest_anomaly,measured,exact_replay_receiver,reject,duplicate_sequence,session_establishment_unisolated,120,0.0,0.0,0.0,0.0,0,"Handshake/request/activation remainder, including unseparated HKDF/confirmation work and observer cost.",per-observation exclusive interval; no sum-of-percentiles total
logistic_motion_forest_anomaly,measured,exact_replay_receiver,reject,duplicate_sequence,simulated_response_read,120,0.0,0.0,0.0,0.0,0,"Modeled response generation, not physical acquisition.",per-observation exclusive interval; no sum-of-percentiles total
logistic_motion_forest_anomaly,measured,fresh_to_first_window,accept,accepted,admission_orchestration_unisolated,120,0.056,0.08294,0.09377900000000002,0.0987,120,Admission orchestration remainder not covered by named children.,per-observation exclusive interval; no sum-of-percentiles total
logistic_motion_forest_anomaly,measured,fresh_to_first_window,accept,accepted,anomaly_consumer,120,7.3495,9.861504999999998,11.481295000000001,12.4021,120,Anomaly consumer including feature scaling and frozen-threshold decision.,per-observation exclusive interval; no sum-of-percentiles total
logistic_motion_forest_anomaly,measured,fresh_to_first_window,accept,accepted,binary32_adapter,120,1.3154,1.815915,1.928026,2.1665,120,Canonical binary32 input adaptation before sender sealing.,per-observation exclusive interval; no sum-of-percentiles total
logistic_motion_forest_anomaly,measured,fresh_to_first_window,accept,accepted,credential_verification,120,0.05725,0.08555,0.11282300000000005,0.5657,120,Recorded independent credential-verification call(s).,per-observation exclusive interval; no sum-of-percentiles total
logistic_motion_forest_anomaly,measured,fresh_to_first_window,accept,accepted,in_memory_audit_measured,120,0.22395,0.35301,0.43222300000000013,0.7755,120,"Recorded audit record/prepare/commit spans, exclusive of their children; not all audit-related overhead and not durable storage.",per-observation exclusive interval; no sum-of-percentiles total
logistic_motion_forest_anomaly,measured,fresh_to_first_window,accept,accepted,local_admission_checks,120,0.07145,0.10962999999999999,0.11770700000000002,0.1363,120,"Measured local authorization/binding/consumption calls, excluding nested credential verification.",per-observation exclusive interval; no sum-of-percentiles total
logistic_motion_forest_anomaly,measured,fresh_to_first_window,accept,accepted,model_input_preprocessing,120,4.0648,5.589019999999997,6.691223,7.1567,120,Shared model-input preparation; model-specific normalization remains in consumer timing.,per-observation exclusive interval; no sum-of-percentiles total
logistic_motion_forest_anomaly,measured,fresh_to_first_window,accept,accepted,motion_consumer,120,0.64115,0.9134399999999998,1.128061,1.1584,120,Motion consumer including normalization/tensor preparation/prediction decoding.,per-observation exclusive interval; no sum-of-percentiles total
logistic_motion_forest_anomaly,measured,fresh_to_first_window,accept,accepted,outer_orchestration_unisolated,120,0.1265,0.189105,0.24186800000000006,0.3396,120,Direct root/first-post-window remainder outside named child spans.,per-observation exclusive interval; no sum-of-percentiles total
logistic_motion_forest_anomaly,measured,fresh_to_first_window,accept,accepted,receiver_binding_sequence_state_unisolated,120,0.08725,0.13443,0.152743,0.2859,120,"Verifier remainder including binding, sequence checks, locks/state publication and observer work; NOT isolated sequence latency.",per-observation exclusive interval; no sum-of-percentiles total
logistic_motion_forest_anomaly,measured,fresh_to_first_window,accept,accepted,receiver_parsing,120,1.89295,2.687585,3.4191660000000015,3.5412,120,Envelope and binary parser call.,per-observation exclusive interval; no sum-of-percentiles total
logistic_motion_forest_anomaly,measured,fresh_to_first_window,accept,accepted,receiver_quality_check,120,0.7035,0.962245,1.1633870000000002,1.4001,120,Verifier quality-check call.,per-observation exclusive interval; no sum-of-percentiles total
logistic_motion_forest_anomaly,measured,fresh_to_first_window,accept,accepted,receiver_window_hmac,120,0.0193,0.032679999999999994,0.04838300000000003,0.0678,120,"Recorded verifier window-tag calculation, not complete authentication.",per-observation exclusive interval; no sum-of-percentiles total
logistic_motion_forest_anomaly,measured,fresh_to_first_window,accept,accepted,reconstruction,120,3.3778,5.13507,6.454702000000003,9.4238,120,Actual recorded BCH reconstruction; includes any observer/GC delay.,per-observation exclusive interval; no sum-of-percentiles total
logistic_motion_forest_anomaly,measured,fresh_to_first_window,accept,accepted,release_conversion_unisolated,120,0.6096,0.8929899999999998,1.012393,1.0325,120,Accepted release remainder including conversion/dispatch/observer work outside consumer children.,per-observation exclusive interval; no sum-of-percentiles total
logistic_motion_forest_anomaly,measured,fresh_to_first_window,accept,accepted,sender_binding_unisolated,120,0.134,0.20887,0.24285700000000005,0.2573,120,Sender seal remainder: binding/state/orchestration/observer work not separately timed.,per-observation exclusive interval; no sum-of-percentiles total
logistic_motion_forest_anomaly,measured,fresh_to_first_window,accept,accepted,sender_serialization_and_quality,120,1.29735,1.775055,1.822129,2.0347,120,Sender serialization including its quality validation; not separately timed.,per-observation exclusive interval; no sum-of-percentiles total
logistic_motion_forest_anomaly,measured,fresh_to_first_window,accept,accepted,sender_window_hmac,120,0.0184,0.028754999999999996,0.041558000000000005,0.0549,120,Recorded window-tag generation call.,per-observation exclusive interval; no sum-of-percentiles total
logistic_motion_forest_anomaly,measured,fresh_to_first_window,accept,accepted,session_establishment_unisolated,120,0.48405,0.723575,0.8402940000000001,0.8722,120,"Handshake/request/activation remainder, including unseparated HKDF/confirmation work and observer cost.",per-observation exclusive interval; no sum-of-percentiles total
logistic_motion_forest_anomaly,measured,fresh_to_first_window,accept,accepted,simulated_response_read,120,0.20805,0.2748,0.3390890000000001,0.348,120,"Modeled response generation, not physical acquisition.",per-observation exclusive interval; no sum-of-percentiles total
logistic_motion_forest_anomaly,measured,malformed_json_receiver,reject,malformed_message,admission_orchestration_unisolated,120,0.0,0.0,0.0,0.0,0,Admission orchestration remainder not covered by named children.,per-observation exclusive interval; no sum-of-percentiles total
logistic_motion_forest_anomaly,measured,malformed_json_receiver,reject,malformed_message,anomaly_consumer,120,0.0,0.0,0.0,0.0,0,Anomaly consumer including feature scaling and frozen-threshold decision.,per-observation exclusive interval; no sum-of-percentiles total
logistic_motion_forest_anomaly,measured,malformed_json_receiver,reject,malformed_message,binary32_adapter,120,0.0,0.0,0.0,0.0,0,Canonical binary32 input adaptation before sender sealing.,per-observation exclusive interval; no sum-of-percentiles total
logistic_motion_forest_anomaly,measured,malformed_json_receiver,reject,malformed_message,credential_verification,120,0.0,0.0,0.0,0.0,0,Recorded independent credential-verification call(s).,per-observation exclusive interval; no sum-of-percentiles total
logistic_motion_forest_anomaly,measured,malformed_json_receiver,reject,malformed_message,in_memory_audit_measured,120,0.053,0.069615,0.09239800000000001,0.0953,120,"Recorded audit record/prepare/commit spans, exclusive of their children; not all audit-related overhead and not durable storage.",per-observation exclusive interval; no sum-of-percentiles total
logistic_motion_forest_anomaly,measured,malformed_json_receiver,reject,malformed_message,local_admission_checks,120,0.0,0.0,0.0,0.0,0,"Measured local authorization/binding/consumption calls, excluding nested credential verification.",per-observation exclusive interval; no sum-of-percentiles total
logistic_motion_forest_anomaly,measured,malformed_json_receiver,reject,malformed_message,model_input_preprocessing,120,0.0,0.0,0.0,0.0,0,Shared model-input preparation; model-specific normalization remains in consumer timing.,per-observation exclusive interval; no sum-of-percentiles total
logistic_motion_forest_anomaly,measured,malformed_json_receiver,reject,malformed_message,motion_consumer,120,0.0,0.0,0.0,0.0,0,Motion consumer including normalization/tensor preparation/prediction decoding.,per-observation exclusive interval; no sum-of-percentiles total
logistic_motion_forest_anomaly,measured,malformed_json_receiver,reject,malformed_message,outer_orchestration_unisolated,120,0.00925,0.012529999999999998,0.014491000000000002,0.0162,120,Direct root/first-post-window remainder outside named child spans.,per-observation exclusive interval; no sum-of-percentiles total
logistic_motion_forest_anomaly,measured,malformed_json_receiver,reject,malformed_message,receiver_binding_sequence_state_unisolated,120,0.04695,0.062054999999999985,0.074877,0.082,120,"Verifier remainder including binding, sequence checks, locks/state publication and observer work; NOT isolated sequence latency.",per-observation exclusive interval; no sum-of-percentiles total
logistic_motion_forest_anomaly,measured,malformed_json_receiver,reject,malformed_message,receiver_parsing,120,0.03495,0.047505,0.053763000000000005,0.0633,120,Envelope and binary parser call.,per-observation exclusive interval; no sum-of-percentiles total
logistic_motion_forest_anomaly,measured,malformed_json_receiver,reject,malformed_message,receiver_quality_check,120,0.0,0.0,0.0,0.0,0,Verifier quality-check call.,per-observation exclusive interval; no sum-of-percentiles total
logistic_motion_forest_anomaly,measured,malformed_json_receiver,reject,malformed_message,receiver_window_hmac,120,0.0,0.0,0.0,0.0,0,"Recorded verifier window-tag calculation, not complete authentication.",per-observation exclusive interval; no sum-of-percentiles total
logistic_motion_forest_anomaly,measured,malformed_json_receiver,reject,malformed_message,reconstruction,120,0.0,0.0,0.0,0.0,0,Actual recorded BCH reconstruction; includes any observer/GC delay.,per-observation exclusive interval; no sum-of-percentiles total
logistic_motion_forest_anomaly,measured,malformed_json_receiver,reject,malformed_message,release_conversion_unisolated,120,0.0,0.0,0.0,0.0,0,Accepted release remainder including conversion/dispatch/observer work outside consumer children.,per-observation exclusive interval; no sum-of-percentiles total
logistic_motion_forest_anomaly,measured,malformed_json_receiver,reject,malformed_message,sender_binding_unisolated,120,0.0,0.0,0.0,0.0,0,Sender seal remainder: binding/state/orchestration/observer work not separately timed.,per-observation exclusive interval; no sum-of-percentiles total
logistic_motion_forest_anomaly,measured,malformed_json_receiver,reject,malformed_message,sender_serialization_and_quality,120,0.0,0.0,0.0,0.0,0,Sender serialization including its quality validation; not separately timed.,per-observation exclusive interval; no sum-of-percentiles total
logistic_motion_forest_anomaly,measured,malformed_json_receiver,reject,malformed_message,sender_window_hmac,120,0.0,0.0,0.0,0.0,0,Recorded window-tag generation call.,per-observation exclusive interval; no sum-of-percentiles total
logistic_motion_forest_anomaly,measured,malformed_json_receiver,reject,malformed_message,session_establishment_unisolated,120,0.0,0.0,0.0,0.0,0,"Handshake/request/activation remainder, including unseparated HKDF/confirmation work and observer cost.",per-observation exclusive interval; no sum-of-percentiles total
logistic_motion_forest_anomaly,measured,malformed_json_receiver,reject,malformed_message,simulated_response_read,120,0.0,0.0,0.0,0.0,0,"Modeled response generation, not physical acquisition.",per-observation exclusive interval; no sum-of-percentiles total
logistic_motion_forest_anomaly,measured,post_window_after_refusals,accept,accepted,admission_orchestration_unisolated,120,0.0,0.0,0.0,0.0,0,Admission orchestration remainder not covered by named children.,per-observation exclusive interval; no sum-of-percentiles total
logistic_motion_forest_anomaly,measured,post_window_after_refusals,accept,accepted,anomaly_consumer,120,6.4842,8.250115,10.233987000000003,10.9342,120,Anomaly consumer including feature scaling and frozen-threshold decision.,per-observation exclusive interval; no sum-of-percentiles total
logistic_motion_forest_anomaly,measured,post_window_after_refusals,accept,accepted,binary32_adapter,120,1.28605,1.6253,1.788124,1.8532,120,Canonical binary32 input adaptation before sender sealing.,per-observation exclusive interval; no sum-of-percentiles total
logistic_motion_forest_anomaly,measured,post_window_after_refusals,accept,accepted,credential_verification,120,0.0,0.0,0.0,0.0,0,Recorded independent credential-verification call(s).,per-observation exclusive interval; no sum-of-percentiles total
logistic_motion_forest_anomaly,measured,post_window_after_refusals,accept,accepted,in_memory_audit_measured,120,0.08585,0.115315,0.145672,0.1479,120,"Recorded audit record/prepare/commit spans, exclusive of their children; not all audit-related overhead and not durable storage.",per-observation exclusive interval; no sum-of-percentiles total
logistic_motion_forest_anomaly,measured,post_window_after_refusals,accept,accepted,local_admission_checks,120,0.0,0.0,0.0,0.0,0,"Measured local authorization/binding/consumption calls, excluding nested credential verification.",per-observation exclusive interval; no sum-of-percentiles total
logistic_motion_forest_anomaly,measured,post_window_after_refusals,accept,accepted,model_input_preprocessing,120,3.90285,5.151845,5.558978000000001,5.9518,120,Shared model-input preparation; model-specific normalization remains in consumer timing.,per-observation exclusive interval; no sum-of-percentiles total
logistic_motion_forest_anomaly,measured,post_window_after_refusals,accept,accepted,motion_consumer,120,0.64535,0.82837,0.897477,0.9279,120,Motion consumer including normalization/tensor preparation/prediction decoding.,per-observation exclusive interval; no sum-of-percentiles total
logistic_motion_forest_anomaly,measured,post_window_after_refusals,accept,accepted,outer_orchestration_unisolated,120,0.09035,0.12169499999999998,0.134587,0.1608,120,Direct root/first-post-window remainder outside named child spans.,per-observation exclusive interval; no sum-of-percentiles total
logistic_motion_forest_anomaly,measured,post_window_after_refusals,accept,accepted,receiver_binding_sequence_state_unisolated,120,0.0902,0.13669,0.17126400000000003,0.1762,120,"Verifier remainder including binding, sequence checks, locks/state publication and observer work; NOT isolated sequence latency.",per-observation exclusive interval; no sum-of-percentiles total
logistic_motion_forest_anomaly,measured,post_window_after_refusals,accept,accepted,receiver_parsing,120,1.8089,2.26635,2.575528,2.5968,120,Envelope and binary parser call.,per-observation exclusive interval; no sum-of-percentiles total
logistic_motion_forest_anomaly,measured,post_window_after_refusals,accept,accepted,receiver_quality_check,120,0.6964,0.929865,1.013163,1.065,120,Verifier quality-check call.,per-observation exclusive interval; no sum-of-percentiles total
logistic_motion_forest_anomaly,measured,post_window_after_refusals,accept,accepted,receiver_window_hmac,120,0.01995,0.032135,0.039486,0.0411,120,"Recorded verifier window-tag calculation, not complete authentication.",per-observation exclusive interval; no sum-of-percentiles total
logistic_motion_forest_anomaly,measured,post_window_after_refusals,accept,accepted,reconstruction,120,0.0,0.0,0.0,0.0,0,Actual recorded BCH reconstruction; includes any observer/GC delay.,per-observation exclusive interval; no sum-of-percentiles total
logistic_motion_forest_anomaly,measured,post_window_after_refusals,accept,accepted,release_conversion_unisolated,120,0.61185,0.799555,0.9152590000000002,0.9551,120,Accepted release remainder including conversion/dispatch/observer work outside consumer children.,per-observation exclusive interval; no sum-of-percentiles total
logistic_motion_forest_anomaly,measured,post_window_after_refusals,accept,accepted,sender_binding_unisolated,120,0.1282,0.16487499999999997,0.21131800000000003,0.2261,120,Sender seal remainder: binding/state/orchestration/observer work not separately timed.,per-observation exclusive interval; no sum-of-percentiles total
logistic_motion_forest_anomaly,measured,post_window_after_refusals,accept,accepted,sender_serialization_and_quality,120,1.26565,1.573395,1.741027,1.8152,120,Sender serialization including its quality validation; not separately timed.,per-observation exclusive interval; no sum-of-percentiles total
logistic_motion_forest_anomaly,measured,post_window_after_refusals,accept,accepted,sender_window_hmac,120,0.0259,0.042145,0.050481,0.0642,120,Recorded window-tag generation call.,per-observation exclusive interval; no sum-of-percentiles total
logistic_motion_forest_anomaly,measured,post_window_after_refusals,accept,accepted,session_establishment_unisolated,120,0.0,0.0,0.0,0.0,0,"Handshake/request/activation remainder, including unseparated HKDF/confirmation work and observer cost.",per-observation exclusive interval; no sum-of-percentiles total
logistic_motion_forest_anomaly,measured,post_window_after_refusals,accept,accepted,simulated_response_read,120,0.0,0.0,0.0,0.0,0,"Modeled response generation, not physical acquisition.",per-observation exclusive interval; no sum-of-percentiles total
logistic_motion_forest_anomaly,measured,post_window_recurring,accept,accepted,admission_orchestration_unisolated,120,0.0,0.0,0.0,0.0,0,Admission orchestration remainder not covered by named children.,per-observation exclusive interval; no sum-of-percentiles total
logistic_motion_forest_anomaly,measured,post_window_recurring,accept,accepted,anomaly_consumer,120,7.10045,9.671025,11.401416,11.9527,120,Anomaly consumer including feature scaling and frozen-threshold decision.,per-observation exclusive interval; no sum-of-percentiles total
logistic_motion_forest_anomaly,measured,post_window_recurring,accept,accepted,binary32_adapter,120,1.3098,1.71826,1.89974,2.0965,120,Canonical binary32 input adaptation before sender sealing.,per-observation exclusive interval; no sum-of-percentiles total
logistic_motion_forest_anomaly,measured,post_window_recurring,accept,accepted,credential_verification,120,0.0,0.0,0.0,0.0,0,Recorded independent credential-verification call(s).,per-observation exclusive interval; no sum-of-percentiles total
logistic_motion_forest_anomaly,measured,post_window_recurring,accept,accepted,in_memory_audit_measured,120,0.1082,0.1527,0.19779400000000003,0.2009,120,"Recorded audit record/prepare/commit spans, exclusive of their children; not all audit-related overhead and not durable storage.",per-observation exclusive interval; no sum-of-percentiles total
logistic_motion_forest_anomaly,measured,post_window_recurring,accept,accepted,local_admission_checks,120,0.0,0.0,0.0,0.0,0,"Measured local authorization/binding/consumption calls, excluding nested credential verification.",per-observation exclusive interval; no sum-of-percentiles total
logistic_motion_forest_anomaly,measured,post_window_recurring,accept,accepted,model_input_preprocessing,120,4.0426,5.279759999999999,6.682952000000001,7.3623,120,Shared model-input preparation; model-specific normalization remains in consumer timing.,per-observation exclusive interval; no sum-of-percentiles total
logistic_motion_forest_anomaly,measured,post_window_recurring,accept,accepted,motion_consumer,120,0.62855,0.8477299999999998,1.0937420000000002,1.1605,120,Motion consumer including normalization/tensor preparation/prediction decoding.,per-observation exclusive interval; no sum-of-percentiles total
logistic_motion_forest_anomaly,measured,post_window_recurring,accept,accepted,outer_orchestration_unisolated,120,0.09895,0.15537999999999993,0.25011500000000003,0.258,120,Direct root/first-post-window remainder outside named child spans.,per-observation exclusive interval; no sum-of-percentiles total
logistic_motion_forest_anomaly,measured,post_window_recurring,accept,accepted,receiver_binding_sequence_state_unisolated,120,0.09595,0.13885999999999998,0.15470500000000004,0.2093,120,"Verifier remainder including binding, sequence checks, locks/state publication and observer work; NOT isolated sequence latency.",per-observation exclusive interval; no sum-of-percentiles total
logistic_motion_forest_anomaly,measured,post_window_recurring,accept,accepted,receiver_parsing,120,1.9848,5.048315,5.444,8.1801,120,Envelope and binary parser call.,per-observation exclusive interval; no sum-of-percentiles total
logistic_motion_forest_anomaly,measured,post_window_recurring,accept,accepted,receiver_quality_check,120,0.71005,0.9577599999999998,1.004854,1.0396,120,Verifier quality-check call.,per-observation exclusive interval; no sum-of-percentiles total
logistic_motion_forest_anomaly,measured,post_window_recurring,accept,accepted,receiver_window_hmac,120,0.02195,0.031725,0.041940000000000005,0.0593,120,"Recorded verifier window-tag calculation, not complete authentication.",per-observation exclusive interval; no sum-of-percentiles total
logistic_motion_forest_anomaly,measured,post_window_recurring,accept,accepted,reconstruction,120,0.0,0.0,0.0,0.0,0,Actual recorded BCH reconstruction; includes any observer/GC delay.,per-observation exclusive interval; no sum-of-percentiles total
logistic_motion_forest_anomaly,measured,post_window_recurring,accept,accepted,release_conversion_unisolated,120,0.61305,0.83305,1.003143,1.098,120,Accepted release remainder including conversion/dispatch/observer work outside consumer children.,per-observation exclusive interval; no sum-of-percentiles total
logistic_motion_forest_anomaly,measured,post_window_recurring,accept,accepted,sender_binding_unisolated,120,0.14595,0.20129999999999998,0.258112,0.2682,120,Sender seal remainder: binding/state/orchestration/observer work not separately timed.,per-observation exclusive interval; no sum-of-percentiles total
logistic_motion_forest_anomaly,measured,post_window_recurring,accept,accepted,sender_serialization_and_quality,120,1.2964,1.714805,1.842933,2.007,120,Sender serialization including its quality validation; not separately timed.,per-observation exclusive interval; no sum-of-percentiles total
logistic_motion_forest_anomaly,measured,post_window_recurring,accept,accepted,sender_window_hmac,120,0.02615,0.03904499999999999,0.046550000000000015,0.0528,120,Recorded window-tag generation call.,per-observation exclusive interval; no sum-of-percentiles total
logistic_motion_forest_anomaly,measured,post_window_recurring,accept,accepted,session_establishment_unisolated,120,0.0,0.0,0.0,0.0,0,"Handshake/request/activation remainder, including unseparated HKDF/confirmation work and observer cost.",per-observation exclusive interval; no sum-of-percentiles total
logistic_motion_forest_anomaly,measured,post_window_recurring,accept,accepted,simulated_response_read,120,0.0,0.0,0.0,0.0,0,"Modeled response generation, not physical acquisition.",per-observation exclusive interval; no sum-of-percentiles total
logistic_motion_forest_anomaly,measured,pre_tag_quality_refusal,reject,data_quality_failure,admission_orchestration_unisolated,120,0.0,0.0,0.0,0.0,0,Admission orchestration remainder not covered by named children.,per-observation exclusive interval; no sum-of-percentiles total
logistic_motion_forest_anomaly,measured,pre_tag_quality_refusal,reject,data_quality_failure,anomaly_consumer,120,0.0,0.0,0.0,0.0,0,Anomaly consumer including feature scaling and frozen-threshold decision.,per-observation exclusive interval; no sum-of-percentiles total
logistic_motion_forest_anomaly,measured,pre_tag_quality_refusal,reject,data_quality_failure,binary32_adapter,120,1.31075,1.6469499999999997,1.798322,1.8266,120,Canonical binary32 input adaptation before sender sealing.,per-observation exclusive interval; no sum-of-percentiles total
logistic_motion_forest_anomaly,measured,pre_tag_quality_refusal,reject,data_quality_failure,credential_verification,120,0.0,0.0,0.0,0.0,0,Recorded independent credential-verification call(s).,per-observation exclusive interval; no sum-of-percentiles total
logistic_motion_forest_anomaly,measured,pre_tag_quality_refusal,reject,data_quality_failure,in_memory_audit_measured,120,0.0551,0.070325,0.087396,0.1273,120,"Recorded audit record/prepare/commit spans, exclusive of their children; not all audit-related overhead and not durable storage.",per-observation exclusive interval; no sum-of-percentiles total
logistic_motion_forest_anomaly,measured,pre_tag_quality_refusal,reject,data_quality_failure,local_admission_checks,120,0.0,0.0,0.0,0.0,0,"Measured local authorization/binding/consumption calls, excluding nested credential verification.",per-observation exclusive interval; no sum-of-percentiles total
logistic_motion_forest_anomaly,measured,pre_tag_quality_refusal,reject,data_quality_failure,model_input_preprocessing,120,0.0,0.0,0.0,0.0,0,Shared model-input preparation; model-specific normalization remains in consumer timing.,per-observation exclusive interval; no sum-of-percentiles total
logistic_motion_forest_anomaly,measured,pre_tag_quality_refusal,reject,data_quality_failure,motion_consumer,120,0.0,0.0,0.0,0.0,0,Motion consumer including normalization/tensor preparation/prediction decoding.,per-observation exclusive interval; no sum-of-percentiles total
logistic_motion_forest_anomaly,measured,pre_tag_quality_refusal,reject,data_quality_failure,outer_orchestration_unisolated,120,0.0547,0.07132,0.09732300000000002,0.1022,120,Direct root/first-post-window remainder outside named child spans.,per-observation exclusive interval; no sum-of-percentiles total
logistic_motion_forest_anomaly,measured,pre_tag_quality_refusal,reject,data_quality_failure,receiver_binding_sequence_state_unisolated,120,0.0,0.0,0.0,0.0,0,"Verifier remainder including binding, sequence checks, locks/state publication and observer work; NOT isolated sequence latency.",per-observation exclusive interval; no sum-of-percentiles total
logistic_motion_forest_anomaly,measured,pre_tag_quality_refusal,reject,data_quality_failure,receiver_parsing,120,0.0,0.0,0.0,0.0,0,Envelope and binary parser call.,per-observation exclusive interval; no sum-of-percentiles total
logistic_motion_forest_anomaly,measured,pre_tag_quality_refusal,reject,data_quality_failure,receiver_quality_check,120,0.0,0.0,0.0,0.0,0,Verifier quality-check call.,per-observation exclusive interval; no sum-of-percentiles total
logistic_motion_forest_anomaly,measured,pre_tag_quality_refusal,reject,data_quality_failure,receiver_window_hmac,120,0.0,0.0,0.0,0.0,0,"Recorded verifier window-tag calculation, not complete authentication.",per-observation exclusive interval; no sum-of-percentiles total
logistic_motion_forest_anomaly,measured,pre_tag_quality_refusal,reject,data_quality_failure,reconstruction,120,0.0,0.0,0.0,0.0,0,Actual recorded BCH reconstruction; includes any observer/GC delay.,per-observation exclusive interval; no sum-of-percentiles total
logistic_motion_forest_anomaly,measured,pre_tag_quality_refusal,reject,data_quality_failure,release_conversion_unisolated,120,0.0,0.0,0.0,0.0,0,Accepted release remainder including conversion/dispatch/observer work outside consumer children.,per-observation exclusive interval; no sum-of-percentiles total
logistic_motion_forest_anomaly,measured,pre_tag_quality_refusal,reject,data_quality_failure,sender_binding_unisolated,120,0.0796,0.10664,0.12733,0.1333,120,Sender seal remainder: binding/state/orchestration/observer work not separately timed.,per-observation exclusive interval; no sum-of-percentiles total
logistic_motion_forest_anomaly,measured,pre_tag_quality_refusal,reject,data_quality_failure,sender_serialization_and_quality,120,0.58055,0.74574,0.810592,0.8162,120,Sender serialization including its quality validation; not separately timed.,per-observation exclusive interval; no sum-of-percentiles total
logistic_motion_forest_anomaly,measured,pre_tag_quality_refusal,reject,data_quality_failure,sender_window_hmac,120,0.0,0.0,0.0,0.0,0,Recorded window-tag generation call.,per-observation exclusive interval; no sum-of-percentiles total
logistic_motion_forest_anomaly,measured,pre_tag_quality_refusal,reject,data_quality_failure,session_establishment_unisolated,120,0.0,0.0,0.0,0.0,0,"Handshake/request/activation remainder, including unseparated HKDF/confirmation work and observer cost.",per-observation exclusive interval; no sum-of-percentiles total
logistic_motion_forest_anomaly,measured,pre_tag_quality_refusal,reject,data_quality_failure,simulated_response_read,120,0.0,0.0,0.0,0.0,0,"Modeled response generation, not physical acquisition.",per-observation exclusive interval; no sum-of-percentiles total
logistic_motion_forest_anomaly,measured,valid_receiver_after_bad_tag,accept,accepted,admission_orchestration_unisolated,120,0.0,0.0,0.0,0.0,0,Admission orchestration remainder not covered by named children.,per-observation exclusive interval; no sum-of-percentiles total
logistic_motion_forest_anomaly,measured,valid_receiver_after_bad_tag,accept,accepted,anomaly_consumer,120,7.26505,10.118234999999999,11.157439,12.2195,120,Anomaly consumer including feature scaling and frozen-threshold decision.,per-observation exclusive interval; no sum-of-percentiles total
logistic_motion_forest_anomaly,measured,valid_receiver_after_bad_tag,accept,accepted,binary32_adapter,120,0.0,0.0,0.0,0.0,0,Canonical binary32 input adaptation before sender sealing.,per-observation exclusive interval; no sum-of-percentiles total
logistic_motion_forest_anomaly,measured,valid_receiver_after_bad_tag,accept,accepted,credential_verification,120,0.0,0.0,0.0,0.0,0,Recorded independent credential-verification call(s).,per-observation exclusive interval; no sum-of-percentiles total
logistic_motion_forest_anomaly,measured,valid_receiver_after_bad_tag,accept,accepted,in_memory_audit_measured,120,0.04685,0.073645,0.08516500000000002,0.0914,120,"Recorded audit record/prepare/commit spans, exclusive of their children; not all audit-related overhead and not durable storage.",per-observation exclusive interval; no sum-of-percentiles total
logistic_motion_forest_anomaly,measured,valid_receiver_after_bad_tag,accept,accepted,local_admission_checks,120,0.0,0.0,0.0,0.0,0,"Measured local authorization/binding/consumption calls, excluding nested credential verification.",per-observation exclusive interval; no sum-of-percentiles total
logistic_motion_forest_anomaly,measured,valid_receiver_after_bad_tag,accept,accepted,model_input_preprocessing,120,4.08815,5.40053,6.825233,7.9696,120,Shared model-input preparation; model-specific normalization remains in consumer timing.,per-observation exclusive interval; no sum-of-percentiles total
logistic_motion_forest_anomaly,measured,valid_receiver_after_bad_tag,accept,accepted,motion_consumer,120,0.65045,0.923735,1.0332160000000001,1.1449,120,Motion consumer including normalization/tensor preparation/prediction decoding.,per-observation exclusive interval; no sum-of-percentiles total
logistic_motion_forest_anomaly,measured,valid_receiver_after_bad_tag,accept,accepted,outer_orchestration_unisolated,120,0.02295,0.03555,0.04417700000000001,0.057,120,Direct root/first-post-window remainder outside named child spans.,per-observation exclusive interval; no sum-of-percentiles total
logistic_motion_forest_anomaly,measured,valid_receiver_after_bad_tag,accept,accepted,receiver_binding_sequence_state_unisolated,120,0.0917,0.146415,0.16680800000000004,0.1748,120,"Verifier remainder including binding, sequence checks, locks/state publication and observer work; NOT isolated sequence latency.",per-observation exclusive interval; no sum-of-percentiles total
logistic_motion_forest_anomaly,measured,valid_receiver_after_bad_tag,accept,accepted,receiver_parsing,120,1.66075,2.23135,2.361982,2.6209,120,Envelope and binary parser call.,per-observation exclusive interval; no sum-of-percentiles total
logistic_motion_forest_anomaly,measured,valid_receiver_after_bad_tag,accept,accepted,receiver_quality_check,120,0.71365,0.988225,1.060145,1.0993,120,Verifier quality-check call.,per-observation exclusive interval; no sum-of-percentiles total
logistic_motion_forest_anomaly,measured,valid_receiver_after_bad_tag,accept,accepted,receiver_window_hmac,120,0.02035,0.03092,0.03617300000000001,0.0386,120,"Recorded verifier window-tag calculation, not complete authentication.",per-observation exclusive interval; no sum-of-percentiles total
logistic_motion_forest_anomaly,measured,valid_receiver_after_bad_tag,accept,accepted,reconstruction,120,0.0,0.0,0.0,0.0,0,Actual recorded BCH reconstruction; includes any observer/GC delay.,per-observation exclusive interval; no sum-of-percentiles total
logistic_motion_forest_anomaly,measured,valid_receiver_after_bad_tag,accept,accepted,release_conversion_unisolated,120,0.618,0.8273499999999999,0.972507,1.0282,120,Accepted release remainder including conversion/dispatch/observer work outside consumer children.,per-observation exclusive interval; no sum-of-percentiles total
logistic_motion_forest_anomaly,measured,valid_receiver_after_bad_tag,accept,accepted,sender_binding_unisolated,120,0.0,0.0,0.0,0.0,0,Sender seal remainder: binding/state/orchestration/observer work not separately timed.,per-observation exclusive interval; no sum-of-percentiles total
logistic_motion_forest_anomaly,measured,valid_receiver_after_bad_tag,accept,accepted,sender_serialization_and_quality,120,0.0,0.0,0.0,0.0,0,Sender serialization including its quality validation; not separately timed.,per-observation exclusive interval; no sum-of-percentiles total
logistic_motion_forest_anomaly,measured,valid_receiver_after_bad_tag,accept,accepted,sender_window_hmac,120,0.0,0.0,0.0,0.0,0,Recorded window-tag generation call.,per-observation exclusive interval; no sum-of-percentiles total
logistic_motion_forest_anomaly,measured,valid_receiver_after_bad_tag,accept,accepted,session_establishment_unisolated,120,0.0,0.0,0.0,0.0,0,"Handshake/request/activation remainder, including unseparated HKDF/confirmation work and observer cost.",per-observation exclusive interval; no sum-of-percentiles total
logistic_motion_forest_anomaly,measured,valid_receiver_after_bad_tag,accept,accepted,simulated_response_read,120,0.0,0.0,0.0,0.0,0,"Modeled response generation, not physical acquisition.",per-observation exclusive interval; no sum-of-percentiles total
logistic_motion_forest_anomaly,warmup,bad_tag_receiver,reject,invalid_tag,admission_orchestration_unisolated,29,0.0,0.0,0.0,0.0,0,Admission orchestration remainder not covered by named children.,per-observation exclusive interval; no sum-of-percentiles total
logistic_motion_forest_anomaly,warmup,bad_tag_receiver,reject,invalid_tag,anomaly_consumer,29,0.0,0.0,0.0,0.0,0,Anomaly consumer including feature scaling and frozen-threshold decision.,per-observation exclusive interval; no sum-of-percentiles total
logistic_motion_forest_anomaly,warmup,bad_tag_receiver,reject,invalid_tag,binary32_adapter,29,0.0,0.0,0.0,0.0,0,Canonical binary32 input adaptation before sender sealing.,per-observation exclusive interval; no sum-of-percentiles total
logistic_motion_forest_anomaly,warmup,bad_tag_receiver,reject,invalid_tag,credential_verification,29,0.0,0.0,0.0,0.0,0,Recorded independent credential-verification call(s).,per-observation exclusive interval; no sum-of-percentiles total
logistic_motion_forest_anomaly,warmup,bad_tag_receiver,reject,invalid_tag,in_memory_audit_measured,29,0.0382,0.04479999999999999,0.046392,0.0467,29,"Recorded audit record/prepare/commit spans, exclusive of their children; not all audit-related overhead and not durable storage.",per-observation exclusive interval; no sum-of-percentiles total
logistic_motion_forest_anomaly,warmup,bad_tag_receiver,reject,invalid_tag,local_admission_checks,29,0.0,0.0,0.0,0.0,0,"Measured local authorization/binding/consumption calls, excluding nested credential verification.",per-observation exclusive interval; no sum-of-percentiles total
logistic_motion_forest_anomaly,warmup,bad_tag_receiver,reject,invalid_tag,model_input_preprocessing,29,0.0,0.0,0.0,0.0,0,Shared model-input preparation; model-specific normalization remains in consumer timing.,per-observation exclusive interval; no sum-of-percentiles total
logistic_motion_forest_anomaly,warmup,bad_tag_receiver,reject,invalid_tag,motion_consumer,29,0.0,0.0,0.0,0.0,0,Motion consumer including normalization/tensor preparation/prediction decoding.,per-observation exclusive interval; no sum-of-percentiles total
logistic_motion_forest_anomaly,warmup,bad_tag_receiver,reject,invalid_tag,outer_orchestration_unisolated,29,0.0122,0.01622,0.016988,0.0171,29,Direct root/first-post-window remainder outside named child spans.,per-observation exclusive interval; no sum-of-percentiles total
logistic_motion_forest_anomaly,warmup,bad_tag_receiver,reject,invalid_tag,receiver_binding_sequence_state_unisolated,29,0.1001,0.12338,0.14118799999999998,0.1476,29,"Verifier remainder including binding, sequence checks, locks/state publication and observer work; NOT isolated sequence latency.",per-observation exclusive interval; no sum-of-percentiles total
logistic_motion_forest_anomaly,warmup,bad_tag_receiver,reject,invalid_tag,receiver_parsing,29,1.6473,1.9992599999999998,2.073076,2.0929,29,Envelope and binary parser call.,per-observation exclusive interval; no sum-of-percentiles total
logistic_motion_forest_anomaly,warmup,bad_tag_receiver,reject,invalid_tag,receiver_quality_check,29,0.0,0.0,0.0,0.0,0,Verifier quality-check call.,per-observation exclusive interval; no sum-of-percentiles total
logistic_motion_forest_anomaly,warmup,bad_tag_receiver,reject,invalid_tag,receiver_window_hmac,29,0.0194,0.02506,0.03150799999999999,0.034,29,"Recorded verifier window-tag calculation, not complete authentication.",per-observation exclusive interval; no sum-of-percentiles total
logistic_motion_forest_anomaly,warmup,bad_tag_receiver,reject,invalid_tag,reconstruction,29,0.0,0.0,0.0,0.0,0,Actual recorded BCH reconstruction; includes any observer/GC delay.,per-observation exclusive interval; no sum-of-percentiles total
logistic_motion_forest_anomaly,warmup,bad_tag_receiver,reject,invalid_tag,release_conversion_unisolated,29,0.0,0.0,0.0,0.0,0,Accepted release remainder including conversion/dispatch/observer work outside consumer children.,per-observation exclusive interval; no sum-of-percentiles total
logistic_motion_forest_anomaly,warmup,bad_tag_receiver,reject,invalid_tag,sender_binding_unisolated,29,0.0,0.0,0.0,0.0,0,Sender seal remainder: binding/state/orchestration/observer work not separately timed.,per-observation exclusive interval; no sum-of-percentiles total
logistic_motion_forest_anomaly,warmup,bad_tag_receiver,reject,invalid_tag,sender_serialization_and_quality,29,0.0,0.0,0.0,0.0,0,Sender serialization including its quality validation; not separately timed.,per-observation exclusive interval; no sum-of-percentiles total
logistic_motion_forest_anomaly,warmup,bad_tag_receiver,reject,invalid_tag,sender_window_hmac,29,0.0,0.0,0.0,0.0,0,Recorded window-tag generation call.,per-observation exclusive interval; no sum-of-percentiles total
logistic_motion_forest_anomaly,warmup,bad_tag_receiver,reject,invalid_tag,session_establishment_unisolated,29,0.0,0.0,0.0,0.0,0,"Handshake/request/activation remainder, including unseparated HKDF/confirmation work and observer cost.",per-observation exclusive interval; no sum-of-percentiles total
logistic_motion_forest_anomaly,warmup,bad_tag_receiver,reject,invalid_tag,simulated_response_read,29,0.0,0.0,0.0,0.0,0,"Modeled response generation, not physical acquisition.",per-observation exclusive interval; no sum-of-percentiles total
logistic_motion_forest_anomaly,warmup,exact_replay_receiver,reject,duplicate_sequence,admission_orchestration_unisolated,29,0.0,0.0,0.0,0.0,0,Admission orchestration remainder not covered by named children.,per-observation exclusive interval; no sum-of-percentiles total
logistic_motion_forest_anomaly,warmup,exact_replay_receiver,reject,duplicate_sequence,anomaly_consumer,29,0.0,0.0,0.0,0.0,0,Anomaly consumer including feature scaling and frozen-threshold decision.,per-observation exclusive interval; no sum-of-percentiles total
logistic_motion_forest_anomaly,warmup,exact_replay_receiver,reject,duplicate_sequence,binary32_adapter,29,0.0,0.0,0.0,0.0,0,Canonical binary32 input adaptation before sender sealing.,per-observation exclusive interval; no sum-of-percentiles total
logistic_motion_forest_anomaly,warmup,exact_replay_receiver,reject,duplicate_sequence,credential_verification,29,0.0,0.0,0.0,0.0,0,Recorded independent credential-verification call(s).,per-observation exclusive interval; no sum-of-percentiles total
logistic_motion_forest_anomaly,warmup,exact_replay_receiver,reject,duplicate_sequence,in_memory_audit_measured,29,0.0638,0.07474,0.076196,0.0767,29,"Recorded audit record/prepare/commit spans, exclusive of their children; not all audit-related overhead and not durable storage.",per-observation exclusive interval; no sum-of-percentiles total
logistic_motion_forest_anomaly,warmup,exact_replay_receiver,reject,duplicate_sequence,local_admission_checks,29,0.0,0.0,0.0,0.0,0,"Measured local authorization/binding/consumption calls, excluding nested credential verification.",per-observation exclusive interval; no sum-of-percentiles total
logistic_motion_forest_anomaly,warmup,exact_replay_receiver,reject,duplicate_sequence,model_input_preprocessing,29,0.0,0.0,0.0,0.0,0,Shared model-input preparation; model-specific normalization remains in consumer timing.,per-observation exclusive interval; no sum-of-percentiles total
logistic_motion_forest_anomaly,warmup,exact_replay_receiver,reject,duplicate_sequence,motion_consumer,29,0.0,0.0,0.0,0.0,0,Motion consumer including normalization/tensor preparation/prediction decoding.,per-observation exclusive interval; no sum-of-percentiles total
logistic_motion_forest_anomaly,warmup,exact_replay_receiver,reject,duplicate_sequence,outer_orchestration_unisolated,29,0.0121,0.014839999999999999,0.017071999999999997,0.0178,29,Direct root/first-post-window remainder outside named child spans.,per-observation exclusive interval; no sum-of-percentiles total
logistic_motion_forest_anomaly,warmup,exact_replay_receiver,reject,duplicate_sequence,receiver_binding_sequence_state_unisolated,29,0.1364,0.16417999999999996,0.22166799999999992,0.2425,29,"Verifier remainder including binding, sequence checks, locks/state publication and observer work; NOT isolated sequence latency.",per-observation exclusive interval; no sum-of-percentiles total
logistic_motion_forest_anomaly,warmup,exact_replay_receiver,reject,duplicate_sequence,receiver_parsing,29,1.9051,2.3159,2.388364,2.4027,29,Envelope and binary parser call.,per-observation exclusive interval; no sum-of-percentiles total
logistic_motion_forest_anomaly,warmup,exact_replay_receiver,reject,duplicate_sequence,receiver_quality_check,29,0.7088,0.8415199999999999,0.9059119999999998,0.9226,29,Verifier quality-check call.,per-observation exclusive interval; no sum-of-percentiles total
logistic_motion_forest_anomaly,warmup,exact_replay_receiver,reject,duplicate_sequence,receiver_window_hmac,29,0.0272,0.03246,0.03660399999999999,0.0382,29,"Recorded verifier window-tag calculation, not complete authentication.",per-observation exclusive interval; no sum-of-percentiles total
logistic_motion_forest_anomaly,warmup,exact_replay_receiver,reject,duplicate_sequence,reconstruction,29,0.0,0.0,0.0,0.0,0,Actual recorded BCH reconstruction; includes any observer/GC delay.,per-observation exclusive interval; no sum-of-percentiles total
logistic_motion_forest_anomaly,warmup,exact_replay_receiver,reject,duplicate_sequence,release_conversion_unisolated,29,0.0,0.0,0.0,0.0,0,Accepted release remainder including conversion/dispatch/observer work outside consumer children.,per-observation exclusive interval; no sum-of-percentiles total
logistic_motion_forest_anomaly,warmup,exact_replay_receiver,reject,duplicate_sequence,sender_binding_unisolated,29,0.0,0.0,0.0,0.0,0,Sender seal remainder: binding/state/orchestration/observer work not separately timed.,per-observation exclusive interval; no sum-of-percentiles total
logistic_motion_forest_anomaly,warmup,exact_replay_receiver,reject,duplicate_sequence,sender_serialization_and_quality,29,0.0,0.0,0.0,0.0,0,Sender serialization including its quality validation; not separately timed.,per-observation exclusive interval; no sum-of-percentiles total
logistic_motion_forest_anomaly,warmup,exact_replay_receiver,reject,duplicate_sequence,sender_window_hmac,29,0.0,0.0,0.0,0.0,0,Recorded window-tag generation call.,per-observation exclusive interval; no sum-of-percentiles total
logistic_motion_forest_anomaly,warmup,exact_replay_receiver,reject,duplicate_sequence,session_establishment_unisolated,29,0.0,0.0,0.0,0.0,0,"Handshake/request/activation remainder, including unseparated HKDF/confirmation work and observer cost.",per-observation exclusive interval; no sum-of-percentiles total
logistic_motion_forest_anomaly,warmup,exact_replay_receiver,reject,duplicate_sequence,simulated_response_read,29,0.0,0.0,0.0,0.0,0,"Modeled response generation, not physical acquisition.",per-observation exclusive interval; no sum-of-percentiles total
logistic_motion_forest_anomaly,warmup,fresh_to_first_window,accept,accepted,admission_orchestration_unisolated,29,0.0609,0.0769,0.08542799999999999,0.0882,29,Admission orchestration remainder not covered by named children.,per-observation exclusive interval; no sum-of-percentiles total
logistic_motion_forest_anomaly,warmup,fresh_to_first_window,accept,accepted,anomaly_consumer,29,7.1413,8.925359999999998,9.34896,9.4261,29,Anomaly consumer including feature scaling and frozen-threshold decision.,per-observation exclusive interval; no sum-of-percentiles total
logistic_motion_forest_anomaly,warmup,fresh_to_first_window,accept,accepted,binary32_adapter,29,1.3806,1.7121599999999997,1.787112,1.7975,29,Canonical binary32 input adaptation before sender sealing.,per-observation exclusive interval; no sum-of-percentiles total
logistic_motion_forest_anomaly,warmup,fresh_to_first_window,accept,accepted,credential_verification,29,0.0624,0.08298,0.086676,0.0876,29,Recorded independent credential-verification call(s).,per-observation exclusive interval; no sum-of-percentiles total
logistic_motion_forest_anomaly,warmup,fresh_to_first_window,accept,accepted,in_memory_audit_measured,29,0.2344,0.2935,0.34687599999999996,0.3674,29,"Recorded audit record/prepare/commit spans, exclusive of their children; not all audit-related overhead and not durable storage.",per-observation exclusive interval; no sum-of-percentiles total
logistic_motion_forest_anomaly,warmup,fresh_to_first_window,accept,accepted,local_admission_checks,29,0.0789,0.09802,0.11249999999999998,0.1181,29,"Measured local authorization/binding/consumption calls, excluding nested credential verification.",per-observation exclusive interval; no sum-of-percentiles total
logistic_motion_forest_anomaly,warmup,fresh_to_first_window,accept,accepted,model_input_preprocessing,29,4.0898,4.73192,4.8554,4.8834,29,Shared model-input preparation; model-specific normalization remains in consumer timing.,per-observation exclusive interval; no sum-of-percentiles total
logistic_motion_forest_anomaly,warmup,fresh_to_first_window,accept,accepted,motion_consumer,29,0.6602,0.81638,0.841228,0.8503,29,Motion consumer including normalization/tensor preparation/prediction decoding.,per-observation exclusive interval; no sum-of-percentiles total
logistic_motion_forest_anomaly,warmup,fresh_to_first_window,accept,accepted,outer_orchestration_unisolated,29,0.1318,0.15892,0.17639999999999997,0.1827,29,Direct root/first-post-window remainder outside named child spans.,per-observation exclusive interval; no sum-of-percentiles total
logistic_motion_forest_anomaly,warmup,fresh_to_first_window,accept,accepted,receiver_binding_sequence_state_unisolated,29,0.0937,0.11879999999999999,0.128632,0.1316,29,"Verifier remainder including binding, sequence checks, locks/state publication and observer work; NOT isolated sequence latency.",per-observation exclusive interval; no sum-of-percentiles total
logistic_motion_forest_anomaly,warmup,fresh_to_first_window,accept,accepted,receiver_parsing,29,1.9885,3.80038,4.0981,4.2024,29,Envelope and binary parser call.,per-observation exclusive interval; no sum-of-percentiles total
logistic_motion_forest_anomaly,warmup,fresh_to_first_window,accept,accepted,receiver_quality_check,29,0.6996,1.0197599999999996,1.1966959999999998,1.2343,29,Verifier quality-check call.,per-observation exclusive interval; no sum-of-percentiles total
logistic_motion_forest_anomaly,warmup,fresh_to_first_window,accept,accepted,receiver_window_hmac,29,0.021,0.027899999999999998,0.029236,0.0296,29,"Recorded verifier window-tag calculation, not complete authentication.",per-observation exclusive interval; no sum-of-percentiles total
logistic_motion_forest_anomaly,warmup,fresh_to_first_window,accept,accepted,reconstruction,29,3.4709,4.797079999999999,4.998384,5.0305,29,Actual recorded BCH reconstruction; includes any observer/GC delay.,per-observation exclusive interval; no sum-of-percentiles total
logistic_motion_forest_anomaly,warmup,fresh_to_first_window,accept,accepted,release_conversion_unisolated,29,0.6119,0.73784,0.751592,0.754,29,Accepted release remainder including conversion/dispatch/observer work outside consumer children.,per-observation exclusive interval; no sum-of-percentiles total
logistic_motion_forest_anomaly,warmup,fresh_to_first_window,accept,accepted,sender_binding_unisolated,29,0.1414,0.19346,0.204532,0.2082,29,Sender seal remainder: binding/state/orchestration/observer work not separately timed.,per-observation exclusive interval; no sum-of-percentiles total
logistic_motion_forest_anomaly,warmup,fresh_to_first_window,accept,accepted,sender_serialization_and_quality,29,1.3169,1.7205399999999995,1.807292,1.8146,29,Sender serialization including its quality validation; not separately timed.,per-observation exclusive interval; no sum-of-percentiles total
logistic_motion_forest_anomaly,warmup,fresh_to_first_window,accept,accepted,sender_window_hmac,29,0.0206,0.03338,0.045347999999999986,0.0498,29,Recorded window-tag generation call.,per-observation exclusive interval; no sum-of-percentiles total
logistic_motion_forest_anomaly,warmup,fresh_to_first_window,accept,accepted,session_establishment_unisolated,29,0.5101,0.7329199999999998,0.8321119999999999,0.8544,29,"Handshake/request/activation remainder, including unseparated HKDF/confirmation work and observer cost.",per-observation exclusive interval; no sum-of-percentiles total
logistic_motion_forest_anomaly,warmup,fresh_to_first_window,accept,accepted,simulated_response_read,29,0.2415,0.28963999999999995,0.3486159999999999,0.369,29,"Modeled response generation, not physical acquisition.",per-observation exclusive interval; no sum-of-percentiles total
logistic_motion_forest_anomaly,warmup,malformed_json_receiver,reject,malformed_message,admission_orchestration_unisolated,29,0.0,0.0,0.0,0.0,0,Admission orchestration remainder not covered by named children.,per-observation exclusive interval; no sum-of-percentiles total
logistic_motion_forest_anomaly,warmup,malformed_json_receiver,reject,malformed_message,anomaly_consumer,29,0.0,0.0,0.0,0.0,0,Anomaly consumer including feature scaling and frozen-threshold decision.,per-observation exclusive interval; no sum-of-percentiles total
logistic_motion_forest_anomaly,warmup,malformed_json_receiver,reject,malformed_message,binary32_adapter,29,0.0,0.0,0.0,0.0,0,Canonical binary32 input adaptation before sender sealing.,per-observation exclusive interval; no sum-of-percentiles total
logistic_motion_forest_anomaly,warmup,malformed_json_receiver,reject,malformed_message,credential_verification,29,0.0,0.0,0.0,0.0,0,Recorded independent credential-verification call(s).,per-observation exclusive interval; no sum-of-percentiles total
logistic_motion_forest_anomaly,warmup,malformed_json_receiver,reject,malformed_message,in_memory_audit_measured,29,0.0515,0.06296,0.067392,0.0691,29,"Recorded audit record/prepare/commit spans, exclusive of their children; not all audit-related overhead and not durable storage.",per-observation exclusive interval; no sum-of-percentiles total
logistic_motion_forest_anomaly,warmup,malformed_json_receiver,reject,malformed_message,local_admission_checks,29,0.0,0.0,0.0,0.0,0,"Measured local authorization/binding/consumption calls, excluding nested credential verification.",per-observation exclusive interval; no sum-of-percentiles total
logistic_motion_forest_anomaly,warmup,malformed_json_receiver,reject,malformed_message,model_input_preprocessing,29,0.0,0.0,0.0,0.0,0,Shared model-input preparation; model-specific normalization remains in consumer timing.,per-observation exclusive interval; no sum-of-percentiles total
logistic_motion_forest_anomaly,warmup,malformed_json_receiver,reject,malformed_message,motion_consumer,29,0.0,0.0,0.0,0.0,0,Motion consumer including normalization/tensor preparation/prediction decoding.,per-observation exclusive interval; no sum-of-percentiles total
logistic_motion_forest_anomaly,warmup,malformed_json_receiver,reject,malformed_message,outer_orchestration_unisolated,29,0.009,0.0109,0.011835999999999998,0.0122,29,Direct root/first-post-window remainder outside named child spans.,per-observation exclusive interval; no sum-of-percentiles total
logistic_motion_forest_anomaly,warmup,malformed_json_receiver,reject,malformed_message,receiver_binding_sequence_state_unisolated,29,0.0463,0.05577999999999999,0.06253199999999999,0.0648,29,"Verifier remainder including binding, sequence checks, locks/state publication and observer work; NOT isolated sequence latency.",per-observation exclusive interval; no sum-of-percentiles total
logistic_motion_forest_anomaly,warmup,malformed_json_receiver,reject,malformed_message,receiver_parsing,29,0.0359,0.04976,0.05394399999999999,0.0554,29,Envelope and binary parser call.,per-observation exclusive interval; no sum-of-percentiles total
logistic_motion_forest_anomaly,warmup,malformed_json_receiver,reject,malformed_message,receiver_quality_check,29,0.0,0.0,0.0,0.0,0,Verifier quality-check call.,per-observation exclusive interval; no sum-of-percentiles total
logistic_motion_forest_anomaly,warmup,malformed_json_receiver,reject,malformed_message,receiver_window_hmac,29,0.0,0.0,0.0,0.0,0,"Recorded verifier window-tag calculation, not complete authentication.",per-observation exclusive interval; no sum-of-percentiles total
logistic_motion_forest_anomaly,warmup,malformed_json_receiver,reject,malformed_message,reconstruction,29,0.0,0.0,0.0,0.0,0,Actual recorded BCH reconstruction; includes any observer/GC delay.,per-observation exclusive interval; no sum-of-percentiles total
logistic_motion_forest_anomaly,warmup,malformed_json_receiver,reject,malformed_message,release_conversion_unisolated,29,0.0,0.0,0.0,0.0,0,Accepted release remainder including conversion/dispatch/observer work outside consumer children.,per-observation exclusive interval; no sum-of-percentiles total
logistic_motion_forest_anomaly,warmup,malformed_json_receiver,reject,malformed_message,sender_binding_unisolated,29,0.0,0.0,0.0,0.0,0,Sender seal remainder: binding/state/orchestration/observer work not separately timed.,per-observation exclusive interval; no sum-of-percentiles total
logistic_motion_forest_anomaly,warmup,malformed_json_receiver,reject,malformed_message,sender_serialization_and_quality,29,0.0,0.0,0.0,0.0,0,Sender serialization including its quality validation; not separately timed.,per-observation exclusive interval; no sum-of-percentiles total
logistic_motion_forest_anomaly,warmup,malformed_json_receiver,reject,malformed_message,sender_window_hmac,29,0.0,0.0,0.0,0.0,0,Recorded window-tag generation call.,per-observation exclusive interval; no sum-of-percentiles total
logistic_motion_forest_anomaly,warmup,malformed_json_receiver,reject,malformed_message,session_establishment_unisolated,29,0.0,0.0,0.0,0.0,0,"Handshake/request/activation remainder, including unseparated HKDF/confirmation work and observer cost.",per-observation exclusive interval; no sum-of-percentiles total
logistic_motion_forest_anomaly,warmup,malformed_json_receiver,reject,malformed_message,simulated_response_read,29,0.0,0.0,0.0,0.0,0,"Modeled response generation, not physical acquisition.",per-observation exclusive interval; no sum-of-percentiles total
logistic_motion_forest_anomaly,warmup,post_window_after_refusals,accept,accepted,admission_orchestration_unisolated,29,0.0,0.0,0.0,0.0,0,Admission orchestration remainder not covered by named children.,per-observation exclusive interval; no sum-of-percentiles total
logistic_motion_forest_anomaly,warmup,post_window_after_refusals,accept,accepted,anomaly_consumer,29,7.1758,9.74946,10.152628,10.3024,29,Anomaly consumer including feature scaling and frozen-threshold decision.,per-observation exclusive interval; no sum-of-percentiles total
logistic_motion_forest_anomaly,warmup,post_window_after_refusals,accept,accepted,binary32_adapter,29,1.2664,1.4702199999999999,1.6132759999999997,1.6513,29,Canonical binary32 input adaptation before sender sealing.,per-observation exclusive interval; no sum-of-percentiles total
logistic_motion_forest_anomaly,warmup,post_window_after_refusals,accept,accepted,credential_verification,29,0.0,0.0,0.0,0.0,0,Recorded independent credential-verification call(s).,per-observation exclusive interval; no sum-of-percentiles total
logistic_motion_forest_anomaly,warmup,post_window_after_refusals,accept,accepted,in_memory_audit_measured,29,0.0879,0.1076,0.11068,0.1118,29,"Recorded audit record/prepare/commit spans, exclusive of their children; not all audit-related overhead and not durable storage.",per-observation exclusive interval; no sum-of-percentiles total
logistic_motion_forest_anomaly,warmup,post_window_after_refusals,accept,accepted,local_admission_checks,29,0.0,0.0,0.0,0.0,0,"Measured local authorization/binding/consumption calls, excluding nested credential verification.",per-observation exclusive interval; no sum-of-percentiles total
logistic_motion_forest_anomaly,warmup,post_window_after_refusals,accept,accepted,model_input_preprocessing,29,4.068,4.86592,6.3017759999999985,6.8571,29,Shared model-input preparation; model-specific normalization remains in consumer timing.,per-observation exclusive interval; no sum-of-percentiles total
logistic_motion_forest_anomaly,warmup,post_window_after_refusals,accept,accepted,motion_consumer,29,0.6505,0.8723799999999999,0.897588,0.8998,29,Motion consumer including normalization/tensor preparation/prediction decoding.,per-observation exclusive interval; no sum-of-percentiles total
logistic_motion_forest_anomaly,warmup,post_window_after_refusals,accept,accepted,outer_orchestration_unisolated,29,0.0934,0.14349999999999996,0.149204,0.1501,29,Direct root/first-post-window remainder outside named child spans.,per-observation exclusive interval; no sum-of-percentiles total
logistic_motion_forest_anomaly,warmup,post_window_after_refusals,accept,accepted,receiver_binding_sequence_state_unisolated,29,0.0931,0.11597999999999999,0.12381999999999999,0.1262,29,"Verifier remainder including binding, sequence checks, locks/state publication and observer work; NOT isolated sequence latency.",per-observation exclusive interval; no sum-of-percentiles total
logistic_motion_forest_anomaly,warmup,post_window_after_refusals,accept,accepted,receiver_parsing,29,1.8062,2.25668,2.3412,2.3734,29,Envelope and binary parser call.,per-observation exclusive interval; no sum-of-percentiles total
logistic_motion_forest_anomaly,warmup,post_window_after_refusals,accept,accepted,receiver_quality_check,29,0.6873,0.8637199999999999,0.886272,0.8905,29,Verifier quality-check call.,per-observation exclusive interval; no sum-of-percentiles total
logistic_motion_forest_anomaly,warmup,post_window_after_refusals,accept,accepted,receiver_window_hmac,29,0.0212,0.028039999999999992,0.030983999999999998,0.0316,29,"Recorded verifier window-tag calculation, not complete authentication.",per-observation exclusive interval; no sum-of-percentiles total
logistic_motion_forest_anomaly,warmup,post_window_after_refusals,accept,accepted,reconstruction,29,0.0,0.0,0.0,0.0,0,Actual recorded BCH reconstruction; includes any observer/GC delay.,per-observation exclusive interval; no sum-of-percentiles total
logistic_motion_forest_anomaly,warmup,post_window_after_refusals,accept,accepted,release_conversion_unisolated,29,0.6175,0.72916,0.763,0.7735,29,Accepted release remainder including conversion/dispatch/observer work outside consumer children.,per-observation exclusive interval; no sum-of-percentiles total
logistic_motion_forest_anomaly,warmup,post_window_after_refusals,accept,accepted,sender_binding_unisolated,29,0.1275,0.15822,0.18231599999999998,0.1908,29,Sender seal remainder: binding/state/orchestration/observer work not separately timed.,per-observation exclusive interval; no sum-of-percentiles total
logistic_motion_forest_anomaly,warmup,post_window_after_refusals,accept,accepted,sender_serialization_and_quality,29,1.2533,1.49568,1.5892959999999998,1.6206,29,Sender serialization including its quality validation; not separately timed.,per-observation exclusive interval; no sum-of-percentiles total
logistic_motion_forest_anomaly,warmup,post_window_after_refusals,accept,accepted,sender_window_hmac,29,0.0257,0.03781999999999999,0.04221199999999999,0.0435,29,Recorded window-tag generation call.,per-observation exclusive interval; no sum-of-percentiles total
logistic_motion_forest_anomaly,warmup,post_window_after_refusals,accept,accepted,session_establishment_unisolated,29,0.0,0.0,0.0,0.0,0,"Handshake/request/activation remainder, including unseparated HKDF/confirmation work and observer cost.",per-observation exclusive interval; no sum-of-percentiles total
logistic_motion_forest_anomaly,warmup,post_window_after_refusals,accept,accepted,simulated_response_read,29,0.0,0.0,0.0,0.0,0,"Modeled response generation, not physical acquisition.",per-observation exclusive interval; no sum-of-percentiles total
logistic_motion_forest_anomaly,warmup,post_window_recurring,accept,accepted,admission_orchestration_unisolated,29,0.0,0.0,0.0,0.0,0,Admission orchestration remainder not covered by named children.,per-observation exclusive interval; no sum-of-percentiles total
logistic_motion_forest_anomaly,warmup,post_window_recurring,accept,accepted,anomaly_consumer,29,7.1216,8.672599999999997,9.312016,9.4626,29,Anomaly consumer including feature scaling and frozen-threshold decision.,per-observation exclusive interval; no sum-of-percentiles total
logistic_motion_forest_anomaly,warmup,post_window_recurring,accept,accepted,binary32_adapter,29,1.2836,1.4866399999999997,1.6139679999999998,1.6495,29,Canonical binary32 input adaptation before sender sealing.,per-observation exclusive interval; no sum-of-percentiles total
logistic_motion_forest_anomaly,warmup,post_window_recurring,accept,accepted,credential_verification,29,0.0,0.0,0.0,0.0,0,Recorded independent credential-verification call(s).,per-observation exclusive interval; no sum-of-percentiles total
logistic_motion_forest_anomaly,warmup,post_window_recurring,accept,accepted,in_memory_audit_measured,29,0.1085,0.13226,0.134876,0.1358,29,"Recorded audit record/prepare/commit spans, exclusive of their children; not all audit-related overhead and not durable storage.",per-observation exclusive interval; no sum-of-percentiles total
logistic_motion_forest_anomaly,warmup,post_window_recurring,accept,accepted,local_admission_checks,29,0.0,0.0,0.0,0.0,0,"Measured local authorization/binding/consumption calls, excluding nested credential verification.",per-observation exclusive interval; no sum-of-percentiles total
logistic_motion_forest_anomaly,warmup,post_window_recurring,accept,accepted,model_input_preprocessing,29,4.0614,4.83596,4.943592,4.9656,29,Shared model-input preparation; model-specific normalization remains in consumer timing.,per-observation exclusive interval; no sum-of-percentiles total
logistic_motion_forest_anomaly,warmup,post_window_recurring,accept,accepted,motion_consumer,29,0.6559,0.8106599999999999,0.8921399999999999,0.9172,29,Motion consumer including normalization/tensor preparation/prediction decoding.,per-observation exclusive interval; no sum-of-percentiles total
logistic_motion_forest_anomaly,warmup,post_window_recurring,accept,accepted,outer_orchestration_unisolated,29,0.1001,0.14607999999999996,0.15216,0.153,29,Direct root/first-post-window remainder outside named child spans.,per-observation exclusive interval; no sum-of-percentiles total
logistic_motion_forest_anomaly,warmup,post_window_recurring,accept,accepted,receiver_binding_sequence_state_unisolated,29,0.0967,0.1184,0.12028,0.1207,29,"Verifier remainder including binding, sequence checks, locks/state publication and observer work; NOT isolated sequence latency.",per-observation exclusive interval; no sum-of-percentiles total
logistic_motion_forest_anomaly,warmup,post_window_recurring,accept,accepted,receiver_parsing,29,1.9069,5.46952,216.99385599999968,299.22,29,Envelope and binary parser call.,per-observation exclusive interval; no sum-of-percentiles total
logistic_motion_forest_anomaly,warmup,post_window_recurring,accept,accepted,receiver_quality_check,29,0.6868,0.7908,0.8833039999999999,0.9157,29,Verifier quality-check call.,per-observation exclusive interval; no sum-of-percentiles total
logistic_motion_forest_anomaly,warmup,post_window_recurring,accept,accepted,receiver_window_hmac,29,0.0223,0.03418,0.040459999999999996,0.0427,29,"Recorded verifier window-tag calculation, not complete authentication.",per-observation exclusive interval; no sum-of-percentiles total
logistic_motion_forest_anomaly,warmup,post_window_recurring,accept,accepted,reconstruction,29,0.0,0.0,0.0,0.0,0,Actual recorded BCH reconstruction; includes any observer/GC delay.,per-observation exclusive interval; no sum-of-percentiles total
logistic_motion_forest_anomaly,warmup,post_window_recurring,accept,accepted,release_conversion_unisolated,29,0.5945,0.72414,0.755852,0.7675,29,Accepted release remainder including conversion/dispatch/observer work outside consumer children.,per-observation exclusive interval; no sum-of-percentiles total
logistic_motion_forest_anomaly,warmup,post_window_recurring,accept,accepted,sender_binding_unisolated,29,0.1453,0.18158,0.183988,0.1841,29,Sender seal remainder: binding/state/orchestration/observer work not separately timed.,per-observation exclusive interval; no sum-of-percentiles total
logistic_motion_forest_anomaly,warmup,post_window_recurring,accept,accepted,sender_serialization_and_quality,29,1.2768,1.4384399999999997,1.6507279999999998,1.7221,29,Sender serialization including its quality validation; not separately timed.,per-observation exclusive interval; no sum-of-percentiles total
logistic_motion_forest_anomaly,warmup,post_window_recurring,accept,accepted,sender_window_hmac,29,0.0271,0.03567999999999999,0.1608159999999998,0.2092,29,Recorded window-tag generation call.,per-observation exclusive interval; no sum-of-percentiles total
logistic_motion_forest_anomaly,warmup,post_window_recurring,accept,accepted,session_establishment_unisolated,29,0.0,0.0,0.0,0.0,0,"Handshake/request/activation remainder, including unseparated HKDF/confirmation work and observer cost.",per-observation exclusive interval; no sum-of-percentiles total
logistic_motion_forest_anomaly,warmup,post_window_recurring,accept,accepted,simulated_response_read,29,0.0,0.0,0.0,0.0,0,"Modeled response generation, not physical acquisition.",per-observation exclusive interval; no sum-of-percentiles total
logistic_motion_forest_anomaly,warmup,pre_tag_quality_refusal,reject,data_quality_failure,admission_orchestration_unisolated,29,0.0,0.0,0.0,0.0,0,Admission orchestration remainder not covered by named children.,per-observation exclusive interval; no sum-of-percentiles total
logistic_motion_forest_anomaly,warmup,pre_tag_quality_refusal,reject,data_quality_failure,anomaly_consumer,29,0.0,0.0,0.0,0.0,0,Anomaly consumer including feature scaling and frozen-threshold decision.,per-observation exclusive interval; no sum-of-percentiles total
logistic_motion_forest_anomaly,warmup,pre_tag_quality_refusal,reject,data_quality_failure,binary32_adapter,29,1.2816,1.45762,1.5880519999999998,1.6333,29,Canonical binary32 input adaptation before sender sealing.,per-observation exclusive interval; no sum-of-percentiles total
logistic_motion_forest_anomaly,warmup,pre_tag_quality_refusal,reject,data_quality_failure,credential_verification,29,0.0,0.0,0.0,0.0,0,Recorded independent credential-verification call(s).,per-observation exclusive interval; no sum-of-percentiles total
logistic_motion_forest_anomaly,warmup,pre_tag_quality_refusal,reject,data_quality_failure,in_memory_audit_measured,29,0.0537,0.06752,0.068432,0.0686,29,"Recorded audit record/prepare/commit spans, exclusive of their children; not all audit-related overhead and not durable storage.",per-observation exclusive interval; no sum-of-percentiles total
logistic_motion_forest_anomaly,warmup,pre_tag_quality_refusal,reject,data_quality_failure,local_admission_checks,29,0.0,0.0,0.0,0.0,0,"Measured local authorization/binding/consumption calls, excluding nested credential verification.",per-observation exclusive interval; no sum-of-percentiles total
logistic_motion_forest_anomaly,warmup,pre_tag_quality_refusal,reject,data_quality_failure,model_input_preprocessing,29,0.0,0.0,0.0,0.0,0,Shared model-input preparation; model-specific normalization remains in consumer timing.,per-observation exclusive interval; no sum-of-percentiles total
logistic_motion_forest_anomaly,warmup,pre_tag_quality_refusal,reject,data_quality_failure,motion_consumer,29,0.0,0.0,0.0,0.0,0,Motion consumer including normalization/tensor preparation/prediction decoding.,per-observation exclusive interval; no sum-of-percentiles total
logistic_motion_forest_anomaly,warmup,pre_tag_quality_refusal,reject,data_quality_failure,outer_orchestration_unisolated,29,0.0557,0.06608,0.067072,0.0671,29,Direct root/first-post-window remainder outside named child spans.,per-observation exclusive interval; no sum-of-percentiles total
logistic_motion_forest_anomaly,warmup,pre_tag_quality_refusal,reject,data_quality_failure,receiver_binding_sequence_state_unisolated,29,0.0,0.0,0.0,0.0,0,"Verifier remainder including binding, sequence checks, locks/state publication and observer work; NOT isolated sequence latency.",per-observation exclusive interval; no sum-of-percentiles total
logistic_motion_forest_anomaly,warmup,pre_tag_quality_refusal,reject,data_quality_failure,receiver_parsing,29,0.0,0.0,0.0,0.0,0,Envelope and binary parser call.,per-observation exclusive interval; no sum-of-percentiles total
logistic_motion_forest_anomaly,warmup,pre_tag_quality_refusal,reject,data_quality_failure,receiver_quality_check,29,0.0,0.0,0.0,0.0,0,Verifier quality-check call.,per-observation exclusive interval; no sum-of-percentiles total
logistic_motion_forest_anomaly,warmup,pre_tag_quality_refusal,reject,data_quality_failure,receiver_window_hmac,29,0.0,0.0,0.0,0.0,0,"Recorded verifier window-tag calculation, not complete authentication.",per-observation exclusive interval; no sum-of-percentiles total
logistic_motion_forest_anomaly,warmup,pre_tag_quality_refusal,reject,data_quality_failure,reconstruction,29,0.0,0.0,0.0,0.0,0,Actual recorded BCH reconstruction; includes any observer/GC delay.,per-observation exclusive interval; no sum-of-percentiles total
logistic_motion_forest_anomaly,warmup,pre_tag_quality_refusal,reject,data_quality_failure,release_conversion_unisolated,29,0.0,0.0,0.0,0.0,0,Accepted release remainder including conversion/dispatch/observer work outside consumer children.,per-observation exclusive interval; no sum-of-percentiles total
logistic_motion_forest_anomaly,warmup,pre_tag_quality_refusal,reject,data_quality_failure,sender_binding_unisolated,29,0.0772,0.09566,0.097356,0.098,29,Sender seal remainder: binding/state/orchestration/observer work not separately timed.,per-observation exclusive interval; no sum-of-percentiles total
logistic_motion_forest_anomaly,warmup,pre_tag_quality_refusal,reject,data_quality_failure,sender_serialization_and_quality,29,0.571,0.67432,0.7322319999999999,0.7506,29,Sender serialization including its quality validation; not separately timed.,per-observation exclusive interval; no sum-of-percentiles total
logistic_motion_forest_anomaly,warmup,pre_tag_quality_refusal,reject,data_quality_failure,sender_window_hmac,29,0.0,0.0,0.0,0.0,0,Recorded window-tag generation call.,per-observation exclusive interval; no sum-of-percentiles total
logistic_motion_forest_anomaly,warmup,pre_tag_quality_refusal,reject,data_quality_failure,session_establishment_unisolated,29,0.0,0.0,0.0,0.0,0,"Handshake/request/activation remainder, including unseparated HKDF/confirmation work and observer cost.",per-observation exclusive interval; no sum-of-percentiles total
logistic_motion_forest_anomaly,warmup,pre_tag_quality_refusal,reject,data_quality_failure,simulated_response_read,29,0.0,0.0,0.0,0.0,0,"Modeled response generation, not physical acquisition.",per-observation exclusive interval; no sum-of-percentiles total
logistic_motion_forest_anomaly,warmup,valid_receiver_after_bad_tag,accept,accepted,admission_orchestration_unisolated,29,0.0,0.0,0.0,0.0,0,Admission orchestration remainder not covered by named children.,per-observation exclusive interval; no sum-of-percentiles total
logistic_motion_forest_anomaly,warmup,valid_receiver_after_bad_tag,accept,accepted,anomaly_consumer,29,7.0831,8.6499,8.785988,8.8309,29,Anomaly consumer including feature scaling and frozen-threshold decision.,per-observation exclusive interval; no sum-of-percentiles total
logistic_motion_forest_anomaly,warmup,valid_receiver_after_bad_tag,accept,accepted,binary32_adapter,29,0.0,0.0,0.0,0.0,0,Canonical binary32 input adaptation before sender sealing.,per-observation exclusive interval; no sum-of-percentiles total
logistic_motion_forest_anomaly,warmup,valid_receiver_after_bad_tag,accept,accepted,credential_verification,29,0.0,0.0,0.0,0.0,0,Recorded independent credential-verification call(s).,per-observation exclusive interval; no sum-of-percentiles total
logistic_motion_forest_anomaly,warmup,valid_receiver_after_bad_tag,accept,accepted,in_memory_audit_measured,29,0.0462,0.06345999999999999,0.08245999999999998,0.0889,29,"Recorded audit record/prepare/commit spans, exclusive of their children; not all audit-related overhead and not durable storage.",per-observation exclusive interval; no sum-of-percentiles total
logistic_motion_forest_anomaly,warmup,valid_receiver_after_bad_tag,accept,accepted,local_admission_checks,29,0.0,0.0,0.0,0.0,0,"Measured local authorization/binding/consumption calls, excluding nested credential verification.",per-observation exclusive interval; no sum-of-percentiles total
logistic_motion_forest_anomaly,warmup,valid_receiver_after_bad_tag,accept,accepted,model_input_preprocessing,29,3.9715,4.72864,4.898408,4.9331,29,Shared model-input preparation; model-specific normalization remains in consumer timing.,per-observation exclusive interval; no sum-of-percentiles total
logistic_motion_forest_anomaly,warmup,valid_receiver_after_bad_tag,accept,accepted,motion_consumer,29,0.6395,0.79456,0.812184,0.817,29,Motion consumer including normalization/tensor preparation/prediction decoding.,per-observation exclusive interval; no sum-of-percentiles total
logistic_motion_forest_anomaly,warmup,valid_receiver_after_bad_tag,accept,accepted,outer_orchestration_unisolated,29,0.0229,0.02792,0.028416,0.0285,29,Direct root/first-post-window remainder outside named child spans.,per-observation exclusive interval; no sum-of-percentiles total
logistic_motion_forest_anomaly,warmup,valid_receiver_after_bad_tag,accept,accepted,receiver_binding_sequence_state_unisolated,29,0.0945,0.11509999999999998,0.16153999999999993,0.1789,29,"Verifier remainder including binding, sequence checks, locks/state publication and observer work; NOT isolated sequence latency.",per-observation exclusive interval; no sum-of-percentiles total
logistic_motion_forest_anomaly,warmup,valid_receiver_after_bad_tag,accept,accepted,receiver_parsing,29,1.6453,2.0897799999999997,2.213604,2.2418,29,Envelope and binary parser call.,per-observation exclusive interval; no sum-of-percentiles total
logistic_motion_forest_anomaly,warmup,valid_receiver_after_bad_tag,accept,accepted,receiver_quality_check,29,0.6888,0.8761999999999998,0.9746959999999999,0.9976,29,Verifier quality-check call.,per-observation exclusive interval; no sum-of-percentiles total
logistic_motion_forest_anomaly,warmup,valid_receiver_after_bad_tag,accept,accepted,receiver_window_hmac,29,0.0193,0.028239999999999984,0.030872,0.0309,29,"Recorded verifier window-tag calculation, not complete authentication.",per-observation exclusive interval; no sum-of-percentiles total
logistic_motion_forest_anomaly,warmup,valid_receiver_after_bad_tag,accept,accepted,reconstruction,29,0.0,0.0,0.0,0.0,0,Actual recorded BCH reconstruction; includes any observer/GC delay.,per-observation exclusive interval; no sum-of-percentiles total
logistic_motion_forest_anomaly,warmup,valid_receiver_after_bad_tag,accept,accepted,release_conversion_unisolated,29,0.6053,0.8249799999999999,0.878996,0.89,29,Accepted release remainder including conversion/dispatch/observer work outside consumer children.,per-observation exclusive interval; no sum-of-percentiles total
logistic_motion_forest_anomaly,warmup,valid_receiver_after_bad_tag,accept,accepted,sender_binding_unisolated,29,0.0,0.0,0.0,0.0,0,Sender seal remainder: binding/state/orchestration/observer work not separately timed.,per-observation exclusive interval; no sum-of-percentiles total
logistic_motion_forest_anomaly,warmup,valid_receiver_after_bad_tag,accept,accepted,sender_serialization_and_quality,29,0.0,0.0,0.0,0.0,0,Sender serialization including its quality validation; not separately timed.,per-observation exclusive interval; no sum-of-percentiles total
logistic_motion_forest_anomaly,warmup,valid_receiver_after_bad_tag,accept,accepted,sender_window_hmac,29,0.0,0.0,0.0,0.0,0,Recorded window-tag generation call.,per-observation exclusive interval; no sum-of-percentiles total
logistic_motion_forest_anomaly,warmup,valid_receiver_after_bad_tag,accept,accepted,session_establishment_unisolated,29,0.0,0.0,0.0,0.0,0,"Handshake/request/activation remainder, including unseparated HKDF/confirmation work and observer cost.",per-observation exclusive interval; no sum-of-percentiles total
logistic_motion_forest_anomaly,warmup,valid_receiver_after_bad_tag,accept,accepted,simulated_response_read,29,0.0,0.0,0.0,0.0,0,"Modeled response generation, not physical acquisition.",per-observation exclusive interval; no sum-of-percentiles total
logistic_motion_logistic_anomaly,condition_first_use,bad_tag_receiver,reject,invalid_tag,admission_orchestration_unisolated,1,0.0,0.0,0.0,0.0,0,Admission orchestration remainder not covered by named children.,per-observation exclusive interval; no sum-of-percentiles total
logistic_motion_logistic_anomaly,condition_first_use,bad_tag_receiver,reject,invalid_tag,anomaly_consumer,1,0.0,0.0,0.0,0.0,0,Anomaly consumer including feature scaling and frozen-threshold decision.,per-observation exclusive interval; no sum-of-percentiles total
logistic_motion_logistic_anomaly,condition_first_use,bad_tag_receiver,reject,invalid_tag,binary32_adapter,1,0.0,0.0,0.0,0.0,0,Canonical binary32 input adaptation before sender sealing.,per-observation exclusive interval; no sum-of-percentiles total
logistic_motion_logistic_anomaly,condition_first_use,bad_tag_receiver,reject,invalid_tag,credential_verification,1,0.0,0.0,0.0,0.0,0,Recorded independent credential-verification call(s).,per-observation exclusive interval; no sum-of-percentiles total
logistic_motion_logistic_anomaly,condition_first_use,bad_tag_receiver,reject,invalid_tag,in_memory_audit_measured,1,0.0305,0.0305,0.0305,0.0305,1,"Recorded audit record/prepare/commit spans, exclusive of their children; not all audit-related overhead and not durable storage.",per-observation exclusive interval; no sum-of-percentiles total
logistic_motion_logistic_anomaly,condition_first_use,bad_tag_receiver,reject,invalid_tag,local_admission_checks,1,0.0,0.0,0.0,0.0,0,"Measured local authorization/binding/consumption calls, excluding nested credential verification.",per-observation exclusive interval; no sum-of-percentiles total
logistic_motion_logistic_anomaly,condition_first_use,bad_tag_receiver,reject,invalid_tag,model_input_preprocessing,1,0.0,0.0,0.0,0.0,0,Shared model-input preparation; model-specific normalization remains in consumer timing.,per-observation exclusive interval; no sum-of-percentiles total
logistic_motion_logistic_anomaly,condition_first_use,bad_tag_receiver,reject,invalid_tag,motion_consumer,1,0.0,0.0,0.0,0.0,0,Motion consumer including normalization/tensor preparation/prediction decoding.,per-observation exclusive interval; no sum-of-percentiles total
logistic_motion_logistic_anomaly,condition_first_use,bad_tag_receiver,reject,invalid_tag,outer_orchestration_unisolated,1,0.0092,0.0092,0.0092,0.0092,1,Direct root/first-post-window remainder outside named child spans.,per-observation exclusive interval; no sum-of-percentiles total
logistic_motion_logistic_anomaly,condition_first_use,bad_tag_receiver,reject,invalid_tag,receiver_binding_sequence_state_unisolated,1,0.0778,0.0778,0.0778,0.0778,1,"Verifier remainder including binding, sequence checks, locks/state publication and observer work; NOT isolated sequence latency.",per-observation exclusive interval; no sum-of-percentiles total
logistic_motion_logistic_anomaly,condition_first_use,bad_tag_receiver,reject,invalid_tag,receiver_parsing,1,1.2386,1.2386,1.2386,1.2386,1,Envelope and binary parser call.,per-observation exclusive interval; no sum-of-percentiles total
logistic_motion_logistic_anomaly,condition_first_use,bad_tag_receiver,reject,invalid_tag,receiver_quality_check,1,0.0,0.0,0.0,0.0,0,Verifier quality-check call.,per-observation exclusive interval; no sum-of-percentiles total
logistic_motion_logistic_anomaly,condition_first_use,bad_tag_receiver,reject,invalid_tag,receiver_window_hmac,1,0.0165,0.0165,0.0165,0.0165,1,"Recorded verifier window-tag calculation, not complete authentication.",per-observation exclusive interval; no sum-of-percentiles total
logistic_motion_logistic_anomaly,condition_first_use,bad_tag_receiver,reject,invalid_tag,reconstruction,1,0.0,0.0,0.0,0.0,0,Actual recorded BCH reconstruction; includes any observer/GC delay.,per-observation exclusive interval; no sum-of-percentiles total
logistic_motion_logistic_anomaly,condition_first_use,bad_tag_receiver,reject,invalid_tag,release_conversion_unisolated,1,0.0,0.0,0.0,0.0,0,Accepted release remainder including conversion/dispatch/observer work outside consumer children.,per-observation exclusive interval; no sum-of-percentiles total
logistic_motion_logistic_anomaly,condition_first_use,bad_tag_receiver,reject,invalid_tag,sender_binding_unisolated,1,0.0,0.0,0.0,0.0,0,Sender seal remainder: binding/state/orchestration/observer work not separately timed.,per-observation exclusive interval; no sum-of-percentiles total
logistic_motion_logistic_anomaly,condition_first_use,bad_tag_receiver,reject,invalid_tag,sender_serialization_and_quality,1,0.0,0.0,0.0,0.0,0,Sender serialization including its quality validation; not separately timed.,per-observation exclusive interval; no sum-of-percentiles total
logistic_motion_logistic_anomaly,condition_first_use,bad_tag_receiver,reject,invalid_tag,sender_window_hmac,1,0.0,0.0,0.0,0.0,0,Recorded window-tag generation call.,per-observation exclusive interval; no sum-of-percentiles total
logistic_motion_logistic_anomaly,condition_first_use,bad_tag_receiver,reject,invalid_tag,session_establishment_unisolated,1,0.0,0.0,0.0,0.0,0,"Handshake/request/activation remainder, including unseparated HKDF/confirmation work and observer cost.",per-observation exclusive interval; no sum-of-percentiles total
logistic_motion_logistic_anomaly,condition_first_use,bad_tag_receiver,reject,invalid_tag,simulated_response_read,1,0.0,0.0,0.0,0.0,0,"Modeled response generation, not physical acquisition.",per-observation exclusive interval; no sum-of-percentiles total
logistic_motion_logistic_anomaly,condition_first_use,exact_replay_receiver,reject,duplicate_sequence,admission_orchestration_unisolated,1,0.0,0.0,0.0,0.0,0,Admission orchestration remainder not covered by named children.,per-observation exclusive interval; no sum-of-percentiles total
logistic_motion_logistic_anomaly,condition_first_use,exact_replay_receiver,reject,duplicate_sequence,anomaly_consumer,1,0.0,0.0,0.0,0.0,0,Anomaly consumer including feature scaling and frozen-threshold decision.,per-observation exclusive interval; no sum-of-percentiles total
logistic_motion_logistic_anomaly,condition_first_use,exact_replay_receiver,reject,duplicate_sequence,binary32_adapter,1,0.0,0.0,0.0,0.0,0,Canonical binary32 input adaptation before sender sealing.,per-observation exclusive interval; no sum-of-percentiles total
logistic_motion_logistic_anomaly,condition_first_use,exact_replay_receiver,reject,duplicate_sequence,credential_verification,1,0.0,0.0,0.0,0.0,0,Recorded independent credential-verification call(s).,per-observation exclusive interval; no sum-of-percentiles total
logistic_motion_logistic_anomaly,condition_first_use,exact_replay_receiver,reject,duplicate_sequence,in_memory_audit_measured,1,0.0364,0.0364,0.0364,0.0364,1,"Recorded audit record/prepare/commit spans, exclusive of their children; not all audit-related overhead and not durable storage.",per-observation exclusive interval; no sum-of-percentiles total
logistic_motion_logistic_anomaly,condition_first_use,exact_replay_receiver,reject,duplicate_sequence,local_admission_checks,1,0.0,0.0,0.0,0.0,0,"Measured local authorization/binding/consumption calls, excluding nested credential verification.",per-observation exclusive interval; no sum-of-percentiles total
logistic_motion_logistic_anomaly,condition_first_use,exact_replay_receiver,reject,duplicate_sequence,model_input_preprocessing,1,0.0,0.0,0.0,0.0,0,Shared model-input preparation; model-specific normalization remains in consumer timing.,per-observation exclusive interval; no sum-of-percentiles total
logistic_motion_logistic_anomaly,condition_first_use,exact_replay_receiver,reject,duplicate_sequence,motion_consumer,1,0.0,0.0,0.0,0.0,0,Motion consumer including normalization/tensor preparation/prediction decoding.,per-observation exclusive interval; no sum-of-percentiles total
logistic_motion_logistic_anomaly,condition_first_use,exact_replay_receiver,reject,duplicate_sequence,outer_orchestration_unisolated,1,0.0085,0.0085,0.0085,0.0085,1,Direct root/first-post-window remainder outside named child spans.,per-observation exclusive interval; no sum-of-percentiles total
logistic_motion_logistic_anomaly,condition_first_use,exact_replay_receiver,reject,duplicate_sequence,receiver_binding_sequence_state_unisolated,1,0.0899,0.0899,0.0899,0.0899,1,"Verifier remainder including binding, sequence checks, locks/state publication and observer work; NOT isolated sequence latency.",per-observation exclusive interval; no sum-of-percentiles total
logistic_motion_logistic_anomaly,condition_first_use,exact_replay_receiver,reject,duplicate_sequence,receiver_parsing,1,1.2509,1.2509,1.2509,1.2509,1,Envelope and binary parser call.,per-observation exclusive interval; no sum-of-percentiles total
logistic_motion_logistic_anomaly,condition_first_use,exact_replay_receiver,reject,duplicate_sequence,receiver_quality_check,1,0.5358,0.5358,0.5358,0.5358,1,Verifier quality-check call.,per-observation exclusive interval; no sum-of-percentiles total
logistic_motion_logistic_anomaly,condition_first_use,exact_replay_receiver,reject,duplicate_sequence,receiver_window_hmac,1,0.0153,0.0153,0.0153,0.0153,1,"Recorded verifier window-tag calculation, not complete authentication.",per-observation exclusive interval; no sum-of-percentiles total
logistic_motion_logistic_anomaly,condition_first_use,exact_replay_receiver,reject,duplicate_sequence,reconstruction,1,0.0,0.0,0.0,0.0,0,Actual recorded BCH reconstruction; includes any observer/GC delay.,per-observation exclusive interval; no sum-of-percentiles total
logistic_motion_logistic_anomaly,condition_first_use,exact_replay_receiver,reject,duplicate_sequence,release_conversion_unisolated,1,0.0,0.0,0.0,0.0,0,Accepted release remainder including conversion/dispatch/observer work outside consumer children.,per-observation exclusive interval; no sum-of-percentiles total
logistic_motion_logistic_anomaly,condition_first_use,exact_replay_receiver,reject,duplicate_sequence,sender_binding_unisolated,1,0.0,0.0,0.0,0.0,0,Sender seal remainder: binding/state/orchestration/observer work not separately timed.,per-observation exclusive interval; no sum-of-percentiles total
logistic_motion_logistic_anomaly,condition_first_use,exact_replay_receiver,reject,duplicate_sequence,sender_serialization_and_quality,1,0.0,0.0,0.0,0.0,0,Sender serialization including its quality validation; not separately timed.,per-observation exclusive interval; no sum-of-percentiles total
logistic_motion_logistic_anomaly,condition_first_use,exact_replay_receiver,reject,duplicate_sequence,sender_window_hmac,1,0.0,0.0,0.0,0.0,0,Recorded window-tag generation call.,per-observation exclusive interval; no sum-of-percentiles total
logistic_motion_logistic_anomaly,condition_first_use,exact_replay_receiver,reject,duplicate_sequence,session_establishment_unisolated,1,0.0,0.0,0.0,0.0,0,"Handshake/request/activation remainder, including unseparated HKDF/confirmation work and observer cost.",per-observation exclusive interval; no sum-of-percentiles total
logistic_motion_logistic_anomaly,condition_first_use,exact_replay_receiver,reject,duplicate_sequence,simulated_response_read,1,0.0,0.0,0.0,0.0,0,"Modeled response generation, not physical acquisition.",per-observation exclusive interval; no sum-of-percentiles total
logistic_motion_logistic_anomaly,condition_first_use,fresh_to_first_window,accept,accepted,admission_orchestration_unisolated,1,0.0694,0.0694,0.0694,0.0694,1,Admission orchestration remainder not covered by named children.,per-observation exclusive interval; no sum-of-percentiles total
logistic_motion_logistic_anomaly,condition_first_use,fresh_to_first_window,accept,accepted,anomaly_consumer,1,0.4864,0.4864,0.4864,0.4864,1,Anomaly consumer including feature scaling and frozen-threshold decision.,per-observation exclusive interval; no sum-of-percentiles total
logistic_motion_logistic_anomaly,condition_first_use,fresh_to_first_window,accept,accepted,binary32_adapter,1,3.6141,3.6141,3.6141,3.6141,1,Canonical binary32 input adaptation before sender sealing.,per-observation exclusive interval; no sum-of-percentiles total
logistic_motion_logistic_anomaly,condition_first_use,fresh_to_first_window,accept,accepted,credential_verification,1,0.0728,0.0728,0.0728,0.0728,1,Recorded independent credential-verification call(s).,per-observation exclusive interval; no sum-of-percentiles total
logistic_motion_logistic_anomaly,condition_first_use,fresh_to_first_window,accept,accepted,in_memory_audit_measured,1,0.2651,0.2651,0.2651,0.2651,1,"Recorded audit record/prepare/commit spans, exclusive of their children; not all audit-related overhead and not durable storage.",per-observation exclusive interval; no sum-of-percentiles total
logistic_motion_logistic_anomaly,condition_first_use,fresh_to_first_window,accept,accepted,local_admission_checks,1,0.1255,0.1255,0.1255,0.1255,1,"Measured local authorization/binding/consumption calls, excluding nested credential verification.",per-observation exclusive interval; no sum-of-percentiles total
logistic_motion_logistic_anomaly,condition_first_use,fresh_to_first_window,accept,accepted,model_input_preprocessing,1,3.2657,3.2657,3.2657,3.2657,1,Shared model-input preparation; model-specific normalization remains in consumer timing.,per-observation exclusive interval; no sum-of-percentiles total
logistic_motion_logistic_anomaly,condition_first_use,fresh_to_first_window,accept,accepted,motion_consumer,1,5.4629,5.4629,5.4629,5.4629,1,Motion consumer including normalization/tensor preparation/prediction decoding.,per-observation exclusive interval; no sum-of-percentiles total
logistic_motion_logistic_anomaly,condition_first_use,fresh_to_first_window,accept,accepted,outer_orchestration_unisolated,1,0.1204,0.1204,0.1204,0.1204,1,Direct root/first-post-window remainder outside named child spans.,per-observation exclusive interval; no sum-of-percentiles total
logistic_motion_logistic_anomaly,condition_first_use,fresh_to_first_window,accept,accepted,receiver_binding_sequence_state_unisolated,1,0.0956,0.0956,0.0956,0.0956,1,"Verifier remainder including binding, sequence checks, locks/state publication and observer work; NOT isolated sequence latency.",per-observation exclusive interval; no sum-of-percentiles total
logistic_motion_logistic_anomaly,condition_first_use,fresh_to_first_window,accept,accepted,receiver_parsing,1,1.5294,1.5294,1.5294,1.5294,1,Envelope and binary parser call.,per-observation exclusive interval; no sum-of-percentiles total
logistic_motion_logistic_anomaly,condition_first_use,fresh_to_first_window,accept,accepted,receiver_quality_check,1,0.5243,0.5243,0.5243,0.5243,1,Verifier quality-check call.,per-observation exclusive interval; no sum-of-percentiles total
logistic_motion_logistic_anomaly,condition_first_use,fresh_to_first_window,accept,accepted,receiver_window_hmac,1,0.0182,0.0182,0.0182,0.0182,1,"Recorded verifier window-tag calculation, not complete authentication.",per-observation exclusive interval; no sum-of-percentiles total
logistic_motion_logistic_anomaly,condition_first_use,fresh_to_first_window,accept,accepted,reconstruction,1,3024.0642,3024.0642,3024.0642,3024.0642,1,Actual recorded BCH reconstruction; includes any observer/GC delay.,per-observation exclusive interval; no sum-of-percentiles total
logistic_motion_logistic_anomaly,condition_first_use,fresh_to_first_window,accept,accepted,release_conversion_unisolated,1,0.4567,0.4567,0.4567,0.4567,1,Accepted release remainder including conversion/dispatch/observer work outside consumer children.,per-observation exclusive interval; no sum-of-percentiles total
logistic_motion_logistic_anomaly,condition_first_use,fresh_to_first_window,accept,accepted,sender_binding_unisolated,1,0.1592,0.1592,0.1592,0.1592,1,Sender seal remainder: binding/state/orchestration/observer work not separately timed.,per-observation exclusive interval; no sum-of-percentiles total
logistic_motion_logistic_anomaly,condition_first_use,fresh_to_first_window,accept,accepted,sender_serialization_and_quality,1,0.9797,0.9797,0.9797,0.9797,1,Sender serialization including its quality validation; not separately timed.,per-observation exclusive interval; no sum-of-percentiles total
logistic_motion_logistic_anomaly,condition_first_use,fresh_to_first_window,accept,accepted,sender_window_hmac,1,0.0191,0.0191,0.0191,0.0191,1,Recorded window-tag generation call.,per-observation exclusive interval; no sum-of-percentiles total
logistic_motion_logistic_anomaly,condition_first_use,fresh_to_first_window,accept,accepted,session_establishment_unisolated,1,0.5792,0.5792,0.5792,0.5792,1,"Handshake/request/activation remainder, including unseparated HKDF/confirmation work and observer cost.",per-observation exclusive interval; no sum-of-percentiles total
logistic_motion_logistic_anomaly,condition_first_use,fresh_to_first_window,accept,accepted,simulated_response_read,1,0.141,0.141,0.141,0.141,1,"Modeled response generation, not physical acquisition.",per-observation exclusive interval; no sum-of-percentiles total
logistic_motion_logistic_anomaly,condition_first_use,malformed_json_receiver,reject,malformed_message,admission_orchestration_unisolated,1,0.0,0.0,0.0,0.0,0,Admission orchestration remainder not covered by named children.,per-observation exclusive interval; no sum-of-percentiles total
logistic_motion_logistic_anomaly,condition_first_use,malformed_json_receiver,reject,malformed_message,anomaly_consumer,1,0.0,0.0,0.0,0.0,0,Anomaly consumer including feature scaling and frozen-threshold decision.,per-observation exclusive interval; no sum-of-percentiles total
logistic_motion_logistic_anomaly,condition_first_use,malformed_json_receiver,reject,malformed_message,binary32_adapter,1,0.0,0.0,0.0,0.0,0,Canonical binary32 input adaptation before sender sealing.,per-observation exclusive interval; no sum-of-percentiles total
logistic_motion_logistic_anomaly,condition_first_use,malformed_json_receiver,reject,malformed_message,credential_verification,1,0.0,0.0,0.0,0.0,0,Recorded independent credential-verification call(s).,per-observation exclusive interval; no sum-of-percentiles total
logistic_motion_logistic_anomaly,condition_first_use,malformed_json_receiver,reject,malformed_message,in_memory_audit_measured,1,0.0348,0.0348,0.0348,0.0348,1,"Recorded audit record/prepare/commit spans, exclusive of their children; not all audit-related overhead and not durable storage.",per-observation exclusive interval; no sum-of-percentiles total
logistic_motion_logistic_anomaly,condition_first_use,malformed_json_receiver,reject,malformed_message,local_admission_checks,1,0.0,0.0,0.0,0.0,0,"Measured local authorization/binding/consumption calls, excluding nested credential verification.",per-observation exclusive interval; no sum-of-percentiles total
logistic_motion_logistic_anomaly,condition_first_use,malformed_json_receiver,reject,malformed_message,model_input_preprocessing,1,0.0,0.0,0.0,0.0,0,Shared model-input preparation; model-specific normalization remains in consumer timing.,per-observation exclusive interval; no sum-of-percentiles total
logistic_motion_logistic_anomaly,condition_first_use,malformed_json_receiver,reject,malformed_message,motion_consumer,1,0.0,0.0,0.0,0.0,0,Motion consumer including normalization/tensor preparation/prediction decoding.,per-observation exclusive interval; no sum-of-percentiles total
logistic_motion_logistic_anomaly,condition_first_use,malformed_json_receiver,reject,malformed_message,outer_orchestration_unisolated,1,0.0066,0.0066,0.0066,0.0066,1,Direct root/first-post-window remainder outside named child spans.,per-observation exclusive interval; no sum-of-percentiles total
logistic_motion_logistic_anomaly,condition_first_use,malformed_json_receiver,reject,malformed_message,receiver_binding_sequence_state_unisolated,1,0.0348,0.0348,0.0348,0.0348,1,"Verifier remainder including binding, sequence checks, locks/state publication and observer work; NOT isolated sequence latency.",per-observation exclusive interval; no sum-of-percentiles total
logistic_motion_logistic_anomaly,condition_first_use,malformed_json_receiver,reject,malformed_message,receiver_parsing,1,0.029,0.029,0.029,0.029,1,Envelope and binary parser call.,per-observation exclusive interval; no sum-of-percentiles total
logistic_motion_logistic_anomaly,condition_first_use,malformed_json_receiver,reject,malformed_message,receiver_quality_check,1,0.0,0.0,0.0,0.0,0,Verifier quality-check call.,per-observation exclusive interval; no sum-of-percentiles total
logistic_motion_logistic_anomaly,condition_first_use,malformed_json_receiver,reject,malformed_message,receiver_window_hmac,1,0.0,0.0,0.0,0.0,0,"Recorded verifier window-tag calculation, not complete authentication.",per-observation exclusive interval; no sum-of-percentiles total
logistic_motion_logistic_anomaly,condition_first_use,malformed_json_receiver,reject,malformed_message,reconstruction,1,0.0,0.0,0.0,0.0,0,Actual recorded BCH reconstruction; includes any observer/GC delay.,per-observation exclusive interval; no sum-of-percentiles total
logistic_motion_logistic_anomaly,condition_first_use,malformed_json_receiver,reject,malformed_message,release_conversion_unisolated,1,0.0,0.0,0.0,0.0,0,Accepted release remainder including conversion/dispatch/observer work outside consumer children.,per-observation exclusive interval; no sum-of-percentiles total
logistic_motion_logistic_anomaly,condition_first_use,malformed_json_receiver,reject,malformed_message,sender_binding_unisolated,1,0.0,0.0,0.0,0.0,0,Sender seal remainder: binding/state/orchestration/observer work not separately timed.,per-observation exclusive interval; no sum-of-percentiles total
logistic_motion_logistic_anomaly,condition_first_use,malformed_json_receiver,reject,malformed_message,sender_serialization_and_quality,1,0.0,0.0,0.0,0.0,0,Sender serialization including its quality validation; not separately timed.,per-observation exclusive interval; no sum-of-percentiles total
logistic_motion_logistic_anomaly,condition_first_use,malformed_json_receiver,reject,malformed_message,sender_window_hmac,1,0.0,0.0,0.0,0.0,0,Recorded window-tag generation call.,per-observation exclusive interval; no sum-of-percentiles total
logistic_motion_logistic_anomaly,condition_first_use,malformed_json_receiver,reject,malformed_message,session_establishment_unisolated,1,0.0,0.0,0.0,0.0,0,"Handshake/request/activation remainder, including unseparated HKDF/confirmation work and observer cost.",per-observation exclusive interval; no sum-of-percentiles total
logistic_motion_logistic_anomaly,condition_first_use,malformed_json_receiver,reject,malformed_message,simulated_response_read,1,0.0,0.0,0.0,0.0,0,"Modeled response generation, not physical acquisition.",per-observation exclusive interval; no sum-of-percentiles total
logistic_motion_logistic_anomaly,condition_first_use,post_window_after_refusals,accept,accepted,admission_orchestration_unisolated,1,0.0,0.0,0.0,0.0,0,Admission orchestration remainder not covered by named children.,per-observation exclusive interval; no sum-of-percentiles total
logistic_motion_logistic_anomaly,condition_first_use,post_window_after_refusals,accept,accepted,anomaly_consumer,1,0.3119,0.3119,0.3119,0.3119,1,Anomaly consumer including feature scaling and frozen-threshold decision.,per-observation exclusive interval; no sum-of-percentiles total
logistic_motion_logistic_anomaly,condition_first_use,post_window_after_refusals,accept,accepted,binary32_adapter,1,0.9541,0.9541,0.9541,0.9541,1,Canonical binary32 input adaptation before sender sealing.,per-observation exclusive interval; no sum-of-percentiles total
logistic_motion_logistic_anomaly,condition_first_use,post_window_after_refusals,accept,accepted,credential_verification,1,0.0,0.0,0.0,0.0,0,Recorded independent credential-verification call(s).,per-observation exclusive interval; no sum-of-percentiles total
logistic_motion_logistic_anomaly,condition_first_use,post_window_after_refusals,accept,accepted,in_memory_audit_measured,1,0.0619,0.0619,0.0619,0.0619,1,"Recorded audit record/prepare/commit spans, exclusive of their children; not all audit-related overhead and not durable storage.",per-observation exclusive interval; no sum-of-percentiles total
logistic_motion_logistic_anomaly,condition_first_use,post_window_after_refusals,accept,accepted,local_admission_checks,1,0.0,0.0,0.0,0.0,0,"Measured local authorization/binding/consumption calls, excluding nested credential verification.",per-observation exclusive interval; no sum-of-percentiles total
logistic_motion_logistic_anomaly,condition_first_use,post_window_after_refusals,accept,accepted,model_input_preprocessing,1,3.0567,3.0567,3.0567,3.0567,1,Shared model-input preparation; model-specific normalization remains in consumer timing.,per-observation exclusive interval; no sum-of-percentiles total
logistic_motion_logistic_anomaly,condition_first_use,post_window_after_refusals,accept,accepted,motion_consumer,1,0.4254,0.4254,0.4254,0.4254,1,Motion consumer including normalization/tensor preparation/prediction decoding.,per-observation exclusive interval; no sum-of-percentiles total
logistic_motion_logistic_anomaly,condition_first_use,post_window_after_refusals,accept,accepted,outer_orchestration_unisolated,1,0.0487,0.0487,0.0487,0.0487,1,Direct root/first-post-window remainder outside named child spans.,per-observation exclusive interval; no sum-of-percentiles total
logistic_motion_logistic_anomaly,condition_first_use,post_window_after_refusals,accept,accepted,receiver_binding_sequence_state_unisolated,1,0.0595,0.0595,0.0595,0.0595,1,"Verifier remainder including binding, sequence checks, locks/state publication and observer work; NOT isolated sequence latency.",per-observation exclusive interval; no sum-of-percentiles total
logistic_motion_logistic_anomaly,condition_first_use,post_window_after_refusals,accept,accepted,receiver_parsing,1,1.2604,1.2604,1.2604,1.2604,1,Envelope and binary parser call.,per-observation exclusive interval; no sum-of-percentiles total
logistic_motion_logistic_anomaly,condition_first_use,post_window_after_refusals,accept,accepted,receiver_quality_check,1,0.5276,0.5276,0.5276,0.5276,1,Verifier quality-check call.,per-observation exclusive interval; no sum-of-percentiles total
logistic_motion_logistic_anomaly,condition_first_use,post_window_after_refusals,accept,accepted,receiver_window_hmac,1,0.0135,0.0135,0.0135,0.0135,1,"Recorded verifier window-tag calculation, not complete authentication.",per-observation exclusive interval; no sum-of-percentiles total
logistic_motion_logistic_anomaly,condition_first_use,post_window_after_refusals,accept,accepted,reconstruction,1,0.0,0.0,0.0,0.0,0,Actual recorded BCH reconstruction; includes any observer/GC delay.,per-observation exclusive interval; no sum-of-percentiles total
logistic_motion_logistic_anomaly,condition_first_use,post_window_after_refusals,accept,accepted,release_conversion_unisolated,1,0.4525,0.4525,0.4525,0.4525,1,Accepted release remainder including conversion/dispatch/observer work outside consumer children.,per-observation exclusive interval; no sum-of-percentiles total
logistic_motion_logistic_anomaly,condition_first_use,post_window_after_refusals,accept,accepted,sender_binding_unisolated,1,0.0954,0.0954,0.0954,0.0954,1,Sender seal remainder: binding/state/orchestration/observer work not separately timed.,per-observation exclusive interval; no sum-of-percentiles total
logistic_motion_logistic_anomaly,condition_first_use,post_window_after_refusals,accept,accepted,sender_serialization_and_quality,1,0.9892,0.9892,0.9892,0.9892,1,Sender serialization including its quality validation; not separately timed.,per-observation exclusive interval; no sum-of-percentiles total
logistic_motion_logistic_anomaly,condition_first_use,post_window_after_refusals,accept,accepted,sender_window_hmac,1,0.0162,0.0162,0.0162,0.0162,1,Recorded window-tag generation call.,per-observation exclusive interval; no sum-of-percentiles total
logistic_motion_logistic_anomaly,condition_first_use,post_window_after_refusals,accept,accepted,session_establishment_unisolated,1,0.0,0.0,0.0,0.0,0,"Handshake/request/activation remainder, including unseparated HKDF/confirmation work and observer cost.",per-observation exclusive interval; no sum-of-percentiles total
logistic_motion_logistic_anomaly,condition_first_use,post_window_after_refusals,accept,accepted,simulated_response_read,1,0.0,0.0,0.0,0.0,0,"Modeled response generation, not physical acquisition.",per-observation exclusive interval; no sum-of-percentiles total
logistic_motion_logistic_anomaly,condition_first_use,post_window_recurring,accept,accepted,admission_orchestration_unisolated,1,0.0,0.0,0.0,0.0,0,Admission orchestration remainder not covered by named children.,per-observation exclusive interval; no sum-of-percentiles total
logistic_motion_logistic_anomaly,condition_first_use,post_window_recurring,accept,accepted,anomaly_consumer,1,0.3869,0.3869,0.3869,0.3869,1,Anomaly consumer including feature scaling and frozen-threshold decision.,per-observation exclusive interval; no sum-of-percentiles total
logistic_motion_logistic_anomaly,condition_first_use,post_window_recurring,accept,accepted,binary32_adapter,1,0.9798,0.9798,0.9798,0.9798,1,Canonical binary32 input adaptation before sender sealing.,per-observation exclusive interval; no sum-of-percentiles total
logistic_motion_logistic_anomaly,condition_first_use,post_window_recurring,accept,accepted,credential_verification,1,0.0,0.0,0.0,0.0,0,Recorded independent credential-verification call(s).,per-observation exclusive interval; no sum-of-percentiles total
logistic_motion_logistic_anomaly,condition_first_use,post_window_recurring,accept,accepted,in_memory_audit_measured,1,0.0681,0.0681,0.0681,0.0681,1,"Recorded audit record/prepare/commit spans, exclusive of their children; not all audit-related overhead and not durable storage.",per-observation exclusive interval; no sum-of-percentiles total
logistic_motion_logistic_anomaly,condition_first_use,post_window_recurring,accept,accepted,local_admission_checks,1,0.0,0.0,0.0,0.0,0,"Measured local authorization/binding/consumption calls, excluding nested credential verification.",per-observation exclusive interval; no sum-of-percentiles total
logistic_motion_logistic_anomaly,condition_first_use,post_window_recurring,accept,accepted,model_input_preprocessing,1,3.0572,3.0572,3.0572,3.0572,1,Shared model-input preparation; model-specific normalization remains in consumer timing.,per-observation exclusive interval; no sum-of-percentiles total
logistic_motion_logistic_anomaly,condition_first_use,post_window_recurring,accept,accepted,motion_consumer,1,0.4776,0.4776,0.4776,0.4776,1,Motion consumer including normalization/tensor preparation/prediction decoding.,per-observation exclusive interval; no sum-of-percentiles total
logistic_motion_logistic_anomaly,condition_first_use,post_window_recurring,accept,accepted,outer_orchestration_unisolated,1,0.0785,0.0785,0.0785,0.0785,1,Direct root/first-post-window remainder outside named child spans.,per-observation exclusive interval; no sum-of-percentiles total
logistic_motion_logistic_anomaly,condition_first_use,post_window_recurring,accept,accepted,receiver_binding_sequence_state_unisolated,1,0.1088,0.1088,0.1088,0.1088,1,"Verifier remainder including binding, sequence checks, locks/state publication and observer work; NOT isolated sequence latency.",per-observation exclusive interval; no sum-of-percentiles total
logistic_motion_logistic_anomaly,condition_first_use,post_window_recurring,accept,accepted,receiver_parsing,1,1.4748,1.4748,1.4748,1.4748,1,Envelope and binary parser call.,per-observation exclusive interval; no sum-of-percentiles total
logistic_motion_logistic_anomaly,condition_first_use,post_window_recurring,accept,accepted,receiver_quality_check,1,0.5982,0.5982,0.5982,0.5982,1,Verifier quality-check call.,per-observation exclusive interval; no sum-of-percentiles total
logistic_motion_logistic_anomaly,condition_first_use,post_window_recurring,accept,accepted,receiver_window_hmac,1,0.0174,0.0174,0.0174,0.0174,1,"Recorded verifier window-tag calculation, not complete authentication.",per-observation exclusive interval; no sum-of-percentiles total
logistic_motion_logistic_anomaly,condition_first_use,post_window_recurring,accept,accepted,reconstruction,1,0.0,0.0,0.0,0.0,0,Actual recorded BCH reconstruction; includes any observer/GC delay.,per-observation exclusive interval; no sum-of-percentiles total
logistic_motion_logistic_anomaly,condition_first_use,post_window_recurring,accept,accepted,release_conversion_unisolated,1,0.4716,0.4716,0.4716,0.4716,1,Accepted release remainder including conversion/dispatch/observer work outside consumer children.,per-observation exclusive interval; no sum-of-percentiles total
logistic_motion_logistic_anomaly,condition_first_use,post_window_recurring,accept,accepted,sender_binding_unisolated,1,0.1144,0.1144,0.1144,0.1144,1,Sender seal remainder: binding/state/orchestration/observer work not separately timed.,per-observation exclusive interval; no sum-of-percentiles total
logistic_motion_logistic_anomaly,condition_first_use,post_window_recurring,accept,accepted,sender_serialization_and_quality,1,0.9483,0.9483,0.9483,0.9483,1,Sender serialization including its quality validation; not separately timed.,per-observation exclusive interval; no sum-of-percentiles total
logistic_motion_logistic_anomaly,condition_first_use,post_window_recurring,accept,accepted,sender_window_hmac,1,0.0165,0.0165,0.0165,0.0165,1,Recorded window-tag generation call.,per-observation exclusive interval; no sum-of-percentiles total
logistic_motion_logistic_anomaly,condition_first_use,post_window_recurring,accept,accepted,session_establishment_unisolated,1,0.0,0.0,0.0,0.0,0,"Handshake/request/activation remainder, including unseparated HKDF/confirmation work and observer cost.",per-observation exclusive interval; no sum-of-percentiles total
logistic_motion_logistic_anomaly,condition_first_use,post_window_recurring,accept,accepted,simulated_response_read,1,0.0,0.0,0.0,0.0,0,"Modeled response generation, not physical acquisition.",per-observation exclusive interval; no sum-of-percentiles total
logistic_motion_logistic_anomaly,condition_first_use,pre_tag_quality_refusal,reject,data_quality_failure,admission_orchestration_unisolated,1,0.0,0.0,0.0,0.0,0,Admission orchestration remainder not covered by named children.,per-observation exclusive interval; no sum-of-percentiles total
logistic_motion_logistic_anomaly,condition_first_use,pre_tag_quality_refusal,reject,data_quality_failure,anomaly_consumer,1,0.0,0.0,0.0,0.0,0,Anomaly consumer including feature scaling and frozen-threshold decision.,per-observation exclusive interval; no sum-of-percentiles total
logistic_motion_logistic_anomaly,condition_first_use,pre_tag_quality_refusal,reject,data_quality_failure,binary32_adapter,1,0.9553,0.9553,0.9553,0.9553,1,Canonical binary32 input adaptation before sender sealing.,per-observation exclusive interval; no sum-of-percentiles total
logistic_motion_logistic_anomaly,condition_first_use,pre_tag_quality_refusal,reject,data_quality_failure,credential_verification,1,0.0,0.0,0.0,0.0,0,Recorded independent credential-verification call(s).,per-observation exclusive interval; no sum-of-percentiles total
logistic_motion_logistic_anomaly,condition_first_use,pre_tag_quality_refusal,reject,data_quality_failure,in_memory_audit_measured,1,0.0381,0.0381,0.0381,0.0381,1,"Recorded audit record/prepare/commit spans, exclusive of their children; not all audit-related overhead and not durable storage.",per-observation exclusive interval; no sum-of-percentiles total
logistic_motion_logistic_anomaly,condition_first_use,pre_tag_quality_refusal,reject,data_quality_failure,local_admission_checks,1,0.0,0.0,0.0,0.0,0,"Measured local authorization/binding/consumption calls, excluding nested credential verification.",per-observation exclusive interval; no sum-of-percentiles total
logistic_motion_logistic_anomaly,condition_first_use,pre_tag_quality_refusal,reject,data_quality_failure,model_input_preprocessing,1,0.0,0.0,0.0,0.0,0,Shared model-input preparation; model-specific normalization remains in consumer timing.,per-observation exclusive interval; no sum-of-percentiles total
logistic_motion_logistic_anomaly,condition_first_use,pre_tag_quality_refusal,reject,data_quality_failure,motion_consumer,1,0.0,0.0,0.0,0.0,0,Motion consumer including normalization/tensor preparation/prediction decoding.,per-observation exclusive interval; no sum-of-percentiles total
logistic_motion_logistic_anomaly,condition_first_use,pre_tag_quality_refusal,reject,data_quality_failure,outer_orchestration_unisolated,1,0.0377,0.0377,0.0377,0.0377,1,Direct root/first-post-window remainder outside named child spans.,per-observation exclusive interval; no sum-of-percentiles total
logistic_motion_logistic_anomaly,condition_first_use,pre_tag_quality_refusal,reject,data_quality_failure,receiver_binding_sequence_state_unisolated,1,0.0,0.0,0.0,0.0,0,"Verifier remainder including binding, sequence checks, locks/state publication and observer work; NOT isolated sequence latency.",per-observation exclusive interval; no sum-of-percentiles total
logistic_motion_logistic_anomaly,condition_first_use,pre_tag_quality_refusal,reject,data_quality_failure,receiver_parsing,1,0.0,0.0,0.0,0.0,0,Envelope and binary parser call.,per-observation exclusive interval; no sum-of-percentiles total
logistic_motion_logistic_anomaly,condition_first_use,pre_tag_quality_refusal,reject,data_quality_failure,receiver_quality_check,1,0.0,0.0,0.0,0.0,0,Verifier quality-check call.,per-observation exclusive interval; no sum-of-percentiles total
logistic_motion_logistic_anomaly,condition_first_use,pre_tag_quality_refusal,reject,data_quality_failure,receiver_window_hmac,1,0.0,0.0,0.0,0.0,0,"Recorded verifier window-tag calculation, not complete authentication.",per-observation exclusive interval; no sum-of-percentiles total
logistic_motion_logistic_anomaly,condition_first_use,pre_tag_quality_refusal,reject,data_quality_failure,reconstruction,1,0.0,0.0,0.0,0.0,0,Actual recorded BCH reconstruction; includes any observer/GC delay.,per-observation exclusive interval; no sum-of-percentiles total
logistic_motion_logistic_anomaly,condition_first_use,pre_tag_quality_refusal,reject,data_quality_failure,release_conversion_unisolated,1,0.0,0.0,0.0,0.0,0,Accepted release remainder including conversion/dispatch/observer work outside consumer children.,per-observation exclusive interval; no sum-of-percentiles total
logistic_motion_logistic_anomaly,condition_first_use,pre_tag_quality_refusal,reject,data_quality_failure,sender_binding_unisolated,1,0.0598,0.0598,0.0598,0.0598,1,Sender seal remainder: binding/state/orchestration/observer work not separately timed.,per-observation exclusive interval; no sum-of-percentiles total
logistic_motion_logistic_anomaly,condition_first_use,pre_tag_quality_refusal,reject,data_quality_failure,sender_serialization_and_quality,1,0.4268,0.4268,0.4268,0.4268,1,Sender serialization including its quality validation; not separately timed.,per-observation exclusive interval; no sum-of-percentiles total
logistic_motion_logistic_anomaly,condition_first_use,pre_tag_quality_refusal,reject,data_quality_failure,sender_window_hmac,1,0.0,0.0,0.0,0.0,0,Recorded window-tag generation call.,per-observation exclusive interval; no sum-of-percentiles total
logistic_motion_logistic_anomaly,condition_first_use,pre_tag_quality_refusal,reject,data_quality_failure,session_establishment_unisolated,1,0.0,0.0,0.0,0.0,0,"Handshake/request/activation remainder, including unseparated HKDF/confirmation work and observer cost.",per-observation exclusive interval; no sum-of-percentiles total
logistic_motion_logistic_anomaly,condition_first_use,pre_tag_quality_refusal,reject,data_quality_failure,simulated_response_read,1,0.0,0.0,0.0,0.0,0,"Modeled response generation, not physical acquisition.",per-observation exclusive interval; no sum-of-percentiles total
logistic_motion_logistic_anomaly,condition_first_use,valid_receiver_after_bad_tag,accept,accepted,admission_orchestration_unisolated,1,0.0,0.0,0.0,0.0,0,Admission orchestration remainder not covered by named children.,per-observation exclusive interval; no sum-of-percentiles total
logistic_motion_logistic_anomaly,condition_first_use,valid_receiver_after_bad_tag,accept,accepted,anomaly_consumer,1,0.3167,0.3167,0.3167,0.3167,1,Anomaly consumer including feature scaling and frozen-threshold decision.,per-observation exclusive interval; no sum-of-percentiles total
logistic_motion_logistic_anomaly,condition_first_use,valid_receiver_after_bad_tag,accept,accepted,binary32_adapter,1,0.0,0.0,0.0,0.0,0,Canonical binary32 input adaptation before sender sealing.,per-observation exclusive interval; no sum-of-percentiles total
logistic_motion_logistic_anomaly,condition_first_use,valid_receiver_after_bad_tag,accept,accepted,credential_verification,1,0.0,0.0,0.0,0.0,0,Recorded independent credential-verification call(s).,per-observation exclusive interval; no sum-of-percentiles total
logistic_motion_logistic_anomaly,condition_first_use,valid_receiver_after_bad_tag,accept,accepted,in_memory_audit_measured,1,0.0359,0.0359,0.0359,0.0359,1,"Recorded audit record/prepare/commit spans, exclusive of their children; not all audit-related overhead and not durable storage.",per-observation exclusive interval; no sum-of-percentiles total
logistic_motion_logistic_anomaly,condition_first_use,valid_receiver_after_bad_tag,accept,accepted,local_admission_checks,1,0.0,0.0,0.0,0.0,0,"Measured local authorization/binding/consumption calls, excluding nested credential verification.",per-observation exclusive interval; no sum-of-percentiles total
logistic_motion_logistic_anomaly,condition_first_use,valid_receiver_after_bad_tag,accept,accepted,model_input_preprocessing,1,3.2581,3.2581,3.2581,3.2581,1,Shared model-input preparation; model-specific normalization remains in consumer timing.,per-observation exclusive interval; no sum-of-percentiles total
logistic_motion_logistic_anomaly,condition_first_use,valid_receiver_after_bad_tag,accept,accepted,motion_consumer,1,0.4152,0.4152,0.4152,0.4152,1,Motion consumer including normalization/tensor preparation/prediction decoding.,per-observation exclusive interval; no sum-of-percentiles total
logistic_motion_logistic_anomaly,condition_first_use,valid_receiver_after_bad_tag,accept,accepted,outer_orchestration_unisolated,1,0.0163,0.0163,0.0163,0.0163,1,Direct root/first-post-window remainder outside named child spans.,per-observation exclusive interval; no sum-of-percentiles total
logistic_motion_logistic_anomaly,condition_first_use,valid_receiver_after_bad_tag,accept,accepted,receiver_binding_sequence_state_unisolated,1,0.0795,0.0795,0.0795,0.0795,1,"Verifier remainder including binding, sequence checks, locks/state publication and observer work; NOT isolated sequence latency.",per-observation exclusive interval; no sum-of-percentiles total
logistic_motion_logistic_anomaly,condition_first_use,valid_receiver_after_bad_tag,accept,accepted,receiver_parsing,1,1.2686,1.2686,1.2686,1.2686,1,Envelope and binary parser call.,per-observation exclusive interval; no sum-of-percentiles total
logistic_motion_logistic_anomaly,condition_first_use,valid_receiver_after_bad_tag,accept,accepted,receiver_quality_check,1,0.5729,0.5729,0.5729,0.5729,1,Verifier quality-check call.,per-observation exclusive interval; no sum-of-percentiles total
logistic_motion_logistic_anomaly,condition_first_use,valid_receiver_after_bad_tag,accept,accepted,receiver_window_hmac,1,0.0181,0.0181,0.0181,0.0181,1,"Recorded verifier window-tag calculation, not complete authentication.",per-observation exclusive interval; no sum-of-percentiles total
logistic_motion_logistic_anomaly,condition_first_use,valid_receiver_after_bad_tag,accept,accepted,reconstruction,1,0.0,0.0,0.0,0.0,0,Actual recorded BCH reconstruction; includes any observer/GC delay.,per-observation exclusive interval; no sum-of-percentiles total
logistic_motion_logistic_anomaly,condition_first_use,valid_receiver_after_bad_tag,accept,accepted,release_conversion_unisolated,1,0.5472,0.5472,0.5472,0.5472,1,Accepted release remainder including conversion/dispatch/observer work outside consumer children.,per-observation exclusive interval; no sum-of-percentiles total
logistic_motion_logistic_anomaly,condition_first_use,valid_receiver_after_bad_tag,accept,accepted,sender_binding_unisolated,1,0.0,0.0,0.0,0.0,0,Sender seal remainder: binding/state/orchestration/observer work not separately timed.,per-observation exclusive interval; no sum-of-percentiles total
logistic_motion_logistic_anomaly,condition_first_use,valid_receiver_after_bad_tag,accept,accepted,sender_serialization_and_quality,1,0.0,0.0,0.0,0.0,0,Sender serialization including its quality validation; not separately timed.,per-observation exclusive interval; no sum-of-percentiles total
logistic_motion_logistic_anomaly,condition_first_use,valid_receiver_after_bad_tag,accept,accepted,sender_window_hmac,1,0.0,0.0,0.0,0.0,0,Recorded window-tag generation call.,per-observation exclusive interval; no sum-of-percentiles total
logistic_motion_logistic_anomaly,condition_first_use,valid_receiver_after_bad_tag,accept,accepted,session_establishment_unisolated,1,0.0,0.0,0.0,0.0,0,"Handshake/request/activation remainder, including unseparated HKDF/confirmation work and observer cost.",per-observation exclusive interval; no sum-of-percentiles total
logistic_motion_logistic_anomaly,condition_first_use,valid_receiver_after_bad_tag,accept,accepted,simulated_response_read,1,0.0,0.0,0.0,0.0,0,"Modeled response generation, not physical acquisition.",per-observation exclusive interval; no sum-of-percentiles total
logistic_motion_logistic_anomaly,measured,bad_tag_receiver,reject,invalid_tag,admission_orchestration_unisolated,120,0.0,0.0,0.0,0.0,0,Admission orchestration remainder not covered by named children.,per-observation exclusive interval; no sum-of-percentiles total
logistic_motion_logistic_anomaly,measured,bad_tag_receiver,reject,invalid_tag,anomaly_consumer,120,0.0,0.0,0.0,0.0,0,Anomaly consumer including feature scaling and frozen-threshold decision.,per-observation exclusive interval; no sum-of-percentiles total
logistic_motion_logistic_anomaly,measured,bad_tag_receiver,reject,invalid_tag,binary32_adapter,120,0.0,0.0,0.0,0.0,0,Canonical binary32 input adaptation before sender sealing.,per-observation exclusive interval; no sum-of-percentiles total
logistic_motion_logistic_anomaly,measured,bad_tag_receiver,reject,invalid_tag,credential_verification,120,0.0,0.0,0.0,0.0,0,Recorded independent credential-verification call(s).,per-observation exclusive interval; no sum-of-percentiles total
logistic_motion_logistic_anomaly,measured,bad_tag_receiver,reject,invalid_tag,in_memory_audit_measured,120,0.03905,0.05063,0.06644100000000001,0.0722,120,"Recorded audit record/prepare/commit spans, exclusive of their children; not all audit-related overhead and not durable storage.",per-observation exclusive interval; no sum-of-percentiles total
logistic_motion_logistic_anomaly,measured,bad_tag_receiver,reject,invalid_tag,local_admission_checks,120,0.0,0.0,0.0,0.0,0,"Measured local authorization/binding/consumption calls, excluding nested credential verification.",per-observation exclusive interval; no sum-of-percentiles total
logistic_motion_logistic_anomaly,measured,bad_tag_receiver,reject,invalid_tag,model_input_preprocessing,120,0.0,0.0,0.0,0.0,0,Shared model-input preparation; model-specific normalization remains in consumer timing.,per-observation exclusive interval; no sum-of-percentiles total
logistic_motion_logistic_anomaly,measured,bad_tag_receiver,reject,invalid_tag,motion_consumer,120,0.0,0.0,0.0,0.0,0,Motion consumer including normalization/tensor preparation/prediction decoding.,per-observation exclusive interval; no sum-of-percentiles total
logistic_motion_logistic_anomaly,measured,bad_tag_receiver,reject,invalid_tag,outer_orchestration_unisolated,120,0.0119,0.01491,0.016372000000000005,0.0651,120,Direct root/first-post-window remainder outside named child spans.,per-observation exclusive interval; no sum-of-percentiles total
logistic_motion_logistic_anomaly,measured,bad_tag_receiver,reject,invalid_tag,receiver_binding_sequence_state_unisolated,120,0.1018,0.12858999999999998,0.139463,0.1438,120,"Verifier remainder including binding, sequence checks, locks/state publication and observer work; NOT isolated sequence latency.",per-observation exclusive interval; no sum-of-percentiles total
logistic_motion_logistic_anomaly,measured,bad_tag_receiver,reject,invalid_tag,receiver_parsing,120,1.6936,2.10592,2.20226,2.2376,120,Envelope and binary parser call.,per-observation exclusive interval; no sum-of-percentiles total
logistic_motion_logistic_anomaly,measured,bad_tag_receiver,reject,invalid_tag,receiver_quality_check,120,0.0,0.0,0.0,0.0,0,Verifier quality-check call.,per-observation exclusive interval; no sum-of-percentiles total
logistic_motion_logistic_anomaly,measured,bad_tag_receiver,reject,invalid_tag,receiver_window_hmac,120,0.0189,0.02664499999999999,0.031563,0.034,120,"Recorded verifier window-tag calculation, not complete authentication.",per-observation exclusive interval; no sum-of-percentiles total
logistic_motion_logistic_anomaly,measured,bad_tag_receiver,reject,invalid_tag,reconstruction,120,0.0,0.0,0.0,0.0,0,Actual recorded BCH reconstruction; includes any observer/GC delay.,per-observation exclusive interval; no sum-of-percentiles total
logistic_motion_logistic_anomaly,measured,bad_tag_receiver,reject,invalid_tag,release_conversion_unisolated,120,0.0,0.0,0.0,0.0,0,Accepted release remainder including conversion/dispatch/observer work outside consumer children.,per-observation exclusive interval; no sum-of-percentiles total
logistic_motion_logistic_anomaly,measured,bad_tag_receiver,reject,invalid_tag,sender_binding_unisolated,120,0.0,0.0,0.0,0.0,0,Sender seal remainder: binding/state/orchestration/observer work not separately timed.,per-observation exclusive interval; no sum-of-percentiles total
logistic_motion_logistic_anomaly,measured,bad_tag_receiver,reject,invalid_tag,sender_serialization_and_quality,120,0.0,0.0,0.0,0.0,0,Sender serialization including its quality validation; not separately timed.,per-observation exclusive interval; no sum-of-percentiles total
logistic_motion_logistic_anomaly,measured,bad_tag_receiver,reject,invalid_tag,sender_window_hmac,120,0.0,0.0,0.0,0.0,0,Recorded window-tag generation call.,per-observation exclusive interval; no sum-of-percentiles total
logistic_motion_logistic_anomaly,measured,bad_tag_receiver,reject,invalid_tag,session_establishment_unisolated,120,0.0,0.0,0.0,0.0,0,"Handshake/request/activation remainder, including unseparated HKDF/confirmation work and observer cost.",per-observation exclusive interval; no sum-of-percentiles total
logistic_motion_logistic_anomaly,measured,bad_tag_receiver,reject,invalid_tag,simulated_response_read,120,0.0,0.0,0.0,0.0,0,"Modeled response generation, not physical acquisition.",per-observation exclusive interval; no sum-of-percentiles total
logistic_motion_logistic_anomaly,measured,exact_replay_receiver,reject,duplicate_sequence,admission_orchestration_unisolated,120,0.0,0.0,0.0,0.0,0,Admission orchestration remainder not covered by named children.,per-observation exclusive interval; no sum-of-percentiles total
logistic_motion_logistic_anomaly,measured,exact_replay_receiver,reject,duplicate_sequence,anomaly_consumer,120,0.0,0.0,0.0,0.0,0,Anomaly consumer including feature scaling and frozen-threshold decision.,per-observation exclusive interval; no sum-of-percentiles total
logistic_motion_logistic_anomaly,measured,exact_replay_receiver,reject,duplicate_sequence,binary32_adapter,120,0.0,0.0,0.0,0.0,0,Canonical binary32 input adaptation before sender sealing.,per-observation exclusive interval; no sum-of-percentiles total
logistic_motion_logistic_anomaly,measured,exact_replay_receiver,reject,duplicate_sequence,credential_verification,120,0.0,0.0,0.0,0.0,0,Recorded independent credential-verification call(s).,per-observation exclusive interval; no sum-of-percentiles total
logistic_motion_logistic_anomaly,measured,exact_replay_receiver,reject,duplicate_sequence,in_memory_audit_measured,120,0.05605,0.0755,0.09401400000000004,0.1822,120,"Recorded audit record/prepare/commit spans, exclusive of their children; not all audit-related overhead and not durable storage.",per-observation exclusive interval; no sum-of-percentiles total
logistic_motion_logistic_anomaly,measured,exact_replay_receiver,reject,duplicate_sequence,local_admission_checks,120,0.0,0.0,0.0,0.0,0,"Measured local authorization/binding/consumption calls, excluding nested credential verification.",per-observation exclusive interval; no sum-of-percentiles total
logistic_motion_logistic_anomaly,measured,exact_replay_receiver,reject,duplicate_sequence,model_input_preprocessing,120,0.0,0.0,0.0,0.0,0,Shared model-input preparation; model-specific normalization remains in consumer timing.,per-observation exclusive interval; no sum-of-percentiles total
logistic_motion_logistic_anomaly,measured,exact_replay_receiver,reject,duplicate_sequence,motion_consumer,120,0.0,0.0,0.0,0.0,0,Motion consumer including normalization/tensor preparation/prediction decoding.,per-observation exclusive interval; no sum-of-percentiles total
logistic_motion_logistic_anomaly,measured,exact_replay_receiver,reject,duplicate_sequence,outer_orchestration_unisolated,120,0.0115,0.015905,0.021382000000000005,0.027,120,Direct root/first-post-window remainder outside named child spans.,per-observation exclusive interval; no sum-of-percentiles total
logistic_motion_logistic_anomaly,measured,exact_replay_receiver,reject,duplicate_sequence,receiver_binding_sequence_state_unisolated,120,0.12875,0.164045,0.17801,0.1981,120,"Verifier remainder including binding, sequence checks, locks/state publication and observer work; NOT isolated sequence latency.",per-observation exclusive interval; no sum-of-percentiles total
logistic_motion_logistic_anomaly,measured,exact_replay_receiver,reject,duplicate_sequence,receiver_parsing,120,1.9025,2.380705,2.538264,3.3377,120,Envelope and binary parser call.,per-observation exclusive interval; no sum-of-percentiles total
logistic_motion_logistic_anomaly,measured,exact_replay_receiver,reject,duplicate_sequence,receiver_quality_check,120,0.7282,0.914855,1.0027180000000002,1.0651,120,Verifier quality-check call.,per-observation exclusive interval; no sum-of-percentiles total
logistic_motion_logistic_anomaly,measured,exact_replay_receiver,reject,duplicate_sequence,receiver_window_hmac,120,0.02285,0.03093,0.034496,0.0654,120,"Recorded verifier window-tag calculation, not complete authentication.",per-observation exclusive interval; no sum-of-percentiles total
logistic_motion_logistic_anomaly,measured,exact_replay_receiver,reject,duplicate_sequence,reconstruction,120,0.0,0.0,0.0,0.0,0,Actual recorded BCH reconstruction; includes any observer/GC delay.,per-observation exclusive interval; no sum-of-percentiles total
logistic_motion_logistic_anomaly,measured,exact_replay_receiver,reject,duplicate_sequence,release_conversion_unisolated,120,0.0,0.0,0.0,0.0,0,Accepted release remainder including conversion/dispatch/observer work outside consumer children.,per-observation exclusive interval; no sum-of-percentiles total
logistic_motion_logistic_anomaly,measured,exact_replay_receiver,reject,duplicate_sequence,sender_binding_unisolated,120,0.0,0.0,0.0,0.0,0,Sender seal remainder: binding/state/orchestration/observer work not separately timed.,per-observation exclusive interval; no sum-of-percentiles total
logistic_motion_logistic_anomaly,measured,exact_replay_receiver,reject,duplicate_sequence,sender_serialization_and_quality,120,0.0,0.0,0.0,0.0,0,Sender serialization including its quality validation; not separately timed.,per-observation exclusive interval; no sum-of-percentiles total
logistic_motion_logistic_anomaly,measured,exact_replay_receiver,reject,duplicate_sequence,sender_window_hmac,120,0.0,0.0,0.0,0.0,0,Recorded window-tag generation call.,per-observation exclusive interval; no sum-of-percentiles total
logistic_motion_logistic_anomaly,measured,exact_replay_receiver,reject,duplicate_sequence,session_establishment_unisolated,120,0.0,0.0,0.0,0.0,0,"Handshake/request/activation remainder, including unseparated HKDF/confirmation work and observer cost.",per-observation exclusive interval; no sum-of-percentiles total
logistic_motion_logistic_anomaly,measured,exact_replay_receiver,reject,duplicate_sequence,simulated_response_read,120,0.0,0.0,0.0,0.0,0,"Modeled response generation, not physical acquisition.",per-observation exclusive interval; no sum-of-percentiles total
logistic_motion_logistic_anomaly,measured,fresh_to_first_window,accept,accepted,admission_orchestration_unisolated,120,0.06105,0.079805,0.10919800000000003,0.1249,120,Admission orchestration remainder not covered by named children.,per-observation exclusive interval; no sum-of-percentiles total
logistic_motion_logistic_anomaly,measured,fresh_to_first_window,accept,accepted,anomaly_consumer,120,0.44825,0.57284,0.633763,0.8711,120,Anomaly consumer including feature scaling and frozen-threshold decision.,per-observation exclusive interval; no sum-of-percentiles total
logistic_motion_logistic_anomaly,measured,fresh_to_first_window,accept,accepted,binary32_adapter,120,1.3525,1.780635,1.871113,2.0209,120,Canonical binary32 input adaptation before sender sealing.,per-observation exclusive interval; no sum-of-percentiles total
logistic_motion_logistic_anomaly,measured,fresh_to_first_window,accept,accepted,credential_verification,120,0.0593,0.083415,0.128816,0.2353,120,Recorded independent credential-verification call(s).,per-observation exclusive interval; no sum-of-percentiles total
logistic_motion_logistic_anomaly,measured,fresh_to_first_window,accept,accepted,in_memory_audit_measured,120,0.23405,0.333015,0.5954610000000004,0.8094,120,"Recorded audit record/prepare/commit spans, exclusive of their children; not all audit-related overhead and not durable storage.",per-observation exclusive interval; no sum-of-percentiles total
logistic_motion_logistic_anomaly,measured,fresh_to_first_window,accept,accepted,local_admission_checks,120,0.07855,0.11688999999999994,0.2200470000000001,0.2346,120,"Measured local authorization/binding/consumption calls, excluding nested credential verification.",per-observation exclusive interval; no sum-of-percentiles total
logistic_motion_logistic_anomaly,measured,fresh_to_first_window,accept,accepted,model_input_preprocessing,120,4.06265,5.036499999999999,6.441963000000001,6.5511,120,Shared model-input preparation; model-specific normalization remains in consumer timing.,per-observation exclusive interval; no sum-of-percentiles total
logistic_motion_logistic_anomaly,measured,fresh_to_first_window,accept,accepted,motion_consumer,120,0.62365,0.833985,0.9068430000000001,1.0379,120,Motion consumer including normalization/tensor preparation/prediction decoding.,per-observation exclusive interval; no sum-of-percentiles total
logistic_motion_logistic_anomaly,measured,fresh_to_first_window,accept,accepted,outer_orchestration_unisolated,120,0.1101,0.146715,0.158762,0.1708,120,Direct root/first-post-window remainder outside named child spans.,per-observation exclusive interval; no sum-of-percentiles total
logistic_motion_logistic_anomaly,measured,fresh_to_first_window,accept,accepted,receiver_binding_sequence_state_unisolated,120,0.09165,0.12448,0.143316,0.2012,120,"Verifier remainder including binding, sequence checks, locks/state publication and observer work; NOT isolated sequence latency.",per-observation exclusive interval; no sum-of-percentiles total
logistic_motion_logistic_anomaly,measured,fresh_to_first_window,accept,accepted,receiver_parsing,120,1.9666,4.759499999999999,5.9924360000000005,322.272,120,Envelope and binary parser call.,per-observation exclusive interval; no sum-of-percentiles total
logistic_motion_logistic_anomaly,measured,fresh_to_first_window,accept,accepted,receiver_quality_check,120,0.72785,0.9337899999999999,1.002136,1.0733,120,Verifier quality-check call.,per-observation exclusive interval; no sum-of-percentiles total
logistic_motion_logistic_anomaly,measured,fresh_to_first_window,accept,accepted,receiver_window_hmac,120,0.02115,0.03171,0.033924,0.0428,120,"Recorded verifier window-tag calculation, not complete authentication.",per-observation exclusive interval; no sum-of-percentiles total
logistic_motion_logistic_anomaly,measured,fresh_to_first_window,accept,accepted,reconstruction,120,3.6601,5.439515,5.885377,5.9824,120,Actual recorded BCH reconstruction; includes any observer/GC delay.,per-observation exclusive interval; no sum-of-percentiles total
logistic_motion_logistic_anomaly,measured,fresh_to_first_window,accept,accepted,release_conversion_unisolated,120,0.6054,0.79157,0.894081,0.8943,120,Accepted release remainder including conversion/dispatch/observer work outside consumer children.,per-observation exclusive interval; no sum-of-percentiles total
logistic_motion_logistic_anomaly,measured,fresh_to_first_window,accept,accepted,sender_binding_unisolated,120,0.1386,0.18428,0.203577,0.259,120,Sender seal remainder: binding/state/orchestration/observer work not separately timed.,per-observation exclusive interval; no sum-of-percentiles total
logistic_motion_logistic_anomaly,measured,fresh_to_first_window,accept,accepted,sender_serialization_and_quality,120,1.32585,1.70601,2.0734030000000008,2.1734,120,Sender serialization including its quality validation; not separately timed.,per-observation exclusive interval; no sum-of-percentiles total
logistic_motion_logistic_anomaly,measured,fresh_to_first_window,accept,accepted,sender_window_hmac,120,0.01915,0.02911499999999999,0.041422000000000014,0.0437,120,Recorded window-tag generation call.,per-observation exclusive interval; no sum-of-percentiles total
logistic_motion_logistic_anomaly,measured,fresh_to_first_window,accept,accepted,session_establishment_unisolated,120,0.5094,0.7434849999999998,0.9801400000000002,1.2598,120,"Handshake/request/activation remainder, including unseparated HKDF/confirmation work and observer cost.",per-observation exclusive interval; no sum-of-percentiles total
logistic_motion_logistic_anomaly,measured,fresh_to_first_window,accept,accepted,simulated_response_read,120,0.24335,0.3036,0.314315,0.3197,120,"Modeled response generation, not physical acquisition.",per-observation exclusive interval; no sum-of-percentiles total
logistic_motion_logistic_anomaly,measured,malformed_json_receiver,reject,malformed_message,admission_orchestration_unisolated,120,0.0,0.0,0.0,0.0,0,Admission orchestration remainder not covered by named children.,per-observation exclusive interval; no sum-of-percentiles total
logistic_motion_logistic_anomaly,measured,malformed_json_receiver,reject,malformed_message,anomaly_consumer,120,0.0,0.0,0.0,0.0,0,Anomaly consumer including feature scaling and frozen-threshold decision.,per-observation exclusive interval; no sum-of-percentiles total
logistic_motion_logistic_anomaly,measured,malformed_json_receiver,reject,malformed_message,binary32_adapter,120,0.0,0.0,0.0,0.0,0,Canonical binary32 input adaptation before sender sealing.,per-observation exclusive interval; no sum-of-percentiles total
logistic_motion_logistic_anomaly,measured,malformed_json_receiver,reject,malformed_message,credential_verification,120,0.0,0.0,0.0,0.0,0,Recorded independent credential-verification call(s).,per-observation exclusive interval; no sum-of-percentiles total
logistic_motion_logistic_anomaly,measured,malformed_json_receiver,reject,malformed_message,in_memory_audit_measured,120,0.05095,0.06721,0.077744,0.0841,120,"Recorded audit record/prepare/commit spans, exclusive of their children; not all audit-related overhead and not durable storage.",per-observation exclusive interval; no sum-of-percentiles total
logistic_motion_logistic_anomaly,measured,malformed_json_receiver,reject,malformed_message,local_admission_checks,120,0.0,0.0,0.0,0.0,0,"Measured local authorization/binding/consumption calls, excluding nested credential verification.",per-observation exclusive interval; no sum-of-percentiles total
logistic_motion_logistic_anomaly,measured,malformed_json_receiver,reject,malformed_message,model_input_preprocessing,120,0.0,0.0,0.0,0.0,0,Shared model-input preparation; model-specific normalization remains in consumer timing.,per-observation exclusive interval; no sum-of-percentiles total
logistic_motion_logistic_anomaly,measured,malformed_json_receiver,reject,malformed_message,motion_consumer,120,0.0,0.0,0.0,0.0,0,Motion consumer including normalization/tensor preparation/prediction decoding.,per-observation exclusive interval; no sum-of-percentiles total
logistic_motion_logistic_anomaly,measured,malformed_json_receiver,reject,malformed_message,outer_orchestration_unisolated,120,0.0092,0.011705,0.017079000000000014,0.0216,120,Direct root/first-post-window remainder outside named child spans.,per-observation exclusive interval; no sum-of-percentiles total
logistic_motion_logistic_anomaly,measured,malformed_json_receiver,reject,malformed_message,receiver_binding_sequence_state_unisolated,120,0.0464,0.06047999999999999,0.07343800000000003,0.0775,120,"Verifier remainder including binding, sequence checks, locks/state publication and observer work; NOT isolated sequence latency.",per-observation exclusive interval; no sum-of-percentiles total
logistic_motion_logistic_anomaly,measured,malformed_json_receiver,reject,malformed_message,receiver_parsing,120,0.0347,0.047825,0.051667,0.0519,120,Envelope and binary parser call.,per-observation exclusive interval; no sum-of-percentiles total
logistic_motion_logistic_anomaly,measured,malformed_json_receiver,reject,malformed_message,receiver_quality_check,120,0.0,0.0,0.0,0.0,0,Verifier quality-check call.,per-observation exclusive interval; no sum-of-percentiles total
logistic_motion_logistic_anomaly,measured,malformed_json_receiver,reject,malformed_message,receiver_window_hmac,120,0.0,0.0,0.0,0.0,0,"Recorded verifier window-tag calculation, not complete authentication.",per-observation exclusive interval; no sum-of-percentiles total
logistic_motion_logistic_anomaly,measured,malformed_json_receiver,reject,malformed_message,reconstruction,120,0.0,0.0,0.0,0.0,0,Actual recorded BCH reconstruction; includes any observer/GC delay.,per-observation exclusive interval; no sum-of-percentiles total
logistic_motion_logistic_anomaly,measured,malformed_json_receiver,reject,malformed_message,release_conversion_unisolated,120,0.0,0.0,0.0,0.0,0,Accepted release remainder including conversion/dispatch/observer work outside consumer children.,per-observation exclusive interval; no sum-of-percentiles total
logistic_motion_logistic_anomaly,measured,malformed_json_receiver,reject,malformed_message,sender_binding_unisolated,120,0.0,0.0,0.0,0.0,0,Sender seal remainder: binding/state/orchestration/observer work not separately timed.,per-observation exclusive interval; no sum-of-percentiles total
logistic_motion_logistic_anomaly,measured,malformed_json_receiver,reject,malformed_message,sender_serialization_and_quality,120,0.0,0.0,0.0,0.0,0,Sender serialization including its quality validation; not separately timed.,per-observation exclusive interval; no sum-of-percentiles total
logistic_motion_logistic_anomaly,measured,malformed_json_receiver,reject,malformed_message,sender_window_hmac,120,0.0,0.0,0.0,0.0,0,Recorded window-tag generation call.,per-observation exclusive interval; no sum-of-percentiles total
logistic_motion_logistic_anomaly,measured,malformed_json_receiver,reject,malformed_message,session_establishment_unisolated,120,0.0,0.0,0.0,0.0,0,"Handshake/request/activation remainder, including unseparated HKDF/confirmation work and observer cost.",per-observation exclusive interval; no sum-of-percentiles total
logistic_motion_logistic_anomaly,measured,malformed_json_receiver,reject,malformed_message,simulated_response_read,120,0.0,0.0,0.0,0.0,0,"Modeled response generation, not physical acquisition.",per-observation exclusive interval; no sum-of-percentiles total
logistic_motion_logistic_anomaly,measured,post_window_after_refusals,accept,accepted,admission_orchestration_unisolated,120,0.0,0.0,0.0,0.0,0,Admission orchestration remainder not covered by named children.,per-observation exclusive interval; no sum-of-percentiles total
logistic_motion_logistic_anomaly,measured,post_window_after_refusals,accept,accepted,anomaly_consumer,120,0.4449,0.55313,0.58704,0.6782,120,Anomaly consumer including feature scaling and frozen-threshold decision.,per-observation exclusive interval; no sum-of-percentiles total
logistic_motion_logistic_anomaly,measured,post_window_after_refusals,accept,accepted,binary32_adapter,120,1.31395,1.62979,1.674764,1.7411,120,Canonical binary32 input adaptation before sender sealing.,per-observation exclusive interval; no sum-of-percentiles total
logistic_motion_logistic_anomaly,measured,post_window_after_refusals,accept,accepted,credential_verification,120,0.0,0.0,0.0,0.0,0,Recorded independent credential-verification call(s).,per-observation exclusive interval; no sum-of-percentiles total
logistic_motion_logistic_anomaly,measured,post_window_after_refusals,accept,accepted,in_memory_audit_measured,120,0.08725,0.115905,0.123581,0.1583,120,"Recorded audit record/prepare/commit spans, exclusive of their children; not all audit-related overhead and not durable storage.",per-observation exclusive interval; no sum-of-percentiles total
logistic_motion_logistic_anomaly,measured,post_window_after_refusals,accept,accepted,local_admission_checks,120,0.0,0.0,0.0,0.0,0,"Measured local authorization/binding/consumption calls, excluding nested credential verification.",per-observation exclusive interval; no sum-of-percentiles total
logistic_motion_logistic_anomaly,measured,post_window_after_refusals,accept,accepted,model_input_preprocessing,120,4.1066,5.11092,5.328485,5.7152,120,Shared model-input preparation; model-specific normalization remains in consumer timing.,per-observation exclusive interval; no sum-of-percentiles total
logistic_motion_logistic_anomaly,measured,post_window_after_refusals,accept,accepted,motion_consumer,120,0.62545,0.82911,0.866603,0.8861,120,Motion consumer including normalization/tensor preparation/prediction decoding.,per-observation exclusive interval; no sum-of-percentiles total
logistic_motion_logistic_anomaly,measured,post_window_after_refusals,accept,accepted,outer_orchestration_unisolated,120,0.07775,0.104985,0.123063,0.127,120,Direct root/first-post-window remainder outside named child spans.,per-observation exclusive interval; no sum-of-percentiles total
logistic_motion_logistic_anomaly,measured,post_window_after_refusals,accept,accepted,receiver_binding_sequence_state_unisolated,120,0.08955,0.120685,0.14078900000000003,0.1541,120,"Verifier remainder including binding, sequence checks, locks/state publication and observer work; NOT isolated sequence latency.",per-observation exclusive interval; no sum-of-percentiles total
logistic_motion_logistic_anomaly,measured,post_window_after_refusals,accept,accepted,receiver_parsing,120,1.85055,4.024985,4.404935,4.5375,120,Envelope and binary parser call.,per-observation exclusive interval; no sum-of-percentiles total
logistic_motion_logistic_anomaly,measured,post_window_after_refusals,accept,accepted,receiver_quality_check,120,0.718,0.8783,0.919258,0.965,120,Verifier quality-check call.,per-observation exclusive interval; no sum-of-percentiles total
logistic_motion_logistic_anomaly,measured,post_window_after_refusals,accept,accepted,receiver_window_hmac,120,0.0203,0.02752,0.028724,0.0302,120,"Recorded verifier window-tag calculation, not complete authentication.",per-observation exclusive interval; no sum-of-percentiles total
logistic_motion_logistic_anomaly,measured,post_window_after_refusals,accept,accepted,reconstruction,120,0.0,0.0,0.0,0.0,0,Actual recorded BCH reconstruction; includes any observer/GC delay.,per-observation exclusive interval; no sum-of-percentiles total
logistic_motion_logistic_anomaly,measured,post_window_after_refusals,accept,accepted,release_conversion_unisolated,120,0.6082,0.77917,0.825462,0.8715,120,Accepted release remainder including conversion/dispatch/observer work outside consumer children.,per-observation exclusive interval; no sum-of-percentiles total
logistic_motion_logistic_anomaly,measured,post_window_after_refusals,accept,accepted,sender_binding_unisolated,120,0.1276,0.169865,0.181707,0.186,120,Sender seal remainder: binding/state/orchestration/observer work not separately timed.,per-observation exclusive interval; no sum-of-percentiles total
logistic_motion_logistic_anomaly,measured,post_window_after_refusals,accept,accepted,sender_serialization_and_quality,120,1.29515,1.616355,1.701177,1.8467,120,Sender serialization including its quality validation; not separately timed.,per-observation exclusive interval; no sum-of-percentiles total
logistic_motion_logistic_anomaly,measured,post_window_after_refusals,accept,accepted,sender_window_hmac,120,0.0247,0.03484,0.039105,0.0431,120,Recorded window-tag generation call.,per-observation exclusive interval; no sum-of-percentiles total
logistic_motion_logistic_anomaly,measured,post_window_after_refusals,accept,accepted,session_establishment_unisolated,120,0.0,0.0,0.0,0.0,0,"Handshake/request/activation remainder, including unseparated HKDF/confirmation work and observer cost.",per-observation exclusive interval; no sum-of-percentiles total
logistic_motion_logistic_anomaly,measured,post_window_after_refusals,accept,accepted,simulated_response_read,120,0.0,0.0,0.0,0.0,0,"Modeled response generation, not physical acquisition.",per-observation exclusive interval; no sum-of-percentiles total
logistic_motion_logistic_anomaly,measured,post_window_recurring,accept,accepted,admission_orchestration_unisolated,120,0.0,0.0,0.0,0.0,0,Admission orchestration remainder not covered by named children.,per-observation exclusive interval; no sum-of-percentiles total
logistic_motion_logistic_anomaly,measured,post_window_recurring,accept,accepted,anomaly_consumer,120,0.4409,0.584215,0.7765130000000001,0.8619,120,Anomaly consumer including feature scaling and frozen-threshold decision.,per-observation exclusive interval; no sum-of-percentiles total
logistic_motion_logistic_anomaly,measured,post_window_recurring,accept,accepted,binary32_adapter,120,1.31595,1.692115,1.7949130000000002,1.8708,120,Canonical binary32 input adaptation before sender sealing.,per-observation exclusive interval; no sum-of-percentiles total
logistic_motion_logistic_anomaly,measured,post_window_recurring,accept,accepted,credential_verification,120,0.0,0.0,0.0,0.0,0,Recorded independent credential-verification call(s).,per-observation exclusive interval; no sum-of-percentiles total
logistic_motion_logistic_anomaly,measured,post_window_recurring,accept,accepted,in_memory_audit_measured,120,0.10025,0.13480999999999996,0.16964500000000005,0.1767,120,"Recorded audit record/prepare/commit spans, exclusive of their children; not all audit-related overhead and not durable storage.",per-observation exclusive interval; no sum-of-percentiles total
logistic_motion_logistic_anomaly,measured,post_window_recurring,accept,accepted,local_admission_checks,120,0.0,0.0,0.0,0.0,0,"Measured local authorization/binding/consumption calls, excluding nested credential verification.",per-observation exclusive interval; no sum-of-percentiles total
logistic_motion_logistic_anomaly,measured,post_window_recurring,accept,accepted,model_input_preprocessing,120,4.08035,5.12505,5.345326,5.3767,120,Shared model-input preparation; model-specific normalization remains in consumer timing.,per-observation exclusive interval; no sum-of-percentiles total
logistic_motion_logistic_anomaly,measured,post_window_recurring,accept,accepted,motion_consumer,120,0.60525,0.80382,0.885573,0.9732,120,Motion consumer including normalization/tensor preparation/prediction decoding.,per-observation exclusive interval; no sum-of-percentiles total
logistic_motion_logistic_anomaly,measured,post_window_recurring,accept,accepted,outer_orchestration_unisolated,120,0.08195,0.10636999999999999,0.13162300000000002,0.1512,120,Direct root/first-post-window remainder outside named child spans.,per-observation exclusive interval; no sum-of-percentiles total
logistic_motion_logistic_anomaly,measured,post_window_recurring,accept,accepted,receiver_binding_sequence_state_unisolated,120,0.09305,0.12442499999999998,0.153945,0.1562,120,"Verifier remainder including binding, sequence checks, locks/state publication and observer work; NOT isolated sequence latency.",per-observation exclusive interval; no sum-of-percentiles total
logistic_motion_logistic_anomaly,measured,post_window_recurring,accept,accepted,receiver_parsing,120,1.86105,2.390625,2.5895870000000003,3.5667,120,Envelope and binary parser call.,per-observation exclusive interval; no sum-of-percentiles total
logistic_motion_logistic_anomaly,measured,post_window_recurring,accept,accepted,receiver_quality_check,120,0.72485,0.92925,0.953625,0.989,120,Verifier quality-check call.,per-observation exclusive interval; no sum-of-percentiles total
logistic_motion_logistic_anomaly,measured,post_window_recurring,accept,accepted,receiver_window_hmac,120,0.0203,0.026649999999999997,0.05143000000000005,0.0567,120,"Recorded verifier window-tag calculation, not complete authentication.",per-observation exclusive interval; no sum-of-percentiles total
logistic_motion_logistic_anomaly,measured,post_window_recurring,accept,accepted,reconstruction,120,0.0,0.0,0.0,0.0,0,Actual recorded BCH reconstruction; includes any observer/GC delay.,per-observation exclusive interval; no sum-of-percentiles total
logistic_motion_logistic_anomaly,measured,post_window_recurring,accept,accepted,release_conversion_unisolated,120,0.6048,0.78091,0.812343,0.8299,120,Accepted release remainder including conversion/dispatch/observer work outside consumer children.,per-observation exclusive interval; no sum-of-percentiles total
logistic_motion_logistic_anomaly,measured,post_window_recurring,accept,accepted,sender_binding_unisolated,120,0.1394,0.18734,0.22783300000000006,0.2523,120,Sender seal remainder: binding/state/orchestration/observer work not separately timed.,per-observation exclusive interval; no sum-of-percentiles total
logistic_motion_logistic_anomaly,measured,post_window_recurring,accept,accepted,sender_serialization_and_quality,120,1.3239,1.68072,1.72826,1.854,120,Sender serialization including its quality validation; not separately timed.,per-observation exclusive interval; no sum-of-percentiles total
logistic_motion_logistic_anomaly,measured,post_window_recurring,accept,accepted,sender_window_hmac,120,0.02295,0.033045,0.035824,0.0379,120,Recorded window-tag generation call.,per-observation exclusive interval; no sum-of-percentiles total
logistic_motion_logistic_anomaly,measured,post_window_recurring,accept,accepted,session_establishment_unisolated,120,0.0,0.0,0.0,0.0,0,"Handshake/request/activation remainder, including unseparated HKDF/confirmation work and observer cost.",per-observation exclusive interval; no sum-of-percentiles total
logistic_motion_logistic_anomaly,measured,post_window_recurring,accept,accepted,simulated_response_read,120,0.0,0.0,0.0,0.0,0,"Modeled response generation, not physical acquisition.",per-observation exclusive interval; no sum-of-percentiles total
logistic_motion_logistic_anomaly,measured,pre_tag_quality_refusal,reject,data_quality_failure,admission_orchestration_unisolated,120,0.0,0.0,0.0,0.0,0,Admission orchestration remainder not covered by named children.,per-observation exclusive interval; no sum-of-percentiles total
logistic_motion_logistic_anomaly,measured,pre_tag_quality_refusal,reject,data_quality_failure,anomaly_consumer,120,0.0,0.0,0.0,0.0,0,Anomaly consumer including feature scaling and frozen-threshold decision.,per-observation exclusive interval; no sum-of-percentiles total
logistic_motion_logistic_anomaly,measured,pre_tag_quality_refusal,reject,data_quality_failure,binary32_adapter,120,1.31785,1.649735,1.7233600000000002,1.7739,120,Canonical binary32 input adaptation before sender sealing.,per-observation exclusive interval; no sum-of-percentiles total
logistic_motion_logistic_anomaly,measured,pre_tag_quality_refusal,reject,data_quality_failure,credential_verification,120,0.0,0.0,0.0,0.0,0,Recorded independent credential-verification call(s).,per-observation exclusive interval; no sum-of-percentiles total
logistic_motion_logistic_anomaly,measured,pre_tag_quality_refusal,reject,data_quality_failure,in_memory_audit_measured,120,0.05545,0.071115,0.075867,0.0771,120,"Recorded audit record/prepare/commit spans, exclusive of their children; not all audit-related overhead and not durable storage.",per-observation exclusive interval; no sum-of-percentiles total
logistic_motion_logistic_anomaly,measured,pre_tag_quality_refusal,reject,data_quality_failure,local_admission_checks,120,0.0,0.0,0.0,0.0,0,"Measured local authorization/binding/consumption calls, excluding nested credential verification.",per-observation exclusive interval; no sum-of-percentiles total
logistic_motion_logistic_anomaly,measured,pre_tag_quality_refusal,reject,data_quality_failure,model_input_preprocessing,120,0.0,0.0,0.0,0.0,0,Shared model-input preparation; model-specific normalization remains in consumer timing.,per-observation exclusive interval; no sum-of-percentiles total
logistic_motion_logistic_anomaly,measured,pre_tag_quality_refusal,reject,data_quality_failure,motion_consumer,120,0.0,0.0,0.0,0.0,0,Motion consumer including normalization/tensor preparation/prediction decoding.,per-observation exclusive interval; no sum-of-percentiles total
logistic_motion_logistic_anomaly,measured,pre_tag_quality_refusal,reject,data_quality_failure,outer_orchestration_unisolated,120,0.05525,0.07355,0.086325,0.0963,120,Direct root/first-post-window remainder outside named child spans.,per-observation exclusive interval; no sum-of-percentiles total
logistic_motion_logistic_anomaly,measured,pre_tag_quality_refusal,reject,data_quality_failure,receiver_binding_sequence_state_unisolated,120,0.0,0.0,0.0,0.0,0,"Verifier remainder including binding, sequence checks, locks/state publication and observer work; NOT isolated sequence latency.",per-observation exclusive interval; no sum-of-percentiles total
logistic_motion_logistic_anomaly,measured,pre_tag_quality_refusal,reject,data_quality_failure,receiver_parsing,120,0.0,0.0,0.0,0.0,0,Envelope and binary parser call.,per-observation exclusive interval; no sum-of-percentiles total
logistic_motion_logistic_anomaly,measured,pre_tag_quality_refusal,reject,data_quality_failure,receiver_quality_check,120,0.0,0.0,0.0,0.0,0,Verifier quality-check call.,per-observation exclusive interval; no sum-of-percentiles total
logistic_motion_logistic_anomaly,measured,pre_tag_quality_refusal,reject,data_quality_failure,receiver_window_hmac,120,0.0,0.0,0.0,0.0,0,"Recorded verifier window-tag calculation, not complete authentication.",per-observation exclusive interval; no sum-of-percentiles total
logistic_motion_logistic_anomaly,measured,pre_tag_quality_refusal,reject,data_quality_failure,reconstruction,120,0.0,0.0,0.0,0.0,0,Actual recorded BCH reconstruction; includes any observer/GC delay.,per-observation exclusive interval; no sum-of-percentiles total
logistic_motion_logistic_anomaly,measured,pre_tag_quality_refusal,reject,data_quality_failure,release_conversion_unisolated,120,0.0,0.0,0.0,0.0,0,Accepted release remainder including conversion/dispatch/observer work outside consumer children.,per-observation exclusive interval; no sum-of-percentiles total
logistic_motion_logistic_anomaly,measured,pre_tag_quality_refusal,reject,data_quality_failure,sender_binding_unisolated,120,0.0781,0.1005,0.105186,0.1068,120,Sender seal remainder: binding/state/orchestration/observer work not separately timed.,per-observation exclusive interval; no sum-of-percentiles total
logistic_motion_logistic_anomaly,measured,pre_tag_quality_refusal,reject,data_quality_failure,sender_serialization_and_quality,120,0.58765,0.737745,0.767054,0.7718,120,Sender serialization including its quality validation; not separately timed.,per-observation exclusive interval; no sum-of-percentiles total
logistic_motion_logistic_anomaly,measured,pre_tag_quality_refusal,reject,data_quality_failure,sender_window_hmac,120,0.0,0.0,0.0,0.0,0,Recorded window-tag generation call.,per-observation exclusive interval; no sum-of-percentiles total
logistic_motion_logistic_anomaly,measured,pre_tag_quality_refusal,reject,data_quality_failure,session_establishment_unisolated,120,0.0,0.0,0.0,0.0,0,"Handshake/request/activation remainder, including unseparated HKDF/confirmation work and observer cost.",per-observation exclusive interval; no sum-of-percentiles total
logistic_motion_logistic_anomaly,measured,pre_tag_quality_refusal,reject,data_quality_failure,simulated_response_read,120,0.0,0.0,0.0,0.0,0,"Modeled response generation, not physical acquisition.",per-observation exclusive interval; no sum-of-percentiles total
logistic_motion_logistic_anomaly,measured,valid_receiver_after_bad_tag,accept,accepted,admission_orchestration_unisolated,120,0.0,0.0,0.0,0.0,0,Admission orchestration remainder not covered by named children.,per-observation exclusive interval; no sum-of-percentiles total
logistic_motion_logistic_anomaly,measured,valid_receiver_after_bad_tag,accept,accepted,anomaly_consumer,120,0.4494,0.58066,0.610535,0.6349,120,Anomaly consumer including feature scaling and frozen-threshold decision.,per-observation exclusive interval; no sum-of-percentiles total
logistic_motion_logistic_anomaly,measured,valid_receiver_after_bad_tag,accept,accepted,binary32_adapter,120,0.0,0.0,0.0,0.0,0,Canonical binary32 input adaptation before sender sealing.,per-observation exclusive interval; no sum-of-percentiles total
logistic_motion_logistic_anomaly,measured,valid_receiver_after_bad_tag,accept,accepted,credential_verification,120,0.0,0.0,0.0,0.0,0,Recorded independent credential-verification call(s).,per-observation exclusive interval; no sum-of-percentiles total
logistic_motion_logistic_anomaly,measured,valid_receiver_after_bad_tag,accept,accepted,in_memory_audit_measured,120,0.0473,0.062155,0.06896900000000002,0.1869,120,"Recorded audit record/prepare/commit spans, exclusive of their children; not all audit-related overhead and not durable storage.",per-observation exclusive interval; no sum-of-percentiles total
logistic_motion_logistic_anomaly,measured,valid_receiver_after_bad_tag,accept,accepted,local_admission_checks,120,0.0,0.0,0.0,0.0,0,"Measured local authorization/binding/consumption calls, excluding nested credential verification.",per-observation exclusive interval; no sum-of-percentiles total
logistic_motion_logistic_anomaly,measured,valid_receiver_after_bad_tag,accept,accepted,model_input_preprocessing,120,4.09245,5.00214,5.273603,5.3658,120,Shared model-input preparation; model-specific normalization remains in consumer timing.,per-observation exclusive interval; no sum-of-percentiles total
logistic_motion_logistic_anomaly,measured,valid_receiver_after_bad_tag,accept,accepted,motion_consumer,120,0.6185,0.84139,0.880016,0.9429,120,Motion consumer including normalization/tensor preparation/prediction decoding.,per-observation exclusive interval; no sum-of-percentiles total
logistic_motion_logistic_anomaly,measured,valid_receiver_after_bad_tag,accept,accepted,outer_orchestration_unisolated,120,0.021,0.029349999999999998,0.03862300000000002,0.0947,120,Direct root/first-post-window remainder outside named child spans.,per-observation exclusive interval; no sum-of-percentiles total
logistic_motion_logistic_anomaly,measured,valid_receiver_after_bad_tag,accept,accepted,receiver_binding_sequence_state_unisolated,120,0.09035,0.1261,0.127867,0.1297,120,"Verifier remainder including binding, sequence checks, locks/state publication and observer work; NOT isolated sequence latency.",per-observation exclusive interval; no sum-of-percentiles total
logistic_motion_logistic_anomaly,measured,valid_receiver_after_bad_tag,accept,accepted,receiver_parsing,120,1.6914,2.11307,2.276544,3.2174,120,Envelope and binary parser call.,per-observation exclusive interval; no sum-of-percentiles total
logistic_motion_logistic_anomaly,measured,valid_receiver_after_bad_tag,accept,accepted,receiver_quality_check,120,0.7218,0.889195,0.945274,0.9724,120,Verifier quality-check call.,per-observation exclusive interval; no sum-of-percentiles total
logistic_motion_logistic_anomaly,measured,valid_receiver_after_bad_tag,accept,accepted,receiver_window_hmac,120,0.019,0.02691,0.032573000000000005,0.0691,120,"Recorded verifier window-tag calculation, not complete authentication.",per-observation exclusive interval; no sum-of-percentiles total
logistic_motion_logistic_anomaly,measured,valid_receiver_after_bad_tag,accept,accepted,reconstruction,120,0.0,0.0,0.0,0.0,0,Actual recorded BCH reconstruction; includes any observer/GC delay.,per-observation exclusive interval; no sum-of-percentiles total
logistic_motion_logistic_anomaly,measured,valid_receiver_after_bad_tag,accept,accepted,release_conversion_unisolated,120,0.59565,0.763925,0.82195,0.8501,120,Accepted release remainder including conversion/dispatch/observer work outside consumer children.,per-observation exclusive interval; no sum-of-percentiles total
logistic_motion_logistic_anomaly,measured,valid_receiver_after_bad_tag,accept,accepted,sender_binding_unisolated,120,0.0,0.0,0.0,0.0,0,Sender seal remainder: binding/state/orchestration/observer work not separately timed.,per-observation exclusive interval; no sum-of-percentiles total
logistic_motion_logistic_anomaly,measured,valid_receiver_after_bad_tag,accept,accepted,sender_serialization_and_quality,120,0.0,0.0,0.0,0.0,0,Sender serialization including its quality validation; not separately timed.,per-observation exclusive interval; no sum-of-percentiles total
logistic_motion_logistic_anomaly,measured,valid_receiver_after_bad_tag,accept,accepted,sender_window_hmac,120,0.0,0.0,0.0,0.0,0,Recorded window-tag generation call.,per-observation exclusive interval; no sum-of-percentiles total
logistic_motion_logistic_anomaly,measured,valid_receiver_after_bad_tag,accept,accepted,session_establishment_unisolated,120,0.0,0.0,0.0,0.0,0,"Handshake/request/activation remainder, including unseparated HKDF/confirmation work and observer cost.",per-observation exclusive interval; no sum-of-percentiles total
logistic_motion_logistic_anomaly,measured,valid_receiver_after_bad_tag,accept,accepted,simulated_response_read,120,0.0,0.0,0.0,0.0,0,"Modeled response generation, not physical acquisition.",per-observation exclusive interval; no sum-of-percentiles total
logistic_motion_logistic_anomaly,warmup,bad_tag_receiver,reject,invalid_tag,admission_orchestration_unisolated,29,0.0,0.0,0.0,0.0,0,Admission orchestration remainder not covered by named children.,per-observation exclusive interval; no sum-of-percentiles total
logistic_motion_logistic_anomaly,warmup,bad_tag_receiver,reject,invalid_tag,anomaly_consumer,29,0.0,0.0,0.0,0.0,0,Anomaly consumer including feature scaling and frozen-threshold decision.,per-observation exclusive interval; no sum-of-percentiles total
logistic_motion_logistic_anomaly,warmup,bad_tag_receiver,reject,invalid_tag,binary32_adapter,29,0.0,0.0,0.0,0.0,0,Canonical binary32 input adaptation before sender sealing.,per-observation exclusive interval; no sum-of-percentiles total
logistic_motion_logistic_anomaly,warmup,bad_tag_receiver,reject,invalid_tag,credential_verification,29,0.0,0.0,0.0,0.0,0,Recorded independent credential-verification call(s).,per-observation exclusive interval; no sum-of-percentiles total
logistic_motion_logistic_anomaly,warmup,bad_tag_receiver,reject,invalid_tag,in_memory_audit_measured,29,0.0356,0.04444,0.046328,0.047,29,"Recorded audit record/prepare/commit spans, exclusive of their children; not all audit-related overhead and not durable storage.",per-observation exclusive interval; no sum-of-percentiles total
logistic_motion_logistic_anomaly,warmup,bad_tag_receiver,reject,invalid_tag,local_admission_checks,29,0.0,0.0,0.0,0.0,0,"Measured local authorization/binding/consumption calls, excluding nested credential verification.",per-observation exclusive interval; no sum-of-percentiles total
logistic_motion_logistic_anomaly,warmup,bad_tag_receiver,reject,invalid_tag,model_input_preprocessing,29,0.0,0.0,0.0,0.0,0,Shared model-input preparation; model-specific normalization remains in consumer timing.,per-observation exclusive interval; no sum-of-percentiles total
logistic_motion_logistic_anomaly,warmup,bad_tag_receiver,reject,invalid_tag,motion_consumer,29,0.0,0.0,0.0,0.0,0,Motion consumer including normalization/tensor preparation/prediction decoding.,per-observation exclusive interval; no sum-of-percentiles total
logistic_motion_logistic_anomaly,warmup,bad_tag_receiver,reject,invalid_tag,outer_orchestration_unisolated,29,0.0104,0.014859999999999998,0.015676,0.0159,29,Direct root/first-post-window remainder outside named child spans.,per-observation exclusive interval; no sum-of-percentiles total
logistic_motion_logistic_anomaly,warmup,bad_tag_receiver,reject,invalid_tag,receiver_binding_sequence_state_unisolated,29,0.0918,0.12861999999999998,0.13386,0.134,29,"Verifier remainder including binding, sequence checks, locks/state publication and observer work; NOT isolated sequence latency.",per-observation exclusive interval; no sum-of-percentiles total
logistic_motion_logistic_anomaly,warmup,bad_tag_receiver,reject,invalid_tag,receiver_parsing,29,1.5254,1.8344,2.0392799999999998,2.1139,29,Envelope and binary parser call.,per-observation exclusive interval; no sum-of-percentiles total
logistic_motion_logistic_anomaly,warmup,bad_tag_receiver,reject,invalid_tag,receiver_quality_check,29,0.0,0.0,0.0,0.0,0,Verifier quality-check call.,per-observation exclusive interval; no sum-of-percentiles total
logistic_motion_logistic_anomaly,warmup,bad_tag_receiver,reject,invalid_tag,receiver_window_hmac,29,0.0171,0.028959999999999993,0.030904,0.0311,29,"Recorded verifier window-tag calculation, not complete authentication.",per-observation exclusive interval; no sum-of-percentiles total
logistic_motion_logistic_anomaly,warmup,bad_tag_receiver,reject,invalid_tag,reconstruction,29,0.0,0.0,0.0,0.0,0,Actual recorded BCH reconstruction; includes any observer/GC delay.,per-observation exclusive interval; no sum-of-percentiles total
logistic_motion_logistic_anomaly,warmup,bad_tag_receiver,reject,invalid_tag,release_conversion_unisolated,29,0.0,0.0,0.0,0.0,0,Accepted release remainder including conversion/dispatch/observer work outside consumer children.,per-observation exclusive interval; no sum-of-percentiles total
logistic_motion_logistic_anomaly,warmup,bad_tag_receiver,reject,invalid_tag,sender_binding_unisolated,29,0.0,0.0,0.0,0.0,0,Sender seal remainder: binding/state/orchestration/observer work not separately timed.,per-observation exclusive interval; no sum-of-percentiles total
logistic_motion_logistic_anomaly,warmup,bad_tag_receiver,reject,invalid_tag,sender_serialization_and_quality,29,0.0,0.0,0.0,0.0,0,Sender serialization including its quality validation; not separately timed.,per-observation exclusive interval; no sum-of-percentiles total
logistic_motion_logistic_anomaly,warmup,bad_tag_receiver,reject,invalid_tag,sender_window_hmac,29,0.0,0.0,0.0,0.0,0,Recorded window-tag generation call.,per-observation exclusive interval; no sum-of-percentiles total
logistic_motion_logistic_anomaly,warmup,bad_tag_receiver,reject,invalid_tag,session_establishment_unisolated,29,0.0,0.0,0.0,0.0,0,"Handshake/request/activation remainder, including unseparated HKDF/confirmation work and observer cost.",per-observation exclusive interval; no sum-of-percentiles total
logistic_motion_logistic_anomaly,warmup,bad_tag_receiver,reject,invalid_tag,simulated_response_read,29,0.0,0.0,0.0,0.0,0,"Modeled response generation, not physical acquisition.",per-observation exclusive interval; no sum-of-percentiles total
logistic_motion_logistic_anomaly,warmup,exact_replay_receiver,reject,duplicate_sequence,admission_orchestration_unisolated,29,0.0,0.0,0.0,0.0,0,Admission orchestration remainder not covered by named children.,per-observation exclusive interval; no sum-of-percentiles total
logistic_motion_logistic_anomaly,warmup,exact_replay_receiver,reject,duplicate_sequence,anomaly_consumer,29,0.0,0.0,0.0,0.0,0,Anomaly consumer including feature scaling and frozen-threshold decision.,per-observation exclusive interval; no sum-of-percentiles total
logistic_motion_logistic_anomaly,warmup,exact_replay_receiver,reject,duplicate_sequence,binary32_adapter,29,0.0,0.0,0.0,0.0,0,Canonical binary32 input adaptation before sender sealing.,per-observation exclusive interval; no sum-of-percentiles total
logistic_motion_logistic_anomaly,warmup,exact_replay_receiver,reject,duplicate_sequence,credential_verification,29,0.0,0.0,0.0,0.0,0,Recorded independent credential-verification call(s).,per-observation exclusive interval; no sum-of-percentiles total
logistic_motion_logistic_anomaly,warmup,exact_replay_receiver,reject,duplicate_sequence,in_memory_audit_measured,29,0.0462,0.06046,0.07475599999999998,0.0803,29,"Recorded audit record/prepare/commit spans, exclusive of their children; not all audit-related overhead and not durable storage.",per-observation exclusive interval; no sum-of-percentiles total
logistic_motion_logistic_anomaly,warmup,exact_replay_receiver,reject,duplicate_sequence,local_admission_checks,29,0.0,0.0,0.0,0.0,0,"Measured local authorization/binding/consumption calls, excluding nested credential verification.",per-observation exclusive interval; no sum-of-percentiles total
logistic_motion_logistic_anomaly,warmup,exact_replay_receiver,reject,duplicate_sequence,model_input_preprocessing,29,0.0,0.0,0.0,0.0,0,Shared model-input preparation; model-specific normalization remains in consumer timing.,per-observation exclusive interval; no sum-of-percentiles total
logistic_motion_logistic_anomaly,warmup,exact_replay_receiver,reject,duplicate_sequence,motion_consumer,29,0.0,0.0,0.0,0.0,0,Motion consumer including normalization/tensor preparation/prediction decoding.,per-observation exclusive interval; no sum-of-percentiles total
logistic_motion_logistic_anomaly,warmup,exact_replay_receiver,reject,duplicate_sequence,outer_orchestration_unisolated,29,0.0098,0.01208,0.014935999999999996,0.016,29,Direct root/first-post-window remainder outside named child spans.,per-observation exclusive interval; no sum-of-percentiles total
logistic_motion_logistic_anomaly,warmup,exact_replay_receiver,reject,duplicate_sequence,receiver_binding_sequence_state_unisolated,29,0.1117,0.15016,0.18357599999999993,0.1957,29,"Verifier remainder including binding, sequence checks, locks/state publication and observer work; NOT isolated sequence latency.",per-observation exclusive interval; no sum-of-percentiles total
logistic_motion_logistic_anomaly,warmup,exact_replay_receiver,reject,duplicate_sequence,receiver_parsing,29,1.7007,2.03794,2.173788,2.2166,29,Envelope and binary parser call.,per-observation exclusive interval; no sum-of-percentiles total
logistic_motion_logistic_anomaly,warmup,exact_replay_receiver,reject,duplicate_sequence,receiver_quality_check,29,0.6448,0.7332399999999999,0.760512,0.7646,29,Verifier quality-check call.,per-observation exclusive interval; no sum-of-percentiles total
logistic_motion_logistic_anomaly,warmup,exact_replay_receiver,reject,duplicate_sequence,receiver_window_hmac,29,0.0198,0.028219999999999988,0.03503599999999999,0.0368,29,"Recorded verifier window-tag calculation, not complete authentication.",per-observation exclusive interval; no sum-of-percentiles total
logistic_motion_logistic_anomaly,warmup,exact_replay_receiver,reject,duplicate_sequence,reconstruction,29,0.0,0.0,0.0,0.0,0,Actual recorded BCH reconstruction; includes any observer/GC delay.,per-observation exclusive interval; no sum-of-percentiles total
logistic_motion_logistic_anomaly,warmup,exact_replay_receiver,reject,duplicate_sequence,release_conversion_unisolated,29,0.0,0.0,0.0,0.0,0,Accepted release remainder including conversion/dispatch/observer work outside consumer children.,per-observation exclusive interval; no sum-of-percentiles total
logistic_motion_logistic_anomaly,warmup,exact_replay_receiver,reject,duplicate_sequence,sender_binding_unisolated,29,0.0,0.0,0.0,0.0,0,Sender seal remainder: binding/state/orchestration/observer work not separately timed.,per-observation exclusive interval; no sum-of-percentiles total
logistic_motion_logistic_anomaly,warmup,exact_replay_receiver,reject,duplicate_sequence,sender_serialization_and_quality,29,0.0,0.0,0.0,0.0,0,Sender serialization including its quality validation; not separately timed.,per-observation exclusive interval; no sum-of-percentiles total
logistic_motion_logistic_anomaly,warmup,exact_replay_receiver,reject,duplicate_sequence,sender_window_hmac,29,0.0,0.0,0.0,0.0,0,Recorded window-tag generation call.,per-observation exclusive interval; no sum-of-percentiles total
logistic_motion_logistic_anomaly,warmup,exact_replay_receiver,reject,duplicate_sequence,session_establishment_unisolated,29,0.0,0.0,0.0,0.0,0,"Handshake/request/activation remainder, including unseparated HKDF/confirmation work and observer cost.",per-observation exclusive interval; no sum-of-percentiles total
logistic_motion_logistic_anomaly,warmup,exact_replay_receiver,reject,duplicate_sequence,simulated_response_read,29,0.0,0.0,0.0,0.0,0,"Modeled response generation, not physical acquisition.",per-observation exclusive interval; no sum-of-percentiles total
logistic_motion_logistic_anomaly,warmup,fresh_to_first_window,accept,accepted,admission_orchestration_unisolated,29,0.0518,0.06711999999999997,0.07837599999999999,0.0807,29,Admission orchestration remainder not covered by named children.,per-observation exclusive interval; no sum-of-percentiles total
logistic_motion_logistic_anomaly,warmup,fresh_to_first_window,accept,accepted,anomaly_consumer,29,0.4062,0.46875999999999995,0.5367759999999999,0.5608,29,Anomaly consumer including feature scaling and frozen-threshold decision.,per-observation exclusive interval; no sum-of-percentiles total
logistic_motion_logistic_anomaly,warmup,fresh_to_first_window,accept,accepted,binary32_adapter,29,1.2327,1.4611,1.5630279999999999,1.6022,29,Canonical binary32 input adaptation before sender sealing.,per-observation exclusive interval; no sum-of-percentiles total
logistic_motion_logistic_anomaly,warmup,fresh_to_first_window,accept,accepted,credential_verification,29,0.0508,0.07022,0.07691599999999998,0.0791,29,Recorded independent credential-verification call(s).,per-observation exclusive interval; no sum-of-percentiles total
logistic_motion_logistic_anomaly,warmup,fresh_to_first_window,accept,accepted,in_memory_audit_measured,29,0.2023,0.23475999999999997,0.24908,0.2523,29,"Recorded audit record/prepare/commit spans, exclusive of their children; not all audit-related overhead and not durable storage.",per-observation exclusive interval; no sum-of-percentiles total
logistic_motion_logistic_anomaly,warmup,fresh_to_first_window,accept,accepted,local_admission_checks,29,0.0666,0.11103999999999994,0.2236959999999998,0.2634,29,"Measured local authorization/binding/consumption calls, excluding nested credential verification.",per-observation exclusive interval; no sum-of-percentiles total
logistic_motion_logistic_anomaly,warmup,fresh_to_first_window,accept,accepted,model_input_preprocessing,29,3.7478,4.797199999999999,5.078616,5.1165,29,Shared model-input preparation; model-specific normalization remains in consumer timing.,per-observation exclusive interval; no sum-of-percentiles total
logistic_motion_logistic_anomaly,warmup,fresh_to_first_window,accept,accepted,motion_consumer,29,0.5226,0.66902,0.7180759999999999,0.7337,29,Motion consumer including normalization/tensor preparation/prediction decoding.,per-observation exclusive interval; no sum-of-percentiles total
logistic_motion_logistic_anomaly,warmup,fresh_to_first_window,accept,accepted,outer_orchestration_unisolated,29,0.097,0.13737999999999997,0.2078439999999999,0.2331,29,Direct root/first-post-window remainder outside named child spans.,per-observation exclusive interval; no sum-of-percentiles total
logistic_motion_logistic_anomaly,warmup,fresh_to_first_window,accept,accepted,receiver_binding_sequence_state_unisolated,29,0.0776,0.09678,0.10782799999999998,0.112,29,"Verifier remainder including binding, sequence checks, locks/state publication and observer work; NOT isolated sequence latency.",per-observation exclusive interval; no sum-of-percentiles total
logistic_motion_logistic_anomaly,warmup,fresh_to_first_window,accept,accepted,receiver_parsing,29,1.6827,2.0597,2.138476,2.1674,29,Envelope and binary parser call.,per-observation exclusive interval; no sum-of-percentiles total
logistic_motion_logistic_anomaly,warmup,fresh_to_first_window,accept,accepted,receiver_quality_check,29,0.6215,0.73124,0.8032719999999999,0.8292,29,Verifier quality-check call.,per-observation exclusive interval; no sum-of-percentiles total
logistic_motion_logistic_anomaly,warmup,fresh_to_first_window,accept,accepted,receiver_window_hmac,29,0.0175,0.022819999999999997,0.025947999999999995,0.0269,29,"Recorded verifier window-tag calculation, not complete authentication.",per-observation exclusive interval; no sum-of-percentiles total
logistic_motion_logistic_anomaly,warmup,fresh_to_first_window,accept,accepted,reconstruction,29,5.3428,6.632259999999999,8.949995999999997,9.7779,29,Actual recorded BCH reconstruction; includes any observer/GC delay.,per-observation exclusive interval; no sum-of-percentiles total
logistic_motion_logistic_anomaly,warmup,fresh_to_first_window,accept,accepted,release_conversion_unisolated,29,0.5374,0.6337,0.6867399999999999,0.7034,29,Accepted release remainder including conversion/dispatch/observer work outside consumer children.,per-observation exclusive interval; no sum-of-percentiles total
logistic_motion_logistic_anomaly,warmup,fresh_to_first_window,accept,accepted,sender_binding_unisolated,29,0.1202,0.19041999999999995,0.23901999999999995,0.2526,29,Sender seal remainder: binding/state/orchestration/observer work not separately timed.,per-observation exclusive interval; no sum-of-percentiles total
logistic_motion_logistic_anomaly,warmup,fresh_to_first_window,accept,accepted,sender_serialization_and_quality,29,1.1371,1.44146,1.471508,1.481,29,Sender serialization including its quality validation; not separately timed.,per-observation exclusive interval; no sum-of-percentiles total
logistic_motion_logistic_anomaly,warmup,fresh_to_first_window,accept,accepted,sender_window_hmac,29,0.0173,0.02576,0.028735999999999998,0.0298,29,Recorded window-tag generation call.,per-observation exclusive interval; no sum-of-percentiles total
logistic_motion_logistic_anomaly,warmup,fresh_to_first_window,accept,accepted,session_establishment_unisolated,29,0.4443,0.5354,0.551672,0.5545,29,"Handshake/request/activation remainder, including unseparated HKDF/confirmation work and observer cost.",per-observation exclusive interval; no sum-of-percentiles total
logistic_motion_logistic_anomaly,warmup,fresh_to_first_window,accept,accepted,simulated_response_read,29,0.2147,0.25418,0.270804,0.2766,29,"Modeled response generation, not physical acquisition.",per-observation exclusive interval; no sum-of-percentiles total
logistic_motion_logistic_anomaly,warmup,malformed_json_receiver,reject,malformed_message,admission_orchestration_unisolated,29,0.0,0.0,0.0,0.0,0,Admission orchestration remainder not covered by named children.,per-observation exclusive interval; no sum-of-percentiles total
logistic_motion_logistic_anomaly,warmup,malformed_json_receiver,reject,malformed_message,anomaly_consumer,29,0.0,0.0,0.0,0.0,0,Anomaly consumer including feature scaling and frozen-threshold decision.,per-observation exclusive interval; no sum-of-percentiles total
logistic_motion_logistic_anomaly,warmup,malformed_json_receiver,reject,malformed_message,binary32_adapter,29,0.0,0.0,0.0,0.0,0,Canonical binary32 input adaptation before sender sealing.,per-observation exclusive interval; no sum-of-percentiles total
logistic_motion_logistic_anomaly,warmup,malformed_json_receiver,reject,malformed_message,credential_verification,29,0.0,0.0,0.0,0.0,0,Recorded independent credential-verification call(s).,per-observation exclusive interval; no sum-of-percentiles total
logistic_motion_logistic_anomaly,warmup,malformed_json_receiver,reject,malformed_message,in_memory_audit_measured,29,0.0447,0.05613999999999999,0.06857999999999999,0.0725,29,"Recorded audit record/prepare/commit spans, exclusive of their children; not all audit-related overhead and not durable storage.",per-observation exclusive interval; no sum-of-percentiles total
logistic_motion_logistic_anomaly,warmup,malformed_json_receiver,reject,malformed_message,local_admission_checks,29,0.0,0.0,0.0,0.0,0,"Measured local authorization/binding/consumption calls, excluding nested credential verification.",per-observation exclusive interval; no sum-of-percentiles total
logistic_motion_logistic_anomaly,warmup,malformed_json_receiver,reject,malformed_message,model_input_preprocessing,29,0.0,0.0,0.0,0.0,0,Shared model-input preparation; model-specific normalization remains in consumer timing.,per-observation exclusive interval; no sum-of-percentiles total
logistic_motion_logistic_anomaly,warmup,malformed_json_receiver,reject,malformed_message,motion_consumer,29,0.0,0.0,0.0,0.0,0,Motion consumer including normalization/tensor preparation/prediction decoding.,per-observation exclusive interval; no sum-of-percentiles total
logistic_motion_logistic_anomaly,warmup,malformed_json_receiver,reject,malformed_message,outer_orchestration_unisolated,29,0.0083,0.010599999999999998,0.010872,0.0109,29,Direct root/first-post-window remainder outside named child spans.,per-observation exclusive interval; no sum-of-percentiles total
logistic_motion_logistic_anomaly,warmup,malformed_json_receiver,reject,malformed_message,receiver_binding_sequence_state_unisolated,29,0.0414,0.05781999999999999,0.07060399999999999,0.075,29,"Verifier remainder including binding, sequence checks, locks/state publication and observer work; NOT isolated sequence latency.",per-observation exclusive interval; no sum-of-percentiles total
logistic_motion_logistic_anomaly,warmup,malformed_json_receiver,reject,malformed_message,receiver_parsing,29,0.03,0.04233999999999999,0.047604,0.0485,29,Envelope and binary parser call.,per-observation exclusive interval; no sum-of-percentiles total
logistic_motion_logistic_anomaly,warmup,malformed_json_receiver,reject,malformed_message,receiver_quality_check,29,0.0,0.0,0.0,0.0,0,Verifier quality-check call.,per-observation exclusive interval; no sum-of-percentiles total
logistic_motion_logistic_anomaly,warmup,malformed_json_receiver,reject,malformed_message,receiver_window_hmac,29,0.0,0.0,0.0,0.0,0,"Recorded verifier window-tag calculation, not complete authentication.",per-observation exclusive interval; no sum-of-percentiles total
logistic_motion_logistic_anomaly,warmup,malformed_json_receiver,reject,malformed_message,reconstruction,29,0.0,0.0,0.0,0.0,0,Actual recorded BCH reconstruction; includes any observer/GC delay.,per-observation exclusive interval; no sum-of-percentiles total
logistic_motion_logistic_anomaly,warmup,malformed_json_receiver,reject,malformed_message,release_conversion_unisolated,29,0.0,0.0,0.0,0.0,0,Accepted release remainder including conversion/dispatch/observer work outside consumer children.,per-observation exclusive interval; no sum-of-percentiles total
logistic_motion_logistic_anomaly,warmup,malformed_json_receiver,reject,malformed_message,sender_binding_unisolated,29,0.0,0.0,0.0,0.0,0,Sender seal remainder: binding/state/orchestration/observer work not separately timed.,per-observation exclusive interval; no sum-of-percentiles total
logistic_motion_logistic_anomaly,warmup,malformed_json_receiver,reject,malformed_message,sender_serialization_and_quality,29,0.0,0.0,0.0,0.0,0,Sender serialization including its quality validation; not separately timed.,per-observation exclusive interval; no sum-of-percentiles total
logistic_motion_logistic_anomaly,warmup,malformed_json_receiver,reject,malformed_message,sender_window_hmac,29,0.0,0.0,0.0,0.0,0,Recorded window-tag generation call.,per-observation exclusive interval; no sum-of-percentiles total
logistic_motion_logistic_anomaly,warmup,malformed_json_receiver,reject,malformed_message,session_establishment_unisolated,29,0.0,0.0,0.0,0.0,0,"Handshake/request/activation remainder, including unseparated HKDF/confirmation work and observer cost.",per-observation exclusive interval; no sum-of-percentiles total
logistic_motion_logistic_anomaly,warmup,malformed_json_receiver,reject,malformed_message,simulated_response_read,29,0.0,0.0,0.0,0.0,0,"Modeled response generation, not physical acquisition.",per-observation exclusive interval; no sum-of-percentiles total
logistic_motion_logistic_anomaly,warmup,post_window_after_refusals,accept,accepted,admission_orchestration_unisolated,29,0.0,0.0,0.0,0.0,0,Admission orchestration remainder not covered by named children.,per-observation exclusive interval; no sum-of-percentiles total
logistic_motion_logistic_anomaly,warmup,post_window_after_refusals,accept,accepted,anomaly_consumer,29,0.4079,0.5783199999999998,0.7190879999999997,0.7619,29,Anomaly consumer including feature scaling and frozen-threshold decision.,per-observation exclusive interval; no sum-of-percentiles total
logistic_motion_logistic_anomaly,warmup,post_window_after_refusals,accept,accepted,binary32_adapter,29,1.17,1.3065,1.4140599999999999,1.4506,29,Canonical binary32 input adaptation before sender sealing.,per-observation exclusive interval; no sum-of-percentiles total
logistic_motion_logistic_anomaly,warmup,post_window_after_refusals,accept,accepted,credential_verification,29,0.0,0.0,0.0,0.0,0,Recorded independent credential-verification call(s).,per-observation exclusive interval; no sum-of-percentiles total
logistic_motion_logistic_anomaly,warmup,post_window_after_refusals,accept,accepted,in_memory_audit_measured,29,0.0796,0.09591999999999999,0.10570399999999998,0.1087,29,"Recorded audit record/prepare/commit spans, exclusive of their children; not all audit-related overhead and not durable storage.",per-observation exclusive interval; no sum-of-percentiles total
logistic_motion_logistic_anomaly,warmup,post_window_after_refusals,accept,accepted,local_admission_checks,29,0.0,0.0,0.0,0.0,0,"Measured local authorization/binding/consumption calls, excluding nested credential verification.",per-observation exclusive interval; no sum-of-percentiles total
logistic_motion_logistic_anomaly,warmup,post_window_after_refusals,accept,accepted,model_input_preprocessing,29,3.8024,4.44242,5.046059999999999,5.2716,29,Shared model-input preparation; model-specific normalization remains in consumer timing.,per-observation exclusive interval; no sum-of-percentiles total
logistic_motion_logistic_anomaly,warmup,post_window_after_refusals,accept,accepted,motion_consumer,29,0.5521,0.6443,0.7321719999999999,0.7651,29,Motion consumer including normalization/tensor preparation/prediction decoding.,per-observation exclusive interval; no sum-of-percentiles total
logistic_motion_logistic_anomaly,warmup,post_window_after_refusals,accept,accepted,outer_orchestration_unisolated,29,0.0699,0.08751999999999997,0.10308799999999999,0.1067,29,Direct root/first-post-window remainder outside named child spans.,per-observation exclusive interval; no sum-of-percentiles total
logistic_motion_logistic_anomaly,warmup,post_window_after_refusals,accept,accepted,receiver_binding_sequence_state_unisolated,29,0.0839,0.10196,0.12097599999999997,0.1282,29,"Verifier remainder including binding, sequence checks, locks/state publication and observer work; NOT isolated sequence latency.",per-observation exclusive interval; no sum-of-percentiles total
logistic_motion_logistic_anomaly,warmup,post_window_after_refusals,accept,accepted,receiver_parsing,29,1.7609,3.9153,4.012004,4.0388,29,Envelope and binary parser call.,per-observation exclusive interval; no sum-of-percentiles total
logistic_motion_logistic_anomaly,warmup,post_window_after_refusals,accept,accepted,receiver_quality_check,29,0.6353,0.7611599999999998,0.8253359999999998,0.8439,29,Verifier quality-check call.,per-observation exclusive interval; no sum-of-percentiles total
logistic_motion_logistic_anomaly,warmup,post_window_after_refusals,accept,accepted,receiver_window_hmac,29,0.0191,0.02582,0.03590799999999999,0.0398,29,"Recorded verifier window-tag calculation, not complete authentication.",per-observation exclusive interval; no sum-of-percentiles total
logistic_motion_logistic_anomaly,warmup,post_window_after_refusals,accept,accepted,reconstruction,29,0.0,0.0,0.0,0.0,0,Actual recorded BCH reconstruction; includes any observer/GC delay.,per-observation exclusive interval; no sum-of-percentiles total
logistic_motion_logistic_anomaly,warmup,post_window_after_refusals,accept,accepted,release_conversion_unisolated,29,0.5325,0.65754,0.67778,0.6845,29,Accepted release remainder including conversion/dispatch/observer work outside consumer children.,per-observation exclusive interval; no sum-of-percentiles total
logistic_motion_logistic_anomaly,warmup,post_window_after_refusals,accept,accepted,sender_binding_unisolated,29,0.1109,0.14332,0.146184,0.1468,29,Sender seal remainder: binding/state/orchestration/observer work not separately timed.,per-observation exclusive interval; no sum-of-percentiles total
logistic_motion_logistic_anomaly,warmup,post_window_after_refusals,accept,accepted,sender_serialization_and_quality,29,1.1213,1.21708,1.3471599999999997,1.397,29,Sender serialization including its quality validation; not separately timed.,per-observation exclusive interval; no sum-of-percentiles total
logistic_motion_logistic_anomaly,warmup,post_window_after_refusals,accept,accepted,sender_window_hmac,29,0.0205,0.02831999999999999,0.04048799999999998,0.0448,29,Recorded window-tag generation call.,per-observation exclusive interval; no sum-of-percentiles total
logistic_motion_logistic_anomaly,warmup,post_window_after_refusals,accept,accepted,session_establishment_unisolated,29,0.0,0.0,0.0,0.0,0,"Handshake/request/activation remainder, including unseparated HKDF/confirmation work and observer cost.",per-observation exclusive interval; no sum-of-percentiles total
logistic_motion_logistic_anomaly,warmup,post_window_after_refusals,accept,accepted,simulated_response_read,29,0.0,0.0,0.0,0.0,0,"Modeled response generation, not physical acquisition.",per-observation exclusive interval; no sum-of-percentiles total
logistic_motion_logistic_anomaly,warmup,post_window_recurring,accept,accepted,admission_orchestration_unisolated,29,0.0,0.0,0.0,0.0,0,Admission orchestration remainder not covered by named children.,per-observation exclusive interval; no sum-of-percentiles total
logistic_motion_logistic_anomaly,warmup,post_window_recurring,accept,accepted,anomaly_consumer,29,0.4113,0.6461999999999999,0.7461999999999999,0.7798,29,Anomaly consumer including feature scaling and frozen-threshold decision.,per-observation exclusive interval; no sum-of-percentiles total
logistic_motion_logistic_anomaly,warmup,post_window_recurring,accept,accepted,binary32_adapter,29,1.1816,1.44938,1.495404,1.5082,29,Canonical binary32 input adaptation before sender sealing.,per-observation exclusive interval; no sum-of-percentiles total
logistic_motion_logistic_anomaly,warmup,post_window_recurring,accept,accepted,credential_verification,29,0.0,0.0,0.0,0.0,0,Recorded independent credential-verification call(s).,per-observation exclusive interval; no sum-of-percentiles total
logistic_motion_logistic_anomaly,warmup,post_window_recurring,accept,accepted,in_memory_audit_measured,29,0.0854,0.10128,0.10572,0.1074,29,"Recorded audit record/prepare/commit spans, exclusive of their children; not all audit-related overhead and not durable storage.",per-observation exclusive interval; no sum-of-percentiles total
logistic_motion_logistic_anomaly,warmup,post_window_recurring,accept,accepted,local_admission_checks,29,0.0,0.0,0.0,0.0,0,"Measured local authorization/binding/consumption calls, excluding nested credential verification.",per-observation exclusive interval; no sum-of-percentiles total
logistic_motion_logistic_anomaly,warmup,post_window_recurring,accept,accepted,model_input_preprocessing,29,3.6354,4.743499999999999,5.132652,5.2108,29,Shared model-input preparation; model-specific normalization remains in consumer timing.,per-observation exclusive interval; no sum-of-percentiles total
logistic_motion_logistic_anomaly,warmup,post_window_recurring,accept,accepted,motion_consumer,29,0.5165,0.6571,0.673596,0.679,29,Motion consumer including normalization/tensor preparation/prediction decoding.,per-observation exclusive interval; no sum-of-percentiles total
logistic_motion_logistic_anomaly,warmup,post_window_recurring,accept,accepted,outer_orchestration_unisolated,29,0.0734,0.09017999999999998,0.09940399999999999,0.1024,29,Direct root/first-post-window remainder outside named child spans.,per-observation exclusive interval; no sum-of-percentiles total
logistic_motion_logistic_anomaly,warmup,post_window_recurring,accept,accepted,receiver_binding_sequence_state_unisolated,29,0.0901,0.10477999999999998,0.109188,0.11,29,"Verifier remainder including binding, sequence checks, locks/state publication and observer work; NOT isolated sequence latency.",per-observation exclusive interval; no sum-of-percentiles total
logistic_motion_logistic_anomaly,warmup,post_window_recurring,accept,accepted,receiver_parsing,29,1.6785,2.06396,2.19784,2.2397,29,Envelope and binary parser call.,per-observation exclusive interval; no sum-of-percentiles total
logistic_motion_logistic_anomaly,warmup,post_window_recurring,accept,accepted,receiver_quality_check,29,0.6616,0.80104,0.8600159999999999,0.8825,29,Verifier quality-check call.,per-observation exclusive interval; no sum-of-percentiles total
logistic_motion_logistic_anomaly,warmup,post_window_recurring,accept,accepted,receiver_window_hmac,29,0.0196,0.02418,0.027451999999999997,0.0286,29,"Recorded verifier window-tag calculation, not complete authentication.",per-observation exclusive interval; no sum-of-percentiles total
logistic_motion_logistic_anomaly,warmup,post_window_recurring,accept,accepted,reconstruction,29,0.0,0.0,0.0,0.0,0,Actual recorded BCH reconstruction; includes any observer/GC delay.,per-observation exclusive interval; no sum-of-percentiles total
logistic_motion_logistic_anomaly,warmup,post_window_recurring,accept,accepted,release_conversion_unisolated,29,0.5721,0.67834,0.692612,0.6974,29,Accepted release remainder including conversion/dispatch/observer work outside consumer children.,per-observation exclusive interval; no sum-of-percentiles total
logistic_motion_logistic_anomaly,warmup,post_window_recurring,accept,accepted,sender_binding_unisolated,29,0.1207,0.14642,0.150588,0.1521,29,Sender seal remainder: binding/state/orchestration/observer work not separately timed.,per-observation exclusive interval; no sum-of-percentiles total
logistic_motion_logistic_anomaly,warmup,post_window_recurring,accept,accepted,sender_serialization_and_quality,29,1.1405,1.38046,1.45806,1.4855,29,Sender serialization including its quality validation; not separately timed.,per-observation exclusive interval; no sum-of-percentiles total
logistic_motion_logistic_anomaly,warmup,post_window_recurring,accept,accepted,sender_window_hmac,29,0.0207,0.026279999999999998,0.02828,0.0287,29,Recorded window-tag generation call.,per-observation exclusive interval; no sum-of-percentiles total
logistic_motion_logistic_anomaly,warmup,post_window_recurring,accept,accepted,session_establishment_unisolated,29,0.0,0.0,0.0,0.0,0,"Handshake/request/activation remainder, including unseparated HKDF/confirmation work and observer cost.",per-observation exclusive interval; no sum-of-percentiles total
logistic_motion_logistic_anomaly,warmup,post_window_recurring,accept,accepted,simulated_response_read,29,0.0,0.0,0.0,0.0,0,"Modeled response generation, not physical acquisition.",per-observation exclusive interval; no sum-of-percentiles total
logistic_motion_logistic_anomaly,warmup,pre_tag_quality_refusal,reject,data_quality_failure,admission_orchestration_unisolated,29,0.0,0.0,0.0,0.0,0,Admission orchestration remainder not covered by named children.,per-observation exclusive interval; no sum-of-percentiles total
logistic_motion_logistic_anomaly,warmup,pre_tag_quality_refusal,reject,data_quality_failure,anomaly_consumer,29,0.0,0.0,0.0,0.0,0,Anomaly consumer including feature scaling and frozen-threshold decision.,per-observation exclusive interval; no sum-of-percentiles total
logistic_motion_logistic_anomaly,warmup,pre_tag_quality_refusal,reject,data_quality_failure,binary32_adapter,29,1.1936,1.4097,1.7296519999999995,1.8498,29,Canonical binary32 input adaptation before sender sealing.,per-observation exclusive interval; no sum-of-percentiles total
logistic_motion_logistic_anomaly,warmup,pre_tag_quality_refusal,reject,data_quality_failure,credential_verification,29,0.0,0.0,0.0,0.0,0,Recorded independent credential-verification call(s).,per-observation exclusive interval; no sum-of-percentiles total
logistic_motion_logistic_anomaly,warmup,pre_tag_quality_refusal,reject,data_quality_failure,in_memory_audit_measured,29,0.0487,0.06849999999999998,0.11678799999999995,0.133,29,"Recorded audit record/prepare/commit spans, exclusive of their children; not all audit-related overhead and not durable storage.",per-observation exclusive interval; no sum-of-percentiles total
logistic_motion_logistic_anomaly,warmup,pre_tag_quality_refusal,reject,data_quality_failure,local_admission_checks,29,0.0,0.0,0.0,0.0,0,"Measured local authorization/binding/consumption calls, excluding nested credential verification.",per-observation exclusive interval; no sum-of-percentiles total
logistic_motion_logistic_anomaly,warmup,pre_tag_quality_refusal,reject,data_quality_failure,model_input_preprocessing,29,0.0,0.0,0.0,0.0,0,Shared model-input preparation; model-specific normalization remains in consumer timing.,per-observation exclusive interval; no sum-of-percentiles total
logistic_motion_logistic_anomaly,warmup,pre_tag_quality_refusal,reject,data_quality_failure,motion_consumer,29,0.0,0.0,0.0,0.0,0,Motion consumer including normalization/tensor preparation/prediction decoding.,per-observation exclusive interval; no sum-of-percentiles total
logistic_motion_logistic_anomaly,warmup,pre_tag_quality_refusal,reject,data_quality_failure,outer_orchestration_unisolated,29,0.05,0.06394,0.10589999999999994,0.122,29,Direct root/first-post-window remainder outside named child spans.,per-observation exclusive interval; no sum-of-percentiles total
logistic_motion_logistic_anomaly,warmup,pre_tag_quality_refusal,reject,data_quality_failure,receiver_binding_sequence_state_unisolated,29,0.0,0.0,0.0,0.0,0,"Verifier remainder including binding, sequence checks, locks/state publication and observer work; NOT isolated sequence latency.",per-observation exclusive interval; no sum-of-percentiles total
logistic_motion_logistic_anomaly,warmup,pre_tag_quality_refusal,reject,data_quality_failure,receiver_parsing,29,0.0,0.0,0.0,0.0,0,Envelope and binary parser call.,per-observation exclusive interval; no sum-of-percentiles total
logistic_motion_logistic_anomaly,warmup,pre_tag_quality_refusal,reject,data_quality_failure,receiver_quality_check,29,0.0,0.0,0.0,0.0,0,Verifier quality-check call.,per-observation exclusive interval; no sum-of-percentiles total
logistic_motion_logistic_anomaly,warmup,pre_tag_quality_refusal,reject,data_quality_failure,receiver_window_hmac,29,0.0,0.0,0.0,0.0,0,"Recorded verifier window-tag calculation, not complete authentication.",per-observation exclusive interval; no sum-of-percentiles total
logistic_motion_logistic_anomaly,warmup,pre_tag_quality_refusal,reject,data_quality_failure,reconstruction,29,0.0,0.0,0.0,0.0,0,Actual recorded BCH reconstruction; includes any observer/GC delay.,per-observation exclusive interval; no sum-of-percentiles total
logistic_motion_logistic_anomaly,warmup,pre_tag_quality_refusal,reject,data_quality_failure,release_conversion_unisolated,29,0.0,0.0,0.0,0.0,0,Accepted release remainder including conversion/dispatch/observer work outside consumer children.,per-observation exclusive interval; no sum-of-percentiles total
logistic_motion_logistic_anomaly,warmup,pre_tag_quality_refusal,reject,data_quality_failure,sender_binding_unisolated,29,0.068,0.08978,0.091076,0.0913,29,Sender seal remainder: binding/state/orchestration/observer work not separately timed.,per-observation exclusive interval; no sum-of-percentiles total
logistic_motion_logistic_anomaly,warmup,pre_tag_quality_refusal,reject,data_quality_failure,sender_serialization_and_quality,29,0.5094,0.6435999999999998,0.661032,0.6612,29,Sender serialization including its quality validation; not separately timed.,per-observation exclusive interval; no sum-of-percentiles total
logistic_motion_logistic_anomaly,warmup,pre_tag_quality_refusal,reject,data_quality_failure,sender_window_hmac,29,0.0,0.0,0.0,0.0,0,Recorded window-tag generation call.,per-observation exclusive interval; no sum-of-percentiles total
logistic_motion_logistic_anomaly,warmup,pre_tag_quality_refusal,reject,data_quality_failure,session_establishment_unisolated,29,0.0,0.0,0.0,0.0,0,"Handshake/request/activation remainder, including unseparated HKDF/confirmation work and observer cost.",per-observation exclusive interval; no sum-of-percentiles total
logistic_motion_logistic_anomaly,warmup,pre_tag_quality_refusal,reject,data_quality_failure,simulated_response_read,29,0.0,0.0,0.0,0.0,0,"Modeled response generation, not physical acquisition.",per-observation exclusive interval; no sum-of-percentiles total
logistic_motion_logistic_anomaly,warmup,valid_receiver_after_bad_tag,accept,accepted,admission_orchestration_unisolated,29,0.0,0.0,0.0,0.0,0,Admission orchestration remainder not covered by named children.,per-observation exclusive interval; no sum-of-percentiles total
logistic_motion_logistic_anomaly,warmup,valid_receiver_after_bad_tag,accept,accepted,anomaly_consumer,29,0.3949,0.6764199999999998,1.5437479999999986,1.8611,29,Anomaly consumer including feature scaling and frozen-threshold decision.,per-observation exclusive interval; no sum-of-percentiles total
logistic_motion_logistic_anomaly,warmup,valid_receiver_after_bad_tag,accept,accepted,binary32_adapter,29,0.0,0.0,0.0,0.0,0,Canonical binary32 input adaptation before sender sealing.,per-observation exclusive interval; no sum-of-percentiles total
logistic_motion_logistic_anomaly,warmup,valid_receiver_after_bad_tag,accept,accepted,credential_verification,29,0.0,0.0,0.0,0.0,0,Recorded independent credential-verification call(s).,per-observation exclusive interval; no sum-of-percentiles total
logistic_motion_logistic_anomaly,warmup,valid_receiver_after_bad_tag,accept,accepted,in_memory_audit_measured,29,0.0427,0.0616,0.062736,0.0631,29,"Recorded audit record/prepare/commit spans, exclusive of their children; not all audit-related overhead and not durable storage.",per-observation exclusive interval; no sum-of-percentiles total
logistic_motion_logistic_anomaly,warmup,valid_receiver_after_bad_tag,accept,accepted,local_admission_checks,29,0.0,0.0,0.0,0.0,0,"Measured local authorization/binding/consumption calls, excluding nested credential verification.",per-observation exclusive interval; no sum-of-percentiles total
logistic_motion_logistic_anomaly,warmup,valid_receiver_after_bad_tag,accept,accepted,model_input_preprocessing,29,3.7458,4.35564,4.416192,4.4298,29,Shared model-input preparation; model-specific normalization remains in consumer timing.,per-observation exclusive interval; no sum-of-percentiles total
logistic_motion_logistic_anomaly,warmup,valid_receiver_after_bad_tag,accept,accepted,motion_consumer,29,0.5175,0.6895599999999998,0.748672,0.7627,29,Motion consumer including normalization/tensor preparation/prediction decoding.,per-observation exclusive interval; no sum-of-percentiles total
logistic_motion_logistic_anomaly,warmup,valid_receiver_after_bad_tag,accept,accepted,outer_orchestration_unisolated,29,0.0189,0.02528,0.028407999999999996,0.0295,29,Direct root/first-post-window remainder outside named child spans.,per-observation exclusive interval; no sum-of-percentiles total
logistic_motion_logistic_anomaly,warmup,valid_receiver_after_bad_tag,accept,accepted,receiver_binding_sequence_state_unisolated,29,0.0848,0.12548,0.21033599999999988,0.2429,29,"Verifier remainder including binding, sequence checks, locks/state publication and observer work; NOT isolated sequence latency.",per-observation exclusive interval; no sum-of-percentiles total
logistic_motion_logistic_anomaly,warmup,valid_receiver_after_bad_tag,accept,accepted,receiver_parsing,29,1.5424,1.77126,2.1112679999999995,2.242,29,Envelope and binary parser call.,per-observation exclusive interval; no sum-of-percentiles total
logistic_motion_logistic_anomaly,warmup,valid_receiver_after_bad_tag,accept,accepted,receiver_quality_check,29,0.66,0.79808,0.8568719999999999,0.8786,29,Verifier quality-check call.,per-observation exclusive interval; no sum-of-percentiles total
logistic_motion_logistic_anomaly,warmup,valid_receiver_after_bad_tag,accept,accepted,receiver_window_hmac,29,0.0176,0.026859999999999988,0.029132,0.0293,29,"Recorded verifier window-tag calculation, not complete authentication.",per-observation exclusive interval; no sum-of-percentiles total
logistic_motion_logistic_anomaly,warmup,valid_receiver_after_bad_tag,accept,accepted,reconstruction,29,0.0,0.0,0.0,0.0,0,Actual recorded BCH reconstruction; includes any observer/GC delay.,per-observation exclusive interval; no sum-of-percentiles total
logistic_motion_logistic_anomaly,warmup,valid_receiver_after_bad_tag,accept,accepted,release_conversion_unisolated,29,0.5601,0.67576,0.7515199999999999,0.777,29,Accepted release remainder including conversion/dispatch/observer work outside consumer children.,per-observation exclusive interval; no sum-of-percentiles total
logistic_motion_logistic_anomaly,warmup,valid_receiver_after_bad_tag,accept,accepted,sender_binding_unisolated,29,0.0,0.0,0.0,0.0,0,Sender seal remainder: binding/state/orchestration/observer work not separately timed.,per-observation exclusive interval; no sum-of-percentiles total
logistic_motion_logistic_anomaly,warmup,valid_receiver_after_bad_tag,accept,accepted,sender_serialization_and_quality,29,0.0,0.0,0.0,0.0,0,Sender serialization including its quality validation; not separately timed.,per-observation exclusive interval; no sum-of-percentiles total
logistic_motion_logistic_anomaly,warmup,valid_receiver_after_bad_tag,accept,accepted,sender_window_hmac,29,0.0,0.0,0.0,0.0,0,Recorded window-tag generation call.,per-observation exclusive interval; no sum-of-percentiles total
logistic_motion_logistic_anomaly,warmup,valid_receiver_after_bad_tag,accept,accepted,session_establishment_unisolated,29,0.0,0.0,0.0,0.0,0,"Handshake/request/activation remainder, including unseparated HKDF/confirmation work and observer cost.",per-observation exclusive interval; no sum-of-percentiles total
logistic_motion_logistic_anomaly,warmup,valid_receiver_after_bad_tag,accept,accepted,simulated_response_read,29,0.0,0.0,0.0,0.0,0,"Modeled response generation, not physical acquisition.",per-observation exclusive interval; no sum-of-percentiles total
snn32_seed7_forest_anomaly,condition_first_use,bad_tag_receiver,reject,invalid_tag,admission_orchestration_unisolated,1,0.0,0.0,0.0,0.0,0,Admission orchestration remainder not covered by named children.,per-observation exclusive interval; no sum-of-percentiles total
snn32_seed7_forest_anomaly,condition_first_use,bad_tag_receiver,reject,invalid_tag,anomaly_consumer,1,0.0,0.0,0.0,0.0,0,Anomaly consumer including feature scaling and frozen-threshold decision.,per-observation exclusive interval; no sum-of-percentiles total
snn32_seed7_forest_anomaly,condition_first_use,bad_tag_receiver,reject,invalid_tag,binary32_adapter,1,0.0,0.0,0.0,0.0,0,Canonical binary32 input adaptation before sender sealing.,per-observation exclusive interval; no sum-of-percentiles total
snn32_seed7_forest_anomaly,condition_first_use,bad_tag_receiver,reject,invalid_tag,credential_verification,1,0.0,0.0,0.0,0.0,0,Recorded independent credential-verification call(s).,per-observation exclusive interval; no sum-of-percentiles total
snn32_seed7_forest_anomaly,condition_first_use,bad_tag_receiver,reject,invalid_tag,in_memory_audit_measured,1,0.0329,0.0329,0.0329,0.0329,1,"Recorded audit record/prepare/commit spans, exclusive of their children; not all audit-related overhead and not durable storage.",per-observation exclusive interval; no sum-of-percentiles total
snn32_seed7_forest_anomaly,condition_first_use,bad_tag_receiver,reject,invalid_tag,local_admission_checks,1,0.0,0.0,0.0,0.0,0,"Measured local authorization/binding/consumption calls, excluding nested credential verification.",per-observation exclusive interval; no sum-of-percentiles total
snn32_seed7_forest_anomaly,condition_first_use,bad_tag_receiver,reject,invalid_tag,model_input_preprocessing,1,0.0,0.0,0.0,0.0,0,Shared model-input preparation; model-specific normalization remains in consumer timing.,per-observation exclusive interval; no sum-of-percentiles total
snn32_seed7_forest_anomaly,condition_first_use,bad_tag_receiver,reject,invalid_tag,motion_consumer,1,0.0,0.0,0.0,0.0,0,Motion consumer including normalization/tensor preparation/prediction decoding.,per-observation exclusive interval; no sum-of-percentiles total
snn32_seed7_forest_anomaly,condition_first_use,bad_tag_receiver,reject,invalid_tag,outer_orchestration_unisolated,1,0.0101,0.0101,0.0101,0.0101,1,Direct root/first-post-window remainder outside named child spans.,per-observation exclusive interval; no sum-of-percentiles total
snn32_seed7_forest_anomaly,condition_first_use,bad_tag_receiver,reject,invalid_tag,receiver_binding_sequence_state_unisolated,1,0.0788,0.0788,0.0788,0.0788,1,"Verifier remainder including binding, sequence checks, locks/state publication and observer work; NOT isolated sequence latency.",per-observation exclusive interval; no sum-of-percentiles total
snn32_seed7_forest_anomaly,condition_first_use,bad_tag_receiver,reject,invalid_tag,receiver_parsing,1,1.3114,1.3114,1.3114,1.3114,1,Envelope and binary parser call.,per-observation exclusive interval; no sum-of-percentiles total
snn32_seed7_forest_anomaly,condition_first_use,bad_tag_receiver,reject,invalid_tag,receiver_quality_check,1,0.0,0.0,0.0,0.0,0,Verifier quality-check call.,per-observation exclusive interval; no sum-of-percentiles total
snn32_seed7_forest_anomaly,condition_first_use,bad_tag_receiver,reject,invalid_tag,receiver_window_hmac,1,0.0158,0.0158,0.0158,0.0158,1,"Recorded verifier window-tag calculation, not complete authentication.",per-observation exclusive interval; no sum-of-percentiles total
snn32_seed7_forest_anomaly,condition_first_use,bad_tag_receiver,reject,invalid_tag,reconstruction,1,0.0,0.0,0.0,0.0,0,Actual recorded BCH reconstruction; includes any observer/GC delay.,per-observation exclusive interval; no sum-of-percentiles total
snn32_seed7_forest_anomaly,condition_first_use,bad_tag_receiver,reject,invalid_tag,release_conversion_unisolated,1,0.0,0.0,0.0,0.0,0,Accepted release remainder including conversion/dispatch/observer work outside consumer children.,per-observation exclusive interval; no sum-of-percentiles total
snn32_seed7_forest_anomaly,condition_first_use,bad_tag_receiver,reject,invalid_tag,sender_binding_unisolated,1,0.0,0.0,0.0,0.0,0,Sender seal remainder: binding/state/orchestration/observer work not separately timed.,per-observation exclusive interval; no sum-of-percentiles total
snn32_seed7_forest_anomaly,condition_first_use,bad_tag_receiver,reject,invalid_tag,sender_serialization_and_quality,1,0.0,0.0,0.0,0.0,0,Sender serialization including its quality validation; not separately timed.,per-observation exclusive interval; no sum-of-percentiles total
snn32_seed7_forest_anomaly,condition_first_use,bad_tag_receiver,reject,invalid_tag,sender_window_hmac,1,0.0,0.0,0.0,0.0,0,Recorded window-tag generation call.,per-observation exclusive interval; no sum-of-percentiles total
snn32_seed7_forest_anomaly,condition_first_use,bad_tag_receiver,reject,invalid_tag,session_establishment_unisolated,1,0.0,0.0,0.0,0.0,0,"Handshake/request/activation remainder, including unseparated HKDF/confirmation work and observer cost.",per-observation exclusive interval; no sum-of-percentiles total
snn32_seed7_forest_anomaly,condition_first_use,bad_tag_receiver,reject,invalid_tag,simulated_response_read,1,0.0,0.0,0.0,0.0,0,"Modeled response generation, not physical acquisition.",per-observation exclusive interval; no sum-of-percentiles total
snn32_seed7_forest_anomaly,condition_first_use,exact_replay_receiver,reject,duplicate_sequence,admission_orchestration_unisolated,1,0.0,0.0,0.0,0.0,0,Admission orchestration remainder not covered by named children.,per-observation exclusive interval; no sum-of-percentiles total
snn32_seed7_forest_anomaly,condition_first_use,exact_replay_receiver,reject,duplicate_sequence,anomaly_consumer,1,0.0,0.0,0.0,0.0,0,Anomaly consumer including feature scaling and frozen-threshold decision.,per-observation exclusive interval; no sum-of-percentiles total
snn32_seed7_forest_anomaly,condition_first_use,exact_replay_receiver,reject,duplicate_sequence,binary32_adapter,1,0.0,0.0,0.0,0.0,0,Canonical binary32 input adaptation before sender sealing.,per-observation exclusive interval; no sum-of-percentiles total
snn32_seed7_forest_anomaly,condition_first_use,exact_replay_receiver,reject,duplicate_sequence,credential_verification,1,0.0,0.0,0.0,0.0,0,Recorded independent credential-verification call(s).,per-observation exclusive interval; no sum-of-percentiles total
snn32_seed7_forest_anomaly,condition_first_use,exact_replay_receiver,reject,duplicate_sequence,in_memory_audit_measured,1,0.0735,0.0735,0.0735,0.0735,1,"Recorded audit record/prepare/commit spans, exclusive of their children; not all audit-related overhead and not durable storage.",per-observation exclusive interval; no sum-of-percentiles total
snn32_seed7_forest_anomaly,condition_first_use,exact_replay_receiver,reject,duplicate_sequence,local_admission_checks,1,0.0,0.0,0.0,0.0,0,"Measured local authorization/binding/consumption calls, excluding nested credential verification.",per-observation exclusive interval; no sum-of-percentiles total
snn32_seed7_forest_anomaly,condition_first_use,exact_replay_receiver,reject,duplicate_sequence,model_input_preprocessing,1,0.0,0.0,0.0,0.0,0,Shared model-input preparation; model-specific normalization remains in consumer timing.,per-observation exclusive interval; no sum-of-percentiles total
snn32_seed7_forest_anomaly,condition_first_use,exact_replay_receiver,reject,duplicate_sequence,motion_consumer,1,0.0,0.0,0.0,0.0,0,Motion consumer including normalization/tensor preparation/prediction decoding.,per-observation exclusive interval; no sum-of-percentiles total
snn32_seed7_forest_anomaly,condition_first_use,exact_replay_receiver,reject,duplicate_sequence,outer_orchestration_unisolated,1,0.014,0.014,0.014,0.014,1,Direct root/first-post-window remainder outside named child spans.,per-observation exclusive interval; no sum-of-percentiles total
snn32_seed7_forest_anomaly,condition_first_use,exact_replay_receiver,reject,duplicate_sequence,receiver_binding_sequence_state_unisolated,1,0.1561,0.1561,0.1561,0.1561,1,"Verifier remainder including binding, sequence checks, locks/state publication and observer work; NOT isolated sequence latency.",per-observation exclusive interval; no sum-of-percentiles total
snn32_seed7_forest_anomaly,condition_first_use,exact_replay_receiver,reject,duplicate_sequence,receiver_parsing,1,2.1624,2.1624,2.1624,2.1624,1,Envelope and binary parser call.,per-observation exclusive interval; no sum-of-percentiles total
snn32_seed7_forest_anomaly,condition_first_use,exact_replay_receiver,reject,duplicate_sequence,receiver_quality_check,1,0.8486,0.8486,0.8486,0.8486,1,Verifier quality-check call.,per-observation exclusive interval; no sum-of-percentiles total
snn32_seed7_forest_anomaly,condition_first_use,exact_replay_receiver,reject,duplicate_sequence,receiver_window_hmac,1,0.0331,0.0331,0.0331,0.0331,1,"Recorded verifier window-tag calculation, not complete authentication.",per-observation exclusive interval; no sum-of-percentiles total
snn32_seed7_forest_anomaly,condition_first_use,exact_replay_receiver,reject,duplicate_sequence,reconstruction,1,0.0,0.0,0.0,0.0,0,Actual recorded BCH reconstruction; includes any observer/GC delay.,per-observation exclusive interval; no sum-of-percentiles total
snn32_seed7_forest_anomaly,condition_first_use,exact_replay_receiver,reject,duplicate_sequence,release_conversion_unisolated,1,0.0,0.0,0.0,0.0,0,Accepted release remainder including conversion/dispatch/observer work outside consumer children.,per-observation exclusive interval; no sum-of-percentiles total
snn32_seed7_forest_anomaly,condition_first_use,exact_replay_receiver,reject,duplicate_sequence,sender_binding_unisolated,1,0.0,0.0,0.0,0.0,0,Sender seal remainder: binding/state/orchestration/observer work not separately timed.,per-observation exclusive interval; no sum-of-percentiles total
snn32_seed7_forest_anomaly,condition_first_use,exact_replay_receiver,reject,duplicate_sequence,sender_serialization_and_quality,1,0.0,0.0,0.0,0.0,0,Sender serialization including its quality validation; not separately timed.,per-observation exclusive interval; no sum-of-percentiles total
snn32_seed7_forest_anomaly,condition_first_use,exact_replay_receiver,reject,duplicate_sequence,sender_window_hmac,1,0.0,0.0,0.0,0.0,0,Recorded window-tag generation call.,per-observation exclusive interval; no sum-of-percentiles total
snn32_seed7_forest_anomaly,condition_first_use,exact_replay_receiver,reject,duplicate_sequence,session_establishment_unisolated,1,0.0,0.0,0.0,0.0,0,"Handshake/request/activation remainder, including unseparated HKDF/confirmation work and observer cost.",per-observation exclusive interval; no sum-of-percentiles total
snn32_seed7_forest_anomaly,condition_first_use,exact_replay_receiver,reject,duplicate_sequence,simulated_response_read,1,0.0,0.0,0.0,0.0,0,"Modeled response generation, not physical acquisition.",per-observation exclusive interval; no sum-of-percentiles total
snn32_seed7_forest_anomaly,condition_first_use,fresh_to_first_window,accept,accepted,admission_orchestration_unisolated,1,0.04,0.04,0.04,0.04,1,Admission orchestration remainder not covered by named children.,per-observation exclusive interval; no sum-of-percentiles total
snn32_seed7_forest_anomaly,condition_first_use,fresh_to_first_window,accept,accepted,anomaly_consumer,1,8.0382,8.0382,8.0382,8.0382,1,Anomaly consumer including feature scaling and frozen-threshold decision.,per-observation exclusive interval; no sum-of-percentiles total
snn32_seed7_forest_anomaly,condition_first_use,fresh_to_first_window,accept,accepted,binary32_adapter,1,1.0045,1.0045,1.0045,1.0045,1,Canonical binary32 input adaptation before sender sealing.,per-observation exclusive interval; no sum-of-percentiles total
snn32_seed7_forest_anomaly,condition_first_use,fresh_to_first_window,accept,accepted,credential_verification,1,0.0547,0.0547,0.0547,0.0547,1,Recorded independent credential-verification call(s).,per-observation exclusive interval; no sum-of-percentiles total
snn32_seed7_forest_anomaly,condition_first_use,fresh_to_first_window,accept,accepted,in_memory_audit_measured,1,0.1963,0.1963,0.1963,0.1963,1,"Recorded audit record/prepare/commit spans, exclusive of their children; not all audit-related overhead and not durable storage.",per-observation exclusive interval; no sum-of-percentiles total
snn32_seed7_forest_anomaly,condition_first_use,fresh_to_first_window,accept,accepted,local_admission_checks,1,0.0514,0.0514,0.0514,0.0514,1,"Measured local authorization/binding/consumption calls, excluding nested credential verification.",per-observation exclusive interval; no sum-of-percentiles total
snn32_seed7_forest_anomaly,condition_first_use,fresh_to_first_window,accept,accepted,model_input_preprocessing,1,3.2028,3.2028,3.2028,3.2028,1,Shared model-input preparation; model-specific normalization remains in consumer timing.,per-observation exclusive interval; no sum-of-percentiles total
snn32_seed7_forest_anomaly,condition_first_use,fresh_to_first_window,accept,accepted,motion_consumer,1,12.0323,12.0323,12.0323,12.0323,1,Motion consumer including normalization/tensor preparation/prediction decoding.,per-observation exclusive interval; no sum-of-percentiles total
snn32_seed7_forest_anomaly,condition_first_use,fresh_to_first_window,accept,accepted,outer_orchestration_unisolated,1,0.1574,0.1574,0.1574,0.1574,1,Direct root/first-post-window remainder outside named child spans.,per-observation exclusive interval; no sum-of-percentiles total
snn32_seed7_forest_anomaly,condition_first_use,fresh_to_first_window,accept,accepted,receiver_binding_sequence_state_unisolated,1,0.0819,0.0819,0.0819,0.0819,1,"Verifier remainder including binding, sequence checks, locks/state publication and observer work; NOT isolated sequence latency.",per-observation exclusive interval; no sum-of-percentiles total
snn32_seed7_forest_anomaly,condition_first_use,fresh_to_first_window,accept,accepted,receiver_parsing,1,1.6552,1.6552,1.6552,1.6552,1,Envelope and binary parser call.,per-observation exclusive interval; no sum-of-percentiles total
snn32_seed7_forest_anomaly,condition_first_use,fresh_to_first_window,accept,accepted,receiver_quality_check,1,0.5991,0.5991,0.5991,0.5991,1,Verifier quality-check call.,per-observation exclusive interval; no sum-of-percentiles total
snn32_seed7_forest_anomaly,condition_first_use,fresh_to_first_window,accept,accepted,receiver_window_hmac,1,0.0203,0.0203,0.0203,0.0203,1,"Recorded verifier window-tag calculation, not complete authentication.",per-observation exclusive interval; no sum-of-percentiles total
snn32_seed7_forest_anomaly,condition_first_use,fresh_to_first_window,accept,accepted,reconstruction,1,5.5464,5.5464,5.5464,5.5464,1,Actual recorded BCH reconstruction; includes any observer/GC delay.,per-observation exclusive interval; no sum-of-percentiles total
snn32_seed7_forest_anomaly,condition_first_use,fresh_to_first_window,accept,accepted,release_conversion_unisolated,1,0.6465,0.6465,0.6465,0.6465,1,Accepted release remainder including conversion/dispatch/observer work outside consumer children.,per-observation exclusive interval; no sum-of-percentiles total
snn32_seed7_forest_anomaly,condition_first_use,fresh_to_first_window,accept,accepted,sender_binding_unisolated,1,0.1335,0.1335,0.1335,0.1335,1,Sender seal remainder: binding/state/orchestration/observer work not separately timed.,per-observation exclusive interval; no sum-of-percentiles total
snn32_seed7_forest_anomaly,condition_first_use,fresh_to_first_window,accept,accepted,sender_serialization_and_quality,1,1.0117,1.0117,1.0117,1.0117,1,Sender serialization including its quality validation; not separately timed.,per-observation exclusive interval; no sum-of-percentiles total
snn32_seed7_forest_anomaly,condition_first_use,fresh_to_first_window,accept,accepted,sender_window_hmac,1,0.025,0.025,0.025,0.025,1,Recorded window-tag generation call.,per-observation exclusive interval; no sum-of-percentiles total
snn32_seed7_forest_anomaly,condition_first_use,fresh_to_first_window,accept,accepted,session_establishment_unisolated,1,0.3456,0.3456,0.3456,0.3456,1,"Handshake/request/activation remainder, including unseparated HKDF/confirmation work and observer cost.",per-observation exclusive interval; no sum-of-percentiles total
snn32_seed7_forest_anomaly,condition_first_use,fresh_to_first_window,accept,accepted,simulated_response_read,1,0.1242,0.1242,0.1242,0.1242,1,"Modeled response generation, not physical acquisition.",per-observation exclusive interval; no sum-of-percentiles total
snn32_seed7_forest_anomaly,condition_first_use,malformed_json_receiver,reject,malformed_message,admission_orchestration_unisolated,1,0.0,0.0,0.0,0.0,0,Admission orchestration remainder not covered by named children.,per-observation exclusive interval; no sum-of-percentiles total
snn32_seed7_forest_anomaly,condition_first_use,malformed_json_receiver,reject,malformed_message,anomaly_consumer,1,0.0,0.0,0.0,0.0,0,Anomaly consumer including feature scaling and frozen-threshold decision.,per-observation exclusive interval; no sum-of-percentiles total
snn32_seed7_forest_anomaly,condition_first_use,malformed_json_receiver,reject,malformed_message,binary32_adapter,1,0.0,0.0,0.0,0.0,0,Canonical binary32 input adaptation before sender sealing.,per-observation exclusive interval; no sum-of-percentiles total
snn32_seed7_forest_anomaly,condition_first_use,malformed_json_receiver,reject,malformed_message,credential_verification,1,0.0,0.0,0.0,0.0,0,Recorded independent credential-verification call(s).,per-observation exclusive interval; no sum-of-percentiles total
snn32_seed7_forest_anomaly,condition_first_use,malformed_json_receiver,reject,malformed_message,in_memory_audit_measured,1,0.0599,0.0599,0.0599,0.0599,1,"Recorded audit record/prepare/commit spans, exclusive of their children; not all audit-related overhead and not durable storage.",per-observation exclusive interval; no sum-of-percentiles total
snn32_seed7_forest_anomaly,condition_first_use,malformed_json_receiver,reject,malformed_message,local_admission_checks,1,0.0,0.0,0.0,0.0,0,"Measured local authorization/binding/consumption calls, excluding nested credential verification.",per-observation exclusive interval; no sum-of-percentiles total
snn32_seed7_forest_anomaly,condition_first_use,malformed_json_receiver,reject,malformed_message,model_input_preprocessing,1,0.0,0.0,0.0,0.0,0,Shared model-input preparation; model-specific normalization remains in consumer timing.,per-observation exclusive interval; no sum-of-percentiles total
snn32_seed7_forest_anomaly,condition_first_use,malformed_json_receiver,reject,malformed_message,motion_consumer,1,0.0,0.0,0.0,0.0,0,Motion consumer including normalization/tensor preparation/prediction decoding.,per-observation exclusive interval; no sum-of-percentiles total
snn32_seed7_forest_anomaly,condition_first_use,malformed_json_receiver,reject,malformed_message,outer_orchestration_unisolated,1,0.011,0.011,0.011,0.011,1,Direct root/first-post-window remainder outside named child spans.,per-observation exclusive interval; no sum-of-percentiles total
snn32_seed7_forest_anomaly,condition_first_use,malformed_json_receiver,reject,malformed_message,receiver_binding_sequence_state_unisolated,1,0.0561,0.0561,0.0561,0.0561,1,"Verifier remainder including binding, sequence checks, locks/state publication and observer work; NOT isolated sequence latency.",per-observation exclusive interval; no sum-of-percentiles total
snn32_seed7_forest_anomaly,condition_first_use,malformed_json_receiver,reject,malformed_message,receiver_parsing,1,0.0392,0.0392,0.0392,0.0392,1,Envelope and binary parser call.,per-observation exclusive interval; no sum-of-percentiles total
snn32_seed7_forest_anomaly,condition_first_use,malformed_json_receiver,reject,malformed_message,receiver_quality_check,1,0.0,0.0,0.0,0.0,0,Verifier quality-check call.,per-observation exclusive interval; no sum-of-percentiles total
snn32_seed7_forest_anomaly,condition_first_use,malformed_json_receiver,reject,malformed_message,receiver_window_hmac,1,0.0,0.0,0.0,0.0,0,"Recorded verifier window-tag calculation, not complete authentication.",per-observation exclusive interval; no sum-of-percentiles total
snn32_seed7_forest_anomaly,condition_first_use,malformed_json_receiver,reject,malformed_message,reconstruction,1,0.0,0.0,0.0,0.0,0,Actual recorded BCH reconstruction; includes any observer/GC delay.,per-observation exclusive interval; no sum-of-percentiles total
snn32_seed7_forest_anomaly,condition_first_use,malformed_json_receiver,reject,malformed_message,release_conversion_unisolated,1,0.0,0.0,0.0,0.0,0,Accepted release remainder including conversion/dispatch/observer work outside consumer children.,per-observation exclusive interval; no sum-of-percentiles total
snn32_seed7_forest_anomaly,condition_first_use,malformed_json_receiver,reject,malformed_message,sender_binding_unisolated,1,0.0,0.0,0.0,0.0,0,Sender seal remainder: binding/state/orchestration/observer work not separately timed.,per-observation exclusive interval; no sum-of-percentiles total
snn32_seed7_forest_anomaly,condition_first_use,malformed_json_receiver,reject,malformed_message,sender_serialization_and_quality,1,0.0,0.0,0.0,0.0,0,Sender serialization including its quality validation; not separately timed.,per-observation exclusive interval; no sum-of-percentiles total
snn32_seed7_forest_anomaly,condition_first_use,malformed_json_receiver,reject,malformed_message,sender_window_hmac,1,0.0,0.0,0.0,0.0,0,Recorded window-tag generation call.,per-observation exclusive interval; no sum-of-percentiles total
snn32_seed7_forest_anomaly,condition_first_use,malformed_json_receiver,reject,malformed_message,session_establishment_unisolated,1,0.0,0.0,0.0,0.0,0,"Handshake/request/activation remainder, including unseparated HKDF/confirmation work and observer cost.",per-observation exclusive interval; no sum-of-percentiles total
snn32_seed7_forest_anomaly,condition_first_use,malformed_json_receiver,reject,malformed_message,simulated_response_read,1,0.0,0.0,0.0,0.0,0,"Modeled response generation, not physical acquisition.",per-observation exclusive interval; no sum-of-percentiles total
snn32_seed7_forest_anomaly,condition_first_use,post_window_after_refusals,accept,accepted,admission_orchestration_unisolated,1,0.0,0.0,0.0,0.0,0,Admission orchestration remainder not covered by named children.,per-observation exclusive interval; no sum-of-percentiles total
snn32_seed7_forest_anomaly,condition_first_use,post_window_after_refusals,accept,accepted,anomaly_consumer,1,4.2765,4.2765,4.2765,4.2765,1,Anomaly consumer including feature scaling and frozen-threshold decision.,per-observation exclusive interval; no sum-of-percentiles total
snn32_seed7_forest_anomaly,condition_first_use,post_window_after_refusals,accept,accepted,binary32_adapter,1,1.5521,1.5521,1.5521,1.5521,1,Canonical binary32 input adaptation before sender sealing.,per-observation exclusive interval; no sum-of-percentiles total
snn32_seed7_forest_anomaly,condition_first_use,post_window_after_refusals,accept,accepted,credential_verification,1,0.0,0.0,0.0,0.0,0,Recorded independent credential-verification call(s).,per-observation exclusive interval; no sum-of-percentiles total
snn32_seed7_forest_anomaly,condition_first_use,post_window_after_refusals,accept,accepted,in_memory_audit_measured,1,0.1232,0.1232,0.1232,0.1232,1,"Recorded audit record/prepare/commit spans, exclusive of their children; not all audit-related overhead and not durable storage.",per-observation exclusive interval; no sum-of-percentiles total
snn32_seed7_forest_anomaly,condition_first_use,post_window_after_refusals,accept,accepted,local_admission_checks,1,0.0,0.0,0.0,0.0,0,"Measured local authorization/binding/consumption calls, excluding nested credential verification.",per-observation exclusive interval; no sum-of-percentiles total
snn32_seed7_forest_anomaly,condition_first_use,post_window_after_refusals,accept,accepted,model_input_preprocessing,1,2.2159,2.2159,2.2159,2.2159,1,Shared model-input preparation; model-specific normalization remains in consumer timing.,per-observation exclusive interval; no sum-of-percentiles total
snn32_seed7_forest_anomaly,condition_first_use,post_window_after_refusals,accept,accepted,motion_consumer,1,7.7212,7.7212,7.7212,7.7212,1,Motion consumer including normalization/tensor preparation/prediction decoding.,per-observation exclusive interval; no sum-of-percentiles total
snn32_seed7_forest_anomaly,condition_first_use,post_window_after_refusals,accept,accepted,outer_orchestration_unisolated,1,0.0608,0.0608,0.0608,0.0608,1,Direct root/first-post-window remainder outside named child spans.,per-observation exclusive interval; no sum-of-percentiles total
snn32_seed7_forest_anomaly,condition_first_use,post_window_after_refusals,accept,accepted,receiver_binding_sequence_state_unisolated,1,0.0683,0.0683,0.0683,0.0683,1,"Verifier remainder including binding, sequence checks, locks/state publication and observer work; NOT isolated sequence latency.",per-observation exclusive interval; no sum-of-percentiles total
snn32_seed7_forest_anomaly,condition_first_use,post_window_after_refusals,accept,accepted,receiver_parsing,1,0.9234,0.9234,0.9234,0.9234,1,Envelope and binary parser call.,per-observation exclusive interval; no sum-of-percentiles total
snn32_seed7_forest_anomaly,condition_first_use,post_window_after_refusals,accept,accepted,receiver_quality_check,1,0.3682,0.3682,0.3682,0.3682,1,Verifier quality-check call.,per-observation exclusive interval; no sum-of-percentiles total
snn32_seed7_forest_anomaly,condition_first_use,post_window_after_refusals,accept,accepted,receiver_window_hmac,1,0.0138,0.0138,0.0138,0.0138,1,"Recorded verifier window-tag calculation, not complete authentication.",per-observation exclusive interval; no sum-of-percentiles total
snn32_seed7_forest_anomaly,condition_first_use,post_window_after_refusals,accept,accepted,reconstruction,1,0.0,0.0,0.0,0.0,0,Actual recorded BCH reconstruction; includes any observer/GC delay.,per-observation exclusive interval; no sum-of-percentiles total
snn32_seed7_forest_anomaly,condition_first_use,post_window_after_refusals,accept,accepted,release_conversion_unisolated,1,0.3462,0.3462,0.3462,0.3462,1,Accepted release remainder including conversion/dispatch/observer work outside consumer children.,per-observation exclusive interval; no sum-of-percentiles total
snn32_seed7_forest_anomaly,condition_first_use,post_window_after_refusals,accept,accepted,sender_binding_unisolated,1,0.15,0.15,0.15,0.15,1,Sender seal remainder: binding/state/orchestration/observer work not separately timed.,per-observation exclusive interval; no sum-of-percentiles total
snn32_seed7_forest_anomaly,condition_first_use,post_window_after_refusals,accept,accepted,sender_serialization_and_quality,1,1.4985,1.4985,1.4985,1.4985,1,Sender serialization including its quality validation; not separately timed.,per-observation exclusive interval; no sum-of-percentiles total
snn32_seed7_forest_anomaly,condition_first_use,post_window_after_refusals,accept,accepted,sender_window_hmac,1,0.0319,0.0319,0.0319,0.0319,1,Recorded window-tag generation call.,per-observation exclusive interval; no sum-of-percentiles total
snn32_seed7_forest_anomaly,condition_first_use,post_window_after_refusals,accept,accepted,session_establishment_unisolated,1,0.0,0.0,0.0,0.0,0,"Handshake/request/activation remainder, including unseparated HKDF/confirmation work and observer cost.",per-observation exclusive interval; no sum-of-percentiles total
snn32_seed7_forest_anomaly,condition_first_use,post_window_after_refusals,accept,accepted,simulated_response_read,1,0.0,0.0,0.0,0.0,0,"Modeled response generation, not physical acquisition.",per-observation exclusive interval; no sum-of-percentiles total
snn32_seed7_forest_anomaly,condition_first_use,post_window_recurring,accept,accepted,admission_orchestration_unisolated,1,0.0,0.0,0.0,0.0,0,Admission orchestration remainder not covered by named children.,per-observation exclusive interval; no sum-of-percentiles total
snn32_seed7_forest_anomaly,condition_first_use,post_window_recurring,accept,accepted,anomaly_consumer,1,6.5957,6.5957,6.5957,6.5957,1,Anomaly consumer including feature scaling and frozen-threshold decision.,per-observation exclusive interval; no sum-of-percentiles total
snn32_seed7_forest_anomaly,condition_first_use,post_window_recurring,accept,accepted,binary32_adapter,1,1.2634,1.2634,1.2634,1.2634,1,Canonical binary32 input adaptation before sender sealing.,per-observation exclusive interval; no sum-of-percentiles total
snn32_seed7_forest_anomaly,condition_first_use,post_window_recurring,accept,accepted,credential_verification,1,0.0,0.0,0.0,0.0,0,Recorded independent credential-verification call(s).,per-observation exclusive interval; no sum-of-percentiles total
snn32_seed7_forest_anomaly,condition_first_use,post_window_recurring,accept,accepted,in_memory_audit_measured,1,0.0977,0.0977,0.0977,0.0977,1,"Recorded audit record/prepare/commit spans, exclusive of their children; not all audit-related overhead and not durable storage.",per-observation exclusive interval; no sum-of-percentiles total
snn32_seed7_forest_anomaly,condition_first_use,post_window_recurring,accept,accepted,local_admission_checks,1,0.0,0.0,0.0,0.0,0,"Measured local authorization/binding/consumption calls, excluding nested credential verification.",per-observation exclusive interval; no sum-of-percentiles total
snn32_seed7_forest_anomaly,condition_first_use,post_window_recurring,accept,accepted,model_input_preprocessing,1,3.1207,3.1207,3.1207,3.1207,1,Shared model-input preparation; model-specific normalization remains in consumer timing.,per-observation exclusive interval; no sum-of-percentiles total
snn32_seed7_forest_anomaly,condition_first_use,post_window_recurring,accept,accepted,motion_consumer,1,10.7421,10.7421,10.7421,10.7421,1,Motion consumer including normalization/tensor preparation/prediction decoding.,per-observation exclusive interval; no sum-of-percentiles total
snn32_seed7_forest_anomaly,condition_first_use,post_window_recurring,accept,accepted,outer_orchestration_unisolated,1,0.1072,0.1072,0.1072,0.1072,1,Direct root/first-post-window remainder outside named child spans.,per-observation exclusive interval; no sum-of-percentiles total
snn32_seed7_forest_anomaly,condition_first_use,post_window_recurring,accept,accepted,receiver_binding_sequence_state_unisolated,1,0.1143,0.1143,0.1143,0.1143,1,"Verifier remainder including binding, sequence checks, locks/state publication and observer work; NOT isolated sequence latency.",per-observation exclusive interval; no sum-of-percentiles total
snn32_seed7_forest_anomaly,condition_first_use,post_window_recurring,accept,accepted,receiver_parsing,1,1.5037,1.5037,1.5037,1.5037,1,Envelope and binary parser call.,per-observation exclusive interval; no sum-of-percentiles total
snn32_seed7_forest_anomaly,condition_first_use,post_window_recurring,accept,accepted,receiver_quality_check,1,0.6731,0.6731,0.6731,0.6731,1,Verifier quality-check call.,per-observation exclusive interval; no sum-of-percentiles total
snn32_seed7_forest_anomaly,condition_first_use,post_window_recurring,accept,accepted,receiver_window_hmac,1,0.0355,0.0355,0.0355,0.0355,1,"Recorded verifier window-tag calculation, not complete authentication.",per-observation exclusive interval; no sum-of-percentiles total
snn32_seed7_forest_anomaly,condition_first_use,post_window_recurring,accept,accepted,reconstruction,1,0.0,0.0,0.0,0.0,0,Actual recorded BCH reconstruction; includes any observer/GC delay.,per-observation exclusive interval; no sum-of-percentiles total
snn32_seed7_forest_anomaly,condition_first_use,post_window_recurring,accept,accepted,release_conversion_unisolated,1,0.4722,0.4722,0.4722,0.4722,1,Accepted release remainder including conversion/dispatch/observer work outside consumer children.,per-observation exclusive interval; no sum-of-percentiles total
snn32_seed7_forest_anomaly,condition_first_use,post_window_recurring,accept,accepted,sender_binding_unisolated,1,0.1273,0.1273,0.1273,0.1273,1,Sender seal remainder: binding/state/orchestration/observer work not separately timed.,per-observation exclusive interval; no sum-of-percentiles total
snn32_seed7_forest_anomaly,condition_first_use,post_window_recurring,accept,accepted,sender_serialization_and_quality,1,0.9106,0.9106,0.9106,0.9106,1,Sender serialization including its quality validation; not separately timed.,per-observation exclusive interval; no sum-of-percentiles total
snn32_seed7_forest_anomaly,condition_first_use,post_window_recurring,accept,accepted,sender_window_hmac,1,0.0294,0.0294,0.0294,0.0294,1,Recorded window-tag generation call.,per-observation exclusive interval; no sum-of-percentiles total
snn32_seed7_forest_anomaly,condition_first_use,post_window_recurring,accept,accepted,session_establishment_unisolated,1,0.0,0.0,0.0,0.0,0,"Handshake/request/activation remainder, including unseparated HKDF/confirmation work and observer cost.",per-observation exclusive interval; no sum-of-percentiles total
snn32_seed7_forest_anomaly,condition_first_use,post_window_recurring,accept,accepted,simulated_response_read,1,0.0,0.0,0.0,0.0,0,"Modeled response generation, not physical acquisition.",per-observation exclusive interval; no sum-of-percentiles total
snn32_seed7_forest_anomaly,condition_first_use,pre_tag_quality_refusal,reject,data_quality_failure,admission_orchestration_unisolated,1,0.0,0.0,0.0,0.0,0,Admission orchestration remainder not covered by named children.,per-observation exclusive interval; no sum-of-percentiles total
snn32_seed7_forest_anomaly,condition_first_use,pre_tag_quality_refusal,reject,data_quality_failure,anomaly_consumer,1,0.0,0.0,0.0,0.0,0,Anomaly consumer including feature scaling and frozen-threshold decision.,per-observation exclusive interval; no sum-of-percentiles total
snn32_seed7_forest_anomaly,condition_first_use,pre_tag_quality_refusal,reject,data_quality_failure,binary32_adapter,1,1.5375,1.5375,1.5375,1.5375,1,Canonical binary32 input adaptation before sender sealing.,per-observation exclusive interval; no sum-of-percentiles total
snn32_seed7_forest_anomaly,condition_first_use,pre_tag_quality_refusal,reject,data_quality_failure,credential_verification,1,0.0,0.0,0.0,0.0,0,Recorded independent credential-verification call(s).,per-observation exclusive interval; no sum-of-percentiles total
snn32_seed7_forest_anomaly,condition_first_use,pre_tag_quality_refusal,reject,data_quality_failure,in_memory_audit_measured,1,0.0669,0.0669,0.0669,0.0669,1,"Recorded audit record/prepare/commit spans, exclusive of their children; not all audit-related overhead and not durable storage.",per-observation exclusive interval; no sum-of-percentiles total
snn32_seed7_forest_anomaly,condition_first_use,pre_tag_quality_refusal,reject,data_quality_failure,local_admission_checks,1,0.0,0.0,0.0,0.0,0,"Measured local authorization/binding/consumption calls, excluding nested credential verification.",per-observation exclusive interval; no sum-of-percentiles total
snn32_seed7_forest_anomaly,condition_first_use,pre_tag_quality_refusal,reject,data_quality_failure,model_input_preprocessing,1,0.0,0.0,0.0,0.0,0,Shared model-input preparation; model-specific normalization remains in consumer timing.,per-observation exclusive interval; no sum-of-percentiles total
snn32_seed7_forest_anomaly,condition_first_use,pre_tag_quality_refusal,reject,data_quality_failure,motion_consumer,1,0.0,0.0,0.0,0.0,0,Motion consumer including normalization/tensor preparation/prediction decoding.,per-observation exclusive interval; no sum-of-percentiles total
snn32_seed7_forest_anomaly,condition_first_use,pre_tag_quality_refusal,reject,data_quality_failure,outer_orchestration_unisolated,1,0.0618,0.0618,0.0618,0.0618,1,Direct root/first-post-window remainder outside named child spans.,per-observation exclusive interval; no sum-of-percentiles total
snn32_seed7_forest_anomaly,condition_first_use,pre_tag_quality_refusal,reject,data_quality_failure,receiver_binding_sequence_state_unisolated,1,0.0,0.0,0.0,0.0,0,"Verifier remainder including binding, sequence checks, locks/state publication and observer work; NOT isolated sequence latency.",per-observation exclusive interval; no sum-of-percentiles total
snn32_seed7_forest_anomaly,condition_first_use,pre_tag_quality_refusal,reject,data_quality_failure,receiver_parsing,1,0.0,0.0,0.0,0.0,0,Envelope and binary parser call.,per-observation exclusive interval; no sum-of-percentiles total
snn32_seed7_forest_anomaly,condition_first_use,pre_tag_quality_refusal,reject,data_quality_failure,receiver_quality_check,1,0.0,0.0,0.0,0.0,0,Verifier quality-check call.,per-observation exclusive interval; no sum-of-percentiles total
snn32_seed7_forest_anomaly,condition_first_use,pre_tag_quality_refusal,reject,data_quality_failure,receiver_window_hmac,1,0.0,0.0,0.0,0.0,0,"Recorded verifier window-tag calculation, not complete authentication.",per-observation exclusive interval; no sum-of-percentiles total
snn32_seed7_forest_anomaly,condition_first_use,pre_tag_quality_refusal,reject,data_quality_failure,reconstruction,1,0.0,0.0,0.0,0.0,0,Actual recorded BCH reconstruction; includes any observer/GC delay.,per-observation exclusive interval; no sum-of-percentiles total
snn32_seed7_forest_anomaly,condition_first_use,pre_tag_quality_refusal,reject,data_quality_failure,release_conversion_unisolated,1,0.0,0.0,0.0,0.0,0,Accepted release remainder including conversion/dispatch/observer work outside consumer children.,per-observation exclusive interval; no sum-of-percentiles total
snn32_seed7_forest_anomaly,condition_first_use,pre_tag_quality_refusal,reject,data_quality_failure,sender_binding_unisolated,1,0.092,0.092,0.092,0.092,1,Sender seal remainder: binding/state/orchestration/observer work not separately timed.,per-observation exclusive interval; no sum-of-percentiles total
snn32_seed7_forest_anomaly,condition_first_use,pre_tag_quality_refusal,reject,data_quality_failure,sender_serialization_and_quality,1,0.6887,0.6887,0.6887,0.6887,1,Sender serialization including its quality validation; not separately timed.,per-observation exclusive interval; no sum-of-percentiles total
snn32_seed7_forest_anomaly,condition_first_use,pre_tag_quality_refusal,reject,data_quality_failure,sender_window_hmac,1,0.0,0.0,0.0,0.0,0,Recorded window-tag generation call.,per-observation exclusive interval; no sum-of-percentiles total
snn32_seed7_forest_anomaly,condition_first_use,pre_tag_quality_refusal,reject,data_quality_failure,session_establishment_unisolated,1,0.0,0.0,0.0,0.0,0,"Handshake/request/activation remainder, including unseparated HKDF/confirmation work and observer cost.",per-observation exclusive interval; no sum-of-percentiles total
snn32_seed7_forest_anomaly,condition_first_use,pre_tag_quality_refusal,reject,data_quality_failure,simulated_response_read,1,0.0,0.0,0.0,0.0,0,"Modeled response generation, not physical acquisition.",per-observation exclusive interval; no sum-of-percentiles total
snn32_seed7_forest_anomaly,condition_first_use,valid_receiver_after_bad_tag,accept,accepted,admission_orchestration_unisolated,1,0.0,0.0,0.0,0.0,0,Admission orchestration remainder not covered by named children.,per-observation exclusive interval; no sum-of-percentiles total
snn32_seed7_forest_anomaly,condition_first_use,valid_receiver_after_bad_tag,accept,accepted,anomaly_consumer,1,7.4862,7.4862,7.4862,7.4862,1,Anomaly consumer including feature scaling and frozen-threshold decision.,per-observation exclusive interval; no sum-of-percentiles total
snn32_seed7_forest_anomaly,condition_first_use,valid_receiver_after_bad_tag,accept,accepted,binary32_adapter,1,0.0,0.0,0.0,0.0,0,Canonical binary32 input adaptation before sender sealing.,per-observation exclusive interval; no sum-of-percentiles total
snn32_seed7_forest_anomaly,condition_first_use,valid_receiver_after_bad_tag,accept,accepted,credential_verification,1,0.0,0.0,0.0,0.0,0,Recorded independent credential-verification call(s).,per-observation exclusive interval; no sum-of-percentiles total
snn32_seed7_forest_anomaly,condition_first_use,valid_receiver_after_bad_tag,accept,accepted,in_memory_audit_measured,1,0.0351,0.0351,0.0351,0.0351,1,"Recorded audit record/prepare/commit spans, exclusive of their children; not all audit-related overhead and not durable storage.",per-observation exclusive interval; no sum-of-percentiles total
snn32_seed7_forest_anomaly,condition_first_use,valid_receiver_after_bad_tag,accept,accepted,local_admission_checks,1,0.0,0.0,0.0,0.0,0,"Measured local authorization/binding/consumption calls, excluding nested credential verification.",per-observation exclusive interval; no sum-of-percentiles total
snn32_seed7_forest_anomaly,condition_first_use,valid_receiver_after_bad_tag,accept,accepted,model_input_preprocessing,1,3.1457,3.1457,3.1457,3.1457,1,Shared model-input preparation; model-specific normalization remains in consumer timing.,per-observation exclusive interval; no sum-of-percentiles total
snn32_seed7_forest_anomaly,condition_first_use,valid_receiver_after_bad_tag,accept,accepted,motion_consumer,1,11.1284,11.1284,11.1284,11.1284,1,Motion consumer including normalization/tensor preparation/prediction decoding.,per-observation exclusive interval; no sum-of-percentiles total
snn32_seed7_forest_anomaly,condition_first_use,valid_receiver_after_bad_tag,accept,accepted,outer_orchestration_unisolated,1,0.024,0.024,0.024,0.024,1,Direct root/first-post-window remainder outside named child spans.,per-observation exclusive interval; no sum-of-percentiles total
snn32_seed7_forest_anomaly,condition_first_use,valid_receiver_after_bad_tag,accept,accepted,receiver_binding_sequence_state_unisolated,1,0.0847,0.0847,0.0847,0.0847,1,"Verifier remainder including binding, sequence checks, locks/state publication and observer work; NOT isolated sequence latency.",per-observation exclusive interval; no sum-of-percentiles total
snn32_seed7_forest_anomaly,condition_first_use,valid_receiver_after_bad_tag,accept,accepted,receiver_parsing,1,1.2891,1.2891,1.2891,1.2891,1,Envelope and binary parser call.,per-observation exclusive interval; no sum-of-percentiles total
snn32_seed7_forest_anomaly,condition_first_use,valid_receiver_after_bad_tag,accept,accepted,receiver_quality_check,1,0.6628,0.6628,0.6628,0.6628,1,Verifier quality-check call.,per-observation exclusive interval; no sum-of-percentiles total
snn32_seed7_forest_anomaly,condition_first_use,valid_receiver_after_bad_tag,accept,accepted,receiver_window_hmac,1,0.0194,0.0194,0.0194,0.0194,1,"Recorded verifier window-tag calculation, not complete authentication.",per-observation exclusive interval; no sum-of-percentiles total
snn32_seed7_forest_anomaly,condition_first_use,valid_receiver_after_bad_tag,accept,accepted,reconstruction,1,0.0,0.0,0.0,0.0,0,Actual recorded BCH reconstruction; includes any observer/GC delay.,per-observation exclusive interval; no sum-of-percentiles total
snn32_seed7_forest_anomaly,condition_first_use,valid_receiver_after_bad_tag,accept,accepted,release_conversion_unisolated,1,0.577,0.577,0.577,0.577,1,Accepted release remainder including conversion/dispatch/observer work outside consumer children.,per-observation exclusive interval; no sum-of-percentiles total
snn32_seed7_forest_anomaly,condition_first_use,valid_receiver_after_bad_tag,accept,accepted,sender_binding_unisolated,1,0.0,0.0,0.0,0.0,0,Sender seal remainder: binding/state/orchestration/observer work not separately timed.,per-observation exclusive interval; no sum-of-percentiles total
snn32_seed7_forest_anomaly,condition_first_use,valid_receiver_after_bad_tag,accept,accepted,sender_serialization_and_quality,1,0.0,0.0,0.0,0.0,0,Sender serialization including its quality validation; not separately timed.,per-observation exclusive interval; no sum-of-percentiles total
snn32_seed7_forest_anomaly,condition_first_use,valid_receiver_after_bad_tag,accept,accepted,sender_window_hmac,1,0.0,0.0,0.0,0.0,0,Recorded window-tag generation call.,per-observation exclusive interval; no sum-of-percentiles total
snn32_seed7_forest_anomaly,condition_first_use,valid_receiver_after_bad_tag,accept,accepted,session_establishment_unisolated,1,0.0,0.0,0.0,0.0,0,"Handshake/request/activation remainder, including unseparated HKDF/confirmation work and observer cost.",per-observation exclusive interval; no sum-of-percentiles total
snn32_seed7_forest_anomaly,condition_first_use,valid_receiver_after_bad_tag,accept,accepted,simulated_response_read,1,0.0,0.0,0.0,0.0,0,"Modeled response generation, not physical acquisition.",per-observation exclusive interval; no sum-of-percentiles total
snn32_seed7_forest_anomaly,measured,bad_tag_receiver,reject,invalid_tag,admission_orchestration_unisolated,120,0.0,0.0,0.0,0.0,0,Admission orchestration remainder not covered by named children.,per-observation exclusive interval; no sum-of-percentiles total
snn32_seed7_forest_anomaly,measured,bad_tag_receiver,reject,invalid_tag,anomaly_consumer,120,0.0,0.0,0.0,0.0,0,Anomaly consumer including feature scaling and frozen-threshold decision.,per-observation exclusive interval; no sum-of-percentiles total
snn32_seed7_forest_anomaly,measured,bad_tag_receiver,reject,invalid_tag,binary32_adapter,120,0.0,0.0,0.0,0.0,0,Canonical binary32 input adaptation before sender sealing.,per-observation exclusive interval; no sum-of-percentiles total
snn32_seed7_forest_anomaly,measured,bad_tag_receiver,reject,invalid_tag,credential_verification,120,0.0,0.0,0.0,0.0,0,Recorded independent credential-verification call(s).,per-observation exclusive interval; no sum-of-percentiles total
snn32_seed7_forest_anomaly,measured,bad_tag_receiver,reject,invalid_tag,in_memory_audit_measured,120,0.0332,0.041335,0.06101100000000001,0.0633,120,"Recorded audit record/prepare/commit spans, exclusive of their children; not all audit-related overhead and not durable storage.",per-observation exclusive interval; no sum-of-percentiles total
snn32_seed7_forest_anomaly,measured,bad_tag_receiver,reject,invalid_tag,local_admission_checks,120,0.0,0.0,0.0,0.0,0,"Measured local authorization/binding/consumption calls, excluding nested credential verification.",per-observation exclusive interval; no sum-of-percentiles total
snn32_seed7_forest_anomaly,measured,bad_tag_receiver,reject,invalid_tag,model_input_preprocessing,120,0.0,0.0,0.0,0.0,0,Shared model-input preparation; model-specific normalization remains in consumer timing.,per-observation exclusive interval; no sum-of-percentiles total
snn32_seed7_forest_anomaly,measured,bad_tag_receiver,reject,invalid_tag,motion_consumer,120,0.0,0.0,0.0,0.0,0,Motion consumer including normalization/tensor preparation/prediction decoding.,per-observation exclusive interval; no sum-of-percentiles total
snn32_seed7_forest_anomaly,measured,bad_tag_receiver,reject,invalid_tag,outer_orchestration_unisolated,120,0.0112,0.014419999999999999,0.018343,0.022,120,Direct root/first-post-window remainder outside named child spans.,per-observation exclusive interval; no sum-of-percentiles total
snn32_seed7_forest_anomaly,measured,bad_tag_receiver,reject,invalid_tag,receiver_binding_sequence_state_unisolated,120,0.08925,0.10670499999999998,0.141572,0.1851,120,"Verifier remainder including binding, sequence checks, locks/state publication and observer work; NOT isolated sequence latency.",per-observation exclusive interval; no sum-of-percentiles total
snn32_seed7_forest_anomaly,measured,bad_tag_receiver,reject,invalid_tag,receiver_parsing,120,1.41655,1.615515,1.8174020000000002,2.3345,120,Envelope and binary parser call.,per-observation exclusive interval; no sum-of-percentiles total
snn32_seed7_forest_anomaly,measured,bad_tag_receiver,reject,invalid_tag,receiver_quality_check,120,0.0,0.0,0.0,0.0,0,Verifier quality-check call.,per-observation exclusive interval; no sum-of-percentiles total
snn32_seed7_forest_anomaly,measured,bad_tag_receiver,reject,invalid_tag,receiver_window_hmac,120,0.0168,0.02151,0.03198700000000001,0.0336,120,"Recorded verifier window-tag calculation, not complete authentication.",per-observation exclusive interval; no sum-of-percentiles total
snn32_seed7_forest_anomaly,measured,bad_tag_receiver,reject,invalid_tag,reconstruction,120,0.0,0.0,0.0,0.0,0,Actual recorded BCH reconstruction; includes any observer/GC delay.,per-observation exclusive interval; no sum-of-percentiles total
snn32_seed7_forest_anomaly,measured,bad_tag_receiver,reject,invalid_tag,release_conversion_unisolated,120,0.0,0.0,0.0,0.0,0,Accepted release remainder including conversion/dispatch/observer work outside consumer children.,per-observation exclusive interval; no sum-of-percentiles total
snn32_seed7_forest_anomaly,measured,bad_tag_receiver,reject,invalid_tag,sender_binding_unisolated,120,0.0,0.0,0.0,0.0,0,Sender seal remainder: binding/state/orchestration/observer work not separately timed.,per-observation exclusive interval; no sum-of-percentiles total
snn32_seed7_forest_anomaly,measured,bad_tag_receiver,reject,invalid_tag,sender_serialization_and_quality,120,0.0,0.0,0.0,0.0,0,Sender serialization including its quality validation; not separately timed.,per-observation exclusive interval; no sum-of-percentiles total
snn32_seed7_forest_anomaly,measured,bad_tag_receiver,reject,invalid_tag,sender_window_hmac,120,0.0,0.0,0.0,0.0,0,Recorded window-tag generation call.,per-observation exclusive interval; no sum-of-percentiles total
snn32_seed7_forest_anomaly,measured,bad_tag_receiver,reject,invalid_tag,session_establishment_unisolated,120,0.0,0.0,0.0,0.0,0,"Handshake/request/activation remainder, including unseparated HKDF/confirmation work and observer cost.",per-observation exclusive interval; no sum-of-percentiles total
snn32_seed7_forest_anomaly,measured,bad_tag_receiver,reject,invalid_tag,simulated_response_read,120,0.0,0.0,0.0,0.0,0,"Modeled response generation, not physical acquisition.",per-observation exclusive interval; no sum-of-percentiles total
snn32_seed7_forest_anomaly,measured,exact_replay_receiver,reject,duplicate_sequence,admission_orchestration_unisolated,120,0.0,0.0,0.0,0.0,0,Admission orchestration remainder not covered by named children.,per-observation exclusive interval; no sum-of-percentiles total
snn32_seed7_forest_anomaly,measured,exact_replay_receiver,reject,duplicate_sequence,anomaly_consumer,120,0.0,0.0,0.0,0.0,0,Anomaly consumer including feature scaling and frozen-threshold decision.,per-observation exclusive interval; no sum-of-percentiles total
snn32_seed7_forest_anomaly,measured,exact_replay_receiver,reject,duplicate_sequence,binary32_adapter,120,0.0,0.0,0.0,0.0,0,Canonical binary32 input adaptation before sender sealing.,per-observation exclusive interval; no sum-of-percentiles total
snn32_seed7_forest_anomaly,measured,exact_replay_receiver,reject,duplicate_sequence,credential_verification,120,0.0,0.0,0.0,0.0,0,Recorded independent credential-verification call(s).,per-observation exclusive interval; no sum-of-percentiles total
snn32_seed7_forest_anomaly,measured,exact_replay_receiver,reject,duplicate_sequence,in_memory_audit_measured,120,0.06175,0.08012,0.10457400000000001,0.1437,120,"Recorded audit record/prepare/commit spans, exclusive of their children; not all audit-related overhead and not durable storage.",per-observation exclusive interval; no sum-of-percentiles total
snn32_seed7_forest_anomaly,measured,exact_replay_receiver,reject,duplicate_sequence,local_admission_checks,120,0.0,0.0,0.0,0.0,0,"Measured local authorization/binding/consumption calls, excluding nested credential verification.",per-observation exclusive interval; no sum-of-percentiles total
snn32_seed7_forest_anomaly,measured,exact_replay_receiver,reject,duplicate_sequence,model_input_preprocessing,120,0.0,0.0,0.0,0.0,0,Shared model-input preparation; model-specific normalization remains in consumer timing.,per-observation exclusive interval; no sum-of-percentiles total
snn32_seed7_forest_anomaly,measured,exact_replay_receiver,reject,duplicate_sequence,motion_consumer,120,0.0,0.0,0.0,0.0,0,Motion consumer including normalization/tensor preparation/prediction decoding.,per-observation exclusive interval; no sum-of-percentiles total
snn32_seed7_forest_anomaly,measured,exact_replay_receiver,reject,duplicate_sequence,outer_orchestration_unisolated,120,0.0106,0.0138,0.01926400000000001,0.029,120,Direct root/first-post-window remainder outside named child spans.,per-observation exclusive interval; no sum-of-percentiles total
snn32_seed7_forest_anomaly,measured,exact_replay_receiver,reject,duplicate_sequence,receiver_binding_sequence_state_unisolated,120,0.11775,0.144915,0.153358,0.2106,120,"Verifier remainder including binding, sequence checks, locks/state publication and observer work; NOT isolated sequence latency.",per-observation exclusive interval; no sum-of-percentiles total
snn32_seed7_forest_anomaly,measured,exact_replay_receiver,reject,duplicate_sequence,receiver_parsing,120,1.67915,4.020335,4.300503,4.3621,120,Envelope and binary parser call.,per-observation exclusive interval; no sum-of-percentiles total
snn32_seed7_forest_anomaly,measured,exact_replay_receiver,reject,duplicate_sequence,receiver_quality_check,120,0.5842,0.6881,0.710563,0.9106,120,Verifier quality-check call.,per-observation exclusive interval; no sum-of-percentiles total
snn32_seed7_forest_anomaly,measured,exact_replay_receiver,reject,duplicate_sequence,receiver_window_hmac,120,0.02515,0.034345,0.04108800000000001,0.0439,120,"Recorded verifier window-tag calculation, not complete authentication.",per-observation exclusive interval; no sum-of-percentiles total
snn32_seed7_forest_anomaly,measured,exact_replay_receiver,reject,duplicate_sequence,reconstruction,120,0.0,0.0,0.0,0.0,0,Actual recorded BCH reconstruction; includes any observer/GC delay.,per-observation exclusive interval; no sum-of-percentiles total
snn32_seed7_forest_anomaly,measured,exact_replay_receiver,reject,duplicate_sequence,release_conversion_unisolated,120,0.0,0.0,0.0,0.0,0,Accepted release remainder including conversion/dispatch/observer work outside consumer children.,per-observation exclusive interval; no sum-of-percentiles total
snn32_seed7_forest_anomaly,measured,exact_replay_receiver,reject,duplicate_sequence,sender_binding_unisolated,120,0.0,0.0,0.0,0.0,0,Sender seal remainder: binding/state/orchestration/observer work not separately timed.,per-observation exclusive interval; no sum-of-percentiles total
snn32_seed7_forest_anomaly,measured,exact_replay_receiver,reject,duplicate_sequence,sender_serialization_and_quality,120,0.0,0.0,0.0,0.0,0,Sender serialization including its quality validation; not separately timed.,per-observation exclusive interval; no sum-of-percentiles total
snn32_seed7_forest_anomaly,measured,exact_replay_receiver,reject,duplicate_sequence,sender_window_hmac,120,0.0,0.0,0.0,0.0,0,Recorded window-tag generation call.,per-observation exclusive interval; no sum-of-percentiles total
snn32_seed7_forest_anomaly,measured,exact_replay_receiver,reject,duplicate_sequence,session_establishment_unisolated,120,0.0,0.0,0.0,0.0,0,"Handshake/request/activation remainder, including unseparated HKDF/confirmation work and observer cost.",per-observation exclusive interval; no sum-of-percentiles total
snn32_seed7_forest_anomaly,measured,exact_replay_receiver,reject,duplicate_sequence,simulated_response_read,120,0.0,0.0,0.0,0.0,0,"Modeled response generation, not physical acquisition.",per-observation exclusive interval; no sum-of-percentiles total
snn32_seed7_forest_anomaly,measured,fresh_to_first_window,accept,accepted,admission_orchestration_unisolated,120,0.04485,0.061755,0.071005,0.0817,120,Admission orchestration remainder not covered by named children.,per-observation exclusive interval; no sum-of-percentiles total
snn32_seed7_forest_anomaly,measured,fresh_to_first_window,accept,accepted,anomaly_consumer,120,6.18305,7.535265,8.184806000000002,8.672,120,Anomaly consumer including feature scaling and frozen-threshold decision.,per-observation exclusive interval; no sum-of-percentiles total
snn32_seed7_forest_anomaly,measured,fresh_to_first_window,accept,accepted,binary32_adapter,120,1.0449,1.457775,1.521087,1.641,120,Canonical binary32 input adaptation before sender sealing.,per-observation exclusive interval; no sum-of-percentiles total
snn32_seed7_forest_anomaly,measured,fresh_to_first_window,accept,accepted,credential_verification,120,0.048,0.06786,0.074391,0.0824,120,Recorded independent credential-verification call(s).,per-observation exclusive interval; no sum-of-percentiles total
snn32_seed7_forest_anomaly,measured,fresh_to_first_window,accept,accepted,in_memory_audit_measured,120,0.1778,0.2556999999999999,0.35301800000000005,0.4287,120,"Recorded audit record/prepare/commit spans, exclusive of their children; not all audit-related overhead and not durable storage.",per-observation exclusive interval; no sum-of-percentiles total
snn32_seed7_forest_anomaly,measured,fresh_to_first_window,accept,accepted,local_admission_checks,120,0.05685,0.085175,0.15883800000000003,0.301,120,"Measured local authorization/binding/consumption calls, excluding nested credential verification.",per-observation exclusive interval; no sum-of-percentiles total
snn32_seed7_forest_anomaly,measured,fresh_to_first_window,accept,accepted,model_input_preprocessing,120,3.10715,4.238635,5.019546000000001,5.6797,120,Shared model-input preparation; model-specific normalization remains in consumer timing.,per-observation exclusive interval; no sum-of-percentiles total
snn32_seed7_forest_anomaly,measured,fresh_to_first_window,accept,accepted,motion_consumer,120,10.8752,13.99546,17.025704000000005,19.4563,120,Motion consumer including normalization/tensor preparation/prediction decoding.,per-observation exclusive interval; no sum-of-percentiles total
snn32_seed7_forest_anomaly,measured,fresh_to_first_window,accept,accepted,outer_orchestration_unisolated,120,0.12375,0.17718499999999995,0.213048,0.2218,120,Direct root/first-post-window remainder outside named child spans.,per-observation exclusive interval; no sum-of-percentiles total
snn32_seed7_forest_anomaly,measured,fresh_to_first_window,accept,accepted,receiver_binding_sequence_state_unisolated,120,0.07035,0.09748,0.11619500000000003,0.1816,120,"Verifier remainder including binding, sequence checks, locks/state publication and observer work; NOT isolated sequence latency.",per-observation exclusive interval; no sum-of-percentiles total
snn32_seed7_forest_anomaly,measured,fresh_to_first_window,accept,accepted,receiver_parsing,120,1.5128,2.13782,2.319412,2.7405,120,Envelope and binary parser call.,per-observation exclusive interval; no sum-of-percentiles total
snn32_seed7_forest_anomaly,measured,fresh_to_first_window,accept,accepted,receiver_quality_check,120,0.54935,0.7439899999999999,0.800077,0.8209,120,Verifier quality-check call.,per-observation exclusive interval; no sum-of-percentiles total
snn32_seed7_forest_anomaly,measured,fresh_to_first_window,accept,accepted,receiver_window_hmac,120,0.0151,0.021705,0.025791000000000005,0.0265,120,"Recorded verifier window-tag calculation, not complete authentication.",per-observation exclusive interval; no sum-of-percentiles total
snn32_seed7_forest_anomaly,measured,fresh_to_first_window,accept,accepted,reconstruction,120,2.7217,4.03594,4.449523,4.9997,120,Actual recorded BCH reconstruction; includes any observer/GC delay.,per-observation exclusive interval; no sum-of-percentiles total
snn32_seed7_forest_anomaly,measured,fresh_to_first_window,accept,accepted,release_conversion_unisolated,120,0.5145,0.70752,0.7583370000000001,0.7757,120,Accepted release remainder including conversion/dispatch/observer work outside consumer children.,per-observation exclusive interval; no sum-of-percentiles total
snn32_seed7_forest_anomaly,measured,fresh_to_first_window,accept,accepted,sender_binding_unisolated,120,0.11055,0.15114,0.17883300000000002,0.1857,120,Sender seal remainder: binding/state/orchestration/observer work not separately timed.,per-observation exclusive interval; no sum-of-percentiles total
snn32_seed7_forest_anomaly,measured,fresh_to_first_window,accept,accepted,sender_serialization_and_quality,120,1.01115,1.42263,1.474949,1.6136,120,Sender serialization including its quality validation; not separately timed.,per-observation exclusive interval; no sum-of-percentiles total
snn32_seed7_forest_anomaly,measured,fresh_to_first_window,accept,accepted,sender_window_hmac,120,0.0141,0.021964999999999995,0.048768000000000054,0.2573,120,Recorded window-tag generation call.,per-observation exclusive interval; no sum-of-percentiles total
snn32_seed7_forest_anomaly,measured,fresh_to_first_window,accept,accepted,session_establishment_unisolated,120,0.38825,0.5612149999999999,0.7380280000000001,0.9208,120,"Handshake/request/activation remainder, including unseparated HKDF/confirmation work and observer cost.",per-observation exclusive interval; no sum-of-percentiles total
snn32_seed7_forest_anomaly,measured,fresh_to_first_window,accept,accepted,simulated_response_read,120,0.1471,0.18157999999999996,0.25849900000000003,0.3285,120,"Modeled response generation, not physical acquisition.",per-observation exclusive interval; no sum-of-percentiles total
snn32_seed7_forest_anomaly,measured,malformed_json_receiver,reject,malformed_message,admission_orchestration_unisolated,120,0.0,0.0,0.0,0.0,0,Admission orchestration remainder not covered by named children.,per-observation exclusive interval; no sum-of-percentiles total
snn32_seed7_forest_anomaly,measured,malformed_json_receiver,reject,malformed_message,anomaly_consumer,120,0.0,0.0,0.0,0.0,0,Anomaly consumer including feature scaling and frozen-threshold decision.,per-observation exclusive interval; no sum-of-percentiles total
snn32_seed7_forest_anomaly,measured,malformed_json_receiver,reject,malformed_message,binary32_adapter,120,0.0,0.0,0.0,0.0,0,Canonical binary32 input adaptation before sender sealing.,per-observation exclusive interval; no sum-of-percentiles total
snn32_seed7_forest_anomaly,measured,malformed_json_receiver,reject,malformed_message,credential_verification,120,0.0,0.0,0.0,0.0,0,Recorded independent credential-verification call(s).,per-observation exclusive interval; no sum-of-percentiles total
snn32_seed7_forest_anomaly,measured,malformed_json_receiver,reject,malformed_message,in_memory_audit_measured,120,0.0449,0.05414,0.07991800000000006,0.1568,120,"Recorded audit record/prepare/commit spans, exclusive of their children; not all audit-related overhead and not durable storage.",per-observation exclusive interval; no sum-of-percentiles total
snn32_seed7_forest_anomaly,measured,malformed_json_receiver,reject,malformed_message,local_admission_checks,120,0.0,0.0,0.0,0.0,0,"Measured local authorization/binding/consumption calls, excluding nested credential verification.",per-observation exclusive interval; no sum-of-percentiles total
snn32_seed7_forest_anomaly,measured,malformed_json_receiver,reject,malformed_message,model_input_preprocessing,120,0.0,0.0,0.0,0.0,0,Shared model-input preparation; model-specific normalization remains in consumer timing.,per-observation exclusive interval; no sum-of-percentiles total
snn32_seed7_forest_anomaly,measured,malformed_json_receiver,reject,malformed_message,motion_consumer,120,0.0,0.0,0.0,0.0,0,Motion consumer including normalization/tensor preparation/prediction decoding.,per-observation exclusive interval; no sum-of-percentiles total
snn32_seed7_forest_anomaly,measured,malformed_json_receiver,reject,malformed_message,outer_orchestration_unisolated,120,0.008,0.009605,0.012944000000000006,0.0585,120,Direct root/first-post-window remainder outside named child spans.,per-observation exclusive interval; no sum-of-percentiles total
snn32_seed7_forest_anomaly,measured,malformed_json_receiver,reject,malformed_message,receiver_binding_sequence_state_unisolated,120,0.03915,0.049484999999999994,0.062281000000000024,0.0695,120,"Verifier remainder including binding, sequence checks, locks/state publication and observer work; NOT isolated sequence latency.",per-observation exclusive interval; no sum-of-percentiles total
snn32_seed7_forest_anomaly,measured,malformed_json_receiver,reject,malformed_message,receiver_parsing,120,0.03325,0.04163,0.053175000000000014,0.0641,120,Envelope and binary parser call.,per-observation exclusive interval; no sum-of-percentiles total
snn32_seed7_forest_anomaly,measured,malformed_json_receiver,reject,malformed_message,receiver_quality_check,120,0.0,0.0,0.0,0.0,0,Verifier quality-check call.,per-observation exclusive interval; no sum-of-percentiles total
snn32_seed7_forest_anomaly,measured,malformed_json_receiver,reject,malformed_message,receiver_window_hmac,120,0.0,0.0,0.0,0.0,0,"Recorded verifier window-tag calculation, not complete authentication.",per-observation exclusive interval; no sum-of-percentiles total
snn32_seed7_forest_anomaly,measured,malformed_json_receiver,reject,malformed_message,reconstruction,120,0.0,0.0,0.0,0.0,0,Actual recorded BCH reconstruction; includes any observer/GC delay.,per-observation exclusive interval; no sum-of-percentiles total
snn32_seed7_forest_anomaly,measured,malformed_json_receiver,reject,malformed_message,release_conversion_unisolated,120,0.0,0.0,0.0,0.0,0,Accepted release remainder including conversion/dispatch/observer work outside consumer children.,per-observation exclusive interval; no sum-of-percentiles total
snn32_seed7_forest_anomaly,measured,malformed_json_receiver,reject,malformed_message,sender_binding_unisolated,120,0.0,0.0,0.0,0.0,0,Sender seal remainder: binding/state/orchestration/observer work not separately timed.,per-observation exclusive interval; no sum-of-percentiles total
snn32_seed7_forest_anomaly,measured,malformed_json_receiver,reject,malformed_message,sender_serialization_and_quality,120,0.0,0.0,0.0,0.0,0,Sender serialization including its quality validation; not separately timed.,per-observation exclusive interval; no sum-of-percentiles total
snn32_seed7_forest_anomaly,measured,malformed_json_receiver,reject,malformed_message,sender_window_hmac,120,0.0,0.0,0.0,0.0,0,Recorded window-tag generation call.,per-observation exclusive interval; no sum-of-percentiles total
snn32_seed7_forest_anomaly,measured,malformed_json_receiver,reject,malformed_message,session_establishment_unisolated,120,0.0,0.0,0.0,0.0,0,"Handshake/request/activation remainder, including unseparated HKDF/confirmation work and observer cost.",per-observation exclusive interval; no sum-of-percentiles total
snn32_seed7_forest_anomaly,measured,malformed_json_receiver,reject,malformed_message,simulated_response_read,120,0.0,0.0,0.0,0.0,0,"Modeled response generation, not physical acquisition.",per-observation exclusive interval; no sum-of-percentiles total
snn32_seed7_forest_anomaly,measured,post_window_after_refusals,accept,accepted,admission_orchestration_unisolated,120,0.0,0.0,0.0,0.0,0,Admission orchestration remainder not covered by named children.,per-observation exclusive interval; no sum-of-percentiles total
snn32_seed7_forest_anomaly,measured,post_window_after_refusals,accept,accepted,anomaly_consumer,120,4.9142,8.02276,9.258105,11.8839,120,Anomaly consumer including feature scaling and frozen-threshold decision.,per-observation exclusive interval; no sum-of-percentiles total
snn32_seed7_forest_anomaly,measured,post_window_after_refusals,accept,accepted,binary32_adapter,120,1.04635,1.206025,1.563540000000001,1.7607,120,Canonical binary32 input adaptation before sender sealing.,per-observation exclusive interval; no sum-of-percentiles total
snn32_seed7_forest_anomaly,measured,post_window_after_refusals,accept,accepted,credential_verification,120,0.0,0.0,0.0,0.0,0,Recorded independent credential-verification call(s).,per-observation exclusive interval; no sum-of-percentiles total
snn32_seed7_forest_anomaly,measured,post_window_after_refusals,accept,accepted,in_memory_audit_measured,120,0.07235,0.0863,0.15254300000000004,0.1585,120,"Recorded audit record/prepare/commit spans, exclusive of their children; not all audit-related overhead and not durable storage.",per-observation exclusive interval; no sum-of-percentiles total
snn32_seed7_forest_anomaly,measured,post_window_after_refusals,accept,accepted,local_admission_checks,120,0.0,0.0,0.0,0.0,0,"Measured local authorization/binding/consumption calls, excluding nested credential verification.",per-observation exclusive interval; no sum-of-percentiles total
snn32_seed7_forest_anomaly,measured,post_window_after_refusals,accept,accepted,model_input_preprocessing,120,3.2013,3.95591,5.735769000000002,5.9545,120,Shared model-input preparation; model-specific normalization remains in consumer timing.,per-observation exclusive interval; no sum-of-percentiles total
snn32_seed7_forest_anomaly,measured,post_window_after_refusals,accept,accepted,motion_consumer,120,10.14205,13.21924,14.966006000000002,21.1148,120,Motion consumer including normalization/tensor preparation/prediction decoding.,per-observation exclusive interval; no sum-of-percentiles total
snn32_seed7_forest_anomaly,measured,post_window_after_refusals,accept,accepted,outer_orchestration_unisolated,120,0.075,0.126485,0.16841300000000006,0.2226,120,Direct root/first-post-window remainder outside named child spans.,per-observation exclusive interval; no sum-of-percentiles total
snn32_seed7_forest_anomaly,measured,post_window_after_refusals,accept,accepted,receiver_binding_sequence_state_unisolated,120,0.0763,0.10898,0.14639700000000003,0.1552,120,"Verifier remainder including binding, sequence checks, locks/state publication and observer work; NOT isolated sequence latency.",per-observation exclusive interval; no sum-of-percentiles total
snn32_seed7_forest_anomaly,measured,post_window_after_refusals,accept,accepted,receiver_parsing,120,1.52535,4.59863,5.241063000000001,262.2425,120,Envelope and binary parser call.,per-observation exclusive interval; no sum-of-percentiles total
snn32_seed7_forest_anomaly,measured,post_window_after_refusals,accept,accepted,receiver_quality_check,120,0.56615,0.69808,0.9977480000000001,1.2586,120,Verifier quality-check call.,per-observation exclusive interval; no sum-of-percentiles total
snn32_seed7_forest_anomaly,measured,post_window_after_refusals,accept,accepted,receiver_window_hmac,120,0.01735,0.029664999999999997,0.036501000000000006,0.0481,120,"Recorded verifier window-tag calculation, not complete authentication.",per-observation exclusive interval; no sum-of-percentiles total
snn32_seed7_forest_anomaly,measured,post_window_after_refusals,accept,accepted,reconstruction,120,0.0,0.0,0.0,0.0,0,Actual recorded BCH reconstruction; includes any observer/GC delay.,per-observation exclusive interval; no sum-of-percentiles total
snn32_seed7_forest_anomaly,measured,post_window_after_refusals,accept,accepted,release_conversion_unisolated,120,0.5179,0.606955,0.8985490000000003,0.9451,120,Accepted release remainder including conversion/dispatch/observer work outside consumer children.,per-observation exclusive interval; no sum-of-percentiles total
snn32_seed7_forest_anomaly,measured,post_window_after_refusals,accept,accepted,sender_binding_unisolated,120,0.1082,0.132505,0.20070500000000016,0.2395,120,Sender seal remainder: binding/state/orchestration/observer work not separately timed.,per-observation exclusive interval; no sum-of-percentiles total
snn32_seed7_forest_anomaly,measured,post_window_after_refusals,accept,accepted,sender_serialization_and_quality,120,1.0389,1.208975,1.611576000000001,1.7415,120,Sender serialization including its quality validation; not separately timed.,per-observation exclusive interval; no sum-of-percentiles total
snn32_seed7_forest_anomaly,measured,post_window_after_refusals,accept,accepted,sender_window_hmac,120,0.0221,0.03479499999999999,0.050303000000000014,0.0888,120,Recorded window-tag generation call.,per-observation exclusive interval; no sum-of-percentiles total
snn32_seed7_forest_anomaly,measured,post_window_after_refusals,accept,accepted,session_establishment_unisolated,120,0.0,0.0,0.0,0.0,0,"Handshake/request/activation remainder, including unseparated HKDF/confirmation work and observer cost.",per-observation exclusive interval; no sum-of-percentiles total
snn32_seed7_forest_anomaly,measured,post_window_after_refusals,accept,accepted,simulated_response_read,120,0.0,0.0,0.0,0.0,0,"Modeled response generation, not physical acquisition.",per-observation exclusive interval; no sum-of-percentiles total
snn32_seed7_forest_anomaly,measured,post_window_recurring,accept,accepted,admission_orchestration_unisolated,120,0.0,0.0,0.0,0.0,0,Admission orchestration remainder not covered by named children.,per-observation exclusive interval; no sum-of-percentiles total
snn32_seed7_forest_anomaly,measured,post_window_recurring,accept,accepted,anomaly_consumer,120,6.2179,7.57855,8.205713,8.4382,120,Anomaly consumer including feature scaling and frozen-threshold decision.,per-observation exclusive interval; no sum-of-percentiles total
snn32_seed7_forest_anomaly,measured,post_window_recurring,accept,accepted,binary32_adapter,120,1.0767,1.304045,1.378615,1.4292,120,Canonical binary32 input adaptation before sender sealing.,per-observation exclusive interval; no sum-of-percentiles total
snn32_seed7_forest_anomaly,measured,post_window_recurring,accept,accepted,credential_verification,120,0.0,0.0,0.0,0.0,0,Recorded independent credential-verification call(s).,per-observation exclusive interval; no sum-of-percentiles total
snn32_seed7_forest_anomaly,measured,post_window_recurring,accept,accepted,in_memory_audit_measured,120,0.10095,0.131765,0.14566600000000002,0.3233,120,"Recorded audit record/prepare/commit spans, exclusive of their children; not all audit-related overhead and not durable storage.",per-observation exclusive interval; no sum-of-percentiles total
snn32_seed7_forest_anomaly,measured,post_window_recurring,accept,accepted,local_admission_checks,120,0.0,0.0,0.0,0.0,0,"Measured local authorization/binding/consumption calls, excluding nested credential verification.",per-observation exclusive interval; no sum-of-percentiles total
snn32_seed7_forest_anomaly,measured,post_window_recurring,accept,accepted,model_input_preprocessing,120,3.43365,4.059915,4.991534000000001,5.076,120,Shared model-input preparation; model-specific normalization remains in consumer timing.,per-observation exclusive interval; no sum-of-percentiles total
snn32_seed7_forest_anomaly,measured,post_window_recurring,accept,accepted,motion_consumer,120,11.28655,13.860065,17.780375,18.6445,120,Motion consumer including normalization/tensor preparation/prediction decoding.,per-observation exclusive interval; no sum-of-percentiles total
snn32_seed7_forest_anomaly,measured,post_window_recurring,accept,accepted,outer_orchestration_unisolated,120,0.108,0.16624,0.22656300000000004,0.2367,120,Direct root/first-post-window remainder outside named child spans.,per-observation exclusive interval; no sum-of-percentiles total
snn32_seed7_forest_anomaly,measured,post_window_recurring,accept,accepted,receiver_binding_sequence_state_unisolated,120,0.0838,0.10956,0.12174200000000002,0.1556,120,"Verifier remainder including binding, sequence checks, locks/state publication and observer work; NOT isolated sequence latency.",per-observation exclusive interval; no sum-of-percentiles total
snn32_seed7_forest_anomaly,measured,post_window_recurring,accept,accepted,receiver_parsing,120,1.6032,1.88911,1.9930370000000002,2.0278,120,Envelope and binary parser call.,per-observation exclusive interval; no sum-of-percentiles total
snn32_seed7_forest_anomaly,measured,post_window_recurring,accept,accepted,receiver_quality_check,120,0.60215,0.69178,0.748412,0.7585,120,Verifier quality-check call.,per-observation exclusive interval; no sum-of-percentiles total
snn32_seed7_forest_anomaly,measured,post_window_recurring,accept,accepted,receiver_window_hmac,120,0.0181,0.02421,0.031717000000000016,0.0718,120,"Recorded verifier window-tag calculation, not complete authentication.",per-observation exclusive interval; no sum-of-percentiles total
snn32_seed7_forest_anomaly,measured,post_window_recurring,accept,accepted,reconstruction,120,0.0,0.0,0.0,0.0,0,Actual recorded BCH reconstruction; includes any observer/GC delay.,per-observation exclusive interval; no sum-of-percentiles total
snn32_seed7_forest_anomaly,measured,post_window_recurring,accept,accepted,release_conversion_unisolated,120,0.5522,0.6887,0.726756,0.7333,120,Accepted release remainder including conversion/dispatch/observer work outside consumer children.,per-observation exclusive interval; no sum-of-percentiles total
snn32_seed7_forest_anomaly,measured,post_window_recurring,accept,accepted,sender_binding_unisolated,120,0.13285,0.1702,0.178462,0.1788,120,Sender seal remainder: binding/state/orchestration/observer work not separately timed.,per-observation exclusive interval; no sum-of-percentiles total
snn32_seed7_forest_anomaly,measured,post_window_recurring,accept,accepted,sender_serialization_and_quality,120,1.0953,1.28883,1.329435,1.444,120,Sender serialization including its quality validation; not separately timed.,per-observation exclusive interval; no sum-of-percentiles total
snn32_seed7_forest_anomaly,measured,post_window_recurring,accept,accepted,sender_window_hmac,120,0.02575,0.035815,0.038505,0.0478,120,Recorded window-tag generation call.,per-observation exclusive interval; no sum-of-percentiles total
snn32_seed7_forest_anomaly,measured,post_window_recurring,accept,accepted,session_establishment_unisolated,120,0.0,0.0,0.0,0.0,0,"Handshake/request/activation remainder, including unseparated HKDF/confirmation work and observer cost.",per-observation exclusive interval; no sum-of-percentiles total
snn32_seed7_forest_anomaly,measured,post_window_recurring,accept,accepted,simulated_response_read,120,0.0,0.0,0.0,0.0,0,"Modeled response generation, not physical acquisition.",per-observation exclusive interval; no sum-of-percentiles total
snn32_seed7_forest_anomaly,measured,pre_tag_quality_refusal,reject,data_quality_failure,admission_orchestration_unisolated,120,0.0,0.0,0.0,0.0,0,Admission orchestration remainder not covered by named children.,per-observation exclusive interval; no sum-of-percentiles total
snn32_seed7_forest_anomaly,measured,pre_tag_quality_refusal,reject,data_quality_failure,anomaly_consumer,120,0.0,0.0,0.0,0.0,0,Anomaly consumer including feature scaling and frozen-threshold decision.,per-observation exclusive interval; no sum-of-percentiles total
snn32_seed7_forest_anomaly,measured,pre_tag_quality_refusal,reject,data_quality_failure,binary32_adapter,120,1.0559,1.2942299999999998,1.7222720000000005,1.8325,120,Canonical binary32 input adaptation before sender sealing.,per-observation exclusive interval; no sum-of-percentiles total
snn32_seed7_forest_anomaly,measured,pre_tag_quality_refusal,reject,data_quality_failure,credential_verification,120,0.0,0.0,0.0,0.0,0,Recorded independent credential-verification call(s).,per-observation exclusive interval; no sum-of-percentiles total
snn32_seed7_forest_anomaly,measured,pre_tag_quality_refusal,reject,data_quality_failure,in_memory_audit_measured,120,0.04535,0.06554499999999999,0.07962200000000001,0.0929,120,"Recorded audit record/prepare/commit spans, exclusive of their children; not all audit-related overhead and not durable storage.",per-observation exclusive interval; no sum-of-percentiles total
snn32_seed7_forest_anomaly,measured,pre_tag_quality_refusal,reject,data_quality_failure,local_admission_checks,120,0.0,0.0,0.0,0.0,0,"Measured local authorization/binding/consumption calls, excluding nested credential verification.",per-observation exclusive interval; no sum-of-percentiles total
snn32_seed7_forest_anomaly,measured,pre_tag_quality_refusal,reject,data_quality_failure,model_input_preprocessing,120,0.0,0.0,0.0,0.0,0,Shared model-input preparation; model-specific normalization remains in consumer timing.,per-observation exclusive interval; no sum-of-percentiles total
snn32_seed7_forest_anomaly,measured,pre_tag_quality_refusal,reject,data_quality_failure,motion_consumer,120,0.0,0.0,0.0,0.0,0,Motion consumer including normalization/tensor preparation/prediction decoding.,per-observation exclusive interval; no sum-of-percentiles total
snn32_seed7_forest_anomaly,measured,pre_tag_quality_refusal,reject,data_quality_failure,outer_orchestration_unisolated,120,0.04505,0.065115,0.08459300000000003,0.0946,120,Direct root/first-post-window remainder outside named child spans.,per-observation exclusive interval; no sum-of-percentiles total
snn32_seed7_forest_anomaly,measured,pre_tag_quality_refusal,reject,data_quality_failure,receiver_binding_sequence_state_unisolated,120,0.0,0.0,0.0,0.0,0,"Verifier remainder including binding, sequence checks, locks/state publication and observer work; NOT isolated sequence latency.",per-observation exclusive interval; no sum-of-percentiles total
snn32_seed7_forest_anomaly,measured,pre_tag_quality_refusal,reject,data_quality_failure,receiver_parsing,120,0.0,0.0,0.0,0.0,0,Envelope and binary parser call.,per-observation exclusive interval; no sum-of-percentiles total
snn32_seed7_forest_anomaly,measured,pre_tag_quality_refusal,reject,data_quality_failure,receiver_quality_check,120,0.0,0.0,0.0,0.0,0,Verifier quality-check call.,per-observation exclusive interval; no sum-of-percentiles total
snn32_seed7_forest_anomaly,measured,pre_tag_quality_refusal,reject,data_quality_failure,receiver_window_hmac,120,0.0,0.0,0.0,0.0,0,"Recorded verifier window-tag calculation, not complete authentication.",per-observation exclusive interval; no sum-of-percentiles total
snn32_seed7_forest_anomaly,measured,pre_tag_quality_refusal,reject,data_quality_failure,reconstruction,120,0.0,0.0,0.0,0.0,0,Actual recorded BCH reconstruction; includes any observer/GC delay.,per-observation exclusive interval; no sum-of-percentiles total
snn32_seed7_forest_anomaly,measured,pre_tag_quality_refusal,reject,data_quality_failure,release_conversion_unisolated,120,0.0,0.0,0.0,0.0,0,Accepted release remainder including conversion/dispatch/observer work outside consumer children.,per-observation exclusive interval; no sum-of-percentiles total
snn32_seed7_forest_anomaly,measured,pre_tag_quality_refusal,reject,data_quality_failure,sender_binding_unisolated,120,0.0679,0.1004,0.117224,0.1237,120,Sender seal remainder: binding/state/orchestration/observer work not separately timed.,per-observation exclusive interval; no sum-of-percentiles total
snn32_seed7_forest_anomaly,measured,pre_tag_quality_refusal,reject,data_quality_failure,sender_serialization_and_quality,120,0.47665,0.59595,0.769855,0.7848,120,Sender serialization including its quality validation; not separately timed.,per-observation exclusive interval; no sum-of-percentiles total
snn32_seed7_forest_anomaly,measured,pre_tag_quality_refusal,reject,data_quality_failure,sender_window_hmac,120,0.0,0.0,0.0,0.0,0,Recorded window-tag generation call.,per-observation exclusive interval; no sum-of-percentiles total
snn32_seed7_forest_anomaly,measured,pre_tag_quality_refusal,reject,data_quality_failure,session_establishment_unisolated,120,0.0,0.0,0.0,0.0,0,"Handshake/request/activation remainder, including unseparated HKDF/confirmation work and observer cost.",per-observation exclusive interval; no sum-of-percentiles total
snn32_seed7_forest_anomaly,measured,pre_tag_quality_refusal,reject,data_quality_failure,simulated_response_read,120,0.0,0.0,0.0,0.0,0,"Modeled response generation, not physical acquisition.",per-observation exclusive interval; no sum-of-percentiles total
snn32_seed7_forest_anomaly,measured,valid_receiver_after_bad_tag,accept,accepted,admission_orchestration_unisolated,120,0.0,0.0,0.0,0.0,0,Admission orchestration remainder not covered by named children.,per-observation exclusive interval; no sum-of-percentiles total
snn32_seed7_forest_anomaly,measured,valid_receiver_after_bad_tag,accept,accepted,anomaly_consumer,120,6.14385,7.714255,8.057239,11.2209,120,Anomaly consumer including feature scaling and frozen-threshold decision.,per-observation exclusive interval; no sum-of-percentiles total
snn32_seed7_forest_anomaly,measured,valid_receiver_after_bad_tag,accept,accepted,binary32_adapter,120,0.0,0.0,0.0,0.0,0,Canonical binary32 input adaptation before sender sealing.,per-observation exclusive interval; no sum-of-percentiles total
snn32_seed7_forest_anomaly,measured,valid_receiver_after_bad_tag,accept,accepted,credential_verification,120,0.0,0.0,0.0,0.0,0,Recorded independent credential-verification call(s).,per-observation exclusive interval; no sum-of-percentiles total
snn32_seed7_forest_anomaly,measured,valid_receiver_after_bad_tag,accept,accepted,in_memory_audit_measured,120,0.0394,0.04836,0.06668800000000001,0.07,120,"Recorded audit record/prepare/commit spans, exclusive of their children; not all audit-related overhead and not durable storage.",per-observation exclusive interval; no sum-of-percentiles total
snn32_seed7_forest_anomaly,measured,valid_receiver_after_bad_tag,accept,accepted,local_admission_checks,120,0.0,0.0,0.0,0.0,0,"Measured local authorization/binding/consumption calls, excluding nested credential verification.",per-observation exclusive interval; no sum-of-percentiles total
snn32_seed7_forest_anomaly,measured,valid_receiver_after_bad_tag,accept,accepted,model_input_preprocessing,120,3.4822,4.11322,4.740578000000001,5.6613,120,Shared model-input preparation; model-specific normalization remains in consumer timing.,per-observation exclusive interval; no sum-of-percentiles total
snn32_seed7_forest_anomaly,measured,valid_receiver_after_bad_tag,accept,accepted,motion_consumer,120,11.2586,13.734849999999998,15.259933,17.4137,120,Motion consumer including normalization/tensor preparation/prediction decoding.,per-observation exclusive interval; no sum-of-percentiles total
snn32_seed7_forest_anomaly,measured,valid_receiver_after_bad_tag,accept,accepted,outer_orchestration_unisolated,120,0.02215,0.02813,0.035305,0.0375,120,Direct root/first-post-window remainder outside named child spans.,per-observation exclusive interval; no sum-of-percentiles total
snn32_seed7_forest_anomaly,measured,valid_receiver_after_bad_tag,accept,accepted,receiver_binding_sequence_state_unisolated,120,0.07995,0.102005,0.12127300000000003,0.134,120,"Verifier remainder including binding, sequence checks, locks/state publication and observer work; NOT isolated sequence latency.",per-observation exclusive interval; no sum-of-percentiles total
snn32_seed7_forest_anomaly,measured,valid_receiver_after_bad_tag,accept,accepted,receiver_parsing,120,1.4221,1.626345,1.7476220000000002,1.8354,120,Envelope and binary parser call.,per-observation exclusive interval; no sum-of-percentiles total
snn32_seed7_forest_anomaly,measured,valid_receiver_after_bad_tag,accept,accepted,receiver_quality_check,120,0.61215,0.71055,0.744914,0.8479,120,Verifier quality-check call.,per-observation exclusive interval; no sum-of-percentiles total
snn32_seed7_forest_anomaly,measured,valid_receiver_after_bad_tag,accept,accepted,receiver_window_hmac,120,0.01665,0.021805,0.028325000000000006,0.0293,120,"Recorded verifier window-tag calculation, not complete authentication.",per-observation exclusive interval; no sum-of-percentiles total
snn32_seed7_forest_anomaly,measured,valid_receiver_after_bad_tag,accept,accepted,reconstruction,120,0.0,0.0,0.0,0.0,0,Actual recorded BCH reconstruction; includes any observer/GC delay.,per-observation exclusive interval; no sum-of-percentiles total
snn32_seed7_forest_anomaly,measured,valid_receiver_after_bad_tag,accept,accepted,release_conversion_unisolated,120,0.54195,0.65088,0.703788,4.2101,120,Accepted release remainder including conversion/dispatch/observer work outside consumer children.,per-observation exclusive interval; no sum-of-percentiles total
snn32_seed7_forest_anomaly,measured,valid_receiver_after_bad_tag,accept,accepted,sender_binding_unisolated,120,0.0,0.0,0.0,0.0,0,Sender seal remainder: binding/state/orchestration/observer work not separately timed.,per-observation exclusive interval; no sum-of-percentiles total
snn32_seed7_forest_anomaly,measured,valid_receiver_after_bad_tag,accept,accepted,sender_serialization_and_quality,120,0.0,0.0,0.0,0.0,0,Sender serialization including its quality validation; not separately timed.,per-observation exclusive interval; no sum-of-percentiles total
snn32_seed7_forest_anomaly,measured,valid_receiver_after_bad_tag,accept,accepted,sender_window_hmac,120,0.0,0.0,0.0,0.0,0,Recorded window-tag generation call.,per-observation exclusive interval; no sum-of-percentiles total
snn32_seed7_forest_anomaly,measured,valid_receiver_after_bad_tag,accept,accepted,session_establishment_unisolated,120,0.0,0.0,0.0,0.0,0,"Handshake/request/activation remainder, including unseparated HKDF/confirmation work and observer cost.",per-observation exclusive interval; no sum-of-percentiles total
snn32_seed7_forest_anomaly,measured,valid_receiver_after_bad_tag,accept,accepted,simulated_response_read,120,0.0,0.0,0.0,0.0,0,"Modeled response generation, not physical acquisition.",per-observation exclusive interval; no sum-of-percentiles total
snn32_seed7_forest_anomaly,warmup,bad_tag_receiver,reject,invalid_tag,admission_orchestration_unisolated,29,0.0,0.0,0.0,0.0,0,Admission orchestration remainder not covered by named children.,per-observation exclusive interval; no sum-of-percentiles total
snn32_seed7_forest_anomaly,warmup,bad_tag_receiver,reject,invalid_tag,anomaly_consumer,29,0.0,0.0,0.0,0.0,0,Anomaly consumer including feature scaling and frozen-threshold decision.,per-observation exclusive interval; no sum-of-percentiles total
snn32_seed7_forest_anomaly,warmup,bad_tag_receiver,reject,invalid_tag,binary32_adapter,29,0.0,0.0,0.0,0.0,0,Canonical binary32 input adaptation before sender sealing.,per-observation exclusive interval; no sum-of-percentiles total
snn32_seed7_forest_anomaly,warmup,bad_tag_receiver,reject,invalid_tag,credential_verification,29,0.0,0.0,0.0,0.0,0,Recorded independent credential-verification call(s).,per-observation exclusive interval; no sum-of-percentiles total
snn32_seed7_forest_anomaly,warmup,bad_tag_receiver,reject,invalid_tag,in_memory_audit_measured,29,0.0314,0.04528,0.05328799999999999,0.0562,29,"Recorded audit record/prepare/commit spans, exclusive of their children; not all audit-related overhead and not durable storage.",per-observation exclusive interval; no sum-of-percentiles total
snn32_seed7_forest_anomaly,warmup,bad_tag_receiver,reject,invalid_tag,local_admission_checks,29,0.0,0.0,0.0,0.0,0,"Measured local authorization/binding/consumption calls, excluding nested credential verification.",per-observation exclusive interval; no sum-of-percentiles total
snn32_seed7_forest_anomaly,warmup,bad_tag_receiver,reject,invalid_tag,model_input_preprocessing,29,0.0,0.0,0.0,0.0,0,Shared model-input preparation; model-specific normalization remains in consumer timing.,per-observation exclusive interval; no sum-of-percentiles total
snn32_seed7_forest_anomaly,warmup,bad_tag_receiver,reject,invalid_tag,motion_consumer,29,0.0,0.0,0.0,0.0,0,Motion consumer including normalization/tensor preparation/prediction decoding.,per-observation exclusive interval; no sum-of-percentiles total
snn32_seed7_forest_anomaly,warmup,bad_tag_receiver,reject,invalid_tag,outer_orchestration_unisolated,29,0.0106,0.01166,0.012204,0.0124,29,Direct root/first-post-window remainder outside named child spans.,per-observation exclusive interval; no sum-of-percentiles total
snn32_seed7_forest_anomaly,warmup,bad_tag_receiver,reject,invalid_tag,receiver_binding_sequence_state_unisolated,29,0.0843,0.09628,0.10558399999999998,0.109,29,"Verifier remainder including binding, sequence checks, locks/state publication and observer work; NOT isolated sequence latency.",per-observation exclusive interval; no sum-of-percentiles total
snn32_seed7_forest_anomaly,warmup,bad_tag_receiver,reject,invalid_tag,receiver_parsing,29,1.3016,1.42676,1.476952,1.4956,29,Envelope and binary parser call.,per-observation exclusive interval; no sum-of-percentiles total
snn32_seed7_forest_anomaly,warmup,bad_tag_receiver,reject,invalid_tag,receiver_quality_check,29,0.0,0.0,0.0,0.0,0,Verifier quality-check call.,per-observation exclusive interval; no sum-of-percentiles total
snn32_seed7_forest_anomaly,warmup,bad_tag_receiver,reject,invalid_tag,receiver_window_hmac,29,0.0159,0.01976,0.021008,0.0214,29,"Recorded verifier window-tag calculation, not complete authentication.",per-observation exclusive interval; no sum-of-percentiles total
snn32_seed7_forest_anomaly,warmup,bad_tag_receiver,reject,invalid_tag,reconstruction,29,0.0,0.0,0.0,0.0,0,Actual recorded BCH reconstruction; includes any observer/GC delay.,per-observation exclusive interval; no sum-of-percentiles total
snn32_seed7_forest_anomaly,warmup,bad_tag_receiver,reject,invalid_tag,release_conversion_unisolated,29,0.0,0.0,0.0,0.0,0,Accepted release remainder including conversion/dispatch/observer work outside consumer children.,per-observation exclusive interval; no sum-of-percentiles total
snn32_seed7_forest_anomaly,warmup,bad_tag_receiver,reject,invalid_tag,sender_binding_unisolated,29,0.0,0.0,0.0,0.0,0,Sender seal remainder: binding/state/orchestration/observer work not separately timed.,per-observation exclusive interval; no sum-of-percentiles total
snn32_seed7_forest_anomaly,warmup,bad_tag_receiver,reject,invalid_tag,sender_serialization_and_quality,29,0.0,0.0,0.0,0.0,0,Sender serialization including its quality validation; not separately timed.,per-observation exclusive interval; no sum-of-percentiles total
snn32_seed7_forest_anomaly,warmup,bad_tag_receiver,reject,invalid_tag,sender_window_hmac,29,0.0,0.0,0.0,0.0,0,Recorded window-tag generation call.,per-observation exclusive interval; no sum-of-percentiles total
snn32_seed7_forest_anomaly,warmup,bad_tag_receiver,reject,invalid_tag,session_establishment_unisolated,29,0.0,0.0,0.0,0.0,0,"Handshake/request/activation remainder, including unseparated HKDF/confirmation work and observer cost.",per-observation exclusive interval; no sum-of-percentiles total
snn32_seed7_forest_anomaly,warmup,bad_tag_receiver,reject,invalid_tag,simulated_response_read,29,0.0,0.0,0.0,0.0,0,"Modeled response generation, not physical acquisition.",per-observation exclusive interval; no sum-of-percentiles total
snn32_seed7_forest_anomaly,warmup,exact_replay_receiver,reject,duplicate_sequence,admission_orchestration_unisolated,29,0.0,0.0,0.0,0.0,0,Admission orchestration remainder not covered by named children.,per-observation exclusive interval; no sum-of-percentiles total
snn32_seed7_forest_anomaly,warmup,exact_replay_receiver,reject,duplicate_sequence,anomaly_consumer,29,0.0,0.0,0.0,0.0,0,Anomaly consumer including feature scaling and frozen-threshold decision.,per-observation exclusive interval; no sum-of-percentiles total
snn32_seed7_forest_anomaly,warmup,exact_replay_receiver,reject,duplicate_sequence,binary32_adapter,29,0.0,0.0,0.0,0.0,0,Canonical binary32 input adaptation before sender sealing.,per-observation exclusive interval; no sum-of-percentiles total
snn32_seed7_forest_anomaly,warmup,exact_replay_receiver,reject,duplicate_sequence,credential_verification,29,0.0,0.0,0.0,0.0,0,Recorded independent credential-verification call(s).,per-observation exclusive interval; no sum-of-percentiles total
snn32_seed7_forest_anomaly,warmup,exact_replay_receiver,reject,duplicate_sequence,in_memory_audit_measured,29,0.0586,0.07731999999999997,0.084048,0.085,29,"Recorded audit record/prepare/commit spans, exclusive of their children; not all audit-related overhead and not durable storage.",per-observation exclusive interval; no sum-of-percentiles total
snn32_seed7_forest_anomaly,warmup,exact_replay_receiver,reject,duplicate_sequence,local_admission_checks,29,0.0,0.0,0.0,0.0,0,"Measured local authorization/binding/consumption calls, excluding nested credential verification.",per-observation exclusive interval; no sum-of-percentiles total
snn32_seed7_forest_anomaly,warmup,exact_replay_receiver,reject,duplicate_sequence,model_input_preprocessing,29,0.0,0.0,0.0,0.0,0,Shared model-input preparation; model-specific normalization remains in consumer timing.,per-observation exclusive interval; no sum-of-percentiles total
snn32_seed7_forest_anomaly,warmup,exact_replay_receiver,reject,duplicate_sequence,motion_consumer,29,0.0,0.0,0.0,0.0,0,Motion consumer including normalization/tensor preparation/prediction decoding.,per-observation exclusive interval; no sum-of-percentiles total
snn32_seed7_forest_anomaly,warmup,exact_replay_receiver,reject,duplicate_sequence,outer_orchestration_unisolated,29,0.0105,0.01192,0.013223999999999998,0.0137,29,Direct root/first-post-window remainder outside named child spans.,per-observation exclusive interval; no sum-of-percentiles total
snn32_seed7_forest_anomaly,warmup,exact_replay_receiver,reject,duplicate_sequence,receiver_binding_sequence_state_unisolated,29,0.1151,0.14134,0.143156,0.1438,29,"Verifier remainder including binding, sequence checks, locks/state publication and observer work; NOT isolated sequence latency.",per-observation exclusive interval; no sum-of-percentiles total
snn32_seed7_forest_anomaly,warmup,exact_replay_receiver,reject,duplicate_sequence,receiver_parsing,29,1.5905,3.91106,4.06266,4.116,29,Envelope and binary parser call.,per-observation exclusive interval; no sum-of-percentiles total
snn32_seed7_forest_anomaly,warmup,exact_replay_receiver,reject,duplicate_sequence,receiver_quality_check,29,0.5418,0.6062,0.610352,0.6115,29,Verifier quality-check call.,per-observation exclusive interval; no sum-of-percentiles total
snn32_seed7_forest_anomaly,warmup,exact_replay_receiver,reject,duplicate_sequence,receiver_window_hmac,29,0.0252,0.037359999999999983,0.04213599999999999,0.0432,29,"Recorded verifier window-tag calculation, not complete authentication.",per-observation exclusive interval; no sum-of-percentiles total
snn32_seed7_forest_anomaly,warmup,exact_replay_receiver,reject,duplicate_sequence,reconstruction,29,0.0,0.0,0.0,0.0,0,Actual recorded BCH reconstruction; includes any observer/GC delay.,per-observation exclusive interval; no sum-of-percentiles total
snn32_seed7_forest_anomaly,warmup,exact_replay_receiver,reject,duplicate_sequence,release_conversion_unisolated,29,0.0,0.0,0.0,0.0,0,Accepted release remainder including conversion/dispatch/observer work outside consumer children.,per-observation exclusive interval; no sum-of-percentiles total
snn32_seed7_forest_anomaly,warmup,exact_replay_receiver,reject,duplicate_sequence,sender_binding_unisolated,29,0.0,0.0,0.0,0.0,0,Sender seal remainder: binding/state/orchestration/observer work not separately timed.,per-observation exclusive interval; no sum-of-percentiles total
snn32_seed7_forest_anomaly,warmup,exact_replay_receiver,reject,duplicate_sequence,sender_serialization_and_quality,29,0.0,0.0,0.0,0.0,0,Sender serialization including its quality validation; not separately timed.,per-observation exclusive interval; no sum-of-percentiles total
snn32_seed7_forest_anomaly,warmup,exact_replay_receiver,reject,duplicate_sequence,sender_window_hmac,29,0.0,0.0,0.0,0.0,0,Recorded window-tag generation call.,per-observation exclusive interval; no sum-of-percentiles total
snn32_seed7_forest_anomaly,warmup,exact_replay_receiver,reject,duplicate_sequence,session_establishment_unisolated,29,0.0,0.0,0.0,0.0,0,"Handshake/request/activation remainder, including unseparated HKDF/confirmation work and observer cost.",per-observation exclusive interval; no sum-of-percentiles total
snn32_seed7_forest_anomaly,warmup,exact_replay_receiver,reject,duplicate_sequence,simulated_response_read,29,0.0,0.0,0.0,0.0,0,"Modeled response generation, not physical acquisition.",per-observation exclusive interval; no sum-of-percentiles total
snn32_seed7_forest_anomaly,warmup,fresh_to_first_window,accept,accepted,admission_orchestration_unisolated,29,0.0429,0.05734,0.058692,0.059,29,Admission orchestration remainder not covered by named children.,per-observation exclusive interval; no sum-of-percentiles total
snn32_seed7_forest_anomaly,warmup,fresh_to_first_window,accept,accepted,anomaly_consumer,29,5.9849,6.47436,7.533383999999998,7.9141,29,Anomaly consumer including feature scaling and frozen-threshold decision.,per-observation exclusive interval; no sum-of-percentiles total
snn32_seed7_forest_anomaly,warmup,fresh_to_first_window,accept,accepted,binary32_adapter,29,0.9936,1.2320799999999996,1.348344,1.368,29,Canonical binary32 input adaptation before sender sealing.,per-observation exclusive interval; no sum-of-percentiles total
snn32_seed7_forest_anomaly,warmup,fresh_to_first_window,accept,accepted,credential_verification,29,0.0451,0.0562,0.05788,0.0583,29,Recorded independent credential-verification call(s).,per-observation exclusive interval; no sum-of-percentiles total
snn32_seed7_forest_anomaly,warmup,fresh_to_first_window,accept,accepted,in_memory_audit_measured,29,0.166,0.19794,0.205772,0.2086,29,"Recorded audit record/prepare/commit spans, exclusive of their children; not all audit-related overhead and not durable storage.",per-observation exclusive interval; no sum-of-percentiles total
snn32_seed7_forest_anomaly,warmup,fresh_to_first_window,accept,accepted,local_admission_checks,29,0.0538,0.06786,0.08380399999999998,0.0896,29,"Measured local authorization/binding/consumption calls, excluding nested credential verification.",per-observation exclusive interval; no sum-of-percentiles total
snn32_seed7_forest_anomaly,warmup,fresh_to_first_window,accept,accepted,model_input_preprocessing,29,3.0427,3.48448,3.7002479999999993,3.781,29,Shared model-input preparation; model-specific normalization remains in consumer timing.,per-observation exclusive interval; no sum-of-percentiles total
snn32_seed7_forest_anomaly,warmup,fresh_to_first_window,accept,accepted,motion_consumer,29,10.5023,11.77954,12.742907999999998,13.0835,29,Motion consumer including normalization/tensor preparation/prediction decoding.,per-observation exclusive interval; no sum-of-percentiles total
snn32_seed7_forest_anomaly,warmup,fresh_to_first_window,accept,accepted,outer_orchestration_unisolated,29,0.1088,0.15145999999999998,0.18652399999999994,0.1989,29,Direct root/first-post-window remainder outside named child spans.,per-observation exclusive interval; no sum-of-percentiles total
snn32_seed7_forest_anomaly,warmup,fresh_to_first_window,accept,accepted,receiver_binding_sequence_state_unisolated,29,0.0677,0.07891999999999999,0.081576,0.0818,29,"Verifier remainder including binding, sequence checks, locks/state publication and observer work; NOT isolated sequence latency.",per-observation exclusive interval; no sum-of-percentiles total
snn32_seed7_forest_anomaly,warmup,fresh_to_first_window,accept,accepted,receiver_parsing,29,1.4352,1.619,1.65608,1.6691,29,Envelope and binary parser call.,per-observation exclusive interval; no sum-of-percentiles total
snn32_seed7_forest_anomaly,warmup,fresh_to_first_window,accept,accepted,receiver_quality_check,29,0.5268,0.62538,0.646732,0.6546,29,Verifier quality-check call.,per-observation exclusive interval; no sum-of-percentiles total
snn32_seed7_forest_anomaly,warmup,fresh_to_first_window,accept,accepted,receiver_window_hmac,29,0.0148,0.01686,0.018699999999999998,0.0194,29,"Recorded verifier window-tag calculation, not complete authentication.",per-observation exclusive interval; no sum-of-percentiles total
snn32_seed7_forest_anomaly,warmup,fresh_to_first_window,accept,accepted,reconstruction,29,2.6312,3.3363799999999997,3.6344439999999993,3.7192,29,Actual recorded BCH reconstruction; includes any observer/GC delay.,per-observation exclusive interval; no sum-of-percentiles total
snn32_seed7_forest_anomaly,warmup,fresh_to_first_window,accept,accepted,release_conversion_unisolated,29,0.4891,0.54156,0.55548,0.5594,29,Accepted release remainder including conversion/dispatch/observer work outside consumer children.,per-observation exclusive interval; no sum-of-percentiles total
snn32_seed7_forest_anomaly,warmup,fresh_to_first_window,accept,accepted,sender_binding_unisolated,29,0.1048,0.13823999999999995,0.2713359999999998,0.3186,29,Sender seal remainder: binding/state/orchestration/observer work not separately timed.,per-observation exclusive interval; no sum-of-percentiles total
snn32_seed7_forest_anomaly,warmup,fresh_to_first_window,accept,accepted,sender_serialization_and_quality,29,0.973,1.1607999999999998,1.4169279999999995,1.5065,29,Sender serialization including its quality validation; not separately timed.,per-observation exclusive interval; no sum-of-percentiles total
snn32_seed7_forest_anomaly,warmup,fresh_to_first_window,accept,accepted,sender_window_hmac,29,0.014,0.01756,0.017888,0.018,29,Recorded window-tag generation call.,per-observation exclusive interval; no sum-of-percentiles total
snn32_seed7_forest_anomaly,warmup,fresh_to_first_window,accept,accepted,session_establishment_unisolated,29,0.3666,0.43312,0.47786399999999996,0.4943,29,"Handshake/request/activation remainder, including unseparated HKDF/confirmation work and observer cost.",per-observation exclusive interval; no sum-of-percentiles total
snn32_seed7_forest_anomaly,warmup,fresh_to_first_window,accept,accepted,simulated_response_read,29,0.1427,0.18623999999999996,0.2390559999999999,0.2579,29,"Modeled response generation, not physical acquisition.",per-observation exclusive interval; no sum-of-percentiles total
snn32_seed7_forest_anomaly,warmup,malformed_json_receiver,reject,malformed_message,admission_orchestration_unisolated,29,0.0,0.0,0.0,0.0,0,Admission orchestration remainder not covered by named children.,per-observation exclusive interval; no sum-of-percentiles total
snn32_seed7_forest_anomaly,warmup,malformed_json_receiver,reject,malformed_message,anomaly_consumer,29,0.0,0.0,0.0,0.0,0,Anomaly consumer including feature scaling and frozen-threshold decision.,per-observation exclusive interval; no sum-of-percentiles total
snn32_seed7_forest_anomaly,warmup,malformed_json_receiver,reject,malformed_message,binary32_adapter,29,0.0,0.0,0.0,0.0,0,Canonical binary32 input adaptation before sender sealing.,per-observation exclusive interval; no sum-of-percentiles total
snn32_seed7_forest_anomaly,warmup,malformed_json_receiver,reject,malformed_message,credential_verification,29,0.0,0.0,0.0,0.0,0,Recorded independent credential-verification call(s).,per-observation exclusive interval; no sum-of-percentiles total
snn32_seed7_forest_anomaly,warmup,malformed_json_receiver,reject,malformed_message,in_memory_audit_measured,29,0.0424,0.0492,0.05298399999999999,0.0543,29,"Recorded audit record/prepare/commit spans, exclusive of their children; not all audit-related overhead and not durable storage.",per-observation exclusive interval; no sum-of-percentiles total
snn32_seed7_forest_anomaly,warmup,malformed_json_receiver,reject,malformed_message,local_admission_checks,29,0.0,0.0,0.0,0.0,0,"Measured local authorization/binding/consumption calls, excluding nested credential verification.",per-observation exclusive interval; no sum-of-percentiles total
snn32_seed7_forest_anomaly,warmup,malformed_json_receiver,reject,malformed_message,model_input_preprocessing,29,0.0,0.0,0.0,0.0,0,Shared model-input preparation; model-specific normalization remains in consumer timing.,per-observation exclusive interval; no sum-of-percentiles total
snn32_seed7_forest_anomaly,warmup,malformed_json_receiver,reject,malformed_message,motion_consumer,29,0.0,0.0,0.0,0.0,0,Motion consumer including normalization/tensor preparation/prediction decoding.,per-observation exclusive interval; no sum-of-percentiles total
snn32_seed7_forest_anomaly,warmup,malformed_json_receiver,reject,malformed_message,outer_orchestration_unisolated,29,0.0076,0.0085,0.008572,0.0086,29,Direct root/first-post-window remainder outside named child spans.,per-observation exclusive interval; no sum-of-percentiles total
snn32_seed7_forest_anomaly,warmup,malformed_json_receiver,reject,malformed_message,receiver_binding_sequence_state_unisolated,29,0.0369,0.041859999999999994,0.05241999999999999,0.0562,29,"Verifier remainder including binding, sequence checks, locks/state publication and observer work; NOT isolated sequence latency.",per-observation exclusive interval; no sum-of-percentiles total
snn32_seed7_forest_anomaly,warmup,malformed_json_receiver,reject,malformed_message,receiver_parsing,29,0.0315,0.03796,0.04087999999999999,0.042,29,Envelope and binary parser call.,per-observation exclusive interval; no sum-of-percentiles total
snn32_seed7_forest_anomaly,warmup,malformed_json_receiver,reject,malformed_message,receiver_quality_check,29,0.0,0.0,0.0,0.0,0,Verifier quality-check call.,per-observation exclusive interval; no sum-of-percentiles total
snn32_seed7_forest_anomaly,warmup,malformed_json_receiver,reject,malformed_message,receiver_window_hmac,29,0.0,0.0,0.0,0.0,0,"Recorded verifier window-tag calculation, not complete authentication.",per-observation exclusive interval; no sum-of-percentiles total
snn32_seed7_forest_anomaly,warmup,malformed_json_receiver,reject,malformed_message,reconstruction,29,0.0,0.0,0.0,0.0,0,Actual recorded BCH reconstruction; includes any observer/GC delay.,per-observation exclusive interval; no sum-of-percentiles total
snn32_seed7_forest_anomaly,warmup,malformed_json_receiver,reject,malformed_message,release_conversion_unisolated,29,0.0,0.0,0.0,0.0,0,Accepted release remainder including conversion/dispatch/observer work outside consumer children.,per-observation exclusive interval; no sum-of-percentiles total
snn32_seed7_forest_anomaly,warmup,malformed_json_receiver,reject,malformed_message,sender_binding_unisolated,29,0.0,0.0,0.0,0.0,0,Sender seal remainder: binding/state/orchestration/observer work not separately timed.,per-observation exclusive interval; no sum-of-percentiles total
snn32_seed7_forest_anomaly,warmup,malformed_json_receiver,reject,malformed_message,sender_serialization_and_quality,29,0.0,0.0,0.0,0.0,0,Sender serialization including its quality validation; not separately timed.,per-observation exclusive interval; no sum-of-percentiles total
snn32_seed7_forest_anomaly,warmup,malformed_json_receiver,reject,malformed_message,sender_window_hmac,29,0.0,0.0,0.0,0.0,0,Recorded window-tag generation call.,per-observation exclusive interval; no sum-of-percentiles total
snn32_seed7_forest_anomaly,warmup,malformed_json_receiver,reject,malformed_message,session_establishment_unisolated,29,0.0,0.0,0.0,0.0,0,"Handshake/request/activation remainder, including unseparated HKDF/confirmation work and observer cost.",per-observation exclusive interval; no sum-of-percentiles total
snn32_seed7_forest_anomaly,warmup,malformed_json_receiver,reject,malformed_message,simulated_response_read,29,0.0,0.0,0.0,0.0,0,"Modeled response generation, not physical acquisition.",per-observation exclusive interval; no sum-of-percentiles total
snn32_seed7_forest_anomaly,warmup,post_window_after_refusals,accept,accepted,admission_orchestration_unisolated,29,0.0,0.0,0.0,0.0,0,Admission orchestration remainder not covered by named children.,per-observation exclusive interval; no sum-of-percentiles total
snn32_seed7_forest_anomaly,warmup,post_window_after_refusals,accept,accepted,anomaly_consumer,29,4.7921,7.311899999999999,8.188059999999998,8.4318,29,Anomaly consumer including feature scaling and frozen-threshold decision.,per-observation exclusive interval; no sum-of-percentiles total
snn32_seed7_forest_anomaly,warmup,post_window_after_refusals,accept,accepted,binary32_adapter,29,0.9768,1.10244,1.143592,1.1586,29,Canonical binary32 input adaptation before sender sealing.,per-observation exclusive interval; no sum-of-percentiles total
snn32_seed7_forest_anomaly,warmup,post_window_after_refusals,accept,accepted,credential_verification,29,0.0,0.0,0.0,0.0,0,Recorded independent credential-verification call(s).,per-observation exclusive interval; no sum-of-percentiles total
snn32_seed7_forest_anomaly,warmup,post_window_after_refusals,accept,accepted,in_memory_audit_measured,29,0.0692,0.07828,0.08855199999999999,0.0925,29,"Recorded audit record/prepare/commit spans, exclusive of their children; not all audit-related overhead and not durable storage.",per-observation exclusive interval; no sum-of-percentiles total
snn32_seed7_forest_anomaly,warmup,post_window_after_refusals,accept,accepted,local_admission_checks,29,0.0,0.0,0.0,0.0,0,"Measured local authorization/binding/consumption calls, excluding nested credential verification.",per-observation exclusive interval; no sum-of-percentiles total
snn32_seed7_forest_anomaly,warmup,post_window_after_refusals,accept,accepted,model_input_preprocessing,29,3.2309,3.55718,3.9218519999999994,4.063,29,Shared model-input preparation; model-specific normalization remains in consumer timing.,per-observation exclusive interval; no sum-of-percentiles total
snn32_seed7_forest_anomaly,warmup,post_window_after_refusals,accept,accepted,motion_consumer,29,9.9012,11.491099999999998,13.230267999999999,13.8314,29,Motion consumer including normalization/tensor preparation/prediction decoding.,per-observation exclusive interval; no sum-of-percentiles total
snn32_seed7_forest_anomaly,warmup,post_window_after_refusals,accept,accepted,outer_orchestration_unisolated,29,0.0702,0.08849999999999997,0.09614,0.0974,29,Direct root/first-post-window remainder outside named child spans.,per-observation exclusive interval; no sum-of-percentiles total
snn32_seed7_forest_anomaly,warmup,post_window_after_refusals,accept,accepted,receiver_binding_sequence_state_unisolated,29,0.0735,0.09461999999999998,0.11527599999999998,0.1225,29,"Verifier remainder including binding, sequence checks, locks/state publication and observer work; NOT isolated sequence latency.",per-observation exclusive interval; no sum-of-percentiles total
snn32_seed7_forest_anomaly,warmup,post_window_after_refusals,accept,accepted,receiver_parsing,29,1.4376,1.55378,1.564988,1.5679,29,Envelope and binary parser call.,per-observation exclusive interval; no sum-of-percentiles total
snn32_seed7_forest_anomaly,warmup,post_window_after_refusals,accept,accepted,receiver_quality_check,29,0.5652,0.6213,0.658748,0.673,29,Verifier quality-check call.,per-observation exclusive interval; no sum-of-percentiles total
snn32_seed7_forest_anomaly,warmup,post_window_after_refusals,accept,accepted,receiver_window_hmac,29,0.016,0.020979999999999995,0.022404,0.0226,29,"Recorded verifier window-tag calculation, not complete authentication.",per-observation exclusive interval; no sum-of-percentiles total
snn32_seed7_forest_anomaly,warmup,post_window_after_refusals,accept,accepted,reconstruction,29,0.0,0.0,0.0,0.0,0,Actual recorded BCH reconstruction; includes any observer/GC delay.,per-observation exclusive interval; no sum-of-percentiles total
snn32_seed7_forest_anomaly,warmup,post_window_after_refusals,accept,accepted,release_conversion_unisolated,29,0.5092,0.58668,0.5888,0.5895,29,Accepted release remainder including conversion/dispatch/observer work outside consumer children.,per-observation exclusive interval; no sum-of-percentiles total
snn32_seed7_forest_anomaly,warmup,post_window_after_refusals,accept,accepted,sender_binding_unisolated,29,0.1022,0.11875999999999999,0.123296,0.1238,29,Sender seal remainder: binding/state/orchestration/observer work not separately timed.,per-observation exclusive interval; no sum-of-percentiles total
snn32_seed7_forest_anomaly,warmup,post_window_after_refusals,accept,accepted,sender_serialization_and_quality,29,0.9702,1.09154,1.101468,1.1048,29,Sender serialization including its quality validation; not separately timed.,per-observation exclusive interval; no sum-of-percentiles total
snn32_seed7_forest_anomaly,warmup,post_window_after_refusals,accept,accepted,sender_window_hmac,29,0.0216,0.030479999999999986,0.035616,0.0364,29,Recorded window-tag generation call.,per-observation exclusive interval; no sum-of-percentiles total
snn32_seed7_forest_anomaly,warmup,post_window_after_refusals,accept,accepted,session_establishment_unisolated,29,0.0,0.0,0.0,0.0,0,"Handshake/request/activation remainder, including unseparated HKDF/confirmation work and observer cost.",per-observation exclusive interval; no sum-of-percentiles total
snn32_seed7_forest_anomaly,warmup,post_window_after_refusals,accept,accepted,simulated_response_read,29,0.0,0.0,0.0,0.0,0,"Modeled response generation, not physical acquisition.",per-observation exclusive interval; no sum-of-percentiles total
snn32_seed7_forest_anomaly,warmup,post_window_recurring,accept,accepted,admission_orchestration_unisolated,29,0.0,0.0,0.0,0.0,0,Admission orchestration remainder not covered by named children.,per-observation exclusive interval; no sum-of-percentiles total
snn32_seed7_forest_anomaly,warmup,post_window_recurring,accept,accepted,anomaly_consumer,29,5.8927,6.367099999999999,7.103331999999999,7.3478,29,Anomaly consumer including feature scaling and frozen-threshold decision.,per-observation exclusive interval; no sum-of-percentiles total
snn32_seed7_forest_anomaly,warmup,post_window_recurring,accept,accepted,binary32_adapter,29,0.9973,1.08436,1.131248,1.142,29,Canonical binary32 input adaptation before sender sealing.,per-observation exclusive interval; no sum-of-percentiles total
snn32_seed7_forest_anomaly,warmup,post_window_recurring,accept,accepted,credential_verification,29,0.0,0.0,0.0,0.0,0,Recorded independent credential-verification call(s).,per-observation exclusive interval; no sum-of-percentiles total
snn32_seed7_forest_anomaly,warmup,post_window_recurring,accept,accepted,in_memory_audit_measured,29,0.0933,0.11332,0.118208,0.12,29,"Recorded audit record/prepare/commit spans, exclusive of their children; not all audit-related overhead and not durable storage.",per-observation exclusive interval; no sum-of-percentiles total
snn32_seed7_forest_anomaly,warmup,post_window_recurring,accept,accepted,local_admission_checks,29,0.0,0.0,0.0,0.0,0,"Measured local authorization/binding/consumption calls, excluding nested credential verification.",per-observation exclusive interval; no sum-of-percentiles total
snn32_seed7_forest_anomaly,warmup,post_window_recurring,accept,accepted,model_input_preprocessing,29,3.2052,3.7529999999999997,3.908592,3.9481,29,Shared model-input preparation; model-specific normalization remains in consumer timing.,per-observation exclusive interval; no sum-of-percentiles total
snn32_seed7_forest_anomaly,warmup,post_window_recurring,accept,accepted,motion_consumer,29,10.6109,12.297299999999998,13.278987999999998,13.5423,29,Motion consumer including normalization/tensor preparation/prediction decoding.,per-observation exclusive interval; no sum-of-percentiles total
snn32_seed7_forest_anomaly,warmup,post_window_recurring,accept,accepted,outer_orchestration_unisolated,29,0.0965,0.12108,0.126864,0.1286,29,Direct root/first-post-window remainder outside named child spans.,per-observation exclusive interval; no sum-of-percentiles total
snn32_seed7_forest_anomaly,warmup,post_window_recurring,accept,accepted,receiver_binding_sequence_state_unisolated,29,0.0782,0.09391999999999999,0.10540799999999999,0.1093,29,"Verifier remainder including binding, sequence checks, locks/state publication and observer work; NOT isolated sequence latency.",per-observation exclusive interval; no sum-of-percentiles total
snn32_seed7_forest_anomaly,warmup,post_window_recurring,accept,accepted,receiver_parsing,29,1.4615,1.58922,1.643828,1.6648,29,Envelope and binary parser call.,per-observation exclusive interval; no sum-of-percentiles total
snn32_seed7_forest_anomaly,warmup,post_window_recurring,accept,accepted,receiver_quality_check,29,0.5491,0.62502,0.63054,0.6311,29,Verifier quality-check call.,per-observation exclusive interval; no sum-of-percentiles total
snn32_seed7_forest_anomaly,warmup,post_window_recurring,accept,accepted,receiver_window_hmac,29,0.0169,0.021959999999999993,0.027215999999999994,0.0287,29,"Recorded verifier window-tag calculation, not complete authentication.",per-observation exclusive interval; no sum-of-percentiles total
snn32_seed7_forest_anomaly,warmup,post_window_recurring,accept,accepted,reconstruction,29,0.0,0.0,0.0,0.0,0,Actual recorded BCH reconstruction; includes any observer/GC delay.,per-observation exclusive interval; no sum-of-percentiles total
snn32_seed7_forest_anomaly,warmup,post_window_recurring,accept,accepted,release_conversion_unisolated,29,0.5083,0.56582,0.6084839999999999,0.6238,29,Accepted release remainder including conversion/dispatch/observer work outside consumer children.,per-observation exclusive interval; no sum-of-percentiles total
snn32_seed7_forest_anomaly,warmup,post_window_recurring,accept,accepted,sender_binding_unisolated,29,0.1214,0.14754,0.150228,0.1509,29,Sender seal remainder: binding/state/orchestration/observer work not separately timed.,per-observation exclusive interval; no sum-of-percentiles total
snn32_seed7_forest_anomaly,warmup,post_window_recurring,accept,accepted,sender_serialization_and_quality,29,1.0047,1.11736,1.13648,1.1369,29,Sender serialization including its quality validation; not separately timed.,per-observation exclusive interval; no sum-of-percentiles total
snn32_seed7_forest_anomaly,warmup,post_window_recurring,accept,accepted,sender_window_hmac,29,0.0242,0.03354,0.0339,0.0339,29,Recorded window-tag generation call.,per-observation exclusive interval; no sum-of-percentiles total
snn32_seed7_forest_anomaly,warmup,post_window_recurring,accept,accepted,session_establishment_unisolated,29,0.0,0.0,0.0,0.0,0,"Handshake/request/activation remainder, including unseparated HKDF/confirmation work and observer cost.",per-observation exclusive interval; no sum-of-percentiles total
snn32_seed7_forest_anomaly,warmup,post_window_recurring,accept,accepted,simulated_response_read,29,0.0,0.0,0.0,0.0,0,"Modeled response generation, not physical acquisition.",per-observation exclusive interval; no sum-of-percentiles total
snn32_seed7_forest_anomaly,warmup,pre_tag_quality_refusal,reject,data_quality_failure,admission_orchestration_unisolated,29,0.0,0.0,0.0,0.0,0,Admission orchestration remainder not covered by named children.,per-observation exclusive interval; no sum-of-percentiles total
snn32_seed7_forest_anomaly,warmup,pre_tag_quality_refusal,reject,data_quality_failure,anomaly_consumer,29,0.0,0.0,0.0,0.0,0,Anomaly consumer including feature scaling and frozen-threshold decision.,per-observation exclusive interval; no sum-of-percentiles total
snn32_seed7_forest_anomaly,warmup,pre_tag_quality_refusal,reject,data_quality_failure,binary32_adapter,29,1.0019,1.09452,1.1805119999999998,1.2126,29,Canonical binary32 input adaptation before sender sealing.,per-observation exclusive interval; no sum-of-percentiles total
snn32_seed7_forest_anomaly,warmup,pre_tag_quality_refusal,reject,data_quality_failure,credential_verification,29,0.0,0.0,0.0,0.0,0,Recorded independent credential-verification call(s).,per-observation exclusive interval; no sum-of-percentiles total
snn32_seed7_forest_anomaly,warmup,pre_tag_quality_refusal,reject,data_quality_failure,in_memory_audit_measured,29,0.0424,0.04936,0.051416,0.0522,29,"Recorded audit record/prepare/commit spans, exclusive of their children; not all audit-related overhead and not durable storage.",per-observation exclusive interval; no sum-of-percentiles total
snn32_seed7_forest_anomaly,warmup,pre_tag_quality_refusal,reject,data_quality_failure,local_admission_checks,29,0.0,0.0,0.0,0.0,0,"Measured local authorization/binding/consumption calls, excluding nested credential verification.",per-observation exclusive interval; no sum-of-percentiles total
snn32_seed7_forest_anomaly,warmup,pre_tag_quality_refusal,reject,data_quality_failure,model_input_preprocessing,29,0.0,0.0,0.0,0.0,0,Shared model-input preparation; model-specific normalization remains in consumer timing.,per-observation exclusive interval; no sum-of-percentiles total
snn32_seed7_forest_anomaly,warmup,pre_tag_quality_refusal,reject,data_quality_failure,motion_consumer,29,0.0,0.0,0.0,0.0,0,Motion consumer including normalization/tensor preparation/prediction decoding.,per-observation exclusive interval; no sum-of-percentiles total
snn32_seed7_forest_anomaly,warmup,pre_tag_quality_refusal,reject,data_quality_failure,outer_orchestration_unisolated,29,0.0429,0.05134,0.051572,0.0516,29,Direct root/first-post-window remainder outside named child spans.,per-observation exclusive interval; no sum-of-percentiles total
snn32_seed7_forest_anomaly,warmup,pre_tag_quality_refusal,reject,data_quality_failure,receiver_binding_sequence_state_unisolated,29,0.0,0.0,0.0,0.0,0,"Verifier remainder including binding, sequence checks, locks/state publication and observer work; NOT isolated sequence latency.",per-observation exclusive interval; no sum-of-percentiles total
snn32_seed7_forest_anomaly,warmup,pre_tag_quality_refusal,reject,data_quality_failure,receiver_parsing,29,0.0,0.0,0.0,0.0,0,Envelope and binary parser call.,per-observation exclusive interval; no sum-of-percentiles total
snn32_seed7_forest_anomaly,warmup,pre_tag_quality_refusal,reject,data_quality_failure,receiver_quality_check,29,0.0,0.0,0.0,0.0,0,Verifier quality-check call.,per-observation exclusive interval; no sum-of-percentiles total
snn32_seed7_forest_anomaly,warmup,pre_tag_quality_refusal,reject,data_quality_failure,receiver_window_hmac,29,0.0,0.0,0.0,0.0,0,"Recorded verifier window-tag calculation, not complete authentication.",per-observation exclusive interval; no sum-of-percentiles total
snn32_seed7_forest_anomaly,warmup,pre_tag_quality_refusal,reject,data_quality_failure,reconstruction,29,0.0,0.0,0.0,0.0,0,Actual recorded BCH reconstruction; includes any observer/GC delay.,per-observation exclusive interval; no sum-of-percentiles total
snn32_seed7_forest_anomaly,warmup,pre_tag_quality_refusal,reject,data_quality_failure,release_conversion_unisolated,29,0.0,0.0,0.0,0.0,0,Accepted release remainder including conversion/dispatch/observer work outside consumer children.,per-observation exclusive interval; no sum-of-percentiles total
snn32_seed7_forest_anomaly,warmup,pre_tag_quality_refusal,reject,data_quality_failure,sender_binding_unisolated,29,0.0657,0.07726,0.07974,0.0803,29,Sender seal remainder: binding/state/orchestration/observer work not separately timed.,per-observation exclusive interval; no sum-of-percentiles total
snn32_seed7_forest_anomaly,warmup,pre_tag_quality_refusal,reject,data_quality_failure,sender_serialization_and_quality,29,0.4564,0.49462,0.503068,0.5057,29,Sender serialization including its quality validation; not separately timed.,per-observation exclusive interval; no sum-of-percentiles total
snn32_seed7_forest_anomaly,warmup,pre_tag_quality_refusal,reject,data_quality_failure,sender_window_hmac,29,0.0,0.0,0.0,0.0,0,Recorded window-tag generation call.,per-observation exclusive interval; no sum-of-percentiles total
snn32_seed7_forest_anomaly,warmup,pre_tag_quality_refusal,reject,data_quality_failure,session_establishment_unisolated,29,0.0,0.0,0.0,0.0,0,"Handshake/request/activation remainder, including unseparated HKDF/confirmation work and observer cost.",per-observation exclusive interval; no sum-of-percentiles total
snn32_seed7_forest_anomaly,warmup,pre_tag_quality_refusal,reject,data_quality_failure,simulated_response_read,29,0.0,0.0,0.0,0.0,0,"Modeled response generation, not physical acquisition.",per-observation exclusive interval; no sum-of-percentiles total
snn32_seed7_forest_anomaly,warmup,valid_receiver_after_bad_tag,accept,accepted,admission_orchestration_unisolated,29,0.0,0.0,0.0,0.0,0,Admission orchestration remainder not covered by named children.,per-observation exclusive interval; no sum-of-percentiles total
snn32_seed7_forest_anomaly,warmup,valid_receiver_after_bad_tag,accept,accepted,anomaly_consumer,29,5.8834,6.19792,6.306728,6.3326,29,Anomaly consumer including feature scaling and frozen-threshold decision.,per-observation exclusive interval; no sum-of-percentiles total
snn32_seed7_forest_anomaly,warmup,valid_receiver_after_bad_tag,accept,accepted,binary32_adapter,29,0.0,0.0,0.0,0.0,0,Canonical binary32 input adaptation before sender sealing.,per-observation exclusive interval; no sum-of-percentiles total
snn32_seed7_forest_anomaly,warmup,valid_receiver_after_bad_tag,accept,accepted,credential_verification,29,0.0,0.0,0.0,0.0,0,Recorded independent credential-verification call(s).,per-observation exclusive interval; no sum-of-percentiles total
snn32_seed7_forest_anomaly,warmup,valid_receiver_after_bad_tag,accept,accepted,in_memory_audit_measured,29,0.0354,0.04507999999999999,0.053703999999999995,0.056,29,"Recorded audit record/prepare/commit spans, exclusive of their children; not all audit-related overhead and not durable storage.",per-observation exclusive interval; no sum-of-percentiles total
snn32_seed7_forest_anomaly,warmup,valid_receiver_after_bad_tag,accept,accepted,local_admission_checks,29,0.0,0.0,0.0,0.0,0,"Measured local authorization/binding/consumption calls, excluding nested credential verification.",per-observation exclusive interval; no sum-of-percentiles total
snn32_seed7_forest_anomaly,warmup,valid_receiver_after_bad_tag,accept,accepted,model_input_preprocessing,29,3.1413,3.53878,3.7218759999999995,3.7893,29,Shared model-input preparation; model-specific normalization remains in consumer timing.,per-observation exclusive interval; no sum-of-percentiles total
snn32_seed7_forest_anomaly,warmup,valid_receiver_after_bad_tag,accept,accepted,motion_consumer,29,10.7878,11.51154,11.890268,12.0056,29,Motion consumer including normalization/tensor preparation/prediction decoding.,per-observation exclusive interval; no sum-of-percentiles total
snn32_seed7_forest_anomaly,warmup,valid_receiver_after_bad_tag,accept,accepted,outer_orchestration_unisolated,29,0.021,0.025619999999999993,0.027548,0.0278,29,Direct root/first-post-window remainder outside named child spans.,per-observation exclusive interval; no sum-of-percentiles total
snn32_seed7_forest_anomaly,warmup,valid_receiver_after_bad_tag,accept,accepted,receiver_binding_sequence_state_unisolated,29,0.0739,0.08198,0.083828,0.0845,29,"Verifier remainder including binding, sequence checks, locks/state publication and observer work; NOT isolated sequence latency.",per-observation exclusive interval; no sum-of-percentiles total
snn32_seed7_forest_anomaly,warmup,valid_receiver_after_bad_tag,accept,accepted,receiver_parsing,29,1.2697,1.42544,1.5319599999999998,1.5678,29,Envelope and binary parser call.,per-observation exclusive interval; no sum-of-percentiles total
snn32_seed7_forest_anomaly,warmup,valid_receiver_after_bad_tag,accept,accepted,receiver_quality_check,29,0.5504,0.6398399999999999,0.66048,0.6616,29,Verifier quality-check call.,per-observation exclusive interval; no sum-of-percentiles total
snn32_seed7_forest_anomaly,warmup,valid_receiver_after_bad_tag,accept,accepted,receiver_window_hmac,29,0.0154,0.018739999999999996,0.019964,0.0203,29,"Recorded verifier window-tag calculation, not complete authentication.",per-observation exclusive interval; no sum-of-percentiles total
snn32_seed7_forest_anomaly,warmup,valid_receiver_after_bad_tag,accept,accepted,reconstruction,29,0.0,0.0,0.0,0.0,0,Actual recorded BCH reconstruction; includes any observer/GC delay.,per-observation exclusive interval; no sum-of-percentiles total
snn32_seed7_forest_anomaly,warmup,valid_receiver_after_bad_tag,accept,accepted,release_conversion_unisolated,29,0.4969,0.56376,0.574408,0.5748,29,Accepted release remainder including conversion/dispatch/observer work outside consumer children.,per-observation exclusive interval; no sum-of-percentiles total
snn32_seed7_forest_anomaly,warmup,valid_receiver_after_bad_tag,accept,accepted,sender_binding_unisolated,29,0.0,0.0,0.0,0.0,0,Sender seal remainder: binding/state/orchestration/observer work not separately timed.,per-observation exclusive interval; no sum-of-percentiles total
snn32_seed7_forest_anomaly,warmup,valid_receiver_after_bad_tag,accept,accepted,sender_serialization_and_quality,29,0.0,0.0,0.0,0.0,0,Sender serialization including its quality validation; not separately timed.,per-observation exclusive interval; no sum-of-percentiles total
snn32_seed7_forest_anomaly,warmup,valid_receiver_after_bad_tag,accept,accepted,sender_window_hmac,29,0.0,0.0,0.0,0.0,0,Recorded window-tag generation call.,per-observation exclusive interval; no sum-of-percentiles total
snn32_seed7_forest_anomaly,warmup,valid_receiver_after_bad_tag,accept,accepted,session_establishment_unisolated,29,0.0,0.0,0.0,0.0,0,"Handshake/request/activation remainder, including unseparated HKDF/confirmation work and observer cost.",per-observation exclusive interval; no sum-of-percentiles total
snn32_seed7_forest_anomaly,warmup,valid_receiver_after_bad_tag,accept,accepted,simulated_response_read,29,0.0,0.0,0.0,0.0,0,"Modeled response generation, not physical acquisition.",per-observation exclusive interval; no sum-of-percentiles total
