condition,phase,path,decision,reason,stage,count,p50_ms,p95_ms,p99_ms,max_ms
logistic_motion_forest_anomaly,condition_first_use,bad_tag_receiver,reject,invalid_tag,envelope_and_binary_parser,1,1.4083,1.4083,1.4083,1.4083
logistic_motion_forest_anomaly,condition_first_use,bad_tag_receiver,reject,invalid_tag,verifier_audit_commit,1,0.0013,0.0013,0.0013,0.0013
logistic_motion_forest_anomaly,condition_first_use,bad_tag_receiver,reject,invalid_tag,verifier_audit_prepare,1,0.0044,0.0044,0.0044,0.0044
logistic_motion_forest_anomaly,condition_first_use,bad_tag_receiver,reject,invalid_tag,verifier_audit_record,1,0.0286,0.0286,0.0286,0.0286
logistic_motion_forest_anomaly,condition_first_use,bad_tag_receiver,reject,invalid_tag,verifier_authentication_total,1,1.5449,1.5449,1.5449,1.5449
logistic_motion_forest_anomaly,condition_first_use,bad_tag_receiver,reject,invalid_tag,window_hmac_verification_calculation,1,0.0176,0.0176,0.0176,0.0176
logistic_motion_forest_anomaly,condition_first_use,exact_replay_receiver,reject,duplicate_sequence,envelope_and_binary_parser,1,1.6172,1.6172,1.6172,1.6172
logistic_motion_forest_anomaly,condition_first_use,exact_replay_receiver,reject,duplicate_sequence,verifier_audit_commit,1,0.0018,0.0018,0.0018,0.0018
logistic_motion_forest_anomaly,condition_first_use,exact_replay_receiver,reject,duplicate_sequence,verifier_audit_prepare,1,0.0046,0.0046,0.0046,0.0046
logistic_motion_forest_anomaly,condition_first_use,exact_replay_receiver,reject,duplicate_sequence,verifier_audit_record,1,0.056,0.056,0.056,0.056
logistic_motion_forest_anomaly,condition_first_use,exact_replay_receiver,reject,duplicate_sequence,verifier_authentication_total,1,2.4521,2.4521,2.4521,2.4521
logistic_motion_forest_anomaly,condition_first_use,exact_replay_receiver,reject,duplicate_sequence,verifier_quality_check,1,0.6356,0.6356,0.6356,0.6356
logistic_motion_forest_anomaly,condition_first_use,exact_replay_receiver,reject,duplicate_sequence,window_hmac_verification_calculation,1,0.0216,0.0216,0.0216,0.0216
logistic_motion_forest_anomaly,condition_first_use,fresh_to_first_window,accept,accepted,accepted_release_and_consumers,1,12.4021,12.4021,12.4021,12.4021
logistic_motion_forest_anomaly,condition_first_use,fresh_to_first_window,accept,accepted,admission_total,1,7.5966,7.5966,7.5966,7.5966
logistic_motion_forest_anomaly,condition_first_use,fresh_to_first_window,accept,accepted,anomaly_consumer_including_threshold,1,7.3377,7.3377,7.3377,7.3377
logistic_motion_forest_anomaly,condition_first_use,fresh_to_first_window,accept,accepted,binary32_adapter,1,1.4223,1.4223,1.4223,1.4223
logistic_motion_forest_anomaly,condition_first_use,fresh_to_first_window,accept,accepted,envelope_and_binary_parser,1,1.8088,1.8088,1.8088,1.8088
logistic_motion_forest_anomaly,condition_first_use,fresh_to_first_window,accept,accepted,first_post_window_total,1,18.2614,18.2614,18.2614,18.2614
logistic_motion_forest_anomaly,condition_first_use,fresh_to_first_window,accept,accepted,independent_credential_verification,1,0.0588,0.0588,0.0588,0.0588
logistic_motion_forest_anomaly,condition_first_use,fresh_to_first_window,accept,accepted,local_authorization_including_verification,1,0.0795,0.0795,0.0795,0.0795
logistic_motion_forest_anomaly,condition_first_use,fresh_to_first_window,accept,accepted,local_challenge_binding,1,0.0091,0.0091,0.0091,0.0091
logistic_motion_forest_anomaly,condition_first_use,fresh_to_first_window,accept,accepted,local_request_binding,1,0.0117,0.0117,0.0117,0.0117
logistic_motion_forest_anomaly,condition_first_use,fresh_to_first_window,accept,accepted,motion_consumer_including_normalization,1,0.6506,0.6506,0.6506,0.6506
logistic_motion_forest_anomaly,condition_first_use,fresh_to_first_window,accept,accepted,prepare_both_model_inputs,1,3.7719,3.7719,3.7719,3.7719
logistic_motion_forest_anomaly,condition_first_use,fresh_to_first_window,accept,accepted,receiver_challenge,1,0.1629,0.1629,0.1629,0.1629
logistic_motion_forest_anomaly,condition_first_use,fresh_to_first_window,accept,accepted,receiver_confirmation,1,0.1769,0.1769,0.1769,0.1769
logistic_motion_forest_anomaly,condition_first_use,fresh_to_first_window,accept,accepted,receiver_local_admission,1,0.0145,0.0145,0.0145,0.0145
logistic_motion_forest_anomaly,condition_first_use,fresh_to_first_window,accept,accepted,reconstruction,1,6.4203,6.4203,6.4203,6.4203
logistic_motion_forest_anomaly,condition_first_use,fresh_to_first_window,accept,accepted,response_generation_simulator,1,0.2036,0.2036,0.2036,0.2036
logistic_motion_forest_anomaly,condition_first_use,fresh_to_first_window,accept,accepted,sender_activation,1,0.1168,0.1168,0.1168,0.1168
logistic_motion_forest_anomaly,condition_first_use,fresh_to_first_window,accept,accepted,sender_admission_and_request,1,0.256,0.256,0.256,0.256
logistic_motion_forest_anomaly,condition_first_use,fresh_to_first_window,accept,accepted,sender_audit_commit,1,0.0043,0.0043,0.0043,0.0043
logistic_motion_forest_anomaly,condition_first_use,fresh_to_first_window,accept,accepted,sender_audit_prepare,1,0.0124,0.0124,0.0124,0.0124
logistic_motion_forest_anomaly,condition_first_use,fresh_to_first_window,accept,accepted,sender_audit_record,1,0.136,0.136,0.136,0.136
logistic_motion_forest_anomaly,condition_first_use,fresh_to_first_window,accept,accepted,sender_confirmation,1,0.1876,0.1876,0.1876,0.1876
logistic_motion_forest_anomaly,condition_first_use,fresh_to_first_window,accept,accepted,sender_local_admission_claim,1,0.0327,0.0327,0.0327,0.0327
logistic_motion_forest_anomaly,condition_first_use,fresh_to_first_window,accept,accepted,sender_seal_total,1,1.5325,1.5325,1.5325,1.5325
logistic_motion_forest_anomaly,condition_first_use,fresh_to_first_window,accept,accepted,serialization_including_quality,1,1.2986,1.2986,1.2986,1.2986
logistic_motion_forest_anomaly,condition_first_use,fresh_to_first_window,accept,accepted,verifier_audit_commit,1,0.0045,0.0045,0.0045,0.0045
logistic_motion_forest_anomaly,condition_first_use,fresh_to_first_window,accept,accepted,verifier_audit_prepare,1,0.0116,0.0116,0.0116,0.0116
logistic_motion_forest_anomaly,condition_first_use,fresh_to_first_window,accept,accepted,verifier_audit_record,1,0.083,0.083,0.083,0.083
logistic_motion_forest_anomaly,condition_first_use,fresh_to_first_window,accept,accepted,verifier_authentication_total,1,2.8082,2.8082,2.8082,2.8082
logistic_motion_forest_anomaly,condition_first_use,fresh_to_first_window,accept,accepted,verifier_quality_check,1,0.8141,0.8141,0.8141,0.8141
logistic_motion_forest_anomaly,condition_first_use,fresh_to_first_window,accept,accepted,window_hmac_generation,1,0.0249,0.0249,0.0249,0.0249
logistic_motion_forest_anomaly,condition_first_use,fresh_to_first_window,accept,accepted,window_hmac_verification_calculation,1,0.0184,0.0184,0.0184,0.0184
logistic_motion_forest_anomaly,condition_first_use,malformed_json_receiver,reject,malformed_message,envelope_and_binary_parser,1,0.032,0.032,0.032,0.032
logistic_motion_forest_anomaly,condition_first_use,malformed_json_receiver,reject,malformed_message,verifier_audit_commit,1,0.0016,0.0016,0.0016,0.0016
logistic_motion_forest_anomaly,condition_first_use,malformed_json_receiver,reject,malformed_message,verifier_audit_prepare,1,0.0038,0.0038,0.0038,0.0038
logistic_motion_forest_anomaly,condition_first_use,malformed_json_receiver,reject,malformed_message,verifier_audit_record,1,0.0394,0.0394,0.0394,0.0394
logistic_motion_forest_anomaly,condition_first_use,malformed_json_receiver,reject,malformed_message,verifier_authentication_total,1,0.1182,0.1182,0.1182,0.1182
logistic_motion_forest_anomaly,condition_first_use,post_window_after_refusals,accept,accepted,accepted_release_and_consumers,1,12.0548,12.0548,12.0548,12.0548
logistic_motion_forest_anomaly,condition_first_use,post_window_after_refusals,accept,accepted,anomaly_consumer_including_threshold,1,6.8581,6.8581,6.8581,6.8581
logistic_motion_forest_anomaly,condition_first_use,post_window_after_refusals,accept,accepted,binary32_adapter,1,1.1089,1.1089,1.1089,1.1089
logistic_motion_forest_anomaly,condition_first_use,post_window_after_refusals,accept,accepted,envelope_and_binary_parser,1,1.5852,1.5852,1.5852,1.5852
logistic_motion_forest_anomaly,condition_first_use,post_window_after_refusals,accept,accepted,motion_consumer_including_normalization,1,0.6388,0.6388,0.6388,0.6388
logistic_motion_forest_anomaly,condition_first_use,post_window_after_refusals,accept,accepted,prepare_both_model_inputs,1,3.888,3.888,3.888,3.888
logistic_motion_forest_anomaly,condition_first_use,post_window_after_refusals,accept,accepted,sender_audit_commit,1,0.0012,0.0012,0.0012,0.0012
logistic_motion_forest_anomaly,condition_first_use,post_window_after_refusals,accept,accepted,sender_audit_prepare,1,0.0037,0.0037,0.0037,0.0037
logistic_motion_forest_anomaly,condition_first_use,post_window_after_refusals,accept,accepted,sender_audit_record,1,0.0391,0.0391,0.0391,0.0391
logistic_motion_forest_anomaly,condition_first_use,post_window_after_refusals,accept,accepted,sender_seal_total,1,1.2656,1.2656,1.2656,1.2656
logistic_motion_forest_anomaly,condition_first_use,post_window_after_refusals,accept,accepted,serialization_including_quality,1,1.0938,1.0938,1.0938,1.0938
logistic_motion_forest_anomaly,condition_first_use,post_window_after_refusals,accept,accepted,verifier_audit_commit,1,0.0015,0.0015,0.0015,0.0015
logistic_motion_forest_anomaly,condition_first_use,post_window_after_refusals,accept,accepted,verifier_audit_prepare,1,0.0045,0.0045,0.0045,0.0045
logistic_motion_forest_anomaly,condition_first_use,post_window_after_refusals,accept,accepted,verifier_audit_record,1,0.0235,0.0235,0.0235,0.0235
logistic_motion_forest_anomaly,condition_first_use,post_window_after_refusals,accept,accepted,verifier_authentication_total,1,2.3308,2.3308,2.3308,2.3308
logistic_motion_forest_anomaly,condition_first_use,post_window_after_refusals,accept,accepted,verifier_quality_check,1,0.6126,0.6126,0.6126,0.6126
logistic_motion_forest_anomaly,condition_first_use,post_window_after_refusals,accept,accepted,window_hmac_generation,1,0.0207,0.0207,0.0207,0.0207
logistic_motion_forest_anomaly,condition_first_use,post_window_after_refusals,accept,accepted,window_hmac_verification_calculation,1,0.0209,0.0209,0.0209,0.0209
logistic_motion_forest_anomaly,condition_first_use,post_window_recurring,accept,accepted,accepted_release_and_consumers,1,11.6749,11.6749,11.6749,11.6749
logistic_motion_forest_anomaly,condition_first_use,post_window_recurring,accept,accepted,anomaly_consumer_including_threshold,1,7.0666,7.0666,7.0666,7.0666
logistic_motion_forest_anomaly,condition_first_use,post_window_recurring,accept,accepted,binary32_adapter,1,1.1346,1.1346,1.1346,1.1346
logistic_motion_forest_anomaly,condition_first_use,post_window_recurring,accept,accepted,envelope_and_binary_parser,1,1.5807,1.5807,1.5807,1.5807
logistic_motion_forest_anomaly,condition_first_use,post_window_recurring,accept,accepted,motion_consumer_including_normalization,1,0.5441,0.5441,0.5441,0.5441
logistic_motion_forest_anomaly,condition_first_use,post_window_recurring,accept,accepted,prepare_both_model_inputs,1,3.5532,3.5532,3.5532,3.5532
logistic_motion_forest_anomaly,condition_first_use,post_window_recurring,accept,accepted,sender_audit_commit,1,0.0014,0.0014,0.0014,0.0014
logistic_motion_forest_anomaly,condition_first_use,post_window_recurring,accept,accepted,sender_audit_prepare,1,0.0036,0.0036,0.0036,0.0036
logistic_motion_forest_anomaly,condition_first_use,post_window_recurring,accept,accepted,sender_audit_record,1,0.0575,0.0575,0.0575,0.0575
logistic_motion_forest_anomaly,condition_first_use,post_window_recurring,accept,accepted,sender_seal_total,1,1.3392,1.3392,1.3392,1.3392
logistic_motion_forest_anomaly,condition_first_use,post_window_recurring,accept,accepted,serialization_including_quality,1,1.1241,1.1241,1.1241,1.1241
logistic_motion_forest_anomaly,condition_first_use,post_window_recurring,accept,accepted,verifier_audit_commit,1,0.0017,0.0017,0.0017,0.0017
logistic_motion_forest_anomaly,condition_first_use,post_window_recurring,accept,accepted,verifier_audit_prepare,1,0.0044,0.0044,0.0044,0.0044
logistic_motion_forest_anomaly,condition_first_use,post_window_recurring,accept,accepted,verifier_audit_record,1,0.0246,0.0246,0.0246,0.0246
logistic_motion_forest_anomaly,condition_first_use,post_window_recurring,accept,accepted,verifier_authentication_total,1,2.3317,2.3317,2.3317,2.3317
logistic_motion_forest_anomaly,condition_first_use,post_window_recurring,accept,accepted,verifier_quality_check,1,0.6236,0.6236,0.6236,0.6236
logistic_motion_forest_anomaly,condition_first_use,post_window_recurring,accept,accepted,window_hmac_generation,1,0.0247,0.0247,0.0247,0.0247
logistic_motion_forest_anomaly,condition_first_use,post_window_recurring,accept,accepted,window_hmac_verification_calculation,1,0.0177,0.0177,0.0177,0.0177
logistic_motion_forest_anomaly,condition_first_use,pre_tag_quality_refusal,reject,data_quality_failure,binary32_adapter,1,1.1107,1.1107,1.1107,1.1107
logistic_motion_forest_anomaly,condition_first_use,pre_tag_quality_refusal,reject,data_quality_failure,sender_audit_commit,1,0.0014,0.0014,0.0014,0.0014
logistic_motion_forest_anomaly,condition_first_use,pre_tag_quality_refusal,reject,data_quality_failure,sender_audit_prepare,1,0.0036,0.0036,0.0036,0.0036
logistic_motion_forest_anomaly,condition_first_use,pre_tag_quality_refusal,reject,data_quality_failure,sender_audit_record,1,0.0398,0.0398,0.0398,0.0398
logistic_motion_forest_anomaly,condition_first_use,pre_tag_quality_refusal,reject,data_quality_failure,sender_seal_total,1,0.5944,0.5944,0.5944,0.5944
logistic_motion_forest_anomaly,condition_first_use,pre_tag_quality_refusal,reject,data_quality_failure,serialization_including_quality,1,0.4843,0.4843,0.4843,0.4843
logistic_motion_forest_anomaly,condition_first_use,valid_receiver_after_bad_tag,accept,accepted,accepted_release_and_consumers,1,11.1198,11.1198,11.1198,11.1198
logistic_motion_forest_anomaly,condition_first_use,valid_receiver_after_bad_tag,accept,accepted,anomaly_consumer_including_threshold,1,6.4504,6.4504,6.4504,6.4504
logistic_motion_forest_anomaly,condition_first_use,valid_receiver_after_bad_tag,accept,accepted,envelope_and_binary_parser,1,1.4055,1.4055,1.4055,1.4055
logistic_motion_forest_anomaly,condition_first_use,valid_receiver_after_bad_tag,accept,accepted,motion_consumer_including_normalization,1,0.5095,0.5095,0.5095,0.5095
logistic_motion_forest_anomaly,condition_first_use,valid_receiver_after_bad_tag,accept,accepted,prepare_both_model_inputs,1,3.6591,3.6591,3.6591,3.6591
logistic_motion_forest_anomaly,condition_first_use,valid_receiver_after_bad_tag,accept,accepted,verifier_audit_commit,1,0.0014,0.0014,0.0014,0.0014
logistic_motion_forest_anomaly,condition_first_use,valid_receiver_after_bad_tag,accept,accepted,verifier_audit_prepare,1,0.0041,0.0041,0.0041,0.0041
logistic_motion_forest_anomaly,condition_first_use,valid_receiver_after_bad_tag,accept,accepted,verifier_audit_record,1,0.0353,0.0353,0.0353,0.0353
logistic_motion_forest_anomaly,condition_first_use,valid_receiver_after_bad_tag,accept,accepted,verifier_authentication_total,1,2.169,2.169,2.169,2.169
logistic_motion_forest_anomaly,condition_first_use,valid_receiver_after_bad_tag,accept,accepted,verifier_quality_check,1,0.6294,0.6294,0.6294,0.6294
logistic_motion_forest_anomaly,condition_first_use,valid_receiver_after_bad_tag,accept,accepted,window_hmac_verification_calculation,1,0.0173,0.0173,0.0173,0.0173
logistic_motion_forest_anomaly,measured,bad_tag_receiver,reject,invalid_tag,envelope_and_binary_parser,120,1.6702,2.2394,2.344035,2.3653
logistic_motion_forest_anomaly,measured,bad_tag_receiver,reject,invalid_tag,verifier_audit_commit,120,0.0016,0.0025399999999999976,0.0035,0.0038
logistic_motion_forest_anomaly,measured,bad_tag_receiver,reject,invalid_tag,verifier_audit_prepare,120,0.0047,0.007334999999999998,0.0088,0.0093
logistic_motion_forest_anomaly,measured,bad_tag_receiver,reject,invalid_tag,verifier_audit_record,120,0.0325,0.051405,0.05867300000000001,0.081
logistic_motion_forest_anomaly,measured,bad_tag_receiver,reject,invalid_tag,verifier_authentication_total,120,1.828,2.48375,2.662075,2.6803
logistic_motion_forest_anomaly,measured,bad_tag_receiver,reject,invalid_tag,window_hmac_verification_calculation,120,0.01955,0.03071,0.034048,0.0407
logistic_motion_forest_anomaly,measured,exact_replay_receiver,reject,duplicate_sequence,envelope_and_binary_parser,120,1.94575,2.72646,4.317269000000001,297.1776
logistic_motion_forest_anomaly,measured,exact_replay_receiver,reject,duplicate_sequence,verifier_audit_commit,120,0.0017,0.0024049999999999996,0.003281,0.0036
logistic_motion_forest_anomaly,measured,exact_replay_receiver,reject,duplicate_sequence,verifier_audit_prepare,120,0.0056,0.0081,0.009729000000000002,0.0108
logistic_motion_forest_anomaly,measured,exact_replay_receiver,reject,duplicate_sequence,verifier_audit_record,120,0.055,0.086425,0.10092200000000001,0.1505
logistic_motion_forest_anomaly,measured,exact_replay_receiver,reject,duplicate_sequence,verifier_authentication_total,120,2.8985,4.034999999999999,5.432951000000001,297.8123
logistic_motion_forest_anomaly,measured,exact_replay_receiver,reject,duplicate_sequence,verifier_quality_check,120,0.7155,0.957165,1.0346000000000002,1.0591
logistic_motion_forest_anomaly,measured,exact_replay_receiver,reject,duplicate_sequence,window_hmac_verification_calculation,120,0.0266,0.03946999999999999,0.04649700000000001,0.0534
logistic_motion_forest_anomaly,measured,fresh_to_first_window,accept,accepted,accepted_release_and_consumers,120,12.69775,17.038784999999997,20.208071000000004,21.402
logistic_motion_forest_anomaly,measured,fresh_to_first_window,accept,accepted,admission_total,120,4.37035,6.361729999999999,7.684494000000001,10.5093
logistic_motion_forest_anomaly,measured,fresh_to_first_window,accept,accepted,anomaly_consumer_including_threshold,120,7.3495,9.861504999999998,11.481295000000001,12.4021
logistic_motion_forest_anomaly,measured,fresh_to_first_window,accept,accepted,binary32_adapter,120,1.3154,1.815915,1.928026,2.1665
logistic_motion_forest_anomaly,measured,fresh_to_first_window,accept,accepted,envelope_and_binary_parser,120,1.89295,2.687585,3.4191660000000015,3.5412
logistic_motion_forest_anomaly,measured,fresh_to_first_window,accept,accepted,first_post_window_total,120,18.45205,25.827269999999995,28.530175000000003,29.1617
logistic_motion_forest_anomaly,measured,fresh_to_first_window,accept,accepted,independent_credential_verification,120,0.05725,0.08555,0.11282300000000005,0.5657
logistic_motion_forest_anomaly,measured,fresh_to_first_window,accept,accepted,local_authorization_including_verification,120,0.08015,0.11985499999999999,0.15119900000000003,0.5994
logistic_motion_forest_anomaly,measured,fresh_to_first_window,accept,accepted,local_challenge_binding,120,0.00955,0.014929999999999999,0.016824,0.0312
logistic_motion_forest_anomaly,measured,fresh_to_first_window,accept,accepted,local_request_binding,120,0.0123,0.018905,0.020867,0.0383
logistic_motion_forest_anomaly,measured,fresh_to_first_window,accept,accepted,motion_consumer_including_normalization,120,0.64115,0.9134399999999998,1.128061,1.1584
logistic_motion_forest_anomaly,measured,fresh_to_first_window,accept,accepted,prepare_both_model_inputs,120,4.0648,5.589019999999997,6.691223,7.1567
logistic_motion_forest_anomaly,measured,fresh_to_first_window,accept,accepted,receiver_challenge,120,0.155,0.22725,0.26729400000000003,0.4248
logistic_motion_forest_anomaly,measured,fresh_to_first_window,accept,accepted,receiver_confirmation,120,0.13215,0.19544,0.27429000000000003,0.2869
logistic_motion_forest_anomaly,measured,fresh_to_first_window,accept,accepted,receiver_local_admission,120,0.01245,0.019715,0.020748,0.0232
logistic_motion_forest_anomaly,measured,fresh_to_first_window,accept,accepted,reconstruction,120,3.3778,5.13507,6.454702000000003,9.4238
logistic_motion_forest_anomaly,measured,fresh_to_first_window,accept,accepted,response_generation_simulator,120,0.20805,0.2748,0.3390890000000001,0.348
logistic_motion_forest_anomaly,measured,fresh_to_first_window,accept,accepted,sender_activation,120,0.10015,0.14482,0.157881,0.2474
logistic_motion_forest_anomaly,measured,fresh_to_first_window,accept,accepted,sender_admission_and_request,120,0.2594,0.415545,0.4633230000000001,0.8814
logistic_motion_forest_anomaly,measured,fresh_to_first_window,accept,accepted,sender_audit_commit,120,0.00435,0.008114999999999999,0.009124,0.0094
logistic_motion_forest_anomaly,measured,fresh_to_first_window,accept,accepted,sender_audit_prepare,120,0.0126,0.021339999999999998,0.023605,0.0304
logistic_motion_forest_anomaly,measured,fresh_to_first_window,accept,accepted,sender_audit_record,120,0.12865,0.198475,0.21954,0.232
logistic_motion_forest_anomaly,measured,fresh_to_first_window,accept,accepted,sender_confirmation,120,0.09595,0.143825,0.17464800000000005,0.1974
logistic_motion_forest_anomaly,measured,fresh_to_first_window,accept,accepted,sender_local_admission_claim,120,0.01435,0.02251,0.024405,0.0283
logistic_motion_forest_anomaly,measured,fresh_to_first_window,accept,accepted,sender_seal_total,120,1.50235,2.096,2.181031,2.3811
logistic_motion_forest_anomaly,measured,fresh_to_first_window,accept,accepted,serialization_including_quality,120,1.29735,1.775055,1.822129,2.0347
logistic_motion_forest_anomaly,measured,fresh_to_first_window,accept,accepted,verifier_audit_commit,120,0.003,0.005605,0.006424000000000001,0.0066
logistic_motion_forest_anomaly,measured,fresh_to_first_window,accept,accepted,verifier_audit_prepare,120,0.0087,0.0152,0.017734000000000003,0.4909
logistic_motion_forest_anomaly,measured,fresh_to_first_window,accept,accepted,verifier_audit_record,120,0.06605,0.10129,0.14589700000000005,0.1512
logistic_motion_forest_anomaly,measured,fresh_to_first_window,accept,accepted,verifier_authentication_total,120,2.7582,3.98489,4.965350000000002,5.1779
logistic_motion_forest_anomaly,measured,fresh_to_first_window,accept,accepted,verifier_quality_check,120,0.7035,0.962245,1.1633870000000002,1.4001
logistic_motion_forest_anomaly,measured,fresh_to_first_window,accept,accepted,window_hmac_generation,120,0.0184,0.028754999999999996,0.041558000000000005,0.0549
logistic_motion_forest_anomaly,measured,fresh_to_first_window,accept,accepted,window_hmac_verification_calculation,120,0.0193,0.032679999999999994,0.04838300000000003,0.0678
logistic_motion_forest_anomaly,measured,malformed_json_receiver,reject,malformed_message,envelope_and_binary_parser,120,0.03495,0.047505,0.053763000000000005,0.0633
logistic_motion_forest_anomaly,measured,malformed_json_receiver,reject,malformed_message,verifier_audit_commit,120,0.0016,0.0022049999999999995,0.002843000000000001,0.0031
logistic_motion_forest_anomaly,measured,malformed_json_receiver,reject,malformed_message,verifier_audit_prepare,120,0.0043,0.005809999999999999,0.0076430000000000005,0.0148
logistic_motion_forest_anomaly,measured,malformed_json_receiver,reject,malformed_message,verifier_audit_record,120,0.04675,0.0617,0.08195000000000001,0.0848
logistic_motion_forest_anomaly,measured,malformed_json_receiver,reject,malformed_message,verifier_authentication_total,120,0.13605,0.175235,0.215134,0.2406
logistic_motion_forest_anomaly,measured,post_window_after_refusals,accept,accepted,accepted_release_and_consumers,120,12.26795,14.944945,15.821043,18.1978
logistic_motion_forest_anomaly,measured,post_window_after_refusals,accept,accepted,anomaly_consumer_including_threshold,120,6.4842,8.250115,10.233987000000003,10.9342
logistic_motion_forest_anomaly,measured,post_window_after_refusals,accept,accepted,binary32_adapter,120,1.28605,1.6253,1.788124,1.8532
logistic_motion_forest_anomaly,measured,post_window_after_refusals,accept,accepted,envelope_and_binary_parser,120,1.8089,2.26635,2.575528,2.5968
logistic_motion_forest_anomaly,measured,post_window_after_refusals,accept,accepted,motion_consumer_including_normalization,120,0.64535,0.82837,0.897477,0.9279
logistic_motion_forest_anomaly,measured,post_window_after_refusals,accept,accepted,prepare_both_model_inputs,120,3.90285,5.151845,5.558978000000001,5.9518
logistic_motion_forest_anomaly,measured,post_window_after_refusals,accept,accepted,sender_audit_commit,120,0.0015,0.002,0.0030050000000000007,0.015
logistic_motion_forest_anomaly,measured,post_window_after_refusals,accept,accepted,sender_audit_prepare,120,0.0042,0.005614999999999999,0.006929000000000002,0.0082
logistic_motion_forest_anomaly,measured,post_window_after_refusals,accept,accepted,sender_audit_record,120,0.04585,0.06045999999999997,0.07763100000000002,0.0814
logistic_motion_forest_anomaly,measured,post_window_after_refusals,accept,accepted,sender_seal_total,120,1.477,1.86276,2.061596,2.1816
logistic_motion_forest_anomaly,measured,post_window_after_refusals,accept,accepted,serialization_including_quality,120,1.26565,1.573395,1.741027,1.8152
logistic_motion_forest_anomaly,measured,post_window_after_refusals,accept,accepted,verifier_audit_commit,120,0.0017,0.0023049999999999998,0.003148000000000002,0.0037
logistic_motion_forest_anomaly,measured,post_window_after_refusals,accept,accepted,verifier_audit_prepare,120,0.00485,0.007109999999999999,0.008362,0.0115
logistic_motion_forest_anomaly,measured,post_window_after_refusals,accept,accepted,verifier_audit_record,120,0.0277,0.03704,0.044353,0.0744
logistic_motion_forest_anomaly,measured,post_window_after_refusals,accept,accepted,verifier_authentication_total,120,2.6578,3.3816499999999996,3.804201,3.8546
logistic_motion_forest_anomaly,measured,post_window_after_refusals,accept,accepted,verifier_quality_check,120,0.6964,0.929865,1.013163,1.065
logistic_motion_forest_anomaly,measured,post_window_after_refusals,accept,accepted,window_hmac_generation,120,0.0259,0.042145,0.050481,0.0642
logistic_motion_forest_anomaly,measured,post_window_after_refusals,accept,accepted,window_hmac_verification_calculation,120,0.01995,0.032135,0.039486,0.0411
logistic_motion_forest_anomaly,measured,post_window_recurring,accept,accepted,accepted_release_and_consumers,120,12.50775,16.563105,19.938359,21.5735
logistic_motion_forest_anomaly,measured,post_window_recurring,accept,accepted,anomaly_consumer_including_threshold,120,7.10045,9.671025,11.401416,11.9527
logistic_motion_forest_anomaly,measured,post_window_recurring,accept,accepted,binary32_adapter,120,1.3098,1.71826,1.89974,2.0965
logistic_motion_forest_anomaly,measured,post_window_recurring,accept,accepted,envelope_and_binary_parser,120,1.9848,5.048315,5.444,8.1801
logistic_motion_forest_anomaly,measured,post_window_recurring,accept,accepted,motion_consumer_including_normalization,120,0.62855,0.8477299999999998,1.0937420000000002,1.1605
logistic_motion_forest_anomaly,measured,post_window_recurring,accept,accepted,prepare_both_model_inputs,120,4.0426,5.279759999999999,6.682952000000001,7.3623
logistic_motion_forest_anomaly,measured,post_window_recurring,accept,accepted,sender_audit_commit,120,0.0015,0.0020099999999999996,0.003381,0.0034
logistic_motion_forest_anomaly,measured,post_window_recurring,accept,accepted,sender_audit_prepare,120,0.0046,0.007734999999999998,0.010391000000000003,0.0242
logistic_motion_forest_anomaly,measured,post_window_recurring,accept,accepted,sender_audit_record,120,0.0642,0.095925,0.11420200000000001,0.1177
logistic_motion_forest_anomaly,measured,post_window_recurring,accept,accepted,sender_seal_total,120,1.5361,2.06552,2.269819,2.4461
logistic_motion_forest_anomaly,measured,post_window_recurring,accept,accepted,serialization_including_quality,120,1.2964,1.714805,1.842933,2.007
logistic_motion_forest_anomaly,measured,post_window_recurring,accept,accepted,verifier_audit_commit,120,0.0016,0.0030049999999999994,0.012248000000000026,0.0153
logistic_motion_forest_anomaly,measured,post_window_recurring,accept,accepted,verifier_audit_prepare,120,0.00505,0.007119999999999999,0.012116000000000007,0.0135
logistic_motion_forest_anomaly,measured,post_window_recurring,accept,accepted,verifier_audit_record,120,0.029,0.041355,0.051897000000000006,0.0595
logistic_motion_forest_anomaly,measured,post_window_recurring,accept,accepted,verifier_authentication_total,120,2.91655,5.93984,6.42875,9.5641
logistic_motion_forest_anomaly,measured,post_window_recurring,accept,accepted,verifier_quality_check,120,0.71005,0.9577599999999998,1.004854,1.0396
logistic_motion_forest_anomaly,measured,post_window_recurring,accept,accepted,window_hmac_generation,120,0.02615,0.03904499999999999,0.046550000000000015,0.0528
logistic_motion_forest_anomaly,measured,post_window_recurring,accept,accepted,window_hmac_verification_calculation,120,0.02195,0.031725,0.041940000000000005,0.0593
logistic_motion_forest_anomaly,measured,pre_tag_quality_refusal,reject,data_quality_failure,binary32_adapter,120,1.31075,1.6469499999999997,1.798322,1.8266
logistic_motion_forest_anomaly,measured,pre_tag_quality_refusal,reject,data_quality_failure,sender_audit_commit,120,0.00155,0.0021,0.0026860000000000013,0.0033
logistic_motion_forest_anomaly,measured,pre_tag_quality_refusal,reject,data_quality_failure,sender_audit_prepare,120,0.0044,0.005705,0.007291000000000002,0.0082
logistic_motion_forest_anomaly,measured,pre_tag_quality_refusal,reject,data_quality_failure,sender_audit_record,120,0.0491,0.06233,0.08129400000000002,0.1163
logistic_motion_forest_anomaly,measured,pre_tag_quality_refusal,reject,data_quality_failure,sender_seal_total,120,0.7186,0.9115899999999999,1.0169970000000002,1.0737
logistic_motion_forest_anomaly,measured,pre_tag_quality_refusal,reject,data_quality_failure,serialization_including_quality,120,0.58055,0.74574,0.810592,0.8162
logistic_motion_forest_anomaly,measured,valid_receiver_after_bad_tag,accept,accepted,accepted_release_and_consumers,120,12.77145,17.156005,20.713315000000005,21.3594
logistic_motion_forest_anomaly,measured,valid_receiver_after_bad_tag,accept,accepted,anomaly_consumer_including_threshold,120,7.26505,10.118234999999999,11.157439,12.2195
logistic_motion_forest_anomaly,measured,valid_receiver_after_bad_tag,accept,accepted,envelope_and_binary_parser,120,1.66075,2.23135,2.361982,2.6209
logistic_motion_forest_anomaly,measured,valid_receiver_after_bad_tag,accept,accepted,motion_consumer_including_normalization,120,0.65045,0.923735,1.0332160000000001,1.1449
logistic_motion_forest_anomaly,measured,valid_receiver_after_bad_tag,accept,accepted,prepare_both_model_inputs,120,4.08815,5.40053,6.825233,7.9696
logistic_motion_forest_anomaly,measured,valid_receiver_after_bad_tag,accept,accepted,verifier_audit_commit,120,0.0016,0.0023,0.0032620000000000006,0.0037
logistic_motion_forest_anomaly,measured,valid_receiver_after_bad_tag,accept,accepted,verifier_audit_prepare,120,0.0048,0.00801,0.008743,0.0113
logistic_motion_forest_anomaly,measured,valid_receiver_after_bad_tag,accept,accepted,verifier_audit_record,120,0.0402,0.064805,0.07358400000000001,0.0764
logistic_motion_forest_anomaly,measured,valid_receiver_after_bad_tag,accept,accepted,verifier_authentication_total,120,2.5514,3.472335,3.64794,3.6909
logistic_motion_forest_anomaly,measured,valid_receiver_after_bad_tag,accept,accepted,verifier_quality_check,120,0.71365,0.988225,1.060145,1.0993
logistic_motion_forest_anomaly,measured,valid_receiver_after_bad_tag,accept,accepted,window_hmac_verification_calculation,120,0.02035,0.03092,0.03617300000000001,0.0386
logistic_motion_forest_anomaly,sustained,post_window_recurring,accept,accepted,accepted_release_and_consumers,64,7.0759,8.57725,10.845565999999998,11.0861
logistic_motion_forest_anomaly,sustained,post_window_recurring,accept,accepted,anomaly_consumer_including_threshold,64,4.20215,5.028,6.073827,6.1854
logistic_motion_forest_anomaly,sustained,post_window_recurring,accept,accepted,binary32_adapter,64,0.69495,0.9428949999999997,1.088923,1.1065
logistic_motion_forest_anomaly,sustained,post_window_recurring,accept,accepted,envelope_and_binary_parser,64,1.0348,1.7538399999999998,2.3252589999999986,2.6785
logistic_motion_forest_anomaly,sustained,post_window_recurring,accept,accepted,motion_consumer_including_normalization,64,0.3969,0.4994549999999999,0.5978859999999997,0.6721
logistic_motion_forest_anomaly,sustained,post_window_recurring,accept,accepted,prepare_both_model_inputs,64,2.20735,2.7293599999999993,3.614924,3.656
logistic_motion_forest_anomaly,sustained,post_window_recurring,accept,accepted,sender_audit_commit,64,0.0011,0.0014849999999999996,0.002369999999999997,0.003
logistic_motion_forest_anomaly,sustained,post_window_recurring,accept,accepted,sender_audit_prepare,64,0.0036,0.004769999999999999,0.007358999999999998,0.0078
logistic_motion_forest_anomaly,sustained,post_window_recurring,accept,accepted,sender_audit_record,64,0.04205,0.05623499999999999,0.08796799999999992,0.1046
logistic_motion_forest_anomaly,sustained,post_window_recurring,accept,accepted,sender_seal_total,64,0.8716,1.1977699999999991,1.383189,1.4082
logistic_motion_forest_anomaly,sustained,post_window_recurring,accept,accepted,serialization_including_quality,64,0.71495,0.9696349999999992,1.1463329999999998,1.1784
logistic_motion_forest_anomaly,sustained,post_window_recurring,accept,accepted,verifier_audit_commit,64,0.00115,0.0015849999999999996,0.002191999999999996,0.0032
logistic_motion_forest_anomaly,sustained,post_window_recurring,accept,accepted,verifier_audit_prepare,64,0.0036,0.004784999999999999,0.006834999999999985,0.0103
logistic_motion_forest_anomaly,sustained,post_window_recurring,accept,accepted,verifier_audit_record,64,0.01795,0.025934999999999993,0.047922999999999924,0.0655
logistic_motion_forest_anomaly,sustained,post_window_recurring,accept,accepted,verifier_authentication_total,64,1.5093,2.43542,2.9990759999999974,3.7266
logistic_motion_forest_anomaly,sustained,post_window_recurring,accept,accepted,verifier_quality_check,64,0.38195,0.45955,0.6744739999999996,0.7754
logistic_motion_forest_anomaly,sustained,post_window_recurring,accept,accepted,window_hmac_generation,64,0.01785,0.025894999999999998,0.031360999999999986,0.0347
logistic_motion_forest_anomaly,sustained,post_window_recurring,accept,accepted,window_hmac_verification_calculation,64,0.0144,0.0202,0.028024999999999967,0.0359
logistic_motion_forest_anomaly,warmup,bad_tag_receiver,reject,invalid_tag,envelope_and_binary_parser,29,1.6473,1.9992599999999998,2.073076,2.0929
logistic_motion_forest_anomaly,warmup,bad_tag_receiver,reject,invalid_tag,verifier_audit_commit,29,0.0016,0.0019199999999999996,0.002072,0.0021
logistic_motion_forest_anomaly,warmup,bad_tag_receiver,reject,invalid_tag,verifier_audit_prepare,29,0.0047,0.00552,0.006319999999999999,0.0066
logistic_motion_forest_anomaly,warmup,bad_tag_receiver,reject,invalid_tag,verifier_audit_record,29,0.0328,0.03818,0.039204,0.0394
logistic_motion_forest_anomaly,warmup,bad_tag_receiver,reject,invalid_tag,verifier_authentication_total,29,1.8035,2.21076,2.2738,2.2843
logistic_motion_forest_anomaly,warmup,bad_tag_receiver,reject,invalid_tag,window_hmac_verification_calculation,29,0.0194,0.02506,0.03150799999999999,0.034
logistic_motion_forest_anomaly,warmup,exact_replay_receiver,reject,duplicate_sequence,envelope_and_binary_parser,29,1.9051,2.3159,2.388364,2.4027
logistic_motion_forest_anomaly,warmup,exact_replay_receiver,reject,duplicate_sequence,verifier_audit_commit,29,0.0017,0.0021,0.002172,0.0022
logistic_motion_forest_anomaly,warmup,exact_replay_receiver,reject,duplicate_sequence,verifier_audit_prepare,29,0.0057,0.008279999999999994,0.010855999999999996,0.0115
logistic_motion_forest_anomaly,warmup,exact_replay_receiver,reject,duplicate_sequence,verifier_audit_record,29,0.055,0.06652,0.067344,0.0674
logistic_motion_forest_anomaly,warmup,exact_replay_receiver,reject,duplicate_sequence,verifier_authentication_total,29,2.8468,3.45508,3.55352,3.5832
logistic_motion_forest_anomaly,warmup,exact_replay_receiver,reject,duplicate_sequence,verifier_quality_check,29,0.7088,0.8415199999999999,0.9059119999999998,0.9226
logistic_motion_forest_anomaly,warmup,exact_replay_receiver,reject,duplicate_sequence,window_hmac_verification_calculation,29,0.0272,0.03246,0.03660399999999999,0.0382
logistic_motion_forest_anomaly,warmup,fresh_to_first_window,accept,accepted,accepted_release_and_consumers,29,12.5448,14.89524,15.418464,15.5728
logistic_motion_forest_anomaly,warmup,fresh_to_first_window,accept,accepted,admission_total,29,4.7065,5.841799999999999,6.171712,6.2577
logistic_motion_forest_anomaly,warmup,fresh_to_first_window,accept,accepted,anomaly_consumer_including_threshold,29,7.1413,8.925359999999998,9.34896,9.4261
logistic_motion_forest_anomaly,warmup,fresh_to_first_window,accept,accepted,binary32_adapter,29,1.3806,1.7121599999999997,1.787112,1.7975
logistic_motion_forest_anomaly,warmup,fresh_to_first_window,accept,accepted,envelope_and_binary_parser,29,1.9885,3.80038,4.0981,4.2024
logistic_motion_forest_anomaly,warmup,fresh_to_first_window,accept,accepted,first_post_window_total,29,18.6399,21.39642,22.167508,22.4521
logistic_motion_forest_anomaly,warmup,fresh_to_first_window,accept,accepted,independent_credential_verification,29,0.0624,0.08298,0.086676,0.0876
logistic_motion_forest_anomaly,warmup,fresh_to_first_window,accept,accepted,local_authorization_including_verification,29,0.0898,0.11345999999999999,0.117148,0.1174
logistic_motion_forest_anomaly,warmup,fresh_to_first_window,accept,accepted,local_challenge_binding,29,0.0106,0.01458,0.017507999999999996,0.0186
logistic_motion_forest_anomaly,warmup,fresh_to_first_window,accept,accepted,local_request_binding,29,0.0136,0.01648,0.018455999999999997,0.0191
logistic_motion_forest_anomaly,warmup,fresh_to_first_window,accept,accepted,motion_consumer_including_normalization,29,0.6602,0.81638,0.841228,0.8503
logistic_motion_forest_anomaly,warmup,fresh_to_first_window,accept,accepted,prepare_both_model_inputs,29,4.0898,4.73192,4.8554,4.8834
logistic_motion_forest_anomaly,warmup,fresh_to_first_window,accept,accepted,receiver_challenge,29,0.165,0.21498,0.37292399999999976,0.4336
logistic_motion_forest_anomaly,warmup,fresh_to_first_window,accept,accepted,receiver_confirmation,29,0.1412,0.20425999999999994,0.22711599999999998,0.2321
logistic_motion_forest_anomaly,warmup,fresh_to_first_window,accept,accepted,receiver_local_admission,29,0.0133,0.017579999999999995,0.01846,0.0186
logistic_motion_forest_anomaly,warmup,fresh_to_first_window,accept,accepted,reconstruction,29,3.4709,4.797079999999999,4.998384,5.0305
logistic_motion_forest_anomaly,warmup,fresh_to_first_window,accept,accepted,response_generation_simulator,29,0.2415,0.28963999999999995,0.3486159999999999,0.369
logistic_motion_forest_anomaly,warmup,fresh_to_first_window,accept,accepted,sender_activation,29,0.1024,0.14221999999999993,0.19399599999999995,0.2106
logistic_motion_forest_anomaly,warmup,fresh_to_first_window,accept,accepted,sender_admission_and_request,29,0.2871,0.36411999999999994,0.388096,0.3949
logistic_motion_forest_anomaly,warmup,fresh_to_first_window,accept,accepted,sender_audit_commit,29,0.0045,0.005959999999999999,0.007495999999999998,0.008
logistic_motion_forest_anomaly,warmup,fresh_to_first_window,accept,accepted,sender_audit_prepare,29,0.0133,0.019719999999999988,0.022016,0.0221
logistic_motion_forest_anomaly,warmup,fresh_to_first_window,accept,accepted,sender_audit_record,29,0.1351,0.17056,0.20285599999999995,0.2147
logistic_motion_forest_anomaly,warmup,fresh_to_first_window,accept,accepted,sender_confirmation,29,0.0978,0.13165999999999997,0.19569199999999992,0.2184
logistic_motion_forest_anomaly,warmup,fresh_to_first_window,accept,accepted,sender_local_admission_claim,29,0.0146,0.019899999999999998,0.030019999999999984,0.0338
logistic_motion_forest_anomaly,warmup,fresh_to_first_window,accept,accepted,sender_seal_total,29,1.5313,2.0316199999999993,2.119436,2.124
logistic_motion_forest_anomaly,warmup,fresh_to_first_window,accept,accepted,serialization_including_quality,29,1.3169,1.7205399999999995,1.807292,1.8146
logistic_motion_forest_anomaly,warmup,fresh_to_first_window,accept,accepted,verifier_audit_commit,29,0.003,0.00386,0.004403999999999999,0.0046
logistic_motion_forest_anomaly,warmup,fresh_to_first_window,accept,accepted,verifier_audit_prepare,29,0.0095,0.01232,0.022119999999999987,0.0259
logistic_motion_forest_anomaly,warmup,fresh_to_first_window,accept,accepted,verifier_audit_record,29,0.068,0.09189999999999998,0.10288399999999999,0.1056
logistic_motion_forest_anomaly,warmup,fresh_to_first_window,accept,accepted,verifier_authentication_total,29,2.8668,4.6589,4.971036,5.0897
logistic_motion_forest_anomaly,warmup,fresh_to_first_window,accept,accepted,verifier_quality_check,29,0.6996,1.0197599999999996,1.1966959999999998,1.2343
logistic_motion_forest_anomaly,warmup,fresh_to_first_window,accept,accepted,window_hmac_generation,29,0.0206,0.03338,0.045347999999999986,0.0498
logistic_motion_forest_anomaly,warmup,fresh_to_first_window,accept,accepted,window_hmac_verification_calculation,29,0.021,0.027899999999999998,0.029236,0.0296
logistic_motion_forest_anomaly,warmup,malformed_json_receiver,reject,malformed_message,envelope_and_binary_parser,29,0.0359,0.04976,0.05394399999999999,0.0554
logistic_motion_forest_anomaly,warmup,malformed_json_receiver,reject,malformed_message,verifier_audit_commit,29,0.0016,0.0019,0.001972,0.002
logistic_motion_forest_anomaly,warmup,malformed_json_receiver,reject,malformed_message,verifier_audit_prepare,29,0.0044,0.00496,0.005216,0.0053
logistic_motion_forest_anomaly,warmup,malformed_json_receiver,reject,malformed_message,verifier_audit_record,29,0.0455,0.05628,0.06035999999999999,0.0619
logistic_motion_forest_anomaly,warmup,malformed_json_receiver,reject,malformed_message,verifier_authentication_total,29,0.1319,0.16514,0.18313999999999997,0.1893
logistic_motion_forest_anomaly,warmup,post_window_after_refusals,accept,accepted,accepted_release_and_consumers,29,12.7196,15.673339999999998,17.941979999999997,18.6725
logistic_motion_forest_anomaly,warmup,post_window_after_refusals,accept,accepted,anomaly_consumer_including_threshold,29,7.1758,9.74946,10.152628,10.3024
logistic_motion_forest_anomaly,warmup,post_window_after_refusals,accept,accepted,binary32_adapter,29,1.2664,1.4702199999999999,1.6132759999999997,1.6513
logistic_motion_forest_anomaly,warmup,post_window_after_refusals,accept,accepted,envelope_and_binary_parser,29,1.8062,2.25668,2.3412,2.3734
logistic_motion_forest_anomaly,warmup,post_window_after_refusals,accept,accepted,motion_consumer_including_normalization,29,0.6505,0.8723799999999999,0.897588,0.8998
logistic_motion_forest_anomaly,warmup,post_window_after_refusals,accept,accepted,prepare_both_model_inputs,29,4.068,4.86592,6.3017759999999985,6.8571
logistic_motion_forest_anomaly,warmup,post_window_after_refusals,accept,accepted,sender_audit_commit,29,0.0015,0.00206,0.0021,0.0021
logistic_motion_forest_anomaly,warmup,post_window_after_refusals,accept,accepted,sender_audit_prepare,29,0.0043,0.0054399999999999995,0.0056,0.0056
logistic_motion_forest_anomaly,warmup,post_window_after_refusals,accept,accepted,sender_audit_record,29,0.0479,0.05972,0.065328,0.0674
logistic_motion_forest_anomaly,warmup,post_window_after_refusals,accept,accepted,sender_seal_total,29,1.4593,1.7446999999999997,1.83918,1.8641
logistic_motion_forest_anomaly,warmup,post_window_after_refusals,accept,accepted,serialization_including_quality,29,1.2533,1.49568,1.5892959999999998,1.6206
logistic_motion_forest_anomaly,warmup,post_window_after_refusals,accept,accepted,verifier_audit_commit,29,0.0017,0.00216,0.002272,0.0023
logistic_motion_forest_anomaly,warmup,post_window_after_refusals,accept,accepted,verifier_audit_prepare,29,0.005,0.006179999999999999,0.006875999999999999,0.0071
logistic_motion_forest_anomaly,warmup,post_window_after_refusals,accept,accepted,verifier_audit_record,29,0.0279,0.03632,0.037104,0.0373
logistic_motion_forest_anomaly,warmup,post_window_after_refusals,accept,accepted,verifier_authentication_total,29,2.6422,3.31264,3.403456,3.4314
logistic_motion_forest_anomaly,warmup,post_window_after_refusals,accept,accepted,verifier_quality_check,29,0.6873,0.8637199999999999,0.886272,0.8905
logistic_motion_forest_anomaly,warmup,post_window_after_refusals,accept,accepted,window_hmac_generation,29,0.0257,0.03781999999999999,0.04221199999999999,0.0435
logistic_motion_forest_anomaly,warmup,post_window_after_refusals,accept,accepted,window_hmac_verification_calculation,29,0.0212,0.028039999999999992,0.030983999999999998,0.0316
logistic_motion_forest_anomaly,warmup,post_window_recurring,accept,accepted,accepted_release_and_consumers,29,12.4764,14.918239999999997,15.330288,15.4151
logistic_motion_forest_anomaly,warmup,post_window_recurring,accept,accepted,anomaly_consumer_including_threshold,29,7.1216,8.672599999999997,9.312016,9.4626
logistic_motion_forest_anomaly,warmup,post_window_recurring,accept,accepted,binary32_adapter,29,1.2836,1.4866399999999997,1.6139679999999998,1.6495
logistic_motion_forest_anomaly,warmup,post_window_recurring,accept,accepted,envelope_and_binary_parser,29,1.9069,5.46952,216.99385599999968,299.22
logistic_motion_forest_anomaly,warmup,post_window_recurring,accept,accepted,motion_consumer_including_normalization,29,0.6559,0.8106599999999999,0.8921399999999999,0.9172
logistic_motion_forest_anomaly,warmup,post_window_recurring,accept,accepted,prepare_both_model_inputs,29,4.0614,4.83596,4.943592,4.9656
logistic_motion_forest_anomaly,warmup,post_window_recurring,accept,accepted,sender_audit_commit,29,0.0015,0.00196,0.002,0.002
logistic_motion_forest_anomaly,warmup,post_window_recurring,accept,accepted,sender_audit_prepare,29,0.0046,0.005959999999999999,0.006272,0.0063
logistic_motion_forest_anomaly,warmup,post_window_recurring,accept,accepted,sender_audit_record,29,0.0661,0.08612,0.092024,0.0939
logistic_motion_forest_anomaly,warmup,post_window_recurring,accept,accepted,sender_seal_total,29,1.5117,1.7369399999999997,1.9497159999999998,2.0233
logistic_motion_forest_anomaly,warmup,post_window_recurring,accept,accepted,serialization_including_quality,29,1.2768,1.4384399999999997,1.6507279999999998,1.7221
logistic_motion_forest_anomaly,warmup,post_window_recurring,accept,accepted,verifier_audit_commit,29,0.0016,0.0019199999999999996,0.0022159999999999997,0.0023
logistic_motion_forest_anomaly,warmup,post_window_recurring,accept,accepted,verifier_audit_prepare,29,0.005,0.007059999999999998,0.007644,0.0077
logistic_motion_forest_anomaly,warmup,post_window_recurring,accept,accepted,verifier_audit_record,29,0.0296,0.03538,0.039355999999999995,0.0407
logistic_motion_forest_anomaly,warmup,post_window_recurring,accept,accepted,verifier_authentication_total,29,2.7632,6.42954,217.77923599999968,299.9603
logistic_motion_forest_anomaly,warmup,post_window_recurring,accept,accepted,verifier_quality_check,29,0.6868,0.7908,0.8833039999999999,0.9157
logistic_motion_forest_anomaly,warmup,post_window_recurring,accept,accepted,window_hmac_generation,29,0.0271,0.03567999999999999,0.1608159999999998,0.2092
logistic_motion_forest_anomaly,warmup,post_window_recurring,accept,accepted,window_hmac_verification_calculation,29,0.0223,0.03418,0.040459999999999996,0.0427
logistic_motion_forest_anomaly,warmup,pre_tag_quality_refusal,reject,data_quality_failure,binary32_adapter,29,1.2816,1.45762,1.5880519999999998,1.6333
logistic_motion_forest_anomaly,warmup,pre_tag_quality_refusal,reject,data_quality_failure,sender_audit_commit,29,0.0015,0.0018599999999999997,0.0019,0.0019
logistic_motion_forest_anomaly,warmup,pre_tag_quality_refusal,reject,data_quality_failure,sender_audit_prepare,29,0.0047,0.00526,0.0053,0.0053
logistic_motion_forest_anomaly,warmup,pre_tag_quality_refusal,reject,data_quality_failure,sender_audit_record,29,0.0483,0.06076,0.061904,0.0621
logistic_motion_forest_anomaly,warmup,pre_tag_quality_refusal,reject,data_quality_failure,sender_seal_total,29,0.7222,0.82958,0.8851639999999998,0.9051
logistic_motion_forest_anomaly,warmup,pre_tag_quality_refusal,reject,data_quality_failure,serialization_including_quality,29,0.571,0.67432,0.7322319999999999,0.7506
logistic_motion_forest_anomaly,warmup,valid_receiver_after_bad_tag,accept,accepted,accepted_release_and_consumers,29,12.3196,14.772659999999998,15.119172,15.1458
logistic_motion_forest_anomaly,warmup,valid_receiver_after_bad_tag,accept,accepted,anomaly_consumer_including_threshold,29,7.0831,8.6499,8.785988,8.8309
logistic_motion_forest_anomaly,warmup,valid_receiver_after_bad_tag,accept,accepted,envelope_and_binary_parser,29,1.6453,2.0897799999999997,2.213604,2.2418
logistic_motion_forest_anomaly,warmup,valid_receiver_after_bad_tag,accept,accepted,motion_consumer_including_normalization,29,0.6395,0.79456,0.812184,0.817
logistic_motion_forest_anomaly,warmup,valid_receiver_after_bad_tag,accept,accepted,prepare_both_model_inputs,29,3.9715,4.72864,4.898408,4.9331
logistic_motion_forest_anomaly,warmup,valid_receiver_after_bad_tag,accept,accepted,verifier_audit_commit,29,0.0016,0.002,0.002072,0.0021
logistic_motion_forest_anomaly,warmup,valid_receiver_after_bad_tag,accept,accepted,verifier_audit_prepare,29,0.0048,0.010159999999999985,0.014799999999999997,0.0155
logistic_motion_forest_anomaly,warmup,valid_receiver_after_bad_tag,accept,accepted,verifier_audit_record,29,0.0395,0.05511999999999999,0.07539199999999997,0.082
logistic_motion_forest_anomaly,warmup,valid_receiver_after_bad_tag,accept,accepted,verifier_authentication_total,29,2.4928,3.23434,3.324164,3.3546
logistic_motion_forest_anomaly,warmup,valid_receiver_after_bad_tag,accept,accepted,verifier_quality_check,29,0.6888,0.8761999999999998,0.9746959999999999,0.9976
logistic_motion_forest_anomaly,warmup,valid_receiver_after_bad_tag,accept,accepted,window_hmac_verification_calculation,29,0.0193,0.028239999999999984,0.030872,0.0309
logistic_motion_logistic_anomaly,condition_first_use,bad_tag_receiver,reject,invalid_tag,envelope_and_binary_parser,1,1.2386,1.2386,1.2386,1.2386
logistic_motion_logistic_anomaly,condition_first_use,bad_tag_receiver,reject,invalid_tag,verifier_audit_commit,1,0.0011,0.0011,0.0011,0.0011
logistic_motion_logistic_anomaly,condition_first_use,bad_tag_receiver,reject,invalid_tag,verifier_audit_prepare,1,0.0036,0.0036,0.0036,0.0036
logistic_motion_logistic_anomaly,condition_first_use,bad_tag_receiver,reject,invalid_tag,verifier_audit_record,1,0.0258,0.0258,0.0258,0.0258
logistic_motion_logistic_anomaly,condition_first_use,bad_tag_receiver,reject,invalid_tag,verifier_authentication_total,1,1.3634,1.3634,1.3634,1.3634
logistic_motion_logistic_anomaly,condition_first_use,bad_tag_receiver,reject,invalid_tag,window_hmac_verification_calculation,1,0.0165,0.0165,0.0165,0.0165
logistic_motion_logistic_anomaly,condition_first_use,exact_replay_receiver,reject,duplicate_sequence,envelope_and_binary_parser,1,1.2509,1.2509,1.2509,1.2509
logistic_motion_logistic_anomaly,condition_first_use,exact_replay_receiver,reject,duplicate_sequence,verifier_audit_commit,1,0.0011,0.0011,0.0011,0.0011
logistic_motion_logistic_anomaly,condition_first_use,exact_replay_receiver,reject,duplicate_sequence,verifier_audit_prepare,1,0.0039,0.0039,0.0039,0.0039
logistic_motion_logistic_anomaly,condition_first_use,exact_replay_receiver,reject,duplicate_sequence,verifier_audit_record,1,0.0314,0.0314,0.0314,0.0314
logistic_motion_logistic_anomaly,condition_first_use,exact_replay_receiver,reject,duplicate_sequence,verifier_authentication_total,1,1.9283,1.9283,1.9283,1.9283
logistic_motion_logistic_anomaly,condition_first_use,exact_replay_receiver,reject,duplicate_sequence,verifier_quality_check,1,0.5358,0.5358,0.5358,0.5358
logistic_motion_logistic_anomaly,condition_first_use,exact_replay_receiver,reject,duplicate_sequence,window_hmac_verification_calculation,1,0.0153,0.0153,0.0153,0.0153
logistic_motion_logistic_anomaly,condition_first_use,fresh_to_first_window,accept,accepted,accepted_release_and_consumers,1,9.6717,9.6717,9.6717,9.6717
logistic_motion_logistic_anomaly,condition_first_use,fresh_to_first_window,accept,accepted,admission_total,1,3025.1944,3025.1944,3025.1944,3025.1944
logistic_motion_logistic_anomaly,condition_first_use,fresh_to_first_window,accept,accepted,anomaly_consumer_including_threshold,1,0.4864,0.4864,0.4864,0.4864
logistic_motion_logistic_anomaly,condition_first_use,fresh_to_first_window,accept,accepted,binary32_adapter,1,3.6141,3.6141,3.6141,3.6141
logistic_motion_logistic_anomaly,condition_first_use,fresh_to_first_window,accept,accepted,envelope_and_binary_parser,1,1.5294,1.5294,1.5294,1.5294
logistic_motion_logistic_anomaly,condition_first_use,fresh_to_first_window,accept,accepted,first_post_window_total,1,16.8194,16.8194,16.8194,16.8194
logistic_motion_logistic_anomaly,condition_first_use,fresh_to_first_window,accept,accepted,independent_credential_verification,1,0.0728,0.0728,0.0728,0.0728
logistic_motion_logistic_anomaly,condition_first_use,fresh_to_first_window,accept,accepted,local_authorization_including_verification,1,0.0983,0.0983,0.0983,0.0983
logistic_motion_logistic_anomaly,condition_first_use,fresh_to_first_window,accept,accepted,local_challenge_binding,1,0.0082,0.0082,0.0082,0.0082
logistic_motion_logistic_anomaly,condition_first_use,fresh_to_first_window,accept,accepted,local_request_binding,1,0.0135,0.0135,0.0135,0.0135
logistic_motion_logistic_anomaly,condition_first_use,fresh_to_first_window,accept,accepted,motion_consumer_including_normalization,1,5.4629,5.4629,5.4629,5.4629
logistic_motion_logistic_anomaly,condition_first_use,fresh_to_first_window,accept,accepted,prepare_both_model_inputs,1,3.2657,3.2657,3.2657,3.2657
logistic_motion_logistic_anomaly,condition_first_use,fresh_to_first_window,accept,accepted,receiver_challenge,1,0.1704,0.1704,0.1704,0.1704
logistic_motion_logistic_anomaly,condition_first_use,fresh_to_first_window,accept,accepted,receiver_confirmation,1,0.1524,0.1524,0.1524,0.1524
logistic_motion_logistic_anomaly,condition_first_use,fresh_to_first_window,accept,accepted,receiver_local_admission,1,0.0174,0.0174,0.0174,0.0174
logistic_motion_logistic_anomaly,condition_first_use,fresh_to_first_window,accept,accepted,reconstruction,1,3024.0642,3024.0642,3024.0642,3024.0642
logistic_motion_logistic_anomaly,condition_first_use,fresh_to_first_window,accept,accepted,response_generation_simulator,1,0.141,0.141,0.141,0.141
logistic_motion_logistic_anomaly,condition_first_use,fresh_to_first_window,accept,accepted,sender_activation,1,0.0963,0.0963,0.0963,0.0963
logistic_motion_logistic_anomaly,condition_first_use,fresh_to_first_window,accept,accepted,sender_admission_and_request,1,0.3174,0.3174,0.3174,0.3174
logistic_motion_logistic_anomaly,condition_first_use,fresh_to_first_window,accept,accepted,sender_audit_commit,1,0.0037,0.0037,0.0037,0.0037
logistic_motion_logistic_anomaly,condition_first_use,fresh_to_first_window,accept,accepted,sender_audit_prepare,1,0.0117,0.0117,0.0117,0.0117
logistic_motion_logistic_anomaly,condition_first_use,fresh_to_first_window,accept,accepted,sender_audit_record,1,0.1232,0.1232,0.1232,0.1232
logistic_motion_logistic_anomaly,condition_first_use,fresh_to_first_window,accept,accepted,sender_confirmation,1,0.1833,0.1833,0.1833,0.1833
logistic_motion_logistic_anomaly,condition_first_use,fresh_to_first_window,accept,accepted,sender_local_admission_claim,1,0.0609,0.0609,0.0609,0.0609
logistic_motion_logistic_anomaly,condition_first_use,fresh_to_first_window,accept,accepted,sender_seal_total,1,1.2041,1.2041,1.2041,1.2041
logistic_motion_logistic_anomaly,condition_first_use,fresh_to_first_window,accept,accepted,serialization_including_quality,1,0.9797,0.9797,0.9797,0.9797
logistic_motion_logistic_anomaly,condition_first_use,fresh_to_first_window,accept,accepted,verifier_audit_commit,1,0.0027,0.0027,0.0027,0.0027
logistic_motion_logistic_anomaly,condition_first_use,fresh_to_first_window,accept,accepted,verifier_audit_prepare,1,0.0086,0.0086,0.0086,0.0086
logistic_motion_logistic_anomaly,condition_first_use,fresh_to_first_window,accept,accepted,verifier_audit_record,1,0.1152,0.1152,0.1152,0.1152
logistic_motion_logistic_anomaly,condition_first_use,fresh_to_first_window,accept,accepted,verifier_authentication_total,1,2.2442,2.2442,2.2442,2.2442
logistic_motion_logistic_anomaly,condition_first_use,fresh_to_first_window,accept,accepted,verifier_quality_check,1,0.5243,0.5243,0.5243,0.5243
logistic_motion_logistic_anomaly,condition_first_use,fresh_to_first_window,accept,accepted,window_hmac_generation,1,0.0191,0.0191,0.0191,0.0191
logistic_motion_logistic_anomaly,condition_first_use,fresh_to_first_window,accept,accepted,window_hmac_verification_calculation,1,0.0182,0.0182,0.0182,0.0182
logistic_motion_logistic_anomaly,condition_first_use,malformed_json_receiver,reject,malformed_message,envelope_and_binary_parser,1,0.029,0.029,0.029,0.029
logistic_motion_logistic_anomaly,condition_first_use,malformed_json_receiver,reject,malformed_message,verifier_audit_commit,1,0.0012,0.0012,0.0012,0.0012
logistic_motion_logistic_anomaly,condition_first_use,malformed_json_receiver,reject,malformed_message,verifier_audit_prepare,1,0.0033,0.0033,0.0033,0.0033
logistic_motion_logistic_anomaly,condition_first_use,malformed_json_receiver,reject,malformed_message,verifier_audit_record,1,0.0303,0.0303,0.0303,0.0303
logistic_motion_logistic_anomaly,condition_first_use,malformed_json_receiver,reject,malformed_message,verifier_authentication_total,1,0.0986,0.0986,0.0986,0.0986
logistic_motion_logistic_anomaly,condition_first_use,post_window_after_refusals,accept,accepted,accepted_release_and_consumers,1,4.2465,4.2465,4.2465,4.2465
logistic_motion_logistic_anomaly,condition_first_use,post_window_after_refusals,accept,accepted,anomaly_consumer_including_threshold,1,0.3119,0.3119,0.3119,0.3119
logistic_motion_logistic_anomaly,condition_first_use,post_window_after_refusals,accept,accepted,binary32_adapter,1,0.9541,0.9541,0.9541,0.9541
logistic_motion_logistic_anomaly,condition_first_use,post_window_after_refusals,accept,accepted,envelope_and_binary_parser,1,1.2604,1.2604,1.2604,1.2604
logistic_motion_logistic_anomaly,condition_first_use,post_window_after_refusals,accept,accepted,motion_consumer_including_normalization,1,0.4254,0.4254,0.4254,0.4254
logistic_motion_logistic_anomaly,condition_first_use,post_window_after_refusals,accept,accepted,prepare_both_model_inputs,1,3.0567,3.0567,3.0567,3.0567
logistic_motion_logistic_anomaly,condition_first_use,post_window_after_refusals,accept,accepted,sender_audit_commit,1,0.0011,0.0011,0.0011,0.0011
logistic_motion_logistic_anomaly,condition_first_use,post_window_after_refusals,accept,accepted,sender_audit_prepare,1,0.0033,0.0033,0.0033,0.0033
logistic_motion_logistic_anomaly,condition_first_use,post_window_after_refusals,accept,accepted,sender_audit_record,1,0.0331,0.0331,0.0331,0.0331
logistic_motion_logistic_anomaly,condition_first_use,post_window_after_refusals,accept,accepted,sender_seal_total,1,1.1383,1.1383,1.1383,1.1383
logistic_motion_logistic_anomaly,condition_first_use,post_window_after_refusals,accept,accepted,serialization_including_quality,1,0.9892,0.9892,0.9892,0.9892
logistic_motion_logistic_anomaly,condition_first_use,post_window_after_refusals,accept,accepted,verifier_audit_commit,1,0.0014,0.0014,0.0014,0.0014
logistic_motion_logistic_anomaly,condition_first_use,post_window_after_refusals,accept,accepted,verifier_audit_prepare,1,0.0032,0.0032,0.0032,0.0032
logistic_motion_logistic_anomaly,condition_first_use,post_window_after_refusals,accept,accepted,verifier_audit_record,1,0.0198,0.0198,0.0198,0.0198
logistic_motion_logistic_anomaly,condition_first_use,post_window_after_refusals,accept,accepted,verifier_authentication_total,1,1.8854,1.8854,1.8854,1.8854
logistic_motion_logistic_anomaly,condition_first_use,post_window_after_refusals,accept,accepted,verifier_quality_check,1,0.5276,0.5276,0.5276,0.5276
logistic_motion_logistic_anomaly,condition_first_use,post_window_after_refusals,accept,accepted,window_hmac_generation,1,0.0162,0.0162,0.0162,0.0162
logistic_motion_logistic_anomaly,condition_first_use,post_window_after_refusals,accept,accepted,window_hmac_verification_calculation,1,0.0135,0.0135,0.0135,0.0135
logistic_motion_logistic_anomaly,condition_first_use,post_window_recurring,accept,accepted,accepted_release_and_consumers,1,4.3933,4.3933,4.3933,4.3933
logistic_motion_logistic_anomaly,condition_first_use,post_window_recurring,accept,accepted,anomaly_consumer_including_threshold,1,0.3869,0.3869,0.3869,0.3869
logistic_motion_logistic_anomaly,condition_first_use,post_window_recurring,accept,accepted,binary32_adapter,1,0.9798,0.9798,0.9798,0.9798
logistic_motion_logistic_anomaly,condition_first_use,post_window_recurring,accept,accepted,envelope_and_binary_parser,1,1.4748,1.4748,1.4748,1.4748
logistic_motion_logistic_anomaly,condition_first_use,post_window_recurring,accept,accepted,motion_consumer_including_normalization,1,0.4776,0.4776,0.4776,0.4776
logistic_motion_logistic_anomaly,condition_first_use,post_window_recurring,accept,accepted,prepare_both_model_inputs,1,3.0572,3.0572,3.0572,3.0572
logistic_motion_logistic_anomaly,condition_first_use,post_window_recurring,accept,accepted,sender_audit_commit,1,0.0011,0.0011,0.0011,0.0011
logistic_motion_logistic_anomaly,condition_first_use,post_window_recurring,accept,accepted,sender_audit_prepare,1,0.0032,0.0032,0.0032,0.0032
logistic_motion_logistic_anomaly,condition_first_use,post_window_recurring,accept,accepted,sender_audit_record,1,0.0373,0.0373,0.0373,0.0373
logistic_motion_logistic_anomaly,condition_first_use,post_window_recurring,accept,accepted,sender_seal_total,1,1.1208,1.1208,1.1208,1.1208
logistic_motion_logistic_anomaly,condition_first_use,post_window_recurring,accept,accepted,serialization_including_quality,1,0.9483,0.9483,0.9483,0.9483
logistic_motion_logistic_anomaly,condition_first_use,post_window_recurring,accept,accepted,verifier_audit_commit,1,0.0013,0.0013,0.0013,0.0013
logistic_motion_logistic_anomaly,condition_first_use,post_window_recurring,accept,accepted,verifier_audit_prepare,1,0.0043,0.0043,0.0043,0.0043
logistic_motion_logistic_anomaly,condition_first_use,post_window_recurring,accept,accepted,verifier_audit_record,1,0.0209,0.0209,0.0209,0.0209
logistic_motion_logistic_anomaly,condition_first_use,post_window_recurring,accept,accepted,verifier_authentication_total,1,2.2257,2.2257,2.2257,2.2257
logistic_motion_logistic_anomaly,condition_first_use,post_window_recurring,accept,accepted,verifier_quality_check,1,0.5982,0.5982,0.5982,0.5982
logistic_motion_logistic_anomaly,condition_first_use,post_window_recurring,accept,accepted,window_hmac_generation,1,0.0165,0.0165,0.0165,0.0165
logistic_motion_logistic_anomaly,condition_first_use,post_window_recurring,accept,accepted,window_hmac_verification_calculation,1,0.0174,0.0174,0.0174,0.0174
logistic_motion_logistic_anomaly,condition_first_use,pre_tag_quality_refusal,reject,data_quality_failure,binary32_adapter,1,0.9553,0.9553,0.9553,0.9553
logistic_motion_logistic_anomaly,condition_first_use,pre_tag_quality_refusal,reject,data_quality_failure,sender_audit_commit,1,0.0011,0.0011,0.0011,0.0011
logistic_motion_logistic_anomaly,condition_first_use,pre_tag_quality_refusal,reject,data_quality_failure,sender_audit_prepare,1,0.0035,0.0035,0.0035,0.0035
logistic_motion_logistic_anomaly,condition_first_use,pre_tag_quality_refusal,reject,data_quality_failure,sender_audit_record,1,0.0335,0.0335,0.0335,0.0335
logistic_motion_logistic_anomaly,condition_first_use,pre_tag_quality_refusal,reject,data_quality_failure,sender_seal_total,1,0.5247,0.5247,0.5247,0.5247
logistic_motion_logistic_anomaly,condition_first_use,pre_tag_quality_refusal,reject,data_quality_failure,serialization_including_quality,1,0.4268,0.4268,0.4268,0.4268
logistic_motion_logistic_anomaly,condition_first_use,valid_receiver_after_bad_tag,accept,accepted,accepted_release_and_consumers,1,4.5372,4.5372,4.5372,4.5372
logistic_motion_logistic_anomaly,condition_first_use,valid_receiver_after_bad_tag,accept,accepted,anomaly_consumer_including_threshold,1,0.3167,0.3167,0.3167,0.3167
logistic_motion_logistic_anomaly,condition_first_use,valid_receiver_after_bad_tag,accept,accepted,envelope_and_binary_parser,1,1.2686,1.2686,1.2686,1.2686
logistic_motion_logistic_anomaly,condition_first_use,valid_receiver_after_bad_tag,accept,accepted,motion_consumer_including_normalization,1,0.4152,0.4152,0.4152,0.4152
logistic_motion_logistic_anomaly,condition_first_use,valid_receiver_after_bad_tag,accept,accepted,prepare_both_model_inputs,1,3.2581,3.2581,3.2581,3.2581
logistic_motion_logistic_anomaly,condition_first_use,valid_receiver_after_bad_tag,accept,accepted,verifier_audit_commit,1,0.0013,0.0013,0.0013,0.0013
logistic_motion_logistic_anomaly,condition_first_use,valid_receiver_after_bad_tag,accept,accepted,verifier_audit_prepare,1,0.0042,0.0042,0.0042,0.0042
logistic_motion_logistic_anomaly,condition_first_use,valid_receiver_after_bad_tag,accept,accepted,verifier_audit_record,1,0.0304,0.0304,0.0304,0.0304
logistic_motion_logistic_anomaly,condition_first_use,valid_receiver_after_bad_tag,accept,accepted,verifier_authentication_total,1,1.975,1.975,1.975,1.975
logistic_motion_logistic_anomaly,condition_first_use,valid_receiver_after_bad_tag,accept,accepted,verifier_quality_check,1,0.5729,0.5729,0.5729,0.5729
logistic_motion_logistic_anomaly,condition_first_use,valid_receiver_after_bad_tag,accept,accepted,window_hmac_verification_calculation,1,0.0181,0.0181,0.0181,0.0181
logistic_motion_logistic_anomaly,measured,bad_tag_receiver,reject,invalid_tag,envelope_and_binary_parser,120,1.6936,2.10592,2.20226,2.2376
logistic_motion_logistic_anomaly,measured,bad_tag_receiver,reject,invalid_tag,verifier_audit_commit,120,0.0016,0.002005,0.002281,0.0024
logistic_motion_logistic_anomaly,measured,bad_tag_receiver,reject,invalid_tag,verifier_audit_prepare,120,0.0047,0.0060149999999999995,0.008058000000000004,0.0145
logistic_motion_logistic_anomaly,measured,bad_tag_receiver,reject,invalid_tag,verifier_audit_record,120,0.0326,0.0432,0.060047000000000024,0.0639
logistic_motion_logistic_anomaly,measured,bad_tag_receiver,reject,invalid_tag,verifier_authentication_total,120,1.8544,2.2994,2.420975,2.4687
logistic_motion_logistic_anomaly,measured,bad_tag_receiver,reject,invalid_tag,window_hmac_verification_calculation,120,0.0189,0.02664499999999999,0.031563,0.034
logistic_motion_logistic_anomaly,measured,exact_replay_receiver,reject,duplicate_sequence,envelope_and_binary_parser,120,1.9025,2.380705,2.538264,3.3377
logistic_motion_logistic_anomaly,measured,exact_replay_receiver,reject,duplicate_sequence,verifier_audit_commit,120,0.0018,0.0023,0.002681,0.0077
logistic_motion_logistic_anomaly,measured,exact_replay_receiver,reject,duplicate_sequence,verifier_audit_prepare,120,0.00535,0.0069,0.007743000000000001,0.0079
logistic_motion_logistic_anomaly,measured,exact_replay_receiver,reject,duplicate_sequence,verifier_audit_record,120,0.049,0.06645,0.08503700000000004,0.1749
logistic_motion_logistic_anomaly,measured,exact_replay_receiver,reject,duplicate_sequence,verifier_authentication_total,120,2.83905,3.5585,3.8167480000000005,4.3658
logistic_motion_logistic_anomaly,measured,exact_replay_receiver,reject,duplicate_sequence,verifier_quality_check,120,0.7282,0.914855,1.0027180000000002,1.0651
logistic_motion_logistic_anomaly,measured,exact_replay_receiver,reject,duplicate_sequence,window_hmac_verification_calculation,120,0.02285,0.03093,0.034496,0.0654
logistic_motion_logistic_anomaly,measured,fresh_to_first_window,accept,accepted,accepted_release_and_consumers,120,5.7353,7.264044999999999,8.698318000000002,9.2956
logistic_motion_logistic_anomaly,measured,fresh_to_first_window,accept,accepted,admission_total,120,4.8667,6.490395,6.947938,7.2328
logistic_motion_logistic_anomaly,measured,fresh_to_first_window,accept,accepted,anomaly_consumer_including_threshold,120,0.44825,0.57284,0.633763,0.8711
logistic_motion_logistic_anomaly,measured,fresh_to_first_window,accept,accepted,binary32_adapter,120,1.3525,1.780635,1.871113,2.0209
logistic_motion_logistic_anomaly,measured,fresh_to_first_window,accept,accepted,envelope_and_binary_parser,120,1.9666,4.759499999999999,5.9924360000000005,322.272
logistic_motion_logistic_anomaly,measured,fresh_to_first_window,accept,accepted,first_post_window_total,120,11.8562,16.90312,18.843985000000004,330.5428
logistic_motion_logistic_anomaly,measured,fresh_to_first_window,accept,accepted,independent_credential_verification,120,0.0593,0.083415,0.128816,0.2353
logistic_motion_logistic_anomaly,measured,fresh_to_first_window,accept,accepted,local_authorization_including_verification,120,0.08365,0.118815,0.18426200000000006,0.2626
logistic_motion_logistic_anomaly,measured,fresh_to_first_window,accept,accepted,local_challenge_binding,120,0.0108,0.015299999999999994,0.024306000000000008,0.1684
logistic_motion_logistic_anomaly,measured,fresh_to_first_window,accept,accepted,local_request_binding,120,0.0136,0.017504999999999993,0.045623000000000066,0.0559
logistic_motion_logistic_anomaly,measured,fresh_to_first_window,accept,accepted,motion_consumer_including_normalization,120,0.62365,0.833985,0.9068430000000001,1.0379
logistic_motion_logistic_anomaly,measured,fresh_to_first_window,accept,accepted,prepare_both_model_inputs,120,4.06265,5.036499999999999,6.441963000000001,6.5511
logistic_motion_logistic_anomaly,measured,fresh_to_first_window,accept,accepted,receiver_challenge,120,0.1669,0.26091499999999995,0.41771800000000026,0.6211
logistic_motion_logistic_anomaly,measured,fresh_to_first_window,accept,accepted,receiver_confirmation,120,0.1397,0.207035,0.25763300000000006,0.3021
logistic_motion_logistic_anomaly,measured,fresh_to_first_window,accept,accepted,receiver_local_admission,120,0.0137,0.023349999999999996,0.08871000000000016,0.1208
logistic_motion_logistic_anomaly,measured,fresh_to_first_window,accept,accepted,reconstruction,120,3.6601,5.439515,5.885377,5.9824
logistic_motion_logistic_anomaly,measured,fresh_to_first_window,accept,accepted,response_generation_simulator,120,0.24335,0.3036,0.314315,0.3197
logistic_motion_logistic_anomaly,measured,fresh_to_first_window,accept,accepted,sender_activation,120,0.1052,0.140715,0.179277,0.2279
logistic_motion_logistic_anomaly,measured,fresh_to_first_window,accept,accepted,sender_admission_and_request,120,0.27975,0.47389,0.8398140000000007,0.9376
logistic_motion_logistic_anomaly,measured,fresh_to_first_window,accept,accepted,sender_audit_commit,120,0.00445,0.006084999999999996,0.0095,0.0195
logistic_motion_logistic_anomaly,measured,fresh_to_first_window,accept,accepted,sender_audit_prepare,120,0.013,0.019225,0.023220000000000005,0.0392
logistic_motion_logistic_anomaly,measured,fresh_to_first_window,accept,accepted,sender_audit_record,120,0.1331,0.18127999999999997,0.4072220000000002,0.6269
logistic_motion_logistic_anomaly,measured,fresh_to_first_window,accept,accepted,sender_confirmation,120,0.102,0.15159,0.169343,0.181
logistic_motion_logistic_anomaly,measured,fresh_to_first_window,accept,accepted,sender_local_admission_claim,120,0.0155,0.023839999999999997,0.028415000000000003,0.0299
logistic_motion_logistic_anomaly,measured,fresh_to_first_window,accept,accepted,sender_seal_total,120,1.54155,1.98568,2.380477000000001,2.577
logistic_motion_logistic_anomaly,measured,fresh_to_first_window,accept,accepted,serialization_including_quality,120,1.32585,1.70601,2.0734030000000008,2.1734
logistic_motion_logistic_anomaly,measured,fresh_to_first_window,accept,accepted,verifier_audit_commit,120,0.0031,0.004109999999999999,0.006181,0.0071
logistic_motion_logistic_anomaly,measured,fresh_to_first_window,accept,accepted,verifier_audit_prepare,120,0.0094,0.013415,0.015581,0.0226
logistic_motion_logistic_anomaly,measured,fresh_to_first_window,accept,accepted,verifier_audit_record,120,0.06925,0.10324999999999997,0.129533,0.1429
logistic_motion_logistic_anomaly,measured,fresh_to_first_window,accept,accepted,verifier_authentication_total,120,2.8532,5.809179999999999,7.1056170000000005,323.0015
logistic_motion_logistic_anomaly,measured,fresh_to_first_window,accept,accepted,verifier_quality_check,120,0.72785,0.9337899999999999,1.002136,1.0733
logistic_motion_logistic_anomaly,measured,fresh_to_first_window,accept,accepted,window_hmac_generation,120,0.01915,0.02911499999999999,0.041422000000000014,0.0437
logistic_motion_logistic_anomaly,measured,fresh_to_first_window,accept,accepted,window_hmac_verification_calculation,120,0.02115,0.03171,0.033924,0.0428
logistic_motion_logistic_anomaly,measured,malformed_json_receiver,reject,malformed_message,envelope_and_binary_parser,120,0.0347,0.047825,0.051667,0.0519
logistic_motion_logistic_anomaly,measured,malformed_json_receiver,reject,malformed_message,verifier_audit_commit,120,0.0016,0.0021,0.0025620000000000005,0.0027
logistic_motion_logistic_anomaly,measured,malformed_json_receiver,reject,malformed_message,verifier_audit_prepare,120,0.0043,0.005805,0.012737000000000017,0.0188
logistic_motion_logistic_anomaly,measured,malformed_json_receiver,reject,malformed_message,verifier_audit_record,120,0.045,0.05963,0.06751,0.0774
logistic_motion_logistic_anomaly,measured,malformed_json_receiver,reject,malformed_message,verifier_authentication_total,120,0.13265,0.174315,0.181705,0.1981
logistic_motion_logistic_anomaly,measured,post_window_after_refusals,accept,accepted,accepted_release_and_consumers,120,5.76265,7.223545,7.50929,7.7679
logistic_motion_logistic_anomaly,measured,post_window_after_refusals,accept,accepted,anomaly_consumer_including_threshold,120,0.4449,0.55313,0.58704,0.6782
logistic_motion_logistic_anomaly,measured,post_window_after_refusals,accept,accepted,binary32_adapter,120,1.31395,1.62979,1.674764,1.7411
logistic_motion_logistic_anomaly,measured,post_window_after_refusals,accept,accepted,envelope_and_binary_parser,120,1.85055,4.024985,4.404935,4.5375
logistic_motion_logistic_anomaly,measured,post_window_after_refusals,accept,accepted,motion_consumer_including_normalization,120,0.62545,0.82911,0.866603,0.8861
logistic_motion_logistic_anomaly,measured,post_window_after_refusals,accept,accepted,prepare_both_model_inputs,120,4.1066,5.11092,5.328485,5.7152
logistic_motion_logistic_anomaly,measured,post_window_after_refusals,accept,accepted,sender_audit_commit,120,0.0016,0.002,0.0023,0.0024
logistic_motion_logistic_anomaly,measured,post_window_after_refusals,accept,accepted,sender_audit_prepare,120,0.0044,0.006009999999999999,0.0066,0.0082
logistic_motion_logistic_anomaly,measured,post_window_after_refusals,accept,accepted,sender_audit_record,120,0.046,0.06395,0.074277,0.0788
logistic_motion_logistic_anomaly,measured,post_window_after_refusals,accept,accepted,sender_seal_total,120,1.5014,1.90127,1.983887,2.1298
logistic_motion_logistic_anomaly,measured,post_window_after_refusals,accept,accepted,serialization_including_quality,120,1.29515,1.616355,1.701177,1.8467
logistic_motion_logistic_anomaly,measured,post_window_after_refusals,accept,accepted,verifier_audit_commit,120,0.0018,0.0022049999999999995,0.002743000000000001,0.0033
logistic_motion_logistic_anomaly,measured,post_window_after_refusals,accept,accepted,verifier_audit_prepare,120,0.005,0.007109999999999999,0.009077000000000003,0.0139
logistic_motion_logistic_anomaly,measured,post_window_after_refusals,accept,accepted,verifier_audit_record,120,0.0284,0.03667499999999999,0.051574000000000036,0.0614
logistic_motion_logistic_anomaly,measured,post_window_after_refusals,accept,accepted,verifier_authentication_total,120,2.72355,4.8916,5.351868,5.4382
logistic_motion_logistic_anomaly,measured,post_window_after_refusals,accept,accepted,verifier_quality_check,120,0.718,0.8783,0.919258,0.965
logistic_motion_logistic_anomaly,measured,post_window_after_refusals,accept,accepted,window_hmac_generation,120,0.0247,0.03484,0.039105,0.0431
logistic_motion_logistic_anomaly,measured,post_window_after_refusals,accept,accepted,window_hmac_verification_calculation,120,0.0203,0.02752,0.028724,0.0302
logistic_motion_logistic_anomaly,measured,post_window_recurring,accept,accepted,accepted_release_and_consumers,120,5.7347,7.135935,7.610022,7.6723
logistic_motion_logistic_anomaly,measured,post_window_recurring,accept,accepted,anomaly_consumer_including_threshold,120,0.4409,0.584215,0.7765130000000001,0.8619
logistic_motion_logistic_anomaly,measured,post_window_recurring,accept,accepted,binary32_adapter,120,1.31595,1.692115,1.7949130000000002,1.8708
logistic_motion_logistic_anomaly,measured,post_window_recurring,accept,accepted,envelope_and_binary_parser,120,1.86105,2.390625,2.5895870000000003,3.5667
logistic_motion_logistic_anomaly,measured,post_window_recurring,accept,accepted,motion_consumer_including_normalization,120,0.60525,0.80382,0.885573,0.9732
logistic_motion_logistic_anomaly,measured,post_window_recurring,accept,accepted,prepare_both_model_inputs,120,4.08035,5.12505,5.345326,5.3767
logistic_motion_logistic_anomaly,measured,post_window_recurring,accept,accepted,sender_audit_commit,120,0.0015,0.0021,0.0029100000000000024,0.0551
logistic_motion_logistic_anomaly,measured,post_window_recurring,accept,accepted,sender_audit_prepare,120,0.0047,0.006005,0.006443000000000001,0.0079
logistic_motion_logistic_anomaly,measured,post_window_recurring,accept,accepted,sender_audit_record,120,0.0582,0.07996499999999998,0.09262600000000001,0.1208
logistic_motion_logistic_anomaly,measured,post_window_recurring,accept,accepted,sender_seal_total,120,1.56,1.97427,2.028886,2.2164
logistic_motion_logistic_anomaly,measured,post_window_recurring,accept,accepted,serialization_including_quality,120,1.3239,1.68072,1.72826,1.854
logistic_motion_logistic_anomaly,measured,post_window_recurring,accept,accepted,verifier_audit_commit,120,0.0016,0.0022,0.0023,0.0023
logistic_motion_logistic_anomaly,measured,post_window_recurring,accept,accepted,verifier_audit_prepare,120,0.0051,0.007,0.008343,0.0117
logistic_motion_logistic_anomaly,measured,post_window_recurring,accept,accepted,verifier_audit_record,120,0.02965,0.037805,0.04500400000000002,0.0514
logistic_motion_logistic_anomaly,measured,post_window_recurring,accept,accepted,verifier_authentication_total,120,2.72825,3.496085,3.8131950000000003,4.7606
logistic_motion_logistic_anomaly,measured,post_window_recurring,accept,accepted,verifier_quality_check,120,0.72485,0.92925,0.953625,0.989
logistic_motion_logistic_anomaly,measured,post_window_recurring,accept,accepted,window_hmac_generation,120,0.02295,0.033045,0.035824,0.0379
logistic_motion_logistic_anomaly,measured,post_window_recurring,accept,accepted,window_hmac_verification_calculation,120,0.0203,0.026649999999999997,0.05143000000000005,0.0567
logistic_motion_logistic_anomaly,measured,pre_tag_quality_refusal,reject,data_quality_failure,binary32_adapter,120,1.31785,1.649735,1.7233600000000002,1.7739
logistic_motion_logistic_anomaly,measured,pre_tag_quality_refusal,reject,data_quality_failure,sender_audit_commit,120,0.00165,0.0021,0.002381,0.0045
logistic_motion_logistic_anomaly,measured,pre_tag_quality_refusal,reject,data_quality_failure,sender_audit_prepare,120,0.0046,0.0057,0.005881,0.0061
logistic_motion_logistic_anomaly,measured,pre_tag_quality_refusal,reject,data_quality_failure,sender_audit_record,120,0.04925,0.06338999999999999,0.067824,0.0709
logistic_motion_logistic_anomaly,measured,pre_tag_quality_refusal,reject,data_quality_failure,sender_seal_total,120,0.7227,0.907315,0.931716,0.948
logistic_motion_logistic_anomaly,measured,pre_tag_quality_refusal,reject,data_quality_failure,serialization_including_quality,120,0.58765,0.737745,0.767054,0.7718
logistic_motion_logistic_anomaly,measured,valid_receiver_after_bad_tag,accept,accepted,accepted_release_and_consumers,120,5.757,7.056955,7.535373,7.6859
logistic_motion_logistic_anomaly,measured,valid_receiver_after_bad_tag,accept,accepted,anomaly_consumer_including_threshold,120,0.4494,0.58066,0.610535,0.6349
logistic_motion_logistic_anomaly,measured,valid_receiver_after_bad_tag,accept,accepted,envelope_and_binary_parser,120,1.6914,2.11307,2.276544,3.2174
logistic_motion_logistic_anomaly,measured,valid_receiver_after_bad_tag,accept,accepted,motion_consumer_including_normalization,120,0.6185,0.84139,0.880016,0.9429
logistic_motion_logistic_anomaly,measured,valid_receiver_after_bad_tag,accept,accepted,prepare_both_model_inputs,120,4.09245,5.00214,5.273603,5.3658
logistic_motion_logistic_anomaly,measured,valid_receiver_after_bad_tag,accept,accepted,verifier_audit_commit,120,0.0016,0.0021,0.002281,0.0024
logistic_motion_logistic_anomaly,measured,valid_receiver_after_bad_tag,accept,accepted,verifier_audit_prepare,120,0.005,0.007114999999999999,0.007843000000000001,0.0173
logistic_motion_logistic_anomaly,measured,valid_receiver_after_bad_tag,accept,accepted,verifier_audit_record,120,0.0406,0.0558,0.06193600000000001,0.1774
logistic_motion_logistic_anomaly,measured,valid_receiver_after_bad_tag,accept,accepted,verifier_authentication_total,120,2.57905,3.198395,3.309962,4.5755
logistic_motion_logistic_anomaly,measured,valid_receiver_after_bad_tag,accept,accepted,verifier_quality_check,120,0.7218,0.889195,0.945274,0.9724
logistic_motion_logistic_anomaly,measured,valid_receiver_after_bad_tag,accept,accepted,window_hmac_verification_calculation,120,0.019,0.02691,0.032573000000000005,0.0691
logistic_motion_logistic_anomaly,sustained,post_window_recurring,accept,accepted,accepted_release_and_consumers,64,4.1591,5.5907149999999985,6.149412999999997,6.7636
logistic_motion_logistic_anomaly,sustained,post_window_recurring,accept,accepted,anomaly_consumer_including_threshold,64,0.34055,0.4889149999999996,0.7270799999999996,0.8178
logistic_motion_logistic_anomaly,sustained,post_window_recurring,accept,accepted,binary32_adapter,64,0.89795,1.3527299999999993,1.599858,1.602
logistic_motion_logistic_anomaly,sustained,post_window_recurring,accept,accepted,envelope_and_binary_parser,64,1.3295,2.1543799999999997,2.9667759999999954,4.1479
logistic_motion_logistic_anomaly,sustained,post_window_recurring,accept,accepted,motion_consumer_including_normalization,64,0.47455,0.5650249999999999,0.7505109999999998,0.8137
logistic_motion_logistic_anomaly,sustained,post_window_recurring,accept,accepted,prepare_both_model_inputs,64,2.9176,3.73208,4.336992999999998,4.8025
logistic_motion_logistic_anomaly,sustained,post_window_recurring,accept,accepted,sender_audit_commit,64,0.0014,0.0017,0.0020109999999999993,0.0022
logistic_motion_logistic_anomaly,sustained,post_window_recurring,accept,accepted,sender_audit_prepare,64,0.0042,0.005284999999999999,0.006037,0.0061
logistic_motion_logistic_anomaly,sustained,post_window_recurring,accept,accepted,sender_audit_record,64,0.0509,0.064745,0.07116499999999999,0.074
logistic_motion_logistic_anomaly,sustained,post_window_recurring,accept,accepted,sender_seal_total,64,1.10215,1.4586149999999996,1.949646,1.9596
logistic_motion_logistic_anomaly,sustained,post_window_recurring,accept,accepted,serialization_including_quality,64,0.89385,1.2105349999999995,1.661037,1.6611
logistic_motion_logistic_anomaly,sustained,post_window_recurring,accept,accepted,verifier_audit_commit,64,0.0015,0.0021,0.0055529999999999816,0.0099
logistic_motion_logistic_anomaly,sustained,post_window_recurring,accept,accepted,verifier_audit_prepare,64,0.0046,0.007139999999999998,0.007911,0.0081
logistic_motion_logistic_anomaly,sustained,post_window_recurring,accept,accepted,verifier_audit_record,64,0.02385,0.031509999999999996,0.03700599999999999,0.0394
logistic_motion_logistic_anomaly,sustained,post_window_recurring,accept,accepted,verifier_authentication_total,64,1.9633,2.9900549999999995,4.0123139999999955,5.2296
logistic_motion_logistic_anomaly,sustained,post_window_recurring,accept,accepted,verifier_quality_check,64,0.50305,0.8593249999999993,0.916272,0.9198
logistic_motion_logistic_anomaly,sustained,post_window_recurring,accept,accepted,window_hmac_generation,64,0.02075,0.028874999999999994,0.03479799999999999,0.0382
logistic_motion_logistic_anomaly,sustained,post_window_recurring,accept,accepted,window_hmac_verification_calculation,64,0.01705,0.024785,0.03319899999999999,0.0349
logistic_motion_logistic_anomaly,warmup,bad_tag_receiver,reject,invalid_tag,envelope_and_binary_parser,29,1.5254,1.8344,2.0392799999999998,2.1139
logistic_motion_logistic_anomaly,warmup,bad_tag_receiver,reject,invalid_tag,verifier_audit_commit,29,0.0014,0.0017,0.0019879999999999997,0.0021
logistic_motion_logistic_anomaly,warmup,bad_tag_receiver,reject,invalid_tag,verifier_audit_prepare,29,0.0043,0.00602,0.006891999999999999,0.0072
logistic_motion_logistic_anomaly,warmup,bad_tag_receiver,reject,invalid_tag,verifier_audit_record,29,0.0293,0.037959999999999994,0.040512,0.0411
logistic_motion_logistic_anomaly,warmup,bad_tag_receiver,reject,invalid_tag,verifier_authentication_total,29,1.6785,1.99934,2.1993319999999996,2.2744
logistic_motion_logistic_anomaly,warmup,bad_tag_receiver,reject,invalid_tag,window_hmac_verification_calculation,29,0.0171,0.028959999999999993,0.030904,0.0311
logistic_motion_logistic_anomaly,warmup,exact_replay_receiver,reject,duplicate_sequence,envelope_and_binary_parser,29,1.7007,2.03794,2.173788,2.2166
logistic_motion_logistic_anomaly,warmup,exact_replay_receiver,reject,duplicate_sequence,verifier_audit_commit,29,0.0015,0.0019,0.004707999999999995,0.0058
logistic_motion_logistic_anomaly,warmup,exact_replay_receiver,reject,duplicate_sequence,verifier_audit_prepare,29,0.0045,0.005579999999999999,0.007355999999999997,0.008
logistic_motion_logistic_anomaly,warmup,exact_replay_receiver,reject,duplicate_sequence,verifier_audit_record,29,0.0401,0.05408,0.06591999999999998,0.0704
logistic_motion_logistic_anomaly,warmup,exact_replay_receiver,reject,duplicate_sequence,verifier_authentication_total,29,2.5337,2.98586,3.2081959999999996,3.2794
logistic_motion_logistic_anomaly,warmup,exact_replay_receiver,reject,duplicate_sequence,verifier_quality_check,29,0.6448,0.7332399999999999,0.760512,0.7646
logistic_motion_logistic_anomaly,warmup,exact_replay_receiver,reject,duplicate_sequence,window_hmac_verification_calculation,29,0.0198,0.028219999999999988,0.03503599999999999,0.0368
logistic_motion_logistic_anomaly,warmup,fresh_to_first_window,accept,accepted,accepted_release_and_consumers,29,5.1453,6.512559999999999,6.891592,6.9514
logistic_motion_logistic_anomaly,warmup,fresh_to_first_window,accept,accepted,admission_total,29,6.2984,7.6621999999999995,10.065055999999997,10.9197
logistic_motion_logistic_anomaly,warmup,fresh_to_first_window,accept,accepted,anomaly_consumer_including_threshold,29,0.4062,0.46875999999999995,0.5367759999999999,0.5608
logistic_motion_logistic_anomaly,warmup,fresh_to_first_window,accept,accepted,binary32_adapter,29,1.2327,1.4611,1.5630279999999999,1.6022
logistic_motion_logistic_anomaly,warmup,fresh_to_first_window,accept,accepted,envelope_and_binary_parser,29,1.6827,2.0597,2.138476,2.1674
logistic_motion_logistic_anomaly,warmup,fresh_to_first_window,accept,accepted,first_post_window_total,29,10.2097,12.521339999999999,13.29174,13.5135
logistic_motion_logistic_anomaly,warmup,fresh_to_first_window,accept,accepted,independent_credential_verification,29,0.0508,0.07022,0.07691599999999998,0.0791
logistic_motion_logistic_anomaly,warmup,fresh_to_first_window,accept,accepted,local_authorization_including_verification,29,0.0702,0.09859999999999998,0.13715199999999994,0.1509
logistic_motion_logistic_anomaly,warmup,fresh_to_first_window,accept,accepted,local_challenge_binding,29,0.0091,0.01022,0.10339599999999985,0.1396
logistic_motion_logistic_anomaly,warmup,fresh_to_first_window,accept,accepted,local_request_binding,29,0.0116,0.01338,0.03329999999999997,0.041
logistic_motion_logistic_anomaly,warmup,fresh_to_first_window,accept,accepted,motion_consumer_including_normalization,29,0.5226,0.66902,0.7180759999999999,0.7337
logistic_motion_logistic_anomaly,warmup,fresh_to_first_window,accept,accepted,prepare_both_model_inputs,29,3.7478,4.797199999999999,5.078616,5.1165
logistic_motion_logistic_anomaly,warmup,fresh_to_first_window,accept,accepted,receiver_challenge,29,0.1421,0.2434799999999997,0.301344,0.3028
logistic_motion_logistic_anomaly,warmup,fresh_to_first_window,accept,accepted,receiver_confirmation,29,0.1229,0.1416,0.143256,0.1439
logistic_motion_logistic_anomaly,warmup,fresh_to_first_window,accept,accepted,receiver_local_admission,29,0.0115,0.01296,0.013216,0.0133
logistic_motion_logistic_anomaly,warmup,fresh_to_first_window,accept,accepted,reconstruction,29,5.3428,6.632259999999999,8.949995999999997,9.7779
logistic_motion_logistic_anomaly,warmup,fresh_to_first_window,accept,accepted,response_generation_simulator,29,0.2147,0.25418,0.270804,0.2766
logistic_motion_logistic_anomaly,warmup,fresh_to_first_window,accept,accepted,sender_activation,29,0.0899,0.11761999999999996,0.14852399999999996,0.1574
logistic_motion_logistic_anomaly,warmup,fresh_to_first_window,accept,accepted,sender_admission_and_request,29,0.2472,0.31137999999999993,0.329204,0.3315
logistic_motion_logistic_anomaly,warmup,fresh_to_first_window,accept,accepted,sender_audit_commit,29,0.0039,0.00456,0.004672,0.0047
logistic_motion_logistic_anomaly,warmup,fresh_to_first_window,accept,accepted,sender_audit_prepare,29,0.0112,0.012719999999999999,0.018615999999999994,0.0208
logistic_motion_logistic_anomaly,warmup,fresh_to_first_window,accept,accepted,sender_audit_record,29,0.1154,0.13316,0.14736799999999997,0.1521
logistic_motion_logistic_anomaly,warmup,fresh_to_first_window,accept,accepted,sender_confirmation,29,0.0901,0.10817999999999998,0.14425999999999994,0.1577
logistic_motion_logistic_anomaly,warmup,fresh_to_first_window,accept,accepted,sender_local_admission_claim,29,0.0136,0.017619999999999997,0.05661999999999994,0.0716
logistic_motion_logistic_anomaly,warmup,fresh_to_first_window,accept,accepted,sender_seal_total,29,1.3303,1.6806799999999997,1.718008,1.7212
logistic_motion_logistic_anomaly,warmup,fresh_to_first_window,accept,accepted,serialization_including_quality,29,1.1371,1.44146,1.471508,1.481
logistic_motion_logistic_anomaly,warmup,fresh_to_first_window,accept,accepted,verifier_audit_commit,29,0.0027,0.0030799999999999994,0.003991999999999999,0.0043
logistic_motion_logistic_anomaly,warmup,fresh_to_first_window,accept,accepted,verifier_audit_prepare,29,0.0077,0.00892,0.009719999999999998,0.01
logistic_motion_logistic_anomaly,warmup,fresh_to_first_window,accept,accepted,verifier_audit_record,29,0.0602,0.06962,0.074388,0.0759
logistic_motion_logistic_anomaly,warmup,fresh_to_first_window,accept,accepted,verifier_authentication_total,29,2.4372,2.9044799999999995,3.092528,3.1464
logistic_motion_logistic_anomaly,warmup,fresh_to_first_window,accept,accepted,verifier_quality_check,29,0.6215,0.73124,0.8032719999999999,0.8292
logistic_motion_logistic_anomaly,warmup,fresh_to_first_window,accept,accepted,window_hmac_generation,29,0.0173,0.02576,0.028735999999999998,0.0298
logistic_motion_logistic_anomaly,warmup,fresh_to_first_window,accept,accepted,window_hmac_verification_calculation,29,0.0175,0.022819999999999997,0.025947999999999995,0.0269
logistic_motion_logistic_anomaly,warmup,malformed_json_receiver,reject,malformed_message,envelope_and_binary_parser,29,0.03,0.04233999999999999,0.047604,0.0485
logistic_motion_logistic_anomaly,warmup,malformed_json_receiver,reject,malformed_message,verifier_audit_commit,29,0.0015,0.0017599999999999998,0.001872,0.0019
logistic_motion_logistic_anomaly,warmup,malformed_json_receiver,reject,malformed_message,verifier_audit_prepare,29,0.0039,0.00476,0.004944,0.005
logistic_motion_logistic_anomaly,warmup,malformed_json_receiver,reject,malformed_message,verifier_audit_record,29,0.0393,0.049899999999999986,0.062019999999999985,0.0658
logistic_motion_logistic_anomaly,warmup,malformed_json_receiver,reject,malformed_message,verifier_authentication_total,29,0.117,0.15973999999999997,0.173852,0.1771
logistic_motion_logistic_anomaly,warmup,post_window_after_refusals,accept,accepted,accepted_release_and_consumers,29,5.299,6.47582,6.871787999999999,7.0231
logistic_motion_logistic_anomaly,warmup,post_window_after_refusals,accept,accepted,anomaly_consumer_including_threshold,29,0.4079,0.5783199999999998,0.7190879999999997,0.7619
logistic_motion_logistic_anomaly,warmup,post_window_after_refusals,accept,accepted,binary32_adapter,29,1.17,1.3065,1.4140599999999999,1.4506
logistic_motion_logistic_anomaly,warmup,post_window_after_refusals,accept,accepted,envelope_and_binary_parser,29,1.7609,3.9153,4.012004,4.0388
logistic_motion_logistic_anomaly,warmup,post_window_after_refusals,accept,accepted,motion_consumer_including_normalization,29,0.5521,0.6443,0.7321719999999999,0.7651
logistic_motion_logistic_anomaly,warmup,post_window_after_refusals,accept,accepted,prepare_both_model_inputs,29,3.8024,4.44242,5.046059999999999,5.2716
logistic_motion_logistic_anomaly,warmup,post_window_after_refusals,accept,accepted,sender_audit_commit,29,0.0013,0.0016,0.0016,0.0016
logistic_motion_logistic_anomaly,warmup,post_window_after_refusals,accept,accepted,sender_audit_prepare,29,0.0039,0.004679999999999999,0.004872,0.0049
logistic_motion_logistic_anomaly,warmup,post_window_after_refusals,accept,accepted,sender_audit_record,29,0.0406,0.0535,0.05836399999999999,0.0601
logistic_motion_logistic_anomaly,warmup,post_window_after_refusals,accept,accepted,sender_seal_total,29,1.3102,1.4513199999999997,1.5838319999999997,1.6253
logistic_motion_logistic_anomaly,warmup,post_window_after_refusals,accept,accepted,serialization_including_quality,29,1.1213,1.21708,1.3471599999999997,1.397
logistic_motion_logistic_anomaly,warmup,post_window_after_refusals,accept,accepted,verifier_audit_commit,29,0.0015,0.00196,0.002072,0.0021
logistic_motion_logistic_anomaly,warmup,post_window_after_refusals,accept,accepted,verifier_audit_prepare,29,0.0048,0.006179999999999999,0.007595999999999999,0.0081
logistic_motion_logistic_anomaly,warmup,post_window_after_refusals,accept,accepted,verifier_audit_record,29,0.0252,0.03158,0.033124,0.0336
logistic_motion_logistic_anomaly,warmup,post_window_after_refusals,accept,accepted,verifier_authentication_total,29,2.5524,4.79482,4.818324,4.8202
logistic_motion_logistic_anomaly,warmup,post_window_after_refusals,accept,accepted,verifier_quality_check,29,0.6353,0.7611599999999998,0.8253359999999998,0.8439
logistic_motion_logistic_anomaly,warmup,post_window_after_refusals,accept,accepted,window_hmac_generation,29,0.0205,0.02831999999999999,0.04048799999999998,0.0448
logistic_motion_logistic_anomaly,warmup,post_window_after_refusals,accept,accepted,window_hmac_verification_calculation,29,0.0191,0.02582,0.03590799999999999,0.0398
logistic_motion_logistic_anomaly,warmup,post_window_recurring,accept,accepted,accepted_release_and_consumers,29,5.1255,6.525399999999999,6.928912,7.0184
logistic_motion_logistic_anomaly,warmup,post_window_recurring,accept,accepted,anomaly_consumer_including_threshold,29,0.4113,0.6461999999999999,0.7461999999999999,0.7798
logistic_motion_logistic_anomaly,warmup,post_window_recurring,accept,accepted,binary32_adapter,29,1.1816,1.44938,1.495404,1.5082
logistic_motion_logistic_anomaly,warmup,post_window_recurring,accept,accepted,envelope_and_binary_parser,29,1.6785,2.06396,2.19784,2.2397
logistic_motion_logistic_anomaly,warmup,post_window_recurring,accept,accepted,motion_consumer_including_normalization,29,0.5165,0.6571,0.673596,0.679
logistic_motion_logistic_anomaly,warmup,post_window_recurring,accept,accepted,prepare_both_model_inputs,29,3.6354,4.743499999999999,5.132652,5.2108
logistic_motion_logistic_anomaly,warmup,post_window_recurring,accept,accepted,sender_audit_commit,29,0.0013,0.0016,0.0017439999999999997,0.0018
logistic_motion_logistic_anomaly,warmup,post_window_recurring,accept,accepted,sender_audit_prepare,29,0.004,0.00466,0.004844,0.0049
logistic_motion_logistic_anomaly,warmup,post_window_recurring,accept,accepted,sender_audit_record,29,0.0484,0.06111999999999999,0.06536,0.0662
logistic_motion_logistic_anomaly,warmup,post_window_recurring,accept,accepted,sender_seal_total,29,1.3326,1.6078,1.684512,1.7138
logistic_motion_logistic_anomaly,warmup,post_window_recurring,accept,accepted,serialization_including_quality,29,1.1405,1.38046,1.45806,1.4855
logistic_motion_logistic_anomaly,warmup,post_window_recurring,accept,accepted,verifier_audit_commit,29,0.0015,0.0018599999999999997,0.0019,0.0019
logistic_motion_logistic_anomaly,warmup,post_window_recurring,accept,accepted,verifier_audit_prepare,29,0.0048,0.005879999999999999,0.006144,0.0062
logistic_motion_logistic_anomaly,warmup,post_window_recurring,accept,accepted,verifier_audit_record,29,0.0256,0.02944,0.030248,0.0305
logistic_motion_logistic_anomaly,warmup,post_window_recurring,accept,accepted,verifier_authentication_total,29,2.4476,3.00818,3.2190599999999994,3.2899
logistic_motion_logistic_anomaly,warmup,post_window_recurring,accept,accepted,verifier_quality_check,29,0.6616,0.80104,0.8600159999999999,0.8825
logistic_motion_logistic_anomaly,warmup,post_window_recurring,accept,accepted,window_hmac_generation,29,0.0207,0.026279999999999998,0.02828,0.0287
logistic_motion_logistic_anomaly,warmup,post_window_recurring,accept,accepted,window_hmac_verification_calculation,29,0.0196,0.02418,0.027451999999999997,0.0286
logistic_motion_logistic_anomaly,warmup,pre_tag_quality_refusal,reject,data_quality_failure,binary32_adapter,29,1.1936,1.4097,1.7296519999999995,1.8498
logistic_motion_logistic_anomaly,warmup,pre_tag_quality_refusal,reject,data_quality_failure,sender_audit_commit,29,0.0014,0.0016599999999999998,0.0018439999999999997,0.0019
logistic_motion_logistic_anomaly,warmup,pre_tag_quality_refusal,reject,data_quality_failure,sender_audit_prepare,29,0.004,0.004939999999999999,0.005172,0.0052
logistic_motion_logistic_anomaly,warmup,pre_tag_quality_refusal,reject,data_quality_failure,sender_audit_record,29,0.0434,0.06223999999999997,0.10994399999999994,0.1261
logistic_motion_logistic_anomaly,warmup,pre_tag_quality_refusal,reject,data_quality_failure,sender_seal_total,29,0.6256,0.7824199999999999,0.8614199999999999,0.8841
logistic_motion_logistic_anomaly,warmup,pre_tag_quality_refusal,reject,data_quality_failure,serialization_including_quality,29,0.5094,0.6435999999999998,0.661032,0.6612
logistic_motion_logistic_anomaly,warmup,valid_receiver_after_bad_tag,accept,accepted,accepted_release_and_consumers,29,5.3637,6.12132,7.209615999999998,7.6115
logistic_motion_logistic_anomaly,warmup,valid_receiver_after_bad_tag,accept,accepted,anomaly_consumer_including_threshold,29,0.3949,0.6764199999999998,1.5437479999999986,1.8611
logistic_motion_logistic_anomaly,warmup,valid_receiver_after_bad_tag,accept,accepted,envelope_and_binary_parser,29,1.5424,1.77126,2.1112679999999995,2.242
logistic_motion_logistic_anomaly,warmup,valid_receiver_after_bad_tag,accept,accepted,motion_consumer_including_normalization,29,0.5175,0.6895599999999998,0.748672,0.7627
logistic_motion_logistic_anomaly,warmup,valid_receiver_after_bad_tag,accept,accepted,prepare_both_model_inputs,29,3.7458,4.35564,4.416192,4.4298
logistic_motion_logistic_anomaly,warmup,valid_receiver_after_bad_tag,accept,accepted,verifier_audit_commit,29,0.0015,0.0019199999999999996,0.002072,0.0021
logistic_motion_logistic_anomaly,warmup,valid_receiver_after_bad_tag,accept,accepted,verifier_audit_prepare,29,0.0046,0.0067599999999999995,0.007359999999999999,0.0075
logistic_motion_logistic_anomaly,warmup,valid_receiver_after_bad_tag,accept,accepted,verifier_audit_record,29,0.0369,0.0532,0.05416,0.0543
logistic_motion_logistic_anomaly,warmup,valid_receiver_after_bad_tag,accept,accepted,verifier_authentication_total,29,2.3578,2.71774,3.246403999999999,3.4489
logistic_motion_logistic_anomaly,warmup,valid_receiver_after_bad_tag,accept,accepted,verifier_quality_check,29,0.66,0.79808,0.8568719999999999,0.8786
logistic_motion_logistic_anomaly,warmup,valid_receiver_after_bad_tag,accept,accepted,window_hmac_verification_calculation,29,0.0176,0.026859999999999988,0.029132,0.0293
snn32_seed7_forest_anomaly,condition_first_use,bad_tag_receiver,reject,invalid_tag,envelope_and_binary_parser,1,1.3114,1.3114,1.3114,1.3114
snn32_seed7_forest_anomaly,condition_first_use,bad_tag_receiver,reject,invalid_tag,verifier_audit_commit,1,0.0013,0.0013,0.0013,0.0013
snn32_seed7_forest_anomaly,condition_first_use,bad_tag_receiver,reject,invalid_tag,verifier_audit_prepare,1,0.0033,0.0033,0.0033,0.0033
snn32_seed7_forest_anomaly,condition_first_use,bad_tag_receiver,reject,invalid_tag,verifier_audit_record,1,0.0283,0.0283,0.0283,0.0283
snn32_seed7_forest_anomaly,condition_first_use,bad_tag_receiver,reject,invalid_tag,verifier_authentication_total,1,1.4389,1.4389,1.4389,1.4389
snn32_seed7_forest_anomaly,condition_first_use,bad_tag_receiver,reject,invalid_tag,window_hmac_verification_calculation,1,0.0158,0.0158,0.0158,0.0158
snn32_seed7_forest_anomaly,condition_first_use,exact_replay_receiver,reject,duplicate_sequence,envelope_and_binary_parser,1,2.1624,2.1624,2.1624,2.1624
snn32_seed7_forest_anomaly,condition_first_use,exact_replay_receiver,reject,duplicate_sequence,verifier_audit_commit,1,0.0021,0.0021,0.0021,0.0021
snn32_seed7_forest_anomaly,condition_first_use,exact_replay_receiver,reject,duplicate_sequence,verifier_audit_prepare,1,0.0062,0.0062,0.0062,0.0062
snn32_seed7_forest_anomaly,condition_first_use,exact_replay_receiver,reject,duplicate_sequence,verifier_audit_record,1,0.0652,0.0652,0.0652,0.0652
snn32_seed7_forest_anomaly,condition_first_use,exact_replay_receiver,reject,duplicate_sequence,verifier_authentication_total,1,3.2737,3.2737,3.2737,3.2737
snn32_seed7_forest_anomaly,condition_first_use,exact_replay_receiver,reject,duplicate_sequence,verifier_quality_check,1,0.8486,0.8486,0.8486,0.8486
snn32_seed7_forest_anomaly,condition_first_use,exact_replay_receiver,reject,duplicate_sequence,window_hmac_verification_calculation,1,0.0331,0.0331,0.0331,0.0331
snn32_seed7_forest_anomaly,condition_first_use,fresh_to_first_window,accept,accepted,accepted_release_and_consumers,1,23.9198,23.9198,23.9198,23.9198
snn32_seed7_forest_anomaly,condition_first_use,fresh_to_first_window,accept,accepted,admission_total,1,6.2739,6.2739,6.2739,6.2739
snn32_seed7_forest_anomaly,condition_first_use,fresh_to_first_window,accept,accepted,anomaly_consumer_including_threshold,1,8.0382,8.0382,8.0382,8.0382
snn32_seed7_forest_anomaly,condition_first_use,fresh_to_first_window,accept,accepted,binary32_adapter,1,1.0045,1.0045,1.0045,1.0045
snn32_seed7_forest_anomaly,condition_first_use,fresh_to_first_window,accept,accepted,envelope_and_binary_parser,1,1.6552,1.6552,1.6552,1.6552
snn32_seed7_forest_anomaly,condition_first_use,fresh_to_first_window,accept,accepted,first_post_window_total,1,28.6668,28.6668,28.6668,28.6668
snn32_seed7_forest_anomaly,condition_first_use,fresh_to_first_window,accept,accepted,independent_credential_verification,1,0.0547,0.0547,0.0547,0.0547
snn32_seed7_forest_anomaly,condition_first_use,fresh_to_first_window,accept,accepted,local_authorization_including_verification,1,0.0722,0.0722,0.0722,0.0722
snn32_seed7_forest_anomaly,condition_first_use,fresh_to_first_window,accept,accepted,local_challenge_binding,1,0.0066,0.0066,0.0066,0.0066
snn32_seed7_forest_anomaly,condition_first_use,fresh_to_first_window,accept,accepted,local_request_binding,1,0.0086,0.0086,0.0086,0.0086
snn32_seed7_forest_anomaly,condition_first_use,fresh_to_first_window,accept,accepted,motion_consumer_including_normalization,1,12.0323,12.0323,12.0323,12.0323
snn32_seed7_forest_anomaly,condition_first_use,fresh_to_first_window,accept,accepted,prepare_both_model_inputs,1,3.2028,3.2028,3.2028,3.2028
snn32_seed7_forest_anomaly,condition_first_use,fresh_to_first_window,accept,accepted,receiver_challenge,1,0.1093,0.1093,0.1093,0.1093
snn32_seed7_forest_anomaly,condition_first_use,fresh_to_first_window,accept,accepted,receiver_confirmation,1,0.1021,0.1021,0.1021,0.1021
snn32_seed7_forest_anomaly,condition_first_use,fresh_to_first_window,accept,accepted,receiver_local_admission,1,0.0087,0.0087,0.0087,0.0087
snn32_seed7_forest_anomaly,condition_first_use,fresh_to_first_window,accept,accepted,reconstruction,1,5.5464,5.5464,5.5464,5.5464
snn32_seed7_forest_anomaly,condition_first_use,fresh_to_first_window,accept,accepted,response_generation_simulator,1,0.1242,0.1242,0.1242,0.1242
snn32_seed7_forest_anomaly,condition_first_use,fresh_to_first_window,accept,accepted,sender_activation,1,0.0688,0.0688,0.0688,0.0688
snn32_seed7_forest_anomaly,condition_first_use,fresh_to_first_window,accept,accepted,sender_admission_and_request,1,0.2166,0.2166,0.2166,0.2166
snn32_seed7_forest_anomaly,condition_first_use,fresh_to_first_window,accept,accepted,sender_audit_commit,1,0.0033,0.0033,0.0033,0.0033
snn32_seed7_forest_anomaly,condition_first_use,fresh_to_first_window,accept,accepted,sender_audit_prepare,1,0.011,0.011,0.011,0.011
snn32_seed7_forest_anomaly,condition_first_use,fresh_to_first_window,accept,accepted,sender_audit_record,1,0.1076,0.1076,0.1076,0.1076
snn32_seed7_forest_anomaly,condition_first_use,fresh_to_first_window,accept,accepted,sender_confirmation,1,0.0665,0.0665,0.0665,0.0665
snn32_seed7_forest_anomaly,condition_first_use,fresh_to_first_window,accept,accepted,sender_local_admission_claim,1,0.01,0.01,0.01,0.01
snn32_seed7_forest_anomaly,condition_first_use,fresh_to_first_window,accept,accepted,sender_seal_total,1,1.2215,1.2215,1.2215,1.2215
snn32_seed7_forest_anomaly,condition_first_use,fresh_to_first_window,accept,accepted,serialization_including_quality,1,1.0117,1.0117,1.0117,1.0117
snn32_seed7_forest_anomaly,condition_first_use,fresh_to_first_window,accept,accepted,verifier_audit_commit,1,0.0026,0.0026,0.0026,0.0026
snn32_seed7_forest_anomaly,condition_first_use,fresh_to_first_window,accept,accepted,verifier_audit_prepare,1,0.0073,0.0073,0.0073,0.0073
snn32_seed7_forest_anomaly,condition_first_use,fresh_to_first_window,accept,accepted,verifier_audit_record,1,0.0645,0.0645,0.0645,0.0645
snn32_seed7_forest_anomaly,condition_first_use,fresh_to_first_window,accept,accepted,verifier_authentication_total,1,2.3899,2.3899,2.3899,2.3899
snn32_seed7_forest_anomaly,condition_first_use,fresh_to_first_window,accept,accepted,verifier_quality_check,1,0.5991,0.5991,0.5991,0.5991
snn32_seed7_forest_anomaly,condition_first_use,fresh_to_first_window,accept,accepted,window_hmac_generation,1,0.025,0.025,0.025,0.025
snn32_seed7_forest_anomaly,condition_first_use,fresh_to_first_window,accept,accepted,window_hmac_verification_calculation,1,0.0203,0.0203,0.0203,0.0203
snn32_seed7_forest_anomaly,condition_first_use,malformed_json_receiver,reject,malformed_message,envelope_and_binary_parser,1,0.0392,0.0392,0.0392,0.0392
snn32_seed7_forest_anomaly,condition_first_use,malformed_json_receiver,reject,malformed_message,verifier_audit_commit,1,0.002,0.002,0.002,0.002
snn32_seed7_forest_anomaly,condition_first_use,malformed_json_receiver,reject,malformed_message,verifier_audit_prepare,1,0.0052,0.0052,0.0052,0.0052
snn32_seed7_forest_anomaly,condition_first_use,malformed_json_receiver,reject,malformed_message,verifier_audit_record,1,0.0527,0.0527,0.0527,0.0527
snn32_seed7_forest_anomaly,condition_first_use,malformed_json_receiver,reject,malformed_message,verifier_authentication_total,1,0.1552,0.1552,0.1552,0.1552
snn32_seed7_forest_anomaly,condition_first_use,post_window_after_refusals,accept,accepted,accepted_release_and_consumers,1,14.5598,14.5598,14.5598,14.5598
snn32_seed7_forest_anomaly,condition_first_use,post_window_after_refusals,accept,accepted,anomaly_consumer_including_threshold,1,4.2765,4.2765,4.2765,4.2765
snn32_seed7_forest_anomaly,condition_first_use,post_window_after_refusals,accept,accepted,binary32_adapter,1,1.5521,1.5521,1.5521,1.5521
snn32_seed7_forest_anomaly,condition_first_use,post_window_after_refusals,accept,accepted,envelope_and_binary_parser,1,0.9234,0.9234,0.9234,0.9234
snn32_seed7_forest_anomaly,condition_first_use,post_window_after_refusals,accept,accepted,motion_consumer_including_normalization,1,7.7212,7.7212,7.7212,7.7212
snn32_seed7_forest_anomaly,condition_first_use,post_window_after_refusals,accept,accepted,prepare_both_model_inputs,1,2.2159,2.2159,2.2159,2.2159
snn32_seed7_forest_anomaly,condition_first_use,post_window_after_refusals,accept,accepted,sender_audit_commit,1,0.0016,0.0016,0.0016,0.0016
snn32_seed7_forest_anomaly,condition_first_use,post_window_after_refusals,accept,accepted,sender_audit_prepare,1,0.0048,0.0048,0.0048,0.0048
snn32_seed7_forest_anomaly,condition_first_use,post_window_after_refusals,accept,accepted,sender_audit_record,1,0.0525,0.0525,0.0525,0.0525
snn32_seed7_forest_anomaly,condition_first_use,post_window_after_refusals,accept,accepted,sender_seal_total,1,1.7393,1.7393,1.7393,1.7393
snn32_seed7_forest_anomaly,condition_first_use,post_window_after_refusals,accept,accepted,serialization_including_quality,1,1.4985,1.4985,1.4985,1.4985
snn32_seed7_forest_anomaly,condition_first_use,post_window_after_refusals,accept,accepted,verifier_audit_commit,1,0.0013,0.0013,0.0013,0.0013
snn32_seed7_forest_anomaly,condition_first_use,post_window_after_refusals,accept,accepted,verifier_audit_prepare,1,0.0031,0.0031,0.0031,0.0031
snn32_seed7_forest_anomaly,condition_first_use,post_window_after_refusals,accept,accepted,verifier_audit_record,1,0.0599,0.0599,0.0599,0.0599
snn32_seed7_forest_anomaly,condition_first_use,post_window_after_refusals,accept,accepted,verifier_authentication_total,1,1.438,1.438,1.438,1.438
snn32_seed7_forest_anomaly,condition_first_use,post_window_after_refusals,accept,accepted,verifier_quality_check,1,0.3682,0.3682,0.3682,0.3682
snn32_seed7_forest_anomaly,condition_first_use,post_window_after_refusals,accept,accepted,window_hmac_generation,1,0.0319,0.0319,0.0319,0.0319
snn32_seed7_forest_anomaly,condition_first_use,post_window_after_refusals,accept,accepted,window_hmac_verification_calculation,1,0.0138,0.0138,0.0138,0.0138
snn32_seed7_forest_anomaly,condition_first_use,post_window_recurring,accept,accepted,accepted_release_and_consumers,1,20.9307,20.9307,20.9307,20.9307
snn32_seed7_forest_anomaly,condition_first_use,post_window_recurring,accept,accepted,anomaly_consumer_including_threshold,1,6.5957,6.5957,6.5957,6.5957
snn32_seed7_forest_anomaly,condition_first_use,post_window_recurring,accept,accepted,binary32_adapter,1,1.2634,1.2634,1.2634,1.2634
snn32_seed7_forest_anomaly,condition_first_use,post_window_recurring,accept,accepted,envelope_and_binary_parser,1,1.5037,1.5037,1.5037,1.5037
snn32_seed7_forest_anomaly,condition_first_use,post_window_recurring,accept,accepted,motion_consumer_including_normalization,1,10.7421,10.7421,10.7421,10.7421
snn32_seed7_forest_anomaly,condition_first_use,post_window_recurring,accept,accepted,prepare_both_model_inputs,1,3.1207,3.1207,3.1207,3.1207
snn32_seed7_forest_anomaly,condition_first_use,post_window_recurring,accept,accepted,sender_audit_commit,1,0.0011,0.0011,0.0011,0.0011
snn32_seed7_forest_anomaly,condition_first_use,post_window_recurring,accept,accepted,sender_audit_prepare,1,0.0037,0.0037,0.0037,0.0037
snn32_seed7_forest_anomaly,condition_first_use,post_window_recurring,accept,accepted,sender_audit_record,1,0.065,0.065,0.065,0.065
snn32_seed7_forest_anomaly,condition_first_use,post_window_recurring,accept,accepted,sender_seal_total,1,1.1371,1.1371,1.1371,1.1371
snn32_seed7_forest_anomaly,condition_first_use,post_window_recurring,accept,accepted,serialization_including_quality,1,0.9106,0.9106,0.9106,0.9106
snn32_seed7_forest_anomaly,condition_first_use,post_window_recurring,accept,accepted,verifier_audit_commit,1,0.0015,0.0015,0.0015,0.0015
snn32_seed7_forest_anomaly,condition_first_use,post_window_recurring,accept,accepted,verifier_audit_prepare,1,0.0046,0.0046,0.0046,0.0046
snn32_seed7_forest_anomaly,condition_first_use,post_window_recurring,accept,accepted,verifier_audit_record,1,0.0218,0.0218,0.0218,0.0218
snn32_seed7_forest_anomaly,condition_first_use,post_window_recurring,accept,accepted,verifier_authentication_total,1,2.3545,2.3545,2.3545,2.3545
snn32_seed7_forest_anomaly,condition_first_use,post_window_recurring,accept,accepted,verifier_quality_check,1,0.6731,0.6731,0.6731,0.6731
snn32_seed7_forest_anomaly,condition_first_use,post_window_recurring,accept,accepted,window_hmac_generation,1,0.0294,0.0294,0.0294,0.0294
snn32_seed7_forest_anomaly,condition_first_use,post_window_recurring,accept,accepted,window_hmac_verification_calculation,1,0.0355,0.0355,0.0355,0.0355
snn32_seed7_forest_anomaly,condition_first_use,pre_tag_quality_refusal,reject,data_quality_failure,binary32_adapter,1,1.5375,1.5375,1.5375,1.5375
snn32_seed7_forest_anomaly,condition_first_use,pre_tag_quality_refusal,reject,data_quality_failure,sender_audit_commit,1,0.002,0.002,0.002,0.002
snn32_seed7_forest_anomaly,condition_first_use,pre_tag_quality_refusal,reject,data_quality_failure,sender_audit_prepare,1,0.0057,0.0057,0.0057,0.0057
snn32_seed7_forest_anomaly,condition_first_use,pre_tag_quality_refusal,reject,data_quality_failure,sender_audit_record,1,0.0592,0.0592,0.0592,0.0592
snn32_seed7_forest_anomaly,condition_first_use,pre_tag_quality_refusal,reject,data_quality_failure,sender_seal_total,1,0.8476,0.8476,0.8476,0.8476
snn32_seed7_forest_anomaly,condition_first_use,pre_tag_quality_refusal,reject,data_quality_failure,serialization_including_quality,1,0.6887,0.6887,0.6887,0.6887
snn32_seed7_forest_anomaly,condition_first_use,valid_receiver_after_bad_tag,accept,accepted,accepted_release_and_consumers,1,22.3373,22.3373,22.3373,22.3373
snn32_seed7_forest_anomaly,condition_first_use,valid_receiver_after_bad_tag,accept,accepted,anomaly_consumer_including_threshold,1,7.4862,7.4862,7.4862,7.4862
snn32_seed7_forest_anomaly,condition_first_use,valid_receiver_after_bad_tag,accept,accepted,envelope_and_binary_parser,1,1.2891,1.2891,1.2891,1.2891
snn32_seed7_forest_anomaly,condition_first_use,valid_receiver_after_bad_tag,accept,accepted,motion_consumer_including_normalization,1,11.1284,11.1284,11.1284,11.1284
snn32_seed7_forest_anomaly,condition_first_use,valid_receiver_after_bad_tag,accept,accepted,prepare_both_model_inputs,1,3.1457,3.1457,3.1457,3.1457
snn32_seed7_forest_anomaly,condition_first_use,valid_receiver_after_bad_tag,accept,accepted,verifier_audit_commit,1,0.0012,0.0012,0.0012,0.0012
snn32_seed7_forest_anomaly,condition_first_use,valid_receiver_after_bad_tag,accept,accepted,verifier_audit_prepare,1,0.0045,0.0045,0.0045,0.0045
snn32_seed7_forest_anomaly,condition_first_use,valid_receiver_after_bad_tag,accept,accepted,verifier_audit_record,1,0.0294,0.0294,0.0294,0.0294
snn32_seed7_forest_anomaly,condition_first_use,valid_receiver_after_bad_tag,accept,accepted,verifier_authentication_total,1,2.0911,2.0911,2.0911,2.0911
snn32_seed7_forest_anomaly,condition_first_use,valid_receiver_after_bad_tag,accept,accepted,verifier_quality_check,1,0.6628,0.6628,0.6628,0.6628
snn32_seed7_forest_anomaly,condition_first_use,valid_receiver_after_bad_tag,accept,accepted,window_hmac_verification_calculation,1,0.0194,0.0194,0.0194,0.0194
snn32_seed7_forest_anomaly,measured,bad_tag_receiver,reject,invalid_tag,envelope_and_binary_parser,120,1.41655,1.615515,1.8174020000000002,2.3345
snn32_seed7_forest_anomaly,measured,bad_tag_receiver,reject,invalid_tag,verifier_audit_commit,120,0.0014,0.0018,0.0025860000000000015,0.0028
snn32_seed7_forest_anomaly,measured,bad_tag_receiver,reject,invalid_tag,verifier_audit_prepare,120,0.004,0.005109999999999999,0.0066240000000000005,0.0079
snn32_seed7_forest_anomaly,measured,bad_tag_receiver,reject,invalid_tag,verifier_audit_record,120,0.02785,0.03431499999999999,0.052053,0.0545
snn32_seed7_forest_anomaly,measured,bad_tag_receiver,reject,invalid_tag,verifier_authentication_total,120,1.55385,1.78537,2.0892390000000005,2.5642
snn32_seed7_forest_anomaly,measured,bad_tag_receiver,reject,invalid_tag,window_hmac_verification_calculation,120,0.0168,0.02151,0.03198700000000001,0.0336
snn32_seed7_forest_anomaly,measured,exact_replay_receiver,reject,duplicate_sequence,envelope_and_binary_parser,120,1.67915,4.020335,4.300503,4.3621
snn32_seed7_forest_anomaly,measured,exact_replay_receiver,reject,duplicate_sequence,verifier_audit_commit,120,0.0015,0.0019,0.002,0.0032
snn32_seed7_forest_anomaly,measured,exact_replay_receiver,reject,duplicate_sequence,verifier_audit_prepare,120,0.0048,0.006005,0.006986000000000002,0.0091
snn32_seed7_forest_anomaly,measured,exact_replay_receiver,reject,duplicate_sequence,verifier_audit_record,120,0.05505,0.07216499999999998,0.093624,0.1377
snn32_seed7_forest_anomaly,measured,exact_replay_receiver,reject,duplicate_sequence,verifier_authentication_total,120,2.4863,4.807095,5.127281000000001,5.2158
snn32_seed7_forest_anomaly,measured,exact_replay_receiver,reject,duplicate_sequence,verifier_quality_check,120,0.5842,0.6881,0.710563,0.9106
snn32_seed7_forest_anomaly,measured,exact_replay_receiver,reject,duplicate_sequence,window_hmac_verification_calculation,120,0.02515,0.034345,0.04108800000000001,0.0439
snn32_seed7_forest_anomaly,measured,fresh_to_first_window,accept,accepted,accepted_release_and_consumers,120,20.64355,26.360075,30.762890000000006,33.5604
snn32_seed7_forest_anomaly,measured,fresh_to_first_window,accept,accepted,admission_total,120,3.52155,5.198915,5.901981000000001,6.3221
snn32_seed7_forest_anomaly,measured,fresh_to_first_window,accept,accepted,anomaly_consumer_including_threshold,120,6.18305,7.535265,8.184806000000002,8.672
snn32_seed7_forest_anomaly,measured,fresh_to_first_window,accept,accepted,binary32_adapter,120,1.0449,1.457775,1.521087,1.641
snn32_seed7_forest_anomaly,measured,fresh_to_first_window,accept,accepted,envelope_and_binary_parser,120,1.5128,2.13782,2.319412,2.7405
snn32_seed7_forest_anomaly,measured,fresh_to_first_window,accept,accepted,first_post_window_total,120,25.10765,32.68908,36.92582800000001,39.9394
snn32_seed7_forest_anomaly,measured,fresh_to_first_window,accept,accepted,independent_credential_verification,120,0.048,0.06786,0.074391,0.0824
snn32_seed7_forest_anomaly,measured,fresh_to_first_window,accept,accepted,local_authorization_including_verification,120,0.0661,0.09487499999999999,0.106472,0.1703
snn32_seed7_forest_anomaly,measured,fresh_to_first_window,accept,accepted,local_challenge_binding,120,0.0079,0.011724999999999998,0.014810000000000002,0.0464
snn32_seed7_forest_anomaly,measured,fresh_to_first_window,accept,accepted,local_request_binding,120,0.0097,0.014605,0.017462,0.0623
snn32_seed7_forest_anomaly,measured,fresh_to_first_window,accept,accepted,motion_consumer_including_normalization,120,10.8752,13.99546,17.025704000000005,19.4563
snn32_seed7_forest_anomaly,measured,fresh_to_first_window,accept,accepted,prepare_both_model_inputs,120,3.10715,4.238635,5.019546000000001,5.6797
snn32_seed7_forest_anomaly,measured,fresh_to_first_window,accept,accepted,receiver_challenge,120,0.1234,0.180345,0.26005200000000017,0.3289
snn32_seed7_forest_anomaly,measured,fresh_to_first_window,accept,accepted,receiver_confirmation,120,0.1069,0.1772,0.23151100000000005,0.5118
snn32_seed7_forest_anomaly,measured,fresh_to_first_window,accept,accepted,receiver_local_admission,120,0.0098,0.014705,0.017510000000000005,0.0179
snn32_seed7_forest_anomaly,measured,fresh_to_first_window,accept,accepted,reconstruction,120,2.7217,4.03594,4.449523,4.9997
snn32_seed7_forest_anomaly,measured,fresh_to_first_window,accept,accepted,response_generation_simulator,120,0.1471,0.18157999999999996,0.25849900000000003,0.3285
snn32_seed7_forest_anomaly,measured,fresh_to_first_window,accept,accepted,sender_activation,120,0.0792,0.13174,0.16697400000000007,0.186
snn32_seed7_forest_anomaly,measured,fresh_to_first_window,accept,accepted,sender_admission_and_request,120,0.214,0.317345,0.3960430000000001,0.5427
snn32_seed7_forest_anomaly,measured,fresh_to_first_window,accept,accepted,sender_audit_commit,120,0.0034,0.0049,0.006462,0.0077
snn32_seed7_forest_anomaly,measured,fresh_to_first_window,accept,accepted,sender_audit_prepare,120,0.0099,0.0142,0.016681,0.0183
snn32_seed7_forest_anomaly,measured,fresh_to_first_window,accept,accepted,sender_audit_record,120,0.10165,0.14855,0.18798900000000002,0.2316
snn32_seed7_forest_anomaly,measured,fresh_to_first_window,accept,accepted,sender_confirmation,120,0.0763,0.11047999999999998,0.166229,0.4873
snn32_seed7_forest_anomaly,measured,fresh_to_first_window,accept,accepted,sender_local_admission_claim,120,0.0116,0.016534999999999998,0.035347000000000024,0.2359
snn32_seed7_forest_anomaly,measured,fresh_to_first_window,accept,accepted,sender_seal_total,120,1.18035,1.652125,1.8611310000000005,1.913
snn32_seed7_forest_anomaly,measured,fresh_to_first_window,accept,accepted,serialization_including_quality,120,1.01115,1.42263,1.474949,1.6136
snn32_seed7_forest_anomaly,measured,fresh_to_first_window,accept,accepted,verifier_audit_commit,120,0.0024,0.0041,0.005081,0.0052
snn32_seed7_forest_anomaly,measured,fresh_to_first_window,accept,accepted,verifier_audit_prepare,120,0.0069,0.01041,0.013548000000000001,0.0186
snn32_seed7_forest_anomaly,measured,fresh_to_first_window,accept,accepted,verifier_audit_record,120,0.052,0.072545,0.12282500000000006,0.2274
snn32_seed7_forest_anomaly,measured,fresh_to_first_window,accept,accepted,verifier_authentication_total,120,2.1663,3.0525,3.27831,3.6739
snn32_seed7_forest_anomaly,measured,fresh_to_first_window,accept,accepted,verifier_quality_check,120,0.54935,0.7439899999999999,0.800077,0.8209
snn32_seed7_forest_anomaly,measured,fresh_to_first_window,accept,accepted,window_hmac_generation,120,0.0141,0.021964999999999995,0.048768000000000054,0.2573
snn32_seed7_forest_anomaly,measured,fresh_to_first_window,accept,accepted,window_hmac_verification_calculation,120,0.0151,0.021705,0.025791000000000005,0.0265
snn32_seed7_forest_anomaly,measured,malformed_json_receiver,reject,malformed_message,envelope_and_binary_parser,120,0.03325,0.04163,0.053175000000000014,0.0641
snn32_seed7_forest_anomaly,measured,malformed_json_receiver,reject,malformed_message,verifier_audit_commit,120,0.0013,0.0017,0.001981,0.003
snn32_seed7_forest_anomaly,measured,malformed_json_receiver,reject,malformed_message,verifier_audit_prepare,120,0.0037,0.0046,0.006486000000000002,0.0515
snn32_seed7_forest_anomaly,measured,malformed_json_receiver,reject,malformed_message,verifier_audit_record,120,0.03965,0.048825,0.07115400000000006,0.1037
snn32_seed7_forest_anomaly,measured,malformed_json_receiver,reject,malformed_message,verifier_authentication_total,120,0.11725,0.14239499999999997,0.20413200000000006,0.2422
snn32_seed7_forest_anomaly,measured,post_window_after_refusals,accept,accepted,accepted_release_and_consumers,120,19.0798,24.304879999999997,32.099404000000014,34.3116
snn32_seed7_forest_anomaly,measured,post_window_after_refusals,accept,accepted,anomaly_consumer_including_threshold,120,4.9142,8.02276,9.258105,11.8839
snn32_seed7_forest_anomaly,measured,post_window_after_refusals,accept,accepted,binary32_adapter,120,1.04635,1.206025,1.563540000000001,1.7607
snn32_seed7_forest_anomaly,measured,post_window_after_refusals,accept,accepted,envelope_and_binary_parser,120,1.52535,4.59863,5.241063000000001,262.2425
snn32_seed7_forest_anomaly,measured,post_window_after_refusals,accept,accepted,motion_consumer_including_normalization,120,10.14205,13.21924,14.966006000000002,21.1148
snn32_seed7_forest_anomaly,measured,post_window_after_refusals,accept,accepted,prepare_both_model_inputs,120,3.2013,3.95591,5.735769000000002,5.9545
snn32_seed7_forest_anomaly,measured,post_window_after_refusals,accept,accepted,sender_audit_commit,120,0.0012,0.0016,0.003024000000000001,0.0071
snn32_seed7_forest_anomaly,measured,post_window_after_refusals,accept,accepted,sender_audit_prepare,120,0.0035,0.004405,0.008172000000000002,0.01
snn32_seed7_forest_anomaly,measured,post_window_after_refusals,accept,accepted,sender_audit_record,120,0.0383,0.047205,0.09119300000000001,0.0926
snn32_seed7_forest_anomaly,measured,post_window_after_refusals,accept,accepted,sender_seal_total,120,1.2149,1.412825,1.9699490000000015,2.0962
snn32_seed7_forest_anomaly,measured,post_window_after_refusals,accept,accepted,serialization_including_quality,120,1.0389,1.208975,1.611576000000001,1.7415
snn32_seed7_forest_anomaly,measured,post_window_after_refusals,accept,accepted,verifier_audit_commit,120,0.0014,0.0018049999999999997,0.003181,0.0132
snn32_seed7_forest_anomaly,measured,post_window_after_refusals,accept,accepted,verifier_audit_prepare,120,0.004,0.006605,0.010062,0.0116
snn32_seed7_forest_anomaly,measured,post_window_after_refusals,accept,accepted,verifier_audit_record,120,0.02325,0.030179999999999995,0.04141300000000001,0.0445
snn32_seed7_forest_anomaly,measured,post_window_after_refusals,accept,accepted,verifier_authentication_total,120,2.24275,5.20455,5.940144,262.7487
snn32_seed7_forest_anomaly,measured,post_window_after_refusals,accept,accepted,verifier_quality_check,120,0.56615,0.69808,0.9977480000000001,1.2586
snn32_seed7_forest_anomaly,measured,post_window_after_refusals,accept,accepted,window_hmac_generation,120,0.0221,0.03479499999999999,0.050303000000000014,0.0888
snn32_seed7_forest_anomaly,measured,post_window_after_refusals,accept,accepted,window_hmac_verification_calculation,120,0.01735,0.029664999999999997,0.036501000000000006,0.0481
snn32_seed7_forest_anomaly,measured,post_window_recurring,accept,accepted,accepted_release_and_consumers,120,21.40145,26.324455,31.314934,31.8285
snn32_seed7_forest_anomaly,measured,post_window_recurring,accept,accepted,anomaly_consumer_including_threshold,120,6.2179,7.57855,8.205713,8.4382
snn32_seed7_forest_anomaly,measured,post_window_recurring,accept,accepted,binary32_adapter,120,1.0767,1.304045,1.378615,1.4292
snn32_seed7_forest_anomaly,measured,post_window_recurring,accept,accepted,envelope_and_binary_parser,120,1.6032,1.88911,1.9930370000000002,2.0278
snn32_seed7_forest_anomaly,measured,post_window_recurring,accept,accepted,motion_consumer_including_normalization,120,11.28655,13.860065,17.780375,18.6445
snn32_seed7_forest_anomaly,measured,post_window_recurring,accept,accepted,prepare_both_model_inputs,120,3.43365,4.059915,4.991534000000001,5.076
snn32_seed7_forest_anomaly,measured,post_window_recurring,accept,accepted,sender_audit_commit,120,0.00135,0.0018,0.002181,0.0026
snn32_seed7_forest_anomaly,measured,post_window_recurring,accept,accepted,sender_audit_prepare,120,0.0042,0.005405,0.005843000000000001,0.0112
snn32_seed7_forest_anomaly,measured,post_window_recurring,accept,accepted,sender_audit_record,120,0.06295,0.08581,0.09749300000000001,0.1031
snn32_seed7_forest_anomaly,measured,post_window_recurring,accept,accepted,sender_seal_total,120,1.3194,1.56991,1.641206,1.7227
snn32_seed7_forest_anomaly,measured,post_window_recurring,accept,accepted,serialization_including_quality,120,1.0953,1.28883,1.329435,1.444
snn32_seed7_forest_anomaly,measured,post_window_recurring,accept,accepted,verifier_audit_commit,120,0.0014,0.0018049999999999997,0.0025620000000000005,0.0027
snn32_seed7_forest_anomaly,measured,post_window_recurring,accept,accepted,verifier_audit_prepare,120,0.0042,0.006219999999999999,0.007786000000000002,0.0147
snn32_seed7_forest_anomaly,measured,post_window_recurring,accept,accepted,verifier_audit_record,120,0.0251,0.0332,0.036705,0.232
snn32_seed7_forest_anomaly,measured,post_window_recurring,accept,accepted,verifier_authentication_total,120,2.33755,2.749315,2.955034,3.1388
snn32_seed7_forest_anomaly,measured,post_window_recurring,accept,accepted,verifier_quality_check,120,0.60215,0.69178,0.748412,0.7585
snn32_seed7_forest_anomaly,measured,post_window_recurring,accept,accepted,window_hmac_generation,120,0.02575,0.035815,0.038505,0.0478
snn32_seed7_forest_anomaly,measured,post_window_recurring,accept,accepted,window_hmac_verification_calculation,120,0.0181,0.02421,0.031717000000000016,0.0718
snn32_seed7_forest_anomaly,measured,pre_tag_quality_refusal,reject,data_quality_failure,binary32_adapter,120,1.0559,1.2942299999999998,1.7222720000000005,1.8325
snn32_seed7_forest_anomaly,measured,pre_tag_quality_refusal,reject,data_quality_failure,sender_audit_commit,120,0.0013,0.0017049999999999997,0.002648000000000002,0.003
snn32_seed7_forest_anomaly,measured,pre_tag_quality_refusal,reject,data_quality_failure,sender_audit_prepare,120,0.0037,0.0058,0.006967000000000002,0.0075
snn32_seed7_forest_anomaly,measured,pre_tag_quality_refusal,reject,data_quality_failure,sender_audit_record,120,0.04035,0.05840999999999999,0.07012100000000002,0.0824
snn32_seed7_forest_anomaly,measured,pre_tag_quality_refusal,reject,data_quality_failure,sender_seal_total,120,0.58695,0.776925,0.9643830000000001,0.9946
snn32_seed7_forest_anomaly,measured,pre_tag_quality_refusal,reject,data_quality_failure,serialization_including_quality,120,0.47665,0.59595,0.769855,0.7848
snn32_seed7_forest_anomaly,measured,valid_receiver_after_bad_tag,accept,accepted,accepted_release_and_consumers,120,21.50415,25.74823,27.249582,38.506
snn32_seed7_forest_anomaly,measured,valid_receiver_after_bad_tag,accept,accepted,anomaly_consumer_including_threshold,120,6.14385,7.714255,8.057239,11.2209
snn32_seed7_forest_anomaly,measured,valid_receiver_after_bad_tag,accept,accepted,envelope_and_binary_parser,120,1.4221,1.626345,1.7476220000000002,1.8354
snn32_seed7_forest_anomaly,measured,valid_receiver_after_bad_tag,accept,accepted,motion_consumer_including_normalization,120,11.2586,13.734849999999998,15.259933,17.4137
snn32_seed7_forest_anomaly,measured,valid_receiver_after_bad_tag,accept,accepted,prepare_both_model_inputs,120,3.4822,4.11322,4.740578000000001,5.6613
snn32_seed7_forest_anomaly,measured,valid_receiver_after_bad_tag,accept,accepted,verifier_audit_commit,120,0.0014,0.0018049999999999997,0.002405000000000001,0.0027
snn32_seed7_forest_anomaly,measured,valid_receiver_after_bad_tag,accept,accepted,verifier_audit_prepare,120,0.0041,0.005505,0.005981,0.0074
snn32_seed7_forest_anomaly,measured,valid_receiver_after_bad_tag,accept,accepted,verifier_audit_record,120,0.0336,0.042915,0.05893100000000001,0.0602
snn32_seed7_forest_anomaly,measured,valid_receiver_after_bad_tag,accept,accepted,verifier_authentication_total,120,2.1661,2.496235,2.6880320000000006,2.7465
snn32_seed7_forest_anomaly,measured,valid_receiver_after_bad_tag,accept,accepted,verifier_quality_check,120,0.61215,0.71055,0.744914,0.8479
snn32_seed7_forest_anomaly,measured,valid_receiver_after_bad_tag,accept,accepted,window_hmac_verification_calculation,120,0.01665,0.021805,0.028325000000000006,0.0293
snn32_seed7_forest_anomaly,sustained,post_window_recurring,accept,accepted,accepted_release_and_consumers,64,17.4161,21.635499999999997,23.445600999999996,24.307
snn32_seed7_forest_anomaly,sustained,post_window_recurring,accept,accepted,anomaly_consumer_including_threshold,64,5.20275,6.3783949999999985,7.120109999999998,7.6071
snn32_seed7_forest_anomaly,sustained,post_window_recurring,accept,accepted,binary32_adapter,64,0.80805,1.01697,1.252392999999999,1.4974
snn32_seed7_forest_anomaly,sustained,post_window_recurring,accept,accepted,envelope_and_binary_parser,64,1.219,2.213814999999998,2.6649749999999996,2.8083
snn32_seed7_forest_anomaly,sustained,post_window_recurring,accept,accepted,motion_consumer_including_normalization,64,9.132,11.668249999999999,12.492937999999999,12.7685
snn32_seed7_forest_anomaly,sustained,post_window_recurring,accept,accepted,prepare_both_model_inputs,64,2.66955,3.8544349999999983,4.26732,4.2837
snn32_seed7_forest_anomaly,sustained,post_window_recurring,accept,accepted,sender_audit_commit,64,0.0013,0.0016849999999999996,0.0017739999999999995,0.0019
snn32_seed7_forest_anomaly,sustained,post_window_recurring,accept,accepted,sender_audit_prepare,64,0.0042,0.005084999999999999,0.0066469999999999915,0.0086
snn32_seed7_forest_anomaly,sustained,post_window_recurring,accept,accepted,sender_audit_record,64,0.05115,0.063855,0.07603499999999995,0.0858
snn32_seed7_forest_anomaly,sustained,post_window_recurring,accept,accepted,sender_seal_total,64,1.00905,1.2547199999999996,1.5554639999999988,1.8183
snn32_seed7_forest_anomaly,sustained,post_window_recurring,accept,accepted,serialization_including_quality,64,0.8104,1.0205049999999996,1.281816999999999,1.486
snn32_seed7_forest_anomaly,sustained,post_window_recurring,accept,accepted,verifier_audit_commit,64,0.0014,0.0018849999999999995,0.005196999999999979,0.0103
snn32_seed7_forest_anomaly,sustained,post_window_recurring,accept,accepted,verifier_audit_prepare,64,0.0044,0.0069549999999999985,0.008,0.008
snn32_seed7_forest_anomaly,sustained,post_window_recurring,accept,accepted,verifier_audit_record,64,0.0214,0.030085,0.03943999999999994,0.0533
snn32_seed7_forest_anomaly,sustained,post_window_recurring,accept,accepted,verifier_authentication_total,64,1.80705,2.878724999999999,3.439647,3.4857
snn32_seed7_forest_anomaly,sustained,post_window_recurring,accept,accepted,verifier_quality_check,64,0.44425,0.6654999999999995,0.730347,0.7323
snn32_seed7_forest_anomaly,sustained,post_window_recurring,accept,accepted,window_hmac_generation,64,0.02155,0.031555,0.034274,0.0344
snn32_seed7_forest_anomaly,sustained,post_window_recurring,accept,accepted,window_hmac_verification_calculation,64,0.0172,0.027709999999999995,0.03713499999999999,0.0406
snn32_seed7_forest_anomaly,warmup,bad_tag_receiver,reject,invalid_tag,envelope_and_binary_parser,29,1.3016,1.42676,1.476952,1.4956
snn32_seed7_forest_anomaly,warmup,bad_tag_receiver,reject,invalid_tag,verifier_audit_commit,29,0.0013,0.0016599999999999998,0.015955999999999977,0.0215
snn32_seed7_forest_anomaly,warmup,bad_tag_receiver,reject,invalid_tag,verifier_audit_prepare,29,0.0037,0.00462,0.004988,0.0051
snn32_seed7_forest_anomaly,warmup,bad_tag_receiver,reject,invalid_tag,verifier_audit_record,29,0.0265,0.03603999999999999,0.039824,0.0403
snn32_seed7_forest_anomaly,warmup,bad_tag_receiver,reject,invalid_tag,verifier_authentication_total,29,1.4342,1.57,1.640056,1.6652
snn32_seed7_forest_anomaly,warmup,bad_tag_receiver,reject,invalid_tag,window_hmac_verification_calculation,29,0.0159,0.01976,0.021008,0.0214
snn32_seed7_forest_anomaly,warmup,exact_replay_receiver,reject,duplicate_sequence,envelope_and_binary_parser,29,1.5905,3.91106,4.06266,4.116
snn32_seed7_forest_anomaly,warmup,exact_replay_receiver,reject,duplicate_sequence,verifier_audit_commit,29,0.0014,0.0016599999999999998,0.001772,0.0018
snn32_seed7_forest_anomaly,warmup,exact_replay_receiver,reject,duplicate_sequence,verifier_audit_prepare,29,0.0046,0.00566,0.010523999999999993,0.0124
snn32_seed7_forest_anomaly,warmup,exact_replay_receiver,reject,duplicate_sequence,verifier_audit_record,29,0.0527,0.0664,0.07573599999999998,0.0789
snn32_seed7_forest_anomaly,warmup,exact_replay_receiver,reject,duplicate_sequence,verifier_authentication_total,29,2.3858,4.65472,4.882304,4.9644
snn32_seed7_forest_anomaly,warmup,exact_replay_receiver,reject,duplicate_sequence,verifier_quality_check,29,0.5418,0.6062,0.610352,0.6115
snn32_seed7_forest_anomaly,warmup,exact_replay_receiver,reject,duplicate_sequence,window_hmac_verification_calculation,29,0.0252,0.037359999999999983,0.04213599999999999,0.0432
snn32_seed7_forest_anomaly,warmup,fresh_to_first_window,accept,accepted,accepted_release_and_consumers,29,20.0936,22.577759999999998,23.098032,23.101
snn32_seed7_forest_anomaly,warmup,fresh_to_first_window,accept,accepted,admission_total,29,3.3452,4.16038,4.486324,4.5694
snn32_seed7_forest_anomaly,warmup,fresh_to_first_window,accept,accepted,anomaly_consumer_including_threshold,29,5.9849,6.47436,7.533383999999998,7.9141
snn32_seed7_forest_anomaly,warmup,fresh_to_first_window,accept,accepted,binary32_adapter,29,0.9936,1.2320799999999996,1.348344,1.368
snn32_seed7_forest_anomaly,warmup,fresh_to_first_window,accept,accepted,envelope_and_binary_parser,29,1.4352,1.619,1.65608,1.6691
snn32_seed7_forest_anomaly,warmup,fresh_to_first_window,accept,accepted,first_post_window_total,29,24.3097,27.05384,27.342296,27.3631
snn32_seed7_forest_anomaly,warmup,fresh_to_first_window,accept,accepted,independent_credential_verification,29,0.0451,0.0562,0.05788,0.0583
snn32_seed7_forest_anomaly,warmup,fresh_to_first_window,accept,accepted,local_authorization_including_verification,29,0.0618,0.0753,0.078292,0.0793
snn32_seed7_forest_anomaly,warmup,fresh_to_first_window,accept,accepted,local_challenge_binding,29,0.0074,0.00974,0.015155999999999992,0.0172
snn32_seed7_forest_anomaly,warmup,fresh_to_first_window,accept,accepted,local_request_binding,29,0.0092,0.01134,0.011572,0.0116
snn32_seed7_forest_anomaly,warmup,fresh_to_first_window,accept,accepted,motion_consumer_including_normalization,29,10.5023,11.77954,12.742907999999998,13.0835
snn32_seed7_forest_anomaly,warmup,fresh_to_first_window,accept,accepted,prepare_both_model_inputs,29,3.0427,3.48448,3.7002479999999993,3.781
snn32_seed7_forest_anomaly,warmup,fresh_to_first_window,accept,accepted,receiver_challenge,29,0.1185,0.1536,0.15996,0.1615
snn32_seed7_forest_anomaly,warmup,fresh_to_first_window,accept,accepted,receiver_confirmation,29,0.1011,0.11899999999999998,0.13467199999999996,0.1396
snn32_seed7_forest_anomaly,warmup,fresh_to_first_window,accept,accepted,receiver_local_admission,29,0.0094,0.012239999999999996,0.013232,0.0134
snn32_seed7_forest_anomaly,warmup,fresh_to_first_window,accept,accepted,reconstruction,29,2.6312,3.3363799999999997,3.6344439999999993,3.7192
snn32_seed7_forest_anomaly,warmup,fresh_to_first_window,accept,accepted,response_generation_simulator,29,0.1427,0.18623999999999996,0.2390559999999999,0.2579
snn32_seed7_forest_anomaly,warmup,fresh_to_first_window,accept,accepted,sender_activation,29,0.0775,0.09712,0.10088,0.102
snn32_seed7_forest_anomaly,warmup,fresh_to_first_window,accept,accepted,sender_admission_and_request,29,0.2,0.24629999999999996,0.250308,0.2507
snn32_seed7_forest_anomaly,warmup,fresh_to_first_window,accept,accepted,sender_audit_commit,29,0.0033,0.00376,0.003944,0.004
snn32_seed7_forest_anomaly,warmup,fresh_to_first_window,accept,accepted,sender_audit_prepare,29,0.0097,0.01174,0.013627999999999996,0.0143
snn32_seed7_forest_anomaly,warmup,fresh_to_first_window,accept,accepted,sender_audit_record,29,0.0962,0.11738,0.117932,0.1181
snn32_seed7_forest_anomaly,warmup,fresh_to_first_window,accept,accepted,sender_confirmation,29,0.074,0.08544,0.12793599999999994,0.1444
snn32_seed7_forest_anomaly,warmup,fresh_to_first_window,accept,accepted,sender_local_admission_claim,29,0.0109,0.014339999999999997,0.02922799999999998,0.0348
snn32_seed7_forest_anomaly,warmup,fresh_to_first_window,accept,accepted,sender_seal_total,29,1.1373,1.3365,1.5916599999999996,1.6849
snn32_seed7_forest_anomaly,warmup,fresh_to_first_window,accept,accepted,serialization_including_quality,29,0.973,1.1607999999999998,1.4169279999999995,1.5065
snn32_seed7_forest_anomaly,warmup,fresh_to_first_window,accept,accepted,verifier_audit_commit,29,0.0023,0.0026,0.0026,0.0026
snn32_seed7_forest_anomaly,warmup,fresh_to_first_window,accept,accepted,verifier_audit_prepare,29,0.0067,0.0076,0.007672,0.0077
snn32_seed7_forest_anomaly,warmup,fresh_to_first_window,accept,accepted,verifier_audit_record,29,0.0499,0.05772,0.063328,0.0654
snn32_seed7_forest_anomaly,warmup,fresh_to_first_window,accept,accepted,verifier_authentication_total,29,2.0697,2.36052,2.424336,2.4478
snn32_seed7_forest_anomaly,warmup,fresh_to_first_window,accept,accepted,verifier_quality_check,29,0.5268,0.62538,0.646732,0.6546
snn32_seed7_forest_anomaly,warmup,fresh_to_first_window,accept,accepted,window_hmac_generation,29,0.014,0.01756,0.017888,0.018
snn32_seed7_forest_anomaly,warmup,fresh_to_first_window,accept,accepted,window_hmac_verification_calculation,29,0.0148,0.01686,0.018699999999999998,0.0194
snn32_seed7_forest_anomaly,warmup,malformed_json_receiver,reject,malformed_message,envelope_and_binary_parser,29,0.0315,0.03796,0.04087999999999999,0.042
snn32_seed7_forest_anomaly,warmup,malformed_json_receiver,reject,malformed_message,verifier_audit_commit,29,0.0012,0.0017599999999999998,0.001872,0.0019
snn32_seed7_forest_anomaly,warmup,malformed_json_receiver,reject,malformed_message,verifier_audit_prepare,29,0.0034,0.004239999999999999,0.004472,0.0045
snn32_seed7_forest_anomaly,warmup,malformed_json_receiver,reject,malformed_message,verifier_audit_record,29,0.0377,0.044039999999999996,0.047104,0.048
snn32_seed7_forest_anomaly,warmup,malformed_json_receiver,reject,malformed_message,verifier_authentication_total,29,0.1094,0.13307999999999998,0.141664,0.1427
snn32_seed7_forest_anomaly,warmup,post_window_after_refusals,accept,accepted,accepted_release_and_consumers,29,18.9245,21.91744,23.031752,23.4235
snn32_seed7_forest_anomaly,warmup,post_window_after_refusals,accept,accepted,anomaly_consumer_including_threshold,29,4.7921,7.311899999999999,8.188059999999998,8.4318
snn32_seed7_forest_anomaly,warmup,post_window_after_refusals,accept,accepted,binary32_adapter,29,0.9768,1.10244,1.143592,1.1586
snn32_seed7_forest_anomaly,warmup,post_window_after_refusals,accept,accepted,envelope_and_binary_parser,29,1.4376,1.55378,1.564988,1.5679
snn32_seed7_forest_anomaly,warmup,post_window_after_refusals,accept,accepted,motion_consumer_including_normalization,29,9.9012,11.491099999999998,13.230267999999999,13.8314
snn32_seed7_forest_anomaly,warmup,post_window_after_refusals,accept,accepted,prepare_both_model_inputs,29,3.2309,3.55718,3.9218519999999994,4.063
snn32_seed7_forest_anomaly,warmup,post_window_after_refusals,accept,accepted,sender_audit_commit,29,0.0012,0.0013599999999999999,0.0015439999999999998,0.0016
snn32_seed7_forest_anomaly,warmup,post_window_after_refusals,accept,accepted,sender_audit_prepare,29,0.0034,0.00376,0.004663999999999998,0.005
snn32_seed7_forest_anomaly,warmup,post_window_after_refusals,accept,accepted,sender_audit_record,29,0.0361,0.04404,0.053415999999999984,0.057
snn32_seed7_forest_anomaly,warmup,post_window_after_refusals,accept,accepted,sender_seal_total,29,1.1381,1.2763,1.287996,1.2906
snn32_seed7_forest_anomaly,warmup,post_window_after_refusals,accept,accepted,serialization_including_quality,29,0.9702,1.09154,1.101468,1.1048
snn32_seed7_forest_anomaly,warmup,post_window_after_refusals,accept,accepted,verifier_audit_commit,29,0.0014,0.0017599999999999998,0.0019439999999999998,0.002
snn32_seed7_forest_anomaly,warmup,post_window_after_refusals,accept,accepted,verifier_audit_prepare,29,0.0038,0.005399999999999999,0.007831999999999997,0.0087
snn32_seed7_forest_anomaly,warmup,post_window_after_refusals,accept,accepted,verifier_audit_record,29,0.0216,0.02482,0.026483999999999997,0.0271
snn32_seed7_forest_anomaly,warmup,post_window_after_refusals,accept,accepted,verifier_authentication_total,29,2.1363,2.3078,2.384688,2.4121
snn32_seed7_forest_anomaly,warmup,post_window_after_refusals,accept,accepted,verifier_quality_check,29,0.5652,0.6213,0.658748,0.673
snn32_seed7_forest_anomaly,warmup,post_window_after_refusals,accept,accepted,window_hmac_generation,29,0.0216,0.030479999999999986,0.035616,0.0364
snn32_seed7_forest_anomaly,warmup,post_window_after_refusals,accept,accepted,window_hmac_verification_calculation,29,0.016,0.020979999999999995,0.022404,0.0226
snn32_seed7_forest_anomaly,warmup,post_window_recurring,accept,accepted,accepted_release_and_consumers,29,20.3208,22.668659999999996,24.821779999999997,25.462
snn32_seed7_forest_anomaly,warmup,post_window_recurring,accept,accepted,anomaly_consumer_including_threshold,29,5.8927,6.367099999999999,7.103331999999999,7.3478
snn32_seed7_forest_anomaly,warmup,post_window_recurring,accept,accepted,binary32_adapter,29,0.9973,1.08436,1.131248,1.142
snn32_seed7_forest_anomaly,warmup,post_window_recurring,accept,accepted,envelope_and_binary_parser,29,1.4615,1.58922,1.643828,1.6648
snn32_seed7_forest_anomaly,warmup,post_window_recurring,accept,accepted,motion_consumer_including_normalization,29,10.6109,12.297299999999998,13.278987999999998,13.5423
snn32_seed7_forest_anomaly,warmup,post_window_recurring,accept,accepted,prepare_both_model_inputs,29,3.2052,3.7529999999999997,3.908592,3.9481
snn32_seed7_forest_anomaly,warmup,post_window_recurring,accept,accepted,sender_audit_commit,29,0.0013,0.0015599999999999998,0.001672,0.0017
snn32_seed7_forest_anomaly,warmup,post_window_recurring,accept,accepted,sender_audit_prepare,29,0.004,0.00466,0.004916,0.005
snn32_seed7_forest_anomaly,warmup,post_window_recurring,accept,accepted,sender_audit_record,29,0.0572,0.07802,0.081828,0.0832
snn32_seed7_forest_anomaly,warmup,post_window_recurring,accept,accepted,sender_seal_total,29,1.23,1.35034,1.393476,1.4056
snn32_seed7_forest_anomaly,warmup,post_window_recurring,accept,accepted,serialization_including_quality,29,1.0047,1.11736,1.13648,1.1369
snn32_seed7_forest_anomaly,warmup,post_window_recurring,accept,accepted,verifier_audit_commit,29,0.0014,0.0015599999999999998,0.002175999999999999,0.0024
snn32_seed7_forest_anomaly,warmup,post_window_recurring,accept,accepted,verifier_audit_prepare,29,0.0039,0.00536,0.016775999999999982,0.0212
snn32_seed7_forest_anomaly,warmup,post_window_recurring,accept,accepted,verifier_audit_record,29,0.0231,0.0266,0.027104,0.0273
snn32_seed7_forest_anomaly,warmup,post_window_recurring,accept,accepted,verifier_authentication_total,29,2.1261,2.3442,2.402248,2.4172
snn32_seed7_forest_anomaly,warmup,post_window_recurring,accept,accepted,verifier_quality_check,29,0.5491,0.62502,0.63054,0.6311
snn32_seed7_forest_anomaly,warmup,post_window_recurring,accept,accepted,window_hmac_generation,29,0.0242,0.03354,0.0339,0.0339
snn32_seed7_forest_anomaly,warmup,post_window_recurring,accept,accepted,window_hmac_verification_calculation,29,0.0169,0.021959999999999993,0.027215999999999994,0.0287
snn32_seed7_forest_anomaly,warmup,pre_tag_quality_refusal,reject,data_quality_failure,binary32_adapter,29,1.0019,1.09452,1.1805119999999998,1.2126
snn32_seed7_forest_anomaly,warmup,pre_tag_quality_refusal,reject,data_quality_failure,sender_audit_commit,29,0.0013,0.0015199999999999997,0.0016,0.0016
snn32_seed7_forest_anomaly,warmup,pre_tag_quality_refusal,reject,data_quality_failure,sender_audit_prepare,29,0.0035,0.0041,0.004531999999999999,0.0047
snn32_seed7_forest_anomaly,warmup,pre_tag_quality_refusal,reject,data_quality_failure,sender_audit_record,29,0.0381,0.04412,0.045712,0.0463
snn32_seed7_forest_anomaly,warmup,pre_tag_quality_refusal,reject,data_quality_failure,sender_seal_total,29,0.5658,0.61698,0.620484,0.6218
snn32_seed7_forest_anomaly,warmup,pre_tag_quality_refusal,reject,data_quality_failure,serialization_including_quality,29,0.4564,0.49462,0.503068,0.5057
snn32_seed7_forest_anomaly,warmup,valid_receiver_after_bad_tag,accept,accepted,accepted_release_and_consumers,29,20.5145,21.3719,21.539092,21.6024
snn32_seed7_forest_anomaly,warmup,valid_receiver_after_bad_tag,accept,accepted,anomaly_consumer_including_threshold,29,5.8834,6.19792,6.306728,6.3326
snn32_seed7_forest_anomaly,warmup,valid_receiver_after_bad_tag,accept,accepted,envelope_and_binary_parser,29,1.2697,1.42544,1.5319599999999998,1.5678
snn32_seed7_forest_anomaly,warmup,valid_receiver_after_bad_tag,accept,accepted,motion_consumer_including_normalization,29,10.7878,11.51154,11.890268,12.0056
snn32_seed7_forest_anomaly,warmup,valid_receiver_after_bad_tag,accept,accepted,prepare_both_model_inputs,29,3.1413,3.53878,3.7218759999999995,3.7893
snn32_seed7_forest_anomaly,warmup,valid_receiver_after_bad_tag,accept,accepted,verifier_audit_commit,29,0.0013,0.0015,0.0016439999999999998,0.0017
snn32_seed7_forest_anomaly,warmup,valid_receiver_after_bad_tag,accept,accepted,verifier_audit_prepare,29,0.0037,0.0045,0.004859999999999999,0.005
snn32_seed7_forest_anomaly,warmup,valid_receiver_after_bad_tag,accept,accepted,verifier_audit_record,29,0.0305,0.03943999999999998,0.04855199999999999,0.0511
snn32_seed7_forest_anomaly,warmup,valid_receiver_after_bad_tag,accept,accepted,verifier_authentication_total,29,1.9523,2.18276,2.322728,2.3759
snn32_seed7_forest_anomaly,warmup,valid_receiver_after_bad_tag,accept,accepted,verifier_quality_check,29,0.5504,0.6398399999999999,0.66048,0.6616
snn32_seed7_forest_anomaly,warmup,valid_receiver_after_bad_tag,accept,accepted,window_hmac_verification_calculation,29,0.0154,0.018739999999999996,0.019964,0.0203
