condition,phase,path,decision,reason,category,count,p50_ms,p95_ms,p99_ms,max_ms,observations_with_registered_span,interpretation,accounting
logistic_motion_forest_anomaly,condition_first_use,bad_tag_receiver,reject,invalid_tag,admission_orchestration_unisolated,1,0.0,0.0,0.0,0.0,0,Admission orchestration remainder not covered by named children.,per-observation exclusive interval; no sum-of-percentiles total
logistic_motion_forest_anomaly,condition_first_use,bad_tag_receiver,reject,invalid_tag,anomaly_consumer,1,0.0,0.0,0.0,0.0,0,Anomaly consumer including feature scaling and frozen-threshold decision.,per-observation exclusive interval; no sum-of-percentiles total
logistic_motion_forest_anomaly,condition_first_use,bad_tag_receiver,reject,invalid_tag,binary32_adapter,1,0.0,0.0,0.0,0.0,0,Canonical binary32 input adaptation before sender sealing.,per-observation exclusive interval; no sum-of-percentiles total
logistic_motion_forest_anomaly,condition_first_use,bad_tag_receiver,reject,invalid_tag,credential_verification,1,0.0,0.0,0.0,0.0,0,Recorded independent credential-verification call(s).,per-observation exclusive interval; no sum-of-percentiles total
logistic_motion_forest_anomaly,condition_first_use,bad_tag_receiver,reject,invalid_tag,in_memory_audit_measured,1,0.0364,0.0364,0.0364,0.0364,1,"Recorded audit record/prepare/commit spans, exclusive of their children; not all audit-related overhead and not durable storage.",per-observation exclusive interval; no sum-of-percentiles total
logistic_motion_forest_anomaly,condition_first_use,bad_tag_receiver,reject,invalid_tag,local_admission_checks,1,0.0,0.0,0.0,0.0,0,"Measured local authorization/binding/consumption calls, excluding nested credential verification.",per-observation exclusive interval; no sum-of-percentiles total
logistic_motion_forest_anomaly,condition_first_use,bad_tag_receiver,reject,invalid_tag,model_input_preprocessing,1,0.0,0.0,0.0,0.0,0,Shared model-input preparation; model-specific normalization remains in consumer timing.,per-observation exclusive interval; no sum-of-percentiles total
logistic_motion_forest_anomaly,condition_first_use,bad_tag_receiver,reject,invalid_tag,motion_consumer,1,0.0,0.0,0.0,0.0,0,Motion consumer including normalization/tensor preparation/prediction decoding.,per-observation exclusive interval; no sum-of-percentiles total
logistic_motion_forest_anomaly,condition_first_use,bad_tag_receiver,reject,invalid_tag,outer_orchestration_unisolated,1,0.0129,0.0129,0.0129,0.0129,1,Direct root/first-post-window remainder outside named child spans.,per-observation exclusive interval; no sum-of-percentiles total
logistic_motion_forest_anomaly,condition_first_use,bad_tag_receiver,reject,invalid_tag,receiver_binding_sequence_state_unisolated,1,0.1117,0.1117,0.1117,0.1117,1,"Verifier remainder including binding, sequence checks, locks/state publication and observer work; NOT isolated sequence latency.",per-observation exclusive interval; no sum-of-percentiles total
logistic_motion_forest_anomaly,condition_first_use,bad_tag_receiver,reject,invalid_tag,receiver_parsing,1,1.4843,1.4843,1.4843,1.4843,1,Envelope and binary parser call.,per-observation exclusive interval; no sum-of-percentiles total
logistic_motion_forest_anomaly,condition_first_use,bad_tag_receiver,reject,invalid_tag,receiver_quality_check,1,0.0,0.0,0.0,0.0,0,Verifier quality-check call.,per-observation exclusive interval; no sum-of-percentiles total
logistic_motion_forest_anomaly,condition_first_use,bad_tag_receiver,reject,invalid_tag,receiver_window_hmac,1,0.0225,0.0225,0.0225,0.0225,1,"Recorded verifier window-tag calculation, not complete authentication.",per-observation exclusive interval; no sum-of-percentiles total
logistic_motion_forest_anomaly,condition_first_use,bad_tag_receiver,reject,invalid_tag,reconstruction,1,0.0,0.0,0.0,0.0,0,Actual recorded BCH reconstruction; includes any observer/GC delay.,per-observation exclusive interval; no sum-of-percentiles total
logistic_motion_forest_anomaly,condition_first_use,bad_tag_receiver,reject,invalid_tag,release_conversion_unisolated,1,0.0,0.0,0.0,0.0,0,Accepted release remainder including conversion/dispatch/observer work outside consumer children.,per-observation exclusive interval; no sum-of-percentiles total
logistic_motion_forest_anomaly,condition_first_use,bad_tag_receiver,reject,invalid_tag,sender_binding_unisolated,1,0.0,0.0,0.0,0.0,0,Sender seal remainder: binding/state/orchestration/observer work not separately timed.,per-observation exclusive interval; no sum-of-percentiles total
logistic_motion_forest_anomaly,condition_first_use,bad_tag_receiver,reject,invalid_tag,sender_serialization_and_quality,1,0.0,0.0,0.0,0.0,0,Sender serialization including its quality validation; not separately timed.,per-observation exclusive interval; no sum-of-percentiles total
logistic_motion_forest_anomaly,condition_first_use,bad_tag_receiver,reject,invalid_tag,sender_window_hmac,1,0.0,0.0,0.0,0.0,0,Recorded window-tag generation call.,per-observation exclusive interval; no sum-of-percentiles total
logistic_motion_forest_anomaly,condition_first_use,bad_tag_receiver,reject,invalid_tag,session_establishment_unisolated,1,0.0,0.0,0.0,0.0,0,"Handshake/request/activation remainder, including unseparated HKDF/confirmation work and observer cost.",per-observation exclusive interval; no sum-of-percentiles total
logistic_motion_forest_anomaly,condition_first_use,bad_tag_receiver,reject,invalid_tag,simulated_response_read,1,0.0,0.0,0.0,0.0,0,"Modeled response generation, not physical acquisition.",per-observation exclusive interval; no sum-of-percentiles total
logistic_motion_forest_anomaly,condition_first_use,exact_replay_receiver,reject,duplicate_sequence,admission_orchestration_unisolated,1,0.0,0.0,0.0,0.0,0,Admission orchestration remainder not covered by named children.,per-observation exclusive interval; no sum-of-percentiles total
logistic_motion_forest_anomaly,condition_first_use,exact_replay_receiver,reject,duplicate_sequence,anomaly_consumer,1,0.0,0.0,0.0,0.0,0,Anomaly consumer including feature scaling and frozen-threshold decision.,per-observation exclusive interval; no sum-of-percentiles total
logistic_motion_forest_anomaly,condition_first_use,exact_replay_receiver,reject,duplicate_sequence,binary32_adapter,1,0.0,0.0,0.0,0.0,0,Canonical binary32 input adaptation before sender sealing.,per-observation exclusive interval; no sum-of-percentiles total
logistic_motion_forest_anomaly,condition_first_use,exact_replay_receiver,reject,duplicate_sequence,credential_verification,1,0.0,0.0,0.0,0.0,0,Recorded independent credential-verification call(s).,per-observation exclusive interval; no sum-of-percentiles total
logistic_motion_forest_anomaly,condition_first_use,exact_replay_receiver,reject,duplicate_sequence,in_memory_audit_measured,1,0.0547,0.0547,0.0547,0.0547,1,"Recorded audit record/prepare/commit spans, exclusive of their children; not all audit-related overhead and not durable storage.",per-observation exclusive interval; no sum-of-percentiles total
logistic_motion_forest_anomaly,condition_first_use,exact_replay_receiver,reject,duplicate_sequence,local_admission_checks,1,0.0,0.0,0.0,0.0,0,"Measured local authorization/binding/consumption calls, excluding nested credential verification.",per-observation exclusive interval; no sum-of-percentiles total
logistic_motion_forest_anomaly,condition_first_use,exact_replay_receiver,reject,duplicate_sequence,model_input_preprocessing,1,0.0,0.0,0.0,0.0,0,Shared model-input preparation; model-specific normalization remains in consumer timing.,per-observation exclusive interval; no sum-of-percentiles total
logistic_motion_forest_anomaly,condition_first_use,exact_replay_receiver,reject,duplicate_sequence,motion_consumer,1,0.0,0.0,0.0,0.0,0,Motion consumer including normalization/tensor preparation/prediction decoding.,per-observation exclusive interval; no sum-of-percentiles total
logistic_motion_forest_anomaly,condition_first_use,exact_replay_receiver,reject,duplicate_sequence,outer_orchestration_unisolated,1,0.0112,0.0112,0.0112,0.0112,1,Direct root/first-post-window remainder outside named child spans.,per-observation exclusive interval; no sum-of-percentiles total
logistic_motion_forest_anomaly,condition_first_use,exact_replay_receiver,reject,duplicate_sequence,receiver_binding_sequence_state_unisolated,1,0.1312,0.1312,0.1312,0.1312,1,"Verifier remainder including binding, sequence checks, locks/state publication and observer work; NOT isolated sequence latency.",per-observation exclusive interval; no sum-of-percentiles total
logistic_motion_forest_anomaly,condition_first_use,exact_replay_receiver,reject,duplicate_sequence,receiver_parsing,1,1.7811,1.7811,1.7811,1.7811,1,Envelope and binary parser call.,per-observation exclusive interval; no sum-of-percentiles total
logistic_motion_forest_anomaly,condition_first_use,exact_replay_receiver,reject,duplicate_sequence,receiver_quality_check,1,0.6745,0.6745,0.6745,0.6745,1,Verifier quality-check call.,per-observation exclusive interval; no sum-of-percentiles total
logistic_motion_forest_anomaly,condition_first_use,exact_replay_receiver,reject,duplicate_sequence,receiver_window_hmac,1,0.028,0.028,0.028,0.028,1,"Recorded verifier window-tag calculation, not complete authentication.",per-observation exclusive interval; no sum-of-percentiles total
logistic_motion_forest_anomaly,condition_first_use,exact_replay_receiver,reject,duplicate_sequence,reconstruction,1,0.0,0.0,0.0,0.0,0,Actual recorded BCH reconstruction; includes any observer/GC delay.,per-observation exclusive interval; no sum-of-percentiles total
logistic_motion_forest_anomaly,condition_first_use,exact_replay_receiver,reject,duplicate_sequence,release_conversion_unisolated,1,0.0,0.0,0.0,0.0,0,Accepted release remainder including conversion/dispatch/observer work outside consumer children.,per-observation exclusive interval; no sum-of-percentiles total
logistic_motion_forest_anomaly,condition_first_use,exact_replay_receiver,reject,duplicate_sequence,sender_binding_unisolated,1,0.0,0.0,0.0,0.0,0,Sender seal remainder: binding/state/orchestration/observer work not separately timed.,per-observation exclusive interval; no sum-of-percentiles total
logistic_motion_forest_anomaly,condition_first_use,exact_replay_receiver,reject,duplicate_sequence,sender_serialization_and_quality,1,0.0,0.0,0.0,0.0,0,Sender serialization including its quality validation; not separately timed.,per-observation exclusive interval; no sum-of-percentiles total
logistic_motion_forest_anomaly,condition_first_use,exact_replay_receiver,reject,duplicate_sequence,sender_window_hmac,1,0.0,0.0,0.0,0.0,0,Recorded window-tag generation call.,per-observation exclusive interval; no sum-of-percentiles total
logistic_motion_forest_anomaly,condition_first_use,exact_replay_receiver,reject,duplicate_sequence,session_establishment_unisolated,1,0.0,0.0,0.0,0.0,0,"Handshake/request/activation remainder, including unseparated HKDF/confirmation work and observer cost.",per-observation exclusive interval; no sum-of-percentiles total
logistic_motion_forest_anomaly,condition_first_use,exact_replay_receiver,reject,duplicate_sequence,simulated_response_read,1,0.0,0.0,0.0,0.0,0,"Modeled response generation, not physical acquisition.",per-observation exclusive interval; no sum-of-percentiles total
logistic_motion_forest_anomaly,condition_first_use,fresh_to_first_window,accept,accepted,admission_orchestration_unisolated,1,0.0807,0.0807,0.0807,0.0807,1,Admission orchestration remainder not covered by named children.,per-observation exclusive interval; no sum-of-percentiles total
logistic_motion_forest_anomaly,condition_first_use,fresh_to_first_window,accept,accepted,anomaly_consumer,1,8.5642,8.5642,8.5642,8.5642,1,Anomaly consumer including feature scaling and frozen-threshold decision.,per-observation exclusive interval; no sum-of-percentiles total
logistic_motion_forest_anomaly,condition_first_use,fresh_to_first_window,accept,accepted,binary32_adapter,1,1.2845,1.2845,1.2845,1.2845,1,Canonical binary32 input adaptation before sender sealing.,per-observation exclusive interval; no sum-of-percentiles total
logistic_motion_forest_anomaly,condition_first_use,fresh_to_first_window,accept,accepted,credential_verification,1,0.0763,0.0763,0.0763,0.0763,1,Recorded independent credential-verification call(s).,per-observation exclusive interval; no sum-of-percentiles total
logistic_motion_forest_anomaly,condition_first_use,fresh_to_first_window,accept,accepted,in_memory_audit_measured,1,0.2818,0.2818,0.2818,0.2818,1,"Recorded audit record/prepare/commit spans, exclusive of their children; not all audit-related overhead and not durable storage.",per-observation exclusive interval; no sum-of-percentiles total
logistic_motion_forest_anomaly,condition_first_use,fresh_to_first_window,accept,accepted,local_admission_checks,1,0.4654,0.4654,0.4654,0.4654,1,"Measured local authorization/binding/consumption calls, excluding nested credential verification.",per-observation exclusive interval; no sum-of-percentiles total
logistic_motion_forest_anomaly,condition_first_use,fresh_to_first_window,accept,accepted,model_input_preprocessing,1,3.9177,3.9177,3.9177,3.9177,1,Shared model-input preparation; model-specific normalization remains in consumer timing.,per-observation exclusive interval; no sum-of-percentiles total
logistic_motion_forest_anomaly,condition_first_use,fresh_to_first_window,accept,accepted,motion_consumer,1,0.7652,0.7652,0.7652,0.7652,1,Motion consumer including normalization/tensor preparation/prediction decoding.,per-observation exclusive interval; no sum-of-percentiles total
logistic_motion_forest_anomaly,condition_first_use,fresh_to_first_window,accept,accepted,outer_orchestration_unisolated,1,0.2228,0.2228,0.2228,0.2228,1,Direct root/first-post-window remainder outside named child spans.,per-observation exclusive interval; no sum-of-percentiles total
logistic_motion_forest_anomaly,condition_first_use,fresh_to_first_window,accept,accepted,receiver_binding_sequence_state_unisolated,1,0.093,0.093,0.093,0.093,1,"Verifier remainder including binding, sequence checks, locks/state publication and observer work; NOT isolated sequence latency.",per-observation exclusive interval; no sum-of-percentiles total
logistic_motion_forest_anomaly,condition_first_use,fresh_to_first_window,accept,accepted,receiver_parsing,1,2.8654,2.8654,2.8654,2.8654,1,Envelope and binary parser call.,per-observation exclusive interval; no sum-of-percentiles total
logistic_motion_forest_anomaly,condition_first_use,fresh_to_first_window,accept,accepted,receiver_quality_check,1,0.6256,0.6256,0.6256,0.6256,1,Verifier quality-check call.,per-observation exclusive interval; no sum-of-percentiles total
logistic_motion_forest_anomaly,condition_first_use,fresh_to_first_window,accept,accepted,receiver_window_hmac,1,0.0199,0.0199,0.0199,0.0199,1,"Recorded verifier window-tag calculation, not complete authentication.",per-observation exclusive interval; no sum-of-percentiles total
logistic_motion_forest_anomaly,condition_first_use,fresh_to_first_window,accept,accepted,reconstruction,1,6.3248,6.3248,6.3248,6.3248,1,Actual recorded BCH reconstruction; includes any observer/GC delay.,per-observation exclusive interval; no sum-of-percentiles total
logistic_motion_forest_anomaly,condition_first_use,fresh_to_first_window,accept,accepted,release_conversion_unisolated,1,0.5703,0.5703,0.5703,0.5703,1,Accepted release remainder including conversion/dispatch/observer work outside consumer children.,per-observation exclusive interval; no sum-of-percentiles total
logistic_motion_forest_anomaly,condition_first_use,fresh_to_first_window,accept,accepted,sender_binding_unisolated,1,0.1426,0.1426,0.1426,0.1426,1,Sender seal remainder: binding/state/orchestration/observer work not separately timed.,per-observation exclusive interval; no sum-of-percentiles total
logistic_motion_forest_anomaly,condition_first_use,fresh_to_first_window,accept,accepted,sender_serialization_and_quality,1,1.2072,1.2072,1.2072,1.2072,1,Sender serialization including its quality validation; not separately timed.,per-observation exclusive interval; no sum-of-percentiles total
logistic_motion_forest_anomaly,condition_first_use,fresh_to_first_window,accept,accepted,sender_window_hmac,1,0.0203,0.0203,0.0203,0.0203,1,Recorded window-tag generation call.,per-observation exclusive interval; no sum-of-percentiles total
logistic_motion_forest_anomaly,condition_first_use,fresh_to_first_window,accept,accepted,session_establishment_unisolated,1,0.6632,0.6632,0.6632,0.6632,1,"Handshake/request/activation remainder, including unseparated HKDF/confirmation work and observer cost.",per-observation exclusive interval; no sum-of-percentiles total
logistic_motion_forest_anomaly,condition_first_use,fresh_to_first_window,accept,accepted,simulated_response_read,1,0.1637,0.1637,0.1637,0.1637,1,"Modeled response generation, not physical acquisition.",per-observation exclusive interval; no sum-of-percentiles total
logistic_motion_forest_anomaly,condition_first_use,malformed_json_receiver,reject,malformed_message,admission_orchestration_unisolated,1,0.0,0.0,0.0,0.0,0,Admission orchestration remainder not covered by named children.,per-observation exclusive interval; no sum-of-percentiles total
logistic_motion_forest_anomaly,condition_first_use,malformed_json_receiver,reject,malformed_message,anomaly_consumer,1,0.0,0.0,0.0,0.0,0,Anomaly consumer including feature scaling and frozen-threshold decision.,per-observation exclusive interval; no sum-of-percentiles total
logistic_motion_forest_anomaly,condition_first_use,malformed_json_receiver,reject,malformed_message,binary32_adapter,1,0.0,0.0,0.0,0.0,0,Canonical binary32 input adaptation before sender sealing.,per-observation exclusive interval; no sum-of-percentiles total
logistic_motion_forest_anomaly,condition_first_use,malformed_json_receiver,reject,malformed_message,credential_verification,1,0.0,0.0,0.0,0.0,0,Recorded independent credential-verification call(s).,per-observation exclusive interval; no sum-of-percentiles total
logistic_motion_forest_anomaly,condition_first_use,malformed_json_receiver,reject,malformed_message,in_memory_audit_measured,1,0.056,0.056,0.056,0.056,1,"Recorded audit record/prepare/commit spans, exclusive of their children; not all audit-related overhead and not durable storage.",per-observation exclusive interval; no sum-of-percentiles total
logistic_motion_forest_anomaly,condition_first_use,malformed_json_receiver,reject,malformed_message,local_admission_checks,1,0.0,0.0,0.0,0.0,0,"Measured local authorization/binding/consumption calls, excluding nested credential verification.",per-observation exclusive interval; no sum-of-percentiles total
logistic_motion_forest_anomaly,condition_first_use,malformed_json_receiver,reject,malformed_message,model_input_preprocessing,1,0.0,0.0,0.0,0.0,0,Shared model-input preparation; model-specific normalization remains in consumer timing.,per-observation exclusive interval; no sum-of-percentiles total
logistic_motion_forest_anomaly,condition_first_use,malformed_json_receiver,reject,malformed_message,motion_consumer,1,0.0,0.0,0.0,0.0,0,Motion consumer including normalization/tensor preparation/prediction decoding.,per-observation exclusive interval; no sum-of-percentiles total
logistic_motion_forest_anomaly,condition_first_use,malformed_json_receiver,reject,malformed_message,outer_orchestration_unisolated,1,0.0094,0.0094,0.0094,0.0094,1,Direct root/first-post-window remainder outside named child spans.,per-observation exclusive interval; no sum-of-percentiles total
logistic_motion_forest_anomaly,condition_first_use,malformed_json_receiver,reject,malformed_message,receiver_binding_sequence_state_unisolated,1,0.0462,0.0462,0.0462,0.0462,1,"Verifier remainder including binding, sequence checks, locks/state publication and observer work; NOT isolated sequence latency.",per-observation exclusive interval; no sum-of-percentiles total
logistic_motion_forest_anomaly,condition_first_use,malformed_json_receiver,reject,malformed_message,receiver_parsing,1,0.0361,0.0361,0.0361,0.0361,1,Envelope and binary parser call.,per-observation exclusive interval; no sum-of-percentiles total
logistic_motion_forest_anomaly,condition_first_use,malformed_json_receiver,reject,malformed_message,receiver_quality_check,1,0.0,0.0,0.0,0.0,0,Verifier quality-check call.,per-observation exclusive interval; no sum-of-percentiles total
logistic_motion_forest_anomaly,condition_first_use,malformed_json_receiver,reject,malformed_message,receiver_window_hmac,1,0.0,0.0,0.0,0.0,0,"Recorded verifier window-tag calculation, not complete authentication.",per-observation exclusive interval; no sum-of-percentiles total
logistic_motion_forest_anomaly,condition_first_use,malformed_json_receiver,reject,malformed_message,reconstruction,1,0.0,0.0,0.0,0.0,0,Actual recorded BCH reconstruction; includes any observer/GC delay.,per-observation exclusive interval; no sum-of-percentiles total
logistic_motion_forest_anomaly,condition_first_use,malformed_json_receiver,reject,malformed_message,release_conversion_unisolated,1,0.0,0.0,0.0,0.0,0,Accepted release remainder including conversion/dispatch/observer work outside consumer children.,per-observation exclusive interval; no sum-of-percentiles total
logistic_motion_forest_anomaly,condition_first_use,malformed_json_receiver,reject,malformed_message,sender_binding_unisolated,1,0.0,0.0,0.0,0.0,0,Sender seal remainder: binding/state/orchestration/observer work not separately timed.,per-observation exclusive interval; no sum-of-percentiles total
logistic_motion_forest_anomaly,condition_first_use,malformed_json_receiver,reject,malformed_message,sender_serialization_and_quality,1,0.0,0.0,0.0,0.0,0,Sender serialization including its quality validation; not separately timed.,per-observation exclusive interval; no sum-of-percentiles total
logistic_motion_forest_anomaly,condition_first_use,malformed_json_receiver,reject,malformed_message,sender_window_hmac,1,0.0,0.0,0.0,0.0,0,Recorded window-tag generation call.,per-observation exclusive interval; no sum-of-percentiles total
logistic_motion_forest_anomaly,condition_first_use,malformed_json_receiver,reject,malformed_message,session_establishment_unisolated,1,0.0,0.0,0.0,0.0,0,"Handshake/request/activation remainder, including unseparated HKDF/confirmation work and observer cost.",per-observation exclusive interval; no sum-of-percentiles total
logistic_motion_forest_anomaly,condition_first_use,malformed_json_receiver,reject,malformed_message,simulated_response_read,1,0.0,0.0,0.0,0.0,0,"Modeled response generation, not physical acquisition.",per-observation exclusive interval; no sum-of-percentiles total
logistic_motion_forest_anomaly,condition_first_use,post_window_after_refusals,accept,accepted,admission_orchestration_unisolated,1,0.0,0.0,0.0,0.0,0,Admission orchestration remainder not covered by named children.,per-observation exclusive interval; no sum-of-percentiles total
logistic_motion_forest_anomaly,condition_first_use,post_window_after_refusals,accept,accepted,anomaly_consumer,1,7.5957,7.5957,7.5957,7.5957,1,Anomaly consumer including feature scaling and frozen-threshold decision.,per-observation exclusive interval; no sum-of-percentiles total
logistic_motion_forest_anomaly,condition_first_use,post_window_after_refusals,accept,accepted,binary32_adapter,1,1.1168,1.1168,1.1168,1.1168,1,Canonical binary32 input adaptation before sender sealing.,per-observation exclusive interval; no sum-of-percentiles total
logistic_motion_forest_anomaly,condition_first_use,post_window_after_refusals,accept,accepted,credential_verification,1,0.0,0.0,0.0,0.0,0,Recorded independent credential-verification call(s).,per-observation exclusive interval; no sum-of-percentiles total
logistic_motion_forest_anomaly,condition_first_use,post_window_after_refusals,accept,accepted,in_memory_audit_measured,1,0.0775,0.0775,0.0775,0.0775,1,"Recorded audit record/prepare/commit spans, exclusive of their children; not all audit-related overhead and not durable storage.",per-observation exclusive interval; no sum-of-percentiles total
logistic_motion_forest_anomaly,condition_first_use,post_window_after_refusals,accept,accepted,local_admission_checks,1,0.0,0.0,0.0,0.0,0,"Measured local authorization/binding/consumption calls, excluding nested credential verification.",per-observation exclusive interval; no sum-of-percentiles total
logistic_motion_forest_anomaly,condition_first_use,post_window_after_refusals,accept,accepted,model_input_preprocessing,1,3.4672,3.4672,3.4672,3.4672,1,Shared model-input preparation; model-specific normalization remains in consumer timing.,per-observation exclusive interval; no sum-of-percentiles total
logistic_motion_forest_anomaly,condition_first_use,post_window_after_refusals,accept,accepted,motion_consumer,1,0.6833,0.6833,0.6833,0.6833,1,Motion consumer including normalization/tensor preparation/prediction decoding.,per-observation exclusive interval; no sum-of-percentiles total
logistic_motion_forest_anomaly,condition_first_use,post_window_after_refusals,accept,accepted,outer_orchestration_unisolated,1,0.0863,0.0863,0.0863,0.0863,1,Direct root/first-post-window remainder outside named child spans.,per-observation exclusive interval; no sum-of-percentiles total
logistic_motion_forest_anomaly,condition_first_use,post_window_after_refusals,accept,accepted,receiver_binding_sequence_state_unisolated,1,0.0804,0.0804,0.0804,0.0804,1,"Verifier remainder including binding, sequence checks, locks/state publication and observer work; NOT isolated sequence latency.",per-observation exclusive interval; no sum-of-percentiles total
logistic_motion_forest_anomaly,condition_first_use,post_window_after_refusals,accept,accepted,receiver_parsing,1,1.4683,1.4683,1.4683,1.4683,1,Envelope and binary parser call.,per-observation exclusive interval; no sum-of-percentiles total
logistic_motion_forest_anomaly,condition_first_use,post_window_after_refusals,accept,accepted,receiver_quality_check,1,0.5897,0.5897,0.5897,0.5897,1,Verifier quality-check call.,per-observation exclusive interval; no sum-of-percentiles total
logistic_motion_forest_anomaly,condition_first_use,post_window_after_refusals,accept,accepted,receiver_window_hmac,1,0.0183,0.0183,0.0183,0.0183,1,"Recorded verifier window-tag calculation, not complete authentication.",per-observation exclusive interval; no sum-of-percentiles total
logistic_motion_forest_anomaly,condition_first_use,post_window_after_refusals,accept,accepted,reconstruction,1,0.0,0.0,0.0,0.0,0,Actual recorded BCH reconstruction; includes any observer/GC delay.,per-observation exclusive interval; no sum-of-percentiles total
logistic_motion_forest_anomaly,condition_first_use,post_window_after_refusals,accept,accepted,release_conversion_unisolated,1,0.5079,0.5079,0.5079,0.5079,1,Accepted release remainder including conversion/dispatch/observer work outside consumer children.,per-observation exclusive interval; no sum-of-percentiles total
logistic_motion_forest_anomaly,condition_first_use,post_window_after_refusals,accept,accepted,sender_binding_unisolated,1,0.1209,0.1209,0.1209,0.1209,1,Sender seal remainder: binding/state/orchestration/observer work not separately timed.,per-observation exclusive interval; no sum-of-percentiles total
logistic_motion_forest_anomaly,condition_first_use,post_window_after_refusals,accept,accepted,sender_serialization_and_quality,1,1.0584,1.0584,1.0584,1.0584,1,Sender serialization including its quality validation; not separately timed.,per-observation exclusive interval; no sum-of-percentiles total
logistic_motion_forest_anomaly,condition_first_use,post_window_after_refusals,accept,accepted,sender_window_hmac,1,0.028,0.028,0.028,0.028,1,Recorded window-tag generation call.,per-observation exclusive interval; no sum-of-percentiles total
logistic_motion_forest_anomaly,condition_first_use,post_window_after_refusals,accept,accepted,session_establishment_unisolated,1,0.0,0.0,0.0,0.0,0,"Handshake/request/activation remainder, including unseparated HKDF/confirmation work and observer cost.",per-observation exclusive interval; no sum-of-percentiles total
logistic_motion_forest_anomaly,condition_first_use,post_window_after_refusals,accept,accepted,simulated_response_read,1,0.0,0.0,0.0,0.0,0,"Modeled response generation, not physical acquisition.",per-observation exclusive interval; no sum-of-percentiles total
logistic_motion_forest_anomaly,condition_first_use,post_window_recurring,accept,accepted,admission_orchestration_unisolated,1,0.0,0.0,0.0,0.0,0,Admission orchestration remainder not covered by named children.,per-observation exclusive interval; no sum-of-percentiles total
logistic_motion_forest_anomaly,condition_first_use,post_window_recurring,accept,accepted,anomaly_consumer,1,6.0397,6.0397,6.0397,6.0397,1,Anomaly consumer including feature scaling and frozen-threshold decision.,per-observation exclusive interval; no sum-of-percentiles total
logistic_motion_forest_anomaly,condition_first_use,post_window_recurring,accept,accepted,binary32_adapter,1,1.0939,1.0939,1.0939,1.0939,1,Canonical binary32 input adaptation before sender sealing.,per-observation exclusive interval; no sum-of-percentiles total
logistic_motion_forest_anomaly,condition_first_use,post_window_recurring,accept,accepted,credential_verification,1,0.0,0.0,0.0,0.0,0,Recorded independent credential-verification call(s).,per-observation exclusive interval; no sum-of-percentiles total
logistic_motion_forest_anomaly,condition_first_use,post_window_recurring,accept,accepted,in_memory_audit_measured,1,0.1268,0.1268,0.1268,0.1268,1,"Recorded audit record/prepare/commit spans, exclusive of their children; not all audit-related overhead and not durable storage.",per-observation exclusive interval; no sum-of-percentiles total
logistic_motion_forest_anomaly,condition_first_use,post_window_recurring,accept,accepted,local_admission_checks,1,0.0,0.0,0.0,0.0,0,"Measured local authorization/binding/consumption calls, excluding nested credential verification.",per-observation exclusive interval; no sum-of-percentiles total
logistic_motion_forest_anomaly,condition_first_use,post_window_recurring,accept,accepted,model_input_preprocessing,1,4.0249,4.0249,4.0249,4.0249,1,Shared model-input preparation; model-specific normalization remains in consumer timing.,per-observation exclusive interval; no sum-of-percentiles total
logistic_motion_forest_anomaly,condition_first_use,post_window_recurring,accept,accepted,motion_consumer,1,1.1806,1.1806,1.1806,1.1806,1,Motion consumer including normalization/tensor preparation/prediction decoding.,per-observation exclusive interval; no sum-of-percentiles total
logistic_motion_forest_anomaly,condition_first_use,post_window_recurring,accept,accepted,outer_orchestration_unisolated,1,0.1117,0.1117,0.1117,0.1117,1,Direct root/first-post-window remainder outside named child spans.,per-observation exclusive interval; no sum-of-percentiles total
logistic_motion_forest_anomaly,condition_first_use,post_window_recurring,accept,accepted,receiver_binding_sequence_state_unisolated,1,0.1195,0.1195,0.1195,0.1195,1,"Verifier remainder including binding, sequence checks, locks/state publication and observer work; NOT isolated sequence latency.",per-observation exclusive interval; no sum-of-percentiles total
logistic_motion_forest_anomaly,condition_first_use,post_window_recurring,accept,accepted,receiver_parsing,1,1.7302,1.7302,1.7302,1.7302,1,Envelope and binary parser call.,per-observation exclusive interval; no sum-of-percentiles total
logistic_motion_forest_anomaly,condition_first_use,post_window_recurring,accept,accepted,receiver_quality_check,1,0.6036,0.6036,0.6036,0.6036,1,Verifier quality-check call.,per-observation exclusive interval; no sum-of-percentiles total
logistic_motion_forest_anomaly,condition_first_use,post_window_recurring,accept,accepted,receiver_window_hmac,1,0.0281,0.0281,0.0281,0.0281,1,"Recorded verifier window-tag calculation, not complete authentication.",per-observation exclusive interval; no sum-of-percentiles total
logistic_motion_forest_anomaly,condition_first_use,post_window_recurring,accept,accepted,reconstruction,1,0.0,0.0,0.0,0.0,0,Actual recorded BCH reconstruction; includes any observer/GC delay.,per-observation exclusive interval; no sum-of-percentiles total
logistic_motion_forest_anomaly,condition_first_use,post_window_recurring,accept,accepted,release_conversion_unisolated,1,0.5484,0.5484,0.5484,0.5484,1,Accepted release remainder including conversion/dispatch/observer work outside consumer children.,per-observation exclusive interval; no sum-of-percentiles total
logistic_motion_forest_anomaly,condition_first_use,post_window_recurring,accept,accepted,sender_binding_unisolated,1,0.1523,0.1523,0.1523,0.1523,1,Sender seal remainder: binding/state/orchestration/observer work not separately timed.,per-observation exclusive interval; no sum-of-percentiles total
logistic_motion_forest_anomaly,condition_first_use,post_window_recurring,accept,accepted,sender_serialization_and_quality,1,1.0984,1.0984,1.0984,1.0984,1,Sender serialization including its quality validation; not separately timed.,per-observation exclusive interval; no sum-of-percentiles total
logistic_motion_forest_anomaly,condition_first_use,post_window_recurring,accept,accepted,sender_window_hmac,1,0.0364,0.0364,0.0364,0.0364,1,Recorded window-tag generation call.,per-observation exclusive interval; no sum-of-percentiles total
logistic_motion_forest_anomaly,condition_first_use,post_window_recurring,accept,accepted,session_establishment_unisolated,1,0.0,0.0,0.0,0.0,0,"Handshake/request/activation remainder, including unseparated HKDF/confirmation work and observer cost.",per-observation exclusive interval; no sum-of-percentiles total
logistic_motion_forest_anomaly,condition_first_use,post_window_recurring,accept,accepted,simulated_response_read,1,0.0,0.0,0.0,0.0,0,"Modeled response generation, not physical acquisition.",per-observation exclusive interval; no sum-of-percentiles total
logistic_motion_forest_anomaly,condition_first_use,pre_tag_quality_refusal,reject,data_quality_failure,admission_orchestration_unisolated,1,0.0,0.0,0.0,0.0,0,Admission orchestration remainder not covered by named children.,per-observation exclusive interval; no sum-of-percentiles total
logistic_motion_forest_anomaly,condition_first_use,pre_tag_quality_refusal,reject,data_quality_failure,anomaly_consumer,1,0.0,0.0,0.0,0.0,0,Anomaly consumer including feature scaling and frozen-threshold decision.,per-observation exclusive interval; no sum-of-percentiles total
logistic_motion_forest_anomaly,condition_first_use,pre_tag_quality_refusal,reject,data_quality_failure,binary32_adapter,1,1.4966,1.4966,1.4966,1.4966,1,Canonical binary32 input adaptation before sender sealing.,per-observation exclusive interval; no sum-of-percentiles total
logistic_motion_forest_anomaly,condition_first_use,pre_tag_quality_refusal,reject,data_quality_failure,credential_verification,1,0.0,0.0,0.0,0.0,0,Recorded independent credential-verification call(s).,per-observation exclusive interval; no sum-of-percentiles total
logistic_motion_forest_anomaly,condition_first_use,pre_tag_quality_refusal,reject,data_quality_failure,in_memory_audit_measured,1,0.0571,0.0571,0.0571,0.0571,1,"Recorded audit record/prepare/commit spans, exclusive of their children; not all audit-related overhead and not durable storage.",per-observation exclusive interval; no sum-of-percentiles total
logistic_motion_forest_anomaly,condition_first_use,pre_tag_quality_refusal,reject,data_quality_failure,local_admission_checks,1,0.0,0.0,0.0,0.0,0,"Measured local authorization/binding/consumption calls, excluding nested credential verification.",per-observation exclusive interval; no sum-of-percentiles total
logistic_motion_forest_anomaly,condition_first_use,pre_tag_quality_refusal,reject,data_quality_failure,model_input_preprocessing,1,0.0,0.0,0.0,0.0,0,Shared model-input preparation; model-specific normalization remains in consumer timing.,per-observation exclusive interval; no sum-of-percentiles total
logistic_motion_forest_anomaly,condition_first_use,pre_tag_quality_refusal,reject,data_quality_failure,motion_consumer,1,0.0,0.0,0.0,0.0,0,Motion consumer including normalization/tensor preparation/prediction decoding.,per-observation exclusive interval; no sum-of-percentiles total
logistic_motion_forest_anomaly,condition_first_use,pre_tag_quality_refusal,reject,data_quality_failure,outer_orchestration_unisolated,1,0.1721,0.1721,0.1721,0.1721,1,Direct root/first-post-window remainder outside named child spans.,per-observation exclusive interval; no sum-of-percentiles total
logistic_motion_forest_anomaly,condition_first_use,pre_tag_quality_refusal,reject,data_quality_failure,receiver_binding_sequence_state_unisolated,1,0.0,0.0,0.0,0.0,0,"Verifier remainder including binding, sequence checks, locks/state publication and observer work; NOT isolated sequence latency.",per-observation exclusive interval; no sum-of-percentiles total
logistic_motion_forest_anomaly,condition_first_use,pre_tag_quality_refusal,reject,data_quality_failure,receiver_parsing,1,0.0,0.0,0.0,0.0,0,Envelope and binary parser call.,per-observation exclusive interval; no sum-of-percentiles total
logistic_motion_forest_anomaly,condition_first_use,pre_tag_quality_refusal,reject,data_quality_failure,receiver_quality_check,1,0.0,0.0,0.0,0.0,0,Verifier quality-check call.,per-observation exclusive interval; no sum-of-percentiles total
logistic_motion_forest_anomaly,condition_first_use,pre_tag_quality_refusal,reject,data_quality_failure,receiver_window_hmac,1,0.0,0.0,0.0,0.0,0,"Recorded verifier window-tag calculation, not complete authentication.",per-observation exclusive interval; no sum-of-percentiles total
logistic_motion_forest_anomaly,condition_first_use,pre_tag_quality_refusal,reject,data_quality_failure,reconstruction,1,0.0,0.0,0.0,0.0,0,Actual recorded BCH reconstruction; includes any observer/GC delay.,per-observation exclusive interval; no sum-of-percentiles total
logistic_motion_forest_anomaly,condition_first_use,pre_tag_quality_refusal,reject,data_quality_failure,release_conversion_unisolated,1,0.0,0.0,0.0,0.0,0,Accepted release remainder including conversion/dispatch/observer work outside consumer children.,per-observation exclusive interval; no sum-of-percentiles total
logistic_motion_forest_anomaly,condition_first_use,pre_tag_quality_refusal,reject,data_quality_failure,sender_binding_unisolated,1,0.0957,0.0957,0.0957,0.0957,1,Sender seal remainder: binding/state/orchestration/observer work not separately timed.,per-observation exclusive interval; no sum-of-percentiles total
logistic_motion_forest_anomaly,condition_first_use,pre_tag_quality_refusal,reject,data_quality_failure,sender_serialization_and_quality,1,0.5587,0.5587,0.5587,0.5587,1,Sender serialization including its quality validation; not separately timed.,per-observation exclusive interval; no sum-of-percentiles total
logistic_motion_forest_anomaly,condition_first_use,pre_tag_quality_refusal,reject,data_quality_failure,sender_window_hmac,1,0.0,0.0,0.0,0.0,0,Recorded window-tag generation call.,per-observation exclusive interval; no sum-of-percentiles total
logistic_motion_forest_anomaly,condition_first_use,pre_tag_quality_refusal,reject,data_quality_failure,session_establishment_unisolated,1,0.0,0.0,0.0,0.0,0,"Handshake/request/activation remainder, including unseparated HKDF/confirmation work and observer cost.",per-observation exclusive interval; no sum-of-percentiles total
logistic_motion_forest_anomaly,condition_first_use,pre_tag_quality_refusal,reject,data_quality_failure,simulated_response_read,1,0.0,0.0,0.0,0.0,0,"Modeled response generation, not physical acquisition.",per-observation exclusive interval; no sum-of-percentiles total
logistic_motion_forest_anomaly,condition_first_use,valid_receiver_after_bad_tag,accept,accepted,admission_orchestration_unisolated,1,0.0,0.0,0.0,0.0,0,Admission orchestration remainder not covered by named children.,per-observation exclusive interval; no sum-of-percentiles total
logistic_motion_forest_anomaly,condition_first_use,valid_receiver_after_bad_tag,accept,accepted,anomaly_consumer,1,5.8813,5.8813,5.8813,5.8813,1,Anomaly consumer including feature scaling and frozen-threshold decision.,per-observation exclusive interval; no sum-of-percentiles total
logistic_motion_forest_anomaly,condition_first_use,valid_receiver_after_bad_tag,accept,accepted,binary32_adapter,1,0.0,0.0,0.0,0.0,0,Canonical binary32 input adaptation before sender sealing.,per-observation exclusive interval; no sum-of-percentiles total
logistic_motion_forest_anomaly,condition_first_use,valid_receiver_after_bad_tag,accept,accepted,credential_verification,1,0.0,0.0,0.0,0.0,0,Recorded independent credential-verification call(s).,per-observation exclusive interval; no sum-of-percentiles total
logistic_motion_forest_anomaly,condition_first_use,valid_receiver_after_bad_tag,accept,accepted,in_memory_audit_measured,1,0.0505,0.0505,0.0505,0.0505,1,"Recorded audit record/prepare/commit spans, exclusive of their children; not all audit-related overhead and not durable storage.",per-observation exclusive interval; no sum-of-percentiles total
logistic_motion_forest_anomaly,condition_first_use,valid_receiver_after_bad_tag,accept,accepted,local_admission_checks,1,0.0,0.0,0.0,0.0,0,"Measured local authorization/binding/consumption calls, excluding nested credential verification.",per-observation exclusive interval; no sum-of-percentiles total
logistic_motion_forest_anomaly,condition_first_use,valid_receiver_after_bad_tag,accept,accepted,model_input_preprocessing,1,3.5,3.5,3.5,3.5,1,Shared model-input preparation; model-specific normalization remains in consumer timing.,per-observation exclusive interval; no sum-of-percentiles total
logistic_motion_forest_anomaly,condition_first_use,valid_receiver_after_bad_tag,accept,accepted,motion_consumer,1,0.5572,0.5572,0.5572,0.5572,1,Motion consumer including normalization/tensor preparation/prediction decoding.,per-observation exclusive interval; no sum-of-percentiles total
logistic_motion_forest_anomaly,condition_first_use,valid_receiver_after_bad_tag,accept,accepted,outer_orchestration_unisolated,1,0.0219,0.0219,0.0219,0.0219,1,Direct root/first-post-window remainder outside named child spans.,per-observation exclusive interval; no sum-of-percentiles total
logistic_motion_forest_anomaly,condition_first_use,valid_receiver_after_bad_tag,accept,accepted,receiver_binding_sequence_state_unisolated,1,0.0929,0.0929,0.0929,0.0929,1,"Verifier remainder including binding, sequence checks, locks/state publication and observer work; NOT isolated sequence latency.",per-observation exclusive interval; no sum-of-percentiles total
logistic_motion_forest_anomaly,condition_first_use,valid_receiver_after_bad_tag,accept,accepted,receiver_parsing,1,1.4479,1.4479,1.4479,1.4479,1,Envelope and binary parser call.,per-observation exclusive interval; no sum-of-percentiles total
logistic_motion_forest_anomaly,condition_first_use,valid_receiver_after_bad_tag,accept,accepted,receiver_quality_check,1,0.613,0.613,0.613,0.613,1,Verifier quality-check call.,per-observation exclusive interval; no sum-of-percentiles total
logistic_motion_forest_anomaly,condition_first_use,valid_receiver_after_bad_tag,accept,accepted,receiver_window_hmac,1,0.0222,0.0222,0.0222,0.0222,1,"Recorded verifier window-tag calculation, not complete authentication.",per-observation exclusive interval; no sum-of-percentiles total
logistic_motion_forest_anomaly,condition_first_use,valid_receiver_after_bad_tag,accept,accepted,reconstruction,1,0.0,0.0,0.0,0.0,0,Actual recorded BCH reconstruction; includes any observer/GC delay.,per-observation exclusive interval; no sum-of-percentiles total
logistic_motion_forest_anomaly,condition_first_use,valid_receiver_after_bad_tag,accept,accepted,release_conversion_unisolated,1,0.5689,0.5689,0.5689,0.5689,1,Accepted release remainder including conversion/dispatch/observer work outside consumer children.,per-observation exclusive interval; no sum-of-percentiles total
logistic_motion_forest_anomaly,condition_first_use,valid_receiver_after_bad_tag,accept,accepted,sender_binding_unisolated,1,0.0,0.0,0.0,0.0,0,Sender seal remainder: binding/state/orchestration/observer work not separately timed.,per-observation exclusive interval; no sum-of-percentiles total
logistic_motion_forest_anomaly,condition_first_use,valid_receiver_after_bad_tag,accept,accepted,sender_serialization_and_quality,1,0.0,0.0,0.0,0.0,0,Sender serialization including its quality validation; not separately timed.,per-observation exclusive interval; no sum-of-percentiles total
logistic_motion_forest_anomaly,condition_first_use,valid_receiver_after_bad_tag,accept,accepted,sender_window_hmac,1,0.0,0.0,0.0,0.0,0,Recorded window-tag generation call.,per-observation exclusive interval; no sum-of-percentiles total
logistic_motion_forest_anomaly,condition_first_use,valid_receiver_after_bad_tag,accept,accepted,session_establishment_unisolated,1,0.0,0.0,0.0,0.0,0,"Handshake/request/activation remainder, including unseparated HKDF/confirmation work and observer cost.",per-observation exclusive interval; no sum-of-percentiles total
logistic_motion_forest_anomaly,condition_first_use,valid_receiver_after_bad_tag,accept,accepted,simulated_response_read,1,0.0,0.0,0.0,0.0,0,"Modeled response generation, not physical acquisition.",per-observation exclusive interval; no sum-of-percentiles total
logistic_motion_forest_anomaly,measured,bad_tag_receiver,reject,invalid_tag,admission_orchestration_unisolated,119,0.0,0.0,0.0,0.0,0,Admission orchestration remainder not covered by named children.,per-observation exclusive interval; no sum-of-percentiles total
logistic_motion_forest_anomaly,measured,bad_tag_receiver,reject,invalid_tag,anomaly_consumer,119,0.0,0.0,0.0,0.0,0,Anomaly consumer including feature scaling and frozen-threshold decision.,per-observation exclusive interval; no sum-of-percentiles total
logistic_motion_forest_anomaly,measured,bad_tag_receiver,reject,invalid_tag,binary32_adapter,119,0.0,0.0,0.0,0.0,0,Canonical binary32 input adaptation before sender sealing.,per-observation exclusive interval; no sum-of-percentiles total
logistic_motion_forest_anomaly,measured,bad_tag_receiver,reject,invalid_tag,credential_verification,119,0.0,0.0,0.0,0.0,0,Recorded independent credential-verification call(s).,per-observation exclusive interval; no sum-of-percentiles total
logistic_motion_forest_anomaly,measured,bad_tag_receiver,reject,invalid_tag,in_memory_audit_measured,119,0.0446,0.06650999999999999,0.08955199999999996,0.0906,119,"Recorded audit record/prepare/commit spans, exclusive of their children; not all audit-related overhead and not durable storage.",per-observation exclusive interval; no sum-of-percentiles total
logistic_motion_forest_anomaly,measured,bad_tag_receiver,reject,invalid_tag,local_admission_checks,119,0.0,0.0,0.0,0.0,0,"Measured local authorization/binding/consumption calls, excluding nested credential verification.",per-observation exclusive interval; no sum-of-percentiles total
logistic_motion_forest_anomaly,measured,bad_tag_receiver,reject,invalid_tag,model_input_preprocessing,119,0.0,0.0,0.0,0.0,0,Shared model-input preparation; model-specific normalization remains in consumer timing.,per-observation exclusive interval; no sum-of-percentiles total
logistic_motion_forest_anomaly,measured,bad_tag_receiver,reject,invalid_tag,motion_consumer,119,0.0,0.0,0.0,0.0,0,Motion consumer including normalization/tensor preparation/prediction decoding.,per-observation exclusive interval; no sum-of-percentiles total
logistic_motion_forest_anomaly,measured,bad_tag_receiver,reject,invalid_tag,outer_orchestration_unisolated,119,0.0144,0.019909999999999994,0.022973999999999998,0.0397,119,Direct root/first-post-window remainder outside named child spans.,per-observation exclusive interval; no sum-of-percentiles total
logistic_motion_forest_anomaly,measured,bad_tag_receiver,reject,invalid_tag,receiver_binding_sequence_state_unisolated,119,0.1158,0.16619999999999996,0.1858779999999999,0.1904,119,"Verifier remainder including binding, sequence checks, locks/state publication and observer work; NOT isolated sequence latency.",per-observation exclusive interval; no sum-of-percentiles total
logistic_motion_forest_anomaly,measured,bad_tag_receiver,reject,invalid_tag,receiver_parsing,119,1.8294,2.37796,2.438424,2.4596,119,Envelope and binary parser call.,per-observation exclusive interval; no sum-of-percentiles total
logistic_motion_forest_anomaly,measured,bad_tag_receiver,reject,invalid_tag,receiver_quality_check,119,0.0,0.0,0.0,0.0,0,Verifier quality-check call.,per-observation exclusive interval; no sum-of-percentiles total
logistic_motion_forest_anomaly,measured,bad_tag_receiver,reject,invalid_tag,receiver_window_hmac,119,0.0247,0.036219999999999995,0.038965999999999994,0.0408,119,"Recorded verifier window-tag calculation, not complete authentication.",per-observation exclusive interval; no sum-of-percentiles total
logistic_motion_forest_anomaly,measured,bad_tag_receiver,reject,invalid_tag,reconstruction,119,0.0,0.0,0.0,0.0,0,Actual recorded BCH reconstruction; includes any observer/GC delay.,per-observation exclusive interval; no sum-of-percentiles total
logistic_motion_forest_anomaly,measured,bad_tag_receiver,reject,invalid_tag,release_conversion_unisolated,119,0.0,0.0,0.0,0.0,0,Accepted release remainder including conversion/dispatch/observer work outside consumer children.,per-observation exclusive interval; no sum-of-percentiles total
logistic_motion_forest_anomaly,measured,bad_tag_receiver,reject,invalid_tag,sender_binding_unisolated,119,0.0,0.0,0.0,0.0,0,Sender seal remainder: binding/state/orchestration/observer work not separately timed.,per-observation exclusive interval; no sum-of-percentiles total
logistic_motion_forest_anomaly,measured,bad_tag_receiver,reject,invalid_tag,sender_serialization_and_quality,119,0.0,0.0,0.0,0.0,0,Sender serialization including its quality validation; not separately timed.,per-observation exclusive interval; no sum-of-percentiles total
logistic_motion_forest_anomaly,measured,bad_tag_receiver,reject,invalid_tag,sender_window_hmac,119,0.0,0.0,0.0,0.0,0,Recorded window-tag generation call.,per-observation exclusive interval; no sum-of-percentiles total
logistic_motion_forest_anomaly,measured,bad_tag_receiver,reject,invalid_tag,session_establishment_unisolated,119,0.0,0.0,0.0,0.0,0,"Handshake/request/activation remainder, including unseparated HKDF/confirmation work and observer cost.",per-observation exclusive interval; no sum-of-percentiles total
logistic_motion_forest_anomaly,measured,bad_tag_receiver,reject,invalid_tag,simulated_response_read,119,0.0,0.0,0.0,0.0,0,"Modeled response generation, not physical acquisition.",per-observation exclusive interval; no sum-of-percentiles total
logistic_motion_forest_anomaly,measured,exact_replay_receiver,reject,duplicate_sequence,admission_orchestration_unisolated,119,0.0,0.0,0.0,0.0,0,Admission orchestration remainder not covered by named children.,per-observation exclusive interval; no sum-of-percentiles total
logistic_motion_forest_anomaly,measured,exact_replay_receiver,reject,duplicate_sequence,anomaly_consumer,119,0.0,0.0,0.0,0.0,0,Anomaly consumer including feature scaling and frozen-threshold decision.,per-observation exclusive interval; no sum-of-percentiles total
logistic_motion_forest_anomaly,measured,exact_replay_receiver,reject,duplicate_sequence,binary32_adapter,119,0.0,0.0,0.0,0.0,0,Canonical binary32 input adaptation before sender sealing.,per-observation exclusive interval; no sum-of-percentiles total
logistic_motion_forest_anomaly,measured,exact_replay_receiver,reject,duplicate_sequence,credential_verification,119,0.0,0.0,0.0,0.0,0,Recorded independent credential-verification call(s).,per-observation exclusive interval; no sum-of-percentiles total
logistic_motion_forest_anomaly,measured,exact_replay_receiver,reject,duplicate_sequence,in_memory_audit_measured,119,0.0747,0.09550999999999991,0.14087999999999995,0.1553,119,"Recorded audit record/prepare/commit spans, exclusive of their children; not all audit-related overhead and not durable storage.",per-observation exclusive interval; no sum-of-percentiles total
logistic_motion_forest_anomaly,measured,exact_replay_receiver,reject,duplicate_sequence,local_admission_checks,119,0.0,0.0,0.0,0.0,0,"Measured local authorization/binding/consumption calls, excluding nested credential verification.",per-observation exclusive interval; no sum-of-percentiles total
logistic_motion_forest_anomaly,measured,exact_replay_receiver,reject,duplicate_sequence,model_input_preprocessing,119,0.0,0.0,0.0,0.0,0,Shared model-input preparation; model-specific normalization remains in consumer timing.,per-observation exclusive interval; no sum-of-percentiles total
logistic_motion_forest_anomaly,measured,exact_replay_receiver,reject,duplicate_sequence,motion_consumer,119,0.0,0.0,0.0,0.0,0,Motion consumer including normalization/tensor preparation/prediction decoding.,per-observation exclusive interval; no sum-of-percentiles total
logistic_motion_forest_anomaly,measured,exact_replay_receiver,reject,duplicate_sequence,outer_orchestration_unisolated,119,0.0139,0.01933,0.029739999999999954,0.036,119,Direct root/first-post-window remainder outside named child spans.,per-observation exclusive interval; no sum-of-percentiles total
logistic_motion_forest_anomaly,measured,exact_replay_receiver,reject,duplicate_sequence,receiver_binding_sequence_state_unisolated,119,0.1556,0.19924,0.24320799999999998,0.2665,119,"Verifier remainder including binding, sequence checks, locks/state publication and observer work; NOT isolated sequence latency.",per-observation exclusive interval; no sum-of-percentiles total
logistic_motion_forest_anomaly,measured,exact_replay_receiver,reject,duplicate_sequence,receiver_parsing,119,2.1055,2.88253,4.908307999999984,321.9253,119,Envelope and binary parser call.,per-observation exclusive interval; no sum-of-percentiles total
logistic_motion_forest_anomaly,measured,exact_replay_receiver,reject,duplicate_sequence,receiver_quality_check,119,0.7822,1.01175,1.089864,5.1314,119,Verifier quality-check call.,per-observation exclusive interval; no sum-of-percentiles total
logistic_motion_forest_anomaly,measured,exact_replay_receiver,reject,duplicate_sequence,receiver_window_hmac,119,0.0324,0.046279999999999995,0.06552399999999994,0.142,119,"Recorded verifier window-tag calculation, not complete authentication.",per-observation exclusive interval; no sum-of-percentiles total
logistic_motion_forest_anomaly,measured,exact_replay_receiver,reject,duplicate_sequence,reconstruction,119,0.0,0.0,0.0,0.0,0,Actual recorded BCH reconstruction; includes any observer/GC delay.,per-observation exclusive interval; no sum-of-percentiles total
logistic_motion_forest_anomaly,measured,exact_replay_receiver,reject,duplicate_sequence,release_conversion_unisolated,119,0.0,0.0,0.0,0.0,0,Accepted release remainder including conversion/dispatch/observer work outside consumer children.,per-observation exclusive interval; no sum-of-percentiles total
logistic_motion_forest_anomaly,measured,exact_replay_receiver,reject,duplicate_sequence,sender_binding_unisolated,119,0.0,0.0,0.0,0.0,0,Sender seal remainder: binding/state/orchestration/observer work not separately timed.,per-observation exclusive interval; no sum-of-percentiles total
logistic_motion_forest_anomaly,measured,exact_replay_receiver,reject,duplicate_sequence,sender_serialization_and_quality,119,0.0,0.0,0.0,0.0,0,Sender serialization including its quality validation; not separately timed.,per-observation exclusive interval; no sum-of-percentiles total
logistic_motion_forest_anomaly,measured,exact_replay_receiver,reject,duplicate_sequence,sender_window_hmac,119,0.0,0.0,0.0,0.0,0,Recorded window-tag generation call.,per-observation exclusive interval; no sum-of-percentiles total
logistic_motion_forest_anomaly,measured,exact_replay_receiver,reject,duplicate_sequence,session_establishment_unisolated,119,0.0,0.0,0.0,0.0,0,"Handshake/request/activation remainder, including unseparated HKDF/confirmation work and observer cost.",per-observation exclusive interval; no sum-of-percentiles total
logistic_motion_forest_anomaly,measured,exact_replay_receiver,reject,duplicate_sequence,simulated_response_read,119,0.0,0.0,0.0,0.0,0,"Modeled response generation, not physical acquisition.",per-observation exclusive interval; no sum-of-percentiles total
logistic_motion_forest_anomaly,measured,fresh_to_first_window,accept,accepted,admission_orchestration_unisolated,119,0.0685,0.10047999999999997,0.13028599999999996,0.1455,119,Admission orchestration remainder not covered by named children.,per-observation exclusive interval; no sum-of-percentiles total
logistic_motion_forest_anomaly,measured,fresh_to_first_window,accept,accepted,anomaly_consumer,119,7.9915,11.03592,12.463087999999997,13.2574,119,Anomaly consumer including feature scaling and frozen-threshold decision.,per-observation exclusive interval; no sum-of-percentiles total
logistic_motion_forest_anomaly,measured,fresh_to_first_window,accept,accepted,binary32_adapter,119,1.4254,2.1203999999999996,2.60874,2.6194,119,Canonical binary32 input adaptation before sender sealing.,per-observation exclusive interval; no sum-of-percentiles total
logistic_motion_forest_anomaly,measured,fresh_to_first_window,accept,accepted,credential_verification,119,0.0734,0.09443999999999998,0.10092999999999999,0.1064,119,Recorded independent credential-verification call(s).,per-observation exclusive interval; no sum-of-percentiles total
logistic_motion_forest_anomaly,measured,fresh_to_first_window,accept,accepted,in_memory_audit_measured,119,0.2657,0.40698,0.46501399999999987,0.4998,119,"Recorded audit record/prepare/commit spans, exclusive of their children; not all audit-related overhead and not durable storage.",per-observation exclusive interval; no sum-of-percentiles total
logistic_motion_forest_anomaly,measured,fresh_to_first_window,accept,accepted,local_admission_checks,119,0.081,0.12638999999999997,0.16759799999999983,0.184,119,"Measured local authorization/binding/consumption calls, excluding nested credential verification.",per-observation exclusive interval; no sum-of-percentiles total
logistic_motion_forest_anomaly,measured,fresh_to_first_window,accept,accepted,model_input_preprocessing,119,4.4108,6.730619999999997,8.308045999999997,9.2594,119,Shared model-input preparation; model-specific normalization remains in consumer timing.,per-observation exclusive interval; no sum-of-percentiles total
logistic_motion_forest_anomaly,measured,fresh_to_first_window,accept,accepted,motion_consumer,119,0.7205,0.991,1.4189719999999997,1.9257,119,Motion consumer including normalization/tensor preparation/prediction decoding.,per-observation exclusive interval; no sum-of-percentiles total
logistic_motion_forest_anomaly,measured,fresh_to_first_window,accept,accepted,outer_orchestration_unisolated,119,0.1533,0.21488999999999997,0.31084599999999973,0.3515,119,Direct root/first-post-window remainder outside named child spans.,per-observation exclusive interval; no sum-of-percentiles total
logistic_motion_forest_anomaly,measured,fresh_to_first_window,accept,accepted,receiver_binding_sequence_state_unisolated,119,0.1022,0.15734999999999996,0.1954299999999998,0.2146,119,"Verifier remainder including binding, sequence checks, locks/state publication and observer work; NOT isolated sequence latency.",per-observation exclusive interval; no sum-of-percentiles total
logistic_motion_forest_anomaly,measured,fresh_to_first_window,accept,accepted,receiver_parsing,119,2.0573,2.7622499999999994,3.0195639999999986,3.4516,119,Envelope and binary parser call.,per-observation exclusive interval; no sum-of-percentiles total
logistic_motion_forest_anomaly,measured,fresh_to_first_window,accept,accepted,receiver_quality_check,119,0.7582,1.06502,1.2274739999999995,1.4542,119,Verifier quality-check call.,per-observation exclusive interval; no sum-of-percentiles total
logistic_motion_forest_anomaly,measured,fresh_to_first_window,accept,accepted,receiver_window_hmac,119,0.0232,0.032159999999999994,0.043137999999999954,0.0467,119,"Recorded verifier window-tag calculation, not complete authentication.",per-observation exclusive interval; no sum-of-percentiles total
logistic_motion_forest_anomaly,measured,fresh_to_first_window,accept,accepted,reconstruction,119,4.8943,7.132209999999998,10.644437999999983,12.133,119,Actual recorded BCH reconstruction; includes any observer/GC delay.,per-observation exclusive interval; no sum-of-percentiles total
logistic_motion_forest_anomaly,measured,fresh_to_first_window,accept,accepted,release_conversion_unisolated,119,0.6827,0.9064799999999998,1.0929759999999997,1.1671,119,Accepted release remainder including conversion/dispatch/observer work outside consumer children.,per-observation exclusive interval; no sum-of-percentiles total
logistic_motion_forest_anomaly,measured,fresh_to_first_window,accept,accepted,sender_binding_unisolated,119,0.1507,0.22530999999999995,0.47476799999999886,0.677,119,Sender seal remainder: binding/state/orchestration/observer work not separately timed.,per-observation exclusive interval; no sum-of-percentiles total
logistic_motion_forest_anomaly,measured,fresh_to_first_window,accept,accepted,sender_serialization_and_quality,119,1.3847,1.99788,2.452572,3.5593,119,Sender serialization including its quality validation; not separately timed.,per-observation exclusive interval; no sum-of-percentiles total
logistic_motion_forest_anomaly,measured,fresh_to_first_window,accept,accepted,sender_window_hmac,119,0.0224,0.03532999999999999,0.06926799999999982,0.2146,119,Recorded window-tag generation call.,per-observation exclusive interval; no sum-of-percentiles total
logistic_motion_forest_anomaly,measured,fresh_to_first_window,accept,accepted,session_establishment_unisolated,119,0.5545,0.8835599999999999,1.0068819999999998,1.2555,119,"Handshake/request/activation remainder, including unseparated HKDF/confirmation work and observer cost.",per-observation exclusive interval; no sum-of-percentiles total
logistic_motion_forest_anomaly,measured,fresh_to_first_window,accept,accepted,simulated_response_read,119,0.2536,0.36585999999999996,0.519467999999999,0.5699,119,"Modeled response generation, not physical acquisition.",per-observation exclusive interval; no sum-of-percentiles total
logistic_motion_forest_anomaly,measured,fresh_to_first_window,reject,failed_reconstruction,admission_orchestration_unisolated,1,0.0437,0.0437,0.0437,0.0437,1,Admission orchestration remainder not covered by named children.,per-observation exclusive interval; no sum-of-percentiles total
logistic_motion_forest_anomaly,measured,fresh_to_first_window,reject,failed_reconstruction,anomaly_consumer,1,0.0,0.0,0.0,0.0,0,Anomaly consumer including feature scaling and frozen-threshold decision.,per-observation exclusive interval; no sum-of-percentiles total
logistic_motion_forest_anomaly,measured,fresh_to_first_window,reject,failed_reconstruction,binary32_adapter,1,0.0,0.0,0.0,0.0,0,Canonical binary32 input adaptation before sender sealing.,per-observation exclusive interval; no sum-of-percentiles total
logistic_motion_forest_anomaly,measured,fresh_to_first_window,reject,failed_reconstruction,credential_verification,1,0.0,0.0,0.0,0.0,0,Recorded independent credential-verification call(s).,per-observation exclusive interval; no sum-of-percentiles total
logistic_motion_forest_anomaly,measured,fresh_to_first_window,reject,failed_reconstruction,in_memory_audit_measured,1,0.0703,0.0703,0.0703,0.0703,1,"Recorded audit record/prepare/commit spans, exclusive of their children; not all audit-related overhead and not durable storage.",per-observation exclusive interval; no sum-of-percentiles total
logistic_motion_forest_anomaly,measured,fresh_to_first_window,reject,failed_reconstruction,local_admission_checks,1,0.0,0.0,0.0,0.0,0,"Measured local authorization/binding/consumption calls, excluding nested credential verification.",per-observation exclusive interval; no sum-of-percentiles total
logistic_motion_forest_anomaly,measured,fresh_to_first_window,reject,failed_reconstruction,model_input_preprocessing,1,0.0,0.0,0.0,0.0,0,Shared model-input preparation; model-specific normalization remains in consumer timing.,per-observation exclusive interval; no sum-of-percentiles total
logistic_motion_forest_anomaly,measured,fresh_to_first_window,reject,failed_reconstruction,motion_consumer,1,0.0,0.0,0.0,0.0,0,Motion consumer including normalization/tensor preparation/prediction decoding.,per-observation exclusive interval; no sum-of-percentiles total
logistic_motion_forest_anomaly,measured,fresh_to_first_window,reject,failed_reconstruction,outer_orchestration_unisolated,1,0.0179,0.0179,0.0179,0.0179,1,Direct root/first-post-window remainder outside named child spans.,per-observation exclusive interval; no sum-of-percentiles total
logistic_motion_forest_anomaly,measured,fresh_to_first_window,reject,failed_reconstruction,receiver_binding_sequence_state_unisolated,1,0.0,0.0,0.0,0.0,0,"Verifier remainder including binding, sequence checks, locks/state publication and observer work; NOT isolated sequence latency.",per-observation exclusive interval; no sum-of-percentiles total
logistic_motion_forest_anomaly,measured,fresh_to_first_window,reject,failed_reconstruction,receiver_parsing,1,0.0,0.0,0.0,0.0,0,Envelope and binary parser call.,per-observation exclusive interval; no sum-of-percentiles total
logistic_motion_forest_anomaly,measured,fresh_to_first_window,reject,failed_reconstruction,receiver_quality_check,1,0.0,0.0,0.0,0.0,0,Verifier quality-check call.,per-observation exclusive interval; no sum-of-percentiles total
logistic_motion_forest_anomaly,measured,fresh_to_first_window,reject,failed_reconstruction,receiver_window_hmac,1,0.0,0.0,0.0,0.0,0,"Recorded verifier window-tag calculation, not complete authentication.",per-observation exclusive interval; no sum-of-percentiles total
logistic_motion_forest_anomaly,measured,fresh_to_first_window,reject,failed_reconstruction,reconstruction,1,4.7256,4.7256,4.7256,4.7256,1,Actual recorded BCH reconstruction; includes any observer/GC delay.,per-observation exclusive interval; no sum-of-percentiles total
logistic_motion_forest_anomaly,measured,fresh_to_first_window,reject,failed_reconstruction,release_conversion_unisolated,1,0.0,0.0,0.0,0.0,0,Accepted release remainder including conversion/dispatch/observer work outside consumer children.,per-observation exclusive interval; no sum-of-percentiles total
logistic_motion_forest_anomaly,measured,fresh_to_first_window,reject,failed_reconstruction,sender_binding_unisolated,1,0.0,0.0,0.0,0.0,0,Sender seal remainder: binding/state/orchestration/observer work not separately timed.,per-observation exclusive interval; no sum-of-percentiles total
logistic_motion_forest_anomaly,measured,fresh_to_first_window,reject,failed_reconstruction,sender_serialization_and_quality,1,0.0,0.0,0.0,0.0,0,Sender serialization including its quality validation; not separately timed.,per-observation exclusive interval; no sum-of-percentiles total
logistic_motion_forest_anomaly,measured,fresh_to_first_window,reject,failed_reconstruction,sender_window_hmac,1,0.0,0.0,0.0,0.0,0,Recorded window-tag generation call.,per-observation exclusive interval; no sum-of-percentiles total
logistic_motion_forest_anomaly,measured,fresh_to_first_window,reject,failed_reconstruction,session_establishment_unisolated,1,0.1051,0.1051,0.1051,0.1051,1,"Handshake/request/activation remainder, including unseparated HKDF/confirmation work and observer cost.",per-observation exclusive interval; no sum-of-percentiles total
logistic_motion_forest_anomaly,measured,fresh_to_first_window,reject,failed_reconstruction,simulated_response_read,1,0.2373,0.2373,0.2373,0.2373,1,"Modeled response generation, not physical acquisition.",per-observation exclusive interval; no sum-of-percentiles total
logistic_motion_forest_anomaly,measured,malformed_json_receiver,reject,malformed_message,admission_orchestration_unisolated,119,0.0,0.0,0.0,0.0,0,Admission orchestration remainder not covered by named children.,per-observation exclusive interval; no sum-of-percentiles total
logistic_motion_forest_anomaly,measured,malformed_json_receiver,reject,malformed_message,anomaly_consumer,119,0.0,0.0,0.0,0.0,0,Anomaly consumer including feature scaling and frozen-threshold decision.,per-observation exclusive interval; no sum-of-percentiles total
logistic_motion_forest_anomaly,measured,malformed_json_receiver,reject,malformed_message,binary32_adapter,119,0.0,0.0,0.0,0.0,0,Canonical binary32 input adaptation before sender sealing.,per-observation exclusive interval; no sum-of-percentiles total
logistic_motion_forest_anomaly,measured,malformed_json_receiver,reject,malformed_message,credential_verification,119,0.0,0.0,0.0,0.0,0,Recorded independent credential-verification call(s).,per-observation exclusive interval; no sum-of-percentiles total
logistic_motion_forest_anomaly,measured,malformed_json_receiver,reject,malformed_message,in_memory_audit_measured,119,0.0614,0.08246999999999999,0.09711199999999996,0.1,119,"Recorded audit record/prepare/commit spans, exclusive of their children; not all audit-related overhead and not durable storage.",per-observation exclusive interval; no sum-of-percentiles total
logistic_motion_forest_anomaly,measured,malformed_json_receiver,reject,malformed_message,local_admission_checks,119,0.0,0.0,0.0,0.0,0,"Measured local authorization/binding/consumption calls, excluding nested credential verification.",per-observation exclusive interval; no sum-of-percentiles total
logistic_motion_forest_anomaly,measured,malformed_json_receiver,reject,malformed_message,model_input_preprocessing,119,0.0,0.0,0.0,0.0,0,Shared model-input preparation; model-specific normalization remains in consumer timing.,per-observation exclusive interval; no sum-of-percentiles total
logistic_motion_forest_anomaly,measured,malformed_json_receiver,reject,malformed_message,motion_consumer,119,0.0,0.0,0.0,0.0,0,Motion consumer including normalization/tensor preparation/prediction decoding.,per-observation exclusive interval; no sum-of-percentiles total
logistic_motion_forest_anomaly,measured,malformed_json_receiver,reject,malformed_message,outer_orchestration_unisolated,119,0.0102,0.014149999999999996,0.015282,0.0161,119,Direct root/first-post-window remainder outside named child spans.,per-observation exclusive interval; no sum-of-percentiles total
logistic_motion_forest_anomaly,measured,malformed_json_receiver,reject,malformed_message,receiver_binding_sequence_state_unisolated,119,0.0528,0.0729,0.083728,0.0909,119,"Verifier remainder including binding, sequence checks, locks/state publication and observer work; NOT isolated sequence latency.",per-observation exclusive interval; no sum-of-percentiles total
logistic_motion_forest_anomaly,measured,malformed_json_receiver,reject,malformed_message,receiver_parsing,119,0.0395,0.05303999999999999,0.062638,0.0638,119,Envelope and binary parser call.,per-observation exclusive interval; no sum-of-percentiles total
logistic_motion_forest_anomaly,measured,malformed_json_receiver,reject,malformed_message,receiver_quality_check,119,0.0,0.0,0.0,0.0,0,Verifier quality-check call.,per-observation exclusive interval; no sum-of-percentiles total
logistic_motion_forest_anomaly,measured,malformed_json_receiver,reject,malformed_message,receiver_window_hmac,119,0.0,0.0,0.0,0.0,0,"Recorded verifier window-tag calculation, not complete authentication.",per-observation exclusive interval; no sum-of-percentiles total
logistic_motion_forest_anomaly,measured,malformed_json_receiver,reject,malformed_message,reconstruction,119,0.0,0.0,0.0,0.0,0,Actual recorded BCH reconstruction; includes any observer/GC delay.,per-observation exclusive interval; no sum-of-percentiles total
logistic_motion_forest_anomaly,measured,malformed_json_receiver,reject,malformed_message,release_conversion_unisolated,119,0.0,0.0,0.0,0.0,0,Accepted release remainder including conversion/dispatch/observer work outside consumer children.,per-observation exclusive interval; no sum-of-percentiles total
logistic_motion_forest_anomaly,measured,malformed_json_receiver,reject,malformed_message,sender_binding_unisolated,119,0.0,0.0,0.0,0.0,0,Sender seal remainder: binding/state/orchestration/observer work not separately timed.,per-observation exclusive interval; no sum-of-percentiles total
logistic_motion_forest_anomaly,measured,malformed_json_receiver,reject,malformed_message,sender_serialization_and_quality,119,0.0,0.0,0.0,0.0,0,Sender serialization including its quality validation; not separately timed.,per-observation exclusive interval; no sum-of-percentiles total
logistic_motion_forest_anomaly,measured,malformed_json_receiver,reject,malformed_message,sender_window_hmac,119,0.0,0.0,0.0,0.0,0,Recorded window-tag generation call.,per-observation exclusive interval; no sum-of-percentiles total
logistic_motion_forest_anomaly,measured,malformed_json_receiver,reject,malformed_message,session_establishment_unisolated,119,0.0,0.0,0.0,0.0,0,"Handshake/request/activation remainder, including unseparated HKDF/confirmation work and observer cost.",per-observation exclusive interval; no sum-of-percentiles total
logistic_motion_forest_anomaly,measured,malformed_json_receiver,reject,malformed_message,simulated_response_read,119,0.0,0.0,0.0,0.0,0,"Modeled response generation, not physical acquisition.",per-observation exclusive interval; no sum-of-percentiles total
logistic_motion_forest_anomaly,measured,post_window_after_refusals,accept,accepted,admission_orchestration_unisolated,119,0.0,0.0,0.0,0.0,0,Admission orchestration remainder not covered by named children.,per-observation exclusive interval; no sum-of-percentiles total
logistic_motion_forest_anomaly,measured,post_window_after_refusals,accept,accepted,anomaly_consumer,119,7.7382,10.144529999999998,12.469754,12.4757,119,Anomaly consumer including feature scaling and frozen-threshold decision.,per-observation exclusive interval; no sum-of-percentiles total
logistic_motion_forest_anomaly,measured,post_window_after_refusals,accept,accepted,binary32_adapter,119,1.3976,1.85538,2.1231819999999986,2.4382,119,Canonical binary32 input adaptation before sender sealing.,per-observation exclusive interval; no sum-of-percentiles total
logistic_motion_forest_anomaly,measured,post_window_after_refusals,accept,accepted,credential_verification,119,0.0,0.0,0.0,0.0,0,Recorded independent credential-verification call(s).,per-observation exclusive interval; no sum-of-percentiles total
logistic_motion_forest_anomaly,measured,post_window_after_refusals,accept,accepted,in_memory_audit_measured,119,0.1012,0.13712,0.1599959999999999,0.2995,119,"Recorded audit record/prepare/commit spans, exclusive of their children; not all audit-related overhead and not durable storage.",per-observation exclusive interval; no sum-of-percentiles total
logistic_motion_forest_anomaly,measured,post_window_after_refusals,accept,accepted,local_admission_checks,119,0.0,0.0,0.0,0.0,0,"Measured local authorization/binding/consumption calls, excluding nested credential verification.",per-observation exclusive interval; no sum-of-percentiles total
logistic_motion_forest_anomaly,measured,post_window_after_refusals,accept,accepted,model_input_preprocessing,119,4.4464,5.9159999999999995,6.58355,8.0277,119,Shared model-input preparation; model-specific normalization remains in consumer timing.,per-observation exclusive interval; no sum-of-percentiles total
logistic_motion_forest_anomaly,measured,post_window_after_refusals,accept,accepted,motion_consumer,119,0.7033,0.9876599999999998,1.3140759999999985,1.3715,119,Motion consumer including normalization/tensor preparation/prediction decoding.,per-observation exclusive interval; no sum-of-percentiles total
logistic_motion_forest_anomaly,measured,post_window_after_refusals,accept,accepted,outer_orchestration_unisolated,119,0.1109,0.15360999999999997,0.185438,0.2049,119,Direct root/first-post-window remainder outside named child spans.,per-observation exclusive interval; no sum-of-percentiles total
logistic_motion_forest_anomaly,measured,post_window_after_refusals,accept,accepted,receiver_binding_sequence_state_unisolated,119,0.1068,0.15277999999999997,0.24758399999999997,0.3271,119,"Verifier remainder including binding, sequence checks, locks/state publication and observer work; NOT isolated sequence latency.",per-observation exclusive interval; no sum-of-percentiles total
logistic_motion_forest_anomaly,measured,post_window_after_refusals,accept,accepted,receiver_parsing,119,1.981,2.59169,3.475051999999994,3.9082,119,Envelope and binary parser call.,per-observation exclusive interval; no sum-of-percentiles total
logistic_motion_forest_anomaly,measured,post_window_after_refusals,accept,accepted,receiver_quality_check,119,0.7654,1.0266699999999997,1.2929039999999994,1.6471,119,Verifier quality-check call.,per-observation exclusive interval; no sum-of-percentiles total
logistic_motion_forest_anomaly,measured,post_window_after_refusals,accept,accepted,receiver_window_hmac,119,0.0249,0.036799999999999986,0.05624399999999997,0.0851,119,"Recorded verifier window-tag calculation, not complete authentication.",per-observation exclusive interval; no sum-of-percentiles total
logistic_motion_forest_anomaly,measured,post_window_after_refusals,accept,accepted,reconstruction,119,0.0,0.0,0.0,0.0,0,Actual recorded BCH reconstruction; includes any observer/GC delay.,per-observation exclusive interval; no sum-of-percentiles total
logistic_motion_forest_anomaly,measured,post_window_after_refusals,accept,accepted,release_conversion_unisolated,119,0.6808,0.86299,0.9611939999999995,1.0268,119,Accepted release remainder including conversion/dispatch/observer work outside consumer children.,per-observation exclusive interval; no sum-of-percentiles total
logistic_motion_forest_anomaly,measured,post_window_after_refusals,accept,accepted,sender_binding_unisolated,119,0.1505,0.20325999999999994,0.23816399999999988,0.3167,119,Sender seal remainder: binding/state/orchestration/observer work not separately timed.,per-observation exclusive interval; no sum-of-percentiles total
logistic_motion_forest_anomaly,measured,post_window_after_refusals,accept,accepted,sender_serialization_and_quality,119,1.3849,1.81212,1.8746499999999997,2.0942,119,Sender serialization including its quality validation; not separately timed.,per-observation exclusive interval; no sum-of-percentiles total
logistic_motion_forest_anomaly,measured,post_window_after_refusals,accept,accepted,sender_window_hmac,119,0.0353,0.047479999999999994,0.05984199999999998,0.0814,119,Recorded window-tag generation call.,per-observation exclusive interval; no sum-of-percentiles total
logistic_motion_forest_anomaly,measured,post_window_after_refusals,accept,accepted,session_establishment_unisolated,119,0.0,0.0,0.0,0.0,0,"Handshake/request/activation remainder, including unseparated HKDF/confirmation work and observer cost.",per-observation exclusive interval; no sum-of-percentiles total
logistic_motion_forest_anomaly,measured,post_window_after_refusals,accept,accepted,simulated_response_read,119,0.0,0.0,0.0,0.0,0,"Modeled response generation, not physical acquisition.",per-observation exclusive interval; no sum-of-percentiles total
logistic_motion_forest_anomaly,measured,post_window_recurring,accept,accepted,admission_orchestration_unisolated,119,0.0,0.0,0.0,0.0,0,Admission orchestration remainder not covered by named children.,per-observation exclusive interval; no sum-of-percentiles total
logistic_motion_forest_anomaly,measured,post_window_recurring,accept,accepted,anomaly_consumer,119,7.8326,10.818259999999999,11.745354,13.1897,119,Anomaly consumer including feature scaling and frozen-threshold decision.,per-observation exclusive interval; no sum-of-percentiles total
logistic_motion_forest_anomaly,measured,post_window_recurring,accept,accepted,binary32_adapter,119,1.4119,1.94906,2.2673799999999993,2.7589,119,Canonical binary32 input adaptation before sender sealing.,per-observation exclusive interval; no sum-of-percentiles total
logistic_motion_forest_anomaly,measured,post_window_recurring,accept,accepted,credential_verification,119,0.0,0.0,0.0,0.0,0,Recorded independent credential-verification call(s).,per-observation exclusive interval; no sum-of-percentiles total
logistic_motion_forest_anomaly,measured,post_window_recurring,accept,accepted,in_memory_audit_measured,119,0.1213,0.17184999999999997,0.22208599999999995,0.2429,119,"Recorded audit record/prepare/commit spans, exclusive of their children; not all audit-related overhead and not durable storage.",per-observation exclusive interval; no sum-of-percentiles total
logistic_motion_forest_anomaly,measured,post_window_recurring,accept,accepted,local_admission_checks,119,0.0,0.0,0.0,0.0,0,"Measured local authorization/binding/consumption calls, excluding nested credential verification.",per-observation exclusive interval; no sum-of-percentiles total
logistic_motion_forest_anomaly,measured,post_window_recurring,accept,accepted,model_input_preprocessing,119,4.4501,6.371669999999999,7.671102,8.2033,119,Shared model-input preparation; model-specific normalization remains in consumer timing.,per-observation exclusive interval; no sum-of-percentiles total
logistic_motion_forest_anomaly,measured,post_window_recurring,accept,accepted,motion_consumer,119,0.7065,0.9173799999999996,1.164902,1.1933,119,Motion consumer including normalization/tensor preparation/prediction decoding.,per-observation exclusive interval; no sum-of-percentiles total
logistic_motion_forest_anomaly,measured,post_window_recurring,accept,accepted,outer_orchestration_unisolated,119,0.1238,0.1747799999999999,0.22605399999999992,0.2754,119,Direct root/first-post-window remainder outside named child spans.,per-observation exclusive interval; no sum-of-percentiles total
logistic_motion_forest_anomaly,measured,post_window_recurring,accept,accepted,receiver_binding_sequence_state_unisolated,119,0.1122,0.15422999999999998,0.17698999999999993,0.286,119,"Verifier remainder including binding, sequence checks, locks/state publication and observer work; NOT isolated sequence latency.",per-observation exclusive interval; no sum-of-percentiles total
logistic_motion_forest_anomaly,measured,post_window_recurring,accept,accepted,receiver_parsing,119,2.1227,5.218989999999999,6.836535999999997,7.0654,119,Envelope and binary parser call.,per-observation exclusive interval; no sum-of-percentiles total
logistic_motion_forest_anomaly,measured,post_window_recurring,accept,accepted,receiver_quality_check,119,0.769,1.05254,1.10871,1.2094,119,Verifier quality-check call.,per-observation exclusive interval; no sum-of-percentiles total
logistic_motion_forest_anomaly,measured,post_window_recurring,accept,accepted,receiver_window_hmac,119,0.028,0.0417,0.05194199999999998,0.0673,119,"Recorded verifier window-tag calculation, not complete authentication.",per-observation exclusive interval; no sum-of-percentiles total
logistic_motion_forest_anomaly,measured,post_window_recurring,accept,accepted,reconstruction,119,0.0,0.0,0.0,0.0,0,Actual recorded BCH reconstruction; includes any observer/GC delay.,per-observation exclusive interval; no sum-of-percentiles total
logistic_motion_forest_anomaly,measured,post_window_recurring,accept,accepted,release_conversion_unisolated,119,0.6824,0.88747,0.9516159999999999,1.0981,119,Accepted release remainder including conversion/dispatch/observer work outside consumer children.,per-observation exclusive interval; no sum-of-percentiles total
logistic_motion_forest_anomaly,measured,post_window_recurring,accept,accepted,sender_binding_unisolated,119,0.1648,0.24435999999999994,0.29419399999999996,0.3123,119,Sender seal remainder: binding/state/orchestration/observer work not separately timed.,per-observation exclusive interval; no sum-of-percentiles total
logistic_motion_forest_anomaly,measured,post_window_recurring,accept,accepted,sender_serialization_and_quality,119,1.3917,1.9015799999999998,2.068866,2.1065,119,Sender serialization including its quality validation; not separately timed.,per-observation exclusive interval; no sum-of-percentiles total
logistic_motion_forest_anomaly,measured,post_window_recurring,accept,accepted,sender_window_hmac,119,0.0326,0.04585999999999999,0.057533999999999974,0.0607,119,Recorded window-tag generation call.,per-observation exclusive interval; no sum-of-percentiles total
logistic_motion_forest_anomaly,measured,post_window_recurring,accept,accepted,session_establishment_unisolated,119,0.0,0.0,0.0,0.0,0,"Handshake/request/activation remainder, including unseparated HKDF/confirmation work and observer cost.",per-observation exclusive interval; no sum-of-percentiles total
logistic_motion_forest_anomaly,measured,post_window_recurring,accept,accepted,simulated_response_read,119,0.0,0.0,0.0,0.0,0,"Modeled response generation, not physical acquisition.",per-observation exclusive interval; no sum-of-percentiles total
logistic_motion_forest_anomaly,measured,pre_tag_quality_refusal,reject,data_quality_failure,admission_orchestration_unisolated,119,0.0,0.0,0.0,0.0,0,Admission orchestration remainder not covered by named children.,per-observation exclusive interval; no sum-of-percentiles total
logistic_motion_forest_anomaly,measured,pre_tag_quality_refusal,reject,data_quality_failure,anomaly_consumer,119,0.0,0.0,0.0,0.0,0,Anomaly consumer including feature scaling and frozen-threshold decision.,per-observation exclusive interval; no sum-of-percentiles total
logistic_motion_forest_anomaly,measured,pre_tag_quality_refusal,reject,data_quality_failure,binary32_adapter,119,1.4105,1.8773599999999997,1.9922879999999998,2.2499,119,Canonical binary32 input adaptation before sender sealing.,per-observation exclusive interval; no sum-of-percentiles total
logistic_motion_forest_anomaly,measured,pre_tag_quality_refusal,reject,data_quality_failure,credential_verification,119,0.0,0.0,0.0,0.0,0,Recorded independent credential-verification call(s).,per-observation exclusive interval; no sum-of-percentiles total
logistic_motion_forest_anomaly,measured,pre_tag_quality_refusal,reject,data_quality_failure,in_memory_audit_measured,119,0.0648,0.09402999999999999,0.12001999999999988,0.1525,119,"Recorded audit record/prepare/commit spans, exclusive of their children; not all audit-related overhead and not durable storage.",per-observation exclusive interval; no sum-of-percentiles total
logistic_motion_forest_anomaly,measured,pre_tag_quality_refusal,reject,data_quality_failure,local_admission_checks,119,0.0,0.0,0.0,0.0,0,"Measured local authorization/binding/consumption calls, excluding nested credential verification.",per-observation exclusive interval; no sum-of-percentiles total
logistic_motion_forest_anomaly,measured,pre_tag_quality_refusal,reject,data_quality_failure,model_input_preprocessing,119,0.0,0.0,0.0,0.0,0,Shared model-input preparation; model-specific normalization remains in consumer timing.,per-observation exclusive interval; no sum-of-percentiles total
logistic_motion_forest_anomaly,measured,pre_tag_quality_refusal,reject,data_quality_failure,motion_consumer,119,0.0,0.0,0.0,0.0,0,Motion consumer including normalization/tensor preparation/prediction decoding.,per-observation exclusive interval; no sum-of-percentiles total
logistic_motion_forest_anomaly,measured,pre_tag_quality_refusal,reject,data_quality_failure,outer_orchestration_unisolated,119,0.062,0.08780999999999999,0.102964,0.1104,119,Direct root/first-post-window remainder outside named child spans.,per-observation exclusive interval; no sum-of-percentiles total
logistic_motion_forest_anomaly,measured,pre_tag_quality_refusal,reject,data_quality_failure,receiver_binding_sequence_state_unisolated,119,0.0,0.0,0.0,0.0,0,"Verifier remainder including binding, sequence checks, locks/state publication and observer work; NOT isolated sequence latency.",per-observation exclusive interval; no sum-of-percentiles total
logistic_motion_forest_anomaly,measured,pre_tag_quality_refusal,reject,data_quality_failure,receiver_parsing,119,0.0,0.0,0.0,0.0,0,Envelope and binary parser call.,per-observation exclusive interval; no sum-of-percentiles total
logistic_motion_forest_anomaly,measured,pre_tag_quality_refusal,reject,data_quality_failure,receiver_quality_check,119,0.0,0.0,0.0,0.0,0,Verifier quality-check call.,per-observation exclusive interval; no sum-of-percentiles total
logistic_motion_forest_anomaly,measured,pre_tag_quality_refusal,reject,data_quality_failure,receiver_window_hmac,119,0.0,0.0,0.0,0.0,0,"Recorded verifier window-tag calculation, not complete authentication.",per-observation exclusive interval; no sum-of-percentiles total
logistic_motion_forest_anomaly,measured,pre_tag_quality_refusal,reject,data_quality_failure,reconstruction,119,0.0,0.0,0.0,0.0,0,Actual recorded BCH reconstruction; includes any observer/GC delay.,per-observation exclusive interval; no sum-of-percentiles total
logistic_motion_forest_anomaly,measured,pre_tag_quality_refusal,reject,data_quality_failure,release_conversion_unisolated,119,0.0,0.0,0.0,0.0,0,Accepted release remainder including conversion/dispatch/observer work outside consumer children.,per-observation exclusive interval; no sum-of-percentiles total
logistic_motion_forest_anomaly,measured,pre_tag_quality_refusal,reject,data_quality_failure,sender_binding_unisolated,119,0.0891,0.12739999999999999,0.14572399999999996,0.1473,119,Sender seal remainder: binding/state/orchestration/observer work not separately timed.,per-observation exclusive interval; no sum-of-percentiles total
logistic_motion_forest_anomaly,measured,pre_tag_quality_refusal,reject,data_quality_failure,sender_serialization_and_quality,119,0.6323,0.84019,1.0087039999999992,1.2332,119,Sender serialization including its quality validation; not separately timed.,per-observation exclusive interval; no sum-of-percentiles total
logistic_motion_forest_anomaly,measured,pre_tag_quality_refusal,reject,data_quality_failure,sender_window_hmac,119,0.0,0.0,0.0,0.0,0,Recorded window-tag generation call.,per-observation exclusive interval; no sum-of-percentiles total
logistic_motion_forest_anomaly,measured,pre_tag_quality_refusal,reject,data_quality_failure,session_establishment_unisolated,119,0.0,0.0,0.0,0.0,0,"Handshake/request/activation remainder, including unseparated HKDF/confirmation work and observer cost.",per-observation exclusive interval; no sum-of-percentiles total
logistic_motion_forest_anomaly,measured,pre_tag_quality_refusal,reject,data_quality_failure,simulated_response_read,119,0.0,0.0,0.0,0.0,0,"Modeled response generation, not physical acquisition.",per-observation exclusive interval; no sum-of-percentiles total
logistic_motion_forest_anomaly,measured,valid_receiver_after_bad_tag,accept,accepted,admission_orchestration_unisolated,119,0.0,0.0,0.0,0.0,0,Admission orchestration remainder not covered by named children.,per-observation exclusive interval; no sum-of-percentiles total
logistic_motion_forest_anomaly,measured,valid_receiver_after_bad_tag,accept,accepted,anomaly_consumer,119,7.9408,10.43861,11.206144,11.7832,119,Anomaly consumer including feature scaling and frozen-threshold decision.,per-observation exclusive interval; no sum-of-percentiles total
logistic_motion_forest_anomaly,measured,valid_receiver_after_bad_tag,accept,accepted,binary32_adapter,119,0.0,0.0,0.0,0.0,0,Canonical binary32 input adaptation before sender sealing.,per-observation exclusive interval; no sum-of-percentiles total
logistic_motion_forest_anomaly,measured,valid_receiver_after_bad_tag,accept,accepted,credential_verification,119,0.0,0.0,0.0,0.0,0,Recorded independent credential-verification call(s).,per-observation exclusive interval; no sum-of-percentiles total
logistic_motion_forest_anomaly,measured,valid_receiver_after_bad_tag,accept,accepted,in_memory_audit_measured,119,0.0573,0.07899,0.08363999999999999,0.0898,119,"Recorded audit record/prepare/commit spans, exclusive of their children; not all audit-related overhead and not durable storage.",per-observation exclusive interval; no sum-of-percentiles total
logistic_motion_forest_anomaly,measured,valid_receiver_after_bad_tag,accept,accepted,local_admission_checks,119,0.0,0.0,0.0,0.0,0,"Measured local authorization/binding/consumption calls, excluding nested credential verification.",per-observation exclusive interval; no sum-of-percentiles total
logistic_motion_forest_anomaly,measured,valid_receiver_after_bad_tag,accept,accepted,model_input_preprocessing,119,4.4635,5.7578499999999995,6.794028,7.1438,119,Shared model-input preparation; model-specific normalization remains in consumer timing.,per-observation exclusive interval; no sum-of-percentiles total
logistic_motion_forest_anomaly,measured,valid_receiver_after_bad_tag,accept,accepted,motion_consumer,119,0.7141,0.9473499999999999,1.1763619999999988,1.4221,119,Motion consumer including normalization/tensor preparation/prediction decoding.,per-observation exclusive interval; no sum-of-percentiles total
logistic_motion_forest_anomaly,measured,valid_receiver_after_bad_tag,accept,accepted,outer_orchestration_unisolated,119,0.0285,0.035549999999999984,0.04149399999999998,0.044,119,Direct root/first-post-window remainder outside named child spans.,per-observation exclusive interval; no sum-of-percentiles total
logistic_motion_forest_anomaly,measured,valid_receiver_after_bad_tag,accept,accepted,receiver_binding_sequence_state_unisolated,119,0.1072,0.16671,0.1852759999999999,0.2004,119,"Verifier remainder including binding, sequence checks, locks/state publication and observer work; NOT isolated sequence latency.",per-observation exclusive interval; no sum-of-percentiles total
logistic_motion_forest_anomaly,measured,valid_receiver_after_bad_tag,accept,accepted,receiver_parsing,119,1.8044,2.43363,2.5642039999999997,3.1244,119,Envelope and binary parser call.,per-observation exclusive interval; no sum-of-percentiles total
logistic_motion_forest_anomaly,measured,valid_receiver_after_bad_tag,accept,accepted,receiver_quality_check,119,0.778,1.04327,1.3114679999999983,1.4971,119,Verifier quality-check call.,per-observation exclusive interval; no sum-of-percentiles total
logistic_motion_forest_anomaly,measured,valid_receiver_after_bad_tag,accept,accepted,receiver_window_hmac,119,0.0243,0.03664,0.04569199999999999,0.0655,119,"Recorded verifier window-tag calculation, not complete authentication.",per-observation exclusive interval; no sum-of-percentiles total
logistic_motion_forest_anomaly,measured,valid_receiver_after_bad_tag,accept,accepted,reconstruction,119,0.0,0.0,0.0,0.0,0,Actual recorded BCH reconstruction; includes any observer/GC delay.,per-observation exclusive interval; no sum-of-percentiles total
logistic_motion_forest_anomaly,measured,valid_receiver_after_bad_tag,accept,accepted,release_conversion_unisolated,119,0.6867,0.91635,0.9544839999999999,0.9837,119,Accepted release remainder including conversion/dispatch/observer work outside consumer children.,per-observation exclusive interval; no sum-of-percentiles total
logistic_motion_forest_anomaly,measured,valid_receiver_after_bad_tag,accept,accepted,sender_binding_unisolated,119,0.0,0.0,0.0,0.0,0,Sender seal remainder: binding/state/orchestration/observer work not separately timed.,per-observation exclusive interval; no sum-of-percentiles total
logistic_motion_forest_anomaly,measured,valid_receiver_after_bad_tag,accept,accepted,sender_serialization_and_quality,119,0.0,0.0,0.0,0.0,0,Sender serialization including its quality validation; not separately timed.,per-observation exclusive interval; no sum-of-percentiles total
logistic_motion_forest_anomaly,measured,valid_receiver_after_bad_tag,accept,accepted,sender_window_hmac,119,0.0,0.0,0.0,0.0,0,Recorded window-tag generation call.,per-observation exclusive interval; no sum-of-percentiles total
logistic_motion_forest_anomaly,measured,valid_receiver_after_bad_tag,accept,accepted,session_establishment_unisolated,119,0.0,0.0,0.0,0.0,0,"Handshake/request/activation remainder, including unseparated HKDF/confirmation work and observer cost.",per-observation exclusive interval; no sum-of-percentiles total
logistic_motion_forest_anomaly,measured,valid_receiver_after_bad_tag,accept,accepted,simulated_response_read,119,0.0,0.0,0.0,0.0,0,"Modeled response generation, not physical acquisition.",per-observation exclusive interval; no sum-of-percentiles total
logistic_motion_forest_anomaly,warmup,bad_tag_receiver,reject,invalid_tag,admission_orchestration_unisolated,29,0.0,0.0,0.0,0.0,0,Admission orchestration remainder not covered by named children.,per-observation exclusive interval; no sum-of-percentiles total
logistic_motion_forest_anomaly,warmup,bad_tag_receiver,reject,invalid_tag,anomaly_consumer,29,0.0,0.0,0.0,0.0,0,Anomaly consumer including feature scaling and frozen-threshold decision.,per-observation exclusive interval; no sum-of-percentiles total
logistic_motion_forest_anomaly,warmup,bad_tag_receiver,reject,invalid_tag,binary32_adapter,29,0.0,0.0,0.0,0.0,0,Canonical binary32 input adaptation before sender sealing.,per-observation exclusive interval; no sum-of-percentiles total
logistic_motion_forest_anomaly,warmup,bad_tag_receiver,reject,invalid_tag,credential_verification,29,0.0,0.0,0.0,0.0,0,Recorded independent credential-verification call(s).,per-observation exclusive interval; no sum-of-percentiles total
logistic_motion_forest_anomaly,warmup,bad_tag_receiver,reject,invalid_tag,in_memory_audit_measured,29,0.0399,0.05447999999999999,0.063552,0.0661,29,"Recorded audit record/prepare/commit spans, exclusive of their children; not all audit-related overhead and not durable storage.",per-observation exclusive interval; no sum-of-percentiles total
logistic_motion_forest_anomaly,warmup,bad_tag_receiver,reject,invalid_tag,local_admission_checks,29,0.0,0.0,0.0,0.0,0,"Measured local authorization/binding/consumption calls, excluding nested credential verification.",per-observation exclusive interval; no sum-of-percentiles total
logistic_motion_forest_anomaly,warmup,bad_tag_receiver,reject,invalid_tag,model_input_preprocessing,29,0.0,0.0,0.0,0.0,0,Shared model-input preparation; model-specific normalization remains in consumer timing.,per-observation exclusive interval; no sum-of-percentiles total
logistic_motion_forest_anomaly,warmup,bad_tag_receiver,reject,invalid_tag,motion_consumer,29,0.0,0.0,0.0,0.0,0,Motion consumer including normalization/tensor preparation/prediction decoding.,per-observation exclusive interval; no sum-of-percentiles total
logistic_motion_forest_anomaly,warmup,bad_tag_receiver,reject,invalid_tag,outer_orchestration_unisolated,29,0.0129,0.020099999999999993,0.02222,0.0225,29,Direct root/first-post-window remainder outside named child spans.,per-observation exclusive interval; no sum-of-percentiles total
logistic_motion_forest_anomaly,warmup,bad_tag_receiver,reject,invalid_tag,receiver_binding_sequence_state_unisolated,29,0.1074,0.13837999999999998,0.16641199999999998,0.1747,29,"Verifier remainder including binding, sequence checks, locks/state publication and observer work; NOT isolated sequence latency.",per-observation exclusive interval; no sum-of-percentiles total
logistic_motion_forest_anomaly,warmup,bad_tag_receiver,reject,invalid_tag,receiver_parsing,29,1.6846,2.1811799999999995,2.289484,2.2985,29,Envelope and binary parser call.,per-observation exclusive interval; no sum-of-percentiles total
logistic_motion_forest_anomaly,warmup,bad_tag_receiver,reject,invalid_tag,receiver_quality_check,29,0.0,0.0,0.0,0.0,0,Verifier quality-check call.,per-observation exclusive interval; no sum-of-percentiles total
logistic_motion_forest_anomaly,warmup,bad_tag_receiver,reject,invalid_tag,receiver_window_hmac,29,0.0216,0.030459999999999997,0.03592399999999999,0.0378,29,"Recorded verifier window-tag calculation, not complete authentication.",per-observation exclusive interval; no sum-of-percentiles total
logistic_motion_forest_anomaly,warmup,bad_tag_receiver,reject,invalid_tag,reconstruction,29,0.0,0.0,0.0,0.0,0,Actual recorded BCH reconstruction; includes any observer/GC delay.,per-observation exclusive interval; no sum-of-percentiles total
logistic_motion_forest_anomaly,warmup,bad_tag_receiver,reject,invalid_tag,release_conversion_unisolated,29,0.0,0.0,0.0,0.0,0,Accepted release remainder including conversion/dispatch/observer work outside consumer children.,per-observation exclusive interval; no sum-of-percentiles total
logistic_motion_forest_anomaly,warmup,bad_tag_receiver,reject,invalid_tag,sender_binding_unisolated,29,0.0,0.0,0.0,0.0,0,Sender seal remainder: binding/state/orchestration/observer work not separately timed.,per-observation exclusive interval; no sum-of-percentiles total
logistic_motion_forest_anomaly,warmup,bad_tag_receiver,reject,invalid_tag,sender_serialization_and_quality,29,0.0,0.0,0.0,0.0,0,Sender serialization including its quality validation; not separately timed.,per-observation exclusive interval; no sum-of-percentiles total
logistic_motion_forest_anomaly,warmup,bad_tag_receiver,reject,invalid_tag,sender_window_hmac,29,0.0,0.0,0.0,0.0,0,Recorded window-tag generation call.,per-observation exclusive interval; no sum-of-percentiles total
logistic_motion_forest_anomaly,warmup,bad_tag_receiver,reject,invalid_tag,session_establishment_unisolated,29,0.0,0.0,0.0,0.0,0,"Handshake/request/activation remainder, including unseparated HKDF/confirmation work and observer cost.",per-observation exclusive interval; no sum-of-percentiles total
logistic_motion_forest_anomaly,warmup,bad_tag_receiver,reject,invalid_tag,simulated_response_read,29,0.0,0.0,0.0,0.0,0,"Modeled response generation, not physical acquisition.",per-observation exclusive interval; no sum-of-percentiles total
logistic_motion_forest_anomaly,warmup,exact_replay_receiver,reject,duplicate_sequence,admission_orchestration_unisolated,29,0.0,0.0,0.0,0.0,0,Admission orchestration remainder not covered by named children.,per-observation exclusive interval; no sum-of-percentiles total
logistic_motion_forest_anomaly,warmup,exact_replay_receiver,reject,duplicate_sequence,anomaly_consumer,29,0.0,0.0,0.0,0.0,0,Anomaly consumer including feature scaling and frozen-threshold decision.,per-observation exclusive interval; no sum-of-percentiles total
logistic_motion_forest_anomaly,warmup,exact_replay_receiver,reject,duplicate_sequence,binary32_adapter,29,0.0,0.0,0.0,0.0,0,Canonical binary32 input adaptation before sender sealing.,per-observation exclusive interval; no sum-of-percentiles total
logistic_motion_forest_anomaly,warmup,exact_replay_receiver,reject,duplicate_sequence,credential_verification,29,0.0,0.0,0.0,0.0,0,Recorded independent credential-verification call(s).,per-observation exclusive interval; no sum-of-percentiles total
logistic_motion_forest_anomaly,warmup,exact_replay_receiver,reject,duplicate_sequence,in_memory_audit_measured,29,0.0706,0.10097999999999997,0.12171599999999998,0.1281,29,"Recorded audit record/prepare/commit spans, exclusive of their children; not all audit-related overhead and not durable storage.",per-observation exclusive interval; no sum-of-percentiles total
logistic_motion_forest_anomaly,warmup,exact_replay_receiver,reject,duplicate_sequence,local_admission_checks,29,0.0,0.0,0.0,0.0,0,"Measured local authorization/binding/consumption calls, excluding nested credential verification.",per-observation exclusive interval; no sum-of-percentiles total
logistic_motion_forest_anomaly,warmup,exact_replay_receiver,reject,duplicate_sequence,model_input_preprocessing,29,0.0,0.0,0.0,0.0,0,Shared model-input preparation; model-specific normalization remains in consumer timing.,per-observation exclusive interval; no sum-of-percentiles total
logistic_motion_forest_anomaly,warmup,exact_replay_receiver,reject,duplicate_sequence,motion_consumer,29,0.0,0.0,0.0,0.0,0,Motion consumer including normalization/tensor preparation/prediction decoding.,per-observation exclusive interval; no sum-of-percentiles total
logistic_motion_forest_anomaly,warmup,exact_replay_receiver,reject,duplicate_sequence,outer_orchestration_unisolated,29,0.0134,0.017039999999999993,0.01948,0.0199,29,Direct root/first-post-window remainder outside named child spans.,per-observation exclusive interval; no sum-of-percentiles total
logistic_motion_forest_anomaly,warmup,exact_replay_receiver,reject,duplicate_sequence,receiver_binding_sequence_state_unisolated,29,0.1462,0.19953999999999997,0.23681199999999994,0.2493,29,"Verifier remainder including binding, sequence checks, locks/state publication and observer work; NOT isolated sequence latency.",per-observation exclusive interval; no sum-of-percentiles total
logistic_motion_forest_anomaly,warmup,exact_replay_receiver,reject,duplicate_sequence,receiver_parsing,29,2.007,2.6047999999999996,2.754072,2.7856,29,Envelope and binary parser call.,per-observation exclusive interval; no sum-of-percentiles total
logistic_motion_forest_anomaly,warmup,exact_replay_receiver,reject,duplicate_sequence,receiver_quality_check,29,0.7207,0.95498,1.0562839999999998,1.0933,29,Verifier quality-check call.,per-observation exclusive interval; no sum-of-percentiles total
logistic_motion_forest_anomaly,warmup,exact_replay_receiver,reject,duplicate_sequence,receiver_window_hmac,29,0.0292,0.037579999999999995,0.04179599999999999,0.043,29,"Recorded verifier window-tag calculation, not complete authentication.",per-observation exclusive interval; no sum-of-percentiles total
logistic_motion_forest_anomaly,warmup,exact_replay_receiver,reject,duplicate_sequence,reconstruction,29,0.0,0.0,0.0,0.0,0,Actual recorded BCH reconstruction; includes any observer/GC delay.,per-observation exclusive interval; no sum-of-percentiles total
logistic_motion_forest_anomaly,warmup,exact_replay_receiver,reject,duplicate_sequence,release_conversion_unisolated,29,0.0,0.0,0.0,0.0,0,Accepted release remainder including conversion/dispatch/observer work outside consumer children.,per-observation exclusive interval; no sum-of-percentiles total
logistic_motion_forest_anomaly,warmup,exact_replay_receiver,reject,duplicate_sequence,sender_binding_unisolated,29,0.0,0.0,0.0,0.0,0,Sender seal remainder: binding/state/orchestration/observer work not separately timed.,per-observation exclusive interval; no sum-of-percentiles total
logistic_motion_forest_anomaly,warmup,exact_replay_receiver,reject,duplicate_sequence,sender_serialization_and_quality,29,0.0,0.0,0.0,0.0,0,Sender serialization including its quality validation; not separately timed.,per-observation exclusive interval; no sum-of-percentiles total
logistic_motion_forest_anomaly,warmup,exact_replay_receiver,reject,duplicate_sequence,sender_window_hmac,29,0.0,0.0,0.0,0.0,0,Recorded window-tag generation call.,per-observation exclusive interval; no sum-of-percentiles total
logistic_motion_forest_anomaly,warmup,exact_replay_receiver,reject,duplicate_sequence,session_establishment_unisolated,29,0.0,0.0,0.0,0.0,0,"Handshake/request/activation remainder, including unseparated HKDF/confirmation work and observer cost.",per-observation exclusive interval; no sum-of-percentiles total
logistic_motion_forest_anomaly,warmup,exact_replay_receiver,reject,duplicate_sequence,simulated_response_read,29,0.0,0.0,0.0,0.0,0,"Modeled response generation, not physical acquisition.",per-observation exclusive interval; no sum-of-percentiles total
logistic_motion_forest_anomaly,warmup,fresh_to_first_window,accept,accepted,admission_orchestration_unisolated,29,0.0604,0.09743999999999997,0.12597599999999998,0.1346,29,Admission orchestration remainder not covered by named children.,per-observation exclusive interval; no sum-of-percentiles total
logistic_motion_forest_anomaly,warmup,fresh_to_first_window,accept,accepted,anomaly_consumer,29,7.4962,9.95888,10.042208,10.0468,29,Anomaly consumer including feature scaling and frozen-threshold decision.,per-observation exclusive interval; no sum-of-percentiles total
logistic_motion_forest_anomaly,warmup,fresh_to_first_window,accept,accepted,binary32_adapter,29,1.3514,2.1768199999999998,2.4933879999999995,2.5747,29,Canonical binary32 input adaptation before sender sealing.,per-observation exclusive interval; no sum-of-percentiles total
logistic_motion_forest_anomaly,warmup,fresh_to_first_window,accept,accepted,credential_verification,29,0.0653,0.10223999999999998,0.12525599999999998,0.1336,29,Recorded independent credential-verification call(s).,per-observation exclusive interval; no sum-of-percentiles total
logistic_motion_forest_anomaly,warmup,fresh_to_first_window,accept,accepted,in_memory_audit_measured,29,0.237,0.37498,0.4734839999999999,0.5098,29,"Recorded audit record/prepare/commit spans, exclusive of their children; not all audit-related overhead and not durable storage.",per-observation exclusive interval; no sum-of-percentiles total
logistic_motion_forest_anomaly,warmup,fresh_to_first_window,accept,accepted,local_admission_checks,29,0.0739,0.11599999999999999,0.11976,0.1206,29,"Measured local authorization/binding/consumption calls, excluding nested credential verification.",per-observation exclusive interval; no sum-of-percentiles total
logistic_motion_forest_anomaly,warmup,fresh_to_first_window,accept,accepted,model_input_preprocessing,29,4.045,5.339139999999999,6.335403999999998,6.6695,29,Shared model-input preparation; model-specific normalization remains in consumer timing.,per-observation exclusive interval; no sum-of-percentiles total
logistic_motion_forest_anomaly,warmup,fresh_to_first_window,accept,accepted,motion_consumer,29,0.6658,0.9248599999999998,1.2751239999999995,1.3911,29,Motion consumer including normalization/tensor preparation/prediction decoding.,per-observation exclusive interval; no sum-of-percentiles total
logistic_motion_forest_anomaly,warmup,fresh_to_first_window,accept,accepted,outer_orchestration_unisolated,29,0.1392,0.18355999999999997,0.19783999999999996,0.2019,29,Direct root/first-post-window remainder outside named child spans.,per-observation exclusive interval; no sum-of-percentiles total
logistic_motion_forest_anomaly,warmup,fresh_to_first_window,accept,accepted,receiver_binding_sequence_state_unisolated,29,0.0996,0.12049999999999998,0.14167599999999997,0.1489,29,"Verifier remainder including binding, sequence checks, locks/state publication and observer work; NOT isolated sequence latency.",per-observation exclusive interval; no sum-of-percentiles total
logistic_motion_forest_anomaly,warmup,fresh_to_first_window,accept,accepted,receiver_parsing,29,2.0202,3.7555799999999997,3.937436,3.9686,29,Envelope and binary parser call.,per-observation exclusive interval; no sum-of-percentiles total
logistic_motion_forest_anomaly,warmup,fresh_to_first_window,accept,accepted,receiver_quality_check,29,0.7138,0.9033799999999998,0.9767959999999999,0.9934,29,Verifier quality-check call.,per-observation exclusive interval; no sum-of-percentiles total
logistic_motion_forest_anomaly,warmup,fresh_to_first_window,accept,accepted,receiver_window_hmac,29,0.0221,0.030239999999999993,0.03600799999999999,0.0378,29,"Recorded verifier window-tag calculation, not complete authentication.",per-observation exclusive interval; no sum-of-percentiles total
logistic_motion_forest_anomaly,warmup,fresh_to_first_window,accept,accepted,reconstruction,29,4.571,6.152539999999999,7.136355999999999,7.4646,29,Actual recorded BCH reconstruction; includes any observer/GC delay.,per-observation exclusive interval; no sum-of-percentiles total
logistic_motion_forest_anomaly,warmup,fresh_to_first_window,accept,accepted,release_conversion_unisolated,29,0.6304,0.83332,0.858584,0.8641,29,Accepted release remainder including conversion/dispatch/observer work outside consumer children.,per-observation exclusive interval; no sum-of-percentiles total
logistic_motion_forest_anomaly,warmup,fresh_to_first_window,accept,accepted,sender_binding_unisolated,29,0.1421,0.19823999999999994,0.22472799999999998,0.2303,29,Sender seal remainder: binding/state/orchestration/observer work not separately timed.,per-observation exclusive interval; no sum-of-percentiles total
logistic_motion_forest_anomaly,warmup,fresh_to_first_window,accept,accepted,sender_serialization_and_quality,29,1.2678,1.8270999999999997,1.899148,1.9064,29,Sender serialization including its quality validation; not separately timed.,per-observation exclusive interval; no sum-of-percentiles total
logistic_motion_forest_anomaly,warmup,fresh_to_first_window,accept,accepted,sender_window_hmac,29,0.0215,0.03622,0.06149999999999996,0.0713,29,Recorded window-tag generation call.,per-observation exclusive interval; no sum-of-percentiles total
logistic_motion_forest_anomaly,warmup,fresh_to_first_window,accept,accepted,session_establishment_unisolated,29,0.5043,0.7834999999999999,0.815836,0.8183,29,"Handshake/request/activation remainder, including unseparated HKDF/confirmation work and observer cost.",per-observation exclusive interval; no sum-of-percentiles total
logistic_motion_forest_anomaly,warmup,fresh_to_first_window,accept,accepted,simulated_response_read,29,0.2383,0.27527999999999997,0.32173599999999997,0.3361,29,"Modeled response generation, not physical acquisition.",per-observation exclusive interval; no sum-of-percentiles total
logistic_motion_forest_anomaly,warmup,malformed_json_receiver,reject,malformed_message,admission_orchestration_unisolated,29,0.0,0.0,0.0,0.0,0,Admission orchestration remainder not covered by named children.,per-observation exclusive interval; no sum-of-percentiles total
logistic_motion_forest_anomaly,warmup,malformed_json_receiver,reject,malformed_message,anomaly_consumer,29,0.0,0.0,0.0,0.0,0,Anomaly consumer including feature scaling and frozen-threshold decision.,per-observation exclusive interval; no sum-of-percentiles total
logistic_motion_forest_anomaly,warmup,malformed_json_receiver,reject,malformed_message,binary32_adapter,29,0.0,0.0,0.0,0.0,0,Canonical binary32 input adaptation before sender sealing.,per-observation exclusive interval; no sum-of-percentiles total
logistic_motion_forest_anomaly,warmup,malformed_json_receiver,reject,malformed_message,credential_verification,29,0.0,0.0,0.0,0.0,0,Recorded independent credential-verification call(s).,per-observation exclusive interval; no sum-of-percentiles total
logistic_motion_forest_anomaly,warmup,malformed_json_receiver,reject,malformed_message,in_memory_audit_measured,29,0.0558,0.07532,0.08245599999999999,0.0852,29,"Recorded audit record/prepare/commit spans, exclusive of their children; not all audit-related overhead and not durable storage.",per-observation exclusive interval; no sum-of-percentiles total
logistic_motion_forest_anomaly,warmup,malformed_json_receiver,reject,malformed_message,local_admission_checks,29,0.0,0.0,0.0,0.0,0,"Measured local authorization/binding/consumption calls, excluding nested credential verification.",per-observation exclusive interval; no sum-of-percentiles total
logistic_motion_forest_anomaly,warmup,malformed_json_receiver,reject,malformed_message,model_input_preprocessing,29,0.0,0.0,0.0,0.0,0,Shared model-input preparation; model-specific normalization remains in consumer timing.,per-observation exclusive interval; no sum-of-percentiles total
logistic_motion_forest_anomaly,warmup,malformed_json_receiver,reject,malformed_message,motion_consumer,29,0.0,0.0,0.0,0.0,0,Motion consumer including normalization/tensor preparation/prediction decoding.,per-observation exclusive interval; no sum-of-percentiles total
logistic_motion_forest_anomaly,warmup,malformed_json_receiver,reject,malformed_message,outer_orchestration_unisolated,29,0.0092,0.013319999999999999,0.0136,0.0136,29,Direct root/first-post-window remainder outside named child spans.,per-observation exclusive interval; no sum-of-percentiles total
logistic_motion_forest_anomaly,warmup,malformed_json_receiver,reject,malformed_message,receiver_binding_sequence_state_unisolated,29,0.0482,0.06672,0.07279999999999999,0.0749,29,"Verifier remainder including binding, sequence checks, locks/state publication and observer work; NOT isolated sequence latency.",per-observation exclusive interval; no sum-of-percentiles total
logistic_motion_forest_anomaly,warmup,malformed_json_receiver,reject,malformed_message,receiver_parsing,29,0.0375,0.04648,0.05369599999999999,0.0563,29,Envelope and binary parser call.,per-observation exclusive interval; no sum-of-percentiles total
logistic_motion_forest_anomaly,warmup,malformed_json_receiver,reject,malformed_message,receiver_quality_check,29,0.0,0.0,0.0,0.0,0,Verifier quality-check call.,per-observation exclusive interval; no sum-of-percentiles total
logistic_motion_forest_anomaly,warmup,malformed_json_receiver,reject,malformed_message,receiver_window_hmac,29,0.0,0.0,0.0,0.0,0,"Recorded verifier window-tag calculation, not complete authentication.",per-observation exclusive interval; no sum-of-percentiles total
logistic_motion_forest_anomaly,warmup,malformed_json_receiver,reject,malformed_message,reconstruction,29,0.0,0.0,0.0,0.0,0,Actual recorded BCH reconstruction; includes any observer/GC delay.,per-observation exclusive interval; no sum-of-percentiles total
logistic_motion_forest_anomaly,warmup,malformed_json_receiver,reject,malformed_message,release_conversion_unisolated,29,0.0,0.0,0.0,0.0,0,Accepted release remainder including conversion/dispatch/observer work outside consumer children.,per-observation exclusive interval; no sum-of-percentiles total
logistic_motion_forest_anomaly,warmup,malformed_json_receiver,reject,malformed_message,sender_binding_unisolated,29,0.0,0.0,0.0,0.0,0,Sender seal remainder: binding/state/orchestration/observer work not separately timed.,per-observation exclusive interval; no sum-of-percentiles total
logistic_motion_forest_anomaly,warmup,malformed_json_receiver,reject,malformed_message,sender_serialization_and_quality,29,0.0,0.0,0.0,0.0,0,Sender serialization including its quality validation; not separately timed.,per-observation exclusive interval; no sum-of-percentiles total
logistic_motion_forest_anomaly,warmup,malformed_json_receiver,reject,malformed_message,sender_window_hmac,29,0.0,0.0,0.0,0.0,0,Recorded window-tag generation call.,per-observation exclusive interval; no sum-of-percentiles total
logistic_motion_forest_anomaly,warmup,malformed_json_receiver,reject,malformed_message,session_establishment_unisolated,29,0.0,0.0,0.0,0.0,0,"Handshake/request/activation remainder, including unseparated HKDF/confirmation work and observer cost.",per-observation exclusive interval; no sum-of-percentiles total
logistic_motion_forest_anomaly,warmup,malformed_json_receiver,reject,malformed_message,simulated_response_read,29,0.0,0.0,0.0,0.0,0,"Modeled response generation, not physical acquisition.",per-observation exclusive interval; no sum-of-percentiles total
logistic_motion_forest_anomaly,warmup,post_window_after_refusals,accept,accepted,admission_orchestration_unisolated,29,0.0,0.0,0.0,0.0,0,Admission orchestration remainder not covered by named children.,per-observation exclusive interval; no sum-of-percentiles total
logistic_motion_forest_anomaly,warmup,post_window_after_refusals,accept,accepted,anomaly_consumer,29,7.4154,8.62948,8.827032,8.8853,29,Anomaly consumer including feature scaling and frozen-threshold decision.,per-observation exclusive interval; no sum-of-percentiles total
logistic_motion_forest_anomaly,warmup,post_window_after_refusals,accept,accepted,binary32_adapter,29,1.2766,1.5279599999999998,1.7550959999999998,1.8193,29,Canonical binary32 input adaptation before sender sealing.,per-observation exclusive interval; no sum-of-percentiles total
logistic_motion_forest_anomaly,warmup,post_window_after_refusals,accept,accepted,credential_verification,29,0.0,0.0,0.0,0.0,0,Recorded independent credential-verification call(s).,per-observation exclusive interval; no sum-of-percentiles total
logistic_motion_forest_anomaly,warmup,post_window_after_refusals,accept,accepted,in_memory_audit_measured,29,0.09,0.1451199999999999,0.19718399999999994,0.2097,29,"Recorded audit record/prepare/commit spans, exclusive of their children; not all audit-related overhead and not durable storage.",per-observation exclusive interval; no sum-of-percentiles total
logistic_motion_forest_anomaly,warmup,post_window_after_refusals,accept,accepted,local_admission_checks,29,0.0,0.0,0.0,0.0,0,"Measured local authorization/binding/consumption calls, excluding nested credential verification.",per-observation exclusive interval; no sum-of-percentiles total
logistic_motion_forest_anomaly,warmup,post_window_after_refusals,accept,accepted,model_input_preprocessing,29,4.313,5.718239999999999,6.278327999999999,6.4421,29,Shared model-input preparation; model-specific normalization remains in consumer timing.,per-observation exclusive interval; no sum-of-percentiles total
logistic_motion_forest_anomaly,warmup,post_window_after_refusals,accept,accepted,motion_consumer,29,0.6868,0.86178,0.9159559999999999,0.9334,29,Motion consumer including normalization/tensor preparation/prediction decoding.,per-observation exclusive interval; no sum-of-percentiles total
logistic_motion_forest_anomaly,warmup,post_window_after_refusals,accept,accepted,outer_orchestration_unisolated,29,0.1009,0.15435999999999991,0.18812799999999996,0.1951,29,Direct root/first-post-window remainder outside named child spans.,per-observation exclusive interval; no sum-of-percentiles total
logistic_motion_forest_anomaly,warmup,post_window_after_refusals,accept,accepted,receiver_binding_sequence_state_unisolated,29,0.0973,0.15173999999999996,0.167924,0.1712,29,"Verifier remainder including binding, sequence checks, locks/state publication and observer work; NOT isolated sequence latency.",per-observation exclusive interval; no sum-of-percentiles total
logistic_motion_forest_anomaly,warmup,post_window_after_refusals,accept,accepted,receiver_parsing,29,1.8742,2.1758199999999994,2.827275999999999,3.0424,29,Envelope and binary parser call.,per-observation exclusive interval; no sum-of-percentiles total
logistic_motion_forest_anomaly,warmup,post_window_after_refusals,accept,accepted,receiver_quality_check,29,0.694,0.8316,1.0652799999999996,1.1553,29,Verifier quality-check call.,per-observation exclusive interval; no sum-of-percentiles total
logistic_motion_forest_anomaly,warmup,post_window_after_refusals,accept,accepted,receiver_window_hmac,29,0.0223,0.032019999999999986,0.039299999999999995,0.0414,29,"Recorded verifier window-tag calculation, not complete authentication.",per-observation exclusive interval; no sum-of-percentiles total
logistic_motion_forest_anomaly,warmup,post_window_after_refusals,accept,accepted,reconstruction,29,0.0,0.0,0.0,0.0,0,Actual recorded BCH reconstruction; includes any observer/GC delay.,per-observation exclusive interval; no sum-of-percentiles total
logistic_motion_forest_anomaly,warmup,post_window_after_refusals,accept,accepted,release_conversion_unisolated,29,0.6409,0.9477599999999996,1.025728,1.0327,29,Accepted release remainder including conversion/dispatch/observer work outside consumer children.,per-observation exclusive interval; no sum-of-percentiles total
logistic_motion_forest_anomaly,warmup,post_window_after_refusals,accept,accepted,sender_binding_unisolated,29,0.1355,0.21645999999999982,0.35479599999999983,0.3959,29,Sender seal remainder: binding/state/orchestration/observer work not separately timed.,per-observation exclusive interval; no sum-of-percentiles total
logistic_motion_forest_anomaly,warmup,post_window_after_refusals,accept,accepted,sender_serialization_and_quality,29,1.2634,1.9142599999999985,2.189444,2.1916,29,Sender serialization including its quality validation; not separately timed.,per-observation exclusive interval; no sum-of-percentiles total
logistic_motion_forest_anomaly,warmup,post_window_after_refusals,accept,accepted,sender_window_hmac,29,0.0307,0.04691999999999997,0.0536,0.0543,29,Recorded window-tag generation call.,per-observation exclusive interval; no sum-of-percentiles total
logistic_motion_forest_anomaly,warmup,post_window_after_refusals,accept,accepted,session_establishment_unisolated,29,0.0,0.0,0.0,0.0,0,"Handshake/request/activation remainder, including unseparated HKDF/confirmation work and observer cost.",per-observation exclusive interval; no sum-of-percentiles total
logistic_motion_forest_anomaly,warmup,post_window_after_refusals,accept,accepted,simulated_response_read,29,0.0,0.0,0.0,0.0,0,"Modeled response generation, not physical acquisition.",per-observation exclusive interval; no sum-of-percentiles total
logistic_motion_forest_anomaly,warmup,post_window_recurring,accept,accepted,admission_orchestration_unisolated,29,0.0,0.0,0.0,0.0,0,Admission orchestration remainder not covered by named children.,per-observation exclusive interval; no sum-of-percentiles total
logistic_motion_forest_anomaly,warmup,post_window_recurring,accept,accepted,anomaly_consumer,29,7.2812,9.617999999999995,11.090872,11.2281,29,Anomaly consumer including feature scaling and frozen-threshold decision.,per-observation exclusive interval; no sum-of-percentiles total
logistic_motion_forest_anomaly,warmup,post_window_recurring,accept,accepted,binary32_adapter,29,1.3235,1.6764799999999995,1.9472799999999997,2.0114,29,Canonical binary32 input adaptation before sender sealing.,per-observation exclusive interval; no sum-of-percentiles total
logistic_motion_forest_anomaly,warmup,post_window_recurring,accept,accepted,credential_verification,29,0.0,0.0,0.0,0.0,0,Recorded independent credential-verification call(s).,per-observation exclusive interval; no sum-of-percentiles total
logistic_motion_forest_anomaly,warmup,post_window_recurring,accept,accepted,in_memory_audit_measured,29,0.1112,0.17279999999999998,0.19695199999999996,0.2044,29,"Recorded audit record/prepare/commit spans, exclusive of their children; not all audit-related overhead and not durable storage.",per-observation exclusive interval; no sum-of-percentiles total
logistic_motion_forest_anomaly,warmup,post_window_recurring,accept,accepted,local_admission_checks,29,0.0,0.0,0.0,0.0,0,"Measured local authorization/binding/consumption calls, excluding nested credential verification.",per-observation exclusive interval; no sum-of-percentiles total
logistic_motion_forest_anomaly,warmup,post_window_recurring,accept,accepted,model_input_preprocessing,29,4.2237,5.621099999999999,6.307307999999999,6.5296,29,Shared model-input preparation; model-specific normalization remains in consumer timing.,per-observation exclusive interval; no sum-of-percentiles total
logistic_motion_forest_anomaly,warmup,post_window_recurring,accept,accepted,motion_consumer,29,0.6718,0.8314,1.0035199999999997,1.0689,29,Motion consumer including normalization/tensor preparation/prediction decoding.,per-observation exclusive interval; no sum-of-percentiles total
logistic_motion_forest_anomaly,warmup,post_window_recurring,accept,accepted,outer_orchestration_unisolated,29,0.1095,0.16197999999999996,0.23366799999999988,0.2594,29,Direct root/first-post-window remainder outside named child spans.,per-observation exclusive interval; no sum-of-percentiles total
logistic_motion_forest_anomaly,warmup,post_window_recurring,accept,accepted,receiver_binding_sequence_state_unisolated,29,0.0997,0.13376,0.16606399999999993,0.1783,29,"Verifier remainder including binding, sequence checks, locks/state publication and observer work; NOT isolated sequence latency.",per-observation exclusive interval; no sum-of-percentiles total
logistic_motion_forest_anomaly,warmup,post_window_recurring,accept,accepted,receiver_parsing,29,1.9495,6.399259999999997,226.70761999999965,312.1828,29,Envelope and binary parser call.,per-observation exclusive interval; no sum-of-percentiles total
logistic_motion_forest_anomaly,warmup,post_window_recurring,accept,accepted,receiver_quality_check,29,0.7099,0.9079199999999996,0.982648,0.9885,29,Verifier quality-check call.,per-observation exclusive interval; no sum-of-percentiles total
logistic_motion_forest_anomaly,warmup,post_window_recurring,accept,accepted,receiver_window_hmac,29,0.0241,0.03982,0.041724,0.0422,29,"Recorded verifier window-tag calculation, not complete authentication.",per-observation exclusive interval; no sum-of-percentiles total
logistic_motion_forest_anomaly,warmup,post_window_recurring,accept,accepted,reconstruction,29,0.0,0.0,0.0,0.0,0,Actual recorded BCH reconstruction; includes any observer/GC delay.,per-observation exclusive interval; no sum-of-percentiles total
logistic_motion_forest_anomaly,warmup,post_window_recurring,accept,accepted,release_conversion_unisolated,29,0.6208,0.8341799999999999,0.8963159999999999,0.9118,29,Accepted release remainder including conversion/dispatch/observer work outside consumer children.,per-observation exclusive interval; no sum-of-percentiles total
logistic_motion_forest_anomaly,warmup,post_window_recurring,accept,accepted,sender_binding_unisolated,29,0.1495,0.22529999999999994,0.26421199999999995,0.276,29,Sender seal remainder: binding/state/orchestration/observer work not separately timed.,per-observation exclusive interval; no sum-of-percentiles total
logistic_motion_forest_anomaly,warmup,post_window_recurring,accept,accepted,sender_serialization_and_quality,29,1.3161,1.6878199999999999,1.8589239999999998,1.9126,29,Sender serialization including its quality validation; not separately timed.,per-observation exclusive interval; no sum-of-percentiles total
logistic_motion_forest_anomaly,warmup,post_window_recurring,accept,accepted,sender_window_hmac,29,0.029,0.04438,0.04781199999999999,0.0491,29,Recorded window-tag generation call.,per-observation exclusive interval; no sum-of-percentiles total
logistic_motion_forest_anomaly,warmup,post_window_recurring,accept,accepted,session_establishment_unisolated,29,0.0,0.0,0.0,0.0,0,"Handshake/request/activation remainder, including unseparated HKDF/confirmation work and observer cost.",per-observation exclusive interval; no sum-of-percentiles total
logistic_motion_forest_anomaly,warmup,post_window_recurring,accept,accepted,simulated_response_read,29,0.0,0.0,0.0,0.0,0,"Modeled response generation, not physical acquisition.",per-observation exclusive interval; no sum-of-percentiles total
logistic_motion_forest_anomaly,warmup,pre_tag_quality_refusal,reject,data_quality_failure,admission_orchestration_unisolated,29,0.0,0.0,0.0,0.0,0,Admission orchestration remainder not covered by named children.,per-observation exclusive interval; no sum-of-percentiles total
logistic_motion_forest_anomaly,warmup,pre_tag_quality_refusal,reject,data_quality_failure,anomaly_consumer,29,0.0,0.0,0.0,0.0,0,Anomaly consumer including feature scaling and frozen-threshold decision.,per-observation exclusive interval; no sum-of-percentiles total
logistic_motion_forest_anomaly,warmup,pre_tag_quality_refusal,reject,data_quality_failure,binary32_adapter,29,1.3831,1.76872,1.842912,1.8673,29,Canonical binary32 input adaptation before sender sealing.,per-observation exclusive interval; no sum-of-percentiles total
logistic_motion_forest_anomaly,warmup,pre_tag_quality_refusal,reject,data_quality_failure,credential_verification,29,0.0,0.0,0.0,0.0,0,Recorded independent credential-verification call(s).,per-observation exclusive interval; no sum-of-percentiles total
logistic_motion_forest_anomaly,warmup,pre_tag_quality_refusal,reject,data_quality_failure,in_memory_audit_measured,29,0.0596,0.07419999999999999,0.081088,0.0826,29,"Recorded audit record/prepare/commit spans, exclusive of their children; not all audit-related overhead and not durable storage.",per-observation exclusive interval; no sum-of-percentiles total
logistic_motion_forest_anomaly,warmup,pre_tag_quality_refusal,reject,data_quality_failure,local_admission_checks,29,0.0,0.0,0.0,0.0,0,"Measured local authorization/binding/consumption calls, excluding nested credential verification.",per-observation exclusive interval; no sum-of-percentiles total
logistic_motion_forest_anomaly,warmup,pre_tag_quality_refusal,reject,data_quality_failure,model_input_preprocessing,29,0.0,0.0,0.0,0.0,0,Shared model-input preparation; model-specific normalization remains in consumer timing.,per-observation exclusive interval; no sum-of-percentiles total
logistic_motion_forest_anomaly,warmup,pre_tag_quality_refusal,reject,data_quality_failure,motion_consumer,29,0.0,0.0,0.0,0.0,0,Motion consumer including normalization/tensor preparation/prediction decoding.,per-observation exclusive interval; no sum-of-percentiles total
logistic_motion_forest_anomaly,warmup,pre_tag_quality_refusal,reject,data_quality_failure,outer_orchestration_unisolated,29,0.0582,0.07632,0.0764,0.0764,29,Direct root/first-post-window remainder outside named child spans.,per-observation exclusive interval; no sum-of-percentiles total
logistic_motion_forest_anomaly,warmup,pre_tag_quality_refusal,reject,data_quality_failure,receiver_binding_sequence_state_unisolated,29,0.0,0.0,0.0,0.0,0,"Verifier remainder including binding, sequence checks, locks/state publication and observer work; NOT isolated sequence latency.",per-observation exclusive interval; no sum-of-percentiles total
logistic_motion_forest_anomaly,warmup,pre_tag_quality_refusal,reject,data_quality_failure,receiver_parsing,29,0.0,0.0,0.0,0.0,0,Envelope and binary parser call.,per-observation exclusive interval; no sum-of-percentiles total
logistic_motion_forest_anomaly,warmup,pre_tag_quality_refusal,reject,data_quality_failure,receiver_quality_check,29,0.0,0.0,0.0,0.0,0,Verifier quality-check call.,per-observation exclusive interval; no sum-of-percentiles total
logistic_motion_forest_anomaly,warmup,pre_tag_quality_refusal,reject,data_quality_failure,receiver_window_hmac,29,0.0,0.0,0.0,0.0,0,"Recorded verifier window-tag calculation, not complete authentication.",per-observation exclusive interval; no sum-of-percentiles total
logistic_motion_forest_anomaly,warmup,pre_tag_quality_refusal,reject,data_quality_failure,reconstruction,29,0.0,0.0,0.0,0.0,0,Actual recorded BCH reconstruction; includes any observer/GC delay.,per-observation exclusive interval; no sum-of-percentiles total
logistic_motion_forest_anomaly,warmup,pre_tag_quality_refusal,reject,data_quality_failure,release_conversion_unisolated,29,0.0,0.0,0.0,0.0,0,Accepted release remainder including conversion/dispatch/observer work outside consumer children.,per-observation exclusive interval; no sum-of-percentiles total
logistic_motion_forest_anomaly,warmup,pre_tag_quality_refusal,reject,data_quality_failure,sender_binding_unisolated,29,0.0843,0.1313999999999999,0.17174399999999998,0.1809,29,Sender seal remainder: binding/state/orchestration/observer work not separately timed.,per-observation exclusive interval; no sum-of-percentiles total
logistic_motion_forest_anomaly,warmup,pre_tag_quality_refusal,reject,data_quality_failure,sender_serialization_and_quality,29,0.5997,0.7370599999999997,0.79466,0.7962,29,Sender serialization including its quality validation; not separately timed.,per-observation exclusive interval; no sum-of-percentiles total
logistic_motion_forest_anomaly,warmup,pre_tag_quality_refusal,reject,data_quality_failure,sender_window_hmac,29,0.0,0.0,0.0,0.0,0,Recorded window-tag generation call.,per-observation exclusive interval; no sum-of-percentiles total
logistic_motion_forest_anomaly,warmup,pre_tag_quality_refusal,reject,data_quality_failure,session_establishment_unisolated,29,0.0,0.0,0.0,0.0,0,"Handshake/request/activation remainder, including unseparated HKDF/confirmation work and observer cost.",per-observation exclusive interval; no sum-of-percentiles total
logistic_motion_forest_anomaly,warmup,pre_tag_quality_refusal,reject,data_quality_failure,simulated_response_read,29,0.0,0.0,0.0,0.0,0,"Modeled response generation, not physical acquisition.",per-observation exclusive interval; no sum-of-percentiles total
logistic_motion_forest_anomaly,warmup,valid_receiver_after_bad_tag,accept,accepted,admission_orchestration_unisolated,29,0.0,0.0,0.0,0.0,0,Admission orchestration remainder not covered by named children.,per-observation exclusive interval; no sum-of-percentiles total
logistic_motion_forest_anomaly,warmup,valid_receiver_after_bad_tag,accept,accepted,anomaly_consumer,29,7.325,9.586579999999996,10.87626,11.0507,29,Anomaly consumer including feature scaling and frozen-threshold decision.,per-observation exclusive interval; no sum-of-percentiles total
logistic_motion_forest_anomaly,warmup,valid_receiver_after_bad_tag,accept,accepted,binary32_adapter,29,0.0,0.0,0.0,0.0,0,Canonical binary32 input adaptation before sender sealing.,per-observation exclusive interval; no sum-of-percentiles total
logistic_motion_forest_anomaly,warmup,valid_receiver_after_bad_tag,accept,accepted,credential_verification,29,0.0,0.0,0.0,0.0,0,Recorded independent credential-verification call(s).,per-observation exclusive interval; no sum-of-percentiles total
logistic_motion_forest_anomaly,warmup,valid_receiver_after_bad_tag,accept,accepted,in_memory_audit_measured,29,0.0503,0.06842,0.073444,0.0749,29,"Recorded audit record/prepare/commit spans, exclusive of their children; not all audit-related overhead and not durable storage.",per-observation exclusive interval; no sum-of-percentiles total
logistic_motion_forest_anomaly,warmup,valid_receiver_after_bad_tag,accept,accepted,local_admission_checks,29,0.0,0.0,0.0,0.0,0,"Measured local authorization/binding/consumption calls, excluding nested credential verification.",per-observation exclusive interval; no sum-of-percentiles total
logistic_motion_forest_anomaly,warmup,valid_receiver_after_bad_tag,accept,accepted,model_input_preprocessing,29,4.1888,5.360159999999999,6.512279999999998,6.8627,29,Shared model-input preparation; model-specific normalization remains in consumer timing.,per-observation exclusive interval; no sum-of-percentiles total
logistic_motion_forest_anomaly,warmup,valid_receiver_after_bad_tag,accept,accepted,motion_consumer,29,0.6979,0.8522,0.9431919999999999,0.9778,29,Motion consumer including normalization/tensor preparation/prediction decoding.,per-observation exclusive interval; no sum-of-percentiles total
logistic_motion_forest_anomaly,warmup,valid_receiver_after_bad_tag,accept,accepted,outer_orchestration_unisolated,29,0.026,0.03271999999999999,0.042127999999999985,0.0449,29,Direct root/first-post-window remainder outside named child spans.,per-observation exclusive interval; no sum-of-percentiles total
logistic_motion_forest_anomaly,warmup,valid_receiver_after_bad_tag,accept,accepted,receiver_binding_sequence_state_unisolated,29,0.1005,0.12747999999999998,0.132064,0.1331,29,"Verifier remainder including binding, sequence checks, locks/state publication and observer work; NOT isolated sequence latency.",per-observation exclusive interval; no sum-of-percentiles total
logistic_motion_forest_anomaly,warmup,valid_receiver_after_bad_tag,accept,accepted,receiver_parsing,29,1.6956,2.17404,2.268184,2.2961,29,Envelope and binary parser call.,per-observation exclusive interval; no sum-of-percentiles total
logistic_motion_forest_anomaly,warmup,valid_receiver_after_bad_tag,accept,accepted,receiver_quality_check,29,0.7207,0.9243599999999997,0.974824,0.9788,29,Verifier quality-check call.,per-observation exclusive interval; no sum-of-percentiles total
logistic_motion_forest_anomaly,warmup,valid_receiver_after_bad_tag,accept,accepted,receiver_window_hmac,29,0.0217,0.030199999999999998,0.03333599999999999,0.0344,29,"Recorded verifier window-tag calculation, not complete authentication.",per-observation exclusive interval; no sum-of-percentiles total
logistic_motion_forest_anomaly,warmup,valid_receiver_after_bad_tag,accept,accepted,reconstruction,29,0.0,0.0,0.0,0.0,0,Actual recorded BCH reconstruction; includes any observer/GC delay.,per-observation exclusive interval; no sum-of-percentiles total
logistic_motion_forest_anomaly,warmup,valid_receiver_after_bad_tag,accept,accepted,release_conversion_unisolated,29,0.63,0.8543599999999999,0.9159439999999999,0.9328,29,Accepted release remainder including conversion/dispatch/observer work outside consumer children.,per-observation exclusive interval; no sum-of-percentiles total
logistic_motion_forest_anomaly,warmup,valid_receiver_after_bad_tag,accept,accepted,sender_binding_unisolated,29,0.0,0.0,0.0,0.0,0,Sender seal remainder: binding/state/orchestration/observer work not separately timed.,per-observation exclusive interval; no sum-of-percentiles total
logistic_motion_forest_anomaly,warmup,valid_receiver_after_bad_tag,accept,accepted,sender_serialization_and_quality,29,0.0,0.0,0.0,0.0,0,Sender serialization including its quality validation; not separately timed.,per-observation exclusive interval; no sum-of-percentiles total
logistic_motion_forest_anomaly,warmup,valid_receiver_after_bad_tag,accept,accepted,sender_window_hmac,29,0.0,0.0,0.0,0.0,0,Recorded window-tag generation call.,per-observation exclusive interval; no sum-of-percentiles total
logistic_motion_forest_anomaly,warmup,valid_receiver_after_bad_tag,accept,accepted,session_establishment_unisolated,29,0.0,0.0,0.0,0.0,0,"Handshake/request/activation remainder, including unseparated HKDF/confirmation work and observer cost.",per-observation exclusive interval; no sum-of-percentiles total
logistic_motion_forest_anomaly,warmup,valid_receiver_after_bad_tag,accept,accepted,simulated_response_read,29,0.0,0.0,0.0,0.0,0,"Modeled response generation, not physical acquisition.",per-observation exclusive interval; no sum-of-percentiles total
logistic_motion_logistic_anomaly,condition_first_use,bad_tag_receiver,reject,invalid_tag,admission_orchestration_unisolated,1,0.0,0.0,0.0,0.0,0,Admission orchestration remainder not covered by named children.,per-observation exclusive interval; no sum-of-percentiles total
logistic_motion_logistic_anomaly,condition_first_use,bad_tag_receiver,reject,invalid_tag,anomaly_consumer,1,0.0,0.0,0.0,0.0,0,Anomaly consumer including feature scaling and frozen-threshold decision.,per-observation exclusive interval; no sum-of-percentiles total
logistic_motion_logistic_anomaly,condition_first_use,bad_tag_receiver,reject,invalid_tag,binary32_adapter,1,0.0,0.0,0.0,0.0,0,Canonical binary32 input adaptation before sender sealing.,per-observation exclusive interval; no sum-of-percentiles total
logistic_motion_logistic_anomaly,condition_first_use,bad_tag_receiver,reject,invalid_tag,credential_verification,1,0.0,0.0,0.0,0.0,0,Recorded independent credential-verification call(s).,per-observation exclusive interval; no sum-of-percentiles total
logistic_motion_logistic_anomaly,condition_first_use,bad_tag_receiver,reject,invalid_tag,in_memory_audit_measured,1,0.058,0.058,0.058,0.058,1,"Recorded audit record/prepare/commit spans, exclusive of their children; not all audit-related overhead and not durable storage.",per-observation exclusive interval; no sum-of-percentiles total
logistic_motion_logistic_anomaly,condition_first_use,bad_tag_receiver,reject,invalid_tag,local_admission_checks,1,0.0,0.0,0.0,0.0,0,"Measured local authorization/binding/consumption calls, excluding nested credential verification.",per-observation exclusive interval; no sum-of-percentiles total
logistic_motion_logistic_anomaly,condition_first_use,bad_tag_receiver,reject,invalid_tag,model_input_preprocessing,1,0.0,0.0,0.0,0.0,0,Shared model-input preparation; model-specific normalization remains in consumer timing.,per-observation exclusive interval; no sum-of-percentiles total
logistic_motion_logistic_anomaly,condition_first_use,bad_tag_receiver,reject,invalid_tag,motion_consumer,1,0.0,0.0,0.0,0.0,0,Motion consumer including normalization/tensor preparation/prediction decoding.,per-observation exclusive interval; no sum-of-percentiles total
logistic_motion_logistic_anomaly,condition_first_use,bad_tag_receiver,reject,invalid_tag,outer_orchestration_unisolated,1,0.0232,0.0232,0.0232,0.0232,1,Direct root/first-post-window remainder outside named child spans.,per-observation exclusive interval; no sum-of-percentiles total
logistic_motion_logistic_anomaly,condition_first_use,bad_tag_receiver,reject,invalid_tag,receiver_binding_sequence_state_unisolated,1,0.1665,0.1665,0.1665,0.1665,1,"Verifier remainder including binding, sequence checks, locks/state publication and observer work; NOT isolated sequence latency.",per-observation exclusive interval; no sum-of-percentiles total
logistic_motion_logistic_anomaly,condition_first_use,bad_tag_receiver,reject,invalid_tag,receiver_parsing,1,2.0306,2.0306,2.0306,2.0306,1,Envelope and binary parser call.,per-observation exclusive interval; no sum-of-percentiles total
logistic_motion_logistic_anomaly,condition_first_use,bad_tag_receiver,reject,invalid_tag,receiver_quality_check,1,0.0,0.0,0.0,0.0,0,Verifier quality-check call.,per-observation exclusive interval; no sum-of-percentiles total
logistic_motion_logistic_anomaly,condition_first_use,bad_tag_receiver,reject,invalid_tag,receiver_window_hmac,1,0.0314,0.0314,0.0314,0.0314,1,"Recorded verifier window-tag calculation, not complete authentication.",per-observation exclusive interval; no sum-of-percentiles total
logistic_motion_logistic_anomaly,condition_first_use,bad_tag_receiver,reject,invalid_tag,reconstruction,1,0.0,0.0,0.0,0.0,0,Actual recorded BCH reconstruction; includes any observer/GC delay.,per-observation exclusive interval; no sum-of-percentiles total
logistic_motion_logistic_anomaly,condition_first_use,bad_tag_receiver,reject,invalid_tag,release_conversion_unisolated,1,0.0,0.0,0.0,0.0,0,Accepted release remainder including conversion/dispatch/observer work outside consumer children.,per-observation exclusive interval; no sum-of-percentiles total
logistic_motion_logistic_anomaly,condition_first_use,bad_tag_receiver,reject,invalid_tag,sender_binding_unisolated,1,0.0,0.0,0.0,0.0,0,Sender seal remainder: binding/state/orchestration/observer work not separately timed.,per-observation exclusive interval; no sum-of-percentiles total
logistic_motion_logistic_anomaly,condition_first_use,bad_tag_receiver,reject,invalid_tag,sender_serialization_and_quality,1,0.0,0.0,0.0,0.0,0,Sender serialization including its quality validation; not separately timed.,per-observation exclusive interval; no sum-of-percentiles total
logistic_motion_logistic_anomaly,condition_first_use,bad_tag_receiver,reject,invalid_tag,sender_window_hmac,1,0.0,0.0,0.0,0.0,0,Recorded window-tag generation call.,per-observation exclusive interval; no sum-of-percentiles total
logistic_motion_logistic_anomaly,condition_first_use,bad_tag_receiver,reject,invalid_tag,session_establishment_unisolated,1,0.0,0.0,0.0,0.0,0,"Handshake/request/activation remainder, including unseparated HKDF/confirmation work and observer cost.",per-observation exclusive interval; no sum-of-percentiles total
logistic_motion_logistic_anomaly,condition_first_use,bad_tag_receiver,reject,invalid_tag,simulated_response_read,1,0.0,0.0,0.0,0.0,0,"Modeled response generation, not physical acquisition.",per-observation exclusive interval; no sum-of-percentiles total
logistic_motion_logistic_anomaly,condition_first_use,exact_replay_receiver,reject,duplicate_sequence,admission_orchestration_unisolated,1,0.0,0.0,0.0,0.0,0,Admission orchestration remainder not covered by named children.,per-observation exclusive interval; no sum-of-percentiles total
logistic_motion_logistic_anomaly,condition_first_use,exact_replay_receiver,reject,duplicate_sequence,anomaly_consumer,1,0.0,0.0,0.0,0.0,0,Anomaly consumer including feature scaling and frozen-threshold decision.,per-observation exclusive interval; no sum-of-percentiles total
logistic_motion_logistic_anomaly,condition_first_use,exact_replay_receiver,reject,duplicate_sequence,binary32_adapter,1,0.0,0.0,0.0,0.0,0,Canonical binary32 input adaptation before sender sealing.,per-observation exclusive interval; no sum-of-percentiles total
logistic_motion_logistic_anomaly,condition_first_use,exact_replay_receiver,reject,duplicate_sequence,credential_verification,1,0.0,0.0,0.0,0.0,0,Recorded independent credential-verification call(s).,per-observation exclusive interval; no sum-of-percentiles total
logistic_motion_logistic_anomaly,condition_first_use,exact_replay_receiver,reject,duplicate_sequence,in_memory_audit_measured,1,0.0564,0.0564,0.0564,0.0564,1,"Recorded audit record/prepare/commit spans, exclusive of their children; not all audit-related overhead and not durable storage.",per-observation exclusive interval; no sum-of-percentiles total
logistic_motion_logistic_anomaly,condition_first_use,exact_replay_receiver,reject,duplicate_sequence,local_admission_checks,1,0.0,0.0,0.0,0.0,0,"Measured local authorization/binding/consumption calls, excluding nested credential verification.",per-observation exclusive interval; no sum-of-percentiles total
logistic_motion_logistic_anomaly,condition_first_use,exact_replay_receiver,reject,duplicate_sequence,model_input_preprocessing,1,0.0,0.0,0.0,0.0,0,Shared model-input preparation; model-specific normalization remains in consumer timing.,per-observation exclusive interval; no sum-of-percentiles total
logistic_motion_logistic_anomaly,condition_first_use,exact_replay_receiver,reject,duplicate_sequence,motion_consumer,1,0.0,0.0,0.0,0.0,0,Motion consumer including normalization/tensor preparation/prediction decoding.,per-observation exclusive interval; no sum-of-percentiles total
logistic_motion_logistic_anomaly,condition_first_use,exact_replay_receiver,reject,duplicate_sequence,outer_orchestration_unisolated,1,0.0128,0.0128,0.0128,0.0128,1,Direct root/first-post-window remainder outside named child spans.,per-observation exclusive interval; no sum-of-percentiles total
logistic_motion_logistic_anomaly,condition_first_use,exact_replay_receiver,reject,duplicate_sequence,receiver_binding_sequence_state_unisolated,1,0.148,0.148,0.148,0.148,1,"Verifier remainder including binding, sequence checks, locks/state publication and observer work; NOT isolated sequence latency.",per-observation exclusive interval; no sum-of-percentiles total
logistic_motion_logistic_anomaly,condition_first_use,exact_replay_receiver,reject,duplicate_sequence,receiver_parsing,1,3.0362,3.0362,3.0362,3.0362,1,Envelope and binary parser call.,per-observation exclusive interval; no sum-of-percentiles total
logistic_motion_logistic_anomaly,condition_first_use,exact_replay_receiver,reject,duplicate_sequence,receiver_quality_check,1,0.6845,0.6845,0.6845,0.6845,1,Verifier quality-check call.,per-observation exclusive interval; no sum-of-percentiles total
logistic_motion_logistic_anomaly,condition_first_use,exact_replay_receiver,reject,duplicate_sequence,receiver_window_hmac,1,0.0385,0.0385,0.0385,0.0385,1,"Recorded verifier window-tag calculation, not complete authentication.",per-observation exclusive interval; no sum-of-percentiles total
logistic_motion_logistic_anomaly,condition_first_use,exact_replay_receiver,reject,duplicate_sequence,reconstruction,1,0.0,0.0,0.0,0.0,0,Actual recorded BCH reconstruction; includes any observer/GC delay.,per-observation exclusive interval; no sum-of-percentiles total
logistic_motion_logistic_anomaly,condition_first_use,exact_replay_receiver,reject,duplicate_sequence,release_conversion_unisolated,1,0.0,0.0,0.0,0.0,0,Accepted release remainder including conversion/dispatch/observer work outside consumer children.,per-observation exclusive interval; no sum-of-percentiles total
logistic_motion_logistic_anomaly,condition_first_use,exact_replay_receiver,reject,duplicate_sequence,sender_binding_unisolated,1,0.0,0.0,0.0,0.0,0,Sender seal remainder: binding/state/orchestration/observer work not separately timed.,per-observation exclusive interval; no sum-of-percentiles total
logistic_motion_logistic_anomaly,condition_first_use,exact_replay_receiver,reject,duplicate_sequence,sender_serialization_and_quality,1,0.0,0.0,0.0,0.0,0,Sender serialization including its quality validation; not separately timed.,per-observation exclusive interval; no sum-of-percentiles total
logistic_motion_logistic_anomaly,condition_first_use,exact_replay_receiver,reject,duplicate_sequence,sender_window_hmac,1,0.0,0.0,0.0,0.0,0,Recorded window-tag generation call.,per-observation exclusive interval; no sum-of-percentiles total
logistic_motion_logistic_anomaly,condition_first_use,exact_replay_receiver,reject,duplicate_sequence,session_establishment_unisolated,1,0.0,0.0,0.0,0.0,0,"Handshake/request/activation remainder, including unseparated HKDF/confirmation work and observer cost.",per-observation exclusive interval; no sum-of-percentiles total
logistic_motion_logistic_anomaly,condition_first_use,exact_replay_receiver,reject,duplicate_sequence,simulated_response_read,1,0.0,0.0,0.0,0.0,0,"Modeled response generation, not physical acquisition.",per-observation exclusive interval; no sum-of-percentiles total
logistic_motion_logistic_anomaly,condition_first_use,fresh_to_first_window,accept,accepted,admission_orchestration_unisolated,1,0.0676,0.0676,0.0676,0.0676,1,Admission orchestration remainder not covered by named children.,per-observation exclusive interval; no sum-of-percentiles total
logistic_motion_logistic_anomaly,condition_first_use,fresh_to_first_window,accept,accepted,anomaly_consumer,1,0.4676,0.4676,0.4676,0.4676,1,Anomaly consumer including feature scaling and frozen-threshold decision.,per-observation exclusive interval; no sum-of-percentiles total
logistic_motion_logistic_anomaly,condition_first_use,fresh_to_first_window,accept,accepted,binary32_adapter,1,1.351,1.351,1.351,1.351,1,Canonical binary32 input adaptation before sender sealing.,per-observation exclusive interval; no sum-of-percentiles total
logistic_motion_logistic_anomaly,condition_first_use,fresh_to_first_window,accept,accepted,credential_verification,1,0.0751,0.0751,0.0751,0.0751,1,Recorded independent credential-verification call(s).,per-observation exclusive interval; no sum-of-percentiles total
logistic_motion_logistic_anomaly,condition_first_use,fresh_to_first_window,accept,accepted,in_memory_audit_measured,1,0.4069,0.4069,0.4069,0.4069,1,"Recorded audit record/prepare/commit spans, exclusive of their children; not all audit-related overhead and not durable storage.",per-observation exclusive interval; no sum-of-percentiles total
logistic_motion_logistic_anomaly,condition_first_use,fresh_to_first_window,accept,accepted,local_admission_checks,1,0.0866,0.0866,0.0866,0.0866,1,"Measured local authorization/binding/consumption calls, excluding nested credential verification.",per-observation exclusive interval; no sum-of-percentiles total
logistic_motion_logistic_anomaly,condition_first_use,fresh_to_first_window,accept,accepted,model_input_preprocessing,1,4.1903,4.1903,4.1903,4.1903,1,Shared model-input preparation; model-specific normalization remains in consumer timing.,per-observation exclusive interval; no sum-of-percentiles total
logistic_motion_logistic_anomaly,condition_first_use,fresh_to_first_window,accept,accepted,motion_consumer,1,0.6221,0.6221,0.6221,0.6221,1,Motion consumer including normalization/tensor preparation/prediction decoding.,per-observation exclusive interval; no sum-of-percentiles total
logistic_motion_logistic_anomaly,condition_first_use,fresh_to_first_window,accept,accepted,outer_orchestration_unisolated,1,0.1683,0.1683,0.1683,0.1683,1,Direct root/first-post-window remainder outside named child spans.,per-observation exclusive interval; no sum-of-percentiles total
logistic_motion_logistic_anomaly,condition_first_use,fresh_to_first_window,accept,accepted,receiver_binding_sequence_state_unisolated,1,0.119,0.119,0.119,0.119,1,"Verifier remainder including binding, sequence checks, locks/state publication and observer work; NOT isolated sequence latency.",per-observation exclusive interval; no sum-of-percentiles total
logistic_motion_logistic_anomaly,condition_first_use,fresh_to_first_window,accept,accepted,receiver_parsing,1,2.1535,2.1535,2.1535,2.1535,1,Envelope and binary parser call.,per-observation exclusive interval; no sum-of-percentiles total
logistic_motion_logistic_anomaly,condition_first_use,fresh_to_first_window,accept,accepted,receiver_quality_check,1,0.6685,0.6685,0.6685,0.6685,1,Verifier quality-check call.,per-observation exclusive interval; no sum-of-percentiles total
logistic_motion_logistic_anomaly,condition_first_use,fresh_to_first_window,accept,accepted,receiver_window_hmac,1,0.028,0.028,0.028,0.028,1,"Recorded verifier window-tag calculation, not complete authentication.",per-observation exclusive interval; no sum-of-percentiles total
logistic_motion_logistic_anomaly,condition_first_use,fresh_to_first_window,accept,accepted,reconstruction,1,8.32,8.32,8.32,8.32,1,Actual recorded BCH reconstruction; includes any observer/GC delay.,per-observation exclusive interval; no sum-of-percentiles total
logistic_motion_logistic_anomaly,condition_first_use,fresh_to_first_window,accept,accepted,release_conversion_unisolated,1,0.5991,0.5991,0.5991,0.5991,1,Accepted release remainder including conversion/dispatch/observer work outside consumer children.,per-observation exclusive interval; no sum-of-percentiles total
logistic_motion_logistic_anomaly,condition_first_use,fresh_to_first_window,accept,accepted,sender_binding_unisolated,1,0.1567,0.1567,0.1567,0.1567,1,Sender seal remainder: binding/state/orchestration/observer work not separately timed.,per-observation exclusive interval; no sum-of-percentiles total
logistic_motion_logistic_anomaly,condition_first_use,fresh_to_first_window,accept,accepted,sender_serialization_and_quality,1,1.2451,1.2451,1.2451,1.2451,1,Sender serialization including its quality validation; not separately timed.,per-observation exclusive interval; no sum-of-percentiles total
logistic_motion_logistic_anomaly,condition_first_use,fresh_to_first_window,accept,accepted,sender_window_hmac,1,0.0282,0.0282,0.0282,0.0282,1,Recorded window-tag generation call.,per-observation exclusive interval; no sum-of-percentiles total
logistic_motion_logistic_anomaly,condition_first_use,fresh_to_first_window,accept,accepted,session_establishment_unisolated,1,0.6455,0.6455,0.6455,0.6455,1,"Handshake/request/activation remainder, including unseparated HKDF/confirmation work and observer cost.",per-observation exclusive interval; no sum-of-percentiles total
logistic_motion_logistic_anomaly,condition_first_use,fresh_to_first_window,accept,accepted,simulated_response_read,1,0.1607,0.1607,0.1607,0.1607,1,"Modeled response generation, not physical acquisition.",per-observation exclusive interval; no sum-of-percentiles total
logistic_motion_logistic_anomaly,condition_first_use,malformed_json_receiver,reject,malformed_message,admission_orchestration_unisolated,1,0.0,0.0,0.0,0.0,0,Admission orchestration remainder not covered by named children.,per-observation exclusive interval; no sum-of-percentiles total
logistic_motion_logistic_anomaly,condition_first_use,malformed_json_receiver,reject,malformed_message,anomaly_consumer,1,0.0,0.0,0.0,0.0,0,Anomaly consumer including feature scaling and frozen-threshold decision.,per-observation exclusive interval; no sum-of-percentiles total
logistic_motion_logistic_anomaly,condition_first_use,malformed_json_receiver,reject,malformed_message,binary32_adapter,1,0.0,0.0,0.0,0.0,0,Canonical binary32 input adaptation before sender sealing.,per-observation exclusive interval; no sum-of-percentiles total
logistic_motion_logistic_anomaly,condition_first_use,malformed_json_receiver,reject,malformed_message,credential_verification,1,0.0,0.0,0.0,0.0,0,Recorded independent credential-verification call(s).,per-observation exclusive interval; no sum-of-percentiles total
logistic_motion_logistic_anomaly,condition_first_use,malformed_json_receiver,reject,malformed_message,in_memory_audit_measured,1,0.0535,0.0535,0.0535,0.0535,1,"Recorded audit record/prepare/commit spans, exclusive of their children; not all audit-related overhead and not durable storage.",per-observation exclusive interval; no sum-of-percentiles total
logistic_motion_logistic_anomaly,condition_first_use,malformed_json_receiver,reject,malformed_message,local_admission_checks,1,0.0,0.0,0.0,0.0,0,"Measured local authorization/binding/consumption calls, excluding nested credential verification.",per-observation exclusive interval; no sum-of-percentiles total
logistic_motion_logistic_anomaly,condition_first_use,malformed_json_receiver,reject,malformed_message,model_input_preprocessing,1,0.0,0.0,0.0,0.0,0,Shared model-input preparation; model-specific normalization remains in consumer timing.,per-observation exclusive interval; no sum-of-percentiles total
logistic_motion_logistic_anomaly,condition_first_use,malformed_json_receiver,reject,malformed_message,motion_consumer,1,0.0,0.0,0.0,0.0,0,Motion consumer including normalization/tensor preparation/prediction decoding.,per-observation exclusive interval; no sum-of-percentiles total
logistic_motion_logistic_anomaly,condition_first_use,malformed_json_receiver,reject,malformed_message,outer_orchestration_unisolated,1,0.0082,0.0082,0.0082,0.0082,1,Direct root/first-post-window remainder outside named child spans.,per-observation exclusive interval; no sum-of-percentiles total
logistic_motion_logistic_anomaly,condition_first_use,malformed_json_receiver,reject,malformed_message,receiver_binding_sequence_state_unisolated,1,0.0444,0.0444,0.0444,0.0444,1,"Verifier remainder including binding, sequence checks, locks/state publication and observer work; NOT isolated sequence latency.",per-observation exclusive interval; no sum-of-percentiles total
logistic_motion_logistic_anomaly,condition_first_use,malformed_json_receiver,reject,malformed_message,receiver_parsing,1,0.0363,0.0363,0.0363,0.0363,1,Envelope and binary parser call.,per-observation exclusive interval; no sum-of-percentiles total
logistic_motion_logistic_anomaly,condition_first_use,malformed_json_receiver,reject,malformed_message,receiver_quality_check,1,0.0,0.0,0.0,0.0,0,Verifier quality-check call.,per-observation exclusive interval; no sum-of-percentiles total
logistic_motion_logistic_anomaly,condition_first_use,malformed_json_receiver,reject,malformed_message,receiver_window_hmac,1,0.0,0.0,0.0,0.0,0,"Recorded verifier window-tag calculation, not complete authentication.",per-observation exclusive interval; no sum-of-percentiles total
logistic_motion_logistic_anomaly,condition_first_use,malformed_json_receiver,reject,malformed_message,reconstruction,1,0.0,0.0,0.0,0.0,0,Actual recorded BCH reconstruction; includes any observer/GC delay.,per-observation exclusive interval; no sum-of-percentiles total
logistic_motion_logistic_anomaly,condition_first_use,malformed_json_receiver,reject,malformed_message,release_conversion_unisolated,1,0.0,0.0,0.0,0.0,0,Accepted release remainder including conversion/dispatch/observer work outside consumer children.,per-observation exclusive interval; no sum-of-percentiles total
logistic_motion_logistic_anomaly,condition_first_use,malformed_json_receiver,reject,malformed_message,sender_binding_unisolated,1,0.0,0.0,0.0,0.0,0,Sender seal remainder: binding/state/orchestration/observer work not separately timed.,per-observation exclusive interval; no sum-of-percentiles total
logistic_motion_logistic_anomaly,condition_first_use,malformed_json_receiver,reject,malformed_message,sender_serialization_and_quality,1,0.0,0.0,0.0,0.0,0,Sender serialization including its quality validation; not separately timed.,per-observation exclusive interval; no sum-of-percentiles total
logistic_motion_logistic_anomaly,condition_first_use,malformed_json_receiver,reject,malformed_message,sender_window_hmac,1,0.0,0.0,0.0,0.0,0,Recorded window-tag generation call.,per-observation exclusive interval; no sum-of-percentiles total
logistic_motion_logistic_anomaly,condition_first_use,malformed_json_receiver,reject,malformed_message,session_establishment_unisolated,1,0.0,0.0,0.0,0.0,0,"Handshake/request/activation remainder, including unseparated HKDF/confirmation work and observer cost.",per-observation exclusive interval; no sum-of-percentiles total
logistic_motion_logistic_anomaly,condition_first_use,malformed_json_receiver,reject,malformed_message,simulated_response_read,1,0.0,0.0,0.0,0.0,0,"Modeled response generation, not physical acquisition.",per-observation exclusive interval; no sum-of-percentiles total
logistic_motion_logistic_anomaly,condition_first_use,post_window_after_refusals,accept,accepted,admission_orchestration_unisolated,1,0.0,0.0,0.0,0.0,0,Admission orchestration remainder not covered by named children.,per-observation exclusive interval; no sum-of-percentiles total
logistic_motion_logistic_anomaly,condition_first_use,post_window_after_refusals,accept,accepted,anomaly_consumer,1,0.6664,0.6664,0.6664,0.6664,1,Anomaly consumer including feature scaling and frozen-threshold decision.,per-observation exclusive interval; no sum-of-percentiles total
logistic_motion_logistic_anomaly,condition_first_use,post_window_after_refusals,accept,accepted,binary32_adapter,1,1.1903,1.1903,1.1903,1.1903,1,Canonical binary32 input adaptation before sender sealing.,per-observation exclusive interval; no sum-of-percentiles total
logistic_motion_logistic_anomaly,condition_first_use,post_window_after_refusals,accept,accepted,credential_verification,1,0.0,0.0,0.0,0.0,0,Recorded independent credential-verification call(s).,per-observation exclusive interval; no sum-of-percentiles total
logistic_motion_logistic_anomaly,condition_first_use,post_window_after_refusals,accept,accepted,in_memory_audit_measured,1,0.0973,0.0973,0.0973,0.0973,1,"Recorded audit record/prepare/commit spans, exclusive of their children; not all audit-related overhead and not durable storage.",per-observation exclusive interval; no sum-of-percentiles total
logistic_motion_logistic_anomaly,condition_first_use,post_window_after_refusals,accept,accepted,local_admission_checks,1,0.0,0.0,0.0,0.0,0,"Measured local authorization/binding/consumption calls, excluding nested credential verification.",per-observation exclusive interval; no sum-of-percentiles total
logistic_motion_logistic_anomaly,condition_first_use,post_window_after_refusals,accept,accepted,model_input_preprocessing,1,4.1615,4.1615,4.1615,4.1615,1,Shared model-input preparation; model-specific normalization remains in consumer timing.,per-observation exclusive interval; no sum-of-percentiles total
logistic_motion_logistic_anomaly,condition_first_use,post_window_after_refusals,accept,accepted,motion_consumer,1,0.6604,0.6604,0.6604,0.6604,1,Motion consumer including normalization/tensor preparation/prediction decoding.,per-observation exclusive interval; no sum-of-percentiles total
logistic_motion_logistic_anomaly,condition_first_use,post_window_after_refusals,accept,accepted,outer_orchestration_unisolated,1,0.0969,0.0969,0.0969,0.0969,1,Direct root/first-post-window remainder outside named child spans.,per-observation exclusive interval; no sum-of-percentiles total
logistic_motion_logistic_anomaly,condition_first_use,post_window_after_refusals,accept,accepted,receiver_binding_sequence_state_unisolated,1,0.1098,0.1098,0.1098,0.1098,1,"Verifier remainder including binding, sequence checks, locks/state publication and observer work; NOT isolated sequence latency.",per-observation exclusive interval; no sum-of-percentiles total
logistic_motion_logistic_anomaly,condition_first_use,post_window_after_refusals,accept,accepted,receiver_parsing,1,1.8709,1.8709,1.8709,1.8709,1,Envelope and binary parser call.,per-observation exclusive interval; no sum-of-percentiles total
logistic_motion_logistic_anomaly,condition_first_use,post_window_after_refusals,accept,accepted,receiver_quality_check,1,0.8673,0.8673,0.8673,0.8673,1,Verifier quality-check call.,per-observation exclusive interval; no sum-of-percentiles total
logistic_motion_logistic_anomaly,condition_first_use,post_window_after_refusals,accept,accepted,receiver_window_hmac,1,0.0263,0.0263,0.0263,0.0263,1,"Recorded verifier window-tag calculation, not complete authentication.",per-observation exclusive interval; no sum-of-percentiles total
logistic_motion_logistic_anomaly,condition_first_use,post_window_after_refusals,accept,accepted,reconstruction,1,0.0,0.0,0.0,0.0,0,Actual recorded BCH reconstruction; includes any observer/GC delay.,per-observation exclusive interval; no sum-of-percentiles total
logistic_motion_logistic_anomaly,condition_first_use,post_window_after_refusals,accept,accepted,release_conversion_unisolated,1,0.6434,0.6434,0.6434,0.6434,1,Accepted release remainder including conversion/dispatch/observer work outside consumer children.,per-observation exclusive interval; no sum-of-percentiles total
logistic_motion_logistic_anomaly,condition_first_use,post_window_after_refusals,accept,accepted,sender_binding_unisolated,1,0.1555,0.1555,0.1555,0.1555,1,Sender seal remainder: binding/state/orchestration/observer work not separately timed.,per-observation exclusive interval; no sum-of-percentiles total
logistic_motion_logistic_anomaly,condition_first_use,post_window_after_refusals,accept,accepted,sender_serialization_and_quality,1,1.1599,1.1599,1.1599,1.1599,1,Sender serialization including its quality validation; not separately timed.,per-observation exclusive interval; no sum-of-percentiles total
logistic_motion_logistic_anomaly,condition_first_use,post_window_after_refusals,accept,accepted,sender_window_hmac,1,0.0281,0.0281,0.0281,0.0281,1,Recorded window-tag generation call.,per-observation exclusive interval; no sum-of-percentiles total
logistic_motion_logistic_anomaly,condition_first_use,post_window_after_refusals,accept,accepted,session_establishment_unisolated,1,0.0,0.0,0.0,0.0,0,"Handshake/request/activation remainder, including unseparated HKDF/confirmation work and observer cost.",per-observation exclusive interval; no sum-of-percentiles total
logistic_motion_logistic_anomaly,condition_first_use,post_window_after_refusals,accept,accepted,simulated_response_read,1,0.0,0.0,0.0,0.0,0,"Modeled response generation, not physical acquisition.",per-observation exclusive interval; no sum-of-percentiles total
logistic_motion_logistic_anomaly,condition_first_use,post_window_recurring,accept,accepted,admission_orchestration_unisolated,1,0.0,0.0,0.0,0.0,0,Admission orchestration remainder not covered by named children.,per-observation exclusive interval; no sum-of-percentiles total
logistic_motion_logistic_anomaly,condition_first_use,post_window_recurring,accept,accepted,anomaly_consumer,1,0.6416,0.6416,0.6416,0.6416,1,Anomaly consumer including feature scaling and frozen-threshold decision.,per-observation exclusive interval; no sum-of-percentiles total
logistic_motion_logistic_anomaly,condition_first_use,post_window_recurring,accept,accepted,binary32_adapter,1,1.488,1.488,1.488,1.488,1,Canonical binary32 input adaptation before sender sealing.,per-observation exclusive interval; no sum-of-percentiles total
logistic_motion_logistic_anomaly,condition_first_use,post_window_recurring,accept,accepted,credential_verification,1,0.0,0.0,0.0,0.0,0,Recorded independent credential-verification call(s).,per-observation exclusive interval; no sum-of-percentiles total
logistic_motion_logistic_anomaly,condition_first_use,post_window_recurring,accept,accepted,in_memory_audit_measured,1,0.1053,0.1053,0.1053,0.1053,1,"Recorded audit record/prepare/commit spans, exclusive of their children; not all audit-related overhead and not durable storage.",per-observation exclusive interval; no sum-of-percentiles total
logistic_motion_logistic_anomaly,condition_first_use,post_window_recurring,accept,accepted,local_admission_checks,1,0.0,0.0,0.0,0.0,0,"Measured local authorization/binding/consumption calls, excluding nested credential verification.",per-observation exclusive interval; no sum-of-percentiles total
logistic_motion_logistic_anomaly,condition_first_use,post_window_recurring,accept,accepted,model_input_preprocessing,1,4.4315,4.4315,4.4315,4.4315,1,Shared model-input preparation; model-specific normalization remains in consumer timing.,per-observation exclusive interval; no sum-of-percentiles total
logistic_motion_logistic_anomaly,condition_first_use,post_window_recurring,accept,accepted,motion_consumer,1,0.6725,0.6725,0.6725,0.6725,1,Motion consumer including normalization/tensor preparation/prediction decoding.,per-observation exclusive interval; no sum-of-percentiles total
logistic_motion_logistic_anomaly,condition_first_use,post_window_recurring,accept,accepted,outer_orchestration_unisolated,1,0.1316,0.1316,0.1316,0.1316,1,Direct root/first-post-window remainder outside named child spans.,per-observation exclusive interval; no sum-of-percentiles total
logistic_motion_logistic_anomaly,condition_first_use,post_window_recurring,accept,accepted,receiver_binding_sequence_state_unisolated,1,0.0998,0.0998,0.0998,0.0998,1,"Verifier remainder including binding, sequence checks, locks/state publication and observer work; NOT isolated sequence latency.",per-observation exclusive interval; no sum-of-percentiles total
logistic_motion_logistic_anomaly,condition_first_use,post_window_recurring,accept,accepted,receiver_parsing,1,1.6917,1.6917,1.6917,1.6917,1,Envelope and binary parser call.,per-observation exclusive interval; no sum-of-percentiles total
logistic_motion_logistic_anomaly,condition_first_use,post_window_recurring,accept,accepted,receiver_quality_check,1,0.6308,0.6308,0.6308,0.6308,1,Verifier quality-check call.,per-observation exclusive interval; no sum-of-percentiles total
logistic_motion_logistic_anomaly,condition_first_use,post_window_recurring,accept,accepted,receiver_window_hmac,1,0.0272,0.0272,0.0272,0.0272,1,"Recorded verifier window-tag calculation, not complete authentication.",per-observation exclusive interval; no sum-of-percentiles total
logistic_motion_logistic_anomaly,condition_first_use,post_window_recurring,accept,accepted,reconstruction,1,0.0,0.0,0.0,0.0,0,Actual recorded BCH reconstruction; includes any observer/GC delay.,per-observation exclusive interval; no sum-of-percentiles total
logistic_motion_logistic_anomaly,condition_first_use,post_window_recurring,accept,accepted,release_conversion_unisolated,1,0.5517,0.5517,0.5517,0.5517,1,Accepted release remainder including conversion/dispatch/observer work outside consumer children.,per-observation exclusive interval; no sum-of-percentiles total
logistic_motion_logistic_anomaly,condition_first_use,post_window_recurring,accept,accepted,sender_binding_unisolated,1,0.1669,0.1669,0.1669,0.1669,1,Sender seal remainder: binding/state/orchestration/observer work not separately timed.,per-observation exclusive interval; no sum-of-percentiles total
logistic_motion_logistic_anomaly,condition_first_use,post_window_recurring,accept,accepted,sender_serialization_and_quality,1,1.505,1.505,1.505,1.505,1,Sender serialization including its quality validation; not separately timed.,per-observation exclusive interval; no sum-of-percentiles total
logistic_motion_logistic_anomaly,condition_first_use,post_window_recurring,accept,accepted,sender_window_hmac,1,0.0322,0.0322,0.0322,0.0322,1,Recorded window-tag generation call.,per-observation exclusive interval; no sum-of-percentiles total
logistic_motion_logistic_anomaly,condition_first_use,post_window_recurring,accept,accepted,session_establishment_unisolated,1,0.0,0.0,0.0,0.0,0,"Handshake/request/activation remainder, including unseparated HKDF/confirmation work and observer cost.",per-observation exclusive interval; no sum-of-percentiles total
logistic_motion_logistic_anomaly,condition_first_use,post_window_recurring,accept,accepted,simulated_response_read,1,0.0,0.0,0.0,0.0,0,"Modeled response generation, not physical acquisition.",per-observation exclusive interval; no sum-of-percentiles total
logistic_motion_logistic_anomaly,condition_first_use,pre_tag_quality_refusal,reject,data_quality_failure,admission_orchestration_unisolated,1,0.0,0.0,0.0,0.0,0,Admission orchestration remainder not covered by named children.,per-observation exclusive interval; no sum-of-percentiles total
logistic_motion_logistic_anomaly,condition_first_use,pre_tag_quality_refusal,reject,data_quality_failure,anomaly_consumer,1,0.0,0.0,0.0,0.0,0,Anomaly consumer including feature scaling and frozen-threshold decision.,per-observation exclusive interval; no sum-of-percentiles total
logistic_motion_logistic_anomaly,condition_first_use,pre_tag_quality_refusal,reject,data_quality_failure,binary32_adapter,1,1.194,1.194,1.194,1.194,1,Canonical binary32 input adaptation before sender sealing.,per-observation exclusive interval; no sum-of-percentiles total
logistic_motion_logistic_anomaly,condition_first_use,pre_tag_quality_refusal,reject,data_quality_failure,credential_verification,1,0.0,0.0,0.0,0.0,0,Recorded independent credential-verification call(s).,per-observation exclusive interval; no sum-of-percentiles total
logistic_motion_logistic_anomaly,condition_first_use,pre_tag_quality_refusal,reject,data_quality_failure,in_memory_audit_measured,1,0.0585,0.0585,0.0585,0.0585,1,"Recorded audit record/prepare/commit spans, exclusive of their children; not all audit-related overhead and not durable storage.",per-observation exclusive interval; no sum-of-percentiles total
logistic_motion_logistic_anomaly,condition_first_use,pre_tag_quality_refusal,reject,data_quality_failure,local_admission_checks,1,0.0,0.0,0.0,0.0,0,"Measured local authorization/binding/consumption calls, excluding nested credential verification.",per-observation exclusive interval; no sum-of-percentiles total
logistic_motion_logistic_anomaly,condition_first_use,pre_tag_quality_refusal,reject,data_quality_failure,model_input_preprocessing,1,0.0,0.0,0.0,0.0,0,Shared model-input preparation; model-specific normalization remains in consumer timing.,per-observation exclusive interval; no sum-of-percentiles total
logistic_motion_logistic_anomaly,condition_first_use,pre_tag_quality_refusal,reject,data_quality_failure,motion_consumer,1,0.0,0.0,0.0,0.0,0,Motion consumer including normalization/tensor preparation/prediction decoding.,per-observation exclusive interval; no sum-of-percentiles total
logistic_motion_logistic_anomaly,condition_first_use,pre_tag_quality_refusal,reject,data_quality_failure,outer_orchestration_unisolated,1,0.0597,0.0597,0.0597,0.0597,1,Direct root/first-post-window remainder outside named child spans.,per-observation exclusive interval; no sum-of-percentiles total
logistic_motion_logistic_anomaly,condition_first_use,pre_tag_quality_refusal,reject,data_quality_failure,receiver_binding_sequence_state_unisolated,1,0.0,0.0,0.0,0.0,0,"Verifier remainder including binding, sequence checks, locks/state publication and observer work; NOT isolated sequence latency.",per-observation exclusive interval; no sum-of-percentiles total
logistic_motion_logistic_anomaly,condition_first_use,pre_tag_quality_refusal,reject,data_quality_failure,receiver_parsing,1,0.0,0.0,0.0,0.0,0,Envelope and binary parser call.,per-observation exclusive interval; no sum-of-percentiles total
logistic_motion_logistic_anomaly,condition_first_use,pre_tag_quality_refusal,reject,data_quality_failure,receiver_quality_check,1,0.0,0.0,0.0,0.0,0,Verifier quality-check call.,per-observation exclusive interval; no sum-of-percentiles total
logistic_motion_logistic_anomaly,condition_first_use,pre_tag_quality_refusal,reject,data_quality_failure,receiver_window_hmac,1,0.0,0.0,0.0,0.0,0,"Recorded verifier window-tag calculation, not complete authentication.",per-observation exclusive interval; no sum-of-percentiles total
logistic_motion_logistic_anomaly,condition_first_use,pre_tag_quality_refusal,reject,data_quality_failure,reconstruction,1,0.0,0.0,0.0,0.0,0,Actual recorded BCH reconstruction; includes any observer/GC delay.,per-observation exclusive interval; no sum-of-percentiles total
logistic_motion_logistic_anomaly,condition_first_use,pre_tag_quality_refusal,reject,data_quality_failure,release_conversion_unisolated,1,0.0,0.0,0.0,0.0,0,Accepted release remainder including conversion/dispatch/observer work outside consumer children.,per-observation exclusive interval; no sum-of-percentiles total
logistic_motion_logistic_anomaly,condition_first_use,pre_tag_quality_refusal,reject,data_quality_failure,sender_binding_unisolated,1,0.0895,0.0895,0.0895,0.0895,1,Sender seal remainder: binding/state/orchestration/observer work not separately timed.,per-observation exclusive interval; no sum-of-percentiles total
logistic_motion_logistic_anomaly,condition_first_use,pre_tag_quality_refusal,reject,data_quality_failure,sender_serialization_and_quality,1,0.6087,0.6087,0.6087,0.6087,1,Sender serialization including its quality validation; not separately timed.,per-observation exclusive interval; no sum-of-percentiles total
logistic_motion_logistic_anomaly,condition_first_use,pre_tag_quality_refusal,reject,data_quality_failure,sender_window_hmac,1,0.0,0.0,0.0,0.0,0,Recorded window-tag generation call.,per-observation exclusive interval; no sum-of-percentiles total
logistic_motion_logistic_anomaly,condition_first_use,pre_tag_quality_refusal,reject,data_quality_failure,session_establishment_unisolated,1,0.0,0.0,0.0,0.0,0,"Handshake/request/activation remainder, including unseparated HKDF/confirmation work and observer cost.",per-observation exclusive interval; no sum-of-percentiles total
logistic_motion_logistic_anomaly,condition_first_use,pre_tag_quality_refusal,reject,data_quality_failure,simulated_response_read,1,0.0,0.0,0.0,0.0,0,"Modeled response generation, not physical acquisition.",per-observation exclusive interval; no sum-of-percentiles total
logistic_motion_logistic_anomaly,condition_first_use,valid_receiver_after_bad_tag,accept,accepted,admission_orchestration_unisolated,1,0.0,0.0,0.0,0.0,0,Admission orchestration remainder not covered by named children.,per-observation exclusive interval; no sum-of-percentiles total
logistic_motion_logistic_anomaly,condition_first_use,valid_receiver_after_bad_tag,accept,accepted,anomaly_consumer,1,0.4101,0.4101,0.4101,0.4101,1,Anomaly consumer including feature scaling and frozen-threshold decision.,per-observation exclusive interval; no sum-of-percentiles total
logistic_motion_logistic_anomaly,condition_first_use,valid_receiver_after_bad_tag,accept,accepted,binary32_adapter,1,0.0,0.0,0.0,0.0,0,Canonical binary32 input adaptation before sender sealing.,per-observation exclusive interval; no sum-of-percentiles total
logistic_motion_logistic_anomaly,condition_first_use,valid_receiver_after_bad_tag,accept,accepted,credential_verification,1,0.0,0.0,0.0,0.0,0,Recorded independent credential-verification call(s).,per-observation exclusive interval; no sum-of-percentiles total
logistic_motion_logistic_anomaly,condition_first_use,valid_receiver_after_bad_tag,accept,accepted,in_memory_audit_measured,1,0.0537,0.0537,0.0537,0.0537,1,"Recorded audit record/prepare/commit spans, exclusive of their children; not all audit-related overhead and not durable storage.",per-observation exclusive interval; no sum-of-percentiles total
logistic_motion_logistic_anomaly,condition_first_use,valid_receiver_after_bad_tag,accept,accepted,local_admission_checks,1,0.0,0.0,0.0,0.0,0,"Measured local authorization/binding/consumption calls, excluding nested credential verification.",per-observation exclusive interval; no sum-of-percentiles total
logistic_motion_logistic_anomaly,condition_first_use,valid_receiver_after_bad_tag,accept,accepted,model_input_preprocessing,1,4.3353,4.3353,4.3353,4.3353,1,Shared model-input preparation; model-specific normalization remains in consumer timing.,per-observation exclusive interval; no sum-of-percentiles total
logistic_motion_logistic_anomaly,condition_first_use,valid_receiver_after_bad_tag,accept,accepted,motion_consumer,1,0.5859,0.5859,0.5859,0.5859,1,Motion consumer including normalization/tensor preparation/prediction decoding.,per-observation exclusive interval; no sum-of-percentiles total
logistic_motion_logistic_anomaly,condition_first_use,valid_receiver_after_bad_tag,accept,accepted,outer_orchestration_unisolated,1,0.0264,0.0264,0.0264,0.0264,1,Direct root/first-post-window remainder outside named child spans.,per-observation exclusive interval; no sum-of-percentiles total
logistic_motion_logistic_anomaly,condition_first_use,valid_receiver_after_bad_tag,accept,accepted,receiver_binding_sequence_state_unisolated,1,0.1283,0.1283,0.1283,0.1283,1,"Verifier remainder including binding, sequence checks, locks/state publication and observer work; NOT isolated sequence latency.",per-observation exclusive interval; no sum-of-percentiles total
logistic_motion_logistic_anomaly,condition_first_use,valid_receiver_after_bad_tag,accept,accepted,receiver_parsing,1,1.6285,1.6285,1.6285,1.6285,1,Envelope and binary parser call.,per-observation exclusive interval; no sum-of-percentiles total
logistic_motion_logistic_anomaly,condition_first_use,valid_receiver_after_bad_tag,accept,accepted,receiver_quality_check,1,0.8443,0.8443,0.8443,0.8443,1,Verifier quality-check call.,per-observation exclusive interval; no sum-of-percentiles total
logistic_motion_logistic_anomaly,condition_first_use,valid_receiver_after_bad_tag,accept,accepted,receiver_window_hmac,1,0.0291,0.0291,0.0291,0.0291,1,"Recorded verifier window-tag calculation, not complete authentication.",per-observation exclusive interval; no sum-of-percentiles total
logistic_motion_logistic_anomaly,condition_first_use,valid_receiver_after_bad_tag,accept,accepted,reconstruction,1,0.0,0.0,0.0,0.0,0,Actual recorded BCH reconstruction; includes any observer/GC delay.,per-observation exclusive interval; no sum-of-percentiles total
logistic_motion_logistic_anomaly,condition_first_use,valid_receiver_after_bad_tag,accept,accepted,release_conversion_unisolated,1,0.5987,0.5987,0.5987,0.5987,1,Accepted release remainder including conversion/dispatch/observer work outside consumer children.,per-observation exclusive interval; no sum-of-percentiles total
logistic_motion_logistic_anomaly,condition_first_use,valid_receiver_after_bad_tag,accept,accepted,sender_binding_unisolated,1,0.0,0.0,0.0,0.0,0,Sender seal remainder: binding/state/orchestration/observer work not separately timed.,per-observation exclusive interval; no sum-of-percentiles total
logistic_motion_logistic_anomaly,condition_first_use,valid_receiver_after_bad_tag,accept,accepted,sender_serialization_and_quality,1,0.0,0.0,0.0,0.0,0,Sender serialization including its quality validation; not separately timed.,per-observation exclusive interval; no sum-of-percentiles total
logistic_motion_logistic_anomaly,condition_first_use,valid_receiver_after_bad_tag,accept,accepted,sender_window_hmac,1,0.0,0.0,0.0,0.0,0,Recorded window-tag generation call.,per-observation exclusive interval; no sum-of-percentiles total
logistic_motion_logistic_anomaly,condition_first_use,valid_receiver_after_bad_tag,accept,accepted,session_establishment_unisolated,1,0.0,0.0,0.0,0.0,0,"Handshake/request/activation remainder, including unseparated HKDF/confirmation work and observer cost.",per-observation exclusive interval; no sum-of-percentiles total
logistic_motion_logistic_anomaly,condition_first_use,valid_receiver_after_bad_tag,accept,accepted,simulated_response_read,1,0.0,0.0,0.0,0.0,0,"Modeled response generation, not physical acquisition.",per-observation exclusive interval; no sum-of-percentiles total
logistic_motion_logistic_anomaly,measured,bad_tag_receiver,reject,invalid_tag,admission_orchestration_unisolated,119,0.0,0.0,0.0,0.0,0,Admission orchestration remainder not covered by named children.,per-observation exclusive interval; no sum-of-percentiles total
logistic_motion_logistic_anomaly,measured,bad_tag_receiver,reject,invalid_tag,anomaly_consumer,119,0.0,0.0,0.0,0.0,0,Anomaly consumer including feature scaling and frozen-threshold decision.,per-observation exclusive interval; no sum-of-percentiles total
logistic_motion_logistic_anomaly,measured,bad_tag_receiver,reject,invalid_tag,binary32_adapter,119,0.0,0.0,0.0,0.0,0,Canonical binary32 input adaptation before sender sealing.,per-observation exclusive interval; no sum-of-percentiles total
logistic_motion_logistic_anomaly,measured,bad_tag_receiver,reject,invalid_tag,credential_verification,119,0.0,0.0,0.0,0.0,0,Recorded independent credential-verification call(s).,per-observation exclusive interval; no sum-of-percentiles total
logistic_motion_logistic_anomaly,measured,bad_tag_receiver,reject,invalid_tag,in_memory_audit_measured,119,0.0422,0.06983999999999999,0.08157799999999998,0.0872,119,"Recorded audit record/prepare/commit spans, exclusive of their children; not all audit-related overhead and not durable storage.",per-observation exclusive interval; no sum-of-percentiles total
logistic_motion_logistic_anomaly,measured,bad_tag_receiver,reject,invalid_tag,local_admission_checks,119,0.0,0.0,0.0,0.0,0,"Measured local authorization/binding/consumption calls, excluding nested credential verification.",per-observation exclusive interval; no sum-of-percentiles total
logistic_motion_logistic_anomaly,measured,bad_tag_receiver,reject,invalid_tag,model_input_preprocessing,119,0.0,0.0,0.0,0.0,0,Shared model-input preparation; model-specific normalization remains in consumer timing.,per-observation exclusive interval; no sum-of-percentiles total
logistic_motion_logistic_anomaly,measured,bad_tag_receiver,reject,invalid_tag,motion_consumer,119,0.0,0.0,0.0,0.0,0,Motion consumer including normalization/tensor preparation/prediction decoding.,per-observation exclusive interval; no sum-of-percentiles total
logistic_motion_logistic_anomaly,measured,bad_tag_receiver,reject,invalid_tag,outer_orchestration_unisolated,119,0.0131,0.01863,0.02520799999999997,0.0402,119,Direct root/first-post-window remainder outside named child spans.,per-observation exclusive interval; no sum-of-percentiles total
logistic_motion_logistic_anomaly,measured,bad_tag_receiver,reject,invalid_tag,receiver_binding_sequence_state_unisolated,119,0.1082,0.15940999999999997,0.20098999999999978,0.2193,119,"Verifier remainder including binding, sequence checks, locks/state publication and observer work; NOT isolated sequence latency.",per-observation exclusive interval; no sum-of-percentiles total
logistic_motion_logistic_anomaly,measured,bad_tag_receiver,reject,invalid_tag,receiver_parsing,119,1.7847,2.3203399999999994,2.7766539999999984,2.9722,119,Envelope and binary parser call.,per-observation exclusive interval; no sum-of-percentiles total
logistic_motion_logistic_anomaly,measured,bad_tag_receiver,reject,invalid_tag,receiver_quality_check,119,0.0,0.0,0.0,0.0,0,Verifier quality-check call.,per-observation exclusive interval; no sum-of-percentiles total
logistic_motion_logistic_anomaly,measured,bad_tag_receiver,reject,invalid_tag,receiver_window_hmac,119,0.0213,0.03113,0.035019999999999996,0.045,119,"Recorded verifier window-tag calculation, not complete authentication.",per-observation exclusive interval; no sum-of-percentiles total
logistic_motion_logistic_anomaly,measured,bad_tag_receiver,reject,invalid_tag,reconstruction,119,0.0,0.0,0.0,0.0,0,Actual recorded BCH reconstruction; includes any observer/GC delay.,per-observation exclusive interval; no sum-of-percentiles total
logistic_motion_logistic_anomaly,measured,bad_tag_receiver,reject,invalid_tag,release_conversion_unisolated,119,0.0,0.0,0.0,0.0,0,Accepted release remainder including conversion/dispatch/observer work outside consumer children.,per-observation exclusive interval; no sum-of-percentiles total
logistic_motion_logistic_anomaly,measured,bad_tag_receiver,reject,invalid_tag,sender_binding_unisolated,119,0.0,0.0,0.0,0.0,0,Sender seal remainder: binding/state/orchestration/observer work not separately timed.,per-observation exclusive interval; no sum-of-percentiles total
logistic_motion_logistic_anomaly,measured,bad_tag_receiver,reject,invalid_tag,sender_serialization_and_quality,119,0.0,0.0,0.0,0.0,0,Sender serialization including its quality validation; not separately timed.,per-observation exclusive interval; no sum-of-percentiles total
logistic_motion_logistic_anomaly,measured,bad_tag_receiver,reject,invalid_tag,sender_window_hmac,119,0.0,0.0,0.0,0.0,0,Recorded window-tag generation call.,per-observation exclusive interval; no sum-of-percentiles total
logistic_motion_logistic_anomaly,measured,bad_tag_receiver,reject,invalid_tag,session_establishment_unisolated,119,0.0,0.0,0.0,0.0,0,"Handshake/request/activation remainder, including unseparated HKDF/confirmation work and observer cost.",per-observation exclusive interval; no sum-of-percentiles total
logistic_motion_logistic_anomaly,measured,bad_tag_receiver,reject,invalid_tag,simulated_response_read,119,0.0,0.0,0.0,0.0,0,"Modeled response generation, not physical acquisition.",per-observation exclusive interval; no sum-of-percentiles total
logistic_motion_logistic_anomaly,measured,exact_replay_receiver,reject,duplicate_sequence,admission_orchestration_unisolated,119,0.0,0.0,0.0,0.0,0,Admission orchestration remainder not covered by named children.,per-observation exclusive interval; no sum-of-percentiles total
logistic_motion_logistic_anomaly,measured,exact_replay_receiver,reject,duplicate_sequence,anomaly_consumer,119,0.0,0.0,0.0,0.0,0,Anomaly consumer including feature scaling and frozen-threshold decision.,per-observation exclusive interval; no sum-of-percentiles total
logistic_motion_logistic_anomaly,measured,exact_replay_receiver,reject,duplicate_sequence,binary32_adapter,119,0.0,0.0,0.0,0.0,0,Canonical binary32 input adaptation before sender sealing.,per-observation exclusive interval; no sum-of-percentiles total
logistic_motion_logistic_anomaly,measured,exact_replay_receiver,reject,duplicate_sequence,credential_verification,119,0.0,0.0,0.0,0.0,0,Recorded independent credential-verification call(s).,per-observation exclusive interval; no sum-of-percentiles total
logistic_motion_logistic_anomaly,measured,exact_replay_receiver,reject,duplicate_sequence,in_memory_audit_measured,119,0.0641,0.08618999999999999,0.09889799999999997,0.1177,119,"Recorded audit record/prepare/commit spans, exclusive of their children; not all audit-related overhead and not durable storage.",per-observation exclusive interval; no sum-of-percentiles total
logistic_motion_logistic_anomaly,measured,exact_replay_receiver,reject,duplicate_sequence,local_admission_checks,119,0.0,0.0,0.0,0.0,0,"Measured local authorization/binding/consumption calls, excluding nested credential verification.",per-observation exclusive interval; no sum-of-percentiles total
logistic_motion_logistic_anomaly,measured,exact_replay_receiver,reject,duplicate_sequence,model_input_preprocessing,119,0.0,0.0,0.0,0.0,0,Shared model-input preparation; model-specific normalization remains in consumer timing.,per-observation exclusive interval; no sum-of-percentiles total
logistic_motion_logistic_anomaly,measured,exact_replay_receiver,reject,duplicate_sequence,motion_consumer,119,0.0,0.0,0.0,0.0,0,Motion consumer including normalization/tensor preparation/prediction decoding.,per-observation exclusive interval; no sum-of-percentiles total
logistic_motion_logistic_anomaly,measured,exact_replay_receiver,reject,duplicate_sequence,outer_orchestration_unisolated,119,0.0124,0.016759999999999994,0.024347999999999988,0.0275,119,Direct root/first-post-window remainder outside named child spans.,per-observation exclusive interval; no sum-of-percentiles total
logistic_motion_logistic_anomaly,measured,exact_replay_receiver,reject,duplicate_sequence,receiver_binding_sequence_state_unisolated,119,0.141,0.21079,0.27405599999999974,0.4257,119,"Verifier remainder including binding, sequence checks, locks/state publication and observer work; NOT isolated sequence latency.",per-observation exclusive interval; no sum-of-percentiles total
logistic_motion_logistic_anomaly,measured,exact_replay_receiver,reject,duplicate_sequence,receiver_parsing,119,2.0501,4.69493,5.574158,7.0111,119,Envelope and binary parser call.,per-observation exclusive interval; no sum-of-percentiles total
logistic_motion_logistic_anomaly,measured,exact_replay_receiver,reject,duplicate_sequence,receiver_quality_check,119,0.7686,1.02178,1.096752,1.1454,119,Verifier quality-check call.,per-observation exclusive interval; no sum-of-percentiles total
logistic_motion_logistic_anomaly,measured,exact_replay_receiver,reject,duplicate_sequence,receiver_window_hmac,119,0.0269,0.04271,0.052028,0.0647,119,"Recorded verifier window-tag calculation, not complete authentication.",per-observation exclusive interval; no sum-of-percentiles total
logistic_motion_logistic_anomaly,measured,exact_replay_receiver,reject,duplicate_sequence,reconstruction,119,0.0,0.0,0.0,0.0,0,Actual recorded BCH reconstruction; includes any observer/GC delay.,per-observation exclusive interval; no sum-of-percentiles total
logistic_motion_logistic_anomaly,measured,exact_replay_receiver,reject,duplicate_sequence,release_conversion_unisolated,119,0.0,0.0,0.0,0.0,0,Accepted release remainder including conversion/dispatch/observer work outside consumer children.,per-observation exclusive interval; no sum-of-percentiles total
logistic_motion_logistic_anomaly,measured,exact_replay_receiver,reject,duplicate_sequence,sender_binding_unisolated,119,0.0,0.0,0.0,0.0,0,Sender seal remainder: binding/state/orchestration/observer work not separately timed.,per-observation exclusive interval; no sum-of-percentiles total
logistic_motion_logistic_anomaly,measured,exact_replay_receiver,reject,duplicate_sequence,sender_serialization_and_quality,119,0.0,0.0,0.0,0.0,0,Sender serialization including its quality validation; not separately timed.,per-observation exclusive interval; no sum-of-percentiles total
logistic_motion_logistic_anomaly,measured,exact_replay_receiver,reject,duplicate_sequence,sender_window_hmac,119,0.0,0.0,0.0,0.0,0,Recorded window-tag generation call.,per-observation exclusive interval; no sum-of-percentiles total
logistic_motion_logistic_anomaly,measured,exact_replay_receiver,reject,duplicate_sequence,session_establishment_unisolated,119,0.0,0.0,0.0,0.0,0,"Handshake/request/activation remainder, including unseparated HKDF/confirmation work and observer cost.",per-observation exclusive interval; no sum-of-percentiles total
logistic_motion_logistic_anomaly,measured,exact_replay_receiver,reject,duplicate_sequence,simulated_response_read,119,0.0,0.0,0.0,0.0,0,"Modeled response generation, not physical acquisition.",per-observation exclusive interval; no sum-of-percentiles total
logistic_motion_logistic_anomaly,measured,fresh_to_first_window,accept,accepted,admission_orchestration_unisolated,119,0.0631,0.08292,0.10418599999999999,0.146,119,Admission orchestration remainder not covered by named children.,per-observation exclusive interval; no sum-of-percentiles total
logistic_motion_logistic_anomaly,measured,fresh_to_first_window,accept,accepted,anomaly_consumer,119,0.476,0.70783,0.8634659999999994,0.9032,119,Anomaly consumer including feature scaling and frozen-threshold decision.,per-observation exclusive interval; no sum-of-percentiles total
logistic_motion_logistic_anomaly,measured,fresh_to_first_window,accept,accepted,binary32_adapter,119,1.3988,1.97831,2.3619999999999983,2.5159,119,Canonical binary32 input adaptation before sender sealing.,per-observation exclusive interval; no sum-of-percentiles total
logistic_motion_logistic_anomaly,measured,fresh_to_first_window,accept,accepted,credential_verification,119,0.0658,0.08865,0.14946399999999996,0.154,119,Recorded independent credential-verification call(s).,per-observation exclusive interval; no sum-of-percentiles total
logistic_motion_logistic_anomaly,measured,fresh_to_first_window,accept,accepted,in_memory_audit_measured,119,0.2462,0.35782,0.613063999999999,0.8044,119,"Recorded audit record/prepare/commit spans, exclusive of their children; not all audit-related overhead and not durable storage.",per-observation exclusive interval; no sum-of-percentiles total
logistic_motion_logistic_anomaly,measured,fresh_to_first_window,accept,accepted,local_admission_checks,119,0.0776,0.12004999999999999,0.1545259999999999,0.1991,119,"Measured local authorization/binding/consumption calls, excluding nested credential verification.",per-observation exclusive interval; no sum-of-percentiles total
logistic_motion_logistic_anomaly,measured,fresh_to_first_window,accept,accepted,model_input_preprocessing,119,4.3663,5.647529999999999,7.022713999999998,8.207,119,Shared model-input preparation; model-specific normalization remains in consumer timing.,per-observation exclusive interval; no sum-of-percentiles total
logistic_motion_logistic_anomaly,measured,fresh_to_first_window,accept,accepted,motion_consumer,119,0.7053,0.9208399999999998,1.023688,2.6143,119,Motion consumer including normalization/tensor preparation/prediction decoding.,per-observation exclusive interval; no sum-of-percentiles total
logistic_motion_logistic_anomaly,measured,fresh_to_first_window,accept,accepted,outer_orchestration_unisolated,119,0.1314,0.20291999999999996,0.2575999999999999,0.4554,119,Direct root/first-post-window remainder outside named child spans.,per-observation exclusive interval; no sum-of-percentiles total
logistic_motion_logistic_anomaly,measured,fresh_to_first_window,accept,accepted,receiver_binding_sequence_state_unisolated,119,0.0986,0.13976999999999998,0.151922,0.4311,119,"Verifier remainder including binding, sequence checks, locks/state publication and observer work; NOT isolated sequence latency.",per-observation exclusive interval; no sum-of-percentiles total
logistic_motion_logistic_anomaly,measured,fresh_to_first_window,accept,accepted,receiver_parsing,119,2.0333,2.7406099999999993,2.954104,3.1048,119,Envelope and binary parser call.,per-observation exclusive interval; no sum-of-percentiles total
logistic_motion_logistic_anomaly,measured,fresh_to_first_window,accept,accepted,receiver_quality_check,119,0.7449,1.0003299999999997,1.1121819999999998,1.2605,119,Verifier quality-check call.,per-observation exclusive interval; no sum-of-percentiles total
logistic_motion_logistic_anomaly,measured,fresh_to_first_window,accept,accepted,receiver_window_hmac,119,0.0214,0.03302,0.034028,0.0417,119,"Recorded verifier window-tag calculation, not complete authentication.",per-observation exclusive interval; no sum-of-percentiles total
logistic_motion_logistic_anomaly,measured,fresh_to_first_window,accept,accepted,reconstruction,119,4.7922,6.72286,8.45119999999999,9.4941,119,Actual recorded BCH reconstruction; includes any observer/GC delay.,per-observation exclusive interval; no sum-of-percentiles total
logistic_motion_logistic_anomaly,measured,fresh_to_first_window,accept,accepted,release_conversion_unisolated,119,0.6582,0.8958899999999997,1.212575999999999,1.7343,119,Accepted release remainder including conversion/dispatch/observer work outside consumer children.,per-observation exclusive interval; no sum-of-percentiles total
logistic_motion_logistic_anomaly,measured,fresh_to_first_window,accept,accepted,sender_binding_unisolated,119,0.1479,0.21324999999999997,0.28605599999999953,0.8085,119,Sender seal remainder: binding/state/orchestration/observer work not separately timed.,per-observation exclusive interval; no sum-of-percentiles total
logistic_motion_logistic_anomaly,measured,fresh_to_first_window,accept,accepted,sender_serialization_and_quality,119,1.3655,1.95136,2.4215699999999982,2.6447,119,Sender serialization including its quality validation; not separately timed.,per-observation exclusive interval; no sum-of-percentiles total
logistic_motion_logistic_anomaly,measured,fresh_to_first_window,accept,accepted,sender_window_hmac,119,0.0199,0.034699999999999974,0.04762999999999999,0.0567,119,Recorded window-tag generation call.,per-observation exclusive interval; no sum-of-percentiles total
logistic_motion_logistic_anomaly,measured,fresh_to_first_window,accept,accepted,session_establishment_unisolated,119,0.5235,0.7727999999999995,1.0110339999999993,1.1052,119,"Handshake/request/activation remainder, including unseparated HKDF/confirmation work and observer cost.",per-observation exclusive interval; no sum-of-percentiles total
logistic_motion_logistic_anomaly,measured,fresh_to_first_window,accept,accepted,simulated_response_read,119,0.2527,0.33051999999999987,0.40552999999999967,0.4773,119,"Modeled response generation, not physical acquisition.",per-observation exclusive interval; no sum-of-percentiles total
logistic_motion_logistic_anomaly,measured,fresh_to_first_window,reject,failed_reconstruction,admission_orchestration_unisolated,1,0.0828,0.0828,0.0828,0.0828,1,Admission orchestration remainder not covered by named children.,per-observation exclusive interval; no sum-of-percentiles total
logistic_motion_logistic_anomaly,measured,fresh_to_first_window,reject,failed_reconstruction,anomaly_consumer,1,0.0,0.0,0.0,0.0,0,Anomaly consumer including feature scaling and frozen-threshold decision.,per-observation exclusive interval; no sum-of-percentiles total
logistic_motion_logistic_anomaly,measured,fresh_to_first_window,reject,failed_reconstruction,binary32_adapter,1,0.0,0.0,0.0,0.0,0,Canonical binary32 input adaptation before sender sealing.,per-observation exclusive interval; no sum-of-percentiles total
logistic_motion_logistic_anomaly,measured,fresh_to_first_window,reject,failed_reconstruction,credential_verification,1,0.0,0.0,0.0,0.0,0,Recorded independent credential-verification call(s).,per-observation exclusive interval; no sum-of-percentiles total
logistic_motion_logistic_anomaly,measured,fresh_to_first_window,reject,failed_reconstruction,in_memory_audit_measured,1,0.0953,0.0953,0.0953,0.0953,1,"Recorded audit record/prepare/commit spans, exclusive of their children; not all audit-related overhead and not durable storage.",per-observation exclusive interval; no sum-of-percentiles total
logistic_motion_logistic_anomaly,measured,fresh_to_first_window,reject,failed_reconstruction,local_admission_checks,1,0.0,0.0,0.0,0.0,0,"Measured local authorization/binding/consumption calls, excluding nested credential verification.",per-observation exclusive interval; no sum-of-percentiles total
logistic_motion_logistic_anomaly,measured,fresh_to_first_window,reject,failed_reconstruction,model_input_preprocessing,1,0.0,0.0,0.0,0.0,0,Shared model-input preparation; model-specific normalization remains in consumer timing.,per-observation exclusive interval; no sum-of-percentiles total
logistic_motion_logistic_anomaly,measured,fresh_to_first_window,reject,failed_reconstruction,motion_consumer,1,0.0,0.0,0.0,0.0,0,Motion consumer including normalization/tensor preparation/prediction decoding.,per-observation exclusive interval; no sum-of-percentiles total
logistic_motion_logistic_anomaly,measured,fresh_to_first_window,reject,failed_reconstruction,outer_orchestration_unisolated,1,0.0604,0.0604,0.0604,0.0604,1,Direct root/first-post-window remainder outside named child spans.,per-observation exclusive interval; no sum-of-percentiles total
logistic_motion_logistic_anomaly,measured,fresh_to_first_window,reject,failed_reconstruction,receiver_binding_sequence_state_unisolated,1,0.0,0.0,0.0,0.0,0,"Verifier remainder including binding, sequence checks, locks/state publication and observer work; NOT isolated sequence latency.",per-observation exclusive interval; no sum-of-percentiles total
logistic_motion_logistic_anomaly,measured,fresh_to_first_window,reject,failed_reconstruction,receiver_parsing,1,0.0,0.0,0.0,0.0,0,Envelope and binary parser call.,per-observation exclusive interval; no sum-of-percentiles total
logistic_motion_logistic_anomaly,measured,fresh_to_first_window,reject,failed_reconstruction,receiver_quality_check,1,0.0,0.0,0.0,0.0,0,Verifier quality-check call.,per-observation exclusive interval; no sum-of-percentiles total
logistic_motion_logistic_anomaly,measured,fresh_to_first_window,reject,failed_reconstruction,receiver_window_hmac,1,0.0,0.0,0.0,0.0,0,"Recorded verifier window-tag calculation, not complete authentication.",per-observation exclusive interval; no sum-of-percentiles total
logistic_motion_logistic_anomaly,measured,fresh_to_first_window,reject,failed_reconstruction,reconstruction,1,37.5398,37.5398,37.5398,37.5398,1,Actual recorded BCH reconstruction; includes any observer/GC delay.,per-observation exclusive interval; no sum-of-percentiles total
logistic_motion_logistic_anomaly,measured,fresh_to_first_window,reject,failed_reconstruction,release_conversion_unisolated,1,0.0,0.0,0.0,0.0,0,Accepted release remainder including conversion/dispatch/observer work outside consumer children.,per-observation exclusive interval; no sum-of-percentiles total
logistic_motion_logistic_anomaly,measured,fresh_to_first_window,reject,failed_reconstruction,sender_binding_unisolated,1,0.0,0.0,0.0,0.0,0,Sender seal remainder: binding/state/orchestration/observer work not separately timed.,per-observation exclusive interval; no sum-of-percentiles total
logistic_motion_logistic_anomaly,measured,fresh_to_first_window,reject,failed_reconstruction,sender_serialization_and_quality,1,0.0,0.0,0.0,0.0,0,Sender serialization including its quality validation; not separately timed.,per-observation exclusive interval; no sum-of-percentiles total
logistic_motion_logistic_anomaly,measured,fresh_to_first_window,reject,failed_reconstruction,sender_window_hmac,1,0.0,0.0,0.0,0.0,0,Recorded window-tag generation call.,per-observation exclusive interval; no sum-of-percentiles total
logistic_motion_logistic_anomaly,measured,fresh_to_first_window,reject,failed_reconstruction,session_establishment_unisolated,1,0.1188,0.1188,0.1188,0.1188,1,"Handshake/request/activation remainder, including unseparated HKDF/confirmation work and observer cost.",per-observation exclusive interval; no sum-of-percentiles total
logistic_motion_logistic_anomaly,measured,fresh_to_first_window,reject,failed_reconstruction,simulated_response_read,1,0.3018,0.3018,0.3018,0.3018,1,"Modeled response generation, not physical acquisition.",per-observation exclusive interval; no sum-of-percentiles total
logistic_motion_logistic_anomaly,measured,malformed_json_receiver,reject,malformed_message,admission_orchestration_unisolated,119,0.0,0.0,0.0,0.0,0,Admission orchestration remainder not covered by named children.,per-observation exclusive interval; no sum-of-percentiles total
logistic_motion_logistic_anomaly,measured,malformed_json_receiver,reject,malformed_message,anomaly_consumer,119,0.0,0.0,0.0,0.0,0,Anomaly consumer including feature scaling and frozen-threshold decision.,per-observation exclusive interval; no sum-of-percentiles total
logistic_motion_logistic_anomaly,measured,malformed_json_receiver,reject,malformed_message,binary32_adapter,119,0.0,0.0,0.0,0.0,0,Canonical binary32 input adaptation before sender sealing.,per-observation exclusive interval; no sum-of-percentiles total
logistic_motion_logistic_anomaly,measured,malformed_json_receiver,reject,malformed_message,credential_verification,119,0.0,0.0,0.0,0.0,0,Recorded independent credential-verification call(s).,per-observation exclusive interval; no sum-of-percentiles total
logistic_motion_logistic_anomaly,measured,malformed_json_receiver,reject,malformed_message,in_memory_audit_measured,119,0.0565,0.08551,0.106538,0.138,119,"Recorded audit record/prepare/commit spans, exclusive of their children; not all audit-related overhead and not durable storage.",per-observation exclusive interval; no sum-of-percentiles total
logistic_motion_logistic_anomaly,measured,malformed_json_receiver,reject,malformed_message,local_admission_checks,119,0.0,0.0,0.0,0.0,0,"Measured local authorization/binding/consumption calls, excluding nested credential verification.",per-observation exclusive interval; no sum-of-percentiles total
logistic_motion_logistic_anomaly,measured,malformed_json_receiver,reject,malformed_message,model_input_preprocessing,119,0.0,0.0,0.0,0.0,0,Shared model-input preparation; model-specific normalization remains in consumer timing.,per-observation exclusive interval; no sum-of-percentiles total
logistic_motion_logistic_anomaly,measured,malformed_json_receiver,reject,malformed_message,motion_consumer,119,0.0,0.0,0.0,0.0,0,Motion consumer including normalization/tensor preparation/prediction decoding.,per-observation exclusive interval; no sum-of-percentiles total
logistic_motion_logistic_anomaly,measured,malformed_json_receiver,reject,malformed_message,outer_orchestration_unisolated,119,0.0099,0.015559999999999996,0.01851199999999999,0.0211,119,Direct root/first-post-window remainder outside named child spans.,per-observation exclusive interval; no sum-of-percentiles total
logistic_motion_logistic_anomaly,measured,malformed_json_receiver,reject,malformed_message,receiver_binding_sequence_state_unisolated,119,0.0492,0.07650999999999997,0.091028,0.0948,119,"Verifier remainder including binding, sequence checks, locks/state publication and observer work; NOT isolated sequence latency.",per-observation exclusive interval; no sum-of-percentiles total
logistic_motion_logistic_anomaly,measured,malformed_json_receiver,reject,malformed_message,receiver_parsing,119,0.0358,0.05332,0.07423199999999998,0.085,119,Envelope and binary parser call.,per-observation exclusive interval; no sum-of-percentiles total
logistic_motion_logistic_anomaly,measured,malformed_json_receiver,reject,malformed_message,receiver_quality_check,119,0.0,0.0,0.0,0.0,0,Verifier quality-check call.,per-observation exclusive interval; no sum-of-percentiles total
logistic_motion_logistic_anomaly,measured,malformed_json_receiver,reject,malformed_message,receiver_window_hmac,119,0.0,0.0,0.0,0.0,0,"Recorded verifier window-tag calculation, not complete authentication.",per-observation exclusive interval; no sum-of-percentiles total
logistic_motion_logistic_anomaly,measured,malformed_json_receiver,reject,malformed_message,reconstruction,119,0.0,0.0,0.0,0.0,0,Actual recorded BCH reconstruction; includes any observer/GC delay.,per-observation exclusive interval; no sum-of-percentiles total
logistic_motion_logistic_anomaly,measured,malformed_json_receiver,reject,malformed_message,release_conversion_unisolated,119,0.0,0.0,0.0,0.0,0,Accepted release remainder including conversion/dispatch/observer work outside consumer children.,per-observation exclusive interval; no sum-of-percentiles total
logistic_motion_logistic_anomaly,measured,malformed_json_receiver,reject,malformed_message,sender_binding_unisolated,119,0.0,0.0,0.0,0.0,0,Sender seal remainder: binding/state/orchestration/observer work not separately timed.,per-observation exclusive interval; no sum-of-percentiles total
logistic_motion_logistic_anomaly,measured,malformed_json_receiver,reject,malformed_message,sender_serialization_and_quality,119,0.0,0.0,0.0,0.0,0,Sender serialization including its quality validation; not separately timed.,per-observation exclusive interval; no sum-of-percentiles total
logistic_motion_logistic_anomaly,measured,malformed_json_receiver,reject,malformed_message,sender_window_hmac,119,0.0,0.0,0.0,0.0,0,Recorded window-tag generation call.,per-observation exclusive interval; no sum-of-percentiles total
logistic_motion_logistic_anomaly,measured,malformed_json_receiver,reject,malformed_message,session_establishment_unisolated,119,0.0,0.0,0.0,0.0,0,"Handshake/request/activation remainder, including unseparated HKDF/confirmation work and observer cost.",per-observation exclusive interval; no sum-of-percentiles total
logistic_motion_logistic_anomaly,measured,malformed_json_receiver,reject,malformed_message,simulated_response_read,119,0.0,0.0,0.0,0.0,0,"Modeled response generation, not physical acquisition.",per-observation exclusive interval; no sum-of-percentiles total
logistic_motion_logistic_anomaly,measured,post_window_after_refusals,accept,accepted,admission_orchestration_unisolated,119,0.0,0.0,0.0,0.0,0,Admission orchestration remainder not covered by named children.,per-observation exclusive interval; no sum-of-percentiles total
logistic_motion_logistic_anomaly,measured,post_window_after_refusals,accept,accepted,anomaly_consumer,119,0.4756,0.70627,0.8878119999999999,1.17,119,Anomaly consumer including feature scaling and frozen-threshold decision.,per-observation exclusive interval; no sum-of-percentiles total
logistic_motion_logistic_anomaly,measured,post_window_after_refusals,accept,accepted,binary32_adapter,119,1.3773,1.85601,1.8993419999999999,2.714,119,Canonical binary32 input adaptation before sender sealing.,per-observation exclusive interval; no sum-of-percentiles total
logistic_motion_logistic_anomaly,measured,post_window_after_refusals,accept,accepted,credential_verification,119,0.0,0.0,0.0,0.0,0,Recorded independent credential-verification call(s).,per-observation exclusive interval; no sum-of-percentiles total
logistic_motion_logistic_anomaly,measured,post_window_after_refusals,accept,accepted,in_memory_audit_measured,119,0.095,0.13121999999999995,0.15348799999999996,0.2261,119,"Recorded audit record/prepare/commit spans, exclusive of their children; not all audit-related overhead and not durable storage.",per-observation exclusive interval; no sum-of-percentiles total
logistic_motion_logistic_anomaly,measured,post_window_after_refusals,accept,accepted,local_admission_checks,119,0.0,0.0,0.0,0.0,0,"Measured local authorization/binding/consumption calls, excluding nested credential verification.",per-observation exclusive interval; no sum-of-percentiles total
logistic_motion_logistic_anomaly,measured,post_window_after_refusals,accept,accepted,model_input_preprocessing,119,4.3991,5.503049999999999,6.696757999999999,6.8627,119,Shared model-input preparation; model-specific normalization remains in consumer timing.,per-observation exclusive interval; no sum-of-percentiles total
logistic_motion_logistic_anomaly,measured,post_window_after_refusals,accept,accepted,motion_consumer,119,0.689,0.9255099999999998,1.2158419999999988,1.3039,119,Motion consumer including normalization/tensor preparation/prediction decoding.,per-observation exclusive interval; no sum-of-percentiles total
logistic_motion_logistic_anomaly,measured,post_window_after_refusals,accept,accepted,outer_orchestration_unisolated,119,0.0948,0.1397499999999999,0.19633599999999996,0.2251,119,Direct root/first-post-window remainder outside named child spans.,per-observation exclusive interval; no sum-of-percentiles total
logistic_motion_logistic_anomaly,measured,post_window_after_refusals,accept,accepted,receiver_binding_sequence_state_unisolated,119,0.0988,0.13377999999999998,0.147276,0.1535,119,"Verifier remainder including binding, sequence checks, locks/state publication and observer work; NOT isolated sequence latency.",per-observation exclusive interval; no sum-of-percentiles total
logistic_motion_logistic_anomaly,measured,post_window_after_refusals,accept,accepted,receiver_parsing,119,1.9693,5.02606,5.580233999999999,328.8521,119,Envelope and binary parser call.,per-observation exclusive interval; no sum-of-percentiles total
logistic_motion_logistic_anomaly,measured,post_window_after_refusals,accept,accepted,receiver_quality_check,119,0.7549,0.9816799999999998,1.0953259999999996,1.1593,119,Verifier quality-check call.,per-observation exclusive interval; no sum-of-percentiles total
logistic_motion_logistic_anomaly,measured,post_window_after_refusals,accept,accepted,receiver_window_hmac,119,0.0226,0.03601,0.04219599999999998,0.0443,119,"Recorded verifier window-tag calculation, not complete authentication.",per-observation exclusive interval; no sum-of-percentiles total
logistic_motion_logistic_anomaly,measured,post_window_after_refusals,accept,accepted,reconstruction,119,0.0,0.0,0.0,0.0,0,Actual recorded BCH reconstruction; includes any observer/GC delay.,per-observation exclusive interval; no sum-of-percentiles total
logistic_motion_logistic_anomaly,measured,post_window_after_refusals,accept,accepted,release_conversion_unisolated,119,0.6459,0.8187899999999999,0.9441359999999999,0.9918,119,Accepted release remainder including conversion/dispatch/observer work outside consumer children.,per-observation exclusive interval; no sum-of-percentiles total
logistic_motion_logistic_anomaly,measured,post_window_after_refusals,accept,accepted,sender_binding_unisolated,119,0.1398,0.20311,0.2388839999999999,0.3323,119,Sender seal remainder: binding/state/orchestration/observer work not separately timed.,per-observation exclusive interval; no sum-of-percentiles total
logistic_motion_logistic_anomaly,measured,post_window_after_refusals,accept,accepted,sender_serialization_and_quality,119,1.3604,1.7590399999999997,2.0119739999999986,2.722,119,Sender serialization including its quality validation; not separately timed.,per-observation exclusive interval; no sum-of-percentiles total
logistic_motion_logistic_anomaly,measured,post_window_after_refusals,accept,accepted,sender_window_hmac,119,0.0308,0.045989999999999996,0.058141999999999944,0.1012,119,Recorded window-tag generation call.,per-observation exclusive interval; no sum-of-percentiles total
logistic_motion_logistic_anomaly,measured,post_window_after_refusals,accept,accepted,session_establishment_unisolated,119,0.0,0.0,0.0,0.0,0,"Handshake/request/activation remainder, including unseparated HKDF/confirmation work and observer cost.",per-observation exclusive interval; no sum-of-percentiles total
logistic_motion_logistic_anomaly,measured,post_window_after_refusals,accept,accepted,simulated_response_read,119,0.0,0.0,0.0,0.0,0,"Modeled response generation, not physical acquisition.",per-observation exclusive interval; no sum-of-percentiles total
logistic_motion_logistic_anomaly,measured,post_window_recurring,accept,accepted,admission_orchestration_unisolated,119,0.0,0.0,0.0,0.0,0,Admission orchestration remainder not covered by named children.,per-observation exclusive interval; no sum-of-percentiles total
logistic_motion_logistic_anomaly,measured,post_window_recurring,accept,accepted,anomaly_consumer,119,0.4665,0.63561,0.7234019999999999,0.759,119,Anomaly consumer including feature scaling and frozen-threshold decision.,per-observation exclusive interval; no sum-of-percentiles total
logistic_motion_logistic_anomaly,measured,post_window_recurring,accept,accepted,binary32_adapter,119,1.3919,1.74702,1.9433359999999997,1.9615,119,Canonical binary32 input adaptation before sender sealing.,per-observation exclusive interval; no sum-of-percentiles total
logistic_motion_logistic_anomaly,measured,post_window_recurring,accept,accepted,credential_verification,119,0.0,0.0,0.0,0.0,0,Recorded independent credential-verification call(s).,per-observation exclusive interval; no sum-of-percentiles total
logistic_motion_logistic_anomaly,measured,post_window_recurring,accept,accepted,in_memory_audit_measured,119,0.1166,0.1543,0.18359799999999982,0.2094,119,"Recorded audit record/prepare/commit spans, exclusive of their children; not all audit-related overhead and not durable storage.",per-observation exclusive interval; no sum-of-percentiles total
logistic_motion_logistic_anomaly,measured,post_window_recurring,accept,accepted,local_admission_checks,119,0.0,0.0,0.0,0.0,0,"Measured local authorization/binding/consumption calls, excluding nested credential verification.",per-observation exclusive interval; no sum-of-percentiles total
logistic_motion_logistic_anomaly,measured,post_window_recurring,accept,accepted,model_input_preprocessing,119,4.3155,5.4327299999999985,6.618567999999999,6.7181,119,Shared model-input preparation; model-specific normalization remains in consumer timing.,per-observation exclusive interval; no sum-of-percentiles total
logistic_motion_logistic_anomaly,measured,post_window_recurring,accept,accepted,motion_consumer,119,0.6728,0.89977,1.038306,1.3424,119,Motion consumer including normalization/tensor preparation/prediction decoding.,per-observation exclusive interval; no sum-of-percentiles total
logistic_motion_logistic_anomaly,measured,post_window_recurring,accept,accepted,outer_orchestration_unisolated,119,0.0987,0.13771999999999998,0.17480599999999993,0.1815,119,Direct root/first-post-window remainder outside named child spans.,per-observation exclusive interval; no sum-of-percentiles total
logistic_motion_logistic_anomaly,measured,post_window_recurring,accept,accepted,receiver_binding_sequence_state_unisolated,119,0.1001,0.13982,0.14772399999999997,0.1989,119,"Verifier remainder including binding, sequence checks, locks/state publication and observer work; NOT isolated sequence latency.",per-observation exclusive interval; no sum-of-percentiles total
logistic_motion_logistic_anomaly,measured,post_window_recurring,accept,accepted,receiver_parsing,119,1.9786,2.5956899999999994,2.7238659999999997,2.7371,119,Envelope and binary parser call.,per-observation exclusive interval; no sum-of-percentiles total
logistic_motion_logistic_anomaly,measured,post_window_recurring,accept,accepted,receiver_quality_check,119,0.7541,0.9304399999999999,1.0889259999999996,1.2711,119,Verifier quality-check call.,per-observation exclusive interval; no sum-of-percentiles total
logistic_motion_logistic_anomaly,measured,post_window_recurring,accept,accepted,receiver_window_hmac,119,0.0222,0.029789999999999997,0.033282,0.054,119,"Recorded verifier window-tag calculation, not complete authentication.",per-observation exclusive interval; no sum-of-percentiles total
logistic_motion_logistic_anomaly,measured,post_window_recurring,accept,accepted,reconstruction,119,0.0,0.0,0.0,0.0,0,Actual recorded BCH reconstruction; includes any observer/GC delay.,per-observation exclusive interval; no sum-of-percentiles total
logistic_motion_logistic_anomaly,measured,post_window_recurring,accept,accepted,release_conversion_unisolated,119,0.6415,0.8148499999999999,0.90678,0.9636,119,Accepted release remainder including conversion/dispatch/observer work outside consumer children.,per-observation exclusive interval; no sum-of-percentiles total
logistic_motion_logistic_anomaly,measured,post_window_recurring,accept,accepted,sender_binding_unisolated,119,0.158,0.22315999999999997,0.31805399999999967,0.4248,119,Sender seal remainder: binding/state/orchestration/observer work not separately timed.,per-observation exclusive interval; no sum-of-percentiles total
logistic_motion_logistic_anomaly,measured,post_window_recurring,accept,accepted,sender_serialization_and_quality,119,1.375,1.83905,1.8833719999999998,2.2329,119,Sender serialization including its quality validation; not separately timed.,per-observation exclusive interval; no sum-of-percentiles total
logistic_motion_logistic_anomaly,measured,post_window_recurring,accept,accepted,sender_window_hmac,119,0.0291,0.04077999999999999,0.042464,0.117,119,Recorded window-tag generation call.,per-observation exclusive interval; no sum-of-percentiles total
logistic_motion_logistic_anomaly,measured,post_window_recurring,accept,accepted,session_establishment_unisolated,119,0.0,0.0,0.0,0.0,0,"Handshake/request/activation remainder, including unseparated HKDF/confirmation work and observer cost.",per-observation exclusive interval; no sum-of-percentiles total
logistic_motion_logistic_anomaly,measured,post_window_recurring,accept,accepted,simulated_response_read,119,0.0,0.0,0.0,0.0,0,"Modeled response generation, not physical acquisition.",per-observation exclusive interval; no sum-of-percentiles total
logistic_motion_logistic_anomaly,measured,pre_tag_quality_refusal,reject,data_quality_failure,admission_orchestration_unisolated,119,0.0,0.0,0.0,0.0,0,Admission orchestration remainder not covered by named children.,per-observation exclusive interval; no sum-of-percentiles total
logistic_motion_logistic_anomaly,measured,pre_tag_quality_refusal,reject,data_quality_failure,anomaly_consumer,119,0.0,0.0,0.0,0.0,0,Anomaly consumer including feature scaling and frozen-threshold decision.,per-observation exclusive interval; no sum-of-percentiles total
logistic_motion_logistic_anomaly,measured,pre_tag_quality_refusal,reject,data_quality_failure,binary32_adapter,119,1.3998,1.7926,1.9384239999999995,2.0161,119,Canonical binary32 input adaptation before sender sealing.,per-observation exclusive interval; no sum-of-percentiles total
logistic_motion_logistic_anomaly,measured,pre_tag_quality_refusal,reject,data_quality_failure,credential_verification,119,0.0,0.0,0.0,0.0,0,Recorded independent credential-verification call(s).,per-observation exclusive interval; no sum-of-percentiles total
logistic_motion_logistic_anomaly,measured,pre_tag_quality_refusal,reject,data_quality_failure,in_memory_audit_measured,119,0.0608,0.08357,0.10800399999999999,0.2208,119,"Recorded audit record/prepare/commit spans, exclusive of their children; not all audit-related overhead and not durable storage.",per-observation exclusive interval; no sum-of-percentiles total
logistic_motion_logistic_anomaly,measured,pre_tag_quality_refusal,reject,data_quality_failure,local_admission_checks,119,0.0,0.0,0.0,0.0,0,"Measured local authorization/binding/consumption calls, excluding nested credential verification.",per-observation exclusive interval; no sum-of-percentiles total
logistic_motion_logistic_anomaly,measured,pre_tag_quality_refusal,reject,data_quality_failure,model_input_preprocessing,119,0.0,0.0,0.0,0.0,0,Shared model-input preparation; model-specific normalization remains in consumer timing.,per-observation exclusive interval; no sum-of-percentiles total
logistic_motion_logistic_anomaly,measured,pre_tag_quality_refusal,reject,data_quality_failure,motion_consumer,119,0.0,0.0,0.0,0.0,0,Motion consumer including normalization/tensor preparation/prediction decoding.,per-observation exclusive interval; no sum-of-percentiles total
logistic_motion_logistic_anomaly,measured,pre_tag_quality_refusal,reject,data_quality_failure,outer_orchestration_unisolated,119,0.0605,0.08905,0.09714999999999999,0.1316,119,Direct root/first-post-window remainder outside named child spans.,per-observation exclusive interval; no sum-of-percentiles total
logistic_motion_logistic_anomaly,measured,pre_tag_quality_refusal,reject,data_quality_failure,receiver_binding_sequence_state_unisolated,119,0.0,0.0,0.0,0.0,0,"Verifier remainder including binding, sequence checks, locks/state publication and observer work; NOT isolated sequence latency.",per-observation exclusive interval; no sum-of-percentiles total
logistic_motion_logistic_anomaly,measured,pre_tag_quality_refusal,reject,data_quality_failure,receiver_parsing,119,0.0,0.0,0.0,0.0,0,Envelope and binary parser call.,per-observation exclusive interval; no sum-of-percentiles total
logistic_motion_logistic_anomaly,measured,pre_tag_quality_refusal,reject,data_quality_failure,receiver_quality_check,119,0.0,0.0,0.0,0.0,0,Verifier quality-check call.,per-observation exclusive interval; no sum-of-percentiles total
logistic_motion_logistic_anomaly,measured,pre_tag_quality_refusal,reject,data_quality_failure,receiver_window_hmac,119,0.0,0.0,0.0,0.0,0,"Recorded verifier window-tag calculation, not complete authentication.",per-observation exclusive interval; no sum-of-percentiles total
logistic_motion_logistic_anomaly,measured,pre_tag_quality_refusal,reject,data_quality_failure,reconstruction,119,0.0,0.0,0.0,0.0,0,Actual recorded BCH reconstruction; includes any observer/GC delay.,per-observation exclusive interval; no sum-of-percentiles total
logistic_motion_logistic_anomaly,measured,pre_tag_quality_refusal,reject,data_quality_failure,release_conversion_unisolated,119,0.0,0.0,0.0,0.0,0,Accepted release remainder including conversion/dispatch/observer work outside consumer children.,per-observation exclusive interval; no sum-of-percentiles total
logistic_motion_logistic_anomaly,measured,pre_tag_quality_refusal,reject,data_quality_failure,sender_binding_unisolated,119,0.084,0.122,0.141012,0.1528,119,Sender seal remainder: binding/state/orchestration/observer work not separately timed.,per-observation exclusive interval; no sum-of-percentiles total
logistic_motion_logistic_anomaly,measured,pre_tag_quality_refusal,reject,data_quality_failure,sender_serialization_and_quality,119,0.6189,0.7949799999999999,0.8781959999999998,1.1025,119,Sender serialization including its quality validation; not separately timed.,per-observation exclusive interval; no sum-of-percentiles total
logistic_motion_logistic_anomaly,measured,pre_tag_quality_refusal,reject,data_quality_failure,sender_window_hmac,119,0.0,0.0,0.0,0.0,0,Recorded window-tag generation call.,per-observation exclusive interval; no sum-of-percentiles total
logistic_motion_logistic_anomaly,measured,pre_tag_quality_refusal,reject,data_quality_failure,session_establishment_unisolated,119,0.0,0.0,0.0,0.0,0,"Handshake/request/activation remainder, including unseparated HKDF/confirmation work and observer cost.",per-observation exclusive interval; no sum-of-percentiles total
logistic_motion_logistic_anomaly,measured,pre_tag_quality_refusal,reject,data_quality_failure,simulated_response_read,119,0.0,0.0,0.0,0.0,0,"Modeled response generation, not physical acquisition.",per-observation exclusive interval; no sum-of-percentiles total
logistic_motion_logistic_anomaly,measured,valid_receiver_after_bad_tag,accept,accepted,admission_orchestration_unisolated,119,0.0,0.0,0.0,0.0,0,Admission orchestration remainder not covered by named children.,per-observation exclusive interval; no sum-of-percentiles total
logistic_motion_logistic_anomaly,measured,valid_receiver_after_bad_tag,accept,accepted,anomaly_consumer,119,0.4736,0.6298399999999998,0.7828259999999999,1.0199,119,Anomaly consumer including feature scaling and frozen-threshold decision.,per-observation exclusive interval; no sum-of-percentiles total
logistic_motion_logistic_anomaly,measured,valid_receiver_after_bad_tag,accept,accepted,binary32_adapter,119,0.0,0.0,0.0,0.0,0,Canonical binary32 input adaptation before sender sealing.,per-observation exclusive interval; no sum-of-percentiles total
logistic_motion_logistic_anomaly,measured,valid_receiver_after_bad_tag,accept,accepted,credential_verification,119,0.0,0.0,0.0,0.0,0,Recorded independent credential-verification call(s).,per-observation exclusive interval; no sum-of-percentiles total
logistic_motion_logistic_anomaly,measured,valid_receiver_after_bad_tag,accept,accepted,in_memory_audit_measured,119,0.0511,0.07375,0.09024999999999991,0.1003,119,"Recorded audit record/prepare/commit spans, exclusive of their children; not all audit-related overhead and not durable storage.",per-observation exclusive interval; no sum-of-percentiles total
logistic_motion_logistic_anomaly,measured,valid_receiver_after_bad_tag,accept,accepted,local_admission_checks,119,0.0,0.0,0.0,0.0,0,"Measured local authorization/binding/consumption calls, excluding nested credential verification.",per-observation exclusive interval; no sum-of-percentiles total
logistic_motion_logistic_anomaly,measured,valid_receiver_after_bad_tag,accept,accepted,model_input_preprocessing,119,4.3261,5.51185,6.6110039999999985,6.7114,119,Shared model-input preparation; model-specific normalization remains in consumer timing.,per-observation exclusive interval; no sum-of-percentiles total
logistic_motion_logistic_anomaly,measured,valid_receiver_after_bad_tag,accept,accepted,motion_consumer,119,0.6765,0.91107,0.9653259999999999,1.0637,119,Motion consumer including normalization/tensor preparation/prediction decoding.,per-observation exclusive interval; no sum-of-percentiles total
logistic_motion_logistic_anomaly,measured,valid_receiver_after_bad_tag,accept,accepted,outer_orchestration_unisolated,119,0.0248,0.035179999999999996,0.044431999999999985,0.0779,119,Direct root/first-post-window remainder outside named child spans.,per-observation exclusive interval; no sum-of-percentiles total
logistic_motion_logistic_anomaly,measured,valid_receiver_after_bad_tag,accept,accepted,receiver_binding_sequence_state_unisolated,119,0.0998,0.16407999999999998,0.21070999999999981,0.2192,119,"Verifier remainder including binding, sequence checks, locks/state publication and observer work; NOT isolated sequence latency.",per-observation exclusive interval; no sum-of-percentiles total
logistic_motion_logistic_anomaly,measured,valid_receiver_after_bad_tag,accept,accepted,receiver_parsing,119,1.7758,2.57854,3.0267739999999996,3.1332,119,Envelope and binary parser call.,per-observation exclusive interval; no sum-of-percentiles total
logistic_motion_logistic_anomaly,measured,valid_receiver_after_bad_tag,accept,accepted,receiver_quality_check,119,0.7641,1.03456,1.209875999999999,1.384,119,Verifier quality-check call.,per-observation exclusive interval; no sum-of-percentiles total
logistic_motion_logistic_anomaly,measured,valid_receiver_after_bad_tag,accept,accepted,receiver_window_hmac,119,0.0213,0.03303,0.038564,0.0397,119,"Recorded verifier window-tag calculation, not complete authentication.",per-observation exclusive interval; no sum-of-percentiles total
logistic_motion_logistic_anomaly,measured,valid_receiver_after_bad_tag,accept,accepted,reconstruction,119,0.0,0.0,0.0,0.0,0,Actual recorded BCH reconstruction; includes any observer/GC delay.,per-observation exclusive interval; no sum-of-percentiles total
logistic_motion_logistic_anomaly,measured,valid_receiver_after_bad_tag,accept,accepted,release_conversion_unisolated,119,0.6359,0.86075,0.9640639999999999,1.0034,119,Accepted release remainder including conversion/dispatch/observer work outside consumer children.,per-observation exclusive interval; no sum-of-percentiles total
logistic_motion_logistic_anomaly,measured,valid_receiver_after_bad_tag,accept,accepted,sender_binding_unisolated,119,0.0,0.0,0.0,0.0,0,Sender seal remainder: binding/state/orchestration/observer work not separately timed.,per-observation exclusive interval; no sum-of-percentiles total
logistic_motion_logistic_anomaly,measured,valid_receiver_after_bad_tag,accept,accepted,sender_serialization_and_quality,119,0.0,0.0,0.0,0.0,0,Sender serialization including its quality validation; not separately timed.,per-observation exclusive interval; no sum-of-percentiles total
logistic_motion_logistic_anomaly,measured,valid_receiver_after_bad_tag,accept,accepted,sender_window_hmac,119,0.0,0.0,0.0,0.0,0,Recorded window-tag generation call.,per-observation exclusive interval; no sum-of-percentiles total
logistic_motion_logistic_anomaly,measured,valid_receiver_after_bad_tag,accept,accepted,session_establishment_unisolated,119,0.0,0.0,0.0,0.0,0,"Handshake/request/activation remainder, including unseparated HKDF/confirmation work and observer cost.",per-observation exclusive interval; no sum-of-percentiles total
logistic_motion_logistic_anomaly,measured,valid_receiver_after_bad_tag,accept,accepted,simulated_response_read,119,0.0,0.0,0.0,0.0,0,"Modeled response generation, not physical acquisition.",per-observation exclusive interval; no sum-of-percentiles total
logistic_motion_logistic_anomaly,warmup,bad_tag_receiver,reject,invalid_tag,admission_orchestration_unisolated,29,0.0,0.0,0.0,0.0,0,Admission orchestration remainder not covered by named children.,per-observation exclusive interval; no sum-of-percentiles total
logistic_motion_logistic_anomaly,warmup,bad_tag_receiver,reject,invalid_tag,anomaly_consumer,29,0.0,0.0,0.0,0.0,0,Anomaly consumer including feature scaling and frozen-threshold decision.,per-observation exclusive interval; no sum-of-percentiles total
logistic_motion_logistic_anomaly,warmup,bad_tag_receiver,reject,invalid_tag,binary32_adapter,29,0.0,0.0,0.0,0.0,0,Canonical binary32 input adaptation before sender sealing.,per-observation exclusive interval; no sum-of-percentiles total
logistic_motion_logistic_anomaly,warmup,bad_tag_receiver,reject,invalid_tag,credential_verification,29,0.0,0.0,0.0,0.0,0,Recorded independent credential-verification call(s).,per-observation exclusive interval; no sum-of-percentiles total
logistic_motion_logistic_anomaly,warmup,bad_tag_receiver,reject,invalid_tag,in_memory_audit_measured,29,0.0399,0.0518,0.052864,0.0532,29,"Recorded audit record/prepare/commit spans, exclusive of their children; not all audit-related overhead and not durable storage.",per-observation exclusive interval; no sum-of-percentiles total
logistic_motion_logistic_anomaly,warmup,bad_tag_receiver,reject,invalid_tag,local_admission_checks,29,0.0,0.0,0.0,0.0,0,"Measured local authorization/binding/consumption calls, excluding nested credential verification.",per-observation exclusive interval; no sum-of-percentiles total
logistic_motion_logistic_anomaly,warmup,bad_tag_receiver,reject,invalid_tag,model_input_preprocessing,29,0.0,0.0,0.0,0.0,0,Shared model-input preparation; model-specific normalization remains in consumer timing.,per-observation exclusive interval; no sum-of-percentiles total
logistic_motion_logistic_anomaly,warmup,bad_tag_receiver,reject,invalid_tag,motion_consumer,29,0.0,0.0,0.0,0.0,0,Motion consumer including normalization/tensor preparation/prediction decoding.,per-observation exclusive interval; no sum-of-percentiles total
logistic_motion_logistic_anomaly,warmup,bad_tag_receiver,reject,invalid_tag,outer_orchestration_unisolated,29,0.0135,0.01638,0.016572,0.0166,29,Direct root/first-post-window remainder outside named child spans.,per-observation exclusive interval; no sum-of-percentiles total
logistic_motion_logistic_anomaly,warmup,bad_tag_receiver,reject,invalid_tag,receiver_binding_sequence_state_unisolated,29,0.1047,0.1378,0.6953439999999991,0.9117,29,"Verifier remainder including binding, sequence checks, locks/state publication and observer work; NOT isolated sequence latency.",per-observation exclusive interval; no sum-of-percentiles total
logistic_motion_logistic_anomaly,warmup,bad_tag_receiver,reject,invalid_tag,receiver_parsing,29,1.6231,2.04632,2.125944,2.1505,29,Envelope and binary parser call.,per-observation exclusive interval; no sum-of-percentiles total
logistic_motion_logistic_anomaly,warmup,bad_tag_receiver,reject,invalid_tag,receiver_quality_check,29,0.0,0.0,0.0,0.0,0,Verifier quality-check call.,per-observation exclusive interval; no sum-of-percentiles total
logistic_motion_logistic_anomaly,warmup,bad_tag_receiver,reject,invalid_tag,receiver_window_hmac,29,0.021,0.02972,0.031224,0.0317,29,"Recorded verifier window-tag calculation, not complete authentication.",per-observation exclusive interval; no sum-of-percentiles total
logistic_motion_logistic_anomaly,warmup,bad_tag_receiver,reject,invalid_tag,reconstruction,29,0.0,0.0,0.0,0.0,0,Actual recorded BCH reconstruction; includes any observer/GC delay.,per-observation exclusive interval; no sum-of-percentiles total
logistic_motion_logistic_anomaly,warmup,bad_tag_receiver,reject,invalid_tag,release_conversion_unisolated,29,0.0,0.0,0.0,0.0,0,Accepted release remainder including conversion/dispatch/observer work outside consumer children.,per-observation exclusive interval; no sum-of-percentiles total
logistic_motion_logistic_anomaly,warmup,bad_tag_receiver,reject,invalid_tag,sender_binding_unisolated,29,0.0,0.0,0.0,0.0,0,Sender seal remainder: binding/state/orchestration/observer work not separately timed.,per-observation exclusive interval; no sum-of-percentiles total
logistic_motion_logistic_anomaly,warmup,bad_tag_receiver,reject,invalid_tag,sender_serialization_and_quality,29,0.0,0.0,0.0,0.0,0,Sender serialization including its quality validation; not separately timed.,per-observation exclusive interval; no sum-of-percentiles total
logistic_motion_logistic_anomaly,warmup,bad_tag_receiver,reject,invalid_tag,sender_window_hmac,29,0.0,0.0,0.0,0.0,0,Recorded window-tag generation call.,per-observation exclusive interval; no sum-of-percentiles total
logistic_motion_logistic_anomaly,warmup,bad_tag_receiver,reject,invalid_tag,session_establishment_unisolated,29,0.0,0.0,0.0,0.0,0,"Handshake/request/activation remainder, including unseparated HKDF/confirmation work and observer cost.",per-observation exclusive interval; no sum-of-percentiles total
logistic_motion_logistic_anomaly,warmup,bad_tag_receiver,reject,invalid_tag,simulated_response_read,29,0.0,0.0,0.0,0.0,0,"Modeled response generation, not physical acquisition.",per-observation exclusive interval; no sum-of-percentiles total
logistic_motion_logistic_anomaly,warmup,exact_replay_receiver,reject,duplicate_sequence,admission_orchestration_unisolated,29,0.0,0.0,0.0,0.0,0,Admission orchestration remainder not covered by named children.,per-observation exclusive interval; no sum-of-percentiles total
logistic_motion_logistic_anomaly,warmup,exact_replay_receiver,reject,duplicate_sequence,anomaly_consumer,29,0.0,0.0,0.0,0.0,0,Anomaly consumer including feature scaling and frozen-threshold decision.,per-observation exclusive interval; no sum-of-percentiles total
logistic_motion_logistic_anomaly,warmup,exact_replay_receiver,reject,duplicate_sequence,binary32_adapter,29,0.0,0.0,0.0,0.0,0,Canonical binary32 input adaptation before sender sealing.,per-observation exclusive interval; no sum-of-percentiles total
logistic_motion_logistic_anomaly,warmup,exact_replay_receiver,reject,duplicate_sequence,credential_verification,29,0.0,0.0,0.0,0.0,0,Recorded independent credential-verification call(s).,per-observation exclusive interval; no sum-of-percentiles total
logistic_motion_logistic_anomaly,warmup,exact_replay_receiver,reject,duplicate_sequence,in_memory_audit_measured,29,0.0642,0.0848,0.09055999999999999,0.0928,29,"Recorded audit record/prepare/commit spans, exclusive of their children; not all audit-related overhead and not durable storage.",per-observation exclusive interval; no sum-of-percentiles total
logistic_motion_logistic_anomaly,warmup,exact_replay_receiver,reject,duplicate_sequence,local_admission_checks,29,0.0,0.0,0.0,0.0,0,"Measured local authorization/binding/consumption calls, excluding nested credential verification.",per-observation exclusive interval; no sum-of-percentiles total
logistic_motion_logistic_anomaly,warmup,exact_replay_receiver,reject,duplicate_sequence,model_input_preprocessing,29,0.0,0.0,0.0,0.0,0,Shared model-input preparation; model-specific normalization remains in consumer timing.,per-observation exclusive interval; no sum-of-percentiles total
logistic_motion_logistic_anomaly,warmup,exact_replay_receiver,reject,duplicate_sequence,motion_consumer,29,0.0,0.0,0.0,0.0,0,Motion consumer including normalization/tensor preparation/prediction decoding.,per-observation exclusive interval; no sum-of-percentiles total
logistic_motion_logistic_anomaly,warmup,exact_replay_receiver,reject,duplicate_sequence,outer_orchestration_unisolated,29,0.0123,0.017419999999999998,0.025747999999999986,0.0288,29,Direct root/first-post-window remainder outside named child spans.,per-observation exclusive interval; no sum-of-percentiles total
logistic_motion_logistic_anomaly,warmup,exact_replay_receiver,reject,duplicate_sequence,receiver_binding_sequence_state_unisolated,29,0.1357,0.19643999999999998,0.2018,0.2018,29,"Verifier remainder including binding, sequence checks, locks/state publication and observer work; NOT isolated sequence latency.",per-observation exclusive interval; no sum-of-percentiles total
logistic_motion_logistic_anomaly,warmup,exact_replay_receiver,reject,duplicate_sequence,receiver_parsing,29,1.9499,5.561259999999998,6.04334,6.0929,29,Envelope and binary parser call.,per-observation exclusive interval; no sum-of-percentiles total
logistic_motion_logistic_anomaly,warmup,exact_replay_receiver,reject,duplicate_sequence,receiver_quality_check,29,0.6838,0.84344,0.8877439999999999,0.9039,29,Verifier quality-check call.,per-observation exclusive interval; no sum-of-percentiles total
logistic_motion_logistic_anomaly,warmup,exact_replay_receiver,reject,duplicate_sequence,receiver_window_hmac,29,0.0279,0.04216,0.042776,0.043,29,"Recorded verifier window-tag calculation, not complete authentication.",per-observation exclusive interval; no sum-of-percentiles total
logistic_motion_logistic_anomaly,warmup,exact_replay_receiver,reject,duplicate_sequence,reconstruction,29,0.0,0.0,0.0,0.0,0,Actual recorded BCH reconstruction; includes any observer/GC delay.,per-observation exclusive interval; no sum-of-percentiles total
logistic_motion_logistic_anomaly,warmup,exact_replay_receiver,reject,duplicate_sequence,release_conversion_unisolated,29,0.0,0.0,0.0,0.0,0,Accepted release remainder including conversion/dispatch/observer work outside consumer children.,per-observation exclusive interval; no sum-of-percentiles total
logistic_motion_logistic_anomaly,warmup,exact_replay_receiver,reject,duplicate_sequence,sender_binding_unisolated,29,0.0,0.0,0.0,0.0,0,Sender seal remainder: binding/state/orchestration/observer work not separately timed.,per-observation exclusive interval; no sum-of-percentiles total
logistic_motion_logistic_anomaly,warmup,exact_replay_receiver,reject,duplicate_sequence,sender_serialization_and_quality,29,0.0,0.0,0.0,0.0,0,Sender serialization including its quality validation; not separately timed.,per-observation exclusive interval; no sum-of-percentiles total
logistic_motion_logistic_anomaly,warmup,exact_replay_receiver,reject,duplicate_sequence,sender_window_hmac,29,0.0,0.0,0.0,0.0,0,Recorded window-tag generation call.,per-observation exclusive interval; no sum-of-percentiles total
logistic_motion_logistic_anomaly,warmup,exact_replay_receiver,reject,duplicate_sequence,session_establishment_unisolated,29,0.0,0.0,0.0,0.0,0,"Handshake/request/activation remainder, including unseparated HKDF/confirmation work and observer cost.",per-observation exclusive interval; no sum-of-percentiles total
logistic_motion_logistic_anomaly,warmup,exact_replay_receiver,reject,duplicate_sequence,simulated_response_read,29,0.0,0.0,0.0,0.0,0,"Modeled response generation, not physical acquisition.",per-observation exclusive interval; no sum-of-percentiles total
logistic_motion_logistic_anomaly,warmup,fresh_to_first_window,accept,accepted,admission_orchestration_unisolated,29,0.0619,0.07716,0.081384,0.0827,29,Admission orchestration remainder not covered by named children.,per-observation exclusive interval; no sum-of-percentiles total
logistic_motion_logistic_anomaly,warmup,fresh_to_first_window,accept,accepted,anomaly_consumer,29,0.4702,0.5922,0.6743599999999998,0.706,29,Anomaly consumer including feature scaling and frozen-threshold decision.,per-observation exclusive interval; no sum-of-percentiles total
logistic_motion_logistic_anomaly,warmup,fresh_to_first_window,accept,accepted,binary32_adapter,29,1.2581,1.6153999999999997,1.670872,1.6821,29,Canonical binary32 input adaptation before sender sealing.,per-observation exclusive interval; no sum-of-percentiles total
logistic_motion_logistic_anomaly,warmup,fresh_to_first_window,accept,accepted,credential_verification,29,0.0689,0.08699999999999998,0.090312,0.0909,29,Recorded independent credential-verification call(s).,per-observation exclusive interval; no sum-of-percentiles total
logistic_motion_logistic_anomaly,warmup,fresh_to_first_window,accept,accepted,in_memory_audit_measured,29,0.2324,0.2986599999999999,0.3468359999999999,0.3619,29,"Recorded audit record/prepare/commit spans, exclusive of their children; not all audit-related overhead and not durable storage.",per-observation exclusive interval; no sum-of-percentiles total
logistic_motion_logistic_anomaly,warmup,fresh_to_first_window,accept,accepted,local_admission_checks,29,0.0736,0.08658,0.10113999999999997,0.1066,29,"Measured local authorization/binding/consumption calls, excluding nested credential verification.",per-observation exclusive interval; no sum-of-percentiles total
logistic_motion_logistic_anomaly,warmup,fresh_to_first_window,accept,accepted,model_input_preprocessing,29,3.9862,5.08032,5.5143759999999995,5.663,29,Shared model-input preparation; model-specific normalization remains in consumer timing.,per-observation exclusive interval; no sum-of-percentiles total
logistic_motion_logistic_anomaly,warmup,fresh_to_first_window,accept,accepted,motion_consumer,29,0.7786,0.9572799999999999,1.0564159999999998,1.0894,29,Motion consumer including normalization/tensor preparation/prediction decoding.,per-observation exclusive interval; no sum-of-percentiles total
logistic_motion_logistic_anomaly,warmup,fresh_to_first_window,accept,accepted,outer_orchestration_unisolated,29,0.1243,0.17148,0.19451999999999997,0.2025,29,Direct root/first-post-window remainder outside named child spans.,per-observation exclusive interval; no sum-of-percentiles total
logistic_motion_logistic_anomaly,warmup,fresh_to_first_window,accept,accepted,receiver_binding_sequence_state_unisolated,29,0.0971,0.13278,0.139676,0.142,29,"Verifier remainder including binding, sequence checks, locks/state publication and observer work; NOT isolated sequence latency.",per-observation exclusive interval; no sum-of-percentiles total
logistic_motion_logistic_anomaly,warmup,fresh_to_first_window,accept,accepted,receiver_parsing,29,1.8204,2.3122,2.331968,2.3388,29,Envelope and binary parser call.,per-observation exclusive interval; no sum-of-percentiles total
logistic_motion_logistic_anomaly,warmup,fresh_to_first_window,accept,accepted,receiver_quality_check,29,0.6674,0.85938,0.86718,0.8697,29,Verifier quality-check call.,per-observation exclusive interval; no sum-of-percentiles total
logistic_motion_logistic_anomaly,warmup,fresh_to_first_window,accept,accepted,receiver_window_hmac,29,0.0205,0.027899999999999998,0.038491999999999985,0.0423,29,"Recorded verifier window-tag calculation, not complete authentication.",per-observation exclusive interval; no sum-of-percentiles total
logistic_motion_logistic_anomaly,warmup,fresh_to_first_window,accept,accepted,reconstruction,29,4.3687,7.265459999999993,8.876628,8.9634,29,Actual recorded BCH reconstruction; includes any observer/GC delay.,per-observation exclusive interval; no sum-of-percentiles total
logistic_motion_logistic_anomaly,warmup,fresh_to_first_window,accept,accepted,release_conversion_unisolated,29,0.6071,0.77128,0.79916,0.8091,29,Accepted release remainder including conversion/dispatch/observer work outside consumer children.,per-observation exclusive interval; no sum-of-percentiles total
logistic_motion_logistic_anomaly,warmup,fresh_to_first_window,accept,accepted,sender_binding_unisolated,29,0.1529,0.19657999999999995,0.208148,0.2091,29,Sender seal remainder: binding/state/orchestration/observer work not separately timed.,per-observation exclusive interval; no sum-of-percentiles total
logistic_motion_logistic_anomaly,warmup,fresh_to_first_window,accept,accepted,sender_serialization_and_quality,29,1.2325,1.5849799999999998,1.7451879999999997,1.7873,29,Sender serialization including its quality validation; not separately timed.,per-observation exclusive interval; no sum-of-percentiles total
logistic_motion_logistic_anomaly,warmup,fresh_to_first_window,accept,accepted,sender_window_hmac,29,0.0192,0.031459999999999995,0.04484399999999998,0.0498,29,Recorded window-tag generation call.,per-observation exclusive interval; no sum-of-percentiles total
logistic_motion_logistic_anomaly,warmup,fresh_to_first_window,accept,accepted,session_establishment_unisolated,29,0.4977,0.59772,0.7474719999999998,0.8056,29,"Handshake/request/activation remainder, including unseparated HKDF/confirmation work and observer cost.",per-observation exclusive interval; no sum-of-percentiles total
logistic_motion_logistic_anomaly,warmup,fresh_to_first_window,accept,accepted,simulated_response_read,29,0.2399,0.29652,0.32266399999999995,0.3321,29,"Modeled response generation, not physical acquisition.",per-observation exclusive interval; no sum-of-percentiles total
logistic_motion_logistic_anomaly,warmup,malformed_json_receiver,reject,malformed_message,admission_orchestration_unisolated,29,0.0,0.0,0.0,0.0,0,Admission orchestration remainder not covered by named children.,per-observation exclusive interval; no sum-of-percentiles total
logistic_motion_logistic_anomaly,warmup,malformed_json_receiver,reject,malformed_message,anomaly_consumer,29,0.0,0.0,0.0,0.0,0,Anomaly consumer including feature scaling and frozen-threshold decision.,per-observation exclusive interval; no sum-of-percentiles total
logistic_motion_logistic_anomaly,warmup,malformed_json_receiver,reject,malformed_message,binary32_adapter,29,0.0,0.0,0.0,0.0,0,Canonical binary32 input adaptation before sender sealing.,per-observation exclusive interval; no sum-of-percentiles total
logistic_motion_logistic_anomaly,warmup,malformed_json_receiver,reject,malformed_message,credential_verification,29,0.0,0.0,0.0,0.0,0,Recorded independent credential-verification call(s).,per-observation exclusive interval; no sum-of-percentiles total
logistic_motion_logistic_anomaly,warmup,malformed_json_receiver,reject,malformed_message,in_memory_audit_measured,29,0.056,0.07281999999999998,0.0761,0.0768,29,"Recorded audit record/prepare/commit spans, exclusive of their children; not all audit-related overhead and not durable storage.",per-observation exclusive interval; no sum-of-percentiles total
logistic_motion_logistic_anomaly,warmup,malformed_json_receiver,reject,malformed_message,local_admission_checks,29,0.0,0.0,0.0,0.0,0,"Measured local authorization/binding/consumption calls, excluding nested credential verification.",per-observation exclusive interval; no sum-of-percentiles total
logistic_motion_logistic_anomaly,warmup,malformed_json_receiver,reject,malformed_message,model_input_preprocessing,29,0.0,0.0,0.0,0.0,0,Shared model-input preparation; model-specific normalization remains in consumer timing.,per-observation exclusive interval; no sum-of-percentiles total
logistic_motion_logistic_anomaly,warmup,malformed_json_receiver,reject,malformed_message,motion_consumer,29,0.0,0.0,0.0,0.0,0,Motion consumer including normalization/tensor preparation/prediction decoding.,per-observation exclusive interval; no sum-of-percentiles total
logistic_motion_logistic_anomaly,warmup,malformed_json_receiver,reject,malformed_message,outer_orchestration_unisolated,29,0.0091,0.01182,0.012691999999999998,0.013,29,Direct root/first-post-window remainder outside named child spans.,per-observation exclusive interval; no sum-of-percentiles total
logistic_motion_logistic_anomaly,warmup,malformed_json_receiver,reject,malformed_message,receiver_binding_sequence_state_unisolated,29,0.046,0.06236,0.06552,0.0665,29,"Verifier remainder including binding, sequence checks, locks/state publication and observer work; NOT isolated sequence latency.",per-observation exclusive interval; no sum-of-percentiles total
logistic_motion_logistic_anomaly,warmup,malformed_json_receiver,reject,malformed_message,receiver_parsing,29,0.0407,0.05127999999999999,0.053752,0.0542,29,Envelope and binary parser call.,per-observation exclusive interval; no sum-of-percentiles total
logistic_motion_logistic_anomaly,warmup,malformed_json_receiver,reject,malformed_message,receiver_quality_check,29,0.0,0.0,0.0,0.0,0,Verifier quality-check call.,per-observation exclusive interval; no sum-of-percentiles total
logistic_motion_logistic_anomaly,warmup,malformed_json_receiver,reject,malformed_message,receiver_window_hmac,29,0.0,0.0,0.0,0.0,0,"Recorded verifier window-tag calculation, not complete authentication.",per-observation exclusive interval; no sum-of-percentiles total
logistic_motion_logistic_anomaly,warmup,malformed_json_receiver,reject,malformed_message,reconstruction,29,0.0,0.0,0.0,0.0,0,Actual recorded BCH reconstruction; includes any observer/GC delay.,per-observation exclusive interval; no sum-of-percentiles total
logistic_motion_logistic_anomaly,warmup,malformed_json_receiver,reject,malformed_message,release_conversion_unisolated,29,0.0,0.0,0.0,0.0,0,Accepted release remainder including conversion/dispatch/observer work outside consumer children.,per-observation exclusive interval; no sum-of-percentiles total
logistic_motion_logistic_anomaly,warmup,malformed_json_receiver,reject,malformed_message,sender_binding_unisolated,29,0.0,0.0,0.0,0.0,0,Sender seal remainder: binding/state/orchestration/observer work not separately timed.,per-observation exclusive interval; no sum-of-percentiles total
logistic_motion_logistic_anomaly,warmup,malformed_json_receiver,reject,malformed_message,sender_serialization_and_quality,29,0.0,0.0,0.0,0.0,0,Sender serialization including its quality validation; not separately timed.,per-observation exclusive interval; no sum-of-percentiles total
logistic_motion_logistic_anomaly,warmup,malformed_json_receiver,reject,malformed_message,sender_window_hmac,29,0.0,0.0,0.0,0.0,0,Recorded window-tag generation call.,per-observation exclusive interval; no sum-of-percentiles total
logistic_motion_logistic_anomaly,warmup,malformed_json_receiver,reject,malformed_message,session_establishment_unisolated,29,0.0,0.0,0.0,0.0,0,"Handshake/request/activation remainder, including unseparated HKDF/confirmation work and observer cost.",per-observation exclusive interval; no sum-of-percentiles total
logistic_motion_logistic_anomaly,warmup,malformed_json_receiver,reject,malformed_message,simulated_response_read,29,0.0,0.0,0.0,0.0,0,"Modeled response generation, not physical acquisition.",per-observation exclusive interval; no sum-of-percentiles total
logistic_motion_logistic_anomaly,warmup,post_window_after_refusals,accept,accepted,admission_orchestration_unisolated,29,0.0,0.0,0.0,0.0,0,Admission orchestration remainder not covered by named children.,per-observation exclusive interval; no sum-of-percentiles total
logistic_motion_logistic_anomaly,warmup,post_window_after_refusals,accept,accepted,anomaly_consumer,29,0.4643,0.59226,0.608028,0.6122,29,Anomaly consumer including feature scaling and frozen-threshold decision.,per-observation exclusive interval; no sum-of-percentiles total
logistic_motion_logistic_anomaly,warmup,post_window_after_refusals,accept,accepted,binary32_adapter,29,1.2272,1.52232,1.552176,1.5608,29,Canonical binary32 input adaptation before sender sealing.,per-observation exclusive interval; no sum-of-percentiles total
logistic_motion_logistic_anomaly,warmup,post_window_after_refusals,accept,accepted,credential_verification,29,0.0,0.0,0.0,0.0,0,Recorded independent credential-verification call(s).,per-observation exclusive interval; no sum-of-percentiles total
logistic_motion_logistic_anomaly,warmup,post_window_after_refusals,accept,accepted,in_memory_audit_measured,29,0.0879,0.11718,0.118964,0.1193,29,"Recorded audit record/prepare/commit spans, exclusive of their children; not all audit-related overhead and not durable storage.",per-observation exclusive interval; no sum-of-percentiles total
logistic_motion_logistic_anomaly,warmup,post_window_after_refusals,accept,accepted,local_admission_checks,29,0.0,0.0,0.0,0.0,0,"Measured local authorization/binding/consumption calls, excluding nested credential verification.",per-observation exclusive interval; no sum-of-percentiles total
logistic_motion_logistic_anomaly,warmup,post_window_after_refusals,accept,accepted,model_input_preprocessing,29,4.1151,4.93488,5.207608,5.3123,29,Shared model-input preparation; model-specific normalization remains in consumer timing.,per-observation exclusive interval; no sum-of-percentiles total
logistic_motion_logistic_anomaly,warmup,post_window_after_refusals,accept,accepted,motion_consumer,29,0.772,0.92702,0.9355,0.9383,29,Motion consumer including normalization/tensor preparation/prediction decoding.,per-observation exclusive interval; no sum-of-percentiles total
logistic_motion_logistic_anomaly,warmup,post_window_after_refusals,accept,accepted,outer_orchestration_unisolated,29,0.094,0.13149999999999998,0.140484,0.1425,29,Direct root/first-post-window remainder outside named child spans.,per-observation exclusive interval; no sum-of-percentiles total
logistic_motion_logistic_anomaly,warmup,post_window_after_refusals,accept,accepted,receiver_binding_sequence_state_unisolated,29,0.1121,0.13476,0.15323999999999996,0.1594,29,"Verifier remainder including binding, sequence checks, locks/state publication and observer work; NOT isolated sequence latency.",per-observation exclusive interval; no sum-of-percentiles total
logistic_motion_logistic_anomaly,warmup,post_window_after_refusals,accept,accepted,receiver_parsing,29,1.7869,2.24074,2.360588,2.4006,29,Envelope and binary parser call.,per-observation exclusive interval; no sum-of-percentiles total
logistic_motion_logistic_anomaly,warmup,post_window_after_refusals,accept,accepted,receiver_quality_check,29,0.6812,0.86034,0.9929799999999998,1.0445,29,Verifier quality-check call.,per-observation exclusive interval; no sum-of-percentiles total
logistic_motion_logistic_anomaly,warmup,post_window_after_refusals,accept,accepted,receiver_window_hmac,29,0.0233,0.028619999999999996,0.031027999999999997,0.0317,29,"Recorded verifier window-tag calculation, not complete authentication.",per-observation exclusive interval; no sum-of-percentiles total
logistic_motion_logistic_anomaly,warmup,post_window_after_refusals,accept,accepted,reconstruction,29,0.0,0.0,0.0,0.0,0,Actual recorded BCH reconstruction; includes any observer/GC delay.,per-observation exclusive interval; no sum-of-percentiles total
logistic_motion_logistic_anomaly,warmup,post_window_after_refusals,accept,accepted,release_conversion_unisolated,29,0.5966,0.81504,0.8639919999999999,0.8811,29,Accepted release remainder including conversion/dispatch/observer work outside consumer children.,per-observation exclusive interval; no sum-of-percentiles total
logistic_motion_logistic_anomaly,warmup,post_window_after_refusals,accept,accepted,sender_binding_unisolated,29,0.1378,0.17312,0.19191999999999998,0.1992,29,Sender seal remainder: binding/state/orchestration/observer work not separately timed.,per-observation exclusive interval; no sum-of-percentiles total
logistic_motion_logistic_anomaly,warmup,post_window_after_refusals,accept,accepted,sender_serialization_and_quality,29,1.2142,1.5687399999999998,1.60406,1.6042,29,Sender serialization including its quality validation; not separately timed.,per-observation exclusive interval; no sum-of-percentiles total
logistic_motion_logistic_anomaly,warmup,post_window_after_refusals,accept,accepted,sender_window_hmac,29,0.0338,0.04638,0.047204,0.0474,29,Recorded window-tag generation call.,per-observation exclusive interval; no sum-of-percentiles total
logistic_motion_logistic_anomaly,warmup,post_window_after_refusals,accept,accepted,session_establishment_unisolated,29,0.0,0.0,0.0,0.0,0,"Handshake/request/activation remainder, including unseparated HKDF/confirmation work and observer cost.",per-observation exclusive interval; no sum-of-percentiles total
logistic_motion_logistic_anomaly,warmup,post_window_after_refusals,accept,accepted,simulated_response_read,29,0.0,0.0,0.0,0.0,0,"Modeled response generation, not physical acquisition.",per-observation exclusive interval; no sum-of-percentiles total
logistic_motion_logistic_anomaly,warmup,post_window_recurring,accept,accepted,admission_orchestration_unisolated,29,0.0,0.0,0.0,0.0,0,Admission orchestration remainder not covered by named children.,per-observation exclusive interval; no sum-of-percentiles total
logistic_motion_logistic_anomaly,warmup,post_window_recurring,accept,accepted,anomaly_consumer,29,0.4561,0.5783399999999999,0.7392999999999997,0.7974,29,Anomaly consumer including feature scaling and frozen-threshold decision.,per-observation exclusive interval; no sum-of-percentiles total
logistic_motion_logistic_anomaly,warmup,post_window_recurring,accept,accepted,binary32_adapter,29,1.2538,1.54858,1.556532,1.5588,29,Canonical binary32 input adaptation before sender sealing.,per-observation exclusive interval; no sum-of-percentiles total
logistic_motion_logistic_anomaly,warmup,post_window_recurring,accept,accepted,credential_verification,29,0.0,0.0,0.0,0.0,0,Recorded independent credential-verification call(s).,per-observation exclusive interval; no sum-of-percentiles total
logistic_motion_logistic_anomaly,warmup,post_window_recurring,accept,accepted,in_memory_audit_measured,29,0.1162,0.14448,0.14932,0.151,29,"Recorded audit record/prepare/commit spans, exclusive of their children; not all audit-related overhead and not durable storage.",per-observation exclusive interval; no sum-of-percentiles total
logistic_motion_logistic_anomaly,warmup,post_window_recurring,accept,accepted,local_admission_checks,29,0.0,0.0,0.0,0.0,0,"Measured local authorization/binding/consumption calls, excluding nested credential verification.",per-observation exclusive interval; no sum-of-percentiles total
logistic_motion_logistic_anomaly,warmup,post_window_recurring,accept,accepted,model_input_preprocessing,29,4.0706,4.92352,4.971544,4.9856,29,Shared model-input preparation; model-specific normalization remains in consumer timing.,per-observation exclusive interval; no sum-of-percentiles total
logistic_motion_logistic_anomaly,warmup,post_window_recurring,accept,accepted,motion_consumer,29,0.7246,0.87922,0.889364,0.8925,29,Motion consumer including normalization/tensor preparation/prediction decoding.,per-observation exclusive interval; no sum-of-percentiles total
logistic_motion_logistic_anomaly,warmup,post_window_recurring,accept,accepted,outer_orchestration_unisolated,29,0.0989,0.14642,0.153444,0.1556,29,Direct root/first-post-window remainder outside named child spans.,per-observation exclusive interval; no sum-of-percentiles total
logistic_motion_logistic_anomaly,warmup,post_window_recurring,accept,accepted,receiver_binding_sequence_state_unisolated,29,0.1037,0.13328,0.18883999999999992,0.2104,29,"Verifier remainder including binding, sequence checks, locks/state publication and observer work; NOT isolated sequence latency.",per-observation exclusive interval; no sum-of-percentiles total
logistic_motion_logistic_anomaly,warmup,post_window_recurring,accept,accepted,receiver_parsing,29,1.7645,2.25018,2.320996,2.3411,29,Envelope and binary parser call.,per-observation exclusive interval; no sum-of-percentiles total
logistic_motion_logistic_anomaly,warmup,post_window_recurring,accept,accepted,receiver_quality_check,29,0.6731,0.8560799999999998,0.876744,0.8803,29,Verifier quality-check call.,per-observation exclusive interval; no sum-of-percentiles total
logistic_motion_logistic_anomaly,warmup,post_window_recurring,accept,accepted,receiver_window_hmac,29,0.0215,0.029939999999999998,0.037307999999999994,0.0398,29,"Recorded verifier window-tag calculation, not complete authentication.",per-observation exclusive interval; no sum-of-percentiles total
logistic_motion_logistic_anomaly,warmup,post_window_recurring,accept,accepted,reconstruction,29,0.0,0.0,0.0,0.0,0,Actual recorded BCH reconstruction; includes any observer/GC delay.,per-observation exclusive interval; no sum-of-percentiles total
logistic_motion_logistic_anomaly,warmup,post_window_recurring,accept,accepted,release_conversion_unisolated,29,0.5878,0.7593799999999998,0.8461479999999999,0.8723,29,Accepted release remainder including conversion/dispatch/observer work outside consumer children.,per-observation exclusive interval; no sum-of-percentiles total
logistic_motion_logistic_anomaly,warmup,post_window_recurring,accept,accepted,sender_binding_unisolated,29,0.1639,0.21341999999999997,0.217492,0.2178,29,Sender seal remainder: binding/state/orchestration/observer work not separately timed.,per-observation exclusive interval; no sum-of-percentiles total
logistic_motion_logistic_anomaly,warmup,post_window_recurring,accept,accepted,sender_serialization_and_quality,29,1.2528,1.52584,1.596584,1.6231,29,Sender serialization including its quality validation; not separately timed.,per-observation exclusive interval; no sum-of-percentiles total
logistic_motion_logistic_anomaly,warmup,post_window_recurring,accept,accepted,sender_window_hmac,29,0.0304,0.04456,0.04883199999999999,0.0504,29,Recorded window-tag generation call.,per-observation exclusive interval; no sum-of-percentiles total
logistic_motion_logistic_anomaly,warmup,post_window_recurring,accept,accepted,session_establishment_unisolated,29,0.0,0.0,0.0,0.0,0,"Handshake/request/activation remainder, including unseparated HKDF/confirmation work and observer cost.",per-observation exclusive interval; no sum-of-percentiles total
logistic_motion_logistic_anomaly,warmup,post_window_recurring,accept,accepted,simulated_response_read,29,0.0,0.0,0.0,0.0,0,"Modeled response generation, not physical acquisition.",per-observation exclusive interval; no sum-of-percentiles total
logistic_motion_logistic_anomaly,warmup,pre_tag_quality_refusal,reject,data_quality_failure,admission_orchestration_unisolated,29,0.0,0.0,0.0,0.0,0,Admission orchestration remainder not covered by named children.,per-observation exclusive interval; no sum-of-percentiles total
logistic_motion_logistic_anomaly,warmup,pre_tag_quality_refusal,reject,data_quality_failure,anomaly_consumer,29,0.0,0.0,0.0,0.0,0,Anomaly consumer including feature scaling and frozen-threshold decision.,per-observation exclusive interval; no sum-of-percentiles total
logistic_motion_logistic_anomaly,warmup,pre_tag_quality_refusal,reject,data_quality_failure,binary32_adapter,29,1.2681,1.55982,1.610476,1.6275,29,Canonical binary32 input adaptation before sender sealing.,per-observation exclusive interval; no sum-of-percentiles total
logistic_motion_logistic_anomaly,warmup,pre_tag_quality_refusal,reject,data_quality_failure,credential_verification,29,0.0,0.0,0.0,0.0,0,Recorded independent credential-verification call(s).,per-observation exclusive interval; no sum-of-percentiles total
logistic_motion_logistic_anomaly,warmup,pre_tag_quality_refusal,reject,data_quality_failure,in_memory_audit_measured,29,0.0606,0.07529999999999999,0.081404,0.083,29,"Recorded audit record/prepare/commit spans, exclusive of their children; not all audit-related overhead and not durable storage.",per-observation exclusive interval; no sum-of-percentiles total
logistic_motion_logistic_anomaly,warmup,pre_tag_quality_refusal,reject,data_quality_failure,local_admission_checks,29,0.0,0.0,0.0,0.0,0,"Measured local authorization/binding/consumption calls, excluding nested credential verification.",per-observation exclusive interval; no sum-of-percentiles total
logistic_motion_logistic_anomaly,warmup,pre_tag_quality_refusal,reject,data_quality_failure,model_input_preprocessing,29,0.0,0.0,0.0,0.0,0,Shared model-input preparation; model-specific normalization remains in consumer timing.,per-observation exclusive interval; no sum-of-percentiles total
logistic_motion_logistic_anomaly,warmup,pre_tag_quality_refusal,reject,data_quality_failure,motion_consumer,29,0.0,0.0,0.0,0.0,0,Motion consumer including normalization/tensor preparation/prediction decoding.,per-observation exclusive interval; no sum-of-percentiles total
logistic_motion_logistic_anomaly,warmup,pre_tag_quality_refusal,reject,data_quality_failure,outer_orchestration_unisolated,29,0.0597,0.06872,0.073048,0.0747,29,Direct root/first-post-window remainder outside named child spans.,per-observation exclusive interval; no sum-of-percentiles total
logistic_motion_logistic_anomaly,warmup,pre_tag_quality_refusal,reject,data_quality_failure,receiver_binding_sequence_state_unisolated,29,0.0,0.0,0.0,0.0,0,"Verifier remainder including binding, sequence checks, locks/state publication and observer work; NOT isolated sequence latency.",per-observation exclusive interval; no sum-of-percentiles total
logistic_motion_logistic_anomaly,warmup,pre_tag_quality_refusal,reject,data_quality_failure,receiver_parsing,29,0.0,0.0,0.0,0.0,0,Envelope and binary parser call.,per-observation exclusive interval; no sum-of-percentiles total
logistic_motion_logistic_anomaly,warmup,pre_tag_quality_refusal,reject,data_quality_failure,receiver_quality_check,29,0.0,0.0,0.0,0.0,0,Verifier quality-check call.,per-observation exclusive interval; no sum-of-percentiles total
logistic_motion_logistic_anomaly,warmup,pre_tag_quality_refusal,reject,data_quality_failure,receiver_window_hmac,29,0.0,0.0,0.0,0.0,0,"Recorded verifier window-tag calculation, not complete authentication.",per-observation exclusive interval; no sum-of-percentiles total
logistic_motion_logistic_anomaly,warmup,pre_tag_quality_refusal,reject,data_quality_failure,reconstruction,29,0.0,0.0,0.0,0.0,0,Actual recorded BCH reconstruction; includes any observer/GC delay.,per-observation exclusive interval; no sum-of-percentiles total
logistic_motion_logistic_anomaly,warmup,pre_tag_quality_refusal,reject,data_quality_failure,release_conversion_unisolated,29,0.0,0.0,0.0,0.0,0,Accepted release remainder including conversion/dispatch/observer work outside consumer children.,per-observation exclusive interval; no sum-of-percentiles total
logistic_motion_logistic_anomaly,warmup,pre_tag_quality_refusal,reject,data_quality_failure,sender_binding_unisolated,29,0.0862,0.10597999999999999,0.112652,0.1145,29,Sender seal remainder: binding/state/orchestration/observer work not separately timed.,per-observation exclusive interval; no sum-of-percentiles total
logistic_motion_logistic_anomaly,warmup,pre_tag_quality_refusal,reject,data_quality_failure,sender_serialization_and_quality,29,0.5641,0.71346,0.8688839999999998,0.9255,29,Sender serialization including its quality validation; not separately timed.,per-observation exclusive interval; no sum-of-percentiles total
logistic_motion_logistic_anomaly,warmup,pre_tag_quality_refusal,reject,data_quality_failure,sender_window_hmac,29,0.0,0.0,0.0,0.0,0,Recorded window-tag generation call.,per-observation exclusive interval; no sum-of-percentiles total
logistic_motion_logistic_anomaly,warmup,pre_tag_quality_refusal,reject,data_quality_failure,session_establishment_unisolated,29,0.0,0.0,0.0,0.0,0,"Handshake/request/activation remainder, including unseparated HKDF/confirmation work and observer cost.",per-observation exclusive interval; no sum-of-percentiles total
logistic_motion_logistic_anomaly,warmup,pre_tag_quality_refusal,reject,data_quality_failure,simulated_response_read,29,0.0,0.0,0.0,0.0,0,"Modeled response generation, not physical acquisition.",per-observation exclusive interval; no sum-of-percentiles total
logistic_motion_logistic_anomaly,warmup,valid_receiver_after_bad_tag,accept,accepted,admission_orchestration_unisolated,29,0.0,0.0,0.0,0.0,0,Admission orchestration remainder not covered by named children.,per-observation exclusive interval; no sum-of-percentiles total
logistic_motion_logistic_anomaly,warmup,valid_receiver_after_bad_tag,accept,accepted,anomaly_consumer,29,0.4576,0.58708,0.6833599999999999,0.7206,29,Anomaly consumer including feature scaling and frozen-threshold decision.,per-observation exclusive interval; no sum-of-percentiles total
logistic_motion_logistic_anomaly,warmup,valid_receiver_after_bad_tag,accept,accepted,binary32_adapter,29,0.0,0.0,0.0,0.0,0,Canonical binary32 input adaptation before sender sealing.,per-observation exclusive interval; no sum-of-percentiles total
logistic_motion_logistic_anomaly,warmup,valid_receiver_after_bad_tag,accept,accepted,credential_verification,29,0.0,0.0,0.0,0.0,0,Recorded independent credential-verification call(s).,per-observation exclusive interval; no sum-of-percentiles total
logistic_motion_logistic_anomaly,warmup,valid_receiver_after_bad_tag,accept,accepted,in_memory_audit_measured,29,0.0486,0.0641,0.07106799999999999,0.0737,29,"Recorded audit record/prepare/commit spans, exclusive of their children; not all audit-related overhead and not durable storage.",per-observation exclusive interval; no sum-of-percentiles total
logistic_motion_logistic_anomaly,warmup,valid_receiver_after_bad_tag,accept,accepted,local_admission_checks,29,0.0,0.0,0.0,0.0,0,"Measured local authorization/binding/consumption calls, excluding nested credential verification.",per-observation exclusive interval; no sum-of-percentiles total
logistic_motion_logistic_anomaly,warmup,valid_receiver_after_bad_tag,accept,accepted,model_input_preprocessing,29,4.0159,5.0121,5.124572,5.1428,29,Shared model-input preparation; model-specific normalization remains in consumer timing.,per-observation exclusive interval; no sum-of-percentiles total
logistic_motion_logistic_anomaly,warmup,valid_receiver_after_bad_tag,accept,accepted,motion_consumer,29,0.7288,0.93992,0.977616,0.9896,29,Motion consumer including normalization/tensor preparation/prediction decoding.,per-observation exclusive interval; no sum-of-percentiles total
logistic_motion_logistic_anomaly,warmup,valid_receiver_after_bad_tag,accept,accepted,outer_orchestration_unisolated,29,0.024,0.03196,0.032288,0.0324,29,Direct root/first-post-window remainder outside named child spans.,per-observation exclusive interval; no sum-of-percentiles total
logistic_motion_logistic_anomaly,warmup,valid_receiver_after_bad_tag,accept,accepted,receiver_binding_sequence_state_unisolated,29,0.1016,0.12761999999999998,0.139812,0.1432,29,"Verifier remainder including binding, sequence checks, locks/state publication and observer work; NOT isolated sequence latency.",per-observation exclusive interval; no sum-of-percentiles total
logistic_motion_logistic_anomaly,warmup,valid_receiver_after_bad_tag,accept,accepted,receiver_parsing,29,1.6099,2.01662,2.043684,2.0492,29,Envelope and binary parser call.,per-observation exclusive interval; no sum-of-percentiles total
logistic_motion_logistic_anomaly,warmup,valid_receiver_after_bad_tag,accept,accepted,receiver_quality_check,29,0.7002,0.88568,0.90304,0.9071,29,Verifier quality-check call.,per-observation exclusive interval; no sum-of-percentiles total
logistic_motion_logistic_anomaly,warmup,valid_receiver_after_bad_tag,accept,accepted,receiver_window_hmac,29,0.0223,0.029959999999999994,0.032568,0.0331,29,"Recorded verifier window-tag calculation, not complete authentication.",per-observation exclusive interval; no sum-of-percentiles total
logistic_motion_logistic_anomaly,warmup,valid_receiver_after_bad_tag,accept,accepted,reconstruction,29,0.0,0.0,0.0,0.0,0,Actual recorded BCH reconstruction; includes any observer/GC delay.,per-observation exclusive interval; no sum-of-percentiles total
logistic_motion_logistic_anomaly,warmup,valid_receiver_after_bad_tag,accept,accepted,release_conversion_unisolated,29,0.5901,0.75558,0.760788,0.7616,29,Accepted release remainder including conversion/dispatch/observer work outside consumer children.,per-observation exclusive interval; no sum-of-percentiles total
logistic_motion_logistic_anomaly,warmup,valid_receiver_after_bad_tag,accept,accepted,sender_binding_unisolated,29,0.0,0.0,0.0,0.0,0,Sender seal remainder: binding/state/orchestration/observer work not separately timed.,per-observation exclusive interval; no sum-of-percentiles total
logistic_motion_logistic_anomaly,warmup,valid_receiver_after_bad_tag,accept,accepted,sender_serialization_and_quality,29,0.0,0.0,0.0,0.0,0,Sender serialization including its quality validation; not separately timed.,per-observation exclusive interval; no sum-of-percentiles total
logistic_motion_logistic_anomaly,warmup,valid_receiver_after_bad_tag,accept,accepted,sender_window_hmac,29,0.0,0.0,0.0,0.0,0,Recorded window-tag generation call.,per-observation exclusive interval; no sum-of-percentiles total
logistic_motion_logistic_anomaly,warmup,valid_receiver_after_bad_tag,accept,accepted,session_establishment_unisolated,29,0.0,0.0,0.0,0.0,0,"Handshake/request/activation remainder, including unseparated HKDF/confirmation work and observer cost.",per-observation exclusive interval; no sum-of-percentiles total
logistic_motion_logistic_anomaly,warmup,valid_receiver_after_bad_tag,accept,accepted,simulated_response_read,29,0.0,0.0,0.0,0.0,0,"Modeled response generation, not physical acquisition.",per-observation exclusive interval; no sum-of-percentiles total
snn32_seed7_forest_anomaly,condition_first_use,bad_tag_receiver,reject,invalid_tag,admission_orchestration_unisolated,1,0.0,0.0,0.0,0.0,0,Admission orchestration remainder not covered by named children.,per-observation exclusive interval; no sum-of-percentiles total
snn32_seed7_forest_anomaly,condition_first_use,bad_tag_receiver,reject,invalid_tag,anomaly_consumer,1,0.0,0.0,0.0,0.0,0,Anomaly consumer including feature scaling and frozen-threshold decision.,per-observation exclusive interval; no sum-of-percentiles total
snn32_seed7_forest_anomaly,condition_first_use,bad_tag_receiver,reject,invalid_tag,binary32_adapter,1,0.0,0.0,0.0,0.0,0,Canonical binary32 input adaptation before sender sealing.,per-observation exclusive interval; no sum-of-percentiles total
snn32_seed7_forest_anomaly,condition_first_use,bad_tag_receiver,reject,invalid_tag,credential_verification,1,0.0,0.0,0.0,0.0,0,Recorded independent credential-verification call(s).,per-observation exclusive interval; no sum-of-percentiles total
snn32_seed7_forest_anomaly,condition_first_use,bad_tag_receiver,reject,invalid_tag,in_memory_audit_measured,1,0.0402,0.0402,0.0402,0.0402,1,"Recorded audit record/prepare/commit spans, exclusive of their children; not all audit-related overhead and not durable storage.",per-observation exclusive interval; no sum-of-percentiles total
snn32_seed7_forest_anomaly,condition_first_use,bad_tag_receiver,reject,invalid_tag,local_admission_checks,1,0.0,0.0,0.0,0.0,0,"Measured local authorization/binding/consumption calls, excluding nested credential verification.",per-observation exclusive interval; no sum-of-percentiles total
snn32_seed7_forest_anomaly,condition_first_use,bad_tag_receiver,reject,invalid_tag,model_input_preprocessing,1,0.0,0.0,0.0,0.0,0,Shared model-input preparation; model-specific normalization remains in consumer timing.,per-observation exclusive interval; no sum-of-percentiles total
snn32_seed7_forest_anomaly,condition_first_use,bad_tag_receiver,reject,invalid_tag,motion_consumer,1,0.0,0.0,0.0,0.0,0,Motion consumer including normalization/tensor preparation/prediction decoding.,per-observation exclusive interval; no sum-of-percentiles total
snn32_seed7_forest_anomaly,condition_first_use,bad_tag_receiver,reject,invalid_tag,outer_orchestration_unisolated,1,0.0126,0.0126,0.0126,0.0126,1,Direct root/first-post-window remainder outside named child spans.,per-observation exclusive interval; no sum-of-percentiles total
snn32_seed7_forest_anomaly,condition_first_use,bad_tag_receiver,reject,invalid_tag,receiver_binding_sequence_state_unisolated,1,0.0927,0.0927,0.0927,0.0927,1,"Verifier remainder including binding, sequence checks, locks/state publication and observer work; NOT isolated sequence latency.",per-observation exclusive interval; no sum-of-percentiles total
snn32_seed7_forest_anomaly,condition_first_use,bad_tag_receiver,reject,invalid_tag,receiver_parsing,1,1.5541,1.5541,1.5541,1.5541,1,Envelope and binary parser call.,per-observation exclusive interval; no sum-of-percentiles total
snn32_seed7_forest_anomaly,condition_first_use,bad_tag_receiver,reject,invalid_tag,receiver_quality_check,1,0.0,0.0,0.0,0.0,0,Verifier quality-check call.,per-observation exclusive interval; no sum-of-percentiles total
snn32_seed7_forest_anomaly,condition_first_use,bad_tag_receiver,reject,invalid_tag,receiver_window_hmac,1,0.0193,0.0193,0.0193,0.0193,1,"Recorded verifier window-tag calculation, not complete authentication.",per-observation exclusive interval; no sum-of-percentiles total
snn32_seed7_forest_anomaly,condition_first_use,bad_tag_receiver,reject,invalid_tag,reconstruction,1,0.0,0.0,0.0,0.0,0,Actual recorded BCH reconstruction; includes any observer/GC delay.,per-observation exclusive interval; no sum-of-percentiles total
snn32_seed7_forest_anomaly,condition_first_use,bad_tag_receiver,reject,invalid_tag,release_conversion_unisolated,1,0.0,0.0,0.0,0.0,0,Accepted release remainder including conversion/dispatch/observer work outside consumer children.,per-observation exclusive interval; no sum-of-percentiles total
snn32_seed7_forest_anomaly,condition_first_use,bad_tag_receiver,reject,invalid_tag,sender_binding_unisolated,1,0.0,0.0,0.0,0.0,0,Sender seal remainder: binding/state/orchestration/observer work not separately timed.,per-observation exclusive interval; no sum-of-percentiles total
snn32_seed7_forest_anomaly,condition_first_use,bad_tag_receiver,reject,invalid_tag,sender_serialization_and_quality,1,0.0,0.0,0.0,0.0,0,Sender serialization including its quality validation; not separately timed.,per-observation exclusive interval; no sum-of-percentiles total
snn32_seed7_forest_anomaly,condition_first_use,bad_tag_receiver,reject,invalid_tag,sender_window_hmac,1,0.0,0.0,0.0,0.0,0,Recorded window-tag generation call.,per-observation exclusive interval; no sum-of-percentiles total
snn32_seed7_forest_anomaly,condition_first_use,bad_tag_receiver,reject,invalid_tag,session_establishment_unisolated,1,0.0,0.0,0.0,0.0,0,"Handshake/request/activation remainder, including unseparated HKDF/confirmation work and observer cost.",per-observation exclusive interval; no sum-of-percentiles total
snn32_seed7_forest_anomaly,condition_first_use,bad_tag_receiver,reject,invalid_tag,simulated_response_read,1,0.0,0.0,0.0,0.0,0,"Modeled response generation, not physical acquisition.",per-observation exclusive interval; no sum-of-percentiles total
snn32_seed7_forest_anomaly,condition_first_use,exact_replay_receiver,reject,duplicate_sequence,admission_orchestration_unisolated,1,0.0,0.0,0.0,0.0,0,Admission orchestration remainder not covered by named children.,per-observation exclusive interval; no sum-of-percentiles total
snn32_seed7_forest_anomaly,condition_first_use,exact_replay_receiver,reject,duplicate_sequence,anomaly_consumer,1,0.0,0.0,0.0,0.0,0,Anomaly consumer including feature scaling and frozen-threshold decision.,per-observation exclusive interval; no sum-of-percentiles total
snn32_seed7_forest_anomaly,condition_first_use,exact_replay_receiver,reject,duplicate_sequence,binary32_adapter,1,0.0,0.0,0.0,0.0,0,Canonical binary32 input adaptation before sender sealing.,per-observation exclusive interval; no sum-of-percentiles total
snn32_seed7_forest_anomaly,condition_first_use,exact_replay_receiver,reject,duplicate_sequence,credential_verification,1,0.0,0.0,0.0,0.0,0,Recorded independent credential-verification call(s).,per-observation exclusive interval; no sum-of-percentiles total
snn32_seed7_forest_anomaly,condition_first_use,exact_replay_receiver,reject,duplicate_sequence,in_memory_audit_measured,1,0.0687,0.0687,0.0687,0.0687,1,"Recorded audit record/prepare/commit spans, exclusive of their children; not all audit-related overhead and not durable storage.",per-observation exclusive interval; no sum-of-percentiles total
snn32_seed7_forest_anomaly,condition_first_use,exact_replay_receiver,reject,duplicate_sequence,local_admission_checks,1,0.0,0.0,0.0,0.0,0,"Measured local authorization/binding/consumption calls, excluding nested credential verification.",per-observation exclusive interval; no sum-of-percentiles total
snn32_seed7_forest_anomaly,condition_first_use,exact_replay_receiver,reject,duplicate_sequence,model_input_preprocessing,1,0.0,0.0,0.0,0.0,0,Shared model-input preparation; model-specific normalization remains in consumer timing.,per-observation exclusive interval; no sum-of-percentiles total
snn32_seed7_forest_anomaly,condition_first_use,exact_replay_receiver,reject,duplicate_sequence,motion_consumer,1,0.0,0.0,0.0,0.0,0,Motion consumer including normalization/tensor preparation/prediction decoding.,per-observation exclusive interval; no sum-of-percentiles total
snn32_seed7_forest_anomaly,condition_first_use,exact_replay_receiver,reject,duplicate_sequence,outer_orchestration_unisolated,1,0.014,0.014,0.014,0.014,1,Direct root/first-post-window remainder outside named child spans.,per-observation exclusive interval; no sum-of-percentiles total
snn32_seed7_forest_anomaly,condition_first_use,exact_replay_receiver,reject,duplicate_sequence,receiver_binding_sequence_state_unisolated,1,0.1464,0.1464,0.1464,0.1464,1,"Verifier remainder including binding, sequence checks, locks/state publication and observer work; NOT isolated sequence latency.",per-observation exclusive interval; no sum-of-percentiles total
snn32_seed7_forest_anomaly,condition_first_use,exact_replay_receiver,reject,duplicate_sequence,receiver_parsing,1,1.7974,1.7974,1.7974,1.7974,1,Envelope and binary parser call.,per-observation exclusive interval; no sum-of-percentiles total
snn32_seed7_forest_anomaly,condition_first_use,exact_replay_receiver,reject,duplicate_sequence,receiver_quality_check,1,0.7362,0.7362,0.7362,0.7362,1,Verifier quality-check call.,per-observation exclusive interval; no sum-of-percentiles total
snn32_seed7_forest_anomaly,condition_first_use,exact_replay_receiver,reject,duplicate_sequence,receiver_window_hmac,1,0.0282,0.0282,0.0282,0.0282,1,"Recorded verifier window-tag calculation, not complete authentication.",per-observation exclusive interval; no sum-of-percentiles total
snn32_seed7_forest_anomaly,condition_first_use,exact_replay_receiver,reject,duplicate_sequence,reconstruction,1,0.0,0.0,0.0,0.0,0,Actual recorded BCH reconstruction; includes any observer/GC delay.,per-observation exclusive interval; no sum-of-percentiles total
snn32_seed7_forest_anomaly,condition_first_use,exact_replay_receiver,reject,duplicate_sequence,release_conversion_unisolated,1,0.0,0.0,0.0,0.0,0,Accepted release remainder including conversion/dispatch/observer work outside consumer children.,per-observation exclusive interval; no sum-of-percentiles total
snn32_seed7_forest_anomaly,condition_first_use,exact_replay_receiver,reject,duplicate_sequence,sender_binding_unisolated,1,0.0,0.0,0.0,0.0,0,Sender seal remainder: binding/state/orchestration/observer work not separately timed.,per-observation exclusive interval; no sum-of-percentiles total
snn32_seed7_forest_anomaly,condition_first_use,exact_replay_receiver,reject,duplicate_sequence,sender_serialization_and_quality,1,0.0,0.0,0.0,0.0,0,Sender serialization including its quality validation; not separately timed.,per-observation exclusive interval; no sum-of-percentiles total
snn32_seed7_forest_anomaly,condition_first_use,exact_replay_receiver,reject,duplicate_sequence,sender_window_hmac,1,0.0,0.0,0.0,0.0,0,Recorded window-tag generation call.,per-observation exclusive interval; no sum-of-percentiles total
snn32_seed7_forest_anomaly,condition_first_use,exact_replay_receiver,reject,duplicate_sequence,session_establishment_unisolated,1,0.0,0.0,0.0,0.0,0,"Handshake/request/activation remainder, including unseparated HKDF/confirmation work and observer cost.",per-observation exclusive interval; no sum-of-percentiles total
snn32_seed7_forest_anomaly,condition_first_use,exact_replay_receiver,reject,duplicate_sequence,simulated_response_read,1,0.0,0.0,0.0,0.0,0,"Modeled response generation, not physical acquisition.",per-observation exclusive interval; no sum-of-percentiles total
snn32_seed7_forest_anomaly,condition_first_use,fresh_to_first_window,accept,accepted,admission_orchestration_unisolated,1,0.0784,0.0784,0.0784,0.0784,1,Admission orchestration remainder not covered by named children.,per-observation exclusive interval; no sum-of-percentiles total
snn32_seed7_forest_anomaly,condition_first_use,fresh_to_first_window,accept,accepted,anomaly_consumer,1,13.6359,13.6359,13.6359,13.6359,1,Anomaly consumer including feature scaling and frozen-threshold decision.,per-observation exclusive interval; no sum-of-percentiles total
snn32_seed7_forest_anomaly,condition_first_use,fresh_to_first_window,accept,accepted,binary32_adapter,1,4.1872,4.1872,4.1872,4.1872,1,Canonical binary32 input adaptation before sender sealing.,per-observation exclusive interval; no sum-of-percentiles total
snn32_seed7_forest_anomaly,condition_first_use,fresh_to_first_window,accept,accepted,credential_verification,1,0.0823,0.0823,0.0823,0.0823,1,Recorded independent credential-verification call(s).,per-observation exclusive interval; no sum-of-percentiles total
snn32_seed7_forest_anomaly,condition_first_use,fresh_to_first_window,accept,accepted,in_memory_audit_measured,1,0.2485,0.2485,0.2485,0.2485,1,"Recorded audit record/prepare/commit spans, exclusive of their children; not all audit-related overhead and not durable storage.",per-observation exclusive interval; no sum-of-percentiles total
snn32_seed7_forest_anomaly,condition_first_use,fresh_to_first_window,accept,accepted,local_admission_checks,1,0.1004,0.1004,0.1004,0.1004,1,"Measured local authorization/binding/consumption calls, excluding nested credential verification.",per-observation exclusive interval; no sum-of-percentiles total
snn32_seed7_forest_anomaly,condition_first_use,fresh_to_first_window,accept,accepted,model_input_preprocessing,1,3.6573,3.6573,3.6573,3.6573,1,Shared model-input preparation; model-specific normalization remains in consumer timing.,per-observation exclusive interval; no sum-of-percentiles total
snn32_seed7_forest_anomaly,condition_first_use,fresh_to_first_window,accept,accepted,motion_consumer,1,13.7261,13.7261,13.7261,13.7261,1,Motion consumer including normalization/tensor preparation/prediction decoding.,per-observation exclusive interval; no sum-of-percentiles total
snn32_seed7_forest_anomaly,condition_first_use,fresh_to_first_window,accept,accepted,outer_orchestration_unisolated,1,0.1578,0.1578,0.1578,0.1578,1,Direct root/first-post-window remainder outside named child spans.,per-observation exclusive interval; no sum-of-percentiles total
snn32_seed7_forest_anomaly,condition_first_use,fresh_to_first_window,accept,accepted,receiver_binding_sequence_state_unisolated,1,0.0979,0.0979,0.0979,0.0979,1,"Verifier remainder including binding, sequence checks, locks/state publication and observer work; NOT isolated sequence latency.",per-observation exclusive interval; no sum-of-percentiles total
snn32_seed7_forest_anomaly,condition_first_use,fresh_to_first_window,accept,accepted,receiver_parsing,1,1.6458,1.6458,1.6458,1.6458,1,Envelope and binary parser call.,per-observation exclusive interval; no sum-of-percentiles total
snn32_seed7_forest_anomaly,condition_first_use,fresh_to_first_window,accept,accepted,receiver_quality_check,1,0.5856,0.5856,0.5856,0.5856,1,Verifier quality-check call.,per-observation exclusive interval; no sum-of-percentiles total
snn32_seed7_forest_anomaly,condition_first_use,fresh_to_first_window,accept,accepted,receiver_window_hmac,1,0.0202,0.0202,0.0202,0.0202,1,"Recorded verifier window-tag calculation, not complete authentication.",per-observation exclusive interval; no sum-of-percentiles total
snn32_seed7_forest_anomaly,condition_first_use,fresh_to_first_window,accept,accepted,reconstruction,1,4191.4972,4191.4972,4191.4972,4191.4972,1,Actual recorded BCH reconstruction; includes any observer/GC delay.,per-observation exclusive interval; no sum-of-percentiles total
snn32_seed7_forest_anomaly,condition_first_use,fresh_to_first_window,accept,accepted,release_conversion_unisolated,1,0.5402,0.5402,0.5402,0.5402,1,Accepted release remainder including conversion/dispatch/observer work outside consumer children.,per-observation exclusive interval; no sum-of-percentiles total
snn32_seed7_forest_anomaly,condition_first_use,fresh_to_first_window,accept,accepted,sender_binding_unisolated,1,0.1597,0.1597,0.1597,0.1597,1,Sender seal remainder: binding/state/orchestration/observer work not separately timed.,per-observation exclusive interval; no sum-of-percentiles total
snn32_seed7_forest_anomaly,condition_first_use,fresh_to_first_window,accept,accepted,sender_serialization_and_quality,1,1.1284,1.1284,1.1284,1.1284,1,Sender serialization including its quality validation; not separately timed.,per-observation exclusive interval; no sum-of-percentiles total
snn32_seed7_forest_anomaly,condition_first_use,fresh_to_first_window,accept,accepted,sender_window_hmac,1,0.0289,0.0289,0.0289,0.0289,1,Recorded window-tag generation call.,per-observation exclusive interval; no sum-of-percentiles total
snn32_seed7_forest_anomaly,condition_first_use,fresh_to_first_window,accept,accepted,session_establishment_unisolated,1,0.6577,0.6577,0.6577,0.6577,1,"Handshake/request/activation remainder, including unseparated HKDF/confirmation work and observer cost.",per-observation exclusive interval; no sum-of-percentiles total
snn32_seed7_forest_anomaly,condition_first_use,fresh_to_first_window,accept,accepted,simulated_response_read,1,0.1491,0.1491,0.1491,0.1491,1,"Modeled response generation, not physical acquisition.",per-observation exclusive interval; no sum-of-percentiles total
snn32_seed7_forest_anomaly,condition_first_use,malformed_json_receiver,reject,malformed_message,admission_orchestration_unisolated,1,0.0,0.0,0.0,0.0,0,Admission orchestration remainder not covered by named children.,per-observation exclusive interval; no sum-of-percentiles total
snn32_seed7_forest_anomaly,condition_first_use,malformed_json_receiver,reject,malformed_message,anomaly_consumer,1,0.0,0.0,0.0,0.0,0,Anomaly consumer including feature scaling and frozen-threshold decision.,per-observation exclusive interval; no sum-of-percentiles total
snn32_seed7_forest_anomaly,condition_first_use,malformed_json_receiver,reject,malformed_message,binary32_adapter,1,0.0,0.0,0.0,0.0,0,Canonical binary32 input adaptation before sender sealing.,per-observation exclusive interval; no sum-of-percentiles total
snn32_seed7_forest_anomaly,condition_first_use,malformed_json_receiver,reject,malformed_message,credential_verification,1,0.0,0.0,0.0,0.0,0,Recorded independent credential-verification call(s).,per-observation exclusive interval; no sum-of-percentiles total
snn32_seed7_forest_anomaly,condition_first_use,malformed_json_receiver,reject,malformed_message,in_memory_audit_measured,1,0.0509,0.0509,0.0509,0.0509,1,"Recorded audit record/prepare/commit spans, exclusive of their children; not all audit-related overhead and not durable storage.",per-observation exclusive interval; no sum-of-percentiles total
snn32_seed7_forest_anomaly,condition_first_use,malformed_json_receiver,reject,malformed_message,local_admission_checks,1,0.0,0.0,0.0,0.0,0,"Measured local authorization/binding/consumption calls, excluding nested credential verification.",per-observation exclusive interval; no sum-of-percentiles total
snn32_seed7_forest_anomaly,condition_first_use,malformed_json_receiver,reject,malformed_message,model_input_preprocessing,1,0.0,0.0,0.0,0.0,0,Shared model-input preparation; model-specific normalization remains in consumer timing.,per-observation exclusive interval; no sum-of-percentiles total
snn32_seed7_forest_anomaly,condition_first_use,malformed_json_receiver,reject,malformed_message,motion_consumer,1,0.0,0.0,0.0,0.0,0,Motion consumer including normalization/tensor preparation/prediction decoding.,per-observation exclusive interval; no sum-of-percentiles total
snn32_seed7_forest_anomaly,condition_first_use,malformed_json_receiver,reject,malformed_message,outer_orchestration_unisolated,1,0.009,0.009,0.009,0.009,1,Direct root/first-post-window remainder outside named child spans.,per-observation exclusive interval; no sum-of-percentiles total
snn32_seed7_forest_anomaly,condition_first_use,malformed_json_receiver,reject,malformed_message,receiver_binding_sequence_state_unisolated,1,0.048,0.048,0.048,0.048,1,"Verifier remainder including binding, sequence checks, locks/state publication and observer work; NOT isolated sequence latency.",per-observation exclusive interval; no sum-of-percentiles total
snn32_seed7_forest_anomaly,condition_first_use,malformed_json_receiver,reject,malformed_message,receiver_parsing,1,0.0382,0.0382,0.0382,0.0382,1,Envelope and binary parser call.,per-observation exclusive interval; no sum-of-percentiles total
snn32_seed7_forest_anomaly,condition_first_use,malformed_json_receiver,reject,malformed_message,receiver_quality_check,1,0.0,0.0,0.0,0.0,0,Verifier quality-check call.,per-observation exclusive interval; no sum-of-percentiles total
snn32_seed7_forest_anomaly,condition_first_use,malformed_json_receiver,reject,malformed_message,receiver_window_hmac,1,0.0,0.0,0.0,0.0,0,"Recorded verifier window-tag calculation, not complete authentication.",per-observation exclusive interval; no sum-of-percentiles total
snn32_seed7_forest_anomaly,condition_first_use,malformed_json_receiver,reject,malformed_message,reconstruction,1,0.0,0.0,0.0,0.0,0,Actual recorded BCH reconstruction; includes any observer/GC delay.,per-observation exclusive interval; no sum-of-percentiles total
snn32_seed7_forest_anomaly,condition_first_use,malformed_json_receiver,reject,malformed_message,release_conversion_unisolated,1,0.0,0.0,0.0,0.0,0,Accepted release remainder including conversion/dispatch/observer work outside consumer children.,per-observation exclusive interval; no sum-of-percentiles total
snn32_seed7_forest_anomaly,condition_first_use,malformed_json_receiver,reject,malformed_message,sender_binding_unisolated,1,0.0,0.0,0.0,0.0,0,Sender seal remainder: binding/state/orchestration/observer work not separately timed.,per-observation exclusive interval; no sum-of-percentiles total
snn32_seed7_forest_anomaly,condition_first_use,malformed_json_receiver,reject,malformed_message,sender_serialization_and_quality,1,0.0,0.0,0.0,0.0,0,Sender serialization including its quality validation; not separately timed.,per-observation exclusive interval; no sum-of-percentiles total
snn32_seed7_forest_anomaly,condition_first_use,malformed_json_receiver,reject,malformed_message,sender_window_hmac,1,0.0,0.0,0.0,0.0,0,Recorded window-tag generation call.,per-observation exclusive interval; no sum-of-percentiles total
snn32_seed7_forest_anomaly,condition_first_use,malformed_json_receiver,reject,malformed_message,session_establishment_unisolated,1,0.0,0.0,0.0,0.0,0,"Handshake/request/activation remainder, including unseparated HKDF/confirmation work and observer cost.",per-observation exclusive interval; no sum-of-percentiles total
snn32_seed7_forest_anomaly,condition_first_use,malformed_json_receiver,reject,malformed_message,simulated_response_read,1,0.0,0.0,0.0,0.0,0,"Modeled response generation, not physical acquisition.",per-observation exclusive interval; no sum-of-percentiles total
snn32_seed7_forest_anomaly,condition_first_use,post_window_after_refusals,accept,accepted,admission_orchestration_unisolated,1,0.0,0.0,0.0,0.0,0,Admission orchestration remainder not covered by named children.,per-observation exclusive interval; no sum-of-percentiles total
snn32_seed7_forest_anomaly,condition_first_use,post_window_after_refusals,accept,accepted,anomaly_consumer,1,7.5213,7.5213,7.5213,7.5213,1,Anomaly consumer including feature scaling and frozen-threshold decision.,per-observation exclusive interval; no sum-of-percentiles total
snn32_seed7_forest_anomaly,condition_first_use,post_window_after_refusals,accept,accepted,binary32_adapter,1,1.3618,1.3618,1.3618,1.3618,1,Canonical binary32 input adaptation before sender sealing.,per-observation exclusive interval; no sum-of-percentiles total
snn32_seed7_forest_anomaly,condition_first_use,post_window_after_refusals,accept,accepted,credential_verification,1,0.0,0.0,0.0,0.0,0,Recorded independent credential-verification call(s).,per-observation exclusive interval; no sum-of-percentiles total
snn32_seed7_forest_anomaly,condition_first_use,post_window_after_refusals,accept,accepted,in_memory_audit_measured,1,0.08,0.08,0.08,0.08,1,"Recorded audit record/prepare/commit spans, exclusive of their children; not all audit-related overhead and not durable storage.",per-observation exclusive interval; no sum-of-percentiles total
snn32_seed7_forest_anomaly,condition_first_use,post_window_after_refusals,accept,accepted,local_admission_checks,1,0.0,0.0,0.0,0.0,0,"Measured local authorization/binding/consumption calls, excluding nested credential verification.",per-observation exclusive interval; no sum-of-percentiles total
snn32_seed7_forest_anomaly,condition_first_use,post_window_after_refusals,accept,accepted,model_input_preprocessing,1,4.0449,4.0449,4.0449,4.0449,1,Shared model-input preparation; model-specific normalization remains in consumer timing.,per-observation exclusive interval; no sum-of-percentiles total
snn32_seed7_forest_anomaly,condition_first_use,post_window_after_refusals,accept,accepted,motion_consumer,1,11.52,11.52,11.52,11.52,1,Motion consumer including normalization/tensor preparation/prediction decoding.,per-observation exclusive interval; no sum-of-percentiles total
snn32_seed7_forest_anomaly,condition_first_use,post_window_after_refusals,accept,accepted,outer_orchestration_unisolated,1,0.0939,0.0939,0.0939,0.0939,1,Direct root/first-post-window remainder outside named child spans.,per-observation exclusive interval; no sum-of-percentiles total
snn32_seed7_forest_anomaly,condition_first_use,post_window_after_refusals,accept,accepted,receiver_binding_sequence_state_unisolated,1,0.0793,0.0793,0.0793,0.0793,1,"Verifier remainder including binding, sequence checks, locks/state publication and observer work; NOT isolated sequence latency.",per-observation exclusive interval; no sum-of-percentiles total
snn32_seed7_forest_anomaly,condition_first_use,post_window_after_refusals,accept,accepted,receiver_parsing,1,1.1208,1.1208,1.1208,1.1208,1,Envelope and binary parser call.,per-observation exclusive interval; no sum-of-percentiles total
snn32_seed7_forest_anomaly,condition_first_use,post_window_after_refusals,accept,accepted,receiver_quality_check,1,0.4227,0.4227,0.4227,0.4227,1,Verifier quality-check call.,per-observation exclusive interval; no sum-of-percentiles total
snn32_seed7_forest_anomaly,condition_first_use,post_window_after_refusals,accept,accepted,receiver_window_hmac,1,0.0203,0.0203,0.0203,0.0203,1,"Recorded verifier window-tag calculation, not complete authentication.",per-observation exclusive interval; no sum-of-percentiles total
snn32_seed7_forest_anomaly,condition_first_use,post_window_after_refusals,accept,accepted,reconstruction,1,0.0,0.0,0.0,0.0,0,Actual recorded BCH reconstruction; includes any observer/GC delay.,per-observation exclusive interval; no sum-of-percentiles total
snn32_seed7_forest_anomaly,condition_first_use,post_window_after_refusals,accept,accepted,release_conversion_unisolated,1,0.4219,0.4219,0.4219,0.4219,1,Accepted release remainder including conversion/dispatch/observer work outside consumer children.,per-observation exclusive interval; no sum-of-percentiles total
snn32_seed7_forest_anomaly,condition_first_use,post_window_after_refusals,accept,accepted,sender_binding_unisolated,1,0.1343,0.1343,0.1343,0.1343,1,Sender seal remainder: binding/state/orchestration/observer work not separately timed.,per-observation exclusive interval; no sum-of-percentiles total
snn32_seed7_forest_anomaly,condition_first_use,post_window_after_refusals,accept,accepted,sender_serialization_and_quality,1,1.2853,1.2853,1.2853,1.2853,1,Sender serialization including its quality validation; not separately timed.,per-observation exclusive interval; no sum-of-percentiles total
snn32_seed7_forest_anomaly,condition_first_use,post_window_after_refusals,accept,accepted,sender_window_hmac,1,0.0349,0.0349,0.0349,0.0349,1,Recorded window-tag generation call.,per-observation exclusive interval; no sum-of-percentiles total
snn32_seed7_forest_anomaly,condition_first_use,post_window_after_refusals,accept,accepted,session_establishment_unisolated,1,0.0,0.0,0.0,0.0,0,"Handshake/request/activation remainder, including unseparated HKDF/confirmation work and observer cost.",per-observation exclusive interval; no sum-of-percentiles total
snn32_seed7_forest_anomaly,condition_first_use,post_window_after_refusals,accept,accepted,simulated_response_read,1,0.0,0.0,0.0,0.0,0,"Modeled response generation, not physical acquisition.",per-observation exclusive interval; no sum-of-percentiles total
snn32_seed7_forest_anomaly,condition_first_use,post_window_recurring,accept,accepted,admission_orchestration_unisolated,1,0.0,0.0,0.0,0.0,0,Admission orchestration remainder not covered by named children.,per-observation exclusive interval; no sum-of-percentiles total
snn32_seed7_forest_anomaly,condition_first_use,post_window_recurring,accept,accepted,anomaly_consumer,1,8.0322,8.0322,8.0322,8.0322,1,Anomaly consumer including feature scaling and frozen-threshold decision.,per-observation exclusive interval; no sum-of-percentiles total
snn32_seed7_forest_anomaly,condition_first_use,post_window_recurring,accept,accepted,binary32_adapter,1,1.3052,1.3052,1.3052,1.3052,1,Canonical binary32 input adaptation before sender sealing.,per-observation exclusive interval; no sum-of-percentiles total
snn32_seed7_forest_anomaly,condition_first_use,post_window_recurring,accept,accepted,credential_verification,1,0.0,0.0,0.0,0.0,0,Recorded independent credential-verification call(s).,per-observation exclusive interval; no sum-of-percentiles total
snn32_seed7_forest_anomaly,condition_first_use,post_window_recurring,accept,accepted,in_memory_audit_measured,1,0.1044,0.1044,0.1044,0.1044,1,"Recorded audit record/prepare/commit spans, exclusive of their children; not all audit-related overhead and not durable storage.",per-observation exclusive interval; no sum-of-percentiles total
snn32_seed7_forest_anomaly,condition_first_use,post_window_recurring,accept,accepted,local_admission_checks,1,0.0,0.0,0.0,0.0,0,"Measured local authorization/binding/consumption calls, excluding nested credential verification.",per-observation exclusive interval; no sum-of-percentiles total
snn32_seed7_forest_anomaly,condition_first_use,post_window_recurring,accept,accepted,model_input_preprocessing,1,3.7208,3.7208,3.7208,3.7208,1,Shared model-input preparation; model-specific normalization remains in consumer timing.,per-observation exclusive interval; no sum-of-percentiles total
snn32_seed7_forest_anomaly,condition_first_use,post_window_recurring,accept,accepted,motion_consumer,1,13.8025,13.8025,13.8025,13.8025,1,Motion consumer including normalization/tensor preparation/prediction decoding.,per-observation exclusive interval; no sum-of-percentiles total
snn32_seed7_forest_anomaly,condition_first_use,post_window_recurring,accept,accepted,outer_orchestration_unisolated,1,0.1304,0.1304,0.1304,0.1304,1,Direct root/first-post-window remainder outside named child spans.,per-observation exclusive interval; no sum-of-percentiles total
snn32_seed7_forest_anomaly,condition_first_use,post_window_recurring,accept,accepted,receiver_binding_sequence_state_unisolated,1,0.0991,0.0991,0.0991,0.0991,1,"Verifier remainder including binding, sequence checks, locks/state publication and observer work; NOT isolated sequence latency.",per-observation exclusive interval; no sum-of-percentiles total
snn32_seed7_forest_anomaly,condition_first_use,post_window_recurring,accept,accepted,receiver_parsing,1,2.0745,2.0745,2.0745,2.0745,1,Envelope and binary parser call.,per-observation exclusive interval; no sum-of-percentiles total
snn32_seed7_forest_anomaly,condition_first_use,post_window_recurring,accept,accepted,receiver_quality_check,1,0.6106,0.6106,0.6106,0.6106,1,Verifier quality-check call.,per-observation exclusive interval; no sum-of-percentiles total
snn32_seed7_forest_anomaly,condition_first_use,post_window_recurring,accept,accepted,receiver_window_hmac,1,0.0235,0.0235,0.0235,0.0235,1,"Recorded verifier window-tag calculation, not complete authentication.",per-observation exclusive interval; no sum-of-percentiles total
snn32_seed7_forest_anomaly,condition_first_use,post_window_recurring,accept,accepted,reconstruction,1,0.0,0.0,0.0,0.0,0,Actual recorded BCH reconstruction; includes any observer/GC delay.,per-observation exclusive interval; no sum-of-percentiles total
snn32_seed7_forest_anomaly,condition_first_use,post_window_recurring,accept,accepted,release_conversion_unisolated,1,0.5536,0.5536,0.5536,0.5536,1,Accepted release remainder including conversion/dispatch/observer work outside consumer children.,per-observation exclusive interval; no sum-of-percentiles total
snn32_seed7_forest_anomaly,condition_first_use,post_window_recurring,accept,accepted,sender_binding_unisolated,1,0.1599,0.1599,0.1599,0.1599,1,Sender seal remainder: binding/state/orchestration/observer work not separately timed.,per-observation exclusive interval; no sum-of-percentiles total
snn32_seed7_forest_anomaly,condition_first_use,post_window_recurring,accept,accepted,sender_serialization_and_quality,1,1.3213,1.3213,1.3213,1.3213,1,Sender serialization including its quality validation; not separately timed.,per-observation exclusive interval; no sum-of-percentiles total
snn32_seed7_forest_anomaly,condition_first_use,post_window_recurring,accept,accepted,sender_window_hmac,1,0.0347,0.0347,0.0347,0.0347,1,Recorded window-tag generation call.,per-observation exclusive interval; no sum-of-percentiles total
snn32_seed7_forest_anomaly,condition_first_use,post_window_recurring,accept,accepted,session_establishment_unisolated,1,0.0,0.0,0.0,0.0,0,"Handshake/request/activation remainder, including unseparated HKDF/confirmation work and observer cost.",per-observation exclusive interval; no sum-of-percentiles total
snn32_seed7_forest_anomaly,condition_first_use,post_window_recurring,accept,accepted,simulated_response_read,1,0.0,0.0,0.0,0.0,0,"Modeled response generation, not physical acquisition.",per-observation exclusive interval; no sum-of-percentiles total
snn32_seed7_forest_anomaly,condition_first_use,pre_tag_quality_refusal,reject,data_quality_failure,admission_orchestration_unisolated,1,0.0,0.0,0.0,0.0,0,Admission orchestration remainder not covered by named children.,per-observation exclusive interval; no sum-of-percentiles total
snn32_seed7_forest_anomaly,condition_first_use,pre_tag_quality_refusal,reject,data_quality_failure,anomaly_consumer,1,0.0,0.0,0.0,0.0,0,Anomaly consumer including feature scaling and frozen-threshold decision.,per-observation exclusive interval; no sum-of-percentiles total
snn32_seed7_forest_anomaly,condition_first_use,pre_tag_quality_refusal,reject,data_quality_failure,binary32_adapter,1,1.3568,1.3568,1.3568,1.3568,1,Canonical binary32 input adaptation before sender sealing.,per-observation exclusive interval; no sum-of-percentiles total
snn32_seed7_forest_anomaly,condition_first_use,pre_tag_quality_refusal,reject,data_quality_failure,credential_verification,1,0.0,0.0,0.0,0.0,0,Recorded independent credential-verification call(s).,per-observation exclusive interval; no sum-of-percentiles total
snn32_seed7_forest_anomaly,condition_first_use,pre_tag_quality_refusal,reject,data_quality_failure,in_memory_audit_measured,1,0.0799,0.0799,0.0799,0.0799,1,"Recorded audit record/prepare/commit spans, exclusive of their children; not all audit-related overhead and not durable storage.",per-observation exclusive interval; no sum-of-percentiles total
snn32_seed7_forest_anomaly,condition_first_use,pre_tag_quality_refusal,reject,data_quality_failure,local_admission_checks,1,0.0,0.0,0.0,0.0,0,"Measured local authorization/binding/consumption calls, excluding nested credential verification.",per-observation exclusive interval; no sum-of-percentiles total
snn32_seed7_forest_anomaly,condition_first_use,pre_tag_quality_refusal,reject,data_quality_failure,model_input_preprocessing,1,0.0,0.0,0.0,0.0,0,Shared model-input preparation; model-specific normalization remains in consumer timing.,per-observation exclusive interval; no sum-of-percentiles total
snn32_seed7_forest_anomaly,condition_first_use,pre_tag_quality_refusal,reject,data_quality_failure,motion_consumer,1,0.0,0.0,0.0,0.0,0,Motion consumer including normalization/tensor preparation/prediction decoding.,per-observation exclusive interval; no sum-of-percentiles total
snn32_seed7_forest_anomaly,condition_first_use,pre_tag_quality_refusal,reject,data_quality_failure,outer_orchestration_unisolated,1,0.0664,0.0664,0.0664,0.0664,1,Direct root/first-post-window remainder outside named child spans.,per-observation exclusive interval; no sum-of-percentiles total
snn32_seed7_forest_anomaly,condition_first_use,pre_tag_quality_refusal,reject,data_quality_failure,receiver_binding_sequence_state_unisolated,1,0.0,0.0,0.0,0.0,0,"Verifier remainder including binding, sequence checks, locks/state publication and observer work; NOT isolated sequence latency.",per-observation exclusive interval; no sum-of-percentiles total
snn32_seed7_forest_anomaly,condition_first_use,pre_tag_quality_refusal,reject,data_quality_failure,receiver_parsing,1,0.0,0.0,0.0,0.0,0,Envelope and binary parser call.,per-observation exclusive interval; no sum-of-percentiles total
snn32_seed7_forest_anomaly,condition_first_use,pre_tag_quality_refusal,reject,data_quality_failure,receiver_quality_check,1,0.0,0.0,0.0,0.0,0,Verifier quality-check call.,per-observation exclusive interval; no sum-of-percentiles total
snn32_seed7_forest_anomaly,condition_first_use,pre_tag_quality_refusal,reject,data_quality_failure,receiver_window_hmac,1,0.0,0.0,0.0,0.0,0,"Recorded verifier window-tag calculation, not complete authentication.",per-observation exclusive interval; no sum-of-percentiles total
snn32_seed7_forest_anomaly,condition_first_use,pre_tag_quality_refusal,reject,data_quality_failure,reconstruction,1,0.0,0.0,0.0,0.0,0,Actual recorded BCH reconstruction; includes any observer/GC delay.,per-observation exclusive interval; no sum-of-percentiles total
snn32_seed7_forest_anomaly,condition_first_use,pre_tag_quality_refusal,reject,data_quality_failure,release_conversion_unisolated,1,0.0,0.0,0.0,0.0,0,Accepted release remainder including conversion/dispatch/observer work outside consumer children.,per-observation exclusive interval; no sum-of-percentiles total
snn32_seed7_forest_anomaly,condition_first_use,pre_tag_quality_refusal,reject,data_quality_failure,sender_binding_unisolated,1,0.1022,0.1022,0.1022,0.1022,1,Sender seal remainder: binding/state/orchestration/observer work not separately timed.,per-observation exclusive interval; no sum-of-percentiles total
snn32_seed7_forest_anomaly,condition_first_use,pre_tag_quality_refusal,reject,data_quality_failure,sender_serialization_and_quality,1,0.6501,0.6501,0.6501,0.6501,1,Sender serialization including its quality validation; not separately timed.,per-observation exclusive interval; no sum-of-percentiles total
snn32_seed7_forest_anomaly,condition_first_use,pre_tag_quality_refusal,reject,data_quality_failure,sender_window_hmac,1,0.0,0.0,0.0,0.0,0,Recorded window-tag generation call.,per-observation exclusive interval; no sum-of-percentiles total
snn32_seed7_forest_anomaly,condition_first_use,pre_tag_quality_refusal,reject,data_quality_failure,session_establishment_unisolated,1,0.0,0.0,0.0,0.0,0,"Handshake/request/activation remainder, including unseparated HKDF/confirmation work and observer cost.",per-observation exclusive interval; no sum-of-percentiles total
snn32_seed7_forest_anomaly,condition_first_use,pre_tag_quality_refusal,reject,data_quality_failure,simulated_response_read,1,0.0,0.0,0.0,0.0,0,"Modeled response generation, not physical acquisition.",per-observation exclusive interval; no sum-of-percentiles total
snn32_seed7_forest_anomaly,condition_first_use,valid_receiver_after_bad_tag,accept,accepted,admission_orchestration_unisolated,1,0.0,0.0,0.0,0.0,0,Admission orchestration remainder not covered by named children.,per-observation exclusive interval; no sum-of-percentiles total
snn32_seed7_forest_anomaly,condition_first_use,valid_receiver_after_bad_tag,accept,accepted,anomaly_consumer,1,7.1314,7.1314,7.1314,7.1314,1,Anomaly consumer including feature scaling and frozen-threshold decision.,per-observation exclusive interval; no sum-of-percentiles total
snn32_seed7_forest_anomaly,condition_first_use,valid_receiver_after_bad_tag,accept,accepted,binary32_adapter,1,0.0,0.0,0.0,0.0,0,Canonical binary32 input adaptation before sender sealing.,per-observation exclusive interval; no sum-of-percentiles total
snn32_seed7_forest_anomaly,condition_first_use,valid_receiver_after_bad_tag,accept,accepted,credential_verification,1,0.0,0.0,0.0,0.0,0,Recorded independent credential-verification call(s).,per-observation exclusive interval; no sum-of-percentiles total
snn32_seed7_forest_anomaly,condition_first_use,valid_receiver_after_bad_tag,accept,accepted,in_memory_audit_measured,1,0.0482,0.0482,0.0482,0.0482,1,"Recorded audit record/prepare/commit spans, exclusive of their children; not all audit-related overhead and not durable storage.",per-observation exclusive interval; no sum-of-percentiles total
snn32_seed7_forest_anomaly,condition_first_use,valid_receiver_after_bad_tag,accept,accepted,local_admission_checks,1,0.0,0.0,0.0,0.0,0,"Measured local authorization/binding/consumption calls, excluding nested credential verification.",per-observation exclusive interval; no sum-of-percentiles total
snn32_seed7_forest_anomaly,condition_first_use,valid_receiver_after_bad_tag,accept,accepted,model_input_preprocessing,1,3.6317,3.6317,3.6317,3.6317,1,Shared model-input preparation; model-specific normalization remains in consumer timing.,per-observation exclusive interval; no sum-of-percentiles total
snn32_seed7_forest_anomaly,condition_first_use,valid_receiver_after_bad_tag,accept,accepted,motion_consumer,1,11.3939,11.3939,11.3939,11.3939,1,Motion consumer including normalization/tensor preparation/prediction decoding.,per-observation exclusive interval; no sum-of-percentiles total
snn32_seed7_forest_anomaly,condition_first_use,valid_receiver_after_bad_tag,accept,accepted,outer_orchestration_unisolated,1,0.0298,0.0298,0.0298,0.0298,1,Direct root/first-post-window remainder outside named child spans.,per-observation exclusive interval; no sum-of-percentiles total
snn32_seed7_forest_anomaly,condition_first_use,valid_receiver_after_bad_tag,accept,accepted,receiver_binding_sequence_state_unisolated,1,0.1451,0.1451,0.1451,0.1451,1,"Verifier remainder including binding, sequence checks, locks/state publication and observer work; NOT isolated sequence latency.",per-observation exclusive interval; no sum-of-percentiles total
snn32_seed7_forest_anomaly,condition_first_use,valid_receiver_after_bad_tag,accept,accepted,receiver_parsing,1,1.8382,1.8382,1.8382,1.8382,1,Envelope and binary parser call.,per-observation exclusive interval; no sum-of-percentiles total
snn32_seed7_forest_anomaly,condition_first_use,valid_receiver_after_bad_tag,accept,accepted,receiver_quality_check,1,0.8453,0.8453,0.8453,0.8453,1,Verifier quality-check call.,per-observation exclusive interval; no sum-of-percentiles total
snn32_seed7_forest_anomaly,condition_first_use,valid_receiver_after_bad_tag,accept,accepted,receiver_window_hmac,1,0.0224,0.0224,0.0224,0.0224,1,"Recorded verifier window-tag calculation, not complete authentication.",per-observation exclusive interval; no sum-of-percentiles total
snn32_seed7_forest_anomaly,condition_first_use,valid_receiver_after_bad_tag,accept,accepted,reconstruction,1,0.0,0.0,0.0,0.0,0,Actual recorded BCH reconstruction; includes any observer/GC delay.,per-observation exclusive interval; no sum-of-percentiles total
snn32_seed7_forest_anomaly,condition_first_use,valid_receiver_after_bad_tag,accept,accepted,release_conversion_unisolated,1,0.806,0.806,0.806,0.806,1,Accepted release remainder including conversion/dispatch/observer work outside consumer children.,per-observation exclusive interval; no sum-of-percentiles total
snn32_seed7_forest_anomaly,condition_first_use,valid_receiver_after_bad_tag,accept,accepted,sender_binding_unisolated,1,0.0,0.0,0.0,0.0,0,Sender seal remainder: binding/state/orchestration/observer work not separately timed.,per-observation exclusive interval; no sum-of-percentiles total
snn32_seed7_forest_anomaly,condition_first_use,valid_receiver_after_bad_tag,accept,accepted,sender_serialization_and_quality,1,0.0,0.0,0.0,0.0,0,Sender serialization including its quality validation; not separately timed.,per-observation exclusive interval; no sum-of-percentiles total
snn32_seed7_forest_anomaly,condition_first_use,valid_receiver_after_bad_tag,accept,accepted,sender_window_hmac,1,0.0,0.0,0.0,0.0,0,Recorded window-tag generation call.,per-observation exclusive interval; no sum-of-percentiles total
snn32_seed7_forest_anomaly,condition_first_use,valid_receiver_after_bad_tag,accept,accepted,session_establishment_unisolated,1,0.0,0.0,0.0,0.0,0,"Handshake/request/activation remainder, including unseparated HKDF/confirmation work and observer cost.",per-observation exclusive interval; no sum-of-percentiles total
snn32_seed7_forest_anomaly,condition_first_use,valid_receiver_after_bad_tag,accept,accepted,simulated_response_read,1,0.0,0.0,0.0,0.0,0,"Modeled response generation, not physical acquisition.",per-observation exclusive interval; no sum-of-percentiles total
snn32_seed7_forest_anomaly,measured,bad_tag_receiver,reject,invalid_tag,admission_orchestration_unisolated,119,0.0,0.0,0.0,0.0,0,Admission orchestration remainder not covered by named children.,per-observation exclusive interval; no sum-of-percentiles total
snn32_seed7_forest_anomaly,measured,bad_tag_receiver,reject,invalid_tag,anomaly_consumer,119,0.0,0.0,0.0,0.0,0,Anomaly consumer including feature scaling and frozen-threshold decision.,per-observation exclusive interval; no sum-of-percentiles total
snn32_seed7_forest_anomaly,measured,bad_tag_receiver,reject,invalid_tag,binary32_adapter,119,0.0,0.0,0.0,0.0,0,Canonical binary32 input adaptation before sender sealing.,per-observation exclusive interval; no sum-of-percentiles total
snn32_seed7_forest_anomaly,measured,bad_tag_receiver,reject,invalid_tag,credential_verification,119,0.0,0.0,0.0,0.0,0,Recorded independent credential-verification call(s).,per-observation exclusive interval; no sum-of-percentiles total
snn32_seed7_forest_anomaly,measured,bad_tag_receiver,reject,invalid_tag,in_memory_audit_measured,119,0.0406,0.05542,0.08243799999999993,0.14,119,"Recorded audit record/prepare/commit spans, exclusive of their children; not all audit-related overhead and not durable storage.",per-observation exclusive interval; no sum-of-percentiles total
snn32_seed7_forest_anomaly,measured,bad_tag_receiver,reject,invalid_tag,local_admission_checks,119,0.0,0.0,0.0,0.0,0,"Measured local authorization/binding/consumption calls, excluding nested credential verification.",per-observation exclusive interval; no sum-of-percentiles total
snn32_seed7_forest_anomaly,measured,bad_tag_receiver,reject,invalid_tag,model_input_preprocessing,119,0.0,0.0,0.0,0.0,0,Shared model-input preparation; model-specific normalization remains in consumer timing.,per-observation exclusive interval; no sum-of-percentiles total
snn32_seed7_forest_anomaly,measured,bad_tag_receiver,reject,invalid_tag,motion_consumer,119,0.0,0.0,0.0,0.0,0,Motion consumer including normalization/tensor preparation/prediction decoding.,per-observation exclusive interval; no sum-of-percentiles total
snn32_seed7_forest_anomaly,measured,bad_tag_receiver,reject,invalid_tag,outer_orchestration_unisolated,119,0.0136,0.017439999999999997,0.021139999999999985,0.0219,119,Direct root/first-post-window remainder outside named child spans.,per-observation exclusive interval; no sum-of-percentiles total
snn32_seed7_forest_anomaly,measured,bad_tag_receiver,reject,invalid_tag,receiver_binding_sequence_state_unisolated,119,0.1063,0.15635999999999997,0.18586399999999995,0.2408,119,"Verifier remainder including binding, sequence checks, locks/state publication and observer work; NOT isolated sequence latency.",per-observation exclusive interval; no sum-of-percentiles total
snn32_seed7_forest_anomaly,measured,bad_tag_receiver,reject,invalid_tag,receiver_parsing,119,1.6981,2.0016599999999998,2.12795,2.1331,119,Envelope and binary parser call.,per-observation exclusive interval; no sum-of-percentiles total
snn32_seed7_forest_anomaly,measured,bad_tag_receiver,reject,invalid_tag,receiver_quality_check,119,0.0,0.0,0.0,0.0,0,Verifier quality-check call.,per-observation exclusive interval; no sum-of-percentiles total
snn32_seed7_forest_anomaly,measured,bad_tag_receiver,reject,invalid_tag,receiver_window_hmac,119,0.0221,0.034109999999999994,0.05998599999999995,0.0813,119,"Recorded verifier window-tag calculation, not complete authentication.",per-observation exclusive interval; no sum-of-percentiles total
snn32_seed7_forest_anomaly,measured,bad_tag_receiver,reject,invalid_tag,reconstruction,119,0.0,0.0,0.0,0.0,0,Actual recorded BCH reconstruction; includes any observer/GC delay.,per-observation exclusive interval; no sum-of-percentiles total
snn32_seed7_forest_anomaly,measured,bad_tag_receiver,reject,invalid_tag,release_conversion_unisolated,119,0.0,0.0,0.0,0.0,0,Accepted release remainder including conversion/dispatch/observer work outside consumer children.,per-observation exclusive interval; no sum-of-percentiles total
snn32_seed7_forest_anomaly,measured,bad_tag_receiver,reject,invalid_tag,sender_binding_unisolated,119,0.0,0.0,0.0,0.0,0,Sender seal remainder: binding/state/orchestration/observer work not separately timed.,per-observation exclusive interval; no sum-of-percentiles total
snn32_seed7_forest_anomaly,measured,bad_tag_receiver,reject,invalid_tag,sender_serialization_and_quality,119,0.0,0.0,0.0,0.0,0,Sender serialization including its quality validation; not separately timed.,per-observation exclusive interval; no sum-of-percentiles total
snn32_seed7_forest_anomaly,measured,bad_tag_receiver,reject,invalid_tag,sender_window_hmac,119,0.0,0.0,0.0,0.0,0,Recorded window-tag generation call.,per-observation exclusive interval; no sum-of-percentiles total
snn32_seed7_forest_anomaly,measured,bad_tag_receiver,reject,invalid_tag,session_establishment_unisolated,119,0.0,0.0,0.0,0.0,0,"Handshake/request/activation remainder, including unseparated HKDF/confirmation work and observer cost.",per-observation exclusive interval; no sum-of-percentiles total
snn32_seed7_forest_anomaly,measured,bad_tag_receiver,reject,invalid_tag,simulated_response_read,119,0.0,0.0,0.0,0.0,0,"Modeled response generation, not physical acquisition.",per-observation exclusive interval; no sum-of-percentiles total
snn32_seed7_forest_anomaly,measured,exact_replay_receiver,reject,duplicate_sequence,admission_orchestration_unisolated,119,0.0,0.0,0.0,0.0,0,Admission orchestration remainder not covered by named children.,per-observation exclusive interval; no sum-of-percentiles total
snn32_seed7_forest_anomaly,measured,exact_replay_receiver,reject,duplicate_sequence,anomaly_consumer,119,0.0,0.0,0.0,0.0,0,Anomaly consumer including feature scaling and frozen-threshold decision.,per-observation exclusive interval; no sum-of-percentiles total
snn32_seed7_forest_anomaly,measured,exact_replay_receiver,reject,duplicate_sequence,binary32_adapter,119,0.0,0.0,0.0,0.0,0,Canonical binary32 input adaptation before sender sealing.,per-observation exclusive interval; no sum-of-percentiles total
snn32_seed7_forest_anomaly,measured,exact_replay_receiver,reject,duplicate_sequence,credential_verification,119,0.0,0.0,0.0,0.0,0,Recorded independent credential-verification call(s).,per-observation exclusive interval; no sum-of-percentiles total
snn32_seed7_forest_anomaly,measured,exact_replay_receiver,reject,duplicate_sequence,in_memory_audit_measured,119,0.0648,0.08843999999999999,0.10409799999999997,0.187,119,"Recorded audit record/prepare/commit spans, exclusive of their children; not all audit-related overhead and not durable storage.",per-observation exclusive interval; no sum-of-percentiles total
snn32_seed7_forest_anomaly,measured,exact_replay_receiver,reject,duplicate_sequence,local_admission_checks,119,0.0,0.0,0.0,0.0,0,"Measured local authorization/binding/consumption calls, excluding nested credential verification.",per-observation exclusive interval; no sum-of-percentiles total
snn32_seed7_forest_anomaly,measured,exact_replay_receiver,reject,duplicate_sequence,model_input_preprocessing,119,0.0,0.0,0.0,0.0,0,Shared model-input preparation; model-specific normalization remains in consumer timing.,per-observation exclusive interval; no sum-of-percentiles total
snn32_seed7_forest_anomaly,measured,exact_replay_receiver,reject,duplicate_sequence,motion_consumer,119,0.0,0.0,0.0,0.0,0,Motion consumer including normalization/tensor preparation/prediction decoding.,per-observation exclusive interval; no sum-of-percentiles total
snn32_seed7_forest_anomaly,measured,exact_replay_receiver,reject,duplicate_sequence,outer_orchestration_unisolated,119,0.0123,0.017139999999999996,0.025685999999999987,0.0382,119,Direct root/first-post-window remainder outside named child spans.,per-observation exclusive interval; no sum-of-percentiles total
snn32_seed7_forest_anomaly,measured,exact_replay_receiver,reject,duplicate_sequence,receiver_binding_sequence_state_unisolated,119,0.1262,0.18276999999999988,0.22925599999999985,0.2538,119,"Verifier remainder including binding, sequence checks, locks/state publication and observer work; NOT isolated sequence latency.",per-observation exclusive interval; no sum-of-percentiles total
snn32_seed7_forest_anomaly,measured,exact_replay_receiver,reject,duplicate_sequence,receiver_parsing,119,1.5776,2.16043,2.7506579999999974,2.949,119,Envelope and binary parser call.,per-observation exclusive interval; no sum-of-percentiles total
snn32_seed7_forest_anomaly,measured,exact_replay_receiver,reject,duplicate_sequence,receiver_quality_check,119,0.5488,0.8209899999999997,1.108181999999999,1.2438,119,Verifier quality-check call.,per-observation exclusive interval; no sum-of-percentiles total
snn32_seed7_forest_anomaly,measured,exact_replay_receiver,reject,duplicate_sequence,receiver_window_hmac,119,0.0288,0.03873999999999999,0.044528,0.0473,119,"Recorded verifier window-tag calculation, not complete authentication.",per-observation exclusive interval; no sum-of-percentiles total
snn32_seed7_forest_anomaly,measured,exact_replay_receiver,reject,duplicate_sequence,reconstruction,119,0.0,0.0,0.0,0.0,0,Actual recorded BCH reconstruction; includes any observer/GC delay.,per-observation exclusive interval; no sum-of-percentiles total
snn32_seed7_forest_anomaly,measured,exact_replay_receiver,reject,duplicate_sequence,release_conversion_unisolated,119,0.0,0.0,0.0,0.0,0,Accepted release remainder including conversion/dispatch/observer work outside consumer children.,per-observation exclusive interval; no sum-of-percentiles total
snn32_seed7_forest_anomaly,measured,exact_replay_receiver,reject,duplicate_sequence,sender_binding_unisolated,119,0.0,0.0,0.0,0.0,0,Sender seal remainder: binding/state/orchestration/observer work not separately timed.,per-observation exclusive interval; no sum-of-percentiles total
snn32_seed7_forest_anomaly,measured,exact_replay_receiver,reject,duplicate_sequence,sender_serialization_and_quality,119,0.0,0.0,0.0,0.0,0,Sender serialization including its quality validation; not separately timed.,per-observation exclusive interval; no sum-of-percentiles total
snn32_seed7_forest_anomaly,measured,exact_replay_receiver,reject,duplicate_sequence,sender_window_hmac,119,0.0,0.0,0.0,0.0,0,Recorded window-tag generation call.,per-observation exclusive interval; no sum-of-percentiles total
snn32_seed7_forest_anomaly,measured,exact_replay_receiver,reject,duplicate_sequence,session_establishment_unisolated,119,0.0,0.0,0.0,0.0,0,"Handshake/request/activation remainder, including unseparated HKDF/confirmation work and observer cost.",per-observation exclusive interval; no sum-of-percentiles total
snn32_seed7_forest_anomaly,measured,exact_replay_receiver,reject,duplicate_sequence,simulated_response_read,119,0.0,0.0,0.0,0.0,0,"Modeled response generation, not physical acquisition.",per-observation exclusive interval; no sum-of-percentiles total
snn32_seed7_forest_anomaly,measured,fresh_to_first_window,accept,accepted,admission_orchestration_unisolated,119,0.0611,0.08629999999999997,0.13493799999999992,0.2229,119,Admission orchestration remainder not covered by named children.,per-observation exclusive interval; no sum-of-percentiles total
snn32_seed7_forest_anomaly,measured,fresh_to_first_window,accept,accepted,anomaly_consumer,119,7.6809,9.555259999999999,11.224643999999994,11.4644,119,Anomaly consumer including feature scaling and frozen-threshold decision.,per-observation exclusive interval; no sum-of-percentiles total
snn32_seed7_forest_anomaly,measured,fresh_to_first_window,accept,accepted,binary32_adapter,119,1.3301,1.88618,2.1536499999999994,2.2365,119,Canonical binary32 input adaptation before sender sealing.,per-observation exclusive interval; no sum-of-percentiles total
snn32_seed7_forest_anomaly,measured,fresh_to_first_window,accept,accepted,credential_verification,119,0.0656,0.08436,0.11794399999999984,0.1649,119,Recorded independent credential-verification call(s).,per-observation exclusive interval; no sum-of-percentiles total
snn32_seed7_forest_anomaly,measured,fresh_to_first_window,accept,accepted,in_memory_audit_measured,119,0.2479,0.35937,0.42028999999999966,0.5213,119,"Recorded audit record/prepare/commit spans, exclusive of their children; not all audit-related overhead and not durable storage.",per-observation exclusive interval; no sum-of-percentiles total
snn32_seed7_forest_anomaly,measured,fresh_to_first_window,accept,accepted,local_admission_checks,119,0.0771,0.11084999999999999,0.12684799999999996,0.1317,119,"Measured local authorization/binding/consumption calls, excluding nested credential verification.",per-observation exclusive interval; no sum-of-percentiles total
snn32_seed7_forest_anomaly,measured,fresh_to_first_window,accept,accepted,model_input_preprocessing,119,4.1594,6.243669999999998,6.893479999999999,8.057,119,Shared model-input preparation; model-specific normalization remains in consumer timing.,per-observation exclusive interval; no sum-of-percentiles total
snn32_seed7_forest_anomaly,measured,fresh_to_first_window,accept,accepted,motion_consumer,119,14.319,18.753599999999995,25.25087599999999,26.3443,119,Motion consumer including normalization/tensor preparation/prediction decoding.,per-observation exclusive interval; no sum-of-percentiles total
snn32_seed7_forest_anomaly,measured,fresh_to_first_window,accept,accepted,outer_orchestration_unisolated,119,0.1489,0.19064,0.23830999999999997,0.2968,119,Direct root/first-post-window remainder outside named child spans.,per-observation exclusive interval; no sum-of-percentiles total
snn32_seed7_forest_anomaly,measured,fresh_to_first_window,accept,accepted,receiver_binding_sequence_state_unisolated,119,0.1025,0.14408999999999997,0.17095999999999992,0.196,119,"Verifier remainder including binding, sequence checks, locks/state publication and observer work; NOT isolated sequence latency.",per-observation exclusive interval; no sum-of-percentiles total
snn32_seed7_forest_anomaly,measured,fresh_to_first_window,accept,accepted,receiver_parsing,119,2.0076,4.65497,6.834757999999986,325.4677,119,Envelope and binary parser call.,per-observation exclusive interval; no sum-of-percentiles total
snn32_seed7_forest_anomaly,measured,fresh_to_first_window,accept,accepted,receiver_quality_check,119,0.7108,0.9781999999999998,1.058384,1.1792,119,Verifier quality-check call.,per-observation exclusive interval; no sum-of-percentiles total
snn32_seed7_forest_anomaly,measured,fresh_to_first_window,accept,accepted,receiver_window_hmac,119,0.0249,0.03744999999999999,0.05029399999999996,0.0618,119,"Recorded verifier window-tag calculation, not complete authentication.",per-observation exclusive interval; no sum-of-percentiles total
snn32_seed7_forest_anomaly,measured,fresh_to_first_window,accept,accepted,reconstruction,119,4.5332,6.57069,8.073183999999996,8.578,119,Actual recorded BCH reconstruction; includes any observer/GC delay.,per-observation exclusive interval; no sum-of-percentiles total
snn32_seed7_forest_anomaly,measured,fresh_to_first_window,accept,accepted,release_conversion_unisolated,119,0.6441,0.90103,1.1492519999999982,1.2782,119,Accepted release remainder including conversion/dispatch/observer work outside consumer children.,per-observation exclusive interval; no sum-of-percentiles total
snn32_seed7_forest_anomaly,measured,fresh_to_first_window,accept,accepted,sender_binding_unisolated,119,0.1461,0.21862999999999996,0.2574299999999998,0.2626,119,Sender seal remainder: binding/state/orchestration/observer work not separately timed.,per-observation exclusive interval; no sum-of-percentiles total
snn32_seed7_forest_anomaly,measured,fresh_to_first_window,accept,accepted,sender_serialization_and_quality,119,1.2951,1.8604099999999997,2.0881119999999997,2.2073,119,Sender serialization including its quality validation; not separately timed.,per-observation exclusive interval; no sum-of-percentiles total
snn32_seed7_forest_anomaly,measured,fresh_to_first_window,accept,accepted,sender_window_hmac,119,0.0219,0.03543,0.039013999999999986,0.04,119,Recorded window-tag generation call.,per-observation exclusive interval; no sum-of-percentiles total
snn32_seed7_forest_anomaly,measured,fresh_to_first_window,accept,accepted,session_establishment_unisolated,119,0.5217,0.8086399999999997,1.3644279999999986,2.1038,119,"Handshake/request/activation remainder, including unseparated HKDF/confirmation work and observer cost.",per-observation exclusive interval; no sum-of-percentiles total
snn32_seed7_forest_anomaly,measured,fresh_to_first_window,accept,accepted,simulated_response_read,119,0.1839,0.30145999999999995,0.38362599999999963,0.4554,119,"Modeled response generation, not physical acquisition.",per-observation exclusive interval; no sum-of-percentiles total
snn32_seed7_forest_anomaly,measured,fresh_to_first_window,reject,failed_reconstruction,admission_orchestration_unisolated,1,0.0504,0.0504,0.0504,0.0504,1,Admission orchestration remainder not covered by named children.,per-observation exclusive interval; no sum-of-percentiles total
snn32_seed7_forest_anomaly,measured,fresh_to_first_window,reject,failed_reconstruction,anomaly_consumer,1,0.0,0.0,0.0,0.0,0,Anomaly consumer including feature scaling and frozen-threshold decision.,per-observation exclusive interval; no sum-of-percentiles total
snn32_seed7_forest_anomaly,measured,fresh_to_first_window,reject,failed_reconstruction,binary32_adapter,1,0.0,0.0,0.0,0.0,0,Canonical binary32 input adaptation before sender sealing.,per-observation exclusive interval; no sum-of-percentiles total
snn32_seed7_forest_anomaly,measured,fresh_to_first_window,reject,failed_reconstruction,credential_verification,1,0.0,0.0,0.0,0.0,0,Recorded independent credential-verification call(s).,per-observation exclusive interval; no sum-of-percentiles total
snn32_seed7_forest_anomaly,measured,fresh_to_first_window,reject,failed_reconstruction,in_memory_audit_measured,1,0.0888,0.0888,0.0888,0.0888,1,"Recorded audit record/prepare/commit spans, exclusive of their children; not all audit-related overhead and not durable storage.",per-observation exclusive interval; no sum-of-percentiles total
snn32_seed7_forest_anomaly,measured,fresh_to_first_window,reject,failed_reconstruction,local_admission_checks,1,0.0,0.0,0.0,0.0,0,"Measured local authorization/binding/consumption calls, excluding nested credential verification.",per-observation exclusive interval; no sum-of-percentiles total
snn32_seed7_forest_anomaly,measured,fresh_to_first_window,reject,failed_reconstruction,model_input_preprocessing,1,0.0,0.0,0.0,0.0,0,Shared model-input preparation; model-specific normalization remains in consumer timing.,per-observation exclusive interval; no sum-of-percentiles total
snn32_seed7_forest_anomaly,measured,fresh_to_first_window,reject,failed_reconstruction,motion_consumer,1,0.0,0.0,0.0,0.0,0,Motion consumer including normalization/tensor preparation/prediction decoding.,per-observation exclusive interval; no sum-of-percentiles total
snn32_seed7_forest_anomaly,measured,fresh_to_first_window,reject,failed_reconstruction,outer_orchestration_unisolated,1,0.0187,0.0187,0.0187,0.0187,1,Direct root/first-post-window remainder outside named child spans.,per-observation exclusive interval; no sum-of-percentiles total
snn32_seed7_forest_anomaly,measured,fresh_to_first_window,reject,failed_reconstruction,receiver_binding_sequence_state_unisolated,1,0.0,0.0,0.0,0.0,0,"Verifier remainder including binding, sequence checks, locks/state publication and observer work; NOT isolated sequence latency.",per-observation exclusive interval; no sum-of-percentiles total
snn32_seed7_forest_anomaly,measured,fresh_to_first_window,reject,failed_reconstruction,receiver_parsing,1,0.0,0.0,0.0,0.0,0,Envelope and binary parser call.,per-observation exclusive interval; no sum-of-percentiles total
snn32_seed7_forest_anomaly,measured,fresh_to_first_window,reject,failed_reconstruction,receiver_quality_check,1,0.0,0.0,0.0,0.0,0,Verifier quality-check call.,per-observation exclusive interval; no sum-of-percentiles total
snn32_seed7_forest_anomaly,measured,fresh_to_first_window,reject,failed_reconstruction,receiver_window_hmac,1,0.0,0.0,0.0,0.0,0,"Recorded verifier window-tag calculation, not complete authentication.",per-observation exclusive interval; no sum-of-percentiles total
snn32_seed7_forest_anomaly,measured,fresh_to_first_window,reject,failed_reconstruction,reconstruction,1,4.5281,4.5281,4.5281,4.5281,1,Actual recorded BCH reconstruction; includes any observer/GC delay.,per-observation exclusive interval; no sum-of-percentiles total
snn32_seed7_forest_anomaly,measured,fresh_to_first_window,reject,failed_reconstruction,release_conversion_unisolated,1,0.0,0.0,0.0,0.0,0,Accepted release remainder including conversion/dispatch/observer work outside consumer children.,per-observation exclusive interval; no sum-of-percentiles total
snn32_seed7_forest_anomaly,measured,fresh_to_first_window,reject,failed_reconstruction,sender_binding_unisolated,1,0.0,0.0,0.0,0.0,0,Sender seal remainder: binding/state/orchestration/observer work not separately timed.,per-observation exclusive interval; no sum-of-percentiles total
snn32_seed7_forest_anomaly,measured,fresh_to_first_window,reject,failed_reconstruction,sender_serialization_and_quality,1,0.0,0.0,0.0,0.0,0,Sender serialization including its quality validation; not separately timed.,per-observation exclusive interval; no sum-of-percentiles total
snn32_seed7_forest_anomaly,measured,fresh_to_first_window,reject,failed_reconstruction,sender_window_hmac,1,0.0,0.0,0.0,0.0,0,Recorded window-tag generation call.,per-observation exclusive interval; no sum-of-percentiles total
snn32_seed7_forest_anomaly,measured,fresh_to_first_window,reject,failed_reconstruction,session_establishment_unisolated,1,0.1391,0.1391,0.1391,0.1391,1,"Handshake/request/activation remainder, including unseparated HKDF/confirmation work and observer cost.",per-observation exclusive interval; no sum-of-percentiles total
snn32_seed7_forest_anomaly,measured,fresh_to_first_window,reject,failed_reconstruction,simulated_response_read,1,0.1778,0.1778,0.1778,0.1778,1,"Modeled response generation, not physical acquisition.",per-observation exclusive interval; no sum-of-percentiles total
snn32_seed7_forest_anomaly,measured,malformed_json_receiver,reject,malformed_message,admission_orchestration_unisolated,119,0.0,0.0,0.0,0.0,0,Admission orchestration remainder not covered by named children.,per-observation exclusive interval; no sum-of-percentiles total
snn32_seed7_forest_anomaly,measured,malformed_json_receiver,reject,malformed_message,anomaly_consumer,119,0.0,0.0,0.0,0.0,0,Anomaly consumer including feature scaling and frozen-threshold decision.,per-observation exclusive interval; no sum-of-percentiles total
snn32_seed7_forest_anomaly,measured,malformed_json_receiver,reject,malformed_message,binary32_adapter,119,0.0,0.0,0.0,0.0,0,Canonical binary32 input adaptation before sender sealing.,per-observation exclusive interval; no sum-of-percentiles total
snn32_seed7_forest_anomaly,measured,malformed_json_receiver,reject,malformed_message,credential_verification,119,0.0,0.0,0.0,0.0,0,Recorded independent credential-verification call(s).,per-observation exclusive interval; no sum-of-percentiles total
snn32_seed7_forest_anomaly,measured,malformed_json_receiver,reject,malformed_message,in_memory_audit_measured,119,0.0517,0.08782999999999999,0.11049799999999994,0.1461,119,"Recorded audit record/prepare/commit spans, exclusive of their children; not all audit-related overhead and not durable storage.",per-observation exclusive interval; no sum-of-percentiles total
snn32_seed7_forest_anomaly,measured,malformed_json_receiver,reject,malformed_message,local_admission_checks,119,0.0,0.0,0.0,0.0,0,"Measured local authorization/binding/consumption calls, excluding nested credential verification.",per-observation exclusive interval; no sum-of-percentiles total
snn32_seed7_forest_anomaly,measured,malformed_json_receiver,reject,malformed_message,model_input_preprocessing,119,0.0,0.0,0.0,0.0,0,Shared model-input preparation; model-specific normalization remains in consumer timing.,per-observation exclusive interval; no sum-of-percentiles total
snn32_seed7_forest_anomaly,measured,malformed_json_receiver,reject,malformed_message,motion_consumer,119,0.0,0.0,0.0,0.0,0,Motion consumer including normalization/tensor preparation/prediction decoding.,per-observation exclusive interval; no sum-of-percentiles total
snn32_seed7_forest_anomaly,measured,malformed_json_receiver,reject,malformed_message,outer_orchestration_unisolated,119,0.0084,0.0162,0.01964799999999999,0.0318,119,Direct root/first-post-window remainder outside named child spans.,per-observation exclusive interval; no sum-of-percentiles total
snn32_seed7_forest_anomaly,measured,malformed_json_receiver,reject,malformed_message,receiver_binding_sequence_state_unisolated,119,0.0447,0.08547999999999997,0.09718399999999998,0.1058,119,"Verifier remainder including binding, sequence checks, locks/state publication and observer work; NOT isolated sequence latency.",per-observation exclusive interval; no sum-of-percentiles total
snn32_seed7_forest_anomaly,measured,malformed_json_receiver,reject,malformed_message,receiver_parsing,119,0.0339,0.050769999999999996,0.05586599999999999,0.0732,119,Envelope and binary parser call.,per-observation exclusive interval; no sum-of-percentiles total
snn32_seed7_forest_anomaly,measured,malformed_json_receiver,reject,malformed_message,receiver_quality_check,119,0.0,0.0,0.0,0.0,0,Verifier quality-check call.,per-observation exclusive interval; no sum-of-percentiles total
snn32_seed7_forest_anomaly,measured,malformed_json_receiver,reject,malformed_message,receiver_window_hmac,119,0.0,0.0,0.0,0.0,0,"Recorded verifier window-tag calculation, not complete authentication.",per-observation exclusive interval; no sum-of-percentiles total
snn32_seed7_forest_anomaly,measured,malformed_json_receiver,reject,malformed_message,reconstruction,119,0.0,0.0,0.0,0.0,0,Actual recorded BCH reconstruction; includes any observer/GC delay.,per-observation exclusive interval; no sum-of-percentiles total
snn32_seed7_forest_anomaly,measured,malformed_json_receiver,reject,malformed_message,release_conversion_unisolated,119,0.0,0.0,0.0,0.0,0,Accepted release remainder including conversion/dispatch/observer work outside consumer children.,per-observation exclusive interval; no sum-of-percentiles total
snn32_seed7_forest_anomaly,measured,malformed_json_receiver,reject,malformed_message,sender_binding_unisolated,119,0.0,0.0,0.0,0.0,0,Sender seal remainder: binding/state/orchestration/observer work not separately timed.,per-observation exclusive interval; no sum-of-percentiles total
snn32_seed7_forest_anomaly,measured,malformed_json_receiver,reject,malformed_message,sender_serialization_and_quality,119,0.0,0.0,0.0,0.0,0,Sender serialization including its quality validation; not separately timed.,per-observation exclusive interval; no sum-of-percentiles total
snn32_seed7_forest_anomaly,measured,malformed_json_receiver,reject,malformed_message,sender_window_hmac,119,0.0,0.0,0.0,0.0,0,Recorded window-tag generation call.,per-observation exclusive interval; no sum-of-percentiles total
snn32_seed7_forest_anomaly,measured,malformed_json_receiver,reject,malformed_message,session_establishment_unisolated,119,0.0,0.0,0.0,0.0,0,"Handshake/request/activation remainder, including unseparated HKDF/confirmation work and observer cost.",per-observation exclusive interval; no sum-of-percentiles total
snn32_seed7_forest_anomaly,measured,malformed_json_receiver,reject,malformed_message,simulated_response_read,119,0.0,0.0,0.0,0.0,0,"Modeled response generation, not physical acquisition.",per-observation exclusive interval; no sum-of-percentiles total
snn32_seed7_forest_anomaly,measured,post_window_after_refusals,accept,accepted,admission_orchestration_unisolated,119,0.0,0.0,0.0,0.0,0,Admission orchestration remainder not covered by named children.,per-observation exclusive interval; no sum-of-percentiles total
snn32_seed7_forest_anomaly,measured,post_window_after_refusals,accept,accepted,anomaly_consumer,119,6.0789,7.71298,11.152179999999994,12.8863,119,Anomaly consumer including feature scaling and frozen-threshold decision.,per-observation exclusive interval; no sum-of-percentiles total
snn32_seed7_forest_anomaly,measured,post_window_after_refusals,accept,accepted,binary32_adapter,119,0.9768,1.5849699999999993,1.862053999999999,2.0132,119,Canonical binary32 input adaptation before sender sealing.,per-observation exclusive interval; no sum-of-percentiles total
snn32_seed7_forest_anomaly,measured,post_window_after_refusals,accept,accepted,credential_verification,119,0.0,0.0,0.0,0.0,0,Recorded independent credential-verification call(s).,per-observation exclusive interval; no sum-of-percentiles total
snn32_seed7_forest_anomaly,measured,post_window_after_refusals,accept,accepted,in_memory_audit_measured,119,0.0831,0.13278,0.15471199999999993,0.1841,119,"Recorded audit record/prepare/commit spans, exclusive of their children; not all audit-related overhead and not durable storage.",per-observation exclusive interval; no sum-of-percentiles total
snn32_seed7_forest_anomaly,measured,post_window_after_refusals,accept,accepted,local_admission_checks,119,0.0,0.0,0.0,0.0,0,"Measured local authorization/binding/consumption calls, excluding nested credential verification.",per-observation exclusive interval; no sum-of-percentiles total
snn32_seed7_forest_anomaly,measured,post_window_after_refusals,accept,accepted,model_input_preprocessing,119,3.1911,4.79695,5.6131499999999965,6.1056,119,Shared model-input preparation; model-specific normalization remains in consumer timing.,per-observation exclusive interval; no sum-of-percentiles total
snn32_seed7_forest_anomaly,measured,post_window_after_refusals,accept,accepted,motion_consumer,119,11.0634,14.11626,16.175776,16.3384,119,Motion consumer including normalization/tensor preparation/prediction decoding.,per-observation exclusive interval; no sum-of-percentiles total
snn32_seed7_forest_anomaly,measured,post_window_after_refusals,accept,accepted,outer_orchestration_unisolated,119,0.0867,0.12872999999999998,0.14933399999999994,0.2214,119,Direct root/first-post-window remainder outside named child spans.,per-observation exclusive interval; no sum-of-percentiles total
snn32_seed7_forest_anomaly,measured,post_window_after_refusals,accept,accepted,receiver_binding_sequence_state_unisolated,119,0.0843,0.13928,0.15449199999999996,0.1675,119,"Verifier remainder including binding, sequence checks, locks/state publication and observer work; NOT isolated sequence latency.",per-observation exclusive interval; no sum-of-percentiles total
snn32_seed7_forest_anomaly,measured,post_window_after_refusals,accept,accepted,receiver_parsing,119,1.456,4.00569,4.459894,5.6239,119,Envelope and binary parser call.,per-observation exclusive interval; no sum-of-percentiles total
snn32_seed7_forest_anomaly,measured,post_window_after_refusals,accept,accepted,receiver_quality_check,119,0.5324,0.8475399999999998,0.9577119999999999,0.9892,119,Verifier quality-check call.,per-observation exclusive interval; no sum-of-percentiles total
snn32_seed7_forest_anomaly,measured,post_window_after_refusals,accept,accepted,receiver_window_hmac,119,0.0206,0.03431,0.03767399999999999,0.0455,119,"Recorded verifier window-tag calculation, not complete authentication.",per-observation exclusive interval; no sum-of-percentiles total
snn32_seed7_forest_anomaly,measured,post_window_after_refusals,accept,accepted,reconstruction,119,0.0,0.0,0.0,0.0,0,Actual recorded BCH reconstruction; includes any observer/GC delay.,per-observation exclusive interval; no sum-of-percentiles total
snn32_seed7_forest_anomaly,measured,post_window_after_refusals,accept,accepted,release_conversion_unisolated,119,0.4794,0.78817,0.8283699999999998,0.8347,119,Accepted release remainder including conversion/dispatch/observer work outside consumer children.,per-observation exclusive interval; no sum-of-percentiles total
snn32_seed7_forest_anomaly,measured,post_window_after_refusals,accept,accepted,sender_binding_unisolated,119,0.1257,0.20228999999999997,0.2580159999999998,0.2757,119,Sender seal remainder: binding/state/orchestration/observer work not separately timed.,per-observation exclusive interval; no sum-of-percentiles total
snn32_seed7_forest_anomaly,measured,post_window_after_refusals,accept,accepted,sender_serialization_and_quality,119,0.9859,1.6983399999999995,1.9120719999999998,1.9994,119,Sender serialization including its quality validation; not separately timed.,per-observation exclusive interval; no sum-of-percentiles total
snn32_seed7_forest_anomaly,measured,post_window_after_refusals,accept,accepted,sender_window_hmac,119,0.0299,0.04803,0.05992999999999999,0.079,119,Recorded window-tag generation call.,per-observation exclusive interval; no sum-of-percentiles total
snn32_seed7_forest_anomaly,measured,post_window_after_refusals,accept,accepted,session_establishment_unisolated,119,0.0,0.0,0.0,0.0,0,"Handshake/request/activation remainder, including unseparated HKDF/confirmation work and observer cost.",per-observation exclusive interval; no sum-of-percentiles total
snn32_seed7_forest_anomaly,measured,post_window_after_refusals,accept,accepted,simulated_response_read,119,0.0,0.0,0.0,0.0,0,"Modeled response generation, not physical acquisition.",per-observation exclusive interval; no sum-of-percentiles total
snn32_seed7_forest_anomaly,measured,post_window_recurring,accept,accepted,admission_orchestration_unisolated,119,0.0,0.0,0.0,0.0,0,Admission orchestration remainder not covered by named children.,per-observation exclusive interval; no sum-of-percentiles total
snn32_seed7_forest_anomaly,measured,post_window_recurring,accept,accepted,anomaly_consumer,119,7.7002,9.68189,11.828031999999993,13.5924,119,Anomaly consumer including feature scaling and frozen-threshold decision.,per-observation exclusive interval; no sum-of-percentiles total
snn32_seed7_forest_anomaly,measured,post_window_recurring,accept,accepted,binary32_adapter,119,1.328,1.7267199999999998,1.8914339999999998,4.8109,119,Canonical binary32 input adaptation before sender sealing.,per-observation exclusive interval; no sum-of-percentiles total
snn32_seed7_forest_anomaly,measured,post_window_recurring,accept,accepted,credential_verification,119,0.0,0.0,0.0,0.0,0,Recorded independent credential-verification call(s).,per-observation exclusive interval; no sum-of-percentiles total
snn32_seed7_forest_anomaly,measured,post_window_recurring,accept,accepted,in_memory_audit_measured,119,0.1154,0.16188,0.19545999999999986,0.2115,119,"Recorded audit record/prepare/commit spans, exclusive of their children; not all audit-related overhead and not durable storage.",per-observation exclusive interval; no sum-of-percentiles total
snn32_seed7_forest_anomaly,measured,post_window_recurring,accept,accepted,local_admission_checks,119,0.0,0.0,0.0,0.0,0,"Measured local authorization/binding/consumption calls, excluding nested credential verification.",per-observation exclusive interval; no sum-of-percentiles total
snn32_seed7_forest_anomaly,measured,post_window_recurring,accept,accepted,model_input_preprocessing,119,4.1536,5.045659999999999,6.934571999999999,7.0481,119,Shared model-input preparation; model-specific normalization remains in consumer timing.,per-observation exclusive interval; no sum-of-percentiles total
snn32_seed7_forest_anomaly,measured,post_window_recurring,accept,accepted,motion_consumer,119,14.1357,17.91792,24.318155999999995,25.6271,119,Motion consumer including normalization/tensor preparation/prediction decoding.,per-observation exclusive interval; no sum-of-percentiles total
snn32_seed7_forest_anomaly,measured,post_window_recurring,accept,accepted,outer_orchestration_unisolated,119,0.1175,0.16656999999999997,0.24295999999999982,0.2835,119,Direct root/first-post-window remainder outside named child spans.,per-observation exclusive interval; no sum-of-percentiles total
snn32_seed7_forest_anomaly,measured,post_window_recurring,accept,accepted,receiver_binding_sequence_state_unisolated,119,0.1026,0.13279999999999997,0.15539799999999993,0.1616,119,"Verifier remainder including binding, sequence checks, locks/state publication and observer work; NOT isolated sequence latency.",per-observation exclusive interval; no sum-of-percentiles total
snn32_seed7_forest_anomaly,measured,post_window_recurring,accept,accepted,receiver_parsing,119,1.9063,2.4205999999999994,2.8721839999999976,2.9589,119,Envelope and binary parser call.,per-observation exclusive interval; no sum-of-percentiles total
snn32_seed7_forest_anomaly,measured,post_window_recurring,accept,accepted,receiver_quality_check,119,0.7166,0.8998899999999999,0.9986399999999998,1.0251,119,Verifier quality-check call.,per-observation exclusive interval; no sum-of-percentiles total
snn32_seed7_forest_anomaly,measured,post_window_recurring,accept,accepted,receiver_window_hmac,119,0.0243,0.03266999999999998,0.04272799999999996,0.0482,119,"Recorded verifier window-tag calculation, not complete authentication.",per-observation exclusive interval; no sum-of-percentiles total
snn32_seed7_forest_anomaly,measured,post_window_recurring,accept,accepted,reconstruction,119,0.0,0.0,0.0,0.0,0,Actual recorded BCH reconstruction; includes any observer/GC delay.,per-observation exclusive interval; no sum-of-percentiles total
snn32_seed7_forest_anomaly,measured,post_window_recurring,accept,accepted,release_conversion_unisolated,119,0.6493,0.81072,0.9411979999999996,0.951,119,Accepted release remainder including conversion/dispatch/observer work outside consumer children.,per-observation exclusive interval; no sum-of-percentiles total
snn32_seed7_forest_anomaly,measured,post_window_recurring,accept,accepted,sender_binding_unisolated,119,0.1587,0.22868999999999998,0.25678999999999996,0.2905,119,Sender seal remainder: binding/state/orchestration/observer work not separately timed.,per-observation exclusive interval; no sum-of-percentiles total
snn32_seed7_forest_anomaly,measured,post_window_recurring,accept,accepted,sender_serialization_and_quality,119,1.3075,1.7857499999999997,2.126912,2.5474,119,Sender serialization including its quality validation; not separately timed.,per-observation exclusive interval; no sum-of-percentiles total
snn32_seed7_forest_anomaly,measured,post_window_recurring,accept,accepted,sender_window_hmac,119,0.032,0.045819999999999986,0.057109999999999966,0.0604,119,Recorded window-tag generation call.,per-observation exclusive interval; no sum-of-percentiles total
snn32_seed7_forest_anomaly,measured,post_window_recurring,accept,accepted,session_establishment_unisolated,119,0.0,0.0,0.0,0.0,0,"Handshake/request/activation remainder, including unseparated HKDF/confirmation work and observer cost.",per-observation exclusive interval; no sum-of-percentiles total
snn32_seed7_forest_anomaly,measured,post_window_recurring,accept,accepted,simulated_response_read,119,0.0,0.0,0.0,0.0,0,"Modeled response generation, not physical acquisition.",per-observation exclusive interval; no sum-of-percentiles total
snn32_seed7_forest_anomaly,measured,pre_tag_quality_refusal,reject,data_quality_failure,admission_orchestration_unisolated,119,0.0,0.0,0.0,0.0,0,Admission orchestration remainder not covered by named children.,per-observation exclusive interval; no sum-of-percentiles total
snn32_seed7_forest_anomaly,measured,pre_tag_quality_refusal,reject,data_quality_failure,anomaly_consumer,119,0.0,0.0,0.0,0.0,0,Anomaly consumer including feature scaling and frozen-threshold decision.,per-observation exclusive interval; no sum-of-percentiles total
snn32_seed7_forest_anomaly,measured,pre_tag_quality_refusal,reject,data_quality_failure,binary32_adapter,119,0.9864,1.76115,1.9655839999999989,2.275,119,Canonical binary32 input adaptation before sender sealing.,per-observation exclusive interval; no sum-of-percentiles total
snn32_seed7_forest_anomaly,measured,pre_tag_quality_refusal,reject,data_quality_failure,credential_verification,119,0.0,0.0,0.0,0.0,0,Recorded independent credential-verification call(s).,per-observation exclusive interval; no sum-of-percentiles total
snn32_seed7_forest_anomaly,measured,pre_tag_quality_refusal,reject,data_quality_failure,in_memory_audit_measured,119,0.0537,0.07794,0.09094999999999999,0.0927,119,"Recorded audit record/prepare/commit spans, exclusive of their children; not all audit-related overhead and not durable storage.",per-observation exclusive interval; no sum-of-percentiles total
snn32_seed7_forest_anomaly,measured,pre_tag_quality_refusal,reject,data_quality_failure,local_admission_checks,119,0.0,0.0,0.0,0.0,0,"Measured local authorization/binding/consumption calls, excluding nested credential verification.",per-observation exclusive interval; no sum-of-percentiles total
snn32_seed7_forest_anomaly,measured,pre_tag_quality_refusal,reject,data_quality_failure,model_input_preprocessing,119,0.0,0.0,0.0,0.0,0,Shared model-input preparation; model-specific normalization remains in consumer timing.,per-observation exclusive interval; no sum-of-percentiles total
snn32_seed7_forest_anomaly,measured,pre_tag_quality_refusal,reject,data_quality_failure,motion_consumer,119,0.0,0.0,0.0,0.0,0,Motion consumer including normalization/tensor preparation/prediction decoding.,per-observation exclusive interval; no sum-of-percentiles total
snn32_seed7_forest_anomaly,measured,pre_tag_quality_refusal,reject,data_quality_failure,outer_orchestration_unisolated,119,0.0459,0.07975,0.08664799999999999,0.0875,119,Direct root/first-post-window remainder outside named child spans.,per-observation exclusive interval; no sum-of-percentiles total
snn32_seed7_forest_anomaly,measured,pre_tag_quality_refusal,reject,data_quality_failure,receiver_binding_sequence_state_unisolated,119,0.0,0.0,0.0,0.0,0,"Verifier remainder including binding, sequence checks, locks/state publication and observer work; NOT isolated sequence latency.",per-observation exclusive interval; no sum-of-percentiles total
snn32_seed7_forest_anomaly,measured,pre_tag_quality_refusal,reject,data_quality_failure,receiver_parsing,119,0.0,0.0,0.0,0.0,0,Envelope and binary parser call.,per-observation exclusive interval; no sum-of-percentiles total
snn32_seed7_forest_anomaly,measured,pre_tag_quality_refusal,reject,data_quality_failure,receiver_quality_check,119,0.0,0.0,0.0,0.0,0,Verifier quality-check call.,per-observation exclusive interval; no sum-of-percentiles total
snn32_seed7_forest_anomaly,measured,pre_tag_quality_refusal,reject,data_quality_failure,receiver_window_hmac,119,0.0,0.0,0.0,0.0,0,"Recorded verifier window-tag calculation, not complete authentication.",per-observation exclusive interval; no sum-of-percentiles total
snn32_seed7_forest_anomaly,measured,pre_tag_quality_refusal,reject,data_quality_failure,reconstruction,119,0.0,0.0,0.0,0.0,0,Actual recorded BCH reconstruction; includes any observer/GC delay.,per-observation exclusive interval; no sum-of-percentiles total
snn32_seed7_forest_anomaly,measured,pre_tag_quality_refusal,reject,data_quality_failure,release_conversion_unisolated,119,0.0,0.0,0.0,0.0,0,Accepted release remainder including conversion/dispatch/observer work outside consumer children.,per-observation exclusive interval; no sum-of-percentiles total
snn32_seed7_forest_anomaly,measured,pre_tag_quality_refusal,reject,data_quality_failure,sender_binding_unisolated,119,0.0726,0.11394999999999998,0.14893799999999996,0.2729,119,Sender seal remainder: binding/state/orchestration/observer work not separately timed.,per-observation exclusive interval; no sum-of-percentiles total
snn32_seed7_forest_anomaly,measured,pre_tag_quality_refusal,reject,data_quality_failure,sender_serialization_and_quality,119,0.4526,0.77891,0.8425079999999997,0.9124,119,Sender serialization including its quality validation; not separately timed.,per-observation exclusive interval; no sum-of-percentiles total
snn32_seed7_forest_anomaly,measured,pre_tag_quality_refusal,reject,data_quality_failure,sender_window_hmac,119,0.0,0.0,0.0,0.0,0,Recorded window-tag generation call.,per-observation exclusive interval; no sum-of-percentiles total
snn32_seed7_forest_anomaly,measured,pre_tag_quality_refusal,reject,data_quality_failure,session_establishment_unisolated,119,0.0,0.0,0.0,0.0,0,"Handshake/request/activation remainder, including unseparated HKDF/confirmation work and observer cost.",per-observation exclusive interval; no sum-of-percentiles total
snn32_seed7_forest_anomaly,measured,pre_tag_quality_refusal,reject,data_quality_failure,simulated_response_read,119,0.0,0.0,0.0,0.0,0,"Modeled response generation, not physical acquisition.",per-observation exclusive interval; no sum-of-percentiles total
snn32_seed7_forest_anomaly,measured,valid_receiver_after_bad_tag,accept,accepted,admission_orchestration_unisolated,119,0.0,0.0,0.0,0.0,0,Admission orchestration remainder not covered by named children.,per-observation exclusive interval; no sum-of-percentiles total
snn32_seed7_forest_anomaly,measured,valid_receiver_after_bad_tag,accept,accepted,anomaly_consumer,119,7.0642,8.72788,11.249529999999984,11.7534,119,Anomaly consumer including feature scaling and frozen-threshold decision.,per-observation exclusive interval; no sum-of-percentiles total
snn32_seed7_forest_anomaly,measured,valid_receiver_after_bad_tag,accept,accepted,binary32_adapter,119,0.0,0.0,0.0,0.0,0,Canonical binary32 input adaptation before sender sealing.,per-observation exclusive interval; no sum-of-percentiles total
snn32_seed7_forest_anomaly,measured,valid_receiver_after_bad_tag,accept,accepted,credential_verification,119,0.0,0.0,0.0,0.0,0,Recorded independent credential-verification call(s).,per-observation exclusive interval; no sum-of-percentiles total
snn32_seed7_forest_anomaly,measured,valid_receiver_after_bad_tag,accept,accepted,in_memory_audit_measured,119,0.0528,0.07164999999999999,0.07796599999999998,0.0945,119,"Recorded audit record/prepare/commit spans, exclusive of their children; not all audit-related overhead and not durable storage.",per-observation exclusive interval; no sum-of-percentiles total
snn32_seed7_forest_anomaly,measured,valid_receiver_after_bad_tag,accept,accepted,local_admission_checks,119,0.0,0.0,0.0,0.0,0,"Measured local authorization/binding/consumption calls, excluding nested credential verification.",per-observation exclusive interval; no sum-of-percentiles total
snn32_seed7_forest_anomaly,measured,valid_receiver_after_bad_tag,accept,accepted,model_input_preprocessing,119,4.1778,5.248239999999999,5.644511999999999,6.1932,119,Shared model-input preparation; model-specific normalization remains in consumer timing.,per-observation exclusive interval; no sum-of-percentiles total
snn32_seed7_forest_anomaly,measured,valid_receiver_after_bad_tag,accept,accepted,motion_consumer,119,13.8408,15.21954,15.795743999999997,23.1776,119,Motion consumer including normalization/tensor preparation/prediction decoding.,per-observation exclusive interval; no sum-of-percentiles total
snn32_seed7_forest_anomaly,measured,valid_receiver_after_bad_tag,accept,accepted,outer_orchestration_unisolated,119,0.0256,0.03562,0.041755999999999995,0.1369,119,Direct root/first-post-window remainder outside named child spans.,per-observation exclusive interval; no sum-of-percentiles total
snn32_seed7_forest_anomaly,measured,valid_receiver_after_bad_tag,accept,accepted,receiver_binding_sequence_state_unisolated,119,0.1019,0.14861999999999997,0.214666,0.5739,119,"Verifier remainder including binding, sequence checks, locks/state publication and observer work; NOT isolated sequence latency.",per-observation exclusive interval; no sum-of-percentiles total
snn32_seed7_forest_anomaly,measured,valid_receiver_after_bad_tag,accept,accepted,receiver_parsing,119,1.6971,2.10122,2.4073359999999986,2.5948,119,Envelope and binary parser call.,per-observation exclusive interval; no sum-of-percentiles total
snn32_seed7_forest_anomaly,measured,valid_receiver_after_bad_tag,accept,accepted,receiver_quality_check,119,0.7212,0.9056099999999999,1.0152079999999994,1.2035,119,Verifier quality-check call.,per-observation exclusive interval; no sum-of-percentiles total
snn32_seed7_forest_anomaly,measured,valid_receiver_after_bad_tag,accept,accepted,receiver_window_hmac,119,0.0234,0.03382999999999999,0.03641,0.0422,119,"Recorded verifier window-tag calculation, not complete authentication.",per-observation exclusive interval; no sum-of-percentiles total
snn32_seed7_forest_anomaly,measured,valid_receiver_after_bad_tag,accept,accepted,reconstruction,119,0.0,0.0,0.0,0.0,0,Actual recorded BCH reconstruction; includes any observer/GC delay.,per-observation exclusive interval; no sum-of-percentiles total
snn32_seed7_forest_anomaly,measured,valid_receiver_after_bad_tag,accept,accepted,release_conversion_unisolated,119,0.6399,0.7792499999999999,0.9698799999999992,1.2091,119,Accepted release remainder including conversion/dispatch/observer work outside consumer children.,per-observation exclusive interval; no sum-of-percentiles total
snn32_seed7_forest_anomaly,measured,valid_receiver_after_bad_tag,accept,accepted,sender_binding_unisolated,119,0.0,0.0,0.0,0.0,0,Sender seal remainder: binding/state/orchestration/observer work not separately timed.,per-observation exclusive interval; no sum-of-percentiles total
snn32_seed7_forest_anomaly,measured,valid_receiver_after_bad_tag,accept,accepted,sender_serialization_and_quality,119,0.0,0.0,0.0,0.0,0,Sender serialization including its quality validation; not separately timed.,per-observation exclusive interval; no sum-of-percentiles total
snn32_seed7_forest_anomaly,measured,valid_receiver_after_bad_tag,accept,accepted,sender_window_hmac,119,0.0,0.0,0.0,0.0,0,Recorded window-tag generation call.,per-observation exclusive interval; no sum-of-percentiles total
snn32_seed7_forest_anomaly,measured,valid_receiver_after_bad_tag,accept,accepted,session_establishment_unisolated,119,0.0,0.0,0.0,0.0,0,"Handshake/request/activation remainder, including unseparated HKDF/confirmation work and observer cost.",per-observation exclusive interval; no sum-of-percentiles total
snn32_seed7_forest_anomaly,measured,valid_receiver_after_bad_tag,accept,accepted,simulated_response_read,119,0.0,0.0,0.0,0.0,0,"Modeled response generation, not physical acquisition.",per-observation exclusive interval; no sum-of-percentiles total
snn32_seed7_forest_anomaly,warmup,bad_tag_receiver,reject,invalid_tag,admission_orchestration_unisolated,29,0.0,0.0,0.0,0.0,0,Admission orchestration remainder not covered by named children.,per-observation exclusive interval; no sum-of-percentiles total
snn32_seed7_forest_anomaly,warmup,bad_tag_receiver,reject,invalid_tag,anomaly_consumer,29,0.0,0.0,0.0,0.0,0,Anomaly consumer including feature scaling and frozen-threshold decision.,per-observation exclusive interval; no sum-of-percentiles total
snn32_seed7_forest_anomaly,warmup,bad_tag_receiver,reject,invalid_tag,binary32_adapter,29,0.0,0.0,0.0,0.0,0,Canonical binary32 input adaptation before sender sealing.,per-observation exclusive interval; no sum-of-percentiles total
snn32_seed7_forest_anomaly,warmup,bad_tag_receiver,reject,invalid_tag,credential_verification,29,0.0,0.0,0.0,0.0,0,Recorded independent credential-verification call(s).,per-observation exclusive interval; no sum-of-percentiles total
snn32_seed7_forest_anomaly,warmup,bad_tag_receiver,reject,invalid_tag,in_memory_audit_measured,29,0.0443,0.07477999999999997,0.2604039999999997,0.3306,29,"Recorded audit record/prepare/commit spans, exclusive of their children; not all audit-related overhead and not durable storage.",per-observation exclusive interval; no sum-of-percentiles total
snn32_seed7_forest_anomaly,warmup,bad_tag_receiver,reject,invalid_tag,local_admission_checks,29,0.0,0.0,0.0,0.0,0,"Measured local authorization/binding/consumption calls, excluding nested credential verification.",per-observation exclusive interval; no sum-of-percentiles total
snn32_seed7_forest_anomaly,warmup,bad_tag_receiver,reject,invalid_tag,model_input_preprocessing,29,0.0,0.0,0.0,0.0,0,Shared model-input preparation; model-specific normalization remains in consumer timing.,per-observation exclusive interval; no sum-of-percentiles total
snn32_seed7_forest_anomaly,warmup,bad_tag_receiver,reject,invalid_tag,motion_consumer,29,0.0,0.0,0.0,0.0,0,Motion consumer including normalization/tensor preparation/prediction decoding.,per-observation exclusive interval; no sum-of-percentiles total
snn32_seed7_forest_anomaly,warmup,bad_tag_receiver,reject,invalid_tag,outer_orchestration_unisolated,29,0.0152,0.020039999999999995,0.022311999999999995,0.0229,29,Direct root/first-post-window remainder outside named child spans.,per-observation exclusive interval; no sum-of-percentiles total
snn32_seed7_forest_anomaly,warmup,bad_tag_receiver,reject,invalid_tag,receiver_binding_sequence_state_unisolated,29,0.1235,0.19781999999999988,0.22969199999999998,0.2342,29,"Verifier remainder including binding, sequence checks, locks/state publication and observer work; NOT isolated sequence latency.",per-observation exclusive interval; no sum-of-percentiles total
snn32_seed7_forest_anomaly,warmup,bad_tag_receiver,reject,invalid_tag,receiver_parsing,29,1.8103,2.0411599999999996,2.193344,2.2382,29,Envelope and binary parser call.,per-observation exclusive interval; no sum-of-percentiles total
snn32_seed7_forest_anomaly,warmup,bad_tag_receiver,reject,invalid_tag,receiver_quality_check,29,0.0,0.0,0.0,0.0,0,Verifier quality-check call.,per-observation exclusive interval; no sum-of-percentiles total
snn32_seed7_forest_anomaly,warmup,bad_tag_receiver,reject,invalid_tag,receiver_window_hmac,29,0.0283,0.057859999999999925,0.09741199999999996,0.1078,29,"Recorded verifier window-tag calculation, not complete authentication.",per-observation exclusive interval; no sum-of-percentiles total
snn32_seed7_forest_anomaly,warmup,bad_tag_receiver,reject,invalid_tag,reconstruction,29,0.0,0.0,0.0,0.0,0,Actual recorded BCH reconstruction; includes any observer/GC delay.,per-observation exclusive interval; no sum-of-percentiles total
snn32_seed7_forest_anomaly,warmup,bad_tag_receiver,reject,invalid_tag,release_conversion_unisolated,29,0.0,0.0,0.0,0.0,0,Accepted release remainder including conversion/dispatch/observer work outside consumer children.,per-observation exclusive interval; no sum-of-percentiles total
snn32_seed7_forest_anomaly,warmup,bad_tag_receiver,reject,invalid_tag,sender_binding_unisolated,29,0.0,0.0,0.0,0.0,0,Sender seal remainder: binding/state/orchestration/observer work not separately timed.,per-observation exclusive interval; no sum-of-percentiles total
snn32_seed7_forest_anomaly,warmup,bad_tag_receiver,reject,invalid_tag,sender_serialization_and_quality,29,0.0,0.0,0.0,0.0,0,Sender serialization including its quality validation; not separately timed.,per-observation exclusive interval; no sum-of-percentiles total
snn32_seed7_forest_anomaly,warmup,bad_tag_receiver,reject,invalid_tag,sender_window_hmac,29,0.0,0.0,0.0,0.0,0,Recorded window-tag generation call.,per-observation exclusive interval; no sum-of-percentiles total
snn32_seed7_forest_anomaly,warmup,bad_tag_receiver,reject,invalid_tag,session_establishment_unisolated,29,0.0,0.0,0.0,0.0,0,"Handshake/request/activation remainder, including unseparated HKDF/confirmation work and observer cost.",per-observation exclusive interval; no sum-of-percentiles total
snn32_seed7_forest_anomaly,warmup,bad_tag_receiver,reject,invalid_tag,simulated_response_read,29,0.0,0.0,0.0,0.0,0,"Modeled response generation, not physical acquisition.",per-observation exclusive interval; no sum-of-percentiles total
snn32_seed7_forest_anomaly,warmup,exact_replay_receiver,reject,duplicate_sequence,admission_orchestration_unisolated,29,0.0,0.0,0.0,0.0,0,Admission orchestration remainder not covered by named children.,per-observation exclusive interval; no sum-of-percentiles total
snn32_seed7_forest_anomaly,warmup,exact_replay_receiver,reject,duplicate_sequence,anomaly_consumer,29,0.0,0.0,0.0,0.0,0,Anomaly consumer including feature scaling and frozen-threshold decision.,per-observation exclusive interval; no sum-of-percentiles total
snn32_seed7_forest_anomaly,warmup,exact_replay_receiver,reject,duplicate_sequence,binary32_adapter,29,0.0,0.0,0.0,0.0,0,Canonical binary32 input adaptation before sender sealing.,per-observation exclusive interval; no sum-of-percentiles total
snn32_seed7_forest_anomaly,warmup,exact_replay_receiver,reject,duplicate_sequence,credential_verification,29,0.0,0.0,0.0,0.0,0,Recorded independent credential-verification call(s).,per-observation exclusive interval; no sum-of-percentiles total
snn32_seed7_forest_anomaly,warmup,exact_replay_receiver,reject,duplicate_sequence,in_memory_audit_measured,29,0.0764,0.08934,0.09653999999999999,0.0992,29,"Recorded audit record/prepare/commit spans, exclusive of their children; not all audit-related overhead and not durable storage.",per-observation exclusive interval; no sum-of-percentiles total
snn32_seed7_forest_anomaly,warmup,exact_replay_receiver,reject,duplicate_sequence,local_admission_checks,29,0.0,0.0,0.0,0.0,0,"Measured local authorization/binding/consumption calls, excluding nested credential verification.",per-observation exclusive interval; no sum-of-percentiles total
snn32_seed7_forest_anomaly,warmup,exact_replay_receiver,reject,duplicate_sequence,model_input_preprocessing,29,0.0,0.0,0.0,0.0,0,Shared model-input preparation; model-specific normalization remains in consumer timing.,per-observation exclusive interval; no sum-of-percentiles total
snn32_seed7_forest_anomaly,warmup,exact_replay_receiver,reject,duplicate_sequence,motion_consumer,29,0.0,0.0,0.0,0.0,0,Motion consumer including normalization/tensor preparation/prediction decoding.,per-observation exclusive interval; no sum-of-percentiles total
snn32_seed7_forest_anomaly,warmup,exact_replay_receiver,reject,duplicate_sequence,outer_orchestration_unisolated,29,0.0141,0.0178,0.018144,0.0182,29,Direct root/first-post-window remainder outside named child spans.,per-observation exclusive interval; no sum-of-percentiles total
snn32_seed7_forest_anomaly,warmup,exact_replay_receiver,reject,duplicate_sequence,receiver_binding_sequence_state_unisolated,29,0.1614,0.20789999999999997,0.23473199999999997,0.2433,29,"Verifier remainder including binding, sequence checks, locks/state publication and observer work; NOT isolated sequence latency.",per-observation exclusive interval; no sum-of-percentiles total
snn32_seed7_forest_anomaly,warmup,exact_replay_receiver,reject,duplicate_sequence,receiver_parsing,29,2.0139,2.48872,2.589472,2.6245,29,Envelope and binary parser call.,per-observation exclusive interval; no sum-of-percentiles total
snn32_seed7_forest_anomaly,warmup,exact_replay_receiver,reject,duplicate_sequence,receiver_quality_check,29,0.7327,0.94732,1.1164319999999999,1.1782,29,Verifier quality-check call.,per-observation exclusive interval; no sum-of-percentiles total
snn32_seed7_forest_anomaly,warmup,exact_replay_receiver,reject,duplicate_sequence,receiver_window_hmac,29,0.0338,0.04172,0.044288,0.0451,29,"Recorded verifier window-tag calculation, not complete authentication.",per-observation exclusive interval; no sum-of-percentiles total
snn32_seed7_forest_anomaly,warmup,exact_replay_receiver,reject,duplicate_sequence,reconstruction,29,0.0,0.0,0.0,0.0,0,Actual recorded BCH reconstruction; includes any observer/GC delay.,per-observation exclusive interval; no sum-of-percentiles total
snn32_seed7_forest_anomaly,warmup,exact_replay_receiver,reject,duplicate_sequence,release_conversion_unisolated,29,0.0,0.0,0.0,0.0,0,Accepted release remainder including conversion/dispatch/observer work outside consumer children.,per-observation exclusive interval; no sum-of-percentiles total
snn32_seed7_forest_anomaly,warmup,exact_replay_receiver,reject,duplicate_sequence,sender_binding_unisolated,29,0.0,0.0,0.0,0.0,0,Sender seal remainder: binding/state/orchestration/observer work not separately timed.,per-observation exclusive interval; no sum-of-percentiles total
snn32_seed7_forest_anomaly,warmup,exact_replay_receiver,reject,duplicate_sequence,sender_serialization_and_quality,29,0.0,0.0,0.0,0.0,0,Sender serialization including its quality validation; not separately timed.,per-observation exclusive interval; no sum-of-percentiles total
snn32_seed7_forest_anomaly,warmup,exact_replay_receiver,reject,duplicate_sequence,sender_window_hmac,29,0.0,0.0,0.0,0.0,0,Recorded window-tag generation call.,per-observation exclusive interval; no sum-of-percentiles total
snn32_seed7_forest_anomaly,warmup,exact_replay_receiver,reject,duplicate_sequence,session_establishment_unisolated,29,0.0,0.0,0.0,0.0,0,"Handshake/request/activation remainder, including unseparated HKDF/confirmation work and observer cost.",per-observation exclusive interval; no sum-of-percentiles total
snn32_seed7_forest_anomaly,warmup,exact_replay_receiver,reject,duplicate_sequence,simulated_response_read,29,0.0,0.0,0.0,0.0,0,"Modeled response generation, not physical acquisition.",per-observation exclusive interval; no sum-of-percentiles total
snn32_seed7_forest_anomaly,warmup,fresh_to_first_window,accept,accepted,admission_orchestration_unisolated,29,0.0659,0.09193999999999997,0.10399599999999999,0.1066,29,Admission orchestration remainder not covered by named children.,per-observation exclusive interval; no sum-of-percentiles total
snn32_seed7_forest_anomaly,warmup,fresh_to_first_window,accept,accepted,anomaly_consumer,29,8.454,9.4462,9.756256,9.8647,29,Anomaly consumer including feature scaling and frozen-threshold decision.,per-observation exclusive interval; no sum-of-percentiles total
snn32_seed7_forest_anomaly,warmup,fresh_to_first_window,accept,accepted,binary32_adapter,29,1.399,1.68346,1.75598,1.7809,29,Canonical binary32 input adaptation before sender sealing.,per-observation exclusive interval; no sum-of-percentiles total
snn32_seed7_forest_anomaly,warmup,fresh_to_first_window,accept,accepted,credential_verification,29,0.0675,0.09291999999999996,0.11213599999999999,0.1167,29,Recorded independent credential-verification call(s).,per-observation exclusive interval; no sum-of-percentiles total
snn32_seed7_forest_anomaly,warmup,fresh_to_first_window,accept,accepted,in_memory_audit_measured,29,0.2586,0.30798,0.34129999999999994,0.3532,29,"Recorded audit record/prepare/commit spans, exclusive of their children; not all audit-related overhead and not durable storage.",per-observation exclusive interval; no sum-of-percentiles total
snn32_seed7_forest_anomaly,warmup,fresh_to_first_window,accept,accepted,local_admission_checks,29,0.0752,0.09477999999999999,0.10518799999999999,0.1081,29,"Measured local authorization/binding/consumption calls, excluding nested credential verification.",per-observation exclusive interval; no sum-of-percentiles total
snn32_seed7_forest_anomaly,warmup,fresh_to_first_window,accept,accepted,model_input_preprocessing,29,4.3483,4.9845,5.107396,5.1478,29,Shared model-input preparation; model-specific normalization remains in consumer timing.,per-observation exclusive interval; no sum-of-percentiles total
snn32_seed7_forest_anomaly,warmup,fresh_to_first_window,accept,accepted,motion_consumer,29,15.0374,16.779359999999997,17.680896,17.8907,29,Motion consumer including normalization/tensor preparation/prediction decoding.,per-observation exclusive interval; no sum-of-percentiles total
snn32_seed7_forest_anomaly,warmup,fresh_to_first_window,accept,accepted,outer_orchestration_unisolated,29,0.1462,0.18148,0.19965599999999997,0.2066,29,Direct root/first-post-window remainder outside named child spans.,per-observation exclusive interval; no sum-of-percentiles total
snn32_seed7_forest_anomaly,warmup,fresh_to_first_window,accept,accepted,receiver_binding_sequence_state_unisolated,29,0.1126,0.13197999999999996,0.135876,0.1361,29,"Verifier remainder including binding, sequence checks, locks/state publication and observer work; NOT isolated sequence latency.",per-observation exclusive interval; no sum-of-percentiles total
snn32_seed7_forest_anomaly,warmup,fresh_to_first_window,accept,accepted,receiver_parsing,29,2.0626,2.40224,2.6459759999999997,2.7393,29,Envelope and binary parser call.,per-observation exclusive interval; no sum-of-percentiles total
snn32_seed7_forest_anomaly,warmup,fresh_to_first_window,accept,accepted,receiver_quality_check,29,0.7543,0.9404399999999998,1.0945519999999997,1.1475,29,Verifier quality-check call.,per-observation exclusive interval; no sum-of-percentiles total
snn32_seed7_forest_anomaly,warmup,fresh_to_first_window,accept,accepted,receiver_window_hmac,29,0.0252,0.03082,0.03182,0.0321,29,"Recorded verifier window-tag calculation, not complete authentication.",per-observation exclusive interval; no sum-of-percentiles total
snn32_seed7_forest_anomaly,warmup,fresh_to_first_window,accept,accepted,reconstruction,29,5.7777,7.24442,7.431388,7.4882,29,Actual recorded BCH reconstruction; includes any observer/GC delay.,per-observation exclusive interval; no sum-of-percentiles total
snn32_seed7_forest_anomaly,warmup,fresh_to_first_window,accept,accepted,release_conversion_unisolated,29,0.6701,0.8273,1.1180519999999996,1.227,29,Accepted release remainder including conversion/dispatch/observer work outside consumer children.,per-observation exclusive interval; no sum-of-percentiles total
snn32_seed7_forest_anomaly,warmup,fresh_to_first_window,accept,accepted,sender_binding_unisolated,29,0.1509,0.19811999999999996,0.213304,0.2163,29,Sender seal remainder: binding/state/orchestration/observer work not separately timed.,per-observation exclusive interval; no sum-of-percentiles total
snn32_seed7_forest_anomaly,warmup,fresh_to_first_window,accept,accepted,sender_serialization_and_quality,29,1.3505,1.6536,1.8023679999999997,1.8575,29,Sender serialization including its quality validation; not separately timed.,per-observation exclusive interval; no sum-of-percentiles total
snn32_seed7_forest_anomaly,warmup,fresh_to_first_window,accept,accepted,sender_window_hmac,29,0.026,0.031599999999999996,0.032272,0.0323,29,Recorded window-tag generation call.,per-observation exclusive interval; no sum-of-percentiles total
snn32_seed7_forest_anomaly,warmup,fresh_to_first_window,accept,accepted,session_establishment_unisolated,29,0.5361,0.70278,0.731404,0.7414,29,"Handshake/request/activation remainder, including unseparated HKDF/confirmation work and observer cost.",per-observation exclusive interval; no sum-of-percentiles total
snn32_seed7_forest_anomaly,warmup,fresh_to_first_window,accept,accepted,simulated_response_read,29,0.2229,0.31992,0.34075999999999995,0.3486,29,"Modeled response generation, not physical acquisition.",per-observation exclusive interval; no sum-of-percentiles total
snn32_seed7_forest_anomaly,warmup,malformed_json_receiver,reject,malformed_message,admission_orchestration_unisolated,29,0.0,0.0,0.0,0.0,0,Admission orchestration remainder not covered by named children.,per-observation exclusive interval; no sum-of-percentiles total
snn32_seed7_forest_anomaly,warmup,malformed_json_receiver,reject,malformed_message,anomaly_consumer,29,0.0,0.0,0.0,0.0,0,Anomaly consumer including feature scaling and frozen-threshold decision.,per-observation exclusive interval; no sum-of-percentiles total
snn32_seed7_forest_anomaly,warmup,malformed_json_receiver,reject,malformed_message,binary32_adapter,29,0.0,0.0,0.0,0.0,0,Canonical binary32 input adaptation before sender sealing.,per-observation exclusive interval; no sum-of-percentiles total
snn32_seed7_forest_anomaly,warmup,malformed_json_receiver,reject,malformed_message,credential_verification,29,0.0,0.0,0.0,0.0,0,Recorded independent credential-verification call(s).,per-observation exclusive interval; no sum-of-percentiles total
snn32_seed7_forest_anomaly,warmup,malformed_json_receiver,reject,malformed_message,in_memory_audit_measured,29,0.0596,0.08735999999999998,0.090272,0.0903,29,"Recorded audit record/prepare/commit spans, exclusive of their children; not all audit-related overhead and not durable storage.",per-observation exclusive interval; no sum-of-percentiles total
snn32_seed7_forest_anomaly,warmup,malformed_json_receiver,reject,malformed_message,local_admission_checks,29,0.0,0.0,0.0,0.0,0,"Measured local authorization/binding/consumption calls, excluding nested credential verification.",per-observation exclusive interval; no sum-of-percentiles total
snn32_seed7_forest_anomaly,warmup,malformed_json_receiver,reject,malformed_message,model_input_preprocessing,29,0.0,0.0,0.0,0.0,0,Shared model-input preparation; model-specific normalization remains in consumer timing.,per-observation exclusive interval; no sum-of-percentiles total
snn32_seed7_forest_anomaly,warmup,malformed_json_receiver,reject,malformed_message,motion_consumer,29,0.0,0.0,0.0,0.0,0,Motion consumer including normalization/tensor preparation/prediction decoding.,per-observation exclusive interval; no sum-of-percentiles total
snn32_seed7_forest_anomaly,warmup,malformed_json_receiver,reject,malformed_message,outer_orchestration_unisolated,29,0.0107,0.01482,0.015044,0.0151,29,Direct root/first-post-window remainder outside named child spans.,per-observation exclusive interval; no sum-of-percentiles total
snn32_seed7_forest_anomaly,warmup,malformed_json_receiver,reject,malformed_message,receiver_binding_sequence_state_unisolated,29,0.0527,0.07604,0.09332799999999997,0.0996,29,"Verifier remainder including binding, sequence checks, locks/state publication and observer work; NOT isolated sequence latency.",per-observation exclusive interval; no sum-of-percentiles total
snn32_seed7_forest_anomaly,warmup,malformed_json_receiver,reject,malformed_message,receiver_parsing,29,0.039,0.05112,0.051488,0.0516,29,Envelope and binary parser call.,per-observation exclusive interval; no sum-of-percentiles total
snn32_seed7_forest_anomaly,warmup,malformed_json_receiver,reject,malformed_message,receiver_quality_check,29,0.0,0.0,0.0,0.0,0,Verifier quality-check call.,per-observation exclusive interval; no sum-of-percentiles total
snn32_seed7_forest_anomaly,warmup,malformed_json_receiver,reject,malformed_message,receiver_window_hmac,29,0.0,0.0,0.0,0.0,0,"Recorded verifier window-tag calculation, not complete authentication.",per-observation exclusive interval; no sum-of-percentiles total
snn32_seed7_forest_anomaly,warmup,malformed_json_receiver,reject,malformed_message,reconstruction,29,0.0,0.0,0.0,0.0,0,Actual recorded BCH reconstruction; includes any observer/GC delay.,per-observation exclusive interval; no sum-of-percentiles total
snn32_seed7_forest_anomaly,warmup,malformed_json_receiver,reject,malformed_message,release_conversion_unisolated,29,0.0,0.0,0.0,0.0,0,Accepted release remainder including conversion/dispatch/observer work outside consumer children.,per-observation exclusive interval; no sum-of-percentiles total
snn32_seed7_forest_anomaly,warmup,malformed_json_receiver,reject,malformed_message,sender_binding_unisolated,29,0.0,0.0,0.0,0.0,0,Sender seal remainder: binding/state/orchestration/observer work not separately timed.,per-observation exclusive interval; no sum-of-percentiles total
snn32_seed7_forest_anomaly,warmup,malformed_json_receiver,reject,malformed_message,sender_serialization_and_quality,29,0.0,0.0,0.0,0.0,0,Sender serialization including its quality validation; not separately timed.,per-observation exclusive interval; no sum-of-percentiles total
snn32_seed7_forest_anomaly,warmup,malformed_json_receiver,reject,malformed_message,sender_window_hmac,29,0.0,0.0,0.0,0.0,0,Recorded window-tag generation call.,per-observation exclusive interval; no sum-of-percentiles total
snn32_seed7_forest_anomaly,warmup,malformed_json_receiver,reject,malformed_message,session_establishment_unisolated,29,0.0,0.0,0.0,0.0,0,"Handshake/request/activation remainder, including unseparated HKDF/confirmation work and observer cost.",per-observation exclusive interval; no sum-of-percentiles total
snn32_seed7_forest_anomaly,warmup,malformed_json_receiver,reject,malformed_message,simulated_response_read,29,0.0,0.0,0.0,0.0,0,"Modeled response generation, not physical acquisition.",per-observation exclusive interval; no sum-of-percentiles total
snn32_seed7_forest_anomaly,warmup,post_window_after_refusals,accept,accepted,admission_orchestration_unisolated,29,0.0,0.0,0.0,0.0,0,Admission orchestration remainder not covered by named children.,per-observation exclusive interval; no sum-of-percentiles total
snn32_seed7_forest_anomaly,warmup,post_window_after_refusals,accept,accepted,anomaly_consumer,29,7.9593,10.5489,10.674628,10.6809,29,Anomaly consumer including feature scaling and frozen-threshold decision.,per-observation exclusive interval; no sum-of-percentiles total
snn32_seed7_forest_anomaly,warmup,post_window_after_refusals,accept,accepted,binary32_adapter,29,1.3149,1.6341,1.690468,1.7064,29,Canonical binary32 input adaptation before sender sealing.,per-observation exclusive interval; no sum-of-percentiles total
snn32_seed7_forest_anomaly,warmup,post_window_after_refusals,accept,accepted,credential_verification,29,0.0,0.0,0.0,0.0,0,Recorded independent credential-verification call(s).,per-observation exclusive interval; no sum-of-percentiles total
snn32_seed7_forest_anomaly,warmup,post_window_after_refusals,accept,accepted,in_memory_audit_measured,29,0.1094,0.19065999999999986,0.5225879999999995,0.6403,29,"Recorded audit record/prepare/commit spans, exclusive of their children; not all audit-related overhead and not durable storage.",per-observation exclusive interval; no sum-of-percentiles total
snn32_seed7_forest_anomaly,warmup,post_window_after_refusals,accept,accepted,local_admission_checks,29,0.0,0.0,0.0,0.0,0,"Measured local authorization/binding/consumption calls, excluding nested credential verification.",per-observation exclusive interval; no sum-of-percentiles total
snn32_seed7_forest_anomaly,warmup,post_window_after_refusals,accept,accepted,model_input_preprocessing,29,4.218,5.19218,5.3975,5.4633,29,Shared model-input preparation; model-specific normalization remains in consumer timing.,per-observation exclusive interval; no sum-of-percentiles total
snn32_seed7_forest_anomaly,warmup,post_window_after_refusals,accept,accepted,motion_consumer,29,14.0715,18.27158,19.630283999999996,20.1405,29,Motion consumer including normalization/tensor preparation/prediction decoding.,per-observation exclusive interval; no sum-of-percentiles total
snn32_seed7_forest_anomaly,warmup,post_window_after_refusals,accept,accepted,outer_orchestration_unisolated,29,0.1004,0.14396,0.1504,0.1525,29,Direct root/first-post-window remainder outside named child spans.,per-observation exclusive interval; no sum-of-percentiles total
snn32_seed7_forest_anomaly,warmup,post_window_after_refusals,accept,accepted,receiver_binding_sequence_state_unisolated,29,0.1162,0.14195999999999998,0.15509599999999998,0.1591,29,"Verifier remainder including binding, sequence checks, locks/state publication and observer work; NOT isolated sequence latency.",per-observation exclusive interval; no sum-of-percentiles total
snn32_seed7_forest_anomaly,warmup,post_window_after_refusals,accept,accepted,receiver_parsing,29,2.2005,4.79396,5.055088,5.1322,29,Envelope and binary parser call.,per-observation exclusive interval; no sum-of-percentiles total
snn32_seed7_forest_anomaly,warmup,post_window_after_refusals,accept,accepted,receiver_quality_check,29,0.7261,0.92348,0.926608,0.9277,29,Verifier quality-check call.,per-observation exclusive interval; no sum-of-percentiles total
snn32_seed7_forest_anomaly,warmup,post_window_after_refusals,accept,accepted,receiver_window_hmac,29,0.031,0.04056,0.042856,0.0435,29,"Recorded verifier window-tag calculation, not complete authentication.",per-observation exclusive interval; no sum-of-percentiles total
snn32_seed7_forest_anomaly,warmup,post_window_after_refusals,accept,accepted,reconstruction,29,0.0,0.0,0.0,0.0,0,Actual recorded BCH reconstruction; includes any observer/GC delay.,per-observation exclusive interval; no sum-of-percentiles total
snn32_seed7_forest_anomaly,warmup,post_window_after_refusals,accept,accepted,release_conversion_unisolated,29,0.6502,0.80328,0.8645279999999999,0.8848,29,Accepted release remainder including conversion/dispatch/observer work outside consumer children.,per-observation exclusive interval; no sum-of-percentiles total
snn32_seed7_forest_anomaly,warmup,post_window_after_refusals,accept,accepted,sender_binding_unisolated,29,0.1646,0.23919999999999994,0.26092,0.2654,29,Sender seal remainder: binding/state/orchestration/observer work not separately timed.,per-observation exclusive interval; no sum-of-percentiles total
snn32_seed7_forest_anomaly,warmup,post_window_after_refusals,accept,accepted,sender_serialization_and_quality,29,1.3977,1.7438,1.796784,1.8093,29,Sender serialization including its quality validation; not separately timed.,per-observation exclusive interval; no sum-of-percentiles total
snn32_seed7_forest_anomaly,warmup,post_window_after_refusals,accept,accepted,sender_window_hmac,29,0.0354,0.048679999999999994,0.049672,0.0497,29,Recorded window-tag generation call.,per-observation exclusive interval; no sum-of-percentiles total
snn32_seed7_forest_anomaly,warmup,post_window_after_refusals,accept,accepted,session_establishment_unisolated,29,0.0,0.0,0.0,0.0,0,"Handshake/request/activation remainder, including unseparated HKDF/confirmation work and observer cost.",per-observation exclusive interval; no sum-of-percentiles total
snn32_seed7_forest_anomaly,warmup,post_window_after_refusals,accept,accepted,simulated_response_read,29,0.0,0.0,0.0,0.0,0,"Modeled response generation, not physical acquisition.",per-observation exclusive interval; no sum-of-percentiles total
snn32_seed7_forest_anomaly,warmup,post_window_recurring,accept,accepted,admission_orchestration_unisolated,29,0.0,0.0,0.0,0.0,0,Admission orchestration remainder not covered by named children.,per-observation exclusive interval; no sum-of-percentiles total
snn32_seed7_forest_anomaly,warmup,post_window_recurring,accept,accepted,anomaly_consumer,29,8.1926,9.33108,9.878192,10.0528,29,Anomaly consumer including feature scaling and frozen-threshold decision.,per-observation exclusive interval; no sum-of-percentiles total
snn32_seed7_forest_anomaly,warmup,post_window_recurring,accept,accepted,binary32_adapter,29,1.3863,1.67482,1.693508,1.6974,29,Canonical binary32 input adaptation before sender sealing.,per-observation exclusive interval; no sum-of-percentiles total
snn32_seed7_forest_anomaly,warmup,post_window_recurring,accept,accepted,credential_verification,29,0.0,0.0,0.0,0.0,0,Recorded independent credential-verification call(s).,per-observation exclusive interval; no sum-of-percentiles total
snn32_seed7_forest_anomaly,warmup,post_window_recurring,accept,accepted,in_memory_audit_measured,29,0.1203,0.14032,0.19355199999999992,0.2136,29,"Recorded audit record/prepare/commit spans, exclusive of their children; not all audit-related overhead and not durable storage.",per-observation exclusive interval; no sum-of-percentiles total
snn32_seed7_forest_anomaly,warmup,post_window_recurring,accept,accepted,local_admission_checks,29,0.0,0.0,0.0,0.0,0,"Measured local authorization/binding/consumption calls, excluding nested credential verification.",per-observation exclusive interval; no sum-of-percentiles total
snn32_seed7_forest_anomaly,warmup,post_window_recurring,accept,accepted,model_input_preprocessing,29,4.4279,4.98268,5.167936,5.2201,29,Shared model-input preparation; model-specific normalization remains in consumer timing.,per-observation exclusive interval; no sum-of-percentiles total
snn32_seed7_forest_anomaly,warmup,post_window_recurring,accept,accepted,motion_consumer,29,15.5455,17.819639999999996,18.834568,18.9842,29,Motion consumer including normalization/tensor preparation/prediction decoding.,per-observation exclusive interval; no sum-of-percentiles total
snn32_seed7_forest_anomaly,warmup,post_window_recurring,accept,accepted,outer_orchestration_unisolated,29,0.1234,0.14876,0.16889599999999996,0.1757,29,Direct root/first-post-window remainder outside named child spans.,per-observation exclusive interval; no sum-of-percentiles total
snn32_seed7_forest_anomaly,warmup,post_window_recurring,accept,accepted,receiver_binding_sequence_state_unisolated,29,0.1137,0.14983999999999997,0.18320799999999998,0.1934,29,"Verifier remainder including binding, sequence checks, locks/state publication and observer work; NOT isolated sequence latency.",per-observation exclusive interval; no sum-of-percentiles total
snn32_seed7_forest_anomaly,warmup,post_window_recurring,accept,accepted,receiver_parsing,29,1.973,2.30904,2.392376,2.4192,29,Envelope and binary parser call.,per-observation exclusive interval; no sum-of-percentiles total
snn32_seed7_forest_anomaly,warmup,post_window_recurring,accept,accepted,receiver_quality_check,29,0.7432,0.86832,0.875944,0.876,29,Verifier quality-check call.,per-observation exclusive interval; no sum-of-percentiles total
snn32_seed7_forest_anomaly,warmup,post_window_recurring,accept,accepted,receiver_window_hmac,29,0.0283,0.03006,0.03139599999999999,0.0319,29,"Recorded verifier window-tag calculation, not complete authentication.",per-observation exclusive interval; no sum-of-percentiles total
snn32_seed7_forest_anomaly,warmup,post_window_recurring,accept,accepted,reconstruction,29,0.0,0.0,0.0,0.0,0,Actual recorded BCH reconstruction; includes any observer/GC delay.,per-observation exclusive interval; no sum-of-percentiles total
snn32_seed7_forest_anomaly,warmup,post_window_recurring,accept,accepted,release_conversion_unisolated,29,0.6916,0.798,0.9143199999999998,0.9594,29,Accepted release remainder including conversion/dispatch/observer work outside consumer children.,per-observation exclusive interval; no sum-of-percentiles total
snn32_seed7_forest_anomaly,warmup,post_window_recurring,accept,accepted,sender_binding_unisolated,29,0.1718,0.19813999999999998,0.21313199999999996,0.2175,29,Sender seal remainder: binding/state/orchestration/observer work not separately timed.,per-observation exclusive interval; no sum-of-percentiles total
snn32_seed7_forest_anomaly,warmup,post_window_recurring,accept,accepted,sender_serialization_and_quality,29,1.3256,1.59142,1.8361479999999994,1.9302,29,Sender serialization including its quality validation; not separately timed.,per-observation exclusive interval; no sum-of-percentiles total
snn32_seed7_forest_anomaly,warmup,post_window_recurring,accept,accepted,sender_window_hmac,29,0.0328,0.04156,0.044967999999999994,0.0462,29,Recorded window-tag generation call.,per-observation exclusive interval; no sum-of-percentiles total
snn32_seed7_forest_anomaly,warmup,post_window_recurring,accept,accepted,session_establishment_unisolated,29,0.0,0.0,0.0,0.0,0,"Handshake/request/activation remainder, including unseparated HKDF/confirmation work and observer cost.",per-observation exclusive interval; no sum-of-percentiles total
snn32_seed7_forest_anomaly,warmup,post_window_recurring,accept,accepted,simulated_response_read,29,0.0,0.0,0.0,0.0,0,"Modeled response generation, not physical acquisition.",per-observation exclusive interval; no sum-of-percentiles total
snn32_seed7_forest_anomaly,warmup,pre_tag_quality_refusal,reject,data_quality_failure,admission_orchestration_unisolated,29,0.0,0.0,0.0,0.0,0,Admission orchestration remainder not covered by named children.,per-observation exclusive interval; no sum-of-percentiles total
snn32_seed7_forest_anomaly,warmup,pre_tag_quality_refusal,reject,data_quality_failure,anomaly_consumer,29,0.0,0.0,0.0,0.0,0,Anomaly consumer including feature scaling and frozen-threshold decision.,per-observation exclusive interval; no sum-of-percentiles total
snn32_seed7_forest_anomaly,warmup,pre_tag_quality_refusal,reject,data_quality_failure,binary32_adapter,29,1.3817,1.66046,1.716484,1.736,29,Canonical binary32 input adaptation before sender sealing.,per-observation exclusive interval; no sum-of-percentiles total
snn32_seed7_forest_anomaly,warmup,pre_tag_quality_refusal,reject,data_quality_failure,credential_verification,29,0.0,0.0,0.0,0.0,0,Recorded independent credential-verification call(s).,per-observation exclusive interval; no sum-of-percentiles total
snn32_seed7_forest_anomaly,warmup,pre_tag_quality_refusal,reject,data_quality_failure,in_memory_audit_measured,29,0.0675,0.08502,0.088548,0.0895,29,"Recorded audit record/prepare/commit spans, exclusive of their children; not all audit-related overhead and not durable storage.",per-observation exclusive interval; no sum-of-percentiles total
snn32_seed7_forest_anomaly,warmup,pre_tag_quality_refusal,reject,data_quality_failure,local_admission_checks,29,0.0,0.0,0.0,0.0,0,"Measured local authorization/binding/consumption calls, excluding nested credential verification.",per-observation exclusive interval; no sum-of-percentiles total
snn32_seed7_forest_anomaly,warmup,pre_tag_quality_refusal,reject,data_quality_failure,model_input_preprocessing,29,0.0,0.0,0.0,0.0,0,Shared model-input preparation; model-specific normalization remains in consumer timing.,per-observation exclusive interval; no sum-of-percentiles total
snn32_seed7_forest_anomaly,warmup,pre_tag_quality_refusal,reject,data_quality_failure,motion_consumer,29,0.0,0.0,0.0,0.0,0,Motion consumer including normalization/tensor preparation/prediction decoding.,per-observation exclusive interval; no sum-of-percentiles total
snn32_seed7_forest_anomaly,warmup,pre_tag_quality_refusal,reject,data_quality_failure,outer_orchestration_unisolated,29,0.0641,0.09273999999999998,0.20004399999999983,0.24,29,Direct root/first-post-window remainder outside named child spans.,per-observation exclusive interval; no sum-of-percentiles total
snn32_seed7_forest_anomaly,warmup,pre_tag_quality_refusal,reject,data_quality_failure,receiver_binding_sequence_state_unisolated,29,0.0,0.0,0.0,0.0,0,"Verifier remainder including binding, sequence checks, locks/state publication and observer work; NOT isolated sequence latency.",per-observation exclusive interval; no sum-of-percentiles total
snn32_seed7_forest_anomaly,warmup,pre_tag_quality_refusal,reject,data_quality_failure,receiver_parsing,29,0.0,0.0,0.0,0.0,0,Envelope and binary parser call.,per-observation exclusive interval; no sum-of-percentiles total
snn32_seed7_forest_anomaly,warmup,pre_tag_quality_refusal,reject,data_quality_failure,receiver_quality_check,29,0.0,0.0,0.0,0.0,0,Verifier quality-check call.,per-observation exclusive interval; no sum-of-percentiles total
snn32_seed7_forest_anomaly,warmup,pre_tag_quality_refusal,reject,data_quality_failure,receiver_window_hmac,29,0.0,0.0,0.0,0.0,0,"Recorded verifier window-tag calculation, not complete authentication.",per-observation exclusive interval; no sum-of-percentiles total
snn32_seed7_forest_anomaly,warmup,pre_tag_quality_refusal,reject,data_quality_failure,reconstruction,29,0.0,0.0,0.0,0.0,0,Actual recorded BCH reconstruction; includes any observer/GC delay.,per-observation exclusive interval; no sum-of-percentiles total
snn32_seed7_forest_anomaly,warmup,pre_tag_quality_refusal,reject,data_quality_failure,release_conversion_unisolated,29,0.0,0.0,0.0,0.0,0,Accepted release remainder including conversion/dispatch/observer work outside consumer children.,per-observation exclusive interval; no sum-of-percentiles total
snn32_seed7_forest_anomaly,warmup,pre_tag_quality_refusal,reject,data_quality_failure,sender_binding_unisolated,29,0.0986,0.12641999999999998,0.12898,0.1294,29,Sender seal remainder: binding/state/orchestration/observer work not separately timed.,per-observation exclusive interval; no sum-of-percentiles total
snn32_seed7_forest_anomaly,warmup,pre_tag_quality_refusal,reject,data_quality_failure,sender_serialization_and_quality,29,0.6148,0.8236199999999999,1.0693559999999995,1.1547,29,Sender serialization including its quality validation; not separately timed.,per-observation exclusive interval; no sum-of-percentiles total
snn32_seed7_forest_anomaly,warmup,pre_tag_quality_refusal,reject,data_quality_failure,sender_window_hmac,29,0.0,0.0,0.0,0.0,0,Recorded window-tag generation call.,per-observation exclusive interval; no sum-of-percentiles total
snn32_seed7_forest_anomaly,warmup,pre_tag_quality_refusal,reject,data_quality_failure,session_establishment_unisolated,29,0.0,0.0,0.0,0.0,0,"Handshake/request/activation remainder, including unseparated HKDF/confirmation work and observer cost.",per-observation exclusive interval; no sum-of-percentiles total
snn32_seed7_forest_anomaly,warmup,pre_tag_quality_refusal,reject,data_quality_failure,simulated_response_read,29,0.0,0.0,0.0,0.0,0,"Modeled response generation, not physical acquisition.",per-observation exclusive interval; no sum-of-percentiles total
snn32_seed7_forest_anomaly,warmup,valid_receiver_after_bad_tag,accept,accepted,admission_orchestration_unisolated,29,0.0,0.0,0.0,0.0,0,Admission orchestration remainder not covered by named children.,per-observation exclusive interval; no sum-of-percentiles total
snn32_seed7_forest_anomaly,warmup,valid_receiver_after_bad_tag,accept,accepted,anomaly_consumer,29,8.957,9.99864,10.447904,10.6217,29,Anomaly consumer including feature scaling and frozen-threshold decision.,per-observation exclusive interval; no sum-of-percentiles total
snn32_seed7_forest_anomaly,warmup,valid_receiver_after_bad_tag,accept,accepted,binary32_adapter,29,0.0,0.0,0.0,0.0,0,Canonical binary32 input adaptation before sender sealing.,per-observation exclusive interval; no sum-of-percentiles total
snn32_seed7_forest_anomaly,warmup,valid_receiver_after_bad_tag,accept,accepted,credential_verification,29,0.0,0.0,0.0,0.0,0,Recorded independent credential-verification call(s).,per-observation exclusive interval; no sum-of-percentiles total
snn32_seed7_forest_anomaly,warmup,valid_receiver_after_bad_tag,accept,accepted,in_memory_audit_measured,29,0.0576,0.07249999999999997,0.08453999999999999,0.0872,29,"Recorded audit record/prepare/commit spans, exclusive of their children; not all audit-related overhead and not durable storage.",per-observation exclusive interval; no sum-of-percentiles total
snn32_seed7_forest_anomaly,warmup,valid_receiver_after_bad_tag,accept,accepted,local_admission_checks,29,0.0,0.0,0.0,0.0,0,"Measured local authorization/binding/consumption calls, excluding nested credential verification.",per-observation exclusive interval; no sum-of-percentiles total
snn32_seed7_forest_anomaly,warmup,valid_receiver_after_bad_tag,accept,accepted,model_input_preprocessing,29,4.4052,4.94644,5.065504,5.0986,29,Shared model-input preparation; model-specific normalization remains in consumer timing.,per-observation exclusive interval; no sum-of-percentiles total
snn32_seed7_forest_anomaly,warmup,valid_receiver_after_bad_tag,accept,accepted,motion_consumer,29,15.4237,17.971239999999995,20.617471999999996,21.5051,29,Motion consumer including normalization/tensor preparation/prediction decoding.,per-observation exclusive interval; no sum-of-percentiles total
snn32_seed7_forest_anomaly,warmup,valid_receiver_after_bad_tag,accept,accepted,outer_orchestration_unisolated,29,0.0283,0.03178,0.04145999999999998,0.0451,29,Direct root/first-post-window remainder outside named child spans.,per-observation exclusive interval; no sum-of-percentiles total
snn32_seed7_forest_anomaly,warmup,valid_receiver_after_bad_tag,accept,accepted,receiver_binding_sequence_state_unisolated,29,0.1105,0.14369999999999997,0.2078359999999999,0.2306,29,"Verifier remainder including binding, sequence checks, locks/state publication and observer work; NOT isolated sequence latency.",per-observation exclusive interval; no sum-of-percentiles total
snn32_seed7_forest_anomaly,warmup,valid_receiver_after_bad_tag,accept,accepted,receiver_parsing,29,1.8079,2.4147399999999997,2.6541,2.7087,29,Envelope and binary parser call.,per-observation exclusive interval; no sum-of-percentiles total
snn32_seed7_forest_anomaly,warmup,valid_receiver_after_bad_tag,accept,accepted,receiver_quality_check,29,0.742,0.82526,1.0665399999999996,1.1574,29,Verifier quality-check call.,per-observation exclusive interval; no sum-of-percentiles total
snn32_seed7_forest_anomaly,warmup,valid_receiver_after_bad_tag,accept,accepted,receiver_window_hmac,29,0.0244,0.0312,0.031472,0.0315,29,"Recorded verifier window-tag calculation, not complete authentication.",per-observation exclusive interval; no sum-of-percentiles total
snn32_seed7_forest_anomaly,warmup,valid_receiver_after_bad_tag,accept,accepted,reconstruction,29,0.0,0.0,0.0,0.0,0,Actual recorded BCH reconstruction; includes any observer/GC delay.,per-observation exclusive interval; no sum-of-percentiles total
snn32_seed7_forest_anomaly,warmup,valid_receiver_after_bad_tag,accept,accepted,release_conversion_unisolated,29,0.6659,0.8607199999999998,4.230623999999994,5.5282,29,Accepted release remainder including conversion/dispatch/observer work outside consumer children.,per-observation exclusive interval; no sum-of-percentiles total
snn32_seed7_forest_anomaly,warmup,valid_receiver_after_bad_tag,accept,accepted,sender_binding_unisolated,29,0.0,0.0,0.0,0.0,0,Sender seal remainder: binding/state/orchestration/observer work not separately timed.,per-observation exclusive interval; no sum-of-percentiles total
snn32_seed7_forest_anomaly,warmup,valid_receiver_after_bad_tag,accept,accepted,sender_serialization_and_quality,29,0.0,0.0,0.0,0.0,0,Sender serialization including its quality validation; not separately timed.,per-observation exclusive interval; no sum-of-percentiles total
snn32_seed7_forest_anomaly,warmup,valid_receiver_after_bad_tag,accept,accepted,sender_window_hmac,29,0.0,0.0,0.0,0.0,0,Recorded window-tag generation call.,per-observation exclusive interval; no sum-of-percentiles total
snn32_seed7_forest_anomaly,warmup,valid_receiver_after_bad_tag,accept,accepted,session_establishment_unisolated,29,0.0,0.0,0.0,0.0,0,"Handshake/request/activation remainder, including unseparated HKDF/confirmation work and observer cost.",per-observation exclusive interval; no sum-of-percentiles total
snn32_seed7_forest_anomaly,warmup,valid_receiver_after_bad_tag,accept,accepted,simulated_response_read,29,0.0,0.0,0.0,0.0,0,"Modeled response generation, not physical acquisition.",per-observation exclusive interval; no sum-of-percentiles total
