condition,phase,path,decision,reason,stage,count,p50_ms,p95_ms,p99_ms,max_ms
logistic_motion_forest_anomaly,condition_first_use,bad_tag_receiver,reject,invalid_tag,envelope_and_binary_parser,1,1.4843,1.4843,1.4843,1.4843
logistic_motion_forest_anomaly,condition_first_use,bad_tag_receiver,reject,invalid_tag,verifier_audit_commit,1,0.0016,0.0016,0.0016,0.0016
logistic_motion_forest_anomaly,condition_first_use,bad_tag_receiver,reject,invalid_tag,verifier_audit_prepare,1,0.0043,0.0043,0.0043,0.0043
logistic_motion_forest_anomaly,condition_first_use,bad_tag_receiver,reject,invalid_tag,verifier_audit_record,1,0.0305,0.0305,0.0305,0.0305
logistic_motion_forest_anomaly,condition_first_use,bad_tag_receiver,reject,invalid_tag,verifier_authentication_total,1,1.6549,1.6549,1.6549,1.6549
logistic_motion_forest_anomaly,condition_first_use,bad_tag_receiver,reject,invalid_tag,window_hmac_verification_calculation,1,0.0225,0.0225,0.0225,0.0225
logistic_motion_forest_anomaly,condition_first_use,exact_replay_receiver,reject,duplicate_sequence,envelope_and_binary_parser,1,1.7811,1.7811,1.7811,1.7811
logistic_motion_forest_anomaly,condition_first_use,exact_replay_receiver,reject,duplicate_sequence,verifier_audit_commit,1,0.0016,0.0016,0.0016,0.0016
logistic_motion_forest_anomaly,condition_first_use,exact_replay_receiver,reject,duplicate_sequence,verifier_audit_prepare,1,0.0055,0.0055,0.0055,0.0055
logistic_motion_forest_anomaly,condition_first_use,exact_replay_receiver,reject,duplicate_sequence,verifier_audit_record,1,0.0476,0.0476,0.0476,0.0476
logistic_motion_forest_anomaly,condition_first_use,exact_replay_receiver,reject,duplicate_sequence,verifier_authentication_total,1,2.6695,2.6695,2.6695,2.6695
logistic_motion_forest_anomaly,condition_first_use,exact_replay_receiver,reject,duplicate_sequence,verifier_quality_check,1,0.6745,0.6745,0.6745,0.6745
logistic_motion_forest_anomaly,condition_first_use,exact_replay_receiver,reject,duplicate_sequence,window_hmac_verification_calculation,1,0.028,0.028,0.028,0.028
logistic_motion_forest_anomaly,condition_first_use,fresh_to_first_window,accept,accepted,accepted_release_and_consumers,1,13.8174,13.8174,13.8174,13.8174
logistic_motion_forest_anomaly,condition_first_use,fresh_to_first_window,accept,accepted,admission_total,1,7.9742,7.9742,7.9742,7.9742
logistic_motion_forest_anomaly,condition_first_use,fresh_to_first_window,accept,accepted,anomaly_consumer_including_threshold,1,8.5642,8.5642,8.5642,8.5642
logistic_motion_forest_anomaly,condition_first_use,fresh_to_first_window,accept,accepted,binary32_adapter,1,1.2845,1.2845,1.2845,1.2845
logistic_motion_forest_anomaly,condition_first_use,fresh_to_first_window,accept,accepted,envelope_and_binary_parser,1,2.8654,2.8654,2.8654,2.8654
logistic_motion_forest_anomaly,condition_first_use,fresh_to_first_window,accept,accepted,first_post_window_total,1,20.3412,20.3412,20.3412,20.3412
logistic_motion_forest_anomaly,condition_first_use,fresh_to_first_window,accept,accepted,independent_credential_verification,1,0.0763,0.0763,0.0763,0.0763
logistic_motion_forest_anomaly,condition_first_use,fresh_to_first_window,accept,accepted,local_authorization_including_verification,1,0.4857,0.4857,0.4857,0.4857
logistic_motion_forest_anomaly,condition_first_use,fresh_to_first_window,accept,accepted,local_challenge_binding,1,0.0089,0.0089,0.0089,0.0089
logistic_motion_forest_anomaly,condition_first_use,fresh_to_first_window,accept,accepted,local_request_binding,1,0.0123,0.0123,0.0123,0.0123
logistic_motion_forest_anomaly,condition_first_use,fresh_to_first_window,accept,accepted,motion_consumer_including_normalization,1,0.7652,0.7652,0.7652,0.7652
logistic_motion_forest_anomaly,condition_first_use,fresh_to_first_window,accept,accepted,prepare_both_model_inputs,1,3.9177,3.9177,3.9177,3.9177
logistic_motion_forest_anomaly,condition_first_use,fresh_to_first_window,accept,accepted,receiver_challenge,1,0.2245,0.2245,0.2245,0.2245
logistic_motion_forest_anomaly,condition_first_use,fresh_to_first_window,accept,accepted,receiver_confirmation,1,0.1669,0.1669,0.1669,0.1669
logistic_motion_forest_anomaly,condition_first_use,fresh_to_first_window,accept,accepted,receiver_local_admission,1,0.0156,0.0156,0.0156,0.0156
logistic_motion_forest_anomaly,condition_first_use,fresh_to_first_window,accept,accepted,reconstruction,1,6.3248,6.3248,6.3248,6.3248
logistic_motion_forest_anomaly,condition_first_use,fresh_to_first_window,accept,accepted,response_generation_simulator,1,0.1637,0.1637,0.1637,0.1637
logistic_motion_forest_anomaly,condition_first_use,fresh_to_first_window,accept,accepted,sender_activation,1,0.1181,0.1181,0.1181,0.1181
logistic_motion_forest_anomaly,condition_first_use,fresh_to_first_window,accept,accepted,sender_admission_and_request,1,0.7333,0.7333,0.7333,0.7333
logistic_motion_forest_anomaly,condition_first_use,fresh_to_first_window,accept,accepted,sender_audit_commit,1,0.0041,0.0041,0.0041,0.0041
logistic_motion_forest_anomaly,condition_first_use,fresh_to_first_window,accept,accepted,sender_audit_prepare,1,0.0128,0.0128,0.0128,0.0128
logistic_motion_forest_anomaly,condition_first_use,fresh_to_first_window,accept,accepted,sender_audit_record,1,0.184,0.184,0.184,0.184
logistic_motion_forest_anomaly,condition_first_use,fresh_to_first_window,accept,accepted,sender_confirmation,1,0.1622,0.1622,0.1622,0.1622
logistic_motion_forest_anomaly,condition_first_use,fresh_to_first_window,accept,accepted,sender_local_admission_claim,1,0.0192,0.0192,0.0192,0.0192
logistic_motion_forest_anomaly,condition_first_use,fresh_to_first_window,accept,accepted,sender_seal_total,1,1.4227,1.4227,1.4227,1.4227
logistic_motion_forest_anomaly,condition_first_use,fresh_to_first_window,accept,accepted,serialization_including_quality,1,1.2072,1.2072,1.2072,1.2072
logistic_motion_forest_anomaly,condition_first_use,fresh_to_first_window,accept,accepted,verifier_audit_commit,1,0.003,0.003,0.003,0.003
logistic_motion_forest_anomaly,condition_first_use,fresh_to_first_window,accept,accepted,verifier_audit_prepare,1,0.0092,0.0092,0.0092,0.0092
logistic_motion_forest_anomaly,condition_first_use,fresh_to_first_window,accept,accepted,verifier_audit_record,1,0.0687,0.0687,0.0687,0.0687
logistic_motion_forest_anomaly,condition_first_use,fresh_to_first_window,accept,accepted,verifier_authentication_total,1,3.633,3.633,3.633,3.633
logistic_motion_forest_anomaly,condition_first_use,fresh_to_first_window,accept,accepted,verifier_quality_check,1,0.6256,0.6256,0.6256,0.6256
logistic_motion_forest_anomaly,condition_first_use,fresh_to_first_window,accept,accepted,window_hmac_generation,1,0.0203,0.0203,0.0203,0.0203
logistic_motion_forest_anomaly,condition_first_use,fresh_to_first_window,accept,accepted,window_hmac_verification_calculation,1,0.0199,0.0199,0.0199,0.0199
logistic_motion_forest_anomaly,condition_first_use,malformed_json_receiver,reject,malformed_message,envelope_and_binary_parser,1,0.0361,0.0361,0.0361,0.0361
logistic_motion_forest_anomaly,condition_first_use,malformed_json_receiver,reject,malformed_message,verifier_audit_commit,1,0.0016,0.0016,0.0016,0.0016
logistic_motion_forest_anomaly,condition_first_use,malformed_json_receiver,reject,malformed_message,verifier_audit_prepare,1,0.0041,0.0041,0.0041,0.0041
logistic_motion_forest_anomaly,condition_first_use,malformed_json_receiver,reject,malformed_message,verifier_audit_record,1,0.0503,0.0503,0.0503,0.0503
logistic_motion_forest_anomaly,condition_first_use,malformed_json_receiver,reject,malformed_message,verifier_authentication_total,1,0.1383,0.1383,0.1383,0.1383
logistic_motion_forest_anomaly,condition_first_use,post_window_after_refusals,accept,accepted,accepted_release_and_consumers,1,12.2541,12.2541,12.2541,12.2541
logistic_motion_forest_anomaly,condition_first_use,post_window_after_refusals,accept,accepted,anomaly_consumer_including_threshold,1,7.5957,7.5957,7.5957,7.5957
logistic_motion_forest_anomaly,condition_first_use,post_window_after_refusals,accept,accepted,binary32_adapter,1,1.1168,1.1168,1.1168,1.1168
logistic_motion_forest_anomaly,condition_first_use,post_window_after_refusals,accept,accepted,envelope_and_binary_parser,1,1.4683,1.4683,1.4683,1.4683
logistic_motion_forest_anomaly,condition_first_use,post_window_after_refusals,accept,accepted,motion_consumer_including_normalization,1,0.6833,0.6833,0.6833,0.6833
logistic_motion_forest_anomaly,condition_first_use,post_window_after_refusals,accept,accepted,prepare_both_model_inputs,1,3.4672,3.4672,3.4672,3.4672
logistic_motion_forest_anomaly,condition_first_use,post_window_after_refusals,accept,accepted,sender_audit_commit,1,0.0011,0.0011,0.0011,0.0011
logistic_motion_forest_anomaly,condition_first_use,post_window_after_refusals,accept,accepted,sender_audit_prepare,1,0.0037,0.0037,0.0037,0.0037
logistic_motion_forest_anomaly,condition_first_use,post_window_after_refusals,accept,accepted,sender_audit_record,1,0.0426,0.0426,0.0426,0.0426
logistic_motion_forest_anomaly,condition_first_use,post_window_after_refusals,accept,accepted,sender_seal_total,1,1.2547,1.2547,1.2547,1.2547
logistic_motion_forest_anomaly,condition_first_use,post_window_after_refusals,accept,accepted,serialization_including_quality,1,1.0584,1.0584,1.0584,1.0584
logistic_motion_forest_anomaly,condition_first_use,post_window_after_refusals,accept,accepted,verifier_audit_commit,1,0.0017,0.0017,0.0017,0.0017
logistic_motion_forest_anomaly,condition_first_use,post_window_after_refusals,accept,accepted,verifier_audit_prepare,1,0.0045,0.0045,0.0045,0.0045
logistic_motion_forest_anomaly,condition_first_use,post_window_after_refusals,accept,accepted,verifier_audit_record,1,0.0239,0.0239,0.0239,0.0239
logistic_motion_forest_anomaly,condition_first_use,post_window_after_refusals,accept,accepted,verifier_authentication_total,1,2.1868,2.1868,2.1868,2.1868
logistic_motion_forest_anomaly,condition_first_use,post_window_after_refusals,accept,accepted,verifier_quality_check,1,0.5897,0.5897,0.5897,0.5897
logistic_motion_forest_anomaly,condition_first_use,post_window_after_refusals,accept,accepted,window_hmac_generation,1,0.028,0.028,0.028,0.028
logistic_motion_forest_anomaly,condition_first_use,post_window_after_refusals,accept,accepted,window_hmac_verification_calculation,1,0.0183,0.0183,0.0183,0.0183
logistic_motion_forest_anomaly,condition_first_use,post_window_recurring,accept,accepted,accepted_release_and_consumers,1,11.7936,11.7936,11.7936,11.7936
logistic_motion_forest_anomaly,condition_first_use,post_window_recurring,accept,accepted,anomaly_consumer_including_threshold,1,6.0397,6.0397,6.0397,6.0397
logistic_motion_forest_anomaly,condition_first_use,post_window_recurring,accept,accepted,binary32_adapter,1,1.0939,1.0939,1.0939,1.0939
logistic_motion_forest_anomaly,condition_first_use,post_window_recurring,accept,accepted,envelope_and_binary_parser,1,1.7302,1.7302,1.7302,1.7302
logistic_motion_forest_anomaly,condition_first_use,post_window_recurring,accept,accepted,motion_consumer_including_normalization,1,1.1806,1.1806,1.1806,1.1806
logistic_motion_forest_anomaly,condition_first_use,post_window_recurring,accept,accepted,prepare_both_model_inputs,1,4.0249,4.0249,4.0249,4.0249
logistic_motion_forest_anomaly,condition_first_use,post_window_recurring,accept,accepted,sender_audit_commit,1,0.0014,0.0014,0.0014,0.0014
logistic_motion_forest_anomaly,condition_first_use,post_window_recurring,accept,accepted,sender_audit_prepare,1,0.0046,0.0046,0.0046,0.0046
logistic_motion_forest_anomaly,condition_first_use,post_window_recurring,accept,accepted,sender_audit_record,1,0.0862,0.0862,0.0862,0.0862
logistic_motion_forest_anomaly,condition_first_use,post_window_recurring,accept,accepted,sender_seal_total,1,1.3793,1.3793,1.3793,1.3793
logistic_motion_forest_anomaly,condition_first_use,post_window_recurring,accept,accepted,serialization_including_quality,1,1.0984,1.0984,1.0984,1.0984
logistic_motion_forest_anomaly,condition_first_use,post_window_recurring,accept,accepted,verifier_audit_commit,1,0.0019,0.0019,0.0019,0.0019
logistic_motion_forest_anomaly,condition_first_use,post_window_recurring,accept,accepted,verifier_audit_prepare,1,0.0062,0.0062,0.0062,0.0062
logistic_motion_forest_anomaly,condition_first_use,post_window_recurring,accept,accepted,verifier_audit_record,1,0.0265,0.0265,0.0265,0.0265
logistic_motion_forest_anomaly,condition_first_use,post_window_recurring,accept,accepted,verifier_authentication_total,1,2.516,2.516,2.516,2.516
logistic_motion_forest_anomaly,condition_first_use,post_window_recurring,accept,accepted,verifier_quality_check,1,0.6036,0.6036,0.6036,0.6036
logistic_motion_forest_anomaly,condition_first_use,post_window_recurring,accept,accepted,window_hmac_generation,1,0.0364,0.0364,0.0364,0.0364
logistic_motion_forest_anomaly,condition_first_use,post_window_recurring,accept,accepted,window_hmac_verification_calculation,1,0.0281,0.0281,0.0281,0.0281
logistic_motion_forest_anomaly,condition_first_use,pre_tag_quality_refusal,reject,data_quality_failure,binary32_adapter,1,1.4966,1.4966,1.4966,1.4966
logistic_motion_forest_anomaly,condition_first_use,pre_tag_quality_refusal,reject,data_quality_failure,sender_audit_commit,1,0.0015,0.0015,0.0015,0.0015
logistic_motion_forest_anomaly,condition_first_use,pre_tag_quality_refusal,reject,data_quality_failure,sender_audit_prepare,1,0.0044,0.0044,0.0044,0.0044
logistic_motion_forest_anomaly,condition_first_use,pre_tag_quality_refusal,reject,data_quality_failure,sender_audit_record,1,0.0512,0.0512,0.0512,0.0512
logistic_motion_forest_anomaly,condition_first_use,pre_tag_quality_refusal,reject,data_quality_failure,sender_seal_total,1,0.7115,0.7115,0.7115,0.7115
logistic_motion_forest_anomaly,condition_first_use,pre_tag_quality_refusal,reject,data_quality_failure,serialization_including_quality,1,0.5587,0.5587,0.5587,0.5587
logistic_motion_forest_anomaly,condition_first_use,valid_receiver_after_bad_tag,accept,accepted,accepted_release_and_consumers,1,10.5074,10.5074,10.5074,10.5074
logistic_motion_forest_anomaly,condition_first_use,valid_receiver_after_bad_tag,accept,accepted,anomaly_consumer_including_threshold,1,5.8813,5.8813,5.8813,5.8813
logistic_motion_forest_anomaly,condition_first_use,valid_receiver_after_bad_tag,accept,accepted,envelope_and_binary_parser,1,1.4479,1.4479,1.4479,1.4479
logistic_motion_forest_anomaly,condition_first_use,valid_receiver_after_bad_tag,accept,accepted,motion_consumer_including_normalization,1,0.5572,0.5572,0.5572,0.5572
logistic_motion_forest_anomaly,condition_first_use,valid_receiver_after_bad_tag,accept,accepted,prepare_both_model_inputs,1,3.5,3.5,3.5,3.5
logistic_motion_forest_anomaly,condition_first_use,valid_receiver_after_bad_tag,accept,accepted,verifier_audit_commit,1,0.0016,0.0016,0.0016,0.0016
logistic_motion_forest_anomaly,condition_first_use,valid_receiver_after_bad_tag,accept,accepted,verifier_audit_prepare,1,0.0044,0.0044,0.0044,0.0044
logistic_motion_forest_anomaly,condition_first_use,valid_receiver_after_bad_tag,accept,accepted,verifier_audit_record,1,0.0445,0.0445,0.0445,0.0445
logistic_motion_forest_anomaly,condition_first_use,valid_receiver_after_bad_tag,accept,accepted,verifier_authentication_total,1,2.2265,2.2265,2.2265,2.2265
logistic_motion_forest_anomaly,condition_first_use,valid_receiver_after_bad_tag,accept,accepted,verifier_quality_check,1,0.613,0.613,0.613,0.613
logistic_motion_forest_anomaly,condition_first_use,valid_receiver_after_bad_tag,accept,accepted,window_hmac_verification_calculation,1,0.0222,0.0222,0.0222,0.0222
logistic_motion_forest_anomaly,measured,bad_tag_receiver,reject,invalid_tag,envelope_and_binary_parser,119,1.8294,2.37796,2.438424,2.4596
logistic_motion_forest_anomaly,measured,bad_tag_receiver,reject,invalid_tag,verifier_audit_commit,119,0.0018,0.002419999999999999,0.0035819999999999992,0.0038
logistic_motion_forest_anomaly,measured,bad_tag_receiver,reject,invalid_tag,verifier_audit_prepare,119,0.0053,0.007909999999999999,0.009027999999999996,0.0091
logistic_motion_forest_anomaly,measured,bad_tag_receiver,reject,invalid_tag,verifier_audit_record,119,0.037,0.05766999999999997,0.078574,0.0798
logistic_motion_forest_anomaly,measured,bad_tag_receiver,reject,invalid_tag,verifier_authentication_total,119,2.0122,2.63347,2.6970559999999995,2.7448
logistic_motion_forest_anomaly,measured,bad_tag_receiver,reject,invalid_tag,window_hmac_verification_calculation,119,0.0247,0.036219999999999995,0.038965999999999994,0.0408
logistic_motion_forest_anomaly,measured,exact_replay_receiver,reject,duplicate_sequence,envelope_and_binary_parser,119,2.1055,2.88253,4.908307999999984,321.9253
logistic_motion_forest_anomaly,measured,exact_replay_receiver,reject,duplicate_sequence,verifier_audit_commit,119,0.002,0.0026,0.0036739999999999954,0.0042
logistic_motion_forest_anomaly,measured,exact_replay_receiver,reject,duplicate_sequence,verifier_audit_prepare,119,0.0065,0.008549999999999997,0.01166599999999999,0.0357
logistic_motion_forest_anomaly,measured,exact_replay_receiver,reject,duplicate_sequence,verifier_audit_record,119,0.0662,0.08551999999999997,0.1318239999999999,0.1409
logistic_motion_forest_anomaly,measured,exact_replay_receiver,reject,duplicate_sequence,verifier_authentication_total,119,3.1544,4.33389,7.5245419999999905,322.8767
logistic_motion_forest_anomaly,measured,exact_replay_receiver,reject,duplicate_sequence,verifier_quality_check,119,0.7822,1.01175,1.089864,5.1314
logistic_motion_forest_anomaly,measured,exact_replay_receiver,reject,duplicate_sequence,window_hmac_verification_calculation,119,0.0324,0.046279999999999995,0.06552399999999994,0.142
logistic_motion_forest_anomaly,measured,fresh_to_first_window,accept,accepted,accepted_release_and_consumers,119,13.8605,19.827659999999995,22.539249999999992,24.7168
logistic_motion_forest_anomaly,measured,fresh_to_first_window,accept,accepted,admission_total,119,6.1614,8.85229,12.21138199999998,13.3615
logistic_motion_forest_anomaly,measured,fresh_to_first_window,accept,accepted,anomaly_consumer_including_threshold,119,7.9915,11.03592,12.463087999999997,13.2574
logistic_motion_forest_anomaly,measured,fresh_to_first_window,accept,accepted,binary32_adapter,119,1.4254,2.1203999999999996,2.60874,2.6194
logistic_motion_forest_anomaly,measured,fresh_to_first_window,accept,accepted,envelope_and_binary_parser,119,2.0573,2.7622499999999994,3.0195639999999986,3.4516
logistic_motion_forest_anomaly,measured,fresh_to_first_window,accept,accepted,first_post_window_total,119,20.0674,28.308579999999992,32.011945999999995,36.0821
logistic_motion_forest_anomaly,measured,fresh_to_first_window,accept,accepted,independent_credential_verification,119,0.0734,0.09443999999999998,0.10092999999999999,0.1064
logistic_motion_forest_anomaly,measured,fresh_to_first_window,accept,accepted,local_authorization_including_verification,119,0.0997,0.13180999999999998,0.17188399999999984,0.2024
logistic_motion_forest_anomaly,measured,fresh_to_first_window,accept,accepted,local_challenge_binding,119,0.0111,0.01743,0.02583199999999995,0.0512
logistic_motion_forest_anomaly,measured,fresh_to_first_window,accept,accepted,local_request_binding,119,0.0141,0.02043,0.02702599999999997,0.0279
logistic_motion_forest_anomaly,measured,fresh_to_first_window,accept,accepted,motion_consumer_including_normalization,119,0.7205,0.991,1.4189719999999997,1.9257
logistic_motion_forest_anomaly,measured,fresh_to_first_window,accept,accepted,prepare_both_model_inputs,119,4.4108,6.730619999999997,8.308045999999997,9.2594
logistic_motion_forest_anomaly,measured,fresh_to_first_window,accept,accepted,receiver_challenge,119,0.1795,0.3084999999999999,0.4235259999999995,0.4375
logistic_motion_forest_anomaly,measured,fresh_to_first_window,accept,accepted,receiver_confirmation,119,0.1476,0.2254,0.27125599999999994,0.2763
logistic_motion_forest_anomaly,measured,fresh_to_first_window,accept,accepted,receiver_local_admission,119,0.0149,0.02153,0.028999999999999963,0.0317
logistic_motion_forest_anomaly,measured,fresh_to_first_window,accept,accepted,reconstruction,119,4.8943,7.132209999999998,10.644437999999983,12.133
logistic_motion_forest_anomaly,measured,fresh_to_first_window,accept,accepted,response_generation_simulator,119,0.2536,0.36585999999999996,0.519467999999999,0.5699
logistic_motion_forest_anomaly,measured,fresh_to_first_window,accept,accepted,sender_activation,119,0.1101,0.17891999999999997,0.28569399999999995,0.3227
logistic_motion_forest_anomaly,measured,fresh_to_first_window,accept,accepted,sender_admission_and_request,119,0.3342,0.46049999999999996,0.534008,0.6288
logistic_motion_forest_anomaly,measured,fresh_to_first_window,accept,accepted,sender_audit_commit,119,0.005,0.008529999999999998,0.009182,0.0102
logistic_motion_forest_anomaly,measured,fresh_to_first_window,accept,accepted,sender_audit_prepare,119,0.0143,0.02081999999999999,0.0243,0.0283
logistic_motion_forest_anomaly,measured,fresh_to_first_window,accept,accepted,sender_audit_record,119,0.1561,0.23763,0.29358999999999974,0.3516
logistic_motion_forest_anomaly,measured,fresh_to_first_window,accept,accepted,sender_confirmation,119,0.1042,0.17648999999999998,0.3181919999999996,0.3699
logistic_motion_forest_anomaly,measured,fresh_to_first_window,accept,accepted,sender_local_admission_claim,119,0.016,0.02532,0.030697999999999975,0.0363
logistic_motion_forest_anomaly,measured,fresh_to_first_window,accept,accepted,sender_seal_total,119,1.6157,2.39497,3.220127999999997,4.0316
logistic_motion_forest_anomaly,measured,fresh_to_first_window,accept,accepted,serialization_including_quality,119,1.3847,1.99788,2.452572,3.5593
logistic_motion_forest_anomaly,measured,fresh_to_first_window,accept,accepted,verifier_audit_commit,119,0.0034,0.006209999999999999,0.007527999999999997,0.0102
logistic_motion_forest_anomaly,measured,fresh_to_first_window,accept,accepted,verifier_audit_prepare,119,0.0101,0.016259999999999997,0.017564,0.021
logistic_motion_forest_anomaly,measured,fresh_to_first_window,accept,accepted,verifier_audit_record,119,0.0742,0.11803999999999999,0.134612,0.1454
logistic_motion_forest_anomaly,measured,fresh_to_first_window,accept,accepted,verifier_authentication_total,119,2.9695,4.058179999999999,4.370513999999999,5.2258
logistic_motion_forest_anomaly,measured,fresh_to_first_window,accept,accepted,verifier_quality_check,119,0.7582,1.06502,1.2274739999999995,1.4542
logistic_motion_forest_anomaly,measured,fresh_to_first_window,accept,accepted,window_hmac_generation,119,0.0224,0.03532999999999999,0.06926799999999982,0.2146
logistic_motion_forest_anomaly,measured,fresh_to_first_window,accept,accepted,window_hmac_verification_calculation,119,0.0232,0.032159999999999994,0.043137999999999954,0.0467
logistic_motion_forest_anomaly,measured,fresh_to_first_window,reject,failed_reconstruction,admission_total,1,5.182,5.182,5.182,5.182
logistic_motion_forest_anomaly,measured,fresh_to_first_window,reject,failed_reconstruction,reconstruction,1,4.7256,4.7256,4.7256,4.7256
logistic_motion_forest_anomaly,measured,fresh_to_first_window,reject,failed_reconstruction,response_generation_simulator,1,0.2373,0.2373,0.2373,0.2373
logistic_motion_forest_anomaly,measured,fresh_to_first_window,reject,failed_reconstruction,sender_admission_and_request,1,0.1754,0.1754,0.1754,0.1754
logistic_motion_forest_anomaly,measured,fresh_to_first_window,reject,failed_reconstruction,sender_audit_commit,1,0.0019,0.0019,0.0019,0.0019
logistic_motion_forest_anomaly,measured,fresh_to_first_window,reject,failed_reconstruction,sender_audit_prepare,1,0.0053,0.0053,0.0053,0.0053
logistic_motion_forest_anomaly,measured,fresh_to_first_window,reject,failed_reconstruction,sender_audit_record,1,0.0631,0.0631,0.0631,0.0631
logistic_motion_forest_anomaly,measured,malformed_json_receiver,reject,malformed_message,envelope_and_binary_parser,119,0.0395,0.05303999999999999,0.062638,0.0638
logistic_motion_forest_anomaly,measured,malformed_json_receiver,reject,malformed_message,verifier_audit_commit,119,0.0018,0.0022,0.0028099999999999965,0.0033
logistic_motion_forest_anomaly,measured,malformed_json_receiver,reject,malformed_message,verifier_audit_prepare,119,0.0049,0.006209999999999999,0.0072279999999999974,0.0083
logistic_motion_forest_anomaly,measured,malformed_json_receiver,reject,malformed_message,verifier_audit_record,119,0.0551,0.07420999999999998,0.08753999999999995,0.0901
logistic_motion_forest_anomaly,measured,malformed_json_receiver,reject,malformed_message,verifier_authentication_total,119,0.1542,0.21406,0.23329999999999998,0.2472
logistic_motion_forest_anomaly,measured,post_window_after_refusals,accept,accepted,accepted_release_and_consumers,119,13.5961,17.346239999999995,19.618111999999996,22.7257
logistic_motion_forest_anomaly,measured,post_window_after_refusals,accept,accepted,anomaly_consumer_including_threshold,119,7.7382,10.144529999999998,12.469754,12.4757
logistic_motion_forest_anomaly,measured,post_window_after_refusals,accept,accepted,binary32_adapter,119,1.3976,1.85538,2.1231819999999986,2.4382
logistic_motion_forest_anomaly,measured,post_window_after_refusals,accept,accepted,envelope_and_binary_parser,119,1.981,2.59169,3.475051999999994,3.9082
logistic_motion_forest_anomaly,measured,post_window_after_refusals,accept,accepted,motion_consumer_including_normalization,119,0.7033,0.9876599999999998,1.3140759999999985,1.3715
logistic_motion_forest_anomaly,measured,post_window_after_refusals,accept,accepted,prepare_both_model_inputs,119,4.4464,5.9159999999999995,6.58355,8.0277
logistic_motion_forest_anomaly,measured,post_window_after_refusals,accept,accepted,sender_audit_commit,119,0.0017,0.0022099999999999997,0.0030639999999999986,0.0035
logistic_motion_forest_anomaly,measured,post_window_after_refusals,accept,accepted,sender_audit_prepare,119,0.0049,0.007009999999999999,0.011405999999999979,0.0152
logistic_motion_forest_anomaly,measured,post_window_after_refusals,accept,accepted,sender_audit_record,119,0.0559,0.07388999999999998,0.09153199999999995,0.1181
logistic_motion_forest_anomaly,measured,post_window_after_refusals,accept,accepted,sender_seal_total,119,1.6276,2.12015,2.185228,2.4964
logistic_motion_forest_anomaly,measured,post_window_after_refusals,accept,accepted,serialization_including_quality,119,1.3849,1.81212,1.8746499999999997,2.0942
logistic_motion_forest_anomaly,measured,post_window_after_refusals,accept,accepted,verifier_audit_commit,119,0.0019,0.0025099999999999996,0.003481999999999999,0.0036
logistic_motion_forest_anomaly,measured,post_window_after_refusals,accept,accepted,verifier_audit_prepare,119,0.0056,0.008259999999999997,0.010237999999999995,0.0121
logistic_motion_forest_anomaly,measured,post_window_after_refusals,accept,accepted,verifier_audit_record,119,0.031,0.04431999999999999,0.046864,0.1502
logistic_motion_forest_anomaly,measured,post_window_after_refusals,accept,accepted,verifier_authentication_total,119,2.9302,3.8494399999999995,4.747555999999993,5.6012
logistic_motion_forest_anomaly,measured,post_window_after_refusals,accept,accepted,verifier_quality_check,119,0.7654,1.0266699999999997,1.2929039999999994,1.6471
logistic_motion_forest_anomaly,measured,post_window_after_refusals,accept,accepted,window_hmac_generation,119,0.0353,0.047479999999999994,0.05984199999999998,0.0814
logistic_motion_forest_anomaly,measured,post_window_after_refusals,accept,accepted,window_hmac_verification_calculation,119,0.0249,0.036799999999999986,0.05624399999999997,0.0851
logistic_motion_forest_anomaly,measured,post_window_recurring,accept,accepted,accepted_release_and_consumers,119,13.6844,18.07547,21.524155999999998,23.0013
logistic_motion_forest_anomaly,measured,post_window_recurring,accept,accepted,anomaly_consumer_including_threshold,119,7.8326,10.818259999999999,11.745354,13.1897
logistic_motion_forest_anomaly,measured,post_window_recurring,accept,accepted,binary32_adapter,119,1.4119,1.94906,2.2673799999999993,2.7589
logistic_motion_forest_anomaly,measured,post_window_recurring,accept,accepted,envelope_and_binary_parser,119,2.1227,5.218989999999999,6.836535999999997,7.0654
logistic_motion_forest_anomaly,measured,post_window_recurring,accept,accepted,motion_consumer_including_normalization,119,0.7065,0.9173799999999996,1.164902,1.1933
logistic_motion_forest_anomaly,measured,post_window_recurring,accept,accepted,prepare_both_model_inputs,119,4.4501,6.371669999999999,7.671102,8.2033
logistic_motion_forest_anomaly,measured,post_window_recurring,accept,accepted,sender_audit_commit,119,0.0017,0.0031,0.0035639999999999986,0.0036
logistic_motion_forest_anomaly,measured,post_window_recurring,accept,accepted,sender_audit_prepare,119,0.005,0.00831,0.0092,0.0094
logistic_motion_forest_anomaly,measured,post_window_recurring,accept,accepted,sender_audit_record,119,0.0741,0.10038999999999997,0.13441399999999995,0.1366
logistic_motion_forest_anomaly,measured,post_window_recurring,accept,accepted,sender_seal_total,119,1.6748,2.31606,2.5422119999999993,2.5958
logistic_motion_forest_anomaly,measured,post_window_recurring,accept,accepted,serialization_including_quality,119,1.3917,1.9015799999999998,2.068866,2.1065
logistic_motion_forest_anomaly,measured,post_window_recurring,accept,accepted,verifier_audit_commit,119,0.0019,0.002569999999999996,0.0035,0.004
logistic_motion_forest_anomaly,measured,post_window_recurring,accept,accepted,verifier_audit_prepare,119,0.0058,0.008629999999999999,0.009463999999999998,0.0129
logistic_motion_forest_anomaly,measured,post_window_recurring,accept,accepted,verifier_audit_record,119,0.0322,0.04861999999999996,0.06267999999999997,0.1102
logistic_motion_forest_anomaly,measured,post_window_recurring,accept,accepted,verifier_authentication_total,119,3.081,6.3502399999999986,8.172075999999997,8.6573
logistic_motion_forest_anomaly,measured,post_window_recurring,accept,accepted,verifier_quality_check,119,0.769,1.05254,1.10871,1.2094
logistic_motion_forest_anomaly,measured,post_window_recurring,accept,accepted,window_hmac_generation,119,0.0326,0.04585999999999999,0.057533999999999974,0.0607
logistic_motion_forest_anomaly,measured,post_window_recurring,accept,accepted,window_hmac_verification_calculation,119,0.028,0.0417,0.05194199999999998,0.0673
logistic_motion_forest_anomaly,measured,pre_tag_quality_refusal,reject,data_quality_failure,binary32_adapter,119,1.4105,1.8773599999999997,1.9922879999999998,2.2499
logistic_motion_forest_anomaly,measured,pre_tag_quality_refusal,reject,data_quality_failure,sender_audit_commit,119,0.0018,0.0025099999999999996,0.0031,0.0033
logistic_motion_forest_anomaly,measured,pre_tag_quality_refusal,reject,data_quality_failure,sender_audit_prepare,119,0.0051,0.007009999999999999,0.008509999999999997,0.0087
logistic_motion_forest_anomaly,measured,pre_tag_quality_refusal,reject,data_quality_failure,sender_audit_record,119,0.0578,0.08501,0.11216199999999987,0.1418
logistic_motion_forest_anomaly,measured,pre_tag_quality_refusal,reject,data_quality_failure,sender_seal_total,119,0.7873,1.06612,1.2595459999999992,1.4321
logistic_motion_forest_anomaly,measured,pre_tag_quality_refusal,reject,data_quality_failure,serialization_including_quality,119,0.6323,0.84019,1.0087039999999992,1.2332
logistic_motion_forest_anomaly,measured,valid_receiver_after_bad_tag,accept,accepted,accepted_release_and_consumers,119,13.8344,17.72603,19.937751999999985,20.9157
logistic_motion_forest_anomaly,measured,valid_receiver_after_bad_tag,accept,accepted,anomaly_consumer_including_threshold,119,7.9408,10.43861,11.206144,11.7832
logistic_motion_forest_anomaly,measured,valid_receiver_after_bad_tag,accept,accepted,envelope_and_binary_parser,119,1.8044,2.43363,2.5642039999999997,3.1244
logistic_motion_forest_anomaly,measured,valid_receiver_after_bad_tag,accept,accepted,motion_consumer_including_normalization,119,0.7141,0.9473499999999999,1.1763619999999988,1.4221
logistic_motion_forest_anomaly,measured,valid_receiver_after_bad_tag,accept,accepted,prepare_both_model_inputs,119,4.4635,5.7578499999999995,6.794028,7.1438
logistic_motion_forest_anomaly,measured,valid_receiver_after_bad_tag,accept,accepted,verifier_audit_commit,119,0.0018,0.0026099999999999995,0.003481999999999999,0.0036
logistic_motion_forest_anomaly,measured,valid_receiver_after_bad_tag,accept,accepted,verifier_audit_prepare,119,0.0055,0.008,0.008645999999999997,0.0098
logistic_motion_forest_anomaly,measured,valid_receiver_after_bad_tag,accept,accepted,verifier_audit_record,119,0.0497,0.06853,0.075856,0.0783
logistic_motion_forest_anomaly,measured,valid_receiver_after_bad_tag,accept,accepted,verifier_authentication_total,119,2.7768,3.80007,4.224582,4.3474
logistic_motion_forest_anomaly,measured,valid_receiver_after_bad_tag,accept,accepted,verifier_quality_check,119,0.778,1.04327,1.3114679999999983,1.4971
logistic_motion_forest_anomaly,measured,valid_receiver_after_bad_tag,accept,accepted,window_hmac_verification_calculation,119,0.0243,0.03664,0.04569199999999999,0.0655
logistic_motion_forest_anomaly,sustained,post_window_recurring,accept,accepted,accepted_release_and_consumers,64,10.18005,13.509814999999996,14.261852999999999,14.7261
logistic_motion_forest_anomaly,sustained,post_window_recurring,accept,accepted,anomaly_consumer_including_threshold,64,5.89715,7.41252,8.213200999999996,9.2636
logistic_motion_forest_anomaly,sustained,post_window_recurring,accept,accepted,binary32_adapter,64,0.9809,1.3644,1.4955709999999993,1.652
logistic_motion_forest_anomaly,sustained,post_window_recurring,accept,accepted,envelope_and_binary_parser,64,1.4561,2.5129999999999986,3.5333379999999983,3.9601
logistic_motion_forest_anomaly,sustained,post_window_recurring,accept,accepted,motion_consumer_including_normalization,64,0.53855,0.8647999999999998,1.2342879999999994,1.3807
logistic_motion_forest_anomaly,sustained,post_window_recurring,accept,accepted,prepare_both_model_inputs,64,3.1983,4.481179999999999,5.071764999999999,5.2321
logistic_motion_forest_anomaly,sustained,post_window_recurring,accept,accepted,sender_audit_commit,64,0.00155,0.002,0.0027699999999999973,0.0034
logistic_motion_forest_anomaly,sustained,post_window_recurring,accept,accepted,sender_audit_prepare,64,0.00455,0.006084999999999999,0.007332999999999998,0.0079
logistic_motion_forest_anomaly,sustained,post_window_recurring,accept,accepted,sender_audit_record,64,0.05845,0.08513999999999997,0.11770499999999999,0.1218
logistic_motion_forest_anomaly,sustained,post_window_recurring,accept,accepted,sender_seal_total,64,1.21675,1.66744,2.117303999999999,2.3814
logistic_motion_forest_anomaly,sustained,post_window_recurring,accept,accepted,serialization_including_quality,64,0.9827,1.316235,1.767411999999999,1.9927
logistic_motion_forest_anomaly,sustained,post_window_recurring,accept,accepted,verifier_audit_commit,64,0.0016,0.0023849999999999995,0.0032849999999999984,0.0036
logistic_motion_forest_anomaly,sustained,post_window_recurring,accept,accepted,verifier_audit_prepare,64,0.00495,0.009264999999999994,0.018454999999999947,0.032
logistic_motion_forest_anomaly,sustained,post_window_recurring,accept,accepted,verifier_audit_record,64,0.02435,0.03696499999999999,0.11131099999999954,0.2249
logistic_motion_forest_anomaly,sustained,post_window_recurring,accept,accepted,verifier_authentication_total,64,2.10045,3.4585299999999988,4.192426999999999,4.6505
logistic_motion_forest_anomaly,sustained,post_window_recurring,accept,accepted,verifier_quality_check,64,0.5032,0.86236,1.0007859999999997,1.0939
logistic_motion_forest_anomaly,sustained,post_window_recurring,accept,accepted,window_hmac_generation,64,0.02805,0.04407999999999999,0.0736299999999999,0.0982
logistic_motion_forest_anomaly,sustained,post_window_recurring,accept,accepted,window_hmac_verification_calculation,64,0.02175,0.03401499999999998,0.03911099999999997,0.0456
logistic_motion_forest_anomaly,warmup,bad_tag_receiver,reject,invalid_tag,envelope_and_binary_parser,29,1.6846,2.1811799999999995,2.289484,2.2985
logistic_motion_forest_anomaly,warmup,bad_tag_receiver,reject,invalid_tag,verifier_audit_commit,29,0.0017,0.002339999999999999,0.003075999999999999,0.0033
logistic_motion_forest_anomaly,warmup,bad_tag_receiver,reject,invalid_tag,verifier_audit_prepare,29,0.0048,0.006979999999999999,0.016099999999999986,0.0196
logistic_motion_forest_anomaly,warmup,bad_tag_receiver,reject,invalid_tag,verifier_audit_record,29,0.0333,0.04569999999999999,0.053459999999999994,0.0557
logistic_motion_forest_anomaly,warmup,bad_tag_receiver,reject,invalid_tag,verifier_authentication_total,29,1.8553,2.4141799999999995,2.535228,2.5366
logistic_motion_forest_anomaly,warmup,bad_tag_receiver,reject,invalid_tag,window_hmac_verification_calculation,29,0.0216,0.030459999999999997,0.03592399999999999,0.0378
logistic_motion_forest_anomaly,warmup,exact_replay_receiver,reject,duplicate_sequence,envelope_and_binary_parser,29,2.007,2.6047999999999996,2.754072,2.7856
logistic_motion_forest_anomaly,warmup,exact_replay_receiver,reject,duplicate_sequence,verifier_audit_commit,29,0.0018,0.0023199999999999996,0.0031919999999999987,0.0035
logistic_motion_forest_anomaly,warmup,exact_replay_receiver,reject,duplicate_sequence,verifier_audit_prepare,29,0.0058,0.008299999999999995,0.0093,0.0093
logistic_motion_forest_anomaly,warmup,exact_replay_receiver,reject,duplicate_sequence,verifier_audit_record,29,0.0627,0.08869999999999999,0.11280399999999997,0.1207
logistic_motion_forest_anomaly,warmup,exact_replay_receiver,reject,duplicate_sequence,verifier_authentication_total,29,3.0149,3.8795999999999995,4.19124,4.2765
logistic_motion_forest_anomaly,warmup,exact_replay_receiver,reject,duplicate_sequence,verifier_quality_check,29,0.7207,0.95498,1.0562839999999998,1.0933
logistic_motion_forest_anomaly,warmup,exact_replay_receiver,reject,duplicate_sequence,window_hmac_verification_calculation,29,0.0292,0.037579999999999995,0.04179599999999999,0.043
logistic_motion_forest_anomaly,warmup,fresh_to_first_window,accept,accepted,accepted_release_and_consumers,29,12.9601,17.11076,18.315544,18.7566
logistic_motion_forest_anomaly,warmup,fresh_to_first_window,accept,accepted,admission_total,29,5.5454,7.622699999999999,8.664483999999998,8.992
logistic_motion_forest_anomaly,warmup,fresh_to_first_window,accept,accepted,anomaly_consumer_including_threshold,29,7.4962,9.95888,10.042208,10.0468
logistic_motion_forest_anomaly,warmup,fresh_to_first_window,accept,accepted,binary32_adapter,29,1.3514,2.1768199999999998,2.4933879999999995,2.5747
logistic_motion_forest_anomaly,warmup,fresh_to_first_window,accept,accepted,envelope_and_binary_parser,29,2.0202,3.7555799999999997,3.937436,3.9686
logistic_motion_forest_anomaly,warmup,fresh_to_first_window,accept,accepted,first_post_window_total,29,18.9178,24.83386,26.631875999999995,27.3167
logistic_motion_forest_anomaly,warmup,fresh_to_first_window,accept,accepted,independent_credential_verification,29,0.0653,0.10223999999999998,0.12525599999999998,0.1336
logistic_motion_forest_anomaly,warmup,fresh_to_first_window,accept,accepted,local_authorization_including_verification,29,0.0881,0.14026,0.15337199999999998,0.1583
logistic_motion_forest_anomaly,warmup,fresh_to_first_window,accept,accepted,local_challenge_binding,29,0.0102,0.01398,0.015395999999999998,0.0159
logistic_motion_forest_anomaly,warmup,fresh_to_first_window,accept,accepted,local_request_binding,29,0.0127,0.021319999999999995,0.042935999999999974,0.051
logistic_motion_forest_anomaly,warmup,fresh_to_first_window,accept,accepted,motion_consumer_including_normalization,29,0.6658,0.9248599999999998,1.2751239999999995,1.3911
logistic_motion_forest_anomaly,warmup,fresh_to_first_window,accept,accepted,prepare_both_model_inputs,29,4.045,5.339139999999999,6.335403999999998,6.6695
logistic_motion_forest_anomaly,warmup,fresh_to_first_window,accept,accepted,receiver_challenge,29,0.1635,0.23659999999999998,0.30681599999999987,0.3321
logistic_motion_forest_anomaly,warmup,fresh_to_first_window,accept,accepted,receiver_confirmation,29,0.1386,0.19973999999999997,0.2504199999999999,0.2682
logistic_motion_forest_anomaly,warmup,fresh_to_first_window,accept,accepted,receiver_local_admission,29,0.0132,0.01966,0.022059999999999996,0.0229
logistic_motion_forest_anomaly,warmup,fresh_to_first_window,accept,accepted,reconstruction,29,4.571,6.152539999999999,7.136355999999999,7.4646
logistic_motion_forest_anomaly,warmup,fresh_to_first_window,accept,accepted,response_generation_simulator,29,0.2383,0.27527999999999997,0.32173599999999997,0.3361
logistic_motion_forest_anomaly,warmup,fresh_to_first_window,accept,accepted,sender_activation,29,0.1016,0.29157999999999956,0.380508,0.3816
logistic_motion_forest_anomaly,warmup,fresh_to_first_window,accept,accepted,sender_admission_and_request,29,0.2967,0.46222,0.470636,0.4724
logistic_motion_forest_anomaly,warmup,fresh_to_first_window,accept,accepted,sender_audit_commit,29,0.0045,0.006239999999999999,0.007623999999999998,0.0081
logistic_motion_forest_anomaly,warmup,fresh_to_first_window,accept,accepted,sender_audit_prepare,29,0.0129,0.019019999999999995,0.021859999999999997,0.0227
logistic_motion_forest_anomaly,warmup,fresh_to_first_window,accept,accepted,sender_audit_record,29,0.1398,0.22912,0.34613599999999983,0.3906
logistic_motion_forest_anomaly,warmup,fresh_to_first_window,accept,accepted,sender_confirmation,29,0.0953,0.14288,0.150456,0.1532
logistic_motion_forest_anomaly,warmup,fresh_to_first_window,accept,accepted,sender_local_admission_claim,29,0.0146,0.021139999999999996,0.02186,0.022
logistic_motion_forest_anomaly,warmup,fresh_to_first_window,accept,accepted,sender_seal_total,29,1.506,2.1291999999999995,2.249104,2.2633
logistic_motion_forest_anomaly,warmup,fresh_to_first_window,accept,accepted,serialization_including_quality,29,1.2678,1.8270999999999997,1.899148,1.9064
logistic_motion_forest_anomaly,warmup,fresh_to_first_window,accept,accepted,verifier_audit_commit,29,0.0032,0.00432,0.005551999999999998,0.006
logistic_motion_forest_anomaly,warmup,fresh_to_first_window,accept,accepted,verifier_audit_prepare,29,0.0096,0.011859999999999999,0.014835999999999997,0.0159
logistic_motion_forest_anomaly,warmup,fresh_to_first_window,accept,accepted,verifier_audit_record,29,0.0688,0.09531999999999999,0.10392799999999998,0.1067
logistic_motion_forest_anomaly,warmup,fresh_to_first_window,accept,accepted,verifier_authentication_total,29,2.9083,4.594059999999999,4.790844,4.8105
logistic_motion_forest_anomaly,warmup,fresh_to_first_window,accept,accepted,verifier_quality_check,29,0.7138,0.9033799999999998,0.9767959999999999,0.9934
logistic_motion_forest_anomaly,warmup,fresh_to_first_window,accept,accepted,window_hmac_generation,29,0.0215,0.03622,0.06149999999999996,0.0713
logistic_motion_forest_anomaly,warmup,fresh_to_first_window,accept,accepted,window_hmac_verification_calculation,29,0.0221,0.030239999999999993,0.03600799999999999,0.0378
logistic_motion_forest_anomaly,warmup,malformed_json_receiver,reject,malformed_message,envelope_and_binary_parser,29,0.0375,0.04648,0.05369599999999999,0.0563
logistic_motion_forest_anomaly,warmup,malformed_json_receiver,reject,malformed_message,verifier_audit_commit,29,0.0016,0.0023799999999999997,0.0027159999999999997,0.0028
logistic_motion_forest_anomaly,warmup,malformed_json_receiver,reject,malformed_message,verifier_audit_prepare,29,0.0045,0.00612,0.006919999999999999,0.0072
logistic_motion_forest_anomaly,warmup,malformed_json_receiver,reject,malformed_message,verifier_audit_record,29,0.0499,0.06718,0.07298799999999998,0.0752
logistic_motion_forest_anomaly,warmup,malformed_json_receiver,reject,malformed_message,verifier_authentication_total,29,0.1421,0.18758,0.20858799999999997,0.2164
logistic_motion_forest_anomaly,warmup,post_window_after_refusals,accept,accepted,accepted_release_and_consumers,29,13.1397,14.67968,16.562727999999996,17.2935
logistic_motion_forest_anomaly,warmup,post_window_after_refusals,accept,accepted,anomaly_consumer_including_threshold,29,7.4154,8.62948,8.827032,8.8853
logistic_motion_forest_anomaly,warmup,post_window_after_refusals,accept,accepted,binary32_adapter,29,1.2766,1.5279599999999998,1.7550959999999998,1.8193
logistic_motion_forest_anomaly,warmup,post_window_after_refusals,accept,accepted,envelope_and_binary_parser,29,1.8742,2.1758199999999994,2.827275999999999,3.0424
logistic_motion_forest_anomaly,warmup,post_window_after_refusals,accept,accepted,motion_consumer_including_normalization,29,0.6868,0.86178,0.9159559999999999,0.9334
logistic_motion_forest_anomaly,warmup,post_window_after_refusals,accept,accepted,prepare_both_model_inputs,29,4.313,5.718239999999999,6.278327999999999,6.4421
logistic_motion_forest_anomaly,warmup,post_window_after_refusals,accept,accepted,sender_audit_commit,29,0.0016,0.00216,0.002344,0.0024
logistic_motion_forest_anomaly,warmup,post_window_after_refusals,accept,accepted,sender_audit_prepare,29,0.0044,0.0068599999999999954,0.008635999999999998,0.009
logistic_motion_forest_anomaly,warmup,post_window_after_refusals,accept,accepted,sender_audit_record,29,0.0492,0.06653999999999999,0.08765999999999997,0.0948
logistic_motion_forest_anomaly,warmup,post_window_after_refusals,accept,accepted,sender_seal_total,29,1.4867,2.268059999999998,2.6835,2.7185
logistic_motion_forest_anomaly,warmup,post_window_after_refusals,accept,accepted,serialization_including_quality,29,1.2634,1.9142599999999985,2.189444,2.1916
logistic_motion_forest_anomaly,warmup,post_window_after_refusals,accept,accepted,verifier_audit_commit,29,0.0018,0.0030199999999999997,0.0034599999999999995,0.0036
logistic_motion_forest_anomaly,warmup,post_window_after_refusals,accept,accepted,verifier_audit_prepare,29,0.0052,0.00988,0.014391999999999993,0.0161
logistic_motion_forest_anomaly,warmup,post_window_after_refusals,accept,accepted,verifier_audit_record,29,0.0287,0.040819999999999974,0.10148399999999991,0.1231
logistic_motion_forest_anomaly,warmup,post_window_after_refusals,accept,accepted,verifier_authentication_total,29,2.7457,3.2179999999999995,4.151719999999998,4.4691
logistic_motion_forest_anomaly,warmup,post_window_after_refusals,accept,accepted,verifier_quality_check,29,0.694,0.8316,1.0652799999999996,1.1553
logistic_motion_forest_anomaly,warmup,post_window_after_refusals,accept,accepted,window_hmac_generation,29,0.0307,0.04691999999999997,0.0536,0.0543
logistic_motion_forest_anomaly,warmup,post_window_after_refusals,accept,accepted,window_hmac_verification_calculation,29,0.0223,0.032019999999999986,0.039299999999999995,0.0414
logistic_motion_forest_anomaly,warmup,post_window_recurring,accept,accepted,accepted_release_and_consumers,29,12.9219,16.595339999999993,19.206595999999998,19.7384
logistic_motion_forest_anomaly,warmup,post_window_recurring,accept,accepted,anomaly_consumer_including_threshold,29,7.2812,9.617999999999995,11.090872,11.2281
logistic_motion_forest_anomaly,warmup,post_window_recurring,accept,accepted,binary32_adapter,29,1.3235,1.6764799999999995,1.9472799999999997,2.0114
logistic_motion_forest_anomaly,warmup,post_window_recurring,accept,accepted,envelope_and_binary_parser,29,1.9495,6.399259999999997,226.70761999999965,312.1828
logistic_motion_forest_anomaly,warmup,post_window_recurring,accept,accepted,motion_consumer_including_normalization,29,0.6718,0.8314,1.0035199999999997,1.0689
logistic_motion_forest_anomaly,warmup,post_window_recurring,accept,accepted,prepare_both_model_inputs,29,4.2237,5.621099999999999,6.307307999999999,6.5296
logistic_motion_forest_anomaly,warmup,post_window_recurring,accept,accepted,sender_audit_commit,29,0.0016,0.00226,0.0029479999999999992,0.0032
logistic_motion_forest_anomaly,warmup,post_window_recurring,accept,accepted,sender_audit_prepare,29,0.0046,0.006959999999999999,0.008567999999999997,0.0091
logistic_motion_forest_anomaly,warmup,post_window_recurring,accept,accepted,sender_audit_record,29,0.0678,0.10809999999999999,0.11961999999999999,0.1234
logistic_motion_forest_anomaly,warmup,post_window_recurring,accept,accepted,sender_seal_total,29,1.5701,2.0504,2.2924159999999993,2.3688
logistic_motion_forest_anomaly,warmup,post_window_recurring,accept,accepted,serialization_including_quality,29,1.3161,1.6878199999999999,1.8589239999999998,1.9126
logistic_motion_forest_anomaly,warmup,post_window_recurring,accept,accepted,verifier_audit_commit,29,0.0017,0.0022,0.0030639999999999986,0.0034
logistic_motion_forest_anomaly,warmup,post_window_recurring,accept,accepted,verifier_audit_prepare,29,0.0053,0.007179999999999999,0.009891999999999996,0.0109
logistic_motion_forest_anomaly,warmup,post_window_recurring,accept,accepted,verifier_audit_record,29,0.0297,0.05351999999999999,0.05936799999999999,0.0613
logistic_motion_forest_anomaly,warmup,post_window_recurring,accept,accepted,verifier_authentication_total,29,2.867,7.576559999999996,227.57641599999965,312.8939
logistic_motion_forest_anomaly,warmup,post_window_recurring,accept,accepted,verifier_quality_check,29,0.7099,0.9079199999999996,0.982648,0.9885
logistic_motion_forest_anomaly,warmup,post_window_recurring,accept,accepted,window_hmac_generation,29,0.029,0.04438,0.04781199999999999,0.0491
logistic_motion_forest_anomaly,warmup,post_window_recurring,accept,accepted,window_hmac_verification_calculation,29,0.0241,0.03982,0.041724,0.0422
logistic_motion_forest_anomaly,warmup,pre_tag_quality_refusal,reject,data_quality_failure,binary32_adapter,29,1.3831,1.76872,1.842912,1.8673
logistic_motion_forest_anomaly,warmup,pre_tag_quality_refusal,reject,data_quality_failure,sender_audit_commit,29,0.0016,0.00206,0.002172,0.0022
logistic_motion_forest_anomaly,warmup,pre_tag_quality_refusal,reject,data_quality_failure,sender_audit_prepare,29,0.0047,0.005919999999999998,0.006344,0.0064
logistic_motion_forest_anomaly,warmup,pre_tag_quality_refusal,reject,data_quality_failure,sender_audit_record,29,0.0533,0.06619999999999998,0.072688,0.0742
logistic_motion_forest_anomaly,warmup,pre_tag_quality_refusal,reject,data_quality_failure,sender_seal_total,29,0.7415,0.9199199999999996,1.0333119999999998,1.0542
logistic_motion_forest_anomaly,warmup,pre_tag_quality_refusal,reject,data_quality_failure,serialization_including_quality,29,0.5997,0.7370599999999997,0.79466,0.7962
logistic_motion_forest_anomaly,warmup,valid_receiver_after_bad_tag,accept,accepted,accepted_release_and_consumers,29,12.8748,16.370859999999993,19.246275999999995,19.824
logistic_motion_forest_anomaly,warmup,valid_receiver_after_bad_tag,accept,accepted,anomaly_consumer_including_threshold,29,7.325,9.586579999999996,10.87626,11.0507
logistic_motion_forest_anomaly,warmup,valid_receiver_after_bad_tag,accept,accepted,envelope_and_binary_parser,29,1.6956,2.17404,2.268184,2.2961
logistic_motion_forest_anomaly,warmup,valid_receiver_after_bad_tag,accept,accepted,motion_consumer_including_normalization,29,0.6979,0.8522,0.9431919999999999,0.9778
logistic_motion_forest_anomaly,warmup,valid_receiver_after_bad_tag,accept,accepted,prepare_both_model_inputs,29,4.1888,5.360159999999999,6.512279999999998,6.8627
logistic_motion_forest_anomaly,warmup,valid_receiver_after_bad_tag,accept,accepted,verifier_audit_commit,29,0.0017,0.0022,0.002847999999999999,0.0031
logistic_motion_forest_anomaly,warmup,valid_receiver_after_bad_tag,accept,accepted,verifier_audit_prepare,29,0.0052,0.0066,0.007463999999999998,0.0078
logistic_motion_forest_anomaly,warmup,valid_receiver_after_bad_tag,accept,accepted,verifier_audit_record,29,0.0436,0.06051999999999999,0.063552,0.064
logistic_motion_forest_anomaly,warmup,valid_receiver_after_bad_tag,accept,accepted,verifier_authentication_total,29,2.5841,3.3302399999999994,3.465696,3.4872
logistic_motion_forest_anomaly,warmup,valid_receiver_after_bad_tag,accept,accepted,verifier_quality_check,29,0.7207,0.9243599999999997,0.974824,0.9788
logistic_motion_forest_anomaly,warmup,valid_receiver_after_bad_tag,accept,accepted,window_hmac_verification_calculation,29,0.0217,0.030199999999999998,0.03333599999999999,0.0344
logistic_motion_logistic_anomaly,condition_first_use,bad_tag_receiver,reject,invalid_tag,envelope_and_binary_parser,1,2.0306,2.0306,2.0306,2.0306
logistic_motion_logistic_anomaly,condition_first_use,bad_tag_receiver,reject,invalid_tag,verifier_audit_commit,1,0.0018,0.0018,0.0018,0.0018
logistic_motion_logistic_anomaly,condition_first_use,bad_tag_receiver,reject,invalid_tag,verifier_audit_prepare,1,0.0059,0.0059,0.0059,0.0059
logistic_motion_logistic_anomaly,condition_first_use,bad_tag_receiver,reject,invalid_tag,verifier_audit_record,1,0.0503,0.0503,0.0503,0.0503
logistic_motion_logistic_anomaly,condition_first_use,bad_tag_receiver,reject,invalid_tag,verifier_authentication_total,1,2.2865,2.2865,2.2865,2.2865
logistic_motion_logistic_anomaly,condition_first_use,bad_tag_receiver,reject,invalid_tag,window_hmac_verification_calculation,1,0.0314,0.0314,0.0314,0.0314
logistic_motion_logistic_anomaly,condition_first_use,exact_replay_receiver,reject,duplicate_sequence,envelope_and_binary_parser,1,3.0362,3.0362,3.0362,3.0362
logistic_motion_logistic_anomaly,condition_first_use,exact_replay_receiver,reject,duplicate_sequence,verifier_audit_commit,1,0.0017,0.0017,0.0017,0.0017
logistic_motion_logistic_anomaly,condition_first_use,exact_replay_receiver,reject,duplicate_sequence,verifier_audit_prepare,1,0.0053,0.0053,0.0053,0.0053
logistic_motion_logistic_anomaly,condition_first_use,exact_replay_receiver,reject,duplicate_sequence,verifier_audit_record,1,0.0494,0.0494,0.0494,0.0494
logistic_motion_logistic_anomaly,condition_first_use,exact_replay_receiver,reject,duplicate_sequence,verifier_authentication_total,1,3.9636,3.9636,3.9636,3.9636
logistic_motion_logistic_anomaly,condition_first_use,exact_replay_receiver,reject,duplicate_sequence,verifier_quality_check,1,0.6845,0.6845,0.6845,0.6845
logistic_motion_logistic_anomaly,condition_first_use,exact_replay_receiver,reject,duplicate_sequence,window_hmac_verification_calculation,1,0.0385,0.0385,0.0385,0.0385
logistic_motion_logistic_anomaly,condition_first_use,fresh_to_first_window,accept,accepted,accepted_release_and_consumers,1,5.8791,5.8791,5.8791,5.8791
logistic_motion_logistic_anomaly,condition_first_use,fresh_to_first_window,accept,accepted,admission_total,1,9.6651,9.6651,9.6651,9.6651
logistic_motion_logistic_anomaly,condition_first_use,fresh_to_first_window,accept,accepted,anomaly_consumer_including_threshold,1,0.4676,0.4676,0.4676,0.4676
logistic_motion_logistic_anomaly,condition_first_use,fresh_to_first_window,accept,accepted,binary32_adapter,1,1.351,1.351,1.351,1.351
logistic_motion_logistic_anomaly,condition_first_use,fresh_to_first_window,accept,accepted,envelope_and_binary_parser,1,2.1535,2.1535,2.1535,2.1535
logistic_motion_logistic_anomaly,condition_first_use,fresh_to_first_window,accept,accepted,first_post_window_total,1,11.8565,11.8565,11.8565,11.8565
logistic_motion_logistic_anomaly,condition_first_use,fresh_to_first_window,accept,accepted,independent_credential_verification,1,0.0751,0.0751,0.0751,0.0751
logistic_motion_logistic_anomaly,condition_first_use,fresh_to_first_window,accept,accepted,local_authorization_including_verification,1,0.1004,0.1004,0.1004,0.1004
logistic_motion_logistic_anomaly,condition_first_use,fresh_to_first_window,accept,accepted,local_challenge_binding,1,0.0105,0.0105,0.0105,0.0105
logistic_motion_logistic_anomaly,condition_first_use,fresh_to_first_window,accept,accepted,local_request_binding,1,0.0184,0.0184,0.0184,0.0184
logistic_motion_logistic_anomaly,condition_first_use,fresh_to_first_window,accept,accepted,motion_consumer_including_normalization,1,0.6221,0.6221,0.6221,0.6221
logistic_motion_logistic_anomaly,condition_first_use,fresh_to_first_window,accept,accepted,prepare_both_model_inputs,1,4.1903,4.1903,4.1903,4.1903
logistic_motion_logistic_anomaly,condition_first_use,fresh_to_first_window,accept,accepted,receiver_challenge,1,0.2105,0.2105,0.2105,0.2105
logistic_motion_logistic_anomaly,condition_first_use,fresh_to_first_window,accept,accepted,receiver_confirmation,1,0.1587,0.1587,0.1587,0.1587
logistic_motion_logistic_anomaly,condition_first_use,fresh_to_first_window,accept,accepted,receiver_local_admission,1,0.0163,0.0163,0.0163,0.0163
logistic_motion_logistic_anomaly,condition_first_use,fresh_to_first_window,accept,accepted,reconstruction,1,8.32,8.32,8.32,8.32
logistic_motion_logistic_anomaly,condition_first_use,fresh_to_first_window,accept,accepted,response_generation_simulator,1,0.1607,0.1607,0.1607,0.1607
logistic_motion_logistic_anomaly,condition_first_use,fresh_to_first_window,accept,accepted,sender_activation,1,0.1016,0.1016,0.1016,0.1016
logistic_motion_logistic_anomaly,condition_first_use,fresh_to_first_window,accept,accepted,sender_admission_and_request,1,0.5433,0.5433,0.5433,0.5433
logistic_motion_logistic_anomaly,condition_first_use,fresh_to_first_window,accept,accepted,sender_audit_commit,1,0.0061,0.0061,0.0061,0.0061
logistic_motion_logistic_anomaly,condition_first_use,fresh_to_first_window,accept,accepted,sender_audit_prepare,1,0.1432,0.1432,0.1432,0.1432
logistic_motion_logistic_anomaly,condition_first_use,fresh_to_first_window,accept,accepted,sender_audit_record,1,0.1596,0.1596,0.1596,0.1596
logistic_motion_logistic_anomaly,condition_first_use,fresh_to_first_window,accept,accepted,sender_confirmation,1,0.1027,0.1027,0.1027,0.1027
logistic_motion_logistic_anomaly,condition_first_use,fresh_to_first_window,accept,accepted,sender_local_admission_claim,1,0.0161,0.0161,0.0161,0.0161
logistic_motion_logistic_anomaly,condition_first_use,fresh_to_first_window,accept,accepted,sender_seal_total,1,1.4915,1.4915,1.4915,1.4915
logistic_motion_logistic_anomaly,condition_first_use,fresh_to_first_window,accept,accepted,serialization_including_quality,1,1.2451,1.2451,1.2451,1.2451
logistic_motion_logistic_anomaly,condition_first_use,fresh_to_first_window,accept,accepted,verifier_audit_commit,1,0.0042,0.0042,0.0042,0.0042
logistic_motion_logistic_anomaly,condition_first_use,fresh_to_first_window,accept,accepted,verifier_audit_prepare,1,0.0116,0.0116,0.0116,0.0116
logistic_motion_logistic_anomaly,condition_first_use,fresh_to_first_window,accept,accepted,verifier_audit_record,1,0.0822,0.0822,0.0822,0.0822
logistic_motion_logistic_anomaly,condition_first_use,fresh_to_first_window,accept,accepted,verifier_authentication_total,1,3.0048,3.0048,3.0048,3.0048
logistic_motion_logistic_anomaly,condition_first_use,fresh_to_first_window,accept,accepted,verifier_quality_check,1,0.6685,0.6685,0.6685,0.6685
logistic_motion_logistic_anomaly,condition_first_use,fresh_to_first_window,accept,accepted,window_hmac_generation,1,0.0282,0.0282,0.0282,0.0282
logistic_motion_logistic_anomaly,condition_first_use,fresh_to_first_window,accept,accepted,window_hmac_verification_calculation,1,0.028,0.028,0.028,0.028
logistic_motion_logistic_anomaly,condition_first_use,malformed_json_receiver,reject,malformed_message,envelope_and_binary_parser,1,0.0363,0.0363,0.0363,0.0363
logistic_motion_logistic_anomaly,condition_first_use,malformed_json_receiver,reject,malformed_message,verifier_audit_commit,1,0.0014,0.0014,0.0014,0.0014
logistic_motion_logistic_anomaly,condition_first_use,malformed_json_receiver,reject,malformed_message,verifier_audit_prepare,1,0.0041,0.0041,0.0041,0.0041
logistic_motion_logistic_anomaly,condition_first_use,malformed_json_receiver,reject,malformed_message,verifier_audit_record,1,0.048,0.048,0.048,0.048
logistic_motion_logistic_anomaly,condition_first_use,malformed_json_receiver,reject,malformed_message,verifier_authentication_total,1,0.1342,0.1342,0.1342,0.1342
logistic_motion_logistic_anomaly,condition_first_use,post_window_after_refusals,accept,accepted,accepted_release_and_consumers,1,6.1317,6.1317,6.1317,6.1317
logistic_motion_logistic_anomaly,condition_first_use,post_window_after_refusals,accept,accepted,anomaly_consumer_including_threshold,1,0.6664,0.6664,0.6664,0.6664
logistic_motion_logistic_anomaly,condition_first_use,post_window_after_refusals,accept,accepted,binary32_adapter,1,1.1903,1.1903,1.1903,1.1903
logistic_motion_logistic_anomaly,condition_first_use,post_window_after_refusals,accept,accepted,envelope_and_binary_parser,1,1.8709,1.8709,1.8709,1.8709
logistic_motion_logistic_anomaly,condition_first_use,post_window_after_refusals,accept,accepted,motion_consumer_including_normalization,1,0.6604,0.6604,0.6604,0.6604
logistic_motion_logistic_anomaly,condition_first_use,post_window_after_refusals,accept,accepted,prepare_both_model_inputs,1,4.1615,4.1615,4.1615,4.1615
logistic_motion_logistic_anomaly,condition_first_use,post_window_after_refusals,accept,accepted,sender_audit_commit,1,0.0015,0.0015,0.0015,0.0015
logistic_motion_logistic_anomaly,condition_first_use,post_window_after_refusals,accept,accepted,sender_audit_prepare,1,0.0048,0.0048,0.0048,0.0048
logistic_motion_logistic_anomaly,condition_first_use,post_window_after_refusals,accept,accepted,sender_audit_record,1,0.0527,0.0527,0.0527,0.0527
logistic_motion_logistic_anomaly,condition_first_use,post_window_after_refusals,accept,accepted,sender_seal_total,1,1.4025,1.4025,1.4025,1.4025
logistic_motion_logistic_anomaly,condition_first_use,post_window_after_refusals,accept,accepted,serialization_including_quality,1,1.1599,1.1599,1.1599,1.1599
logistic_motion_logistic_anomaly,condition_first_use,post_window_after_refusals,accept,accepted,verifier_audit_commit,1,0.0019,0.0019,0.0019,0.0019
logistic_motion_logistic_anomaly,condition_first_use,post_window_after_refusals,accept,accepted,verifier_audit_prepare,1,0.0057,0.0057,0.0057,0.0057
logistic_motion_logistic_anomaly,condition_first_use,post_window_after_refusals,accept,accepted,verifier_audit_record,1,0.0307,0.0307,0.0307,0.0307
logistic_motion_logistic_anomaly,condition_first_use,post_window_after_refusals,accept,accepted,verifier_authentication_total,1,2.9126,2.9126,2.9126,2.9126
logistic_motion_logistic_anomaly,condition_first_use,post_window_after_refusals,accept,accepted,verifier_quality_check,1,0.8673,0.8673,0.8673,0.8673
logistic_motion_logistic_anomaly,condition_first_use,post_window_after_refusals,accept,accepted,window_hmac_generation,1,0.0281,0.0281,0.0281,0.0281
logistic_motion_logistic_anomaly,condition_first_use,post_window_after_refusals,accept,accepted,window_hmac_verification_calculation,1,0.0263,0.0263,0.0263,0.0263
logistic_motion_logistic_anomaly,condition_first_use,post_window_recurring,accept,accepted,accepted_release_and_consumers,1,6.2973,6.2973,6.2973,6.2973
logistic_motion_logistic_anomaly,condition_first_use,post_window_recurring,accept,accepted,anomaly_consumer_including_threshold,1,0.6416,0.6416,0.6416,0.6416
logistic_motion_logistic_anomaly,condition_first_use,post_window_recurring,accept,accepted,binary32_adapter,1,1.488,1.488,1.488,1.488
logistic_motion_logistic_anomaly,condition_first_use,post_window_recurring,accept,accepted,envelope_and_binary_parser,1,1.6917,1.6917,1.6917,1.6917
logistic_motion_logistic_anomaly,condition_first_use,post_window_recurring,accept,accepted,motion_consumer_including_normalization,1,0.6725,0.6725,0.6725,0.6725
logistic_motion_logistic_anomaly,condition_first_use,post_window_recurring,accept,accepted,prepare_both_model_inputs,1,4.4315,4.4315,4.4315,4.4315
logistic_motion_logistic_anomaly,condition_first_use,post_window_recurring,accept,accepted,sender_audit_commit,1,0.0014,0.0014,0.0014,0.0014
logistic_motion_logistic_anomaly,condition_first_use,post_window_recurring,accept,accepted,sender_audit_prepare,1,0.0044,0.0044,0.0044,0.0044
logistic_motion_logistic_anomaly,condition_first_use,post_window_recurring,accept,accepted,sender_audit_record,1,0.0651,0.0651,0.0651,0.0651
logistic_motion_logistic_anomaly,condition_first_use,post_window_recurring,accept,accepted,sender_seal_total,1,1.775,1.775,1.775,1.775
logistic_motion_logistic_anomaly,condition_first_use,post_window_recurring,accept,accepted,serialization_including_quality,1,1.505,1.505,1.505,1.505
logistic_motion_logistic_anomaly,condition_first_use,post_window_recurring,accept,accepted,verifier_audit_commit,1,0.0014,0.0014,0.0014,0.0014
logistic_motion_logistic_anomaly,condition_first_use,post_window_recurring,accept,accepted,verifier_audit_prepare,1,0.005,0.005,0.005,0.005
logistic_motion_logistic_anomaly,condition_first_use,post_window_recurring,accept,accepted,verifier_audit_record,1,0.028,0.028,0.028,0.028
logistic_motion_logistic_anomaly,condition_first_use,post_window_recurring,accept,accepted,verifier_authentication_total,1,2.4839,2.4839,2.4839,2.4839
logistic_motion_logistic_anomaly,condition_first_use,post_window_recurring,accept,accepted,verifier_quality_check,1,0.6308,0.6308,0.6308,0.6308
logistic_motion_logistic_anomaly,condition_first_use,post_window_recurring,accept,accepted,window_hmac_generation,1,0.0322,0.0322,0.0322,0.0322
logistic_motion_logistic_anomaly,condition_first_use,post_window_recurring,accept,accepted,window_hmac_verification_calculation,1,0.0272,0.0272,0.0272,0.0272
logistic_motion_logistic_anomaly,condition_first_use,pre_tag_quality_refusal,reject,data_quality_failure,binary32_adapter,1,1.194,1.194,1.194,1.194
logistic_motion_logistic_anomaly,condition_first_use,pre_tag_quality_refusal,reject,data_quality_failure,sender_audit_commit,1,0.0015,0.0015,0.0015,0.0015
logistic_motion_logistic_anomaly,condition_first_use,pre_tag_quality_refusal,reject,data_quality_failure,sender_audit_prepare,1,0.0043,0.0043,0.0043,0.0043
logistic_motion_logistic_anomaly,condition_first_use,pre_tag_quality_refusal,reject,data_quality_failure,sender_audit_record,1,0.0527,0.0527,0.0527,0.0527
logistic_motion_logistic_anomaly,condition_first_use,pre_tag_quality_refusal,reject,data_quality_failure,sender_seal_total,1,0.7567,0.7567,0.7567,0.7567
logistic_motion_logistic_anomaly,condition_first_use,pre_tag_quality_refusal,reject,data_quality_failure,serialization_including_quality,1,0.6087,0.6087,0.6087,0.6087
logistic_motion_logistic_anomaly,condition_first_use,valid_receiver_after_bad_tag,accept,accepted,accepted_release_and_consumers,1,5.93,5.93,5.93,5.93
logistic_motion_logistic_anomaly,condition_first_use,valid_receiver_after_bad_tag,accept,accepted,anomaly_consumer_including_threshold,1,0.4101,0.4101,0.4101,0.4101
logistic_motion_logistic_anomaly,condition_first_use,valid_receiver_after_bad_tag,accept,accepted,envelope_and_binary_parser,1,1.6285,1.6285,1.6285,1.6285
logistic_motion_logistic_anomaly,condition_first_use,valid_receiver_after_bad_tag,accept,accepted,motion_consumer_including_normalization,1,0.5859,0.5859,0.5859,0.5859
logistic_motion_logistic_anomaly,condition_first_use,valid_receiver_after_bad_tag,accept,accepted,prepare_both_model_inputs,1,4.3353,4.3353,4.3353,4.3353
logistic_motion_logistic_anomaly,condition_first_use,valid_receiver_after_bad_tag,accept,accepted,verifier_audit_commit,1,0.0018,0.0018,0.0018,0.0018
logistic_motion_logistic_anomaly,condition_first_use,valid_receiver_after_bad_tag,accept,accepted,verifier_audit_prepare,1,0.0061,0.0061,0.0061,0.0061
logistic_motion_logistic_anomaly,condition_first_use,valid_receiver_after_bad_tag,accept,accepted,verifier_audit_record,1,0.0458,0.0458,0.0458,0.0458
logistic_motion_logistic_anomaly,condition_first_use,valid_receiver_after_bad_tag,accept,accepted,verifier_authentication_total,1,2.6839,2.6839,2.6839,2.6839
logistic_motion_logistic_anomaly,condition_first_use,valid_receiver_after_bad_tag,accept,accepted,verifier_quality_check,1,0.8443,0.8443,0.8443,0.8443
logistic_motion_logistic_anomaly,condition_first_use,valid_receiver_after_bad_tag,accept,accepted,window_hmac_verification_calculation,1,0.0291,0.0291,0.0291,0.0291
logistic_motion_logistic_anomaly,measured,bad_tag_receiver,reject,invalid_tag,envelope_and_binary_parser,119,1.7847,2.3203399999999994,2.7766539999999984,2.9722
logistic_motion_logistic_anomaly,measured,bad_tag_receiver,reject,invalid_tag,verifier_audit_commit,119,0.0017,0.0023099999999999996,0.0035279999999999973,0.0071
logistic_motion_logistic_anomaly,measured,bad_tag_receiver,reject,invalid_tag,verifier_audit_prepare,119,0.0051,0.007229999999999999,0.012893999999999989,0.0155
logistic_motion_logistic_anomaly,measured,bad_tag_receiver,reject,invalid_tag,verifier_audit_record,119,0.0353,0.059449999999999975,0.072546,0.073
logistic_motion_logistic_anomaly,measured,bad_tag_receiver,reject,invalid_tag,verifier_authentication_total,119,1.9545,2.5617099999999997,3.035885999999999,3.2248
logistic_motion_logistic_anomaly,measured,bad_tag_receiver,reject,invalid_tag,window_hmac_verification_calculation,119,0.0213,0.03113,0.035019999999999996,0.045
logistic_motion_logistic_anomaly,measured,exact_replay_receiver,reject,duplicate_sequence,envelope_and_binary_parser,119,2.0501,4.69493,5.574158,7.0111
logistic_motion_logistic_anomaly,measured,exact_replay_receiver,reject,duplicate_sequence,verifier_audit_commit,119,0.0019,0.0025599999999999963,0.0035639999999999986,0.0037
logistic_motion_logistic_anomaly,measured,exact_replay_receiver,reject,duplicate_sequence,verifier_audit_prepare,119,0.0059,0.0085,0.011163999999999999,0.0114
logistic_motion_logistic_anomaly,measured,exact_replay_receiver,reject,duplicate_sequence,verifier_audit_record,119,0.0561,0.07585999999999998,0.08421599999999997,0.1043
logistic_motion_logistic_anomaly,measured,exact_replay_receiver,reject,duplicate_sequence,verifier_authentication_total,119,3.0576,5.75019,6.918703999999999,8.4042
logistic_motion_logistic_anomaly,measured,exact_replay_receiver,reject,duplicate_sequence,verifier_quality_check,119,0.7686,1.02178,1.096752,1.1454
logistic_motion_logistic_anomaly,measured,exact_replay_receiver,reject,duplicate_sequence,window_hmac_verification_calculation,119,0.0269,0.04271,0.052028,0.0647
logistic_motion_logistic_anomaly,measured,fresh_to_first_window,accept,accepted,accepted_release_and_consumers,119,6.2531,8.09212,9.787349999999996,13.4355
logistic_motion_logistic_anomaly,measured,fresh_to_first_window,accept,accepted,admission_total,119,6.0501,8.11373,9.682191999999988,11.3238
logistic_motion_logistic_anomaly,measured,fresh_to_first_window,accept,accepted,anomaly_consumer_including_threshold,119,0.476,0.70783,0.8634659999999994,0.9032
logistic_motion_logistic_anomaly,measured,fresh_to_first_window,accept,accepted,binary32_adapter,119,1.3988,1.97831,2.3619999999999983,2.5159
logistic_motion_logistic_anomaly,measured,fresh_to_first_window,accept,accepted,envelope_and_binary_parser,119,2.0333,2.7406099999999993,2.954104,3.1048
logistic_motion_logistic_anomaly,measured,fresh_to_first_window,accept,accepted,first_post_window_total,119,12.393,15.9032,18.676931999999994,24.4271
logistic_motion_logistic_anomaly,measured,fresh_to_first_window,accept,accepted,independent_credential_verification,119,0.0658,0.08865,0.14946399999999996,0.154
logistic_motion_logistic_anomaly,measured,fresh_to_first_window,accept,accepted,local_authorization_including_verification,119,0.0897,0.12615,0.1903419999999999,0.2441
logistic_motion_logistic_anomaly,measured,fresh_to_first_window,accept,accepted,local_challenge_binding,119,0.0107,0.014579999999999989,0.017682,0.0177
logistic_motion_logistic_anomaly,measured,fresh_to_first_window,accept,accepted,local_request_binding,119,0.0136,0.019239999999999997,0.035769999999999906,0.0765
logistic_motion_logistic_anomaly,measured,fresh_to_first_window,accept,accepted,motion_consumer_including_normalization,119,0.7053,0.9208399999999998,1.023688,2.6143
logistic_motion_logistic_anomaly,measured,fresh_to_first_window,accept,accepted,prepare_both_model_inputs,119,4.3663,5.647529999999999,7.022713999999998,8.207
logistic_motion_logistic_anomaly,measured,fresh_to_first_window,accept,accepted,receiver_challenge,119,0.167,0.23984,0.31376799999999977,0.6434
logistic_motion_logistic_anomaly,measured,fresh_to_first_window,accept,accepted,receiver_confirmation,119,0.141,0.21155999999999994,0.2721899999999999,0.4788
logistic_motion_logistic_anomaly,measured,fresh_to_first_window,accept,accepted,receiver_local_admission,119,0.014,0.020769999999999997,0.024765999999999993,0.0622
logistic_motion_logistic_anomaly,measured,fresh_to_first_window,accept,accepted,reconstruction,119,4.7922,6.72286,8.45119999999999,9.4941
logistic_motion_logistic_anomaly,measured,fresh_to_first_window,accept,accepted,response_generation_simulator,119,0.2527,0.33051999999999987,0.40552999999999967,0.4773
logistic_motion_logistic_anomaly,measured,fresh_to_first_window,accept,accepted,sender_activation,119,0.1059,0.16178,0.18572,0.2325
logistic_motion_logistic_anomaly,measured,fresh_to_first_window,accept,accepted,sender_admission_and_request,119,0.2993,0.42344999999999994,0.6540399999999994,0.8747
logistic_motion_logistic_anomaly,measured,fresh_to_first_window,accept,accepted,sender_audit_commit,119,0.0047,0.006839999999999992,0.009482,0.0173
logistic_motion_logistic_anomaly,measured,fresh_to_first_window,accept,accepted,sender_audit_prepare,119,0.0134,0.01945999999999999,0.025769999999999977,0.0287
logistic_motion_logistic_anomaly,measured,fresh_to_first_window,accept,accepted,sender_audit_record,119,0.1433,0.20535999999999996,0.4787839999999984,0.6736
logistic_motion_logistic_anomaly,measured,fresh_to_first_window,accept,accepted,sender_confirmation,119,0.1035,0.15506,0.22052999999999984,0.5052
logistic_motion_logistic_anomaly,measured,fresh_to_first_window,accept,accepted,sender_local_admission_claim,119,0.0155,0.02443,0.03073799999999999,0.0368
logistic_motion_logistic_anomaly,measured,fresh_to_first_window,accept,accepted,sender_seal_total,119,1.5905,2.2866299999999997,3.004099999999997,3.4538
logistic_motion_logistic_anomaly,measured,fresh_to_first_window,accept,accepted,serialization_including_quality,119,1.3655,1.95136,2.4215699999999982,2.6447
logistic_motion_logistic_anomaly,measured,fresh_to_first_window,accept,accepted,verifier_audit_commit,119,0.0032,0.0047,0.0062,0.009
logistic_motion_logistic_anomaly,measured,fresh_to_first_window,accept,accepted,verifier_audit_prepare,119,0.0098,0.013669999999999996,0.016073999999999995,0.0173
logistic_motion_logistic_anomaly,measured,fresh_to_first_window,accept,accepted,verifier_audit_record,119,0.0711,0.10411,0.12465799999999991,0.1527
logistic_motion_logistic_anomaly,measured,fresh_to_first_window,accept,accepted,verifier_authentication_total,119,2.9339,3.9483799999999993,4.24815,4.9297
logistic_motion_logistic_anomaly,measured,fresh_to_first_window,accept,accepted,verifier_quality_check,119,0.7449,1.0003299999999997,1.1121819999999998,1.2605
logistic_motion_logistic_anomaly,measured,fresh_to_first_window,accept,accepted,window_hmac_generation,119,0.0199,0.034699999999999974,0.04762999999999999,0.0567
logistic_motion_logistic_anomaly,measured,fresh_to_first_window,accept,accepted,window_hmac_verification_calculation,119,0.0214,0.03302,0.034028,0.0417
logistic_motion_logistic_anomaly,measured,fresh_to_first_window,reject,failed_reconstruction,admission_total,1,38.1385,38.1385,38.1385,38.1385
logistic_motion_logistic_anomaly,measured,fresh_to_first_window,reject,failed_reconstruction,reconstruction,1,37.5398,37.5398,37.5398,37.5398
logistic_motion_logistic_anomaly,measured,fresh_to_first_window,reject,failed_reconstruction,response_generation_simulator,1,0.3018,0.3018,0.3018,0.3018
logistic_motion_logistic_anomaly,measured,fresh_to_first_window,reject,failed_reconstruction,sender_admission_and_request,1,0.2141,0.2141,0.2141,0.2141
logistic_motion_logistic_anomaly,measured,fresh_to_first_window,reject,failed_reconstruction,sender_audit_commit,1,0.002,0.002,0.002,0.002
logistic_motion_logistic_anomaly,measured,fresh_to_first_window,reject,failed_reconstruction,sender_audit_prepare,1,0.0073,0.0073,0.0073,0.0073
logistic_motion_logistic_anomaly,measured,fresh_to_first_window,reject,failed_reconstruction,sender_audit_record,1,0.086,0.086,0.086,0.086
logistic_motion_logistic_anomaly,measured,malformed_json_receiver,reject,malformed_message,envelope_and_binary_parser,119,0.0358,0.05332,0.07423199999999998,0.085
logistic_motion_logistic_anomaly,measured,malformed_json_receiver,reject,malformed_message,verifier_audit_commit,119,0.0017,0.0028099999999999996,0.0032,0.0033
logistic_motion_logistic_anomaly,measured,malformed_json_receiver,reject,malformed_message,verifier_audit_prepare,119,0.0047,0.007449999999999997,0.014301999999999959,0.0161
logistic_motion_logistic_anomaly,measured,malformed_json_receiver,reject,malformed_message,verifier_audit_record,119,0.0503,0.07543999999999998,0.095774,0.1262
logistic_motion_logistic_anomaly,measured,malformed_json_receiver,reject,malformed_message,verifier_authentication_total,119,0.143,0.21257999999999994,0.262842,0.2869
logistic_motion_logistic_anomaly,measured,post_window_after_refusals,accept,accepted,accepted_release_and_consumers,119,6.2509,7.880559999999998,9.46311,9.7993
logistic_motion_logistic_anomaly,measured,post_window_after_refusals,accept,accepted,anomaly_consumer_including_threshold,119,0.4756,0.70627,0.8878119999999999,1.17
logistic_motion_logistic_anomaly,measured,post_window_after_refusals,accept,accepted,binary32_adapter,119,1.3773,1.85601,1.8993419999999999,2.714
logistic_motion_logistic_anomaly,measured,post_window_after_refusals,accept,accepted,envelope_and_binary_parser,119,1.9693,5.02606,5.580233999999999,328.8521
logistic_motion_logistic_anomaly,measured,post_window_after_refusals,accept,accepted,motion_consumer_including_normalization,119,0.689,0.9255099999999998,1.2158419999999988,1.3039
logistic_motion_logistic_anomaly,measured,post_window_after_refusals,accept,accepted,prepare_both_model_inputs,119,4.3991,5.503049999999999,6.696757999999999,6.8627
logistic_motion_logistic_anomaly,measured,post_window_after_refusals,accept,accepted,sender_audit_commit,119,0.0016,0.0022099999999999997,0.0033459999999999983,0.0034
logistic_motion_logistic_anomaly,measured,post_window_after_refusals,accept,accepted,sender_audit_prepare,119,0.0047,0.007219999999999999,0.0083,0.0116
logistic_motion_logistic_anomaly,measured,post_window_after_refusals,accept,accepted,sender_audit_record,119,0.0509,0.07469999999999997,0.08496199999999997,0.1319
logistic_motion_logistic_anomaly,measured,post_window_after_refusals,accept,accepted,sender_seal_total,119,1.5854,2.0847599999999997,2.5455279999999973,3.1118
logistic_motion_logistic_anomaly,measured,post_window_after_refusals,accept,accepted,serialization_including_quality,119,1.3604,1.7590399999999997,2.0119739999999986,2.722
logistic_motion_logistic_anomaly,measured,post_window_after_refusals,accept,accepted,verifier_audit_commit,119,0.0018,0.0023,0.0030459999999999984,0.0033
logistic_motion_logistic_anomaly,measured,post_window_after_refusals,accept,accepted,verifier_audit_prepare,119,0.0053,0.0074,0.007681999999999999,0.0085
logistic_motion_logistic_anomaly,measured,post_window_after_refusals,accept,accepted,verifier_audit_record,119,0.0301,0.04339999999999999,0.04933799999999999,0.0785
logistic_motion_logistic_anomaly,measured,post_window_after_refusals,accept,accepted,verifier_authentication_total,119,2.8954,5.993759999999999,6.561833999999999,329.6046
logistic_motion_logistic_anomaly,measured,post_window_after_refusals,accept,accepted,verifier_quality_check,119,0.7549,0.9816799999999998,1.0953259999999996,1.1593
logistic_motion_logistic_anomaly,measured,post_window_after_refusals,accept,accepted,window_hmac_generation,119,0.0308,0.045989999999999996,0.058141999999999944,0.1012
logistic_motion_logistic_anomaly,measured,post_window_after_refusals,accept,accepted,window_hmac_verification_calculation,119,0.0226,0.03601,0.04219599999999998,0.0443
logistic_motion_logistic_anomaly,measured,post_window_recurring,accept,accepted,accepted_release_and_consumers,119,6.1014,7.8751,9.391368,9.4681
logistic_motion_logistic_anomaly,measured,post_window_recurring,accept,accepted,anomaly_consumer_including_threshold,119,0.4665,0.63561,0.7234019999999999,0.759
logistic_motion_logistic_anomaly,measured,post_window_recurring,accept,accepted,binary32_adapter,119,1.3919,1.74702,1.9433359999999997,1.9615
logistic_motion_logistic_anomaly,measured,post_window_recurring,accept,accepted,envelope_and_binary_parser,119,1.9786,2.5956899999999994,2.7238659999999997,2.7371
logistic_motion_logistic_anomaly,measured,post_window_recurring,accept,accepted,motion_consumer_including_normalization,119,0.6728,0.89977,1.038306,1.3424
logistic_motion_logistic_anomaly,measured,post_window_recurring,accept,accepted,prepare_both_model_inputs,119,4.3155,5.4327299999999985,6.618567999999999,6.7181
logistic_motion_logistic_anomaly,measured,post_window_recurring,accept,accepted,sender_audit_commit,119,0.0017,0.0022,0.003163999999999999,0.0033
logistic_motion_logistic_anomaly,measured,post_window_recurring,accept,accepted,sender_audit_prepare,119,0.0049,0.0066,0.008027999999999997,0.0081
logistic_motion_logistic_anomaly,measured,post_window_recurring,accept,accepted,sender_audit_record,119,0.0704,0.08914999999999998,0.1312199999999997,0.143
logistic_motion_logistic_anomaly,measured,post_window_recurring,accept,accepted,sender_seal_total,119,1.6416,2.19326,2.32723,2.7198
logistic_motion_logistic_anomaly,measured,post_window_recurring,accept,accepted,serialization_including_quality,119,1.375,1.83905,1.8833719999999998,2.2329
logistic_motion_logistic_anomaly,measured,post_window_recurring,accept,accepted,verifier_audit_commit,119,0.0017,0.0021099999999999995,0.0033639999999999985,0.0035
logistic_motion_logistic_anomaly,measured,post_window_recurring,accept,accepted,verifier_audit_prepare,119,0.0052,0.007509999999999999,0.009409999999999996,0.0136
logistic_motion_logistic_anomaly,measured,post_window_recurring,accept,accepted,verifier_audit_record,119,0.0317,0.04623,0.05419199999999999,0.07
logistic_motion_logistic_anomaly,measured,post_window_recurring,accept,accepted,verifier_authentication_total,119,2.9094,3.72195,4.046681999999999,4.1847
logistic_motion_logistic_anomaly,measured,post_window_recurring,accept,accepted,verifier_quality_check,119,0.7541,0.9304399999999999,1.0889259999999996,1.2711
logistic_motion_logistic_anomaly,measured,post_window_recurring,accept,accepted,window_hmac_generation,119,0.0291,0.04077999999999999,0.042464,0.117
logistic_motion_logistic_anomaly,measured,post_window_recurring,accept,accepted,window_hmac_verification_calculation,119,0.0222,0.029789999999999997,0.033282,0.054
logistic_motion_logistic_anomaly,measured,pre_tag_quality_refusal,reject,data_quality_failure,binary32_adapter,119,1.3998,1.7926,1.9384239999999995,2.0161
logistic_motion_logistic_anomaly,measured,pre_tag_quality_refusal,reject,data_quality_failure,sender_audit_commit,119,0.0017,0.0028099999999999996,0.0034,0.0103
logistic_motion_logistic_anomaly,measured,pre_tag_quality_refusal,reject,data_quality_failure,sender_audit_prepare,119,0.0049,0.0072,0.007927999999999998,0.0099
logistic_motion_logistic_anomaly,measured,pre_tag_quality_refusal,reject,data_quality_failure,sender_audit_record,119,0.0539,0.07395,0.09600199999999999,0.2108
logistic_motion_logistic_anomaly,measured,pre_tag_quality_refusal,reject,data_quality_failure,sender_seal_total,119,0.7671,1.00385,1.1293519999999992,1.463
logistic_motion_logistic_anomaly,measured,pre_tag_quality_refusal,reject,data_quality_failure,serialization_including_quality,119,0.6189,0.7949799999999999,0.8781959999999998,1.1025
logistic_motion_logistic_anomaly,measured,valid_receiver_after_bad_tag,accept,accepted,accepted_release_and_consumers,119,6.1319,7.88034,9.149615999999998,9.2063
logistic_motion_logistic_anomaly,measured,valid_receiver_after_bad_tag,accept,accepted,anomaly_consumer_including_threshold,119,0.4736,0.6298399999999998,0.7828259999999999,1.0199
logistic_motion_logistic_anomaly,measured,valid_receiver_after_bad_tag,accept,accepted,envelope_and_binary_parser,119,1.7758,2.57854,3.0267739999999996,3.1332
logistic_motion_logistic_anomaly,measured,valid_receiver_after_bad_tag,accept,accepted,motion_consumer_including_normalization,119,0.6765,0.91107,0.9653259999999999,1.0637
logistic_motion_logistic_anomaly,measured,valid_receiver_after_bad_tag,accept,accepted,prepare_both_model_inputs,119,4.3261,5.51185,6.6110039999999985,6.7114
logistic_motion_logistic_anomaly,measured,valid_receiver_after_bad_tag,accept,accepted,verifier_audit_commit,119,0.0018,0.0023099999999999996,0.0032,0.0038
logistic_motion_logistic_anomaly,measured,valid_receiver_after_bad_tag,accept,accepted,verifier_audit_prepare,119,0.0053,0.00801,0.009519999999999992,0.0102
logistic_motion_logistic_anomaly,measured,valid_receiver_after_bad_tag,accept,accepted,verifier_audit_record,119,0.0438,0.06392,0.07883999999999991,0.0908
logistic_motion_logistic_anomaly,measured,valid_receiver_after_bad_tag,accept,accepted,verifier_authentication_total,119,2.7176,3.77552,4.322458,4.4636
logistic_motion_logistic_anomaly,measured,valid_receiver_after_bad_tag,accept,accepted,verifier_quality_check,119,0.7641,1.03456,1.209875999999999,1.384
logistic_motion_logistic_anomaly,measured,valid_receiver_after_bad_tag,accept,accepted,window_hmac_verification_calculation,119,0.0213,0.03303,0.038564,0.0397
logistic_motion_logistic_anomaly,sustained,post_window_recurring,accept,accepted,accepted_release_and_consumers,64,5.12565,10.37747,10.823265999999998,11.3725
logistic_motion_logistic_anomaly,sustained,post_window_recurring,accept,accepted,anomaly_consumer_including_threshold,64,0.40645,0.9728349999999999,1.0746959999999994,1.1697
logistic_motion_logistic_anomaly,sustained,post_window_recurring,accept,accepted,binary32_adapter,64,1.0846,2.26423,2.470844999999999,2.6526
logistic_motion_logistic_anomaly,sustained,post_window_recurring,accept,accepted,envelope_and_binary_parser,64,1.6414,2.99549,3.9223409999999954,5.0559
logistic_motion_logistic_anomaly,sustained,post_window_recurring,accept,accepted,motion_consumer_including_normalization,64,0.61285,1.1339149999999998,1.2667509999999997,1.3312
logistic_motion_logistic_anomaly,sustained,post_window_recurring,accept,accepted,prepare_both_model_inputs,64,3.49035,7.465759999999998,8.152653,8.22
logistic_motion_logistic_anomaly,sustained,post_window_recurring,accept,accepted,sender_audit_commit,64,0.0016,0.0037,0.0038739999999999994,0.004
logistic_motion_logistic_anomaly,sustained,post_window_recurring,accept,accepted,sender_audit_prepare,64,0.00545,0.011069999999999998,0.011474,0.0116
logistic_motion_logistic_anomaly,sustained,post_window_recurring,accept,accepted,sender_audit_record,64,0.0636,0.11516999999999997,0.12518099999999996,0.1323
logistic_motion_logistic_anomaly,sustained,post_window_recurring,accept,accepted,sender_seal_total,64,1.34355,2.6775899999999995,2.841085,2.8477
logistic_motion_logistic_anomaly,sustained,post_window_recurring,accept,accepted,serialization_including_quality,64,1.07585,2.1624899999999996,2.3545769999999995,2.4504
logistic_motion_logistic_anomaly,sustained,post_window_recurring,accept,accepted,verifier_audit_commit,64,0.0018,0.004254999999999998,0.005995999999999998,0.0065
logistic_motion_logistic_anomaly,sustained,post_window_recurring,accept,accepted,verifier_audit_prepare,64,0.00595,0.012624999999999996,0.027501999999999912,0.0493
logistic_motion_logistic_anomaly,sustained,post_window_recurring,accept,accepted,verifier_audit_record,64,0.0277,0.05902999999999999,0.07910299999999997,0.0866
logistic_motion_logistic_anomaly,sustained,post_window_recurring,accept,accepted,verifier_authentication_total,64,2.45145,4.42342,5.206526999999997,5.8977
logistic_motion_logistic_anomaly,sustained,post_window_recurring,accept,accepted,verifier_quality_check,64,0.5937,1.1665999999999999,1.2544729999999997,1.2878
logistic_motion_logistic_anomaly,sustained,post_window_recurring,accept,accepted,window_hmac_generation,64,0.02875,0.05727999999999999,0.08828999999999985,0.1242
logistic_motion_logistic_anomaly,sustained,post_window_recurring,accept,accepted,window_hmac_verification_calculation,64,0.02345,0.045085,0.05037699999999999,0.0517
logistic_motion_logistic_anomaly,warmup,bad_tag_receiver,reject,invalid_tag,envelope_and_binary_parser,29,1.6231,2.04632,2.125944,2.1505
logistic_motion_logistic_anomaly,warmup,bad_tag_receiver,reject,invalid_tag,verifier_audit_commit,29,0.0016,0.00196,0.002072,0.0021
logistic_motion_logistic_anomaly,warmup,bad_tag_receiver,reject,invalid_tag,verifier_audit_prepare,29,0.005,0.00636,0.006975999999999999,0.0072
logistic_motion_logistic_anomaly,warmup,bad_tag_receiver,reject,invalid_tag,verifier_audit_record,29,0.0337,0.04306,0.0449,0.0456
logistic_motion_logistic_anomaly,warmup,bad_tag_receiver,reject,invalid_tag,verifier_authentication_total,29,1.7904,2.24998,2.893499999999999,3.1371
logistic_motion_logistic_anomaly,warmup,bad_tag_receiver,reject,invalid_tag,window_hmac_verification_calculation,29,0.021,0.02972,0.031224,0.0317
logistic_motion_logistic_anomaly,warmup,exact_replay_receiver,reject,duplicate_sequence,envelope_and_binary_parser,29,1.9499,5.561259999999998,6.04334,6.0929
logistic_motion_logistic_anomaly,warmup,exact_replay_receiver,reject,duplicate_sequence,verifier_audit_commit,29,0.0018,0.0023,0.003595999999999998,0.0041
logistic_motion_logistic_anomaly,warmup,exact_replay_receiver,reject,duplicate_sequence,verifier_audit_prepare,29,0.0057,0.0075,0.007716,0.0078
logistic_motion_logistic_anomaly,warmup,exact_replay_receiver,reject,duplicate_sequence,verifier_audit_record,29,0.0555,0.07556,0.08307199999999998,0.0859
logistic_motion_logistic_anomaly,warmup,exact_replay_receiver,reject,duplicate_sequence,verifier_authentication_total,29,2.8685,6.637539999999998,7.201148,7.2609
logistic_motion_logistic_anomaly,warmup,exact_replay_receiver,reject,duplicate_sequence,verifier_quality_check,29,0.6838,0.84344,0.8877439999999999,0.9039
logistic_motion_logistic_anomaly,warmup,exact_replay_receiver,reject,duplicate_sequence,window_hmac_verification_calculation,29,0.0279,0.04216,0.042776,0.043
logistic_motion_logistic_anomaly,warmup,fresh_to_first_window,accept,accepted,accepted_release_and_consumers,29,5.8021,7.37354,7.618972,7.6946
logistic_motion_logistic_anomaly,warmup,fresh_to_first_window,accept,accepted,admission_total,29,5.3697,8.449579999999992,10.02126,10.111
logistic_motion_logistic_anomaly,warmup,fresh_to_first_window,accept,accepted,anomaly_consumer_including_threshold,29,0.4702,0.5922,0.6743599999999998,0.706
logistic_motion_logistic_anomaly,warmup,fresh_to_first_window,accept,accepted,binary32_adapter,29,1.2581,1.6153999999999997,1.670872,1.6821
logistic_motion_logistic_anomaly,warmup,fresh_to_first_window,accept,accepted,envelope_and_binary_parser,29,1.8204,2.3122,2.331968,2.3388
logistic_motion_logistic_anomaly,warmup,fresh_to_first_window,accept,accepted,first_post_window_total,29,11.2934,14.2365,14.668652,14.7846
logistic_motion_logistic_anomaly,warmup,fresh_to_first_window,accept,accepted,independent_credential_verification,29,0.0689,0.08699999999999998,0.090312,0.0909
logistic_motion_logistic_anomaly,warmup,fresh_to_first_window,accept,accepted,local_authorization_including_verification,29,0.094,0.11489999999999999,0.12238799999999998,0.1246
logistic_motion_logistic_anomaly,warmup,fresh_to_first_window,accept,accepted,local_challenge_binding,29,0.0097,0.01122,0.013171999999999996,0.0139
logistic_motion_logistic_anomaly,warmup,fresh_to_first_window,accept,accepted,local_request_binding,29,0.0129,0.01484,0.016439999999999996,0.017
logistic_motion_logistic_anomaly,warmup,fresh_to_first_window,accept,accepted,motion_consumer_including_normalization,29,0.7786,0.9572799999999999,1.0564159999999998,1.0894
logistic_motion_logistic_anomaly,warmup,fresh_to_first_window,accept,accepted,prepare_both_model_inputs,29,3.9862,5.08032,5.5143759999999995,5.663
logistic_motion_logistic_anomaly,warmup,fresh_to_first_window,accept,accepted,receiver_challenge,29,0.1606,0.1897,0.22197199999999995,0.2339
logistic_motion_logistic_anomaly,warmup,fresh_to_first_window,accept,accepted,receiver_confirmation,29,0.1303,0.16646,0.21148399999999995,0.2282
logistic_motion_logistic_anomaly,warmup,fresh_to_first_window,accept,accepted,receiver_local_admission,29,0.0127,0.015359999999999999,0.018191999999999996,0.0192
logistic_motion_logistic_anomaly,warmup,fresh_to_first_window,accept,accepted,reconstruction,29,4.3687,7.265459999999993,8.876628,8.9634
logistic_motion_logistic_anomaly,warmup,fresh_to_first_window,accept,accepted,response_generation_simulator,29,0.2399,0.29652,0.32266399999999995,0.3321
logistic_motion_logistic_anomaly,warmup,fresh_to_first_window,accept,accepted,sender_activation,29,0.1003,0.14373999999999995,0.21548399999999993,0.2385
logistic_motion_logistic_anomaly,warmup,fresh_to_first_window,accept,accepted,sender_admission_and_request,29,0.2796,0.36206,0.3999479999999999,0.4142
logistic_motion_logistic_anomaly,warmup,fresh_to_first_window,accept,accepted,sender_audit_commit,29,0.0044,0.00526,0.005803999999999999,0.006
logistic_motion_logistic_anomaly,warmup,fresh_to_first_window,accept,accepted,sender_audit_prepare,29,0.0126,0.015719999999999998,0.016488,0.0166
logistic_motion_logistic_anomaly,warmup,fresh_to_first_window,accept,accepted,sender_audit_record,29,0.137,0.18453999999999995,0.21779599999999996,0.2267
logistic_motion_logistic_anomaly,warmup,fresh_to_first_window,accept,accepted,sender_confirmation,29,0.0962,0.1175,0.13866799999999996,0.1469
logistic_motion_logistic_anomaly,warmup,fresh_to_first_window,accept,accepted,sender_local_admission_claim,29,0.0148,0.018399999999999996,0.021679999999999998,0.0228
logistic_motion_logistic_anomaly,warmup,fresh_to_first_window,accept,accepted,sender_seal_total,29,1.4512,1.8555399999999997,2.0754759999999997,2.1366
logistic_motion_logistic_anomaly,warmup,fresh_to_first_window,accept,accepted,serialization_including_quality,29,1.2325,1.5849799999999998,1.7451879999999997,1.7873
logistic_motion_logistic_anomaly,warmup,fresh_to_first_window,accept,accepted,verifier_audit_commit,29,0.0028,0.0036199999999999995,0.003844,0.0039
logistic_motion_logistic_anomaly,warmup,fresh_to_first_window,accept,accepted,verifier_audit_prepare,29,0.0091,0.013879999999999995,0.015951999999999997,0.0164
logistic_motion_logistic_anomaly,warmup,fresh_to_first_window,accept,accepted,verifier_audit_record,29,0.0662,0.08531999999999998,0.091072,0.0925
logistic_motion_logistic_anomaly,warmup,fresh_to_first_window,accept,accepted,verifier_authentication_total,29,2.6365,3.36382,3.399076,3.4035
logistic_motion_logistic_anomaly,warmup,fresh_to_first_window,accept,accepted,verifier_quality_check,29,0.6674,0.85938,0.86718,0.8697
logistic_motion_logistic_anomaly,warmup,fresh_to_first_window,accept,accepted,window_hmac_generation,29,0.0192,0.031459999999999995,0.04484399999999998,0.0498
logistic_motion_logistic_anomaly,warmup,fresh_to_first_window,accept,accepted,window_hmac_verification_calculation,29,0.0205,0.027899999999999998,0.038491999999999985,0.0423
logistic_motion_logistic_anomaly,warmup,malformed_json_receiver,reject,malformed_message,envelope_and_binary_parser,29,0.0407,0.05127999999999999,0.053752,0.0542
logistic_motion_logistic_anomaly,warmup,malformed_json_receiver,reject,malformed_message,verifier_audit_commit,29,0.0016,0.0019,0.0021159999999999994,0.0022
logistic_motion_logistic_anomaly,warmup,malformed_json_receiver,reject,malformed_message,verifier_audit_prepare,29,0.0044,0.00562,0.005844,0.0059
logistic_motion_logistic_anomaly,warmup,malformed_json_receiver,reject,malformed_message,verifier_audit_record,29,0.0501,0.06559999999999999,0.068424,0.0689
logistic_motion_logistic_anomaly,warmup,malformed_json_receiver,reject,malformed_message,verifier_authentication_total,29,0.1445,0.1823,0.189428,0.1915
logistic_motion_logistic_anomaly,warmup,post_window_after_refusals,accept,accepted,accepted_release_and_consumers,29,5.9568,7.21398,7.462068,7.5522
logistic_motion_logistic_anomaly,warmup,post_window_after_refusals,accept,accepted,anomaly_consumer_including_threshold,29,0.4643,0.59226,0.608028,0.6122
logistic_motion_logistic_anomaly,warmup,post_window_after_refusals,accept,accepted,binary32_adapter,29,1.2272,1.52232,1.552176,1.5608
logistic_motion_logistic_anomaly,warmup,post_window_after_refusals,accept,accepted,envelope_and_binary_parser,29,1.7869,2.24074,2.360588,2.4006
logistic_motion_logistic_anomaly,warmup,post_window_after_refusals,accept,accepted,motion_consumer_including_normalization,29,0.772,0.92702,0.9355,0.9383
logistic_motion_logistic_anomaly,warmup,post_window_after_refusals,accept,accepted,prepare_both_model_inputs,29,4.1151,4.93488,5.207608,5.3123
logistic_motion_logistic_anomaly,warmup,post_window_after_refusals,accept,accepted,sender_audit_commit,29,0.0015,0.00196,0.002,0.002
logistic_motion_logistic_anomaly,warmup,post_window_after_refusals,accept,accepted,sender_audit_prepare,29,0.0045,0.0063999999999999994,0.006744,0.0068
logistic_motion_logistic_anomaly,warmup,post_window_after_refusals,accept,accepted,sender_audit_record,29,0.0486,0.06394,0.067484,0.0688
logistic_motion_logistic_anomaly,warmup,post_window_after_refusals,accept,accepted,sender_seal_total,29,1.4211,1.8549599999999997,1.913312,1.9223
logistic_motion_logistic_anomaly,warmup,post_window_after_refusals,accept,accepted,serialization_including_quality,29,1.2142,1.5687399999999998,1.60406,1.6042
logistic_motion_logistic_anomaly,warmup,post_window_after_refusals,accept,accepted,verifier_audit_commit,29,0.0019,0.0023,0.0029479999999999992,0.0032
logistic_motion_logistic_anomaly,warmup,post_window_after_refusals,accept,accepted,verifier_audit_prepare,29,0.0057,0.00752,0.009975999999999997,0.0109
logistic_motion_logistic_anomaly,warmup,post_window_after_refusals,accept,accepted,verifier_audit_record,29,0.0276,0.03496,0.036512,0.0371
logistic_motion_logistic_anomaly,warmup,post_window_after_refusals,accept,accepted,verifier_authentication_total,29,2.6173,3.31792,3.340112,3.3449
logistic_motion_logistic_anomaly,warmup,post_window_after_refusals,accept,accepted,verifier_quality_check,29,0.6812,0.86034,0.9929799999999998,1.0445
logistic_motion_logistic_anomaly,warmup,post_window_after_refusals,accept,accepted,window_hmac_generation,29,0.0338,0.04638,0.047204,0.0474
logistic_motion_logistic_anomaly,warmup,post_window_after_refusals,accept,accepted,window_hmac_verification_calculation,29,0.0233,0.028619999999999996,0.031027999999999997,0.0317
logistic_motion_logistic_anomaly,warmup,post_window_recurring,accept,accepted,accepted_release_and_consumers,29,5.8254,7.15114,7.233508,7.2395
logistic_motion_logistic_anomaly,warmup,post_window_recurring,accept,accepted,anomaly_consumer_including_threshold,29,0.4561,0.5783399999999999,0.7392999999999997,0.7974
logistic_motion_logistic_anomaly,warmup,post_window_recurring,accept,accepted,binary32_adapter,29,1.2538,1.54858,1.556532,1.5588
logistic_motion_logistic_anomaly,warmup,post_window_recurring,accept,accepted,envelope_and_binary_parser,29,1.7645,2.25018,2.320996,2.3411
logistic_motion_logistic_anomaly,warmup,post_window_recurring,accept,accepted,motion_consumer_including_normalization,29,0.7246,0.87922,0.889364,0.8925
logistic_motion_logistic_anomaly,warmup,post_window_recurring,accept,accepted,prepare_both_model_inputs,29,4.0706,4.92352,4.971544,4.9856
logistic_motion_logistic_anomaly,warmup,post_window_recurring,accept,accepted,sender_audit_commit,29,0.0016,0.00216,0.0022,0.0022
logistic_motion_logistic_anomaly,warmup,post_window_recurring,accept,accepted,sender_audit_prepare,29,0.005,0.006439999999999999,0.010487999999999992,0.012
logistic_motion_logistic_anomaly,warmup,post_window_recurring,accept,accepted,sender_audit_record,29,0.0727,0.091,0.092872,0.0936
logistic_motion_logistic_anomaly,warmup,post_window_recurring,accept,accepted,sender_seal_total,29,1.5486,1.875,1.938976,1.9567
logistic_motion_logistic_anomaly,warmup,post_window_recurring,accept,accepted,serialization_including_quality,29,1.2528,1.52584,1.596584,1.6231
logistic_motion_logistic_anomaly,warmup,post_window_recurring,accept,accepted,verifier_audit_commit,29,0.0016,0.00226,0.0025879999999999996,0.0027
logistic_motion_logistic_anomaly,warmup,post_window_recurring,accept,accepted,verifier_audit_prepare,29,0.0052,0.007419999999999998,0.007916,0.008
logistic_motion_logistic_anomaly,warmup,post_window_recurring,accept,accepted,verifier_audit_record,29,0.0288,0.039279999999999995,0.047295999999999984,0.0499
logistic_motion_logistic_anomaly,warmup,post_window_recurring,accept,accepted,verifier_authentication_total,29,2.615,3.32782,3.363388,3.3684
logistic_motion_logistic_anomaly,warmup,post_window_recurring,accept,accepted,verifier_quality_check,29,0.6731,0.8560799999999998,0.876744,0.8803
logistic_motion_logistic_anomaly,warmup,post_window_recurring,accept,accepted,window_hmac_generation,29,0.0304,0.04456,0.04883199999999999,0.0504
logistic_motion_logistic_anomaly,warmup,post_window_recurring,accept,accepted,window_hmac_verification_calculation,29,0.0215,0.029939999999999998,0.037307999999999994,0.0398
logistic_motion_logistic_anomaly,warmup,pre_tag_quality_refusal,reject,data_quality_failure,binary32_adapter,29,1.2681,1.55982,1.610476,1.6275
logistic_motion_logistic_anomaly,warmup,pre_tag_quality_refusal,reject,data_quality_failure,sender_audit_commit,29,0.0016,0.00196,0.002,0.002
logistic_motion_logistic_anomaly,warmup,pre_tag_quality_refusal,reject,data_quality_failure,sender_audit_prepare,29,0.0044,0.0056,0.006175999999999999,0.0064
logistic_motion_logistic_anomaly,warmup,pre_tag_quality_refusal,reject,data_quality_failure,sender_audit_record,29,0.0542,0.06751999999999998,0.073952,0.0758
logistic_motion_logistic_anomaly,warmup,pre_tag_quality_refusal,reject,data_quality_failure,sender_seal_total,29,0.7082,0.8942199999999999,1.0629399999999998,1.123
logistic_motion_logistic_anomaly,warmup,pre_tag_quality_refusal,reject,data_quality_failure,serialization_including_quality,29,0.5641,0.71346,0.8688839999999998,0.9255
logistic_motion_logistic_anomaly,warmup,valid_receiver_after_bad_tag,accept,accepted,accepted_release_and_consumers,29,5.7564,7.17646,7.3613,7.4096
logistic_motion_logistic_anomaly,warmup,valid_receiver_after_bad_tag,accept,accepted,anomaly_consumer_including_threshold,29,0.4576,0.58708,0.6833599999999999,0.7206
logistic_motion_logistic_anomaly,warmup,valid_receiver_after_bad_tag,accept,accepted,envelope_and_binary_parser,29,1.6099,2.01662,2.043684,2.0492
logistic_motion_logistic_anomaly,warmup,valid_receiver_after_bad_tag,accept,accepted,motion_consumer_including_normalization,29,0.7288,0.93992,0.977616,0.9896
logistic_motion_logistic_anomaly,warmup,valid_receiver_after_bad_tag,accept,accepted,prepare_both_model_inputs,29,4.0159,5.0121,5.124572,5.1428
logistic_motion_logistic_anomaly,warmup,valid_receiver_after_bad_tag,accept,accepted,verifier_audit_commit,29,0.0016,0.0022799999999999995,0.0024,0.0024
logistic_motion_logistic_anomaly,warmup,valid_receiver_after_bad_tag,accept,accepted,verifier_audit_prepare,29,0.0055,0.0073399999999999984,0.008419999999999999,0.0087
logistic_motion_logistic_anomaly,warmup,valid_receiver_after_bad_tag,accept,accepted,verifier_audit_record,29,0.0413,0.05536,0.06171999999999999,0.0641
logistic_motion_logistic_anomaly,warmup,valid_receiver_after_bad_tag,accept,accepted,verifier_authentication_total,29,2.4821,3.10502,3.152012,3.1554
logistic_motion_logistic_anomaly,warmup,valid_receiver_after_bad_tag,accept,accepted,verifier_quality_check,29,0.7002,0.88568,0.90304,0.9071
logistic_motion_logistic_anomaly,warmup,valid_receiver_after_bad_tag,accept,accepted,window_hmac_verification_calculation,29,0.0223,0.029959999999999994,0.032568,0.0331
snn32_seed7_forest_anomaly,condition_first_use,bad_tag_receiver,reject,invalid_tag,envelope_and_binary_parser,1,1.5541,1.5541,1.5541,1.5541
snn32_seed7_forest_anomaly,condition_first_use,bad_tag_receiver,reject,invalid_tag,verifier_audit_commit,1,0.0015,0.0015,0.0015,0.0015
snn32_seed7_forest_anomaly,condition_first_use,bad_tag_receiver,reject,invalid_tag,verifier_audit_prepare,1,0.004,0.004,0.004,0.004
snn32_seed7_forest_anomaly,condition_first_use,bad_tag_receiver,reject,invalid_tag,verifier_audit_record,1,0.0347,0.0347,0.0347,0.0347
snn32_seed7_forest_anomaly,condition_first_use,bad_tag_receiver,reject,invalid_tag,verifier_authentication_total,1,1.7063,1.7063,1.7063,1.7063
snn32_seed7_forest_anomaly,condition_first_use,bad_tag_receiver,reject,invalid_tag,window_hmac_verification_calculation,1,0.0193,0.0193,0.0193,0.0193
snn32_seed7_forest_anomaly,condition_first_use,exact_replay_receiver,reject,duplicate_sequence,envelope_and_binary_parser,1,1.7974,1.7974,1.7974,1.7974
snn32_seed7_forest_anomaly,condition_first_use,exact_replay_receiver,reject,duplicate_sequence,verifier_audit_commit,1,0.0018,0.0018,0.0018,0.0018
snn32_seed7_forest_anomaly,condition_first_use,exact_replay_receiver,reject,duplicate_sequence,verifier_audit_prepare,1,0.006,0.006,0.006,0.006
snn32_seed7_forest_anomaly,condition_first_use,exact_replay_receiver,reject,duplicate_sequence,verifier_audit_record,1,0.0609,0.0609,0.0609,0.0609
snn32_seed7_forest_anomaly,condition_first_use,exact_replay_receiver,reject,duplicate_sequence,verifier_authentication_total,1,2.7769,2.7769,2.7769,2.7769
snn32_seed7_forest_anomaly,condition_first_use,exact_replay_receiver,reject,duplicate_sequence,verifier_quality_check,1,0.7362,0.7362,0.7362,0.7362
snn32_seed7_forest_anomaly,condition_first_use,exact_replay_receiver,reject,duplicate_sequence,window_hmac_verification_calculation,1,0.0282,0.0282,0.0282,0.0282
snn32_seed7_forest_anomaly,condition_first_use,fresh_to_first_window,accept,accepted,accepted_release_and_consumers,1,31.5595,31.5595,31.5595,31.5595
snn32_seed7_forest_anomaly,condition_first_use,fresh_to_first_window,accept,accepted,admission_total,1,4192.7284,4192.7284,4192.7284,4192.7284
snn32_seed7_forest_anomaly,condition_first_use,fresh_to_first_window,accept,accepted,anomaly_consumer_including_threshold,1,13.6359,13.6359,13.6359,13.6359
snn32_seed7_forest_anomaly,condition_first_use,fresh_to_first_window,accept,accepted,binary32_adapter,1,4.1872,4.1872,4.1872,4.1872
snn32_seed7_forest_anomaly,condition_first_use,fresh_to_first_window,accept,accepted,envelope_and_binary_parser,1,1.6458,1.6458,1.6458,1.6458
snn32_seed7_forest_anomaly,condition_first_use,fresh_to_first_window,accept,accepted,first_post_window_total,1,39.6159,39.6159,39.6159,39.6159
snn32_seed7_forest_anomaly,condition_first_use,fresh_to_first_window,accept,accepted,independent_credential_verification,1,0.0823,0.0823,0.0823,0.0823
snn32_seed7_forest_anomaly,condition_first_use,fresh_to_first_window,accept,accepted,local_authorization_including_verification,1,0.1129,0.1129,0.1129,0.1129
snn32_seed7_forest_anomaly,condition_first_use,fresh_to_first_window,accept,accepted,local_challenge_binding,1,0.0095,0.0095,0.0095,0.0095
snn32_seed7_forest_anomaly,condition_first_use,fresh_to_first_window,accept,accepted,local_request_binding,1,0.0167,0.0167,0.0167,0.0167
snn32_seed7_forest_anomaly,condition_first_use,fresh_to_first_window,accept,accepted,motion_consumer_including_normalization,1,13.7261,13.7261,13.7261,13.7261
snn32_seed7_forest_anomaly,condition_first_use,fresh_to_first_window,accept,accepted,prepare_both_model_inputs,1,3.6573,3.6573,3.6573,3.6573
snn32_seed7_forest_anomaly,condition_first_use,fresh_to_first_window,accept,accepted,receiver_challenge,1,0.229,0.229,0.229,0.229
snn32_seed7_forest_anomaly,condition_first_use,fresh_to_first_window,accept,accepted,receiver_confirmation,1,0.1565,0.1565,0.1565,0.1565
snn32_seed7_forest_anomaly,condition_first_use,fresh_to_first_window,accept,accepted,receiver_local_admission,1,0.0229,0.0229,0.0229,0.0229
snn32_seed7_forest_anomaly,condition_first_use,fresh_to_first_window,accept,accepted,reconstruction,1,4191.4972,4191.4972,4191.4972,4191.4972
snn32_seed7_forest_anomaly,condition_first_use,fresh_to_first_window,accept,accepted,response_generation_simulator,1,0.1491,0.1491,0.1491,0.1491
snn32_seed7_forest_anomaly,condition_first_use,fresh_to_first_window,accept,accepted,sender_activation,1,0.112,0.112,0.112,0.112
snn32_seed7_forest_anomaly,condition_first_use,fresh_to_first_window,accept,accepted,sender_admission_and_request,1,0.3785,0.3785,0.3785,0.3785
snn32_seed7_forest_anomaly,condition_first_use,fresh_to_first_window,accept,accepted,sender_audit_commit,1,0.0045,0.0045,0.0045,0.0045
snn32_seed7_forest_anomaly,condition_first_use,fresh_to_first_window,accept,accepted,sender_audit_prepare,1,0.0148,0.0148,0.0148,0.0148
snn32_seed7_forest_anomaly,condition_first_use,fresh_to_first_window,accept,accepted,sender_audit_record,1,0.1463,0.1463,0.1463,0.1463
snn32_seed7_forest_anomaly,condition_first_use,fresh_to_first_window,accept,accepted,sender_confirmation,1,0.1277,0.1277,0.1277,0.1277
snn32_seed7_forest_anomaly,condition_first_use,fresh_to_first_window,accept,accepted,sender_local_admission_claim,1,0.0207,0.0207,0.0207,0.0207
snn32_seed7_forest_anomaly,condition_first_use,fresh_to_first_window,accept,accepted,sender_seal_total,1,1.3722,1.3722,1.3722,1.3722
snn32_seed7_forest_anomaly,condition_first_use,fresh_to_first_window,accept,accepted,serialization_including_quality,1,1.1284,1.1284,1.1284,1.1284
snn32_seed7_forest_anomaly,condition_first_use,fresh_to_first_window,accept,accepted,verifier_audit_commit,1,0.0032,0.0032,0.0032,0.0032
snn32_seed7_forest_anomaly,condition_first_use,fresh_to_first_window,accept,accepted,verifier_audit_prepare,1,0.0103,0.0103,0.0103,0.0103
snn32_seed7_forest_anomaly,condition_first_use,fresh_to_first_window,accept,accepted,verifier_audit_record,1,0.0694,0.0694,0.0694,0.0694
snn32_seed7_forest_anomaly,condition_first_use,fresh_to_first_window,accept,accepted,verifier_authentication_total,1,2.3795,2.3795,2.3795,2.3795
snn32_seed7_forest_anomaly,condition_first_use,fresh_to_first_window,accept,accepted,verifier_quality_check,1,0.5856,0.5856,0.5856,0.5856
snn32_seed7_forest_anomaly,condition_first_use,fresh_to_first_window,accept,accepted,window_hmac_generation,1,0.0289,0.0289,0.0289,0.0289
snn32_seed7_forest_anomaly,condition_first_use,fresh_to_first_window,accept,accepted,window_hmac_verification_calculation,1,0.0202,0.0202,0.0202,0.0202
snn32_seed7_forest_anomaly,condition_first_use,malformed_json_receiver,reject,malformed_message,envelope_and_binary_parser,1,0.0382,0.0382,0.0382,0.0382
snn32_seed7_forest_anomaly,condition_first_use,malformed_json_receiver,reject,malformed_message,verifier_audit_commit,1,0.0017,0.0017,0.0017,0.0017
snn32_seed7_forest_anomaly,condition_first_use,malformed_json_receiver,reject,malformed_message,verifier_audit_prepare,1,0.0042,0.0042,0.0042,0.0042
snn32_seed7_forest_anomaly,condition_first_use,malformed_json_receiver,reject,malformed_message,verifier_audit_record,1,0.045,0.045,0.045,0.045
snn32_seed7_forest_anomaly,condition_first_use,malformed_json_receiver,reject,malformed_message,verifier_authentication_total,1,0.1371,0.1371,0.1371,0.1371
snn32_seed7_forest_anomaly,condition_first_use,post_window_after_refusals,accept,accepted,accepted_release_and_consumers,1,23.5081,23.5081,23.5081,23.5081
snn32_seed7_forest_anomaly,condition_first_use,post_window_after_refusals,accept,accepted,anomaly_consumer_including_threshold,1,7.5213,7.5213,7.5213,7.5213
snn32_seed7_forest_anomaly,condition_first_use,post_window_after_refusals,accept,accepted,binary32_adapter,1,1.3618,1.3618,1.3618,1.3618
snn32_seed7_forest_anomaly,condition_first_use,post_window_after_refusals,accept,accepted,envelope_and_binary_parser,1,1.1208,1.1208,1.1208,1.1208
snn32_seed7_forest_anomaly,condition_first_use,post_window_after_refusals,accept,accepted,motion_consumer_including_normalization,1,11.52,11.52,11.52,11.52
snn32_seed7_forest_anomaly,condition_first_use,post_window_after_refusals,accept,accepted,prepare_both_model_inputs,1,4.0449,4.0449,4.0449,4.0449
snn32_seed7_forest_anomaly,condition_first_use,post_window_after_refusals,accept,accepted,sender_audit_commit,1,0.0011,0.0011,0.0011,0.0011
snn32_seed7_forest_anomaly,condition_first_use,post_window_after_refusals,accept,accepted,sender_audit_prepare,1,0.0047,0.0047,0.0047,0.0047
snn32_seed7_forest_anomaly,condition_first_use,post_window_after_refusals,accept,accepted,sender_audit_record,1,0.0462,0.0462,0.0462,0.0462
snn32_seed7_forest_anomaly,condition_first_use,post_window_after_refusals,accept,accepted,sender_seal_total,1,1.5065,1.5065,1.5065,1.5065
snn32_seed7_forest_anomaly,condition_first_use,post_window_after_refusals,accept,accepted,serialization_including_quality,1,1.2853,1.2853,1.2853,1.2853
snn32_seed7_forest_anomaly,condition_first_use,post_window_after_refusals,accept,accepted,verifier_audit_commit,1,0.0012,0.0012,0.0012,0.0012
snn32_seed7_forest_anomaly,condition_first_use,post_window_after_refusals,accept,accepted,verifier_audit_prepare,1,0.0038,0.0038,0.0038,0.0038
snn32_seed7_forest_anomaly,condition_first_use,post_window_after_refusals,accept,accepted,verifier_audit_record,1,0.023,0.023,0.023,0.023
snn32_seed7_forest_anomaly,condition_first_use,post_window_after_refusals,accept,accepted,verifier_authentication_total,1,1.6711,1.6711,1.6711,1.6711
snn32_seed7_forest_anomaly,condition_first_use,post_window_after_refusals,accept,accepted,verifier_quality_check,1,0.4227,0.4227,0.4227,0.4227
snn32_seed7_forest_anomaly,condition_first_use,post_window_after_refusals,accept,accepted,window_hmac_generation,1,0.0349,0.0349,0.0349,0.0349
snn32_seed7_forest_anomaly,condition_first_use,post_window_after_refusals,accept,accepted,window_hmac_verification_calculation,1,0.0203,0.0203,0.0203,0.0203
snn32_seed7_forest_anomaly,condition_first_use,post_window_recurring,accept,accepted,accepted_release_and_consumers,1,26.1091,26.1091,26.1091,26.1091
snn32_seed7_forest_anomaly,condition_first_use,post_window_recurring,accept,accepted,anomaly_consumer_including_threshold,1,8.0322,8.0322,8.0322,8.0322
snn32_seed7_forest_anomaly,condition_first_use,post_window_recurring,accept,accepted,binary32_adapter,1,1.3052,1.3052,1.3052,1.3052
snn32_seed7_forest_anomaly,condition_first_use,post_window_recurring,accept,accepted,envelope_and_binary_parser,1,2.0745,2.0745,2.0745,2.0745
snn32_seed7_forest_anomaly,condition_first_use,post_window_recurring,accept,accepted,motion_consumer_including_normalization,1,13.8025,13.8025,13.8025,13.8025
snn32_seed7_forest_anomaly,condition_first_use,post_window_recurring,accept,accepted,prepare_both_model_inputs,1,3.7208,3.7208,3.7208,3.7208
snn32_seed7_forest_anomaly,condition_first_use,post_window_recurring,accept,accepted,sender_audit_commit,1,0.0014,0.0014,0.0014,0.0014
snn32_seed7_forest_anomaly,condition_first_use,post_window_recurring,accept,accepted,sender_audit_prepare,1,0.0051,0.0051,0.0051,0.0051
snn32_seed7_forest_anomaly,condition_first_use,post_window_recurring,accept,accepted,sender_audit_record,1,0.0648,0.0648,0.0648,0.0648
snn32_seed7_forest_anomaly,condition_first_use,post_window_recurring,accept,accepted,sender_seal_total,1,1.5872,1.5872,1.5872,1.5872
snn32_seed7_forest_anomaly,condition_first_use,post_window_recurring,accept,accepted,serialization_including_quality,1,1.3213,1.3213,1.3213,1.3213
snn32_seed7_forest_anomaly,condition_first_use,post_window_recurring,accept,accepted,verifier_audit_commit,1,0.0013,0.0013,0.0013,0.0013
snn32_seed7_forest_anomaly,condition_first_use,post_window_recurring,accept,accepted,verifier_audit_prepare,1,0.0041,0.0041,0.0041,0.0041
snn32_seed7_forest_anomaly,condition_first_use,post_window_recurring,accept,accepted,verifier_audit_record,1,0.0277,0.0277,0.0277,0.0277
snn32_seed7_forest_anomaly,condition_first_use,post_window_recurring,accept,accepted,verifier_authentication_total,1,2.8408,2.8408,2.8408,2.8408
snn32_seed7_forest_anomaly,condition_first_use,post_window_recurring,accept,accepted,verifier_quality_check,1,0.6106,0.6106,0.6106,0.6106
snn32_seed7_forest_anomaly,condition_first_use,post_window_recurring,accept,accepted,window_hmac_generation,1,0.0347,0.0347,0.0347,0.0347
snn32_seed7_forest_anomaly,condition_first_use,post_window_recurring,accept,accepted,window_hmac_verification_calculation,1,0.0235,0.0235,0.0235,0.0235
snn32_seed7_forest_anomaly,condition_first_use,pre_tag_quality_refusal,reject,data_quality_failure,binary32_adapter,1,1.3568,1.3568,1.3568,1.3568
snn32_seed7_forest_anomaly,condition_first_use,pre_tag_quality_refusal,reject,data_quality_failure,sender_audit_commit,1,0.0016,0.0016,0.0016,0.0016
snn32_seed7_forest_anomaly,condition_first_use,pre_tag_quality_refusal,reject,data_quality_failure,sender_audit_prepare,1,0.0052,0.0052,0.0052,0.0052
snn32_seed7_forest_anomaly,condition_first_use,pre_tag_quality_refusal,reject,data_quality_failure,sender_audit_record,1,0.0731,0.0731,0.0731,0.0731
snn32_seed7_forest_anomaly,condition_first_use,pre_tag_quality_refusal,reject,data_quality_failure,sender_seal_total,1,0.8322,0.8322,0.8322,0.8322
snn32_seed7_forest_anomaly,condition_first_use,pre_tag_quality_refusal,reject,data_quality_failure,serialization_including_quality,1,0.6501,0.6501,0.6501,0.6501
snn32_seed7_forest_anomaly,condition_first_use,valid_receiver_after_bad_tag,accept,accepted,accepted_release_and_consumers,1,22.963,22.963,22.963,22.963
snn32_seed7_forest_anomaly,condition_first_use,valid_receiver_after_bad_tag,accept,accepted,anomaly_consumer_including_threshold,1,7.1314,7.1314,7.1314,7.1314
snn32_seed7_forest_anomaly,condition_first_use,valid_receiver_after_bad_tag,accept,accepted,envelope_and_binary_parser,1,1.8382,1.8382,1.8382,1.8382
snn32_seed7_forest_anomaly,condition_first_use,valid_receiver_after_bad_tag,accept,accepted,motion_consumer_including_normalization,1,11.3939,11.3939,11.3939,11.3939
snn32_seed7_forest_anomaly,condition_first_use,valid_receiver_after_bad_tag,accept,accepted,prepare_both_model_inputs,1,3.6317,3.6317,3.6317,3.6317
snn32_seed7_forest_anomaly,condition_first_use,valid_receiver_after_bad_tag,accept,accepted,verifier_audit_commit,1,0.0033,0.0033,0.0033,0.0033
snn32_seed7_forest_anomaly,condition_first_use,valid_receiver_after_bad_tag,accept,accepted,verifier_audit_prepare,1,0.0079,0.0079,0.0079,0.0079
snn32_seed7_forest_anomaly,condition_first_use,valid_receiver_after_bad_tag,accept,accepted,verifier_audit_record,1,0.037,0.037,0.037,0.037
snn32_seed7_forest_anomaly,condition_first_use,valid_receiver_after_bad_tag,accept,accepted,verifier_authentication_total,1,2.8992,2.8992,2.8992,2.8992
snn32_seed7_forest_anomaly,condition_first_use,valid_receiver_after_bad_tag,accept,accepted,verifier_quality_check,1,0.8453,0.8453,0.8453,0.8453
snn32_seed7_forest_anomaly,condition_first_use,valid_receiver_after_bad_tag,accept,accepted,window_hmac_verification_calculation,1,0.0224,0.0224,0.0224,0.0224
snn32_seed7_forest_anomaly,measured,bad_tag_receiver,reject,invalid_tag,envelope_and_binary_parser,119,1.6981,2.0016599999999998,2.12795,2.1331
snn32_seed7_forest_anomaly,measured,bad_tag_receiver,reject,invalid_tag,verifier_audit_commit,119,0.0016,0.0021,0.0025279999999999973,0.0033
snn32_seed7_forest_anomaly,measured,bad_tag_receiver,reject,invalid_tag,verifier_audit_prepare,119,0.0048,0.0067,0.009009999999999997,0.0098
snn32_seed7_forest_anomaly,measured,bad_tag_receiver,reject,invalid_tag,verifier_audit_record,119,0.0342,0.04754,0.0742899999999999,0.1324
snn32_seed7_forest_anomaly,measured,bad_tag_receiver,reject,invalid_tag,verifier_authentication_total,119,1.8674,2.22984,2.344556,2.4203
snn32_seed7_forest_anomaly,measured,bad_tag_receiver,reject,invalid_tag,window_hmac_verification_calculation,119,0.0221,0.034109999999999994,0.05998599999999995,0.0813
snn32_seed7_forest_anomaly,measured,exact_replay_receiver,reject,duplicate_sequence,envelope_and_binary_parser,119,1.5776,2.16043,2.7506579999999974,2.949
snn32_seed7_forest_anomaly,measured,exact_replay_receiver,reject,duplicate_sequence,verifier_audit_commit,119,0.0016,0.0024099999999999994,0.0038459999999999983,0.0041
snn32_seed7_forest_anomaly,measured,exact_replay_receiver,reject,duplicate_sequence,verifier_audit_prepare,119,0.0055,0.008619999999999997,0.011691999999999996,0.0194
snn32_seed7_forest_anomaly,measured,exact_replay_receiver,reject,duplicate_sequence,verifier_audit_record,119,0.0567,0.08085999999999997,0.09314799999999998,0.1801
snn32_seed7_forest_anomaly,measured,exact_replay_receiver,reject,duplicate_sequence,verifier_authentication_total,119,2.3567,3.25028,4.065253999999996,4.5691
snn32_seed7_forest_anomaly,measured,exact_replay_receiver,reject,duplicate_sequence,verifier_quality_check,119,0.5488,0.8209899999999997,1.108181999999999,1.2438
snn32_seed7_forest_anomaly,measured,exact_replay_receiver,reject,duplicate_sequence,window_hmac_verification_calculation,119,0.0288,0.03873999999999999,0.044528,0.0473
snn32_seed7_forest_anomaly,measured,fresh_to_first_window,accept,accepted,accepted_release_and_consumers,119,26.6506,33.408159999999995,42.613758,45.6572
snn32_seed7_forest_anomaly,measured,fresh_to_first_window,accept,accepted,admission_total,119,5.6848,7.816309999999998,9.214815999999995,9.5893
snn32_seed7_forest_anomaly,measured,fresh_to_first_window,accept,accepted,anomaly_consumer_including_threshold,119,7.6809,9.555259999999999,11.224643999999994,11.4644
snn32_seed7_forest_anomaly,measured,fresh_to_first_window,accept,accepted,binary32_adapter,119,1.3301,1.88618,2.1536499999999994,2.2365
snn32_seed7_forest_anomaly,measured,fresh_to_first_window,accept,accepted,envelope_and_binary_parser,119,2.0076,4.65497,6.834757999999986,325.4677
snn32_seed7_forest_anomaly,measured,fresh_to_first_window,accept,accepted,first_post_window_total,119,33.2888,42.705539999999964,53.502497999999974,349.2433
snn32_seed7_forest_anomaly,measured,fresh_to_first_window,accept,accepted,independent_credential_verification,119,0.0656,0.08436,0.11794399999999984,0.1649
snn32_seed7_forest_anomaly,measured,fresh_to_first_window,accept,accepted,local_authorization_including_verification,119,0.0891,0.11692999999999996,0.14886999999999995,0.2078
snn32_seed7_forest_anomaly,measured,fresh_to_first_window,accept,accepted,local_challenge_binding,119,0.0103,0.01561,0.017182,0.0194
snn32_seed7_forest_anomaly,measured,fresh_to_first_window,accept,accepted,local_request_binding,119,0.0131,0.01912,0.022983999999999994,0.0324
snn32_seed7_forest_anomaly,measured,fresh_to_first_window,accept,accepted,motion_consumer_including_normalization,119,14.319,18.753599999999995,25.25087599999999,26.3443
snn32_seed7_forest_anomaly,measured,fresh_to_first_window,accept,accepted,prepare_both_model_inputs,119,4.1594,6.243669999999998,6.893479999999999,8.057
snn32_seed7_forest_anomaly,measured,fresh_to_first_window,accept,accepted,receiver_challenge,119,0.1684,0.25995999999999997,0.4389699999999995,0.4643
snn32_seed7_forest_anomaly,measured,fresh_to_first_window,accept,accepted,receiver_confirmation,119,0.1383,0.2444099999999999,0.6568919999999986,1.5426
snn32_seed7_forest_anomaly,measured,fresh_to_first_window,accept,accepted,receiver_local_admission,119,0.0136,0.019349999999999996,0.021501999999999993,0.0281
snn32_seed7_forest_anomaly,measured,fresh_to_first_window,accept,accepted,reconstruction,119,4.5332,6.57069,8.073183999999996,8.578
snn32_seed7_forest_anomaly,measured,fresh_to_first_window,accept,accepted,response_generation_simulator,119,0.1839,0.30145999999999995,0.38362599999999963,0.4554
snn32_seed7_forest_anomaly,measured,fresh_to_first_window,accept,accepted,sender_activation,119,0.1029,0.17446,0.2568159999999995,0.6011
snn32_seed7_forest_anomaly,measured,fresh_to_first_window,accept,accepted,sender_admission_and_request,119,0.3086,0.40437999999999996,0.4943139999999996,0.5358
snn32_seed7_forest_anomaly,measured,fresh_to_first_window,accept,accepted,sender_audit_commit,119,0.0045,0.0074199999999999995,0.008891999999999997,0.0098
snn32_seed7_forest_anomaly,measured,fresh_to_first_window,accept,accepted,sender_audit_prepare,119,0.0131,0.019979999999999998,0.023427999999999997,0.0254
snn32_seed7_forest_anomaly,measured,fresh_to_first_window,accept,accepted,sender_audit_record,119,0.1465,0.20083,0.2242299999999999,0.238
snn32_seed7_forest_anomaly,measured,fresh_to_first_window,accept,accepted,sender_confirmation,119,0.0989,0.17248999999999998,0.21517799999999984,0.247
snn32_seed7_forest_anomaly,measured,fresh_to_first_window,accept,accepted,sender_local_admission_claim,119,0.0148,0.024149999999999984,0.050569999999999976,0.0524
snn32_seed7_forest_anomaly,measured,fresh_to_first_window,accept,accepted,sender_seal_total,119,1.5274,2.22617,2.3887059999999996,2.4464
snn32_seed7_forest_anomaly,measured,fresh_to_first_window,accept,accepted,serialization_including_quality,119,1.2951,1.8604099999999997,2.0881119999999997,2.2073
snn32_seed7_forest_anomaly,measured,fresh_to_first_window,accept,accepted,verifier_audit_commit,119,0.0032,0.005609999999999999,0.006627999999999998,0.014
snn32_seed7_forest_anomaly,measured,fresh_to_first_window,accept,accepted,verifier_audit_prepare,119,0.0094,0.014339999999999999,0.01754799999999999,0.0182
snn32_seed7_forest_anomaly,measured,fresh_to_first_window,accept,accepted,verifier_audit_record,119,0.0692,0.11224,0.1430339999999998,0.3316
snn32_seed7_forest_anomaly,measured,fresh_to_first_window,accept,accepted,verifier_authentication_total,119,2.9136,5.58655,8.237029999999983,326.1788
snn32_seed7_forest_anomaly,measured,fresh_to_first_window,accept,accepted,verifier_quality_check,119,0.7108,0.9781999999999998,1.058384,1.1792
snn32_seed7_forest_anomaly,measured,fresh_to_first_window,accept,accepted,window_hmac_generation,119,0.0219,0.03543,0.039013999999999986,0.04
snn32_seed7_forest_anomaly,measured,fresh_to_first_window,accept,accepted,window_hmac_verification_calculation,119,0.0249,0.03744999999999999,0.05029399999999996,0.0618
snn32_seed7_forest_anomaly,measured,fresh_to_first_window,reject,failed_reconstruction,admission_total,1,4.9842,4.9842,4.9842,4.9842
snn32_seed7_forest_anomaly,measured,fresh_to_first_window,reject,failed_reconstruction,reconstruction,1,4.5281,4.5281,4.5281,4.5281
snn32_seed7_forest_anomaly,measured,fresh_to_first_window,reject,failed_reconstruction,response_generation_simulator,1,0.1778,0.1778,0.1778,0.1778
snn32_seed7_forest_anomaly,measured,fresh_to_first_window,reject,failed_reconstruction,sender_admission_and_request,1,0.2279,0.2279,0.2279,0.2279
snn32_seed7_forest_anomaly,measured,fresh_to_first_window,reject,failed_reconstruction,sender_audit_commit,1,0.0031,0.0031,0.0031,0.0031
snn32_seed7_forest_anomaly,measured,fresh_to_first_window,reject,failed_reconstruction,sender_audit_prepare,1,0.0085,0.0085,0.0085,0.0085
snn32_seed7_forest_anomaly,measured,fresh_to_first_window,reject,failed_reconstruction,sender_audit_record,1,0.0772,0.0772,0.0772,0.0772
snn32_seed7_forest_anomaly,measured,malformed_json_receiver,reject,malformed_message,envelope_and_binary_parser,119,0.0339,0.050769999999999996,0.05586599999999999,0.0732
snn32_seed7_forest_anomaly,measured,malformed_json_receiver,reject,malformed_message,verifier_audit_commit,119,0.0015,0.0026299999999999982,0.003627999999999997,0.0048
snn32_seed7_forest_anomaly,measured,malformed_json_receiver,reject,malformed_message,verifier_audit_prepare,119,0.004,0.006609999999999999,0.008137999999999994,0.0085
snn32_seed7_forest_anomaly,measured,malformed_json_receiver,reject,malformed_message,verifier_audit_record,119,0.0465,0.079,0.09928999999999998,0.1364
snn32_seed7_forest_anomaly,measured,malformed_json_receiver,reject,malformed_message,verifier_authentication_total,119,0.1308,0.22073,0.2618979999999999,0.2764
snn32_seed7_forest_anomaly,measured,post_window_after_refusals,accept,accepted,accepted_release_and_consumers,119,21.1318,25.235499999999995,27.593508,32.658
snn32_seed7_forest_anomaly,measured,post_window_after_refusals,accept,accepted,anomaly_consumer_including_threshold,119,6.0789,7.71298,11.152179999999994,12.8863
snn32_seed7_forest_anomaly,measured,post_window_after_refusals,accept,accepted,binary32_adapter,119,0.9768,1.5849699999999993,1.862053999999999,2.0132
snn32_seed7_forest_anomaly,measured,post_window_after_refusals,accept,accepted,envelope_and_binary_parser,119,1.456,4.00569,4.459894,5.6239
snn32_seed7_forest_anomaly,measured,post_window_after_refusals,accept,accepted,motion_consumer_including_normalization,119,11.0634,14.11626,16.175776,16.3384
snn32_seed7_forest_anomaly,measured,post_window_after_refusals,accept,accepted,prepare_both_model_inputs,119,3.1911,4.79695,5.6131499999999965,6.1056
snn32_seed7_forest_anomaly,measured,post_window_after_refusals,accept,accepted,sender_audit_commit,119,0.0013,0.0020099999999999996,0.0030639999999999986,0.0033
snn32_seed7_forest_anomaly,measured,post_window_after_refusals,accept,accepted,sender_audit_prepare,119,0.004,0.005929999999999998,0.008547999999999991,0.0088
snn32_seed7_forest_anomaly,measured,post_window_after_refusals,accept,accepted,sender_audit_record,119,0.0463,0.07057999999999999,0.07931599999999997,0.0896
snn32_seed7_forest_anomaly,measured,post_window_after_refusals,accept,accepted,sender_seal_total,119,1.1892,2.0240599999999995,2.291922,2.4261
snn32_seed7_forest_anomaly,measured,post_window_after_refusals,accept,accepted,serialization_including_quality,119,0.9859,1.6983399999999995,1.9120719999999998,1.9994
snn32_seed7_forest_anomaly,measured,post_window_after_refusals,accept,accepted,verifier_audit_commit,119,0.0015,0.0023,0.0030279999999999973,0.0082
snn32_seed7_forest_anomaly,measured,post_window_after_refusals,accept,accepted,verifier_audit_prepare,119,0.0046,0.007939999999999997,0.010967999999999983,0.0474
snn32_seed7_forest_anomaly,measured,post_window_after_refusals,accept,accepted,verifier_audit_record,119,0.0244,0.039389999999999994,0.06233799999999985,0.0754
snn32_seed7_forest_anomaly,measured,post_window_after_refusals,accept,accepted,verifier_authentication_total,119,2.1359,4.74509,5.490383999999999,6.7398
snn32_seed7_forest_anomaly,measured,post_window_after_refusals,accept,accepted,verifier_quality_check,119,0.5324,0.8475399999999998,0.9577119999999999,0.9892
snn32_seed7_forest_anomaly,measured,post_window_after_refusals,accept,accepted,window_hmac_generation,119,0.0299,0.04803,0.05992999999999999,0.079
snn32_seed7_forest_anomaly,measured,post_window_after_refusals,accept,accepted,window_hmac_verification_calculation,119,0.0206,0.03431,0.03767399999999999,0.0455
snn32_seed7_forest_anomaly,measured,post_window_recurring,accept,accepted,accepted_release_and_consumers,119,26.7389,33.26361,41.822879999999984,44.2257
snn32_seed7_forest_anomaly,measured,post_window_recurring,accept,accepted,anomaly_consumer_including_threshold,119,7.7002,9.68189,11.828031999999993,13.5924
snn32_seed7_forest_anomaly,measured,post_window_recurring,accept,accepted,binary32_adapter,119,1.328,1.7267199999999998,1.8914339999999998,4.8109
snn32_seed7_forest_anomaly,measured,post_window_recurring,accept,accepted,envelope_and_binary_parser,119,1.9063,2.4205999999999994,2.8721839999999976,2.9589
snn32_seed7_forest_anomaly,measured,post_window_recurring,accept,accepted,motion_consumer_including_normalization,119,14.1357,17.91792,24.318155999999995,25.6271
snn32_seed7_forest_anomaly,measured,post_window_recurring,accept,accepted,prepare_both_model_inputs,119,4.1536,5.045659999999999,6.934571999999999,7.0481
snn32_seed7_forest_anomaly,measured,post_window_recurring,accept,accepted,sender_audit_commit,119,0.0016,0.0021099999999999995,0.0032639999999999987,0.0035
snn32_seed7_forest_anomaly,measured,post_window_recurring,accept,accepted,sender_audit_prepare,119,0.0048,0.007909999999999999,0.01192999999999999,0.0175
snn32_seed7_forest_anomaly,measured,post_window_recurring,accept,accepted,sender_audit_record,119,0.0717,0.09426999999999995,0.11026199999999994,0.1307
snn32_seed7_forest_anomaly,measured,post_window_recurring,accept,accepted,sender_seal_total,119,1.5769,2.14344,2.518323999999999,2.9037
snn32_seed7_forest_anomaly,measured,post_window_recurring,accept,accepted,serialization_including_quality,119,1.3075,1.7857499999999997,2.126912,2.5474
snn32_seed7_forest_anomaly,measured,post_window_recurring,accept,accepted,verifier_audit_commit,119,0.0017,0.002119999999999999,0.0032,0.0034
snn32_seed7_forest_anomaly,measured,post_window_recurring,accept,accepted,verifier_audit_prepare,119,0.0052,0.007239999999999998,0.008181999999999998,0.0099
snn32_seed7_forest_anomaly,measured,post_window_recurring,accept,accepted,verifier_audit_record,119,0.03,0.043639999999999984,0.05677199999999997,0.1151
snn32_seed7_forest_anomaly,measured,post_window_recurring,accept,accepted,verifier_authentication_total,119,2.8027,3.521739999999999,3.838482,4.2118
snn32_seed7_forest_anomaly,measured,post_window_recurring,accept,accepted,verifier_quality_check,119,0.7166,0.8998899999999999,0.9986399999999998,1.0251
snn32_seed7_forest_anomaly,measured,post_window_recurring,accept,accepted,window_hmac_generation,119,0.032,0.045819999999999986,0.057109999999999966,0.0604
snn32_seed7_forest_anomaly,measured,post_window_recurring,accept,accepted,window_hmac_verification_calculation,119,0.0243,0.03266999999999998,0.04272799999999996,0.0482
snn32_seed7_forest_anomaly,measured,pre_tag_quality_refusal,reject,data_quality_failure,binary32_adapter,119,0.9864,1.76115,1.9655839999999989,2.275
snn32_seed7_forest_anomaly,measured,pre_tag_quality_refusal,reject,data_quality_failure,sender_audit_commit,119,0.0014,0.0019,0.0029639999999999988,0.003
snn32_seed7_forest_anomaly,measured,pre_tag_quality_refusal,reject,data_quality_failure,sender_audit_prepare,119,0.0041,0.006209999999999999,0.008163999999999998,0.0141
snn32_seed7_forest_anomaly,measured,pre_tag_quality_refusal,reject,data_quality_failure,sender_audit_record,119,0.0483,0.06894999999999998,0.08085199999999997,0.0829
snn32_seed7_forest_anomaly,measured,pre_tag_quality_refusal,reject,data_quality_failure,sender_seal_total,119,0.5771,0.97083,1.0501919999999996,1.1492
snn32_seed7_forest_anomaly,measured,pre_tag_quality_refusal,reject,data_quality_failure,serialization_including_quality,119,0.4526,0.77891,0.8425079999999997,0.9124
snn32_seed7_forest_anomaly,measured,valid_receiver_after_bad_tag,accept,accepted,accepted_release_and_consumers,119,25.707,28.08644,32.009087999999984,41.8666
snn32_seed7_forest_anomaly,measured,valid_receiver_after_bad_tag,accept,accepted,anomaly_consumer_including_threshold,119,7.0642,8.72788,11.249529999999984,11.7534
snn32_seed7_forest_anomaly,measured,valid_receiver_after_bad_tag,accept,accepted,envelope_and_binary_parser,119,1.6971,2.10122,2.4073359999999986,2.5948
snn32_seed7_forest_anomaly,measured,valid_receiver_after_bad_tag,accept,accepted,motion_consumer_including_normalization,119,13.8408,15.21954,15.795743999999997,23.1776
snn32_seed7_forest_anomaly,measured,valid_receiver_after_bad_tag,accept,accepted,prepare_both_model_inputs,119,4.1778,5.248239999999999,5.644511999999999,6.1932
snn32_seed7_forest_anomaly,measured,valid_receiver_after_bad_tag,accept,accepted,verifier_audit_commit,119,0.0017,0.0022099999999999997,0.0030459999999999984,0.0037
snn32_seed7_forest_anomaly,measured,valid_receiver_after_bad_tag,accept,accepted,verifier_audit_prepare,119,0.0052,0.007309999999999999,0.009955999999999994,0.0149
snn32_seed7_forest_anomaly,measured,valid_receiver_after_bad_tag,accept,accepted,verifier_audit_record,119,0.0455,0.06301,0.07078599999999999,0.0878
snn32_seed7_forest_anomaly,measured,valid_receiver_after_bad_tag,accept,accepted,verifier_authentication_total,119,2.602,3.2213199999999995,3.512167999999999,3.601
snn32_seed7_forest_anomaly,measured,valid_receiver_after_bad_tag,accept,accepted,verifier_quality_check,119,0.7212,0.9056099999999999,1.0152079999999994,1.2035
snn32_seed7_forest_anomaly,measured,valid_receiver_after_bad_tag,accept,accepted,window_hmac_verification_calculation,119,0.0234,0.03382999999999999,0.03641,0.0422
snn32_seed7_forest_anomaly,sustained,post_window_recurring,accept,accepted,accepted_release_and_consumers,64,18.86675,22.749324999999995,30.78372099999998,36.103
snn32_seed7_forest_anomaly,sustained,post_window_recurring,accept,accepted,anomaly_consumer_including_threshold,64,5.59815,7.2092449999999975,10.677407999999996,11.4513
snn32_seed7_forest_anomaly,sustained,post_window_recurring,accept,accepted,binary32_adapter,64,0.9071,1.3292749999999998,1.6936809999999989,1.9717
snn32_seed7_forest_anomaly,sustained,post_window_recurring,accept,accepted,envelope_and_binary_parser,64,1.2976,2.2718949999999993,2.565603,2.6109
snn32_seed7_forest_anomaly,sustained,post_window_recurring,accept,accepted,motion_consumer_including_normalization,64,9.9854,12.452684999999999,17.05854499999997,24.1451
snn32_seed7_forest_anomaly,sustained,post_window_recurring,accept,accepted,prepare_both_model_inputs,64,2.80835,3.409215,3.8627469999999993,4.0789
snn32_seed7_forest_anomaly,sustained,post_window_recurring,accept,accepted,sender_audit_commit,64,0.00145,0.0022549999999999983,0.0036809999999999968,0.0045
snn32_seed7_forest_anomaly,sustained,post_window_recurring,accept,accepted,sender_audit_prepare,64,0.0045,0.006184999999999999,0.009480999999999996,0.0103
snn32_seed7_forest_anomaly,sustained,post_window_recurring,accept,accepted,sender_audit_record,64,0.05595,0.08943499999999995,0.1516049999999997,0.225
snn32_seed7_forest_anomaly,sustained,post_window_recurring,accept,accepted,sender_seal_total,64,1.0973,1.6551899999999997,2.2639379999999987,2.6529
snn32_seed7_forest_anomaly,sustained,post_window_recurring,accept,accepted,serialization_including_quality,64,0.8725,1.4097799999999991,1.8052709999999985,2.1633
snn32_seed7_forest_anomaly,sustained,post_window_recurring,accept,accepted,verifier_audit_commit,64,0.0014,0.0023699999999999993,0.003880999999999997,0.0047
snn32_seed7_forest_anomaly,sustained,post_window_recurring,accept,accepted,verifier_audit_prepare,64,0.00455,0.006884999999999999,0.015230999999999958,0.0255
snn32_seed7_forest_anomaly,sustained,post_window_recurring,accept,accepted,verifier_audit_record,64,0.0236,0.04388999999999996,0.059761999999999996,0.0614
snn32_seed7_forest_anomaly,sustained,post_window_recurring,accept,accepted,verifier_authentication_total,64,1.9484,2.8434699999999995,3.436673999999999,3.7203
snn32_seed7_forest_anomaly,sustained,post_window_recurring,accept,accepted,verifier_quality_check,64,0.46875,0.64105,0.8239029999999995,0.9448
snn32_seed7_forest_anomaly,sustained,post_window_recurring,accept,accepted,window_hmac_generation,64,0.02705,0.03853499999999999,0.049578999999999956,0.0601
snn32_seed7_forest_anomaly,sustained,post_window_recurring,accept,accepted,window_hmac_verification_calculation,64,0.01995,0.03141499999999999,0.041514999999999976,0.0475
snn32_seed7_forest_anomaly,warmup,bad_tag_receiver,reject,invalid_tag,envelope_and_binary_parser,29,1.8103,2.0411599999999996,2.193344,2.2382
snn32_seed7_forest_anomaly,warmup,bad_tag_receiver,reject,invalid_tag,verifier_audit_commit,29,0.0018,0.0025199999999999997,0.002744,0.0028
snn32_seed7_forest_anomaly,warmup,bad_tag_receiver,reject,invalid_tag,verifier_audit_prepare,29,0.0056,0.007599999999999999,0.008088,0.0082
snn32_seed7_forest_anomaly,warmup,bad_tag_receiver,reject,invalid_tag,verifier_audit_record,29,0.0374,0.06655999999999997,0.2517599999999997,0.3219
snn32_seed7_forest_anomaly,warmup,bad_tag_receiver,reject,invalid_tag,verifier_authentication_total,29,2.0375,2.3884799999999995,2.495152,2.504
snn32_seed7_forest_anomaly,warmup,bad_tag_receiver,reject,invalid_tag,window_hmac_verification_calculation,29,0.0283,0.057859999999999925,0.09741199999999996,0.1078
snn32_seed7_forest_anomaly,warmup,exact_replay_receiver,reject,duplicate_sequence,envelope_and_binary_parser,29,2.0139,2.48872,2.589472,2.6245
snn32_seed7_forest_anomaly,warmup,exact_replay_receiver,reject,duplicate_sequence,verifier_audit_commit,29,0.0018,0.00226,0.0023,0.0023
snn32_seed7_forest_anomaly,warmup,exact_replay_receiver,reject,duplicate_sequence,verifier_audit_prepare,29,0.0065,0.008419999999999999,0.009491999999999999,0.0098
snn32_seed7_forest_anomaly,warmup,exact_replay_receiver,reject,duplicate_sequence,verifier_audit_record,29,0.0684,0.08122,0.08787599999999998,0.0902
snn32_seed7_forest_anomaly,warmup,exact_replay_receiver,reject,duplicate_sequence,verifier_authentication_total,29,3.0922,3.72058,3.842628,3.8895
snn32_seed7_forest_anomaly,warmup,exact_replay_receiver,reject,duplicate_sequence,verifier_quality_check,29,0.7327,0.94732,1.1164319999999999,1.1782
snn32_seed7_forest_anomaly,warmup,exact_replay_receiver,reject,duplicate_sequence,window_hmac_verification_calculation,29,0.0338,0.04172,0.044288,0.0451
snn32_seed7_forest_anomaly,warmup,fresh_to_first_window,accept,accepted,accepted_release_and_consumers,29,28.7879,30.697239999999997,31.349168,31.4295
snn32_seed7_forest_anomaly,warmup,fresh_to_first_window,accept,accepted,admission_total,29,6.9268,8.50394,8.58518,8.6017
snn32_seed7_forest_anomaly,warmup,fresh_to_first_window,accept,accepted,anomaly_consumer_including_threshold,29,8.454,9.4462,9.756256,9.8647
snn32_seed7_forest_anomaly,warmup,fresh_to_first_window,accept,accepted,binary32_adapter,29,1.399,1.68346,1.75598,1.7809
snn32_seed7_forest_anomaly,warmup,fresh_to_first_window,accept,accepted,envelope_and_binary_parser,29,2.0626,2.40224,2.6459759999999997,2.7393
snn32_seed7_forest_anomaly,warmup,fresh_to_first_window,accept,accepted,first_post_window_total,29,34.6626,37.0007,37.611572,37.8314
snn32_seed7_forest_anomaly,warmup,fresh_to_first_window,accept,accepted,independent_credential_verification,29,0.0675,0.09291999999999996,0.11213599999999999,0.1167
snn32_seed7_forest_anomaly,warmup,fresh_to_first_window,accept,accepted,local_authorization_including_verification,29,0.0917,0.12675999999999993,0.15678399999999998,0.1637
snn32_seed7_forest_anomaly,warmup,fresh_to_first_window,accept,accepted,local_challenge_binding,29,0.01,0.013199999999999998,0.01376,0.0139
snn32_seed7_forest_anomaly,warmup,fresh_to_first_window,accept,accepted,local_request_binding,29,0.0128,0.01576,0.016416,0.0165
snn32_seed7_forest_anomaly,warmup,fresh_to_first_window,accept,accepted,motion_consumer_including_normalization,29,15.0374,16.779359999999997,17.680896,17.8907
snn32_seed7_forest_anomaly,warmup,fresh_to_first_window,accept,accepted,prepare_both_model_inputs,29,4.3483,4.9845,5.107396,5.1478
snn32_seed7_forest_anomaly,warmup,fresh_to_first_window,accept,accepted,receiver_challenge,29,0.1658,0.20598,0.21402,0.2171
snn32_seed7_forest_anomaly,warmup,fresh_to_first_window,accept,accepted,receiver_confirmation,29,0.1479,0.22175999999999996,0.24720799999999998,0.256
snn32_seed7_forest_anomaly,warmup,fresh_to_first_window,accept,accepted,receiver_local_admission,29,0.0134,0.01586,0.017036,0.0174
snn32_seed7_forest_anomaly,warmup,fresh_to_first_window,accept,accepted,reconstruction,29,5.7777,7.24442,7.431388,7.4882
snn32_seed7_forest_anomaly,warmup,fresh_to_first_window,accept,accepted,response_generation_simulator,29,0.2229,0.31992,0.34075999999999995,0.3486
snn32_seed7_forest_anomaly,warmup,fresh_to_first_window,accept,accepted,sender_activation,29,0.1121,0.20155999999999988,0.24675999999999998,0.256
snn32_seed7_forest_anomaly,warmup,fresh_to_first_window,accept,accepted,sender_admission_and_request,29,0.3156,0.37433999999999995,0.42175599999999996,0.4364
snn32_seed7_forest_anomaly,warmup,fresh_to_first_window,accept,accepted,sender_audit_commit,29,0.0046,0.005579999999999999,0.005772,0.0058
snn32_seed7_forest_anomaly,warmup,fresh_to_first_window,accept,accepted,sender_audit_prepare,29,0.0136,0.0179,0.019539999999999995,0.0201
snn32_seed7_forest_anomaly,warmup,fresh_to_first_window,accept,accepted,sender_audit_record,29,0.1525,0.19286,0.195788,0.1966
snn32_seed7_forest_anomaly,warmup,fresh_to_first_window,accept,accepted,sender_confirmation,29,0.1017,0.13105999999999995,0.21293999999999988,0.2415
snn32_seed7_forest_anomaly,warmup,fresh_to_first_window,accept,accepted,sender_local_admission_claim,29,0.015,0.018019999999999998,0.020499999999999997,0.0212
snn32_seed7_forest_anomaly,warmup,fresh_to_first_window,accept,accepted,sender_seal_total,29,1.5792,1.96536,2.104496,2.1561
snn32_seed7_forest_anomaly,warmup,fresh_to_first_window,accept,accepted,serialization_including_quality,29,1.3505,1.6536,1.8023679999999997,1.8575
snn32_seed7_forest_anomaly,warmup,fresh_to_first_window,accept,accepted,verifier_audit_commit,29,0.0032,0.00432,0.004688,0.0048
snn32_seed7_forest_anomaly,warmup,fresh_to_first_window,accept,accepted,verifier_audit_prepare,29,0.0097,0.011599999999999997,0.012879999999999997,0.0133
snn32_seed7_forest_anomaly,warmup,fresh_to_first_window,accept,accepted,verifier_audit_record,29,0.0744,0.09841999999999998,0.11538799999999998,0.1211
snn32_seed7_forest_anomaly,warmup,fresh_to_first_window,accept,accepted,verifier_authentication_total,29,3.0612,3.4894199999999995,3.64278,3.6845
snn32_seed7_forest_anomaly,warmup,fresh_to_first_window,accept,accepted,verifier_quality_check,29,0.7543,0.9404399999999998,1.0945519999999997,1.1475
snn32_seed7_forest_anomaly,warmup,fresh_to_first_window,accept,accepted,window_hmac_generation,29,0.026,0.031599999999999996,0.032272,0.0323
snn32_seed7_forest_anomaly,warmup,fresh_to_first_window,accept,accepted,window_hmac_verification_calculation,29,0.0252,0.03082,0.03182,0.0321
snn32_seed7_forest_anomaly,warmup,malformed_json_receiver,reject,malformed_message,envelope_and_binary_parser,29,0.039,0.05112,0.051488,0.0516
snn32_seed7_forest_anomaly,warmup,malformed_json_receiver,reject,malformed_message,verifier_audit_commit,29,0.0016,0.0022199999999999998,0.0023,0.0023
snn32_seed7_forest_anomaly,warmup,malformed_json_receiver,reject,malformed_message,verifier_audit_prepare,29,0.0045,0.006459999999999999,0.0071319999999999995,0.0073
snn32_seed7_forest_anomaly,warmup,malformed_json_receiver,reject,malformed_message,verifier_audit_record,29,0.0535,0.07853999999999998,0.083604,0.0845
snn32_seed7_forest_anomaly,warmup,malformed_json_receiver,reject,malformed_message,verifier_authentication_total,29,0.1514,0.21209999999999998,0.228028,0.2315
snn32_seed7_forest_anomaly,warmup,post_window_after_refusals,accept,accepted,accepted_release_and_consumers,29,26.2939,33.42602,34.111012,34.3762
snn32_seed7_forest_anomaly,warmup,post_window_after_refusals,accept,accepted,anomaly_consumer_including_threshold,29,7.9593,10.5489,10.674628,10.6809
snn32_seed7_forest_anomaly,warmup,post_window_after_refusals,accept,accepted,binary32_adapter,29,1.3149,1.6341,1.690468,1.7064
snn32_seed7_forest_anomaly,warmup,post_window_after_refusals,accept,accepted,envelope_and_binary_parser,29,2.2005,4.79396,5.055088,5.1322
snn32_seed7_forest_anomaly,warmup,post_window_after_refusals,accept,accepted,motion_consumer_including_normalization,29,14.0715,18.27158,19.630283999999996,20.1405
snn32_seed7_forest_anomaly,warmup,post_window_after_refusals,accept,accepted,prepare_both_model_inputs,29,4.218,5.19218,5.3975,5.4633
snn32_seed7_forest_anomaly,warmup,post_window_after_refusals,accept,accepted,sender_audit_commit,29,0.0016,0.0022,0.004647999999999997,0.0056
snn32_seed7_forest_anomaly,warmup,post_window_after_refusals,accept,accepted,sender_audit_prepare,29,0.0054,0.006799999999999999,0.007575999999999999,0.0078
snn32_seed7_forest_anomaly,warmup,post_window_after_refusals,accept,accepted,sender_audit_record,29,0.0607,0.12747999999999984,0.46179199999999954,0.5804
snn32_seed7_forest_anomaly,warmup,post_window_after_refusals,accept,accepted,sender_seal_total,29,1.646,2.09472,2.4477679999999995,2.5813
snn32_seed7_forest_anomaly,warmup,post_window_after_refusals,accept,accepted,serialization_including_quality,29,1.3977,1.7438,1.796784,1.8093
snn32_seed7_forest_anomaly,warmup,post_window_after_refusals,accept,accepted,verifier_audit_commit,29,0.0018,0.00246,0.0025,0.0025
snn32_seed7_forest_anomaly,warmup,post_window_after_refusals,accept,accepted,verifier_audit_prepare,29,0.0062,0.0076,0.009039999999999998,0.0096
snn32_seed7_forest_anomaly,warmup,post_window_after_refusals,accept,accepted,verifier_audit_record,29,0.0337,0.044,0.04932799999999999,0.0514
snn32_seed7_forest_anomaly,warmup,post_window_after_refusals,accept,accepted,verifier_authentication_total,29,3.2202,5.73122,6.1185719999999995,6.2523
snn32_seed7_forest_anomaly,warmup,post_window_after_refusals,accept,accepted,verifier_quality_check,29,0.7261,0.92348,0.926608,0.9277
snn32_seed7_forest_anomaly,warmup,post_window_after_refusals,accept,accepted,window_hmac_generation,29,0.0354,0.048679999999999994,0.049672,0.0497
snn32_seed7_forest_anomaly,warmup,post_window_after_refusals,accept,accepted,window_hmac_verification_calculation,29,0.031,0.04056,0.042856,0.0435
snn32_seed7_forest_anomaly,warmup,post_window_recurring,accept,accepted,accepted_release_and_consumers,29,28.713,32.044459999999994,33.00374,33.0575
snn32_seed7_forest_anomaly,warmup,post_window_recurring,accept,accepted,anomaly_consumer_including_threshold,29,8.1926,9.33108,9.878192,10.0528
snn32_seed7_forest_anomaly,warmup,post_window_recurring,accept,accepted,binary32_adapter,29,1.3863,1.67482,1.693508,1.6974
snn32_seed7_forest_anomaly,warmup,post_window_recurring,accept,accepted,envelope_and_binary_parser,29,1.973,2.30904,2.392376,2.4192
snn32_seed7_forest_anomaly,warmup,post_window_recurring,accept,accepted,motion_consumer_including_normalization,29,15.5455,17.819639999999996,18.834568,18.9842
snn32_seed7_forest_anomaly,warmup,post_window_recurring,accept,accepted,prepare_both_model_inputs,29,4.4279,4.98268,5.167936,5.2201
snn32_seed7_forest_anomaly,warmup,post_window_recurring,accept,accepted,sender_audit_commit,29,0.0016,0.0018599999999999997,0.001972,0.002
snn32_seed7_forest_anomaly,warmup,post_window_recurring,accept,accepted,sender_audit_prepare,29,0.005,0.00562,0.005772,0.0058
snn32_seed7_forest_anomaly,warmup,post_window_recurring,accept,accepted,sender_audit_record,29,0.0734,0.09277999999999999,0.13504399999999994,0.1505
snn32_seed7_forest_anomaly,warmup,post_window_recurring,accept,accepted,sender_seal_total,29,1.5996,1.9528,2.1716639999999994,2.249
snn32_seed7_forest_anomaly,warmup,post_window_recurring,accept,accepted,serialization_including_quality,29,1.3256,1.59142,1.8361479999999994,1.9302
snn32_seed7_forest_anomaly,warmup,post_window_recurring,accept,accepted,verifier_audit_commit,29,0.0017,0.00226,0.002444,0.0025
snn32_seed7_forest_anomaly,warmup,post_window_recurring,accept,accepted,verifier_audit_prepare,29,0.0058,0.00706,0.008467999999999998,0.009
snn32_seed7_forest_anomaly,warmup,post_window_recurring,accept,accepted,verifier_audit_record,29,0.031,0.03602,0.04501199999999998,0.0484
snn32_seed7_forest_anomaly,warmup,post_window_recurring,accept,accepted,verifier_authentication_total,29,2.8947,3.33252,3.35052,3.3543
snn32_seed7_forest_anomaly,warmup,post_window_recurring,accept,accepted,verifier_quality_check,29,0.7432,0.86832,0.875944,0.876
snn32_seed7_forest_anomaly,warmup,post_window_recurring,accept,accepted,window_hmac_generation,29,0.0328,0.04156,0.044967999999999994,0.0462
snn32_seed7_forest_anomaly,warmup,post_window_recurring,accept,accepted,window_hmac_verification_calculation,29,0.0283,0.03006,0.03139599999999999,0.0319
snn32_seed7_forest_anomaly,warmup,pre_tag_quality_refusal,reject,data_quality_failure,binary32_adapter,29,1.3817,1.66046,1.716484,1.736
snn32_seed7_forest_anomaly,warmup,pre_tag_quality_refusal,reject,data_quality_failure,sender_audit_commit,29,0.0016,0.00206,0.0021,0.0021
snn32_seed7_forest_anomaly,warmup,pre_tag_quality_refusal,reject,data_quality_failure,sender_audit_prepare,29,0.005,0.00626,0.006516,0.0066
snn32_seed7_forest_anomaly,warmup,pre_tag_quality_refusal,reject,data_quality_failure,sender_audit_record,29,0.0603,0.07714,0.080764,0.0818
snn32_seed7_forest_anomaly,warmup,pre_tag_quality_refusal,reject,data_quality_failure,sender_seal_total,29,0.7695,1.0170599999999999,1.2584919999999997,1.3372
snn32_seed7_forest_anomaly,warmup,pre_tag_quality_refusal,reject,data_quality_failure,serialization_including_quality,29,0.6148,0.8236199999999999,1.0693559999999995,1.1547
snn32_seed7_forest_anomaly,warmup,valid_receiver_after_bad_tag,accept,accepted,accepted_release_and_consumers,29,29.2751,34.31724,36.280616,36.8169
snn32_seed7_forest_anomaly,warmup,valid_receiver_after_bad_tag,accept,accepted,anomaly_consumer_including_threshold,29,8.957,9.99864,10.447904,10.6217
snn32_seed7_forest_anomaly,warmup,valid_receiver_after_bad_tag,accept,accepted,envelope_and_binary_parser,29,1.8079,2.4147399999999997,2.6541,2.7087
snn32_seed7_forest_anomaly,warmup,valid_receiver_after_bad_tag,accept,accepted,motion_consumer_including_normalization,29,15.4237,17.971239999999995,20.617471999999996,21.5051
snn32_seed7_forest_anomaly,warmup,valid_receiver_after_bad_tag,accept,accepted,prepare_both_model_inputs,29,4.4052,4.94644,5.065504,5.0986
snn32_seed7_forest_anomaly,warmup,valid_receiver_after_bad_tag,accept,accepted,verifier_audit_commit,29,0.0018,0.00206,0.0023879999999999995,0.0025
snn32_seed7_forest_anomaly,warmup,valid_receiver_after_bad_tag,accept,accepted,verifier_audit_prepare,29,0.0054,0.00762,0.022027999999999978,0.0276
snn32_seed7_forest_anomaly,warmup,valid_receiver_after_bad_tag,accept,accepted,verifier_audit_record,29,0.05,0.05726,0.06576399999999999,0.0689
snn32_seed7_forest_anomaly,warmup,valid_receiver_after_bad_tag,accept,accepted,verifier_authentication_total,29,2.7678,3.398019999999999,3.61242,3.6365
snn32_seed7_forest_anomaly,warmup,valid_receiver_after_bad_tag,accept,accepted,verifier_quality_check,29,0.742,0.82526,1.0665399999999996,1.1574
snn32_seed7_forest_anomaly,warmup,valid_receiver_after_bad_tag,accept,accepted,window_hmac_verification_calculation,29,0.0244,0.0312,0.031472,0.0315
