window_id,split,label,scope,sequence_neighbor_id,sequence_neighbor_label,normalized_sequence_rms,orientation_neighbor_id,orientation_neighbor_label,orientation_rms_deg,orientation_rms_at_sequence_neighbor_deg
sim-device-01-session-02-look_left_return-001-window-000,validation,look_left_return,any_label,sim-device-03-session-01-look_left_return-003-window-000,look_left_return,0.7383272428614867,sim-device-01-session-01-look_left_return-018-window-000,look_left_return,6.938371152581225,11.547379101154139
sim-device-01-session-02-look_left_return-001-window-000,validation,look_left_return,same_label,sim-device-03-session-01-look_left_return-003-window-000,look_left_return,0.7383272428614867,sim-device-01-session-01-look_left_return-018-window-000,look_left_return,6.938371152581225,11.547379101154139
sim-device-01-session-02-look_left_return-002-window-000,validation,look_left_return,any_label,sim-device-01-session-01-look_left_return-004-window-000,look_left_return,0.6301228348903146,sim-device-02-session-01-look_left_return-020-window-000,look_left_return,6.836597587766212,8.432912764639054
sim-device-01-session-02-look_left_return-002-window-000,validation,look_left_return,same_label,sim-device-01-session-01-look_left_return-004-window-000,look_left_return,0.6301228348903146,sim-device-02-session-01-look_left_return-020-window-000,look_left_return,6.836597587766212,8.432912764639054
sim-device-01-session-02-look_left_return-003-window-000,validation,look_left_return,any_label,sim-device-04-session-01-look_left_return-009-window-000,look_left_return,0.6566515931951018,sim-device-04-session-01-look_left_return-016-window-000,look_left_return,6.85269952759348,8.746642944483671
sim-device-01-session-02-look_left_return-003-window-000,validation,look_left_return,same_label,sim-device-04-session-01-look_left_return-009-window-000,look_left_return,0.6566515931951018,sim-device-04-session-01-look_left_return-016-window-000,look_left_return,6.85269952759348,8.746642944483671
sim-device-01-session-02-look_left_return-004-window-000,validation,look_left_return,any_label,sim-device-03-session-01-look_left_return-002-window-000,look_left_return,0.6754251046539584,sim-device-03-session-01-look_left_return-018-window-000,look_left_return,5.318518998372854,7.125401479412206
sim-device-01-session-02-look_left_return-004-window-000,validation,look_left_return,same_label,sim-device-03-session-01-look_left_return-002-window-000,look_left_return,0.6754251046539584,sim-device-03-session-01-look_left_return-018-window-000,look_left_return,5.318518998372854,7.125401479412206
sim-device-01-session-02-look_left_return-005-window-000,validation,look_left_return,any_label,sim-device-02-session-01-look_left_return-020-window-000,look_left_return,0.6895469178775318,sim-device-06-session-01-look_left_return-014-window-000,look_left_return,4.959234820764334,6.432153102911496
sim-device-01-session-02-look_left_return-005-window-000,validation,look_left_return,same_label,sim-device-02-session-01-look_left_return-020-window-000,look_left_return,0.6895469178775318,sim-device-06-session-01-look_left_return-014-window-000,look_left_return,4.959234820764334,6.432153102911496
sim-device-01-session-02-look_left_return-006-window-000,validation,look_left_return,any_label,sim-device-04-session-01-look_left_return-005-window-000,look_left_return,0.8570394468940647,sim-device-03-session-01-look_left_return-007-window-000,look_left_return,8.82999567478464,10.754595745171807
sim-device-01-session-02-look_left_return-006-window-000,validation,look_left_return,same_label,sim-device-04-session-01-look_left_return-005-window-000,look_left_return,0.8570394468940647,sim-device-03-session-01-look_left_return-007-window-000,look_left_return,8.82999567478464,10.754595745171807
sim-device-01-session-02-look_left_return-007-window-000,validation,look_left_return,any_label,sim-device-04-session-01-look_left_return-014-window-000,look_left_return,0.9285468574899006,sim-device-06-session-01-look_left_return-016-window-000,look_left_return,9.70265090841173,11.072693869349932
sim-device-01-session-02-look_left_return-007-window-000,validation,look_left_return,same_label,sim-device-04-session-01-look_left_return-014-window-000,look_left_return,0.9285468574899006,sim-device-06-session-01-look_left_return-016-window-000,look_left_return,9.70265090841173,11.072693869349932
sim-device-01-session-02-look_left_return-008-window-000,validation,look_left_return,any_label,sim-device-02-session-01-look_left_return-010-window-000,look_left_return,0.85355109262971,sim-device-02-session-01-look_left_return-010-window-000,look_left_return,6.09468608868694,6.09468608868694
sim-device-01-session-02-look_left_return-008-window-000,validation,look_left_return,same_label,sim-device-02-session-01-look_left_return-010-window-000,look_left_return,0.85355109262971,sim-device-02-session-01-look_left_return-010-window-000,look_left_return,6.09468608868694,6.09468608868694
sim-device-01-session-02-look_left_return-009-window-000,validation,look_left_return,any_label,sim-device-04-session-01-look_left_return-019-window-000,look_left_return,0.7523543167430153,sim-device-02-session-01-look_left_return-018-window-000,look_left_return,7.462865795736278,7.705774908613223
sim-device-01-session-02-look_left_return-009-window-000,validation,look_left_return,same_label,sim-device-04-session-01-look_left_return-019-window-000,look_left_return,0.7523543167430153,sim-device-02-session-01-look_left_return-018-window-000,look_left_return,7.462865795736278,7.705774908613223
sim-device-01-session-02-look_left_return-010-window-000,validation,look_left_return,any_label,sim-device-04-session-01-look_left_return-002-window-000,look_left_return,0.7849851945699609,sim-device-04-session-01-look_left_return-002-window-000,look_left_return,8.0318091067444,8.0318091067444
sim-device-01-session-02-look_left_return-010-window-000,validation,look_left_return,same_label,sim-device-04-session-01-look_left_return-002-window-000,look_left_return,0.7849851945699609,sim-device-04-session-01-look_left_return-002-window-000,look_left_return,8.0318091067444,8.0318091067444
sim-device-01-session-02-look_left_return-011-window-000,validation,look_left_return,any_label,sim-device-04-session-01-still-001-window-000,still,0.6898856599939589,sim-device-03-session-01-look_left_return-018-window-000,look_left_return,6.3420037778763225,11.04650050148969
sim-device-01-session-02-look_left_return-011-window-000,validation,look_left_return,same_label,sim-device-02-session-01-look_left_return-014-window-000,look_left_return,0.8502105567419338,sim-device-03-session-01-look_left_return-018-window-000,look_left_return,6.3420037778763225,11.12914791342958
sim-device-01-session-02-look_left_return-012-window-000,validation,look_left_return,any_label,sim-device-04-session-01-look_left_return-003-window-000,look_left_return,0.9769130280997435,sim-device-06-session-01-look_left_return-015-window-000,look_left_return,8.160865813550695,14.162502561950843
sim-device-01-session-02-look_left_return-012-window-000,validation,look_left_return,same_label,sim-device-04-session-01-look_left_return-003-window-000,look_left_return,0.9769130280997435,sim-device-06-session-01-look_left_return-015-window-000,look_left_return,8.160865813550695,14.162502561950843
sim-device-01-session-02-look_left_return-013-window-000,validation,look_left_return,any_label,sim-device-06-session-01-still-004-window-000,still,0.5843361283366387,sim-device-02-session-01-still-018-window-000,still,4.961282070906055,5.9250916181772215
sim-device-01-session-02-look_left_return-013-window-000,validation,look_left_return,same_label,sim-device-01-session-01-look_left_return-012-window-000,look_left_return,0.774533924381237,sim-device-05-session-01-look_left_return-008-window-000,look_left_return,5.139774553747513,6.5293104486266165
sim-device-01-session-02-look_left_return-014-window-000,validation,look_left_return,any_label,sim-device-06-session-01-look_left_return-007-window-000,look_left_return,0.7877181959585148,sim-device-04-session-01-look_left_return-002-window-000,look_left_return,10.292929057031408,10.383202905181905
sim-device-01-session-02-look_left_return-014-window-000,validation,look_left_return,same_label,sim-device-06-session-01-look_left_return-007-window-000,look_left_return,0.7877181959585148,sim-device-04-session-01-look_left_return-002-window-000,look_left_return,10.292929057031408,10.383202905181905
sim-device-01-session-02-look_left_return-015-window-000,validation,look_left_return,any_label,sim-device-04-session-01-still-015-window-000,still,0.6708177896792293,sim-device-04-session-01-still-016-window-000,still,6.37641715307639,7.968820425719207
sim-device-01-session-02-look_left_return-015-window-000,validation,look_left_return,same_label,sim-device-06-session-01-look_left_return-001-window-000,look_left_return,0.6749348252218141,sim-device-06-session-01-look_left_return-003-window-000,look_left_return,6.3800265103578395,8.11716631695592
sim-device-01-session-02-look_left_return-016-window-000,validation,look_left_return,any_label,sim-device-04-session-01-look_left_return-009-window-000,look_left_return,0.6656816302484847,sim-device-04-session-01-look_left_return-016-window-000,look_left_return,6.499835018129395,8.068201888790503
sim-device-01-session-02-look_left_return-016-window-000,validation,look_left_return,same_label,sim-device-04-session-01-look_left_return-009-window-000,look_left_return,0.6656816302484847,sim-device-04-session-01-look_left_return-016-window-000,look_left_return,6.499835018129395,8.068201888790503
sim-device-01-session-02-look_left_return-017-window-000,validation,look_left_return,any_label,sim-device-02-session-01-look_left_return-001-window-000,look_left_return,0.7364154053749036,sim-device-06-session-01-look_left_return-014-window-000,look_left_return,8.197890824434808,9.670472336659236
sim-device-01-session-02-look_left_return-017-window-000,validation,look_left_return,same_label,sim-device-02-session-01-look_left_return-001-window-000,look_left_return,0.7364154053749036,sim-device-06-session-01-look_left_return-014-window-000,look_left_return,8.197890824434808,9.670472336659236
sim-device-01-session-02-look_left_return-018-window-000,validation,look_left_return,any_label,sim-device-02-session-01-look_left_return-002-window-000,look_left_return,0.8984745508430375,sim-device-02-session-01-look_left_return-002-window-000,look_left_return,11.296882758597576,11.296882758597576
sim-device-01-session-02-look_left_return-018-window-000,validation,look_left_return,same_label,sim-device-02-session-01-look_left_return-002-window-000,look_left_return,0.8984745508430375,sim-device-02-session-01-look_left_return-002-window-000,look_left_return,11.296882758597576,11.296882758597576
sim-device-01-session-02-look_left_return-019-window-000,validation,look_left_return,any_label,sim-device-05-session-01-look_left_return-019-window-000,look_left_return,0.8897341675630617,sim-device-05-session-01-look_left_return-019-window-000,look_left_return,7.2938249524954655,7.2938249524954655
sim-device-01-session-02-look_left_return-019-window-000,validation,look_left_return,same_label,sim-device-05-session-01-look_left_return-019-window-000,look_left_return,0.8897341675630617,sim-device-05-session-01-look_left_return-019-window-000,look_left_return,7.2938249524954655,7.2938249524954655
sim-device-01-session-02-look_left_return-020-window-000,validation,look_left_return,any_label,sim-device-04-session-01-still-008-window-000,still,0.6221975473080966,sim-device-01-session-01-shake-016-window-000,shake,6.06473770240526,6.530961292264783
sim-device-01-session-02-look_left_return-020-window-000,validation,look_left_return,same_label,sim-device-01-session-01-look_left_return-012-window-000,look_left_return,0.6497633922687671,sim-device-02-session-01-look_left_return-020-window-000,look_left_return,6.232559771744885,8.682672838061567
sim-device-01-session-02-look_right_return-001-window-000,validation,look_right_return,any_label,sim-device-04-session-01-look_right_return-003-window-000,look_right_return,0.7368039205714579,sim-device-04-session-01-look_right_return-003-window-000,look_right_return,5.554164337060973,5.554164337060973
sim-device-01-session-02-look_right_return-001-window-000,validation,look_right_return,same_label,sim-device-04-session-01-look_right_return-003-window-000,look_right_return,0.7368039205714579,sim-device-04-session-01-look_right_return-003-window-000,look_right_return,5.554164337060973,5.554164337060973
sim-device-01-session-02-look_right_return-002-window-000,validation,look_right_return,any_label,sim-device-04-session-01-look_right_return-017-window-000,look_right_return,0.7874885616009533,sim-device-03-session-01-look_right_return-011-window-000,look_right_return,8.06628616544552,11.766229959884365
sim-device-01-session-02-look_right_return-002-window-000,validation,look_right_return,same_label,sim-device-04-session-01-look_right_return-017-window-000,look_right_return,0.7874885616009533,sim-device-03-session-01-look_right_return-011-window-000,look_right_return,8.06628616544552,11.766229959884365
sim-device-01-session-02-look_right_return-003-window-000,validation,look_right_return,any_label,sim-device-02-session-01-look_right_return-001-window-000,look_right_return,0.8265517617667627,sim-device-02-session-01-look_right_return-001-window-000,look_right_return,8.782214547433435,8.782214547433435
sim-device-01-session-02-look_right_return-003-window-000,validation,look_right_return,same_label,sim-device-02-session-01-look_right_return-001-window-000,look_right_return,0.8265517617667627,sim-device-02-session-01-look_right_return-001-window-000,look_right_return,8.782214547433435,8.782214547433435
sim-device-01-session-02-look_right_return-004-window-000,validation,look_right_return,any_label,sim-device-02-session-01-look_right_return-015-window-000,look_right_return,0.7977270334267321,sim-device-02-session-01-look_right_return-015-window-000,look_right_return,7.039231099462732,7.039231099462732
sim-device-01-session-02-look_right_return-004-window-000,validation,look_right_return,same_label,sim-device-02-session-01-look_right_return-015-window-000,look_right_return,0.7977270334267321,sim-device-02-session-01-look_right_return-015-window-000,look_right_return,7.039231099462732,7.039231099462732
sim-device-01-session-02-look_right_return-005-window-000,validation,look_right_return,any_label,sim-device-02-session-01-look_right_return-011-window-000,look_right_return,0.6458616221098662,sim-device-04-session-01-look_right_return-002-window-000,look_right_return,7.203221458015249,8.353675923892114
sim-device-01-session-02-look_right_return-005-window-000,validation,look_right_return,same_label,sim-device-02-session-01-look_right_return-011-window-000,look_right_return,0.6458616221098662,sim-device-04-session-01-look_right_return-002-window-000,look_right_return,7.203221458015249,8.353675923892114
sim-device-01-session-02-look_right_return-006-window-000,validation,look_right_return,any_label,sim-device-02-session-01-look_right_return-018-window-000,look_right_return,0.6893622953765809,sim-device-03-session-01-look_right_return-011-window-000,look_right_return,7.037874701520389,7.894550505108107
sim-device-01-session-02-look_right_return-006-window-000,validation,look_right_return,same_label,sim-device-02-session-01-look_right_return-018-window-000,look_right_return,0.6893622953765809,sim-device-03-session-01-look_right_return-011-window-000,look_right_return,7.037874701520389,7.894550505108107
sim-device-01-session-02-look_right_return-007-window-000,validation,look_right_return,any_label,sim-device-02-session-01-look_right_return-004-window-000,look_right_return,0.9336189187061755,sim-device-02-session-01-look_right_return-006-window-000,look_right_return,8.648331989572641,12.530963270511393
sim-device-01-session-02-look_right_return-007-window-000,validation,look_right_return,same_label,sim-device-02-session-01-look_right_return-004-window-000,look_right_return,0.9336189187061755,sim-device-02-session-01-look_right_return-006-window-000,look_right_return,8.648331989572641,12.530963270511393
sim-device-01-session-02-look_right_return-008-window-000,validation,look_right_return,any_label,sim-device-06-session-01-look_right_return-010-window-000,look_right_return,0.7283393055653706,sim-device-02-session-01-look_right_return-006-window-000,look_right_return,7.4232607919578015,8.907274598563394
sim-device-01-session-02-look_right_return-008-window-000,validation,look_right_return,same_label,sim-device-06-session-01-look_right_return-010-window-000,look_right_return,0.7283393055653706,sim-device-02-session-01-look_right_return-006-window-000,look_right_return,7.4232607919578015,8.907274598563394
sim-device-01-session-02-look_right_return-009-window-000,validation,look_right_return,any_label,sim-device-04-session-01-still-001-window-000,still,0.6201835701683164,sim-device-01-session-01-look_right_return-008-window-000,look_right_return,6.224836231598011,7.40128439963973
sim-device-01-session-02-look_right_return-009-window-000,validation,look_right_return,same_label,sim-device-02-session-01-look_right_return-019-window-000,look_right_return,0.700832361259727,sim-device-01-session-01-look_right_return-008-window-000,look_right_return,6.224836231598011,11.585909462589346
sim-device-01-session-02-look_right_return-010-window-000,validation,look_right_return,any_label,sim-device-02-session-01-shake-011-window-000,shake,0.7449521868595769,sim-device-01-session-01-look_right_return-003-window-000,look_right_return,5.745140216412002,11.606427495780029
sim-device-01-session-02-look_right_return-010-window-000,validation,look_right_return,same_label,sim-device-01-session-01-look_right_return-002-window-000,look_right_return,0.8659201061826206,sim-device-01-session-01-look_right_return-003-window-000,look_right_return,5.745140216412002,7.395741468300903
sim-device-01-session-02-look_right_return-011-window-000,validation,look_right_return,any_label,sim-device-05-session-01-still-011-window-000,still,0.6425279461483847,sim-device-05-session-01-look_right_return-001-window-000,look_right_return,6.2077016181853075,8.042631404297843
sim-device-01-session-02-look_right_return-011-window-000,validation,look_right_return,same_label,sim-device-02-session-01-look_right_return-017-window-000,look_right_return,0.6966287459023615,sim-device-05-session-01-look_right_return-001-window-000,look_right_return,6.2077016181853075,6.4009812008712155
sim-device-01-session-02-look_right_return-012-window-000,validation,look_right_return,any_label,sim-device-06-session-01-look_right_return-002-window-000,look_right_return,0.8421150747157351,sim-device-06-session-01-look_right_return-002-window-000,look_right_return,7.789409045831566,7.789409045831566
sim-device-01-session-02-look_right_return-012-window-000,validation,look_right_return,same_label,sim-device-06-session-01-look_right_return-002-window-000,look_right_return,0.8421150747157351,sim-device-06-session-01-look_right_return-002-window-000,look_right_return,7.789409045831566,7.789409045831566
sim-device-01-session-02-look_right_return-013-window-000,validation,look_right_return,any_label,sim-device-02-session-01-look_right_return-004-window-000,look_right_return,0.6778179381589567,sim-device-02-session-01-look_right_return-003-window-000,look_right_return,6.947672443523026,8.486705132937393
sim-device-01-session-02-look_right_return-013-window-000,validation,look_right_return,same_label,sim-device-02-session-01-look_right_return-004-window-000,look_right_return,0.6778179381589567,sim-device-02-session-01-look_right_return-003-window-000,look_right_return,6.947672443523026,8.486705132937393
sim-device-01-session-02-look_right_return-014-window-000,validation,look_right_return,any_label,sim-device-03-session-01-look_right_return-015-window-000,look_right_return,0.778860919458064,sim-device-05-session-01-look_right_return-014-window-000,look_right_return,8.897613120103856,10.381795717913283
sim-device-01-session-02-look_right_return-014-window-000,validation,look_right_return,same_label,sim-device-03-session-01-look_right_return-015-window-000,look_right_return,0.778860919458064,sim-device-05-session-01-look_right_return-014-window-000,look_right_return,8.897613120103856,10.381795717913283
sim-device-01-session-02-look_right_return-015-window-000,validation,look_right_return,any_label,sim-device-03-session-01-look_right_return-012-window-000,look_right_return,0.7034605144593192,sim-device-03-session-01-look_right_return-004-window-000,look_right_return,5.587570375010577,9.777710792503118
sim-device-01-session-02-look_right_return-015-window-000,validation,look_right_return,same_label,sim-device-03-session-01-look_right_return-012-window-000,look_right_return,0.7034605144593192,sim-device-03-session-01-look_right_return-004-window-000,look_right_return,5.587570375010577,9.777710792503118
sim-device-01-session-02-look_right_return-016-window-000,validation,look_right_return,any_label,sim-device-06-session-01-look_right_return-019-window-000,look_right_return,0.7671347319812698,sim-device-06-session-01-look_right_return-019-window-000,look_right_return,7.694597225546303,7.694597225546303
sim-device-01-session-02-look_right_return-016-window-000,validation,look_right_return,same_label,sim-device-06-session-01-look_right_return-019-window-000,look_right_return,0.7671347319812698,sim-device-06-session-01-look_right_return-019-window-000,look_right_return,7.694597225546303,7.694597225546303
sim-device-01-session-02-look_right_return-017-window-000,validation,look_right_return,any_label,sim-device-04-session-01-look_right_return-005-window-000,look_right_return,0.9674055004521618,sim-device-04-session-01-look_right_return-004-window-000,look_right_return,11.491824347631901,15.421667670882101
sim-device-01-session-02-look_right_return-017-window-000,validation,look_right_return,same_label,sim-device-04-session-01-look_right_return-005-window-000,look_right_return,0.9674055004521618,sim-device-04-session-01-look_right_return-004-window-000,look_right_return,11.491824347631901,15.421667670882101
sim-device-01-session-02-look_right_return-018-window-000,validation,look_right_return,any_label,sim-device-05-session-01-look_right_return-012-window-000,look_right_return,0.8574824206454058,sim-device-06-session-01-look_right_return-009-window-000,look_right_return,6.390772017672537,10.691755141024695
sim-device-01-session-02-look_right_return-018-window-000,validation,look_right_return,same_label,sim-device-05-session-01-look_right_return-012-window-000,look_right_return,0.8574824206454058,sim-device-06-session-01-look_right_return-009-window-000,look_right_return,6.390772017672537,10.691755141024695
sim-device-01-session-02-look_right_return-019-window-000,validation,look_right_return,any_label,sim-device-03-session-01-look_right_return-013-window-000,look_right_return,0.6520935012851056,sim-device-03-session-01-look_right_return-002-window-000,look_right_return,5.0101945214319965,8.679674333358754
sim-device-01-session-02-look_right_return-019-window-000,validation,look_right_return,same_label,sim-device-03-session-01-look_right_return-013-window-000,look_right_return,0.6520935012851056,sim-device-03-session-01-look_right_return-002-window-000,look_right_return,5.0101945214319965,8.679674333358754
sim-device-01-session-02-look_right_return-020-window-000,validation,look_right_return,any_label,sim-device-04-session-01-look_right_return-007-window-000,look_right_return,0.6709602738190695,sim-device-04-session-01-look_right_return-007-window-000,look_right_return,6.698298868529739,6.698298868529739
sim-device-01-session-02-look_right_return-020-window-000,validation,look_right_return,same_label,sim-device-04-session-01-look_right_return-007-window-000,look_right_return,0.6709602738190695,sim-device-04-session-01-look_right_return-007-window-000,look_right_return,6.698298868529739,6.698298868529739
sim-device-01-session-02-nod-001-window-000,validation,nod,any_label,sim-device-06-session-01-nod-017-window-000,nod,0.7728959014479434,sim-device-03-session-01-nod-019-window-000,nod,8.047386671286914,10.42606646841664
sim-device-01-session-02-nod-001-window-000,validation,nod,same_label,sim-device-06-session-01-nod-017-window-000,nod,0.7728959014479434,sim-device-03-session-01-nod-019-window-000,nod,8.047386671286914,10.42606646841664
sim-device-01-session-02-nod-002-window-000,validation,nod,any_label,sim-device-06-session-01-nod-016-window-000,nod,0.7165783276745991,sim-device-05-session-01-nod-001-window-000,nod,4.362960582219142,8.74544648855184
sim-device-01-session-02-nod-002-window-000,validation,nod,same_label,sim-device-06-session-01-nod-016-window-000,nod,0.7165783276745991,sim-device-05-session-01-nod-001-window-000,nod,4.362960582219142,8.74544648855184
sim-device-01-session-02-nod-003-window-000,validation,nod,any_label,sim-device-05-session-01-still-002-window-000,still,0.657381219990827,sim-device-06-session-01-nod-002-window-000,nod,6.120145823088342,7.990183710188194
sim-device-01-session-02-nod-003-window-000,validation,nod,same_label,sim-device-06-session-01-nod-002-window-000,nod,0.6986750448755972,sim-device-06-session-01-nod-002-window-000,nod,6.120145823088342,6.120145823088342
sim-device-01-session-02-nod-004-window-000,validation,nod,any_label,sim-device-05-session-01-nod-001-window-000,nod,0.6179870845357526,sim-device-05-session-01-nod-001-window-000,nod,7.78070884153205,7.78070884153205
sim-device-01-session-02-nod-004-window-000,validation,nod,same_label,sim-device-05-session-01-nod-001-window-000,nod,0.6179870845357526,sim-device-05-session-01-nod-001-window-000,nod,7.78070884153205,7.78070884153205
sim-device-01-session-02-nod-005-window-000,validation,nod,any_label,sim-device-04-session-01-still-018-window-000,still,0.7631131755588493,sim-device-01-session-01-nod-002-window-000,nod,8.567528278279166,10.896439150466756
sim-device-01-session-02-nod-005-window-000,validation,nod,same_label,sim-device-02-session-01-nod-005-window-000,nod,0.7690251236445363,sim-device-01-session-01-nod-002-window-000,nod,8.567528278279166,11.546042605632577
sim-device-01-session-02-nod-006-window-000,validation,nod,any_label,sim-device-01-session-01-nod-018-window-000,nod,0.7555185458420398,sim-device-01-session-01-nod-018-window-000,nod,8.626674690384588,8.626674690384588
sim-device-01-session-02-nod-006-window-000,validation,nod,same_label,sim-device-01-session-01-nod-018-window-000,nod,0.7555185458420398,sim-device-01-session-01-nod-018-window-000,nod,8.626674690384588,8.626674690384588
sim-device-01-session-02-nod-007-window-000,validation,nod,any_label,sim-device-04-session-01-still-010-window-000,still,0.6432520496706525,sim-device-03-session-01-nod-012-window-000,nod,6.498569623925884,8.349706887253774
sim-device-01-session-02-nod-007-window-000,validation,nod,same_label,sim-device-04-session-01-nod-004-window-000,nod,0.6557050948476129,sim-device-03-session-01-nod-012-window-000,nod,6.498569623925884,7.7562432661255
sim-device-01-session-02-nod-008-window-000,validation,nod,any_label,sim-device-04-session-01-still-006-window-000,still,0.6592550357345798,sim-device-01-session-01-still-014-window-000,still,6.090115253782197,7.116125133809391
sim-device-01-session-02-nod-008-window-000,validation,nod,same_label,sim-device-03-session-01-nod-014-window-000,nod,0.7212686254678241,sim-device-04-session-01-nod-002-window-000,nod,6.857470355891921,7.08736562806471
sim-device-01-session-02-nod-009-window-000,validation,nod,any_label,sim-device-06-session-01-nod-002-window-000,nod,0.715910005312176,sim-device-04-session-01-nod-014-window-000,nod,8.815027884298157,9.801120482788038
sim-device-01-session-02-nod-009-window-000,validation,nod,same_label,sim-device-06-session-01-nod-002-window-000,nod,0.715910005312176,sim-device-04-session-01-nod-014-window-000,nod,8.815027884298157,9.801120482788038
sim-device-01-session-02-nod-010-window-000,validation,nod,any_label,sim-device-02-session-01-nod-015-window-000,nod,0.7740370006464828,sim-device-03-session-01-nod-012-window-000,nod,7.046804751975181,8.566930850576806
sim-device-01-session-02-nod-010-window-000,validation,nod,same_label,sim-device-02-session-01-nod-015-window-000,nod,0.7740370006464828,sim-device-03-session-01-nod-012-window-000,nod,7.046804751975181,8.566930850576806
sim-device-01-session-02-nod-011-window-000,validation,nod,any_label,sim-device-05-session-01-still-007-window-000,still,0.7897592069113513,sim-device-05-session-01-nod-002-window-000,nod,7.849530522150652,11.413744898680534
sim-device-01-session-02-nod-011-window-000,validation,nod,same_label,sim-device-05-session-01-nod-002-window-000,nod,0.8378802192348502,sim-device-05-session-01-nod-002-window-000,nod,7.849530522150652,7.849530522150652
sim-device-01-session-02-nod-012-window-000,validation,nod,any_label,sim-device-05-session-01-nod-010-window-000,nod,0.8427235662680531,sim-device-06-session-01-nod-020-window-000,nod,6.806340033031041,8.808922638093028
sim-device-01-session-02-nod-012-window-000,validation,nod,same_label,sim-device-05-session-01-nod-010-window-000,nod,0.8427235662680531,sim-device-06-session-01-nod-020-window-000,nod,6.806340033031041,8.808922638093028
sim-device-01-session-02-nod-013-window-000,validation,nod,any_label,sim-device-03-session-01-still-016-window-000,still,0.797403992410868,sim-device-06-session-01-nod-001-window-000,nod,7.999011335443357,12.286785334292006
sim-device-01-session-02-nod-013-window-000,validation,nod,same_label,sim-device-06-session-01-nod-011-window-000,nod,0.8127199492548328,sim-device-06-session-01-nod-001-window-000,nod,7.999011335443357,8.885940793500069
sim-device-01-session-02-nod-014-window-000,validation,nod,any_label,sim-device-04-session-01-look_left_return-015-window-000,look_left_return,0.7692665421870956,sim-device-02-session-01-nod-012-window-000,nod,9.041530483560798,9.270425399921608
sim-device-01-session-02-nod-014-window-000,validation,nod,same_label,sim-device-04-session-01-nod-007-window-000,nod,0.7782698415361117,sim-device-02-session-01-nod-012-window-000,nod,9.041530483560798,9.071574816087143
sim-device-01-session-02-nod-015-window-000,validation,nod,any_label,sim-device-02-session-01-nod-016-window-000,nod,0.7577776970233676,sim-device-03-session-01-nod-009-window-000,nod,7.58020945824542,9.54266381233363
sim-device-01-session-02-nod-015-window-000,validation,nod,same_label,sim-device-02-session-01-nod-016-window-000,nod,0.7577776970233676,sim-device-03-session-01-nod-009-window-000,nod,7.58020945824542,9.54266381233363
sim-device-01-session-02-nod-016-window-000,validation,nod,any_label,sim-device-04-session-01-nod-002-window-000,nod,0.8184045695890009,sim-device-02-session-01-nod-012-window-000,nod,10.35095862970525,11.883334722668696
sim-device-01-session-02-nod-016-window-000,validation,nod,same_label,sim-device-04-session-01-nod-002-window-000,nod,0.8184045695890009,sim-device-02-session-01-nod-012-window-000,nod,10.35095862970525,11.883334722668696
sim-device-01-session-02-nod-017-window-000,validation,nod,any_label,sim-device-02-session-01-still-020-window-000,still,0.7803538445334688,sim-device-03-session-01-nod-001-window-000,nod,5.344144527955202,8.53942715985318
sim-device-01-session-02-nod-017-window-000,validation,nod,same_label,sim-device-03-session-01-nod-002-window-000,nod,0.8411419795472547,sim-device-03-session-01-nod-001-window-000,nod,5.344144527955202,9.88238750033345
sim-device-01-session-02-nod-018-window-000,validation,nod,any_label,sim-device-06-session-01-still-009-window-000,still,0.7405752616687056,sim-device-05-session-01-nod-004-window-000,nod,6.291382759366066,8.767858475311002
sim-device-01-session-02-nod-018-window-000,validation,nod,same_label,sim-device-03-session-01-nod-010-window-000,nod,0.7571035462865854,sim-device-05-session-01-nod-004-window-000,nod,6.291382759366066,9.760351279536112
sim-device-01-session-02-nod-019-window-000,validation,nod,any_label,sim-device-05-session-01-still-013-window-000,still,0.5842817560011498,sim-device-01-session-01-still-001-window-000,still,5.388184165594959,5.96696130004084
sim-device-01-session-02-nod-019-window-000,validation,nod,same_label,sim-device-01-session-01-nod-012-window-000,nod,0.8037715565666113,sim-device-05-session-01-nod-005-window-000,nod,6.793261222098704,7.112965001609523
sim-device-01-session-02-nod-020-window-000,validation,nod,any_label,sim-device-04-session-01-still-008-window-000,still,0.607716944051374,sim-device-03-session-01-look_left_return-010-window-000,look_left_return,4.627063737898166,5.521155639607393
sim-device-01-session-02-nod-020-window-000,validation,nod,same_label,sim-device-01-session-01-nod-014-window-000,nod,0.6941914438383342,sim-device-05-session-01-nod-014-window-000,nod,5.119473123266398,8.111602496596069
sim-device-01-session-02-shake-001-window-000,validation,shake,any_label,sim-device-06-session-01-still-012-window-000,still,0.5833424719269524,sim-device-02-session-01-still-020-window-000,still,4.932480433695314,7.020046983900138
sim-device-01-session-02-shake-001-window-000,validation,shake,same_label,sim-device-03-session-01-shake-009-window-000,shake,0.7499396321911103,sim-device-04-session-01-shake-005-window-000,shake,6.54954203918338,12.286825594287077
sim-device-01-session-02-shake-002-window-000,validation,shake,any_label,sim-device-03-session-01-look_left_return-010-window-000,look_left_return,0.7126828925951607,sim-device-06-session-01-shake-013-window-000,shake,7.378155408887571,11.871339886299577
sim-device-01-session-02-shake-002-window-000,validation,shake,same_label,sim-device-04-session-01-shake-013-window-000,shake,0.7742462611074764,sim-device-06-session-01-shake-013-window-000,shake,7.378155408887571,9.945761876090941
sim-device-01-session-02-shake-003-window-000,validation,shake,any_label,sim-device-06-session-01-shake-014-window-000,shake,0.6965671138448137,sim-device-03-session-01-shake-004-window-000,shake,7.828453552475147,10.893101397796848
sim-device-01-session-02-shake-003-window-000,validation,shake,same_label,sim-device-06-session-01-shake-014-window-000,shake,0.6965671138448137,sim-device-03-session-01-shake-004-window-000,shake,7.828453552475147,10.893101397796848
sim-device-01-session-02-shake-004-window-000,validation,shake,any_label,sim-device-01-session-01-shake-018-window-000,shake,0.6505748443546578,sim-device-03-session-01-shake-009-window-000,shake,5.8265299450452535,8.874079233034484
sim-device-01-session-02-shake-004-window-000,validation,shake,same_label,sim-device-01-session-01-shake-018-window-000,shake,0.6505748443546578,sim-device-03-session-01-shake-009-window-000,shake,5.8265299450452535,8.874079233034484
sim-device-01-session-02-shake-005-window-000,validation,shake,any_label,sim-device-06-session-01-look_right_return-018-window-000,look_right_return,0.5555909171815755,sim-device-02-session-01-look_right_return-008-window-000,look_right_return,5.991364722903641,6.86947718750614
sim-device-01-session-02-shake-005-window-000,validation,shake,same_label,sim-device-06-session-01-shake-014-window-000,shake,0.6803994267959161,sim-device-06-session-01-shake-014-window-000,shake,7.089785036120178,7.089785036120178
sim-device-01-session-02-shake-006-window-000,validation,shake,any_label,sim-device-06-session-01-still-006-window-000,still,0.9236581595588685,sim-device-05-session-01-look_right_return-015-window-000,look_right_return,10.263806776213107,14.084272836020718
sim-device-01-session-02-shake-006-window-000,validation,shake,same_label,sim-device-06-session-01-shake-014-window-000,shake,0.9384479422417166,sim-device-03-session-01-shake-014-window-000,shake,10.365522563437782,13.920404742502638
sim-device-01-session-02-shake-007-window-000,validation,shake,any_label,sim-device-01-session-01-still-008-window-000,still,0.6890980795675367,sim-device-05-session-01-shake-011-window-000,shake,6.383551563211466,12.750098673044242
sim-device-01-session-02-shake-007-window-000,validation,shake,same_label,sim-device-05-session-01-shake-011-window-000,shake,0.7425590042989173,sim-device-05-session-01-shake-011-window-000,shake,6.383551563211466,6.383551563211466
sim-device-01-session-02-shake-008-window-000,validation,shake,any_label,sim-device-04-session-01-still-004-window-000,still,0.7590550343963111,sim-device-06-session-01-still-019-window-000,still,5.599550498009457,7.38316605347118
sim-device-01-session-02-shake-008-window-000,validation,shake,same_label,sim-device-06-session-01-shake-010-window-000,shake,0.9758837428281804,sim-device-03-session-01-shake-005-window-000,shake,7.5390975714066135,11.41745228119886
sim-device-01-session-02-shake-009-window-000,validation,shake,any_label,sim-device-03-session-01-look_right_return-006-window-000,look_right_return,0.7627447725259119,sim-device-01-session-01-shake-020-window-000,shake,8.659305942976918,13.27008452412494
sim-device-01-session-02-shake-009-window-000,validation,shake,same_label,sim-device-01-session-01-shake-019-window-000,shake,0.8196504917816695,sim-device-01-session-01-shake-020-window-000,shake,8.659305942976918,9.808756246177099
sim-device-01-session-02-shake-010-window-000,validation,shake,any_label,sim-device-06-session-01-shake-006-window-000,shake,0.7340094702616039,sim-device-05-session-01-shake-005-window-000,shake,5.963445963761913,12.643407859740304
sim-device-01-session-02-shake-010-window-000,validation,shake,same_label,sim-device-06-session-01-shake-006-window-000,shake,0.7340094702616039,sim-device-05-session-01-shake-005-window-000,shake,5.963445963761913,12.643407859740304
sim-device-01-session-02-shake-011-window-000,validation,shake,any_label,sim-device-02-session-01-look_right_return-011-window-000,look_right_return,0.6996477691342881,sim-device-06-session-01-shake-002-window-000,shake,6.472294851063889,9.03244231415254
sim-device-01-session-02-shake-011-window-000,validation,shake,same_label,sim-device-03-session-01-shake-007-window-000,shake,0.7661089765828627,sim-device-06-session-01-shake-002-window-000,shake,6.472294851063889,8.248825465516605
sim-device-01-session-02-shake-012-window-000,validation,shake,any_label,sim-device-03-session-01-still-013-window-000,still,0.6449082538601768,sim-device-06-session-01-still-003-window-000,still,6.930374825662604,8.10518129243281
sim-device-01-session-02-shake-012-window-000,validation,shake,same_label,sim-device-06-session-01-shake-018-window-000,shake,0.6829938689251716,sim-device-03-session-01-shake-005-window-000,shake,7.886576518645619,10.393744066084412
sim-device-01-session-02-shake-013-window-000,validation,shake,any_label,sim-device-04-session-01-still-006-window-000,still,0.6047320924799303,sim-device-03-session-01-look_left_return-010-window-000,look_left_return,4.636602549075299,5.847213825696903
sim-device-01-session-02-shake-013-window-000,validation,shake,same_label,sim-device-03-session-01-shake-003-window-000,shake,0.6453507655471505,sim-device-04-session-01-shake-013-window-000,shake,5.772583635975472,6.760733274916775
sim-device-01-session-02-shake-014-window-000,validation,shake,any_label,sim-device-05-session-01-nod-014-window-000,nod,0.7047951780432445,sim-device-02-session-01-shake-007-window-000,shake,7.871499798660815,11.754276114280659
sim-device-01-session-02-shake-014-window-000,validation,shake,same_label,sim-device-02-session-01-shake-007-window-000,shake,0.7698717466744184,sim-device-02-session-01-shake-007-window-000,shake,7.871499798660815,7.871499798660815
sim-device-01-session-02-shake-015-window-000,validation,shake,any_label,sim-device-05-session-01-still-002-window-000,still,0.614731955814823,sim-device-05-session-01-shake-017-window-000,shake,5.835050908225184,6.9357385421874325
sim-device-01-session-02-shake-015-window-000,validation,shake,same_label,sim-device-01-session-01-shake-004-window-000,shake,0.6751093628631878,sim-device-05-session-01-shake-017-window-000,shake,5.835050908225184,7.495657548351101
sim-device-01-session-02-shake-016-window-000,validation,shake,any_label,sim-device-01-session-01-shake-019-window-000,shake,0.7518615812691145,sim-device-01-session-01-shake-019-window-000,shake,7.820752619499393,7.820752619499393
sim-device-01-session-02-shake-016-window-000,validation,shake,same_label,sim-device-01-session-01-shake-019-window-000,shake,0.7518615812691145,sim-device-01-session-01-shake-019-window-000,shake,7.820752619499393,7.820752619499393
sim-device-01-session-02-shake-017-window-000,validation,shake,any_label,sim-device-04-session-01-shake-009-window-000,shake,0.7587121347996963,sim-device-02-session-01-shake-004-window-000,shake,8.22644472798427,9.597146023369783
sim-device-01-session-02-shake-017-window-000,validation,shake,same_label,sim-device-04-session-01-shake-009-window-000,shake,0.7587121347996963,sim-device-02-session-01-shake-004-window-000,shake,8.22644472798427,9.597146023369783
sim-device-01-session-02-shake-018-window-000,validation,shake,any_label,sim-device-03-session-01-shake-012-window-000,shake,0.6662139309405739,sim-device-03-session-01-shake-012-window-000,shake,8.077118656451134,8.077118656451134
sim-device-01-session-02-shake-018-window-000,validation,shake,same_label,sim-device-03-session-01-shake-012-window-000,shake,0.6662139309405739,sim-device-03-session-01-shake-012-window-000,shake,8.077118656451134,8.077118656451134
sim-device-01-session-02-shake-019-window-000,validation,shake,any_label,sim-device-02-session-01-shake-019-window-000,shake,0.7026986072236462,sim-device-03-session-01-shake-013-window-000,shake,6.578007087542722,8.673246797679894
sim-device-01-session-02-shake-019-window-000,validation,shake,same_label,sim-device-02-session-01-shake-019-window-000,shake,0.7026986072236462,sim-device-03-session-01-shake-013-window-000,shake,6.578007087542722,8.673246797679894
sim-device-01-session-02-shake-020-window-000,validation,shake,any_label,sim-device-05-session-01-still-002-window-000,still,0.8252057729098367,sim-device-05-session-01-shake-006-window-000,shake,9.4435451967973,10.605434793248891
sim-device-01-session-02-shake-020-window-000,validation,shake,same_label,sim-device-01-session-01-shake-016-window-000,shake,0.8293762812384446,sim-device-05-session-01-shake-006-window-000,shake,9.4435451967973,10.201694103890505
sim-device-01-session-02-still-001-window-000,validation,still,any_label,sim-device-02-session-01-look_right_return-005-window-000,look_right_return,0.6481435653749016,sim-device-02-session-01-still-015-window-000,still,3.619459189736098,10.123638138534194
sim-device-01-session-02-still-001-window-000,validation,still,same_label,sim-device-06-session-01-still-019-window-000,still,0.6600255793144201,sim-device-02-session-01-still-015-window-000,still,3.619459189736098,9.68447519081454
sim-device-01-session-02-still-002-window-000,validation,still,any_label,sim-device-03-session-01-still-009-window-000,still,0.5551771544747663,sim-device-02-session-01-still-001-window-000,still,3.0761270247814325,6.710075547611398
sim-device-01-session-02-still-002-window-000,validation,still,same_label,sim-device-03-session-01-still-009-window-000,still,0.5551771544747663,sim-device-02-session-01-still-001-window-000,still,3.0761270247814325,6.710075547611398
sim-device-01-session-02-still-003-window-000,validation,still,any_label,sim-device-05-session-01-shake-006-window-000,shake,0.651863050833959,sim-device-04-session-01-still-011-window-000,still,4.803804524288034,7.089563543096204
sim-device-01-session-02-still-003-window-000,validation,still,same_label,sim-device-01-session-01-still-002-window-000,still,0.6965501143033178,sim-device-04-session-01-still-011-window-000,still,4.803804524288034,7.203895751439327
sim-device-01-session-02-still-004-window-000,validation,still,any_label,sim-device-02-session-01-still-007-window-000,still,0.6072914466008834,sim-device-03-session-01-still-007-window-000,still,3.640619172961304,8.964927313614295
sim-device-01-session-02-still-004-window-000,validation,still,same_label,sim-device-02-session-01-still-007-window-000,still,0.6072914466008834,sim-device-03-session-01-still-007-window-000,still,3.640619172961304,8.964927313614295
sim-device-01-session-02-still-005-window-000,validation,still,any_label,sim-device-01-session-01-still-020-window-000,still,0.5687861610460192,sim-device-06-session-01-still-004-window-000,still,3.163480880258803,7.448651031715019
sim-device-01-session-02-still-005-window-000,validation,still,same_label,sim-device-01-session-01-still-020-window-000,still,0.5687861610460192,sim-device-06-session-01-still-004-window-000,still,3.163480880258803,7.448651031715019
sim-device-01-session-02-still-006-window-000,validation,still,any_label,sim-device-03-session-01-still-016-window-000,still,0.5118315410447016,sim-device-03-session-01-still-016-window-000,still,3.296557716466288,3.296557716466288
sim-device-01-session-02-still-006-window-000,validation,still,same_label,sim-device-03-session-01-still-016-window-000,still,0.5118315410447016,sim-device-03-session-01-still-016-window-000,still,3.296557716466288,3.296557716466288
sim-device-01-session-02-still-007-window-000,validation,still,any_label,sim-device-06-session-01-still-013-window-000,still,0.5508209338207946,sim-device-06-session-01-still-013-window-000,still,3.8801834937029196,3.8801834937029196
sim-device-01-session-02-still-007-window-000,validation,still,same_label,sim-device-06-session-01-still-013-window-000,still,0.5508209338207946,sim-device-06-session-01-still-013-window-000,still,3.8801834937029196,3.8801834937029196
sim-device-01-session-02-still-008-window-000,validation,still,any_label,sim-device-04-session-01-shake-013-window-000,shake,0.5942799042012753,sim-device-02-session-01-still-018-window-000,still,3.8500949089237744,7.382174491009447
sim-device-01-session-02-still-008-window-000,validation,still,same_label,sim-device-01-session-01-still-017-window-000,still,0.6767245236131008,sim-device-02-session-01-still-018-window-000,still,3.8500949089237744,6.734935996686591
sim-device-01-session-02-still-009-window-000,validation,still,any_label,sim-device-02-session-01-still-015-window-000,still,0.5876524019118337,sim-device-02-session-01-still-015-window-000,still,3.909033094819652,3.909033094819652
sim-device-01-session-02-still-009-window-000,validation,still,same_label,sim-device-02-session-01-still-015-window-000,still,0.5876524019118337,sim-device-02-session-01-still-015-window-000,still,3.909033094819652,3.909033094819652
sim-device-01-session-02-still-010-window-000,validation,still,any_label,sim-device-04-session-01-still-009-window-000,still,0.7611780170211108,sim-device-02-session-01-still-009-window-000,still,3.555827417732042,5.639462067230637
sim-device-01-session-02-still-010-window-000,validation,still,same_label,sim-device-04-session-01-still-009-window-000,still,0.7611780170211108,sim-device-02-session-01-still-009-window-000,still,3.555827417732042,5.639462067230637
sim-device-01-session-02-still-011-window-000,validation,still,any_label,sim-device-04-session-01-still-015-window-000,still,0.5896343741394188,sim-device-05-session-01-still-008-window-000,still,3.6845763303581434,5.02161430915726
sim-device-01-session-02-still-011-window-000,validation,still,same_label,sim-device-04-session-01-still-015-window-000,still,0.5896343741394188,sim-device-05-session-01-still-008-window-000,still,3.6845763303581434,5.02161430915726
sim-device-01-session-02-still-012-window-000,validation,still,any_label,sim-device-06-session-01-nod-002-window-000,nod,0.6061497008246093,sim-device-02-session-01-still-009-window-000,still,3.827911455952081,6.950160229156606
sim-device-01-session-02-still-012-window-000,validation,still,same_label,sim-device-03-session-01-still-013-window-000,still,0.6483278631903655,sim-device-02-session-01-still-009-window-000,still,3.827911455952081,7.552417106922574
sim-device-01-session-02-still-013-window-000,validation,still,any_label,sim-device-06-session-01-still-004-window-000,still,0.7208027471728695,sim-device-06-session-01-still-002-window-000,still,3.9044357523070965,5.935880435861375
sim-device-01-session-02-still-013-window-000,validation,still,same_label,sim-device-06-session-01-still-004-window-000,still,0.7208027471728695,sim-device-06-session-01-still-002-window-000,still,3.9044357523070965,5.935880435861375
sim-device-01-session-02-still-014-window-000,validation,still,any_label,sim-device-04-session-01-still-007-window-000,still,0.6068565376701369,sim-device-03-session-01-still-015-window-000,still,3.4358571524831927,5.026511891998347
sim-device-01-session-02-still-014-window-000,validation,still,same_label,sim-device-04-session-01-still-007-window-000,still,0.6068565376701369,sim-device-03-session-01-still-015-window-000,still,3.4358571524831927,5.026511891998347
sim-device-01-session-02-still-015-window-000,validation,still,any_label,sim-device-05-session-01-still-013-window-000,still,0.6323479528636808,sim-device-04-session-01-still-002-window-000,still,3.51725851941263,5.418734082801625
sim-device-01-session-02-still-015-window-000,validation,still,same_label,sim-device-05-session-01-still-013-window-000,still,0.6323479528636808,sim-device-04-session-01-still-002-window-000,still,3.51725851941263,5.418734082801625
sim-device-01-session-02-still-016-window-000,validation,still,any_label,sim-device-04-session-01-still-020-window-000,still,0.5471952392913966,sim-device-04-session-01-still-002-window-000,still,3.942937801815333,4.0837027740912575
sim-device-01-session-02-still-016-window-000,validation,still,same_label,sim-device-04-session-01-still-020-window-000,still,0.5471952392913966,sim-device-04-session-01-still-002-window-000,still,3.942937801815333,4.0837027740912575
sim-device-01-session-02-still-017-window-000,validation,still,any_label,sim-device-01-session-01-still-009-window-000,still,0.509752188619625,sim-device-04-session-01-still-002-window-000,still,3.1111883053625635,4.1357385758053065
sim-device-01-session-02-still-017-window-000,validation,still,same_label,sim-device-01-session-01-still-009-window-000,still,0.509752188619625,sim-device-04-session-01-still-002-window-000,still,3.1111883053625635,4.1357385758053065
sim-device-01-session-02-still-018-window-000,validation,still,any_label,sim-device-03-session-01-shake-007-window-000,shake,0.6267145557916873,sim-device-01-session-01-still-019-window-000,still,3.938304422266917,5.189338543353429
sim-device-01-session-02-still-018-window-000,validation,still,same_label,sim-device-03-session-01-still-004-window-000,still,0.6334595157859017,sim-device-01-session-01-still-019-window-000,still,3.938304422266917,4.923091484905073
sim-device-01-session-02-still-019-window-000,validation,still,any_label,sim-device-05-session-01-still-010-window-000,still,0.6395806737250291,sim-device-04-session-01-still-004-window-000,still,3.5569164283105796,6.915720962308678
sim-device-01-session-02-still-019-window-000,validation,still,same_label,sim-device-05-session-01-still-010-window-000,still,0.6395806737250291,sim-device-04-session-01-still-004-window-000,still,3.5569164283105796,6.915720962308678
sim-device-01-session-02-still-020-window-000,validation,still,any_label,sim-device-03-session-01-shake-007-window-000,shake,0.6079332946957716,sim-device-03-session-01-still-019-window-000,still,3.723963323306507,6.354000239862663
sim-device-01-session-02-still-020-window-000,validation,still,same_label,sim-device-05-session-01-still-011-window-000,still,0.6097926752227059,sim-device-03-session-01-still-019-window-000,still,3.723963323306507,6.979810908817065
sim-device-02-session-02-look_left_return-001-window-000,validation,look_left_return,any_label,sim-device-02-session-01-look_left_return-001-window-000,look_left_return,0.701078614028071,sim-device-02-session-01-look_left_return-020-window-000,look_left_return,5.483943798389858,10.305839253367651
sim-device-02-session-02-look_left_return-001-window-000,validation,look_left_return,same_label,sim-device-02-session-01-look_left_return-001-window-000,look_left_return,0.701078614028071,sim-device-02-session-01-look_left_return-020-window-000,look_left_return,5.483943798389858,10.305839253367651
sim-device-02-session-02-look_left_return-002-window-000,validation,look_left_return,any_label,sim-device-04-session-01-still-018-window-000,still,0.7100617912212898,sim-device-01-session-01-look_left_return-015-window-000,look_left_return,7.251001866485888,11.397146392506146
sim-device-02-session-02-look_left_return-002-window-000,validation,look_left_return,same_label,sim-device-01-session-01-look_left_return-015-window-000,look_left_return,0.7192197731644296,sim-device-01-session-01-look_left_return-015-window-000,look_left_return,7.251001866485888,7.251001866485888
sim-device-02-session-02-look_left_return-003-window-000,validation,look_left_return,any_label,sim-device-01-session-01-look_left_return-017-window-000,look_left_return,0.7520353253113765,sim-device-06-session-01-look_left_return-009-window-000,look_left_return,7.854931904957823,9.329385435595443
sim-device-02-session-02-look_left_return-003-window-000,validation,look_left_return,same_label,sim-device-01-session-01-look_left_return-017-window-000,look_left_return,0.7520353253113765,sim-device-06-session-01-look_left_return-009-window-000,look_left_return,7.854931904957823,9.329385435595443
sim-device-02-session-02-look_left_return-004-window-000,validation,look_left_return,any_label,sim-device-01-session-01-look_left_return-018-window-000,look_left_return,0.8109475758037767,sim-device-03-session-01-look_left_return-007-window-000,look_left_return,6.727799269112073,7.550363482416006
sim-device-02-session-02-look_left_return-004-window-000,validation,look_left_return,same_label,sim-device-01-session-01-look_left_return-018-window-000,look_left_return,0.8109475758037767,sim-device-03-session-01-look_left_return-007-window-000,look_left_return,6.727799269112073,7.550363482416006
sim-device-02-session-02-look_left_return-005-window-000,validation,look_left_return,any_label,sim-device-04-session-01-still-004-window-000,still,0.7473111469982476,sim-device-01-session-01-look_left_return-004-window-000,look_left_return,6.279472945289262,7.303215507645947
sim-device-02-session-02-look_left_return-005-window-000,validation,look_left_return,same_label,sim-device-03-session-01-look_left_return-014-window-000,look_left_return,0.8478725709251484,sim-device-01-session-01-look_left_return-004-window-000,look_left_return,6.279472945289262,11.312899712782126
sim-device-02-session-02-look_left_return-006-window-000,validation,look_left_return,any_label,sim-device-05-session-01-look_left_return-016-window-000,look_left_return,0.7567919735938047,sim-device-02-session-01-look_left_return-007-window-000,look_left_return,8.412568528840596,9.008928856123607
sim-device-02-session-02-look_left_return-006-window-000,validation,look_left_return,same_label,sim-device-05-session-01-look_left_return-016-window-000,look_left_return,0.7567919735938047,sim-device-02-session-01-look_left_return-007-window-000,look_left_return,8.412568528840596,9.008928856123607
sim-device-02-session-02-look_left_return-007-window-000,validation,look_left_return,any_label,sim-device-04-session-01-look_left_return-009-window-000,look_left_return,0.768627077314643,sim-device-02-session-01-look_left_return-015-window-000,look_left_return,6.7341685823596,11.940198861654054
sim-device-02-session-02-look_left_return-007-window-000,validation,look_left_return,same_label,sim-device-04-session-01-look_left_return-009-window-000,look_left_return,0.768627077314643,sim-device-02-session-01-look_left_return-015-window-000,look_left_return,6.7341685823596,11.940198861654054
sim-device-02-session-02-look_left_return-008-window-000,validation,look_left_return,any_label,sim-device-01-session-01-still-006-window-000,still,0.6594079704334176,sim-device-06-session-01-still-020-window-000,still,6.799800836633316,12.37025934300074
sim-device-02-session-02-look_left_return-008-window-000,validation,look_left_return,same_label,sim-device-03-session-01-look_left_return-006-window-000,look_left_return,0.6962978660870505,sim-device-01-session-01-look_left_return-004-window-000,look_left_return,7.70948945238727,10.433695686588836
sim-device-02-session-02-look_left_return-009-window-000,validation,look_left_return,any_label,sim-device-02-session-01-look_left_return-020-window-000,look_left_return,0.6574858760633524,sim-device-02-session-01-look_left_return-020-window-000,look_left_return,6.454400353338422,6.454400353338422
sim-device-02-session-02-look_left_return-009-window-000,validation,look_left_return,same_label,sim-device-02-session-01-look_left_return-020-window-000,look_left_return,0.6574858760633524,sim-device-02-session-01-look_left_return-020-window-000,look_left_return,6.454400353338422,6.454400353338422
sim-device-02-session-02-look_left_return-010-window-000,validation,look_left_return,any_label,sim-device-04-session-01-look_left_return-006-window-000,look_left_return,0.8003272564899538,sim-device-04-session-01-look_left_return-006-window-000,look_left_return,6.447181843210524,6.447181843210524
sim-device-02-session-02-look_left_return-010-window-000,validation,look_left_return,same_label,sim-device-04-session-01-look_left_return-006-window-000,look_left_return,0.8003272564899538,sim-device-04-session-01-look_left_return-006-window-000,look_left_return,6.447181843210524,6.447181843210524
sim-device-02-session-02-look_left_return-011-window-000,validation,look_left_return,any_label,sim-device-01-session-01-look_left_return-018-window-000,look_left_return,0.9400493519902975,sim-device-05-session-01-look_left_return-014-window-000,look_left_return,10.728922341633558,10.967239746672925
sim-device-02-session-02-look_left_return-011-window-000,validation,look_left_return,same_label,sim-device-01-session-01-look_left_return-018-window-000,look_left_return,0.9400493519902975,sim-device-05-session-01-look_left_return-014-window-000,look_left_return,10.728922341633558,10.967239746672925
sim-device-02-session-02-look_left_return-012-window-000,validation,look_left_return,any_label,sim-device-06-session-01-look_left_return-009-window-000,look_left_return,1.1222565001432019,sim-device-06-session-01-look_left_return-009-window-000,look_left_return,11.150164381590386,11.150164381590386
sim-device-02-session-02-look_left_return-012-window-000,validation,look_left_return,same_label,sim-device-06-session-01-look_left_return-009-window-000,look_left_return,1.1222565001432019,sim-device-06-session-01-look_left_return-009-window-000,look_left_return,11.150164381590386,11.150164381590386
sim-device-02-session-02-look_left_return-013-window-000,validation,look_left_return,any_label,sim-device-04-session-01-shake-019-window-000,shake,0.7755490060947938,sim-device-01-session-01-look_left_return-015-window-000,look_left_return,6.553427411318082,10.551886857095699
sim-device-02-session-02-look_left_return-013-window-000,validation,look_left_return,same_label,sim-device-01-session-01-look_left_return-006-window-000,look_left_return,0.8812966757918373,sim-device-01-session-01-look_left_return-015-window-000,look_left_return,6.553427411318082,11.925179417222719
sim-device-02-session-02-look_left_return-014-window-000,validation,look_left_return,any_label,sim-device-04-session-01-look_left_return-009-window-000,look_left_return,0.8878547952320401,sim-device-04-session-01-look_left_return-014-window-000,look_left_return,10.673855548630831,12.694890192107422
sim-device-02-session-02-look_left_return-014-window-000,validation,look_left_return,same_label,sim-device-04-session-01-look_left_return-009-window-000,look_left_return,0.8878547952320401,sim-device-04-session-01-look_left_return-014-window-000,look_left_return,10.673855548630831,12.694890192107422
sim-device-02-session-02-look_left_return-015-window-000,validation,look_left_return,any_label,sim-device-04-session-01-still-012-window-000,still,0.6870617839591073,sim-device-02-session-01-still-004-window-000,still,4.621587306198749,6.018329112661659
sim-device-02-session-02-look_left_return-015-window-000,validation,look_left_return,same_label,sim-device-05-session-01-look_left_return-008-window-000,look_left_return,0.7405455213783264,sim-device-05-session-01-look_left_return-008-window-000,look_left_return,5.072300788027451,5.072300788027451
sim-device-02-session-02-look_left_return-016-window-000,validation,look_left_return,any_label,sim-device-01-session-01-look_left_return-016-window-000,look_left_return,0.7878810458081489,sim-device-03-session-01-look_left_return-002-window-000,look_left_return,8.945549567656453,13.034459724707613
sim-device-02-session-02-look_left_return-016-window-000,validation,look_left_return,same_label,sim-device-01-session-01-look_left_return-016-window-000,look_left_return,0.7878810458081489,sim-device-03-session-01-look_left_return-002-window-000,look_left_return,8.945549567656453,13.034459724707613
sim-device-02-session-02-look_left_return-017-window-000,validation,look_left_return,any_label,sim-device-04-session-01-look_left_return-016-window-000,look_left_return,0.5966582776469862,sim-device-04-session-01-look_left_return-016-window-000,look_left_return,5.291548853120535,5.291548853120535
sim-device-02-session-02-look_left_return-017-window-000,validation,look_left_return,same_label,sim-device-04-session-01-look_left_return-016-window-000,look_left_return,0.5966582776469862,sim-device-04-session-01-look_left_return-016-window-000,look_left_return,5.291548853120535,5.291548853120535
sim-device-02-session-02-look_left_return-018-window-000,validation,look_left_return,any_label,sim-device-02-session-01-look_left_return-004-window-000,look_left_return,0.9321829825927057,sim-device-06-session-01-look_left_return-017-window-000,look_left_return,11.88745853068536,15.02775753505774
sim-device-02-session-02-look_left_return-018-window-000,validation,look_left_return,same_label,sim-device-02-session-01-look_left_return-004-window-000,look_left_return,0.9321829825927057,sim-device-06-session-01-look_left_return-017-window-000,look_left_return,11.88745853068536,15.02775753505774
sim-device-02-session-02-look_left_return-019-window-000,validation,look_left_return,any_label,sim-device-01-session-01-look_left_return-014-window-000,look_left_return,0.6335907601182716,sim-device-02-session-01-look_left_return-012-window-000,look_left_return,5.2987443557262095,6.207545752523862
sim-device-02-session-02-look_left_return-019-window-000,validation,look_left_return,same_label,sim-device-01-session-01-look_left_return-014-window-000,look_left_return,0.6335907601182716,sim-device-02-session-01-look_left_return-012-window-000,look_left_return,5.2987443557262095,6.207545752523862
sim-device-02-session-02-look_left_return-020-window-000,validation,look_left_return,any_label,sim-device-06-session-01-still-013-window-000,still,0.7338862875072191,sim-device-01-session-01-look_left_return-003-window-000,look_left_return,4.412685536495538,6.967918326016904
sim-device-02-session-02-look_left_return-020-window-000,validation,look_left_return,same_label,sim-device-03-session-01-look_left_return-008-window-000,look_left_return,0.8485682258980815,sim-device-01-session-01-look_left_return-003-window-000,look_left_return,4.412685536495538,11.2271052405536
sim-device-02-session-02-look_right_return-001-window-000,validation,look_right_return,any_label,sim-device-01-session-01-look_right_return-017-window-000,look_right_return,0.7528755802900053,sim-device-06-session-01-look_right_return-013-window-000,look_right_return,10.036096833890667,10.456970599788116
sim-device-02-session-02-look_right_return-001-window-000,validation,look_right_return,same_label,sim-device-01-session-01-look_right_return-017-window-000,look_right_return,0.7528755802900053,sim-device-06-session-01-look_right_return-013-window-000,look_right_return,10.036096833890667,10.456970599788116
sim-device-02-session-02-look_right_return-002-window-000,validation,look_right_return,any_label,sim-device-06-session-01-nod-013-window-000,nod,0.7185078294515694,sim-device-02-session-01-look_right_return-019-window-000,look_right_return,8.620996736502917,11.878791208602166
sim-device-02-session-02-look_right_return-002-window-000,validation,look_right_return,same_label,sim-device-04-session-01-look_right_return-015-window-000,look_right_return,0.7544625186723233,sim-device-02-session-01-look_right_return-019-window-000,look_right_return,8.620996736502917,8.678994272115048
sim-device-02-session-02-look_right_return-003-window-000,validation,look_right_return,any_label,sim-device-05-session-01-look_right_return-002-window-000,look_right_return,0.9332065003084357,sim-device-06-session-01-look_right_return-019-window-000,look_right_return,8.618210033178894,13.099661482141245
sim-device-02-session-02-look_right_return-003-window-000,validation,look_right_return,same_label,sim-device-05-session-01-look_right_return-002-window-000,look_right_return,0.9332065003084357,sim-device-06-session-01-look_right_return-019-window-000,look_right_return,8.618210033178894,13.099661482141245
sim-device-02-session-02-look_right_return-004-window-000,validation,look_right_return,any_label,sim-device-03-session-01-look_right_return-005-window-000,look_right_return,0.671984150280593,sim-device-05-session-01-look_right_return-004-window-000,look_right_return,6.169588161999963,6.437430177702614
sim-device-02-session-02-look_right_return-004-window-000,validation,look_right_return,same_label,sim-device-03-session-01-look_right_return-005-window-000,look_right_return,0.671984150280593,sim-device-05-session-01-look_right_return-004-window-000,look_right_return,6.169588161999963,6.437430177702614
sim-device-02-session-02-look_right_return-005-window-000,validation,look_right_return,any_label,sim-device-04-session-01-look_right_return-011-window-000,look_right_return,0.7938540651090703,sim-device-06-session-01-look_right_return-009-window-000,look_right_return,8.079849010048822,8.958770387553328
sim-device-02-session-02-look_right_return-005-window-000,validation,look_right_return,same_label,sim-device-04-session-01-look_right_return-011-window-000,look_right_return,0.7938540651090703,sim-device-06-session-01-look_right_return-009-window-000,look_right_return,8.079849010048822,8.958770387553328
sim-device-02-session-02-look_right_return-006-window-000,validation,look_right_return,any_label,sim-device-06-session-01-look_right_return-019-window-000,look_right_return,0.7900733548880128,sim-device-06-session-01-look_right_return-019-window-000,look_right_return,10.432354739943799,10.432354739943799
sim-device-02-session-02-look_right_return-006-window-000,validation,look_right_return,same_label,sim-device-06-session-01-look_right_return-019-window-000,look_right_return,0.7900733548880128,sim-device-06-session-01-look_right_return-019-window-000,look_right_return,10.432354739943799,10.432354739943799
sim-device-02-session-02-look_right_return-007-window-000,validation,look_right_return,any_label,sim-device-02-session-01-look_right_return-003-window-000,look_right_return,0.7574738132398028,sim-device-01-session-01-look_right_return-018-window-000,look_right_return,5.500821175486135,8.773438791307692
sim-device-02-session-02-look_right_return-007-window-000,validation,look_right_return,same_label,sim-device-02-session-01-look_right_return-003-window-000,look_right_return,0.7574738132398028,sim-device-01-session-01-look_right_return-018-window-000,look_right_return,5.500821175486135,8.773438791307692
sim-device-02-session-02-look_right_return-008-window-000,validation,look_right_return,any_label,sim-device-01-session-01-look_right_return-016-window-000,look_right_return,0.5470196110114456,sim-device-01-session-01-look_right_return-013-window-000,look_right_return,5.382482116817617,6.125903159557004
sim-device-02-session-02-look_right_return-008-window-000,validation,look_right_return,same_label,sim-device-01-session-01-look_right_return-016-window-000,look_right_return,0.5470196110114456,sim-device-01-session-01-look_right_return-013-window-000,look_right_return,5.382482116817617,6.125903159557004
sim-device-02-session-02-look_right_return-009-window-000,validation,look_right_return,any_label,sim-device-05-session-01-still-019-window-000,still,0.751021898198994,sim-device-01-session-01-shake-012-window-000,shake,5.5324082270655515,10.774972757595988
sim-device-02-session-02-look_right_return-009-window-000,validation,look_right_return,same_label,sim-device-01-session-01-look_right_return-002-window-000,look_right_return,0.7948410730986645,sim-device-02-session-01-look_right_return-008-window-000,look_right_return,6.0352669072992535,12.31328769231774
sim-device-02-session-02-look_right_return-010-window-000,validation,look_right_return,any_label,sim-device-04-session-01-look_right_return-013-window-000,look_right_return,0.8013438310323293,sim-device-06-session-01-look_right_return-019-window-000,look_right_return,6.472539386196722,8.413665496241407
sim-device-02-session-02-look_right_return-010-window-000,validation,look_right_return,same_label,sim-device-04-session-01-look_right_return-013-window-000,look_right_return,0.8013438310323293,sim-device-06-session-01-look_right_return-019-window-000,look_right_return,6.472539386196722,8.413665496241407
sim-device-02-session-02-look_right_return-011-window-000,validation,look_right_return,any_label,sim-device-03-session-01-look_right_return-010-window-000,look_right_return,0.5790834826715466,sim-device-03-session-01-look_right_return-003-window-000,look_right_return,5.397791492591483,6.965081008188052
sim-device-02-session-02-look_right_return-011-window-000,validation,look_right_return,same_label,sim-device-03-session-01-look_right_return-010-window-000,look_right_return,0.5790834826715466,sim-device-03-session-01-look_right_return-003-window-000,look_right_return,5.397791492591483,6.965081008188052
sim-device-02-session-02-look_right_return-012-window-000,validation,look_right_return,any_label,sim-device-02-session-01-look_right_return-019-window-000,look_right_return,0.6295020950706554,sim-device-06-session-01-look_right_return-020-window-000,look_right_return,6.089151461026708,7.292786811576515
sim-device-02-session-02-look_right_return-012-window-000,validation,look_right_return,same_label,sim-device-02-session-01-look_right_return-019-window-000,look_right_return,0.6295020950706554,sim-device-06-session-01-look_right_return-020-window-000,look_right_return,6.089151461026708,7.292786811576515
sim-device-02-session-02-look_right_return-013-window-000,validation,look_right_return,any_label,sim-device-03-session-01-look_right_return-014-window-000,look_right_return,0.7586193532424403,sim-device-03-session-01-look_right_return-015-window-000,look_right_return,6.636727337710843,9.850234032647922
sim-device-02-session-02-look_right_return-013-window-000,validation,look_right_return,same_label,sim-device-03-session-01-look_right_return-014-window-000,look_right_return,0.7586193532424403,sim-device-03-session-01-look_right_return-015-window-000,look_right_return,6.636727337710843,9.850234032647922
sim-device-02-session-02-look_right_return-014-window-000,validation,look_right_return,any_label,sim-device-06-session-01-look_right_return-013-window-000,look_right_return,0.6447958270154625,sim-device-02-session-01-look_right_return-003-window-000,look_right_return,5.744268105885165,6.623924133046054
sim-device-02-session-02-look_right_return-014-window-000,validation,look_right_return,same_label,sim-device-06-session-01-look_right_return-013-window-000,look_right_return,0.6447958270154625,sim-device-02-session-01-look_right_return-003-window-000,look_right_return,5.744268105885165,6.623924133046054
sim-device-02-session-02-look_right_return-015-window-000,validation,look_right_return,any_label,sim-device-02-session-01-look_right_return-012-window-000,look_right_return,0.646687892027971,sim-device-02-session-01-look_right_return-012-window-000,look_right_return,6.296064318909578,6.296064318909578
sim-device-02-session-02-look_right_return-015-window-000,validation,look_right_return,same_label,sim-device-02-session-01-look_right_return-012-window-000,look_right_return,0.646687892027971,sim-device-02-session-01-look_right_return-012-window-000,look_right_return,6.296064318909578,6.296064318909578
sim-device-02-session-02-look_right_return-016-window-000,validation,look_right_return,any_label,sim-device-04-session-01-still-005-window-000,still,0.685411705681175,sim-device-01-session-01-look_right_return-001-window-000,look_right_return,6.2362866584388055,10.15080170617566
sim-device-02-session-02-look_right_return-016-window-000,validation,look_right_return,same_label,sim-device-01-session-01-look_right_return-001-window-000,look_right_return,0.8325117684278209,sim-device-01-session-01-look_right_return-001-window-000,look_right_return,6.2362866584388055,6.2362866584388055
sim-device-02-session-02-look_right_return-017-window-000,validation,look_right_return,any_label,sim-device-04-session-01-still-008-window-000,still,0.9542221470737625,sim-device-05-session-01-look_right_return-012-window-000,look_right_return,8.31407735853106,16.127474911088104
sim-device-02-session-02-look_right_return-017-window-000,validation,look_right_return,same_label,sim-device-03-session-01-look_right_return-007-window-000,look_right_return,1.0393452593166104,sim-device-05-session-01-look_right_return-012-window-000,look_right_return,8.31407735853106,16.02849624796813
sim-device-02-session-02-look_right_return-018-window-000,validation,look_right_return,any_label,sim-device-02-session-01-look_right_return-002-window-000,look_right_return,0.7870769989760892,sim-device-03-session-01-look_right_return-020-window-000,look_right_return,8.268674968829519,12.87170687518648
sim-device-02-session-02-look_right_return-018-window-000,validation,look_right_return,same_label,sim-device-02-session-01-look_right_return-002-window-000,look_right_return,0.7870769989760892,sim-device-03-session-01-look_right_return-020-window-000,look_right_return,8.268674968829519,12.87170687518648
sim-device-02-session-02-look_right_return-019-window-000,validation,look_right_return,any_label,sim-device-02-session-01-look_right_return-017-window-000,look_right_return,0.8533819021516917,sim-device-03-session-01-look_right_return-015-window-000,look_right_return,8.686543112646161,12.05715581496659
sim-device-02-session-02-look_right_return-019-window-000,validation,look_right_return,same_label,sim-device-02-session-01-look_right_return-017-window-000,look_right_return,0.8533819021516917,sim-device-03-session-01-look_right_return-015-window-000,look_right_return,8.686543112646161,12.05715581496659
sim-device-02-session-02-look_right_return-020-window-000,validation,look_right_return,any_label,sim-device-05-session-01-look_right_return-012-window-000,look_right_return,0.6705323744988385,sim-device-05-session-01-look_right_return-012-window-000,look_right_return,7.140181981973016,7.140181981973016
sim-device-02-session-02-look_right_return-020-window-000,validation,look_right_return,same_label,sim-device-05-session-01-look_right_return-012-window-000,look_right_return,0.6705323744988385,sim-device-05-session-01-look_right_return-012-window-000,look_right_return,7.140181981973016,7.140181981973016
sim-device-02-session-02-nod-001-window-000,validation,nod,any_label,sim-device-06-session-01-still-019-window-000,still,0.6065837553629441,sim-device-06-session-01-still-004-window-000,still,4.967769848790394,8.123808288730256
sim-device-02-session-02-nod-001-window-000,validation,nod,same_label,sim-device-03-session-01-nod-018-window-000,nod,0.6678093980260323,sim-device-02-session-01-nod-017-window-000,nod,5.8548250597471245,7.997603022638017
sim-device-02-session-02-nod-002-window-000,validation,nod,any_label,sim-device-01-session-01-still-014-window-000,still,0.7346352072035423,sim-device-02-session-01-nod-017-window-000,nod,6.019172242698848,9.121451741225304
sim-device-02-session-02-nod-002-window-000,validation,nod,same_label,sim-device-05-session-01-nod-015-window-000,nod,0.7529668935998928,sim-device-02-session-01-nod-017-window-000,nod,6.019172242698848,11.409781682198938
sim-device-02-session-02-nod-003-window-000,validation,nod,any_label,sim-device-05-session-01-nod-011-window-000,nod,0.6747526996119777,sim-device-02-session-01-nod-002-window-000,nod,6.275956209369635,7.28842939917066
sim-device-02-session-02-nod-003-window-000,validation,nod,same_label,sim-device-05-session-01-nod-011-window-000,nod,0.6747526996119777,sim-device-02-session-01-nod-002-window-000,nod,6.275956209369635,7.28842939917066
sim-device-02-session-02-nod-004-window-000,validation,nod,any_label,sim-device-03-session-01-still-004-window-000,still,0.6546151728869437,sim-device-03-session-01-nod-019-window-000,nod,5.562880906949554,7.9018991745393965
sim-device-02-session-02-nod-004-window-000,validation,nod,same_label,sim-device-05-session-01-nod-011-window-000,nod,0.7350006855846918,sim-device-03-session-01-nod-019-window-000,nod,5.562880906949554,7.870967546608119
sim-device-02-session-02-nod-005-window-000,validation,nod,any_label,sim-device-03-session-01-look_right_return-013-window-000,look_right_return,0.7381815942264344,sim-device-04-session-01-nod-018-window-000,nod,5.442752895084364,11.514763113035317
sim-device-02-session-02-nod-005-window-000,validation,nod,same_label,sim-device-05-session-01-nod-004-window-000,nod,0.7398531947319269,sim-device-04-session-01-nod-018-window-000,nod,5.442752895084364,10.939722250892599
sim-device-02-session-02-nod-006-window-000,validation,nod,any_label,sim-device-02-session-01-look_right_return-008-window-000,look_right_return,0.5919447287114132,sim-device-03-session-01-still-015-window-000,still,4.327799157967961,8.94553292181505
sim-device-02-session-02-nod-006-window-000,validation,nod,same_label,sim-device-02-session-01-nod-014-window-000,nod,0.6306161202851538,sim-device-05-session-01-nod-014-window-000,nod,4.985386129143279,8.533752008055714
sim-device-02-session-02-nod-007-window-000,validation,nod,any_label,sim-device-06-session-01-shake-012-window-000,shake,0.5902731956005433,sim-device-04-session-01-still-020-window-000,still,4.440035139408925,7.2032726518809955
sim-device-02-session-02-nod-007-window-000,validation,nod,same_label,sim-device-05-session-01-nod-014-window-000,nod,0.6680013385598911,sim-device-04-session-01-nod-018-window-000,nod,4.539500961480143,8.27306171834051
sim-device-02-session-02-nod-008-window-000,validation,nod,any_label,sim-device-03-session-01-nod-013-window-000,nod,0.8811653208437771,sim-device-03-session-01-nod-013-window-000,nod,12.805588389837347,12.805588389837347
sim-device-02-session-02-nod-008-window-000,validation,nod,same_label,sim-device-03-session-01-nod-013-window-000,nod,0.8811653208437771,sim-device-03-session-01-nod-013-window-000,nod,12.805588389837347,12.805588389837347
sim-device-02-session-02-nod-009-window-000,validation,nod,any_label,sim-device-05-session-01-nod-014-window-000,nod,0.6581514082676616,sim-device-02-session-01-nod-010-window-000,nod,6.441049764523261,9.386164029546336
sim-device-02-session-02-nod-009-window-000,validation,nod,same_label,sim-device-05-session-01-nod-014-window-000,nod,0.6581514082676616,sim-device-02-session-01-nod-010-window-000,nod,6.441049764523261,9.386164029546336
sim-device-02-session-02-nod-010-window-000,validation,nod,any_label,sim-device-01-session-01-shake-004-window-000,shake,0.6614250033836895,sim-device-05-session-01-still-001-window-000,still,3.6438632377434392,6.2958236665290634
sim-device-02-session-02-nod-010-window-000,validation,nod,same_label,sim-device-04-session-01-nod-010-window-000,nod,0.7373072059234229,sim-device-02-session-01-nod-015-window-000,nod,4.493102246542829,8.645158243033215
sim-device-02-session-02-nod-011-window-000,validation,nod,any_label,sim-device-03-session-01-nod-008-window-000,nod,0.7279363842947333,sim-device-01-session-01-nod-002-window-000,nod,6.8625155667070485,7.299125114156249
sim-device-02-session-02-nod-011-window-000,validation,nod,same_label,sim-device-03-session-01-nod-008-window-000,nod,0.7279363842947333,sim-device-01-session-01-nod-002-window-000,nod,6.8625155667070485,7.299125114156249
sim-device-02-session-02-nod-012-window-000,validation,nod,any_label,sim-device-03-session-01-nod-008-window-000,nod,0.9821549571476809,sim-device-03-session-01-nod-010-window-000,nod,8.048115938915704,14.078517322171693
sim-device-02-session-02-nod-012-window-000,validation,nod,same_label,sim-device-03-session-01-nod-008-window-000,nod,0.9821549571476809,sim-device-03-session-01-nod-010-window-000,nod,8.048115938915704,14.078517322171693
sim-device-02-session-02-nod-013-window-000,validation,nod,any_label,sim-device-01-session-01-shake-016-window-000,shake,0.7019620634674535,sim-device-03-session-01-still-007-window-000,still,5.873033694804495,6.653497685084521
sim-device-02-session-02-nod-013-window-000,validation,nod,same_label,sim-device-03-session-01-nod-002-window-000,nod,0.7661525450826985,sim-device-04-session-01-nod-014-window-000,nod,8.765557338580956,14.623155661141478
sim-device-02-session-02-nod-014-window-000,validation,nod,any_label,sim-device-04-session-01-nod-013-window-000,nod,0.6579650204090504,sim-device-05-session-01-nod-002-window-000,nod,5.94597667712972,6.198298552683163
sim-device-02-session-02-nod-014-window-000,validation,nod,same_label,sim-device-04-session-01-nod-013-window-000,nod,0.6579650204090504,sim-device-05-session-01-nod-002-window-000,nod,5.94597667712972,6.198298552683163
sim-device-02-session-02-nod-015-window-000,validation,nod,any_label,sim-device-03-session-01-nod-008-window-000,nod,0.7128130137107875,sim-device-03-session-01-nod-008-window-000,nod,8.324385441783669,8.324385441783669
sim-device-02-session-02-nod-015-window-000,validation,nod,same_label,sim-device-03-session-01-nod-008-window-000,nod,0.7128130137107875,sim-device-03-session-01-nod-008-window-000,nod,8.324385441783669,8.324385441783669
sim-device-02-session-02-nod-016-window-000,validation,nod,any_label,sim-device-01-session-01-nod-007-window-000,nod,0.8054719288217875,sim-device-01-session-01-nod-007-window-000,nod,9.962339974221344,9.962339974221344
sim-device-02-session-02-nod-016-window-000,validation,nod,same_label,sim-device-01-session-01-nod-007-window-000,nod,0.8054719288217875,sim-device-01-session-01-nod-007-window-000,nod,9.962339974221344,9.962339974221344
sim-device-02-session-02-nod-017-window-000,validation,nod,any_label,sim-device-04-session-01-still-015-window-000,still,0.6196286518831796,sim-device-05-session-01-nod-011-window-000,nod,4.723487615834311,5.396875688247371
sim-device-02-session-02-nod-017-window-000,validation,nod,same_label,sim-device-05-session-01-nod-011-window-000,nod,0.6558294223560457,sim-device-05-session-01-nod-011-window-000,nod,4.723487615834311,4.723487615834311
sim-device-02-session-02-nod-018-window-000,validation,nod,any_label,sim-device-04-session-01-still-009-window-000,still,0.7681298196711399,sim-device-06-session-01-still-016-window-000,still,8.789356887835721,10.962029770223824
sim-device-02-session-02-nod-018-window-000,validation,nod,same_label,sim-device-06-session-01-nod-017-window-000,nod,0.7688354000722285,sim-device-06-session-01-nod-015-window-000,nod,9.6512656781581,11.368385371667642
sim-device-02-session-02-nod-019-window-000,validation,nod,any_label,sim-device-03-session-01-shake-003-window-000,shake,0.6524116163585019,sim-device-03-session-01-still-006-window-000,still,6.517354855670012,9.509917082546412
sim-device-02-session-02-nod-019-window-000,validation,nod,same_label,sim-device-05-session-01-nod-011-window-000,nod,0.6558577382909289,sim-device-05-session-01-nod-011-window-000,nod,7.230894536336857,7.230894536336857
sim-device-02-session-02-nod-020-window-000,validation,nod,any_label,sim-device-02-session-01-nod-012-window-000,nod,0.902248248067707,sim-device-04-session-01-nod-017-window-000,nod,9.314942892029432,11.143444954169954
sim-device-02-session-02-nod-020-window-000,validation,nod,same_label,sim-device-02-session-01-nod-012-window-000,nod,0.902248248067707,sim-device-04-session-01-nod-017-window-000,nod,9.314942892029432,11.143444954169954
sim-device-02-session-02-shake-001-window-000,validation,shake,any_label,sim-device-06-session-01-still-019-window-000,still,0.5611077586879968,sim-device-04-session-01-still-008-window-000,still,5.287908273269081,5.369190756058315
sim-device-02-session-02-shake-001-window-000,validation,shake,same_label,sim-device-01-session-01-shake-016-window-000,shake,0.5867980722662579,sim-device-01-session-01-shake-004-window-000,shake,6.061559453721167,7.957744005277087
sim-device-02-session-02-shake-002-window-000,validation,shake,any_label,sim-device-03-session-01-shake-006-window-000,shake,0.7397625049946541,sim-device-05-session-01-shake-010-window-000,shake,7.717305373287649,9.724796944306963
sim-device-02-session-02-shake-002-window-000,validation,shake,same_label,sim-device-03-session-01-shake-006-window-000,shake,0.7397625049946541,sim-device-05-session-01-shake-010-window-000,shake,7.717305373287649,9.724796944306963
sim-device-02-session-02-shake-003-window-000,validation,shake,any_label,sim-device-04-session-01-shake-013-window-000,shake,0.8737668514646265,sim-device-04-session-01-shake-004-window-000,shake,8.906893359283037,11.645050694702505
sim-device-02-session-02-shake-003-window-000,validation,shake,same_label,sim-device-04-session-01-shake-013-window-000,shake,0.8737668514646265,sim-device-04-session-01-shake-004-window-000,shake,8.906893359283037,11.645050694702505
sim-device-02-session-02-shake-004-window-000,validation,shake,any_label,sim-device-03-session-01-look_right_return-019-window-000,look_right_return,0.6201402444516099,sim-device-01-session-01-shake-001-window-000,shake,6.986226605663788,8.568103681660459
sim-device-02-session-02-shake-004-window-000,validation,shake,same_label,sim-device-01-session-01-shake-001-window-000,shake,0.6279093629005527,sim-device-01-session-01-shake-001-window-000,shake,6.986226605663788,6.986226605663788
sim-device-02-session-02-shake-005-window-000,validation,shake,any_label,sim-device-04-session-01-shake-008-window-000,shake,0.6126271451495912,sim-device-04-session-01-shake-008-window-000,shake,7.766384314906486,7.766384314906486
sim-device-02-session-02-shake-005-window-000,validation,shake,same_label,sim-device-04-session-01-shake-008-window-000,shake,0.6126271451495912,sim-device-04-session-01-shake-008-window-000,shake,7.766384314906486,7.766384314906486
sim-device-02-session-02-shake-006-window-000,validation,shake,any_label,sim-device-04-session-01-still-001-window-000,still,0.9153762924272766,sim-device-03-session-01-shake-002-window-000,shake,7.875795375779289,12.441905909651583
sim-device-02-session-02-shake-006-window-000,validation,shake,same_label,sim-device-02-session-01-shake-016-window-000,shake,1.1185705770609873,sim-device-03-session-01-shake-002-window-000,shake,7.875795375779289,13.144028057148438
sim-device-02-session-02-shake-007-window-000,validation,shake,any_label,sim-device-03-session-01-shake-009-window-000,shake,0.8189088859592694,sim-device-05-session-01-shake-004-window-000,shake,9.530450895052292,12.591346794527384
sim-device-02-session-02-shake-007-window-000,validation,shake,same_label,sim-device-03-session-01-shake-009-window-000,shake,0.8189088859592694,sim-device-05-session-01-shake-004-window-000,shake,9.530450895052292,12.591346794527384
sim-device-02-session-02-shake-008-window-000,validation,shake,any_label,sim-device-04-session-01-still-005-window-000,still,0.6144791342262109,sim-device-01-session-01-look_left_return-016-window-000,look_left_return,4.890918585439485,7.7352532788316575
sim-device-02-session-02-shake-008-window-000,validation,shake,same_label,sim-device-05-session-01-shake-020-window-000,shake,0.8478248128441145,sim-device-03-session-01-shake-003-window-000,shake,7.153180205977029,10.780216829800107
sim-device-02-session-02-shake-009-window-000,validation,shake,any_label,sim-device-02-session-01-shake-006-window-000,shake,0.7012201475025813,sim-device-04-session-01-shake-014-window-000,shake,6.6994582991542675,11.789973721000838
sim-device-02-session-02-shake-009-window-000,validation,shake,same_label,sim-device-02-session-01-shake-006-window-000,shake,0.7012201475025813,sim-device-04-session-01-shake-014-window-000,shake,6.6994582991542675,11.789973721000838
sim-device-02-session-02-shake-010-window-000,validation,shake,any_label,sim-device-01-session-01-still-017-window-000,still,0.6401788874633604,sim-device-03-session-01-shake-017-window-000,shake,4.668581510476752,8.2825699187888
sim-device-02-session-02-shake-010-window-000,validation,shake,same_label,sim-device-03-session-01-shake-017-window-000,shake,0.6662477938353548,sim-device-03-session-01-shake-017-window-000,shake,4.668581510476752,4.668581510476752
sim-device-02-session-02-shake-011-window-000,validation,shake,any_label,sim-device-03-session-01-still-013-window-000,still,0.6544884496218769,sim-device-01-session-01-shake-011-window-000,shake,6.967386997460449,11.189395996312564
sim-device-02-session-02-shake-011-window-000,validation,shake,same_label,sim-device-01-session-01-shake-011-window-000,shake,0.6795711203906878,sim-device-01-session-01-shake-011-window-000,shake,6.967386997460449,6.967386997460449
sim-device-02-session-02-shake-012-window-000,validation,shake,any_label,sim-device-01-session-01-look_left_return-020-window-000,look_left_return,0.747262132038544,sim-device-04-session-01-shake-020-window-000,shake,9.284937945369435,12.615439579472492
sim-device-02-session-02-shake-012-window-000,validation,shake,same_label,sim-device-01-session-01-shake-009-window-000,shake,0.7879657472038912,sim-device-04-session-01-shake-020-window-000,shake,9.284937945369435,12.097443952403692
sim-device-02-session-02-shake-013-window-000,validation,shake,any_label,sim-device-05-session-01-shake-004-window-000,shake,0.746853182072794,sim-device-05-session-01-shake-004-window-000,shake,10.150503727295671,10.150503727295671
sim-device-02-session-02-shake-013-window-000,validation,shake,same_label,sim-device-05-session-01-shake-004-window-000,shake,0.746853182072794,sim-device-05-session-01-shake-004-window-000,shake,10.150503727295671,10.150503727295671
sim-device-02-session-02-shake-014-window-000,validation,shake,any_label,sim-device-04-session-01-still-014-window-000,still,0.610845951738148,sim-device-05-session-01-look_right_return-007-window-000,look_right_return,5.952183922512217,7.083034676602743
sim-device-02-session-02-shake-014-window-000,validation,shake,same_label,sim-device-06-session-01-shake-012-window-000,shake,0.649001176468746,sim-device-05-session-01-shake-003-window-000,shake,5.977426225536449,8.152074959065283
sim-device-02-session-02-shake-015-window-000,validation,shake,any_label,sim-device-05-session-01-nod-001-window-000,nod,0.7083124433544203,sim-device-05-session-01-shake-017-window-000,shake,7.72107559072037,12.74498184667785
sim-device-02-session-02-shake-015-window-000,validation,shake,same_label,sim-device-06-session-01-shake-007-window-000,shake,0.7268828421664671,sim-device-05-session-01-shake-017-window-000,shake,7.72107559072037,10.323065923954877
sim-device-02-session-02-shake-016-window-000,validation,shake,any_label,sim-device-06-session-01-still-010-window-000,still,0.6729140713457052,sim-device-06-session-01-nod-013-window-000,nod,5.483513107701758,6.425856810697951
sim-device-02-session-02-shake-016-window-000,validation,shake,same_label,sim-device-06-session-01-shake-008-window-000,shake,0.752402766252786,sim-device-03-session-01-shake-007-window-000,shake,7.330496722210688,8.37579287163367
sim-device-02-session-02-shake-017-window-000,validation,shake,any_label,sim-device-06-session-01-shake-012-window-000,shake,0.640679014705276,sim-device-06-session-01-still-019-window-000,still,6.423358037206279,7.089755591960407
sim-device-02-session-02-shake-017-window-000,validation,shake,same_label,sim-device-06-session-01-shake-012-window-000,shake,0.640679014705276,sim-device-03-session-01-shake-009-window-000,shake,6.48881880769094,7.089755591960407
sim-device-02-session-02-shake-018-window-000,validation,shake,any_label,sim-device-05-session-01-shake-017-window-000,shake,0.7244164175221217,sim-device-01-session-01-shake-008-window-000,shake,8.618254710978535,9.208396703118114
sim-device-02-session-02-shake-018-window-000,validation,shake,same_label,sim-device-05-session-01-shake-017-window-000,shake,0.7244164175221217,sim-device-01-session-01-shake-008-window-000,shake,8.618254710978535,9.208396703118114
sim-device-02-session-02-shake-019-window-000,validation,shake,any_label,sim-device-04-session-01-shake-006-window-000,shake,0.7828474112727809,sim-device-05-session-01-shake-017-window-000,shake,8.155478856309976,11.922313202986142
sim-device-02-session-02-shake-019-window-000,validation,shake,same_label,sim-device-04-session-01-shake-006-window-000,shake,0.7828474112727809,sim-device-05-session-01-shake-017-window-000,shake,8.155478856309976,11.922313202986142
sim-device-02-session-02-shake-020-window-000,validation,shake,any_label,sim-device-01-session-01-look_right_return-001-window-000,look_right_return,0.70450905276308,sim-device-02-session-01-shake-015-window-000,shake,7.430745753924764,9.023421165422526
sim-device-02-session-02-shake-020-window-000,validation,shake,same_label,sim-device-06-session-01-shake-018-window-000,shake,0.7296989385509564,sim-device-02-session-01-shake-015-window-000,shake,7.430745753924764,7.960767393422834
sim-device-02-session-02-still-001-window-000,validation,still,any_label,sim-device-02-session-01-still-007-window-000,still,0.5669906985951094,sim-device-06-session-01-still-007-window-000,still,4.732656380896366,6.0200002836424495
sim-device-02-session-02-still-001-window-000,validation,still,same_label,sim-device-02-session-01-still-007-window-000,still,0.5669906985951094,sim-device-06-session-01-still-007-window-000,still,4.732656380896366,6.0200002836424495
sim-device-02-session-02-still-002-window-000,validation,still,any_label,sim-device-02-session-01-still-017-window-000,still,0.5527536224510906,sim-device-03-session-01-still-018-window-000,still,4.493916042521561,4.634858048068734
sim-device-02-session-02-still-002-window-000,validation,still,same_label,sim-device-02-session-01-still-017-window-000,still,0.5527536224510906,sim-device-03-session-01-still-018-window-000,still,4.493916042521561,4.634858048068734
sim-device-02-session-02-still-003-window-000,validation,still,any_label,sim-device-06-session-01-still-016-window-000,still,0.6472864927966643,sim-device-06-session-01-still-016-window-000,still,4.0775684883880565,4.0775684883880565
sim-device-02-session-02-still-003-window-000,validation,still,same_label,sim-device-06-session-01-still-016-window-000,still,0.6472864927966643,sim-device-06-session-01-still-016-window-000,still,4.0775684883880565,4.0775684883880565
sim-device-02-session-02-still-004-window-000,validation,still,any_label,sim-device-03-session-01-look_left_return-008-window-000,look_left_return,0.7337813567473622,sim-device-03-session-01-still-004-window-000,still,3.9090582183937865,12.684482674865006
sim-device-02-session-02-still-004-window-000,validation,still,same_label,sim-device-02-session-01-still-016-window-000,still,0.7440425122009354,sim-device-03-session-01-still-004-window-000,still,3.9090582183937865,6.532157655863777
sim-device-02-session-02-still-005-window-000,validation,still,any_label,sim-device-03-session-01-still-018-window-000,still,0.7732409575730476,sim-device-05-session-01-still-014-window-000,still,3.262689306097219,5.999202033042627
sim-device-02-session-02-still-005-window-000,validation,still,same_label,sim-device-03-session-01-still-018-window-000,still,0.7732409575730476,sim-device-05-session-01-still-014-window-000,still,3.262689306097219,5.999202033042627
sim-device-02-session-02-still-006-window-000,validation,still,any_label,sim-device-03-session-01-still-014-window-000,still,0.7184884671911497,sim-device-03-session-01-still-018-window-000,still,4.235142679862403,7.092072381326781
sim-device-02-session-02-still-006-window-000,validation,still,same_label,sim-device-03-session-01-still-014-window-000,still,0.7184884671911497,sim-device-03-session-01-still-018-window-000,still,4.235142679862403,7.092072381326781
sim-device-02-session-02-still-007-window-000,validation,still,any_label,sim-device-04-session-01-still-015-window-000,still,0.6031378777278086,sim-device-06-session-01-still-015-window-000,still,4.564143592024278,9.405526271161753
sim-device-02-session-02-still-007-window-000,validation,still,same_label,sim-device-04-session-01-still-015-window-000,still,0.6031378777278086,sim-device-06-session-01-still-015-window-000,still,4.564143592024278,9.405526271161753
sim-device-02-session-02-still-008-window-000,validation,still,any_label,sim-device-06-session-01-still-009-window-000,still,0.5786039108209003,sim-device-04-session-01-still-013-window-000,still,4.277730268132896,5.227805678653716
sim-device-02-session-02-still-008-window-000,validation,still,same_label,sim-device-06-session-01-still-009-window-000,still,0.5786039108209003,sim-device-04-session-01-still-013-window-000,still,4.277730268132896,5.227805678653716
sim-device-02-session-02-still-009-window-000,validation,still,any_label,sim-device-04-session-01-still-009-window-000,still,0.5532248098864627,sim-device-04-session-01-still-020-window-000,still,2.8823195406548625,5.2552612712232785
sim-device-02-session-02-still-009-window-000,validation,still,same_label,sim-device-04-session-01-still-009-window-000,still,0.5532248098864627,sim-device-04-session-01-still-020-window-000,still,2.8823195406548625,5.2552612712232785
sim-device-02-session-02-still-010-window-000,validation,still,any_label,sim-device-01-session-01-look_right_return-007-window-000,look_right_return,0.6332838909019646,sim-device-02-session-01-still-008-window-000,still,4.983507662725428,8.010104209957836
sim-device-02-session-02-still-010-window-000,validation,still,same_label,sim-device-05-session-01-still-002-window-000,still,0.6348718436356146,sim-device-02-session-01-still-008-window-000,still,4.983507662725428,5.3500698761532215
sim-device-02-session-02-still-011-window-000,validation,still,any_label,sim-device-06-session-01-still-012-window-000,still,0.6190795622724796,sim-device-05-session-01-still-003-window-000,still,5.11100563650072,6.296687153739085
sim-device-02-session-02-still-011-window-000,validation,still,same_label,sim-device-06-session-01-still-012-window-000,still,0.6190795622724796,sim-device-05-session-01-still-003-window-000,still,5.11100563650072,6.296687153739085
sim-device-02-session-02-still-012-window-000,validation,still,any_label,sim-device-01-session-01-still-009-window-000,still,0.48100766067932993,sim-device-03-session-01-still-012-window-000,still,4.037508086980984,4.040744986923126
sim-device-02-session-02-still-012-window-000,validation,still,same_label,sim-device-01-session-01-still-009-window-000,still,0.48100766067932993,sim-device-03-session-01-still-012-window-000,still,4.037508086980984,4.040744986923126
sim-device-02-session-02-still-013-window-000,validation,still,any_label,sim-device-06-session-01-still-019-window-000,still,0.597079643830465,sim-device-03-session-01-still-009-window-000,still,3.627588117910645,5.229239261332853
sim-device-02-session-02-still-013-window-000,validation,still,same_label,sim-device-06-session-01-still-019-window-000,still,0.597079643830465,sim-device-03-session-01-still-009-window-000,still,3.627588117910645,5.229239261332853
sim-device-02-session-02-still-014-window-000,validation,still,any_label,sim-device-03-session-01-still-017-window-000,still,0.5855395685060607,sim-device-04-session-01-still-013-window-000,still,3.391204256793666,5.75866462985567
sim-device-02-session-02-still-014-window-000,validation,still,same_label,sim-device-03-session-01-still-017-window-000,still,0.5855395685060607,sim-device-04-session-01-still-013-window-000,still,3.391204256793666,5.75866462985567
sim-device-02-session-02-still-015-window-000,validation,still,any_label,sim-device-01-session-01-still-013-window-000,still,0.5605398767039814,sim-device-01-session-01-still-013-window-000,still,3.531407075685852,3.531407075685852
sim-device-02-session-02-still-015-window-000,validation,still,same_label,sim-device-01-session-01-still-013-window-000,still,0.5605398767039814,sim-device-01-session-01-still-013-window-000,still,3.531407075685852,3.531407075685852
sim-device-02-session-02-still-016-window-000,validation,still,any_label,sim-device-06-session-01-still-013-window-000,still,0.5748818330476106,sim-device-04-session-01-still-020-window-000,still,4.589787209785684,7.159054592188045
sim-device-02-session-02-still-016-window-000,validation,still,same_label,sim-device-06-session-01-still-013-window-000,still,0.5748818330476106,sim-device-04-session-01-still-020-window-000,still,4.589787209785684,7.159054592188045
sim-device-02-session-02-still-017-window-000,validation,still,any_label,sim-device-06-session-01-still-011-window-000,still,0.6761339521646491,sim-device-05-session-01-still-003-window-000,still,5.476521751234448,7.555491235788666
sim-device-02-session-02-still-017-window-000,validation,still,same_label,sim-device-06-session-01-still-011-window-000,still,0.6761339521646491,sim-device-05-session-01-still-003-window-000,still,5.476521751234448,7.555491235788666
sim-device-02-session-02-still-018-window-000,validation,still,any_label,sim-device-03-session-01-shake-012-window-000,shake,0.5889461145527892,sim-device-06-session-01-still-012-window-000,still,3.931156879556264,7.581338501989786
sim-device-02-session-02-still-018-window-000,validation,still,same_label,sim-device-02-session-01-still-006-window-000,still,0.6292245284831905,sim-device-06-session-01-still-012-window-000,still,3.931156879556264,4.544802243896444
sim-device-02-session-02-still-019-window-000,validation,still,any_label,sim-device-04-session-01-still-011-window-000,still,0.6514707099653457,sim-device-05-session-01-still-008-window-000,still,4.047097879456105,6.172034554837318
sim-device-02-session-02-still-019-window-000,validation,still,same_label,sim-device-04-session-01-still-011-window-000,still,0.6514707099653457,sim-device-05-session-01-still-008-window-000,still,4.047097879456105,6.172034554837318
sim-device-02-session-02-still-020-window-000,validation,still,any_label,sim-device-05-session-01-still-008-window-000,still,0.7180950683615747,sim-device-01-session-01-still-015-window-000,still,4.468992477365075,6.1659073498380055
sim-device-02-session-02-still-020-window-000,validation,still,same_label,sim-device-05-session-01-still-008-window-000,still,0.7180950683615747,sim-device-01-session-01-still-015-window-000,still,4.468992477365075,6.1659073498380055
sim-device-03-session-02-look_left_return-001-window-000,validation,look_left_return,any_label,sim-device-03-session-01-look_left_return-017-window-000,look_left_return,1.0154836168971688,sim-device-03-session-01-look_left_return-017-window-000,look_left_return,11.75232328300506,11.75232328300506
sim-device-03-session-02-look_left_return-001-window-000,validation,look_left_return,same_label,sim-device-03-session-01-look_left_return-017-window-000,look_left_return,1.0154836168971688,sim-device-03-session-01-look_left_return-017-window-000,look_left_return,11.75232328300506,11.75232328300506
sim-device-03-session-02-look_left_return-002-window-000,validation,look_left_return,any_label,sim-device-04-session-01-shake-019-window-000,shake,0.721351258651571,sim-device-03-session-01-look_left_return-014-window-000,look_left_return,6.4586837854721,9.528761213734633
sim-device-03-session-02-look_left_return-002-window-000,validation,look_left_return,same_label,sim-device-01-session-01-look_left_return-002-window-000,look_left_return,0.7245816692093121,sim-device-03-session-01-look_left_return-014-window-000,look_left_return,6.4586837854721,12.00145431475748
sim-device-03-session-02-look_left_return-003-window-000,validation,look_left_return,any_label,sim-device-04-session-01-look_left_return-012-window-000,look_left_return,0.6715720847666212,sim-device-02-session-01-look_left_return-007-window-000,look_left_return,6.417556403299566,7.605210593091155
sim-device-03-session-02-look_left_return-003-window-000,validation,look_left_return,same_label,sim-device-04-session-01-look_left_return-012-window-000,look_left_return,0.6715720847666212,sim-device-02-session-01-look_left_return-007-window-000,look_left_return,6.417556403299566,7.605210593091155
sim-device-03-session-02-look_left_return-004-window-000,validation,look_left_return,any_label,sim-device-06-session-01-look_left_return-002-window-000,look_left_return,1.1238137108564767,sim-device-04-session-01-look_left_return-019-window-000,look_left_return,10.45198714042005,12.856012238715142
sim-device-03-session-02-look_left_return-004-window-000,validation,look_left_return,same_label,sim-device-06-session-01-look_left_return-002-window-000,look_left_return,1.1238137108564767,sim-device-04-session-01-look_left_return-019-window-000,look_left_return,10.45198714042005,12.856012238715142
sim-device-03-session-02-look_left_return-005-window-000,validation,look_left_return,any_label,sim-device-03-session-01-look_left_return-004-window-000,look_left_return,0.9403913094119735,sim-device-03-session-01-look_left_return-004-window-000,look_left_return,9.403966403012607,9.403966403012607
sim-device-03-session-02-look_left_return-005-window-000,validation,look_left_return,same_label,sim-device-03-session-01-look_left_return-004-window-000,look_left_return,0.9403913094119735,sim-device-03-session-01-look_left_return-004-window-000,look_left_return,9.403966403012607,9.403966403012607
sim-device-03-session-02-look_left_return-006-window-000,validation,look_left_return,any_label,sim-device-01-session-01-look_left_return-001-window-000,look_left_return,0.8901695316870719,sim-device-03-session-01-look_left_return-015-window-000,look_left_return,8.30381132973365,8.713472673074703
sim-device-03-session-02-look_left_return-006-window-000,validation,look_left_return,same_label,sim-device-01-session-01-look_left_return-001-window-000,look_left_return,0.8901695316870719,sim-device-03-session-01-look_left_return-015-window-000,look_left_return,8.30381132973365,8.713472673074703
sim-device-03-session-02-look_left_return-007-window-000,validation,look_left_return,any_label,sim-device-04-session-01-look_left_return-009-window-000,look_left_return,0.5999923348976924,sim-device-03-session-01-look_left_return-013-window-000,look_left_return,6.685485748557596,8.649092628113703
sim-device-03-session-02-look_left_return-007-window-000,validation,look_left_return,same_label,sim-device-04-session-01-look_left_return-009-window-000,look_left_return,0.5999923348976924,sim-device-03-session-01-look_left_return-013-window-000,look_left_return,6.685485748557596,8.649092628113703
sim-device-03-session-02-look_left_return-008-window-000,validation,look_left_return,any_label,sim-device-05-session-01-shake-017-window-000,shake,0.7286270177567333,sim-device-05-session-01-still-003-window-000,still,9.142803643775457,14.268393370381373
sim-device-03-session-02-look_left_return-008-window-000,validation,look_left_return,same_label,sim-device-03-session-01-look_left_return-006-window-000,look_left_return,0.844350202220416,sim-device-01-session-01-look_left_return-006-window-000,look_left_return,9.378387936344991,13.28051726747971
sim-device-03-session-02-look_left_return-009-window-000,validation,look_left_return,any_label,sim-device-06-session-01-still-020-window-000,still,0.8616101248258492,sim-device-06-session-01-look_left_return-014-window-000,look_left_return,4.613484596226167,12.660618084835392
sim-device-03-session-02-look_left_return-009-window-000,validation,look_left_return,same_label,sim-device-02-session-01-look_left_return-001-window-000,look_left_return,0.9621109676801561,sim-device-06-session-01-look_left_return-014-window-000,look_left_return,4.613484596226167,8.3633311961907
sim-device-03-session-02-look_left_return-010-window-000,validation,look_left_return,any_label,sim-device-02-session-01-look_left_return-010-window-000,look_left_return,0.893166912594033,sim-device-02-session-01-look_left_return-010-window-000,look_left_return,7.46428545578494,7.46428545578494
sim-device-03-session-02-look_left_return-010-window-000,validation,look_left_return,same_label,sim-device-02-session-01-look_left_return-010-window-000,look_left_return,0.893166912594033,sim-device-02-session-01-look_left_return-010-window-000,look_left_return,7.46428545578494,7.46428545578494
sim-device-03-session-02-look_left_return-011-window-000,validation,look_left_return,any_label,sim-device-04-session-01-look_left_return-016-window-000,look_left_return,0.6949626971715936,sim-device-04-session-01-look_left_return-009-window-000,look_left_return,5.756443334658257,8.064833866134428
sim-device-03-session-02-look_left_return-011-window-000,validation,look_left_return,same_label,sim-device-04-session-01-look_left_return-016-window-000,look_left_return,0.6949626971715936,sim-device-04-session-01-look_left_return-009-window-000,look_left_return,5.756443334658257,8.064833866134428
sim-device-03-session-02-look_left_return-012-window-000,validation,look_left_return,any_label,sim-device-05-session-01-look_left_return-016-window-000,look_left_return,0.6198598812371138,sim-device-02-session-01-look_left_return-020-window-000,look_left_return,6.279179644045626,7.356778821497743
sim-device-03-session-02-look_left_return-012-window-000,validation,look_left_return,same_label,sim-device-05-session-01-look_left_return-016-window-000,look_left_return,0.6198598812371138,sim-device-02-session-01-look_left_return-020-window-000,look_left_return,6.279179644045626,7.356778821497743
sim-device-03-session-02-look_left_return-013-window-000,validation,look_left_return,any_label,sim-device-03-session-01-look_left_return-002-window-000,look_left_return,0.6457313497585535,sim-device-04-session-01-look_left_return-017-window-000,look_left_return,8.917890879449358,9.43403786151038
sim-device-03-session-02-look_left_return-013-window-000,validation,look_left_return,same_label,sim-device-03-session-01-look_left_return-002-window-000,look_left_return,0.6457313497585535,sim-device-04-session-01-look_left_return-017-window-000,look_left_return,8.917890879449358,9.43403786151038
sim-device-03-session-02-look_left_return-014-window-000,validation,look_left_return,any_label,sim-device-06-session-01-look_left_return-014-window-000,look_left_return,0.8473879592204274,sim-device-04-session-01-look_left_return-001-window-000,look_left_return,9.000644531788225,11.991485147320043
sim-device-03-session-02-look_left_return-014-window-000,validation,look_left_return,same_label,sim-device-06-session-01-look_left_return-014-window-000,look_left_return,0.8473879592204274,sim-device-04-session-01-look_left_return-001-window-000,look_left_return,9.000644531788225,11.991485147320043
sim-device-03-session-02-look_left_return-015-window-000,validation,look_left_return,any_label,sim-device-04-session-01-look_left_return-014-window-000,look_left_return,0.9969344854450636,sim-device-05-session-01-look_left_return-011-window-000,look_left_return,9.52123171037375,12.840804117496276
sim-device-03-session-02-look_left_return-015-window-000,validation,look_left_return,same_label,sim-device-04-session-01-look_left_return-014-window-000,look_left_return,0.9969344854450636,sim-device-05-session-01-look_left_return-011-window-000,look_left_return,9.52123171037375,12.840804117496276
sim-device-03-session-02-look_left_return-016-window-000,validation,look_left_return,any_label,sim-device-02-session-01-look_left_return-001-window-000,look_left_return,0.6906296031030751,sim-device-06-session-01-look_left_return-014-window-000,look_left_return,5.010728175050753,9.033336442345997
sim-device-03-session-02-look_left_return-016-window-000,validation,look_left_return,same_label,sim-device-02-session-01-look_left_return-001-window-000,look_left_return,0.6906296031030751,sim-device-06-session-01-look_left_return-014-window-000,look_left_return,5.010728175050753,9.033336442345997
sim-device-03-session-02-look_left_return-017-window-000,validation,look_left_return,any_label,sim-device-03-session-01-look_left_return-003-window-000,look_left_return,0.7339505400424293,sim-device-03-session-01-look_left_return-003-window-000,look_left_return,5.638464882363341,5.638464882363341
sim-device-03-session-02-look_left_return-017-window-000,validation,look_left_return,same_label,sim-device-03-session-01-look_left_return-003-window-000,look_left_return,0.7339505400424293,sim-device-03-session-01-look_left_return-003-window-000,look_left_return,5.638464882363341,5.638464882363341
sim-device-03-session-02-look_left_return-018-window-000,validation,look_left_return,any_label,sim-device-03-session-01-look_left_return-015-window-000,look_left_return,0.7141777711647472,sim-device-03-session-01-look_left_return-015-window-000,look_left_return,6.937150395695782,6.937150395695782
sim-device-03-session-02-look_left_return-018-window-000,validation,look_left_return,same_label,sim-device-03-session-01-look_left_return-015-window-000,look_left_return,0.7141777711647472,sim-device-03-session-01-look_left_return-015-window-000,look_left_return,6.937150395695782,6.937150395695782
sim-device-03-session-02-look_left_return-019-window-000,validation,look_left_return,any_label,sim-device-04-session-01-still-006-window-000,still,0.6724199041892537,sim-device-01-session-01-look_left_return-003-window-000,look_left_return,5.745068623772053,9.037680540933122
sim-device-03-session-02-look_left_return-019-window-000,validation,look_left_return,same_label,sim-device-01-session-01-look_left_return-020-window-000,look_left_return,0.7075629308847368,sim-device-01-session-01-look_left_return-003-window-000,look_left_return,5.745068623772053,9.408256887217371
sim-device-03-session-02-look_left_return-020-window-000,validation,look_left_return,any_label,sim-device-01-session-01-look_left_return-015-window-000,look_left_return,0.6606743735150765,sim-device-01-session-01-look_left_return-015-window-000,look_left_return,5.705229266574483,5.705229266574483
sim-device-03-session-02-look_left_return-020-window-000,validation,look_left_return,same_label,sim-device-01-session-01-look_left_return-015-window-000,look_left_return,0.6606743735150765,sim-device-01-session-01-look_left_return-015-window-000,look_left_return,5.705229266574483,5.705229266574483
sim-device-03-session-02-look_right_return-001-window-000,validation,look_right_return,any_label,sim-device-02-session-01-look_right_return-008-window-000,look_right_return,0.6728007768006233,sim-device-05-session-01-look_right_return-012-window-000,look_right_return,6.395182020168517,7.039783232218462
sim-device-03-session-02-look_right_return-001-window-000,validation,look_right_return,same_label,sim-device-02-session-01-look_right_return-008-window-000,look_right_return,0.6728007768006233,sim-device-05-session-01-look_right_return-012-window-000,look_right_return,6.395182020168517,7.039783232218462
sim-device-03-session-02-look_right_return-002-window-000,validation,look_right_return,any_label,sim-device-05-session-01-look_right_return-012-window-000,look_right_return,0.776095853529979,sim-device-05-session-01-look_right_return-015-window-000,look_right_return,5.542040425043613,8.419275485792426
sim-device-03-session-02-look_right_return-002-window-000,validation,look_right_return,same_label,sim-device-05-session-01-look_right_return-012-window-000,look_right_return,0.776095853529979,sim-device-05-session-01-look_right_return-015-window-000,look_right_return,5.542040425043613,8.419275485792426
sim-device-03-session-02-look_right_return-003-window-000,validation,look_right_return,any_label,sim-device-02-session-01-look_right_return-006-window-000,look_right_return,0.7753351188488299,sim-device-04-session-01-look_right_return-011-window-000,look_right_return,8.594364776030313,10.767047067756204
sim-device-03-session-02-look_right_return-003-window-000,validation,look_right_return,same_label,sim-device-02-session-01-look_right_return-006-window-000,look_right_return,0.7753351188488299,sim-device-04-session-01-look_right_return-011-window-000,look_right_return,8.594364776030313,10.767047067756204
sim-device-03-session-02-look_right_return-004-window-000,validation,look_right_return,any_label,sim-device-04-session-01-look_right_return-007-window-000,look_right_return,0.7265313398717353,sim-device-03-session-01-look_right_return-010-window-000,look_right_return,6.794154882737577,7.733332277556966
sim-device-03-session-02-look_right_return-004-window-000,validation,look_right_return,same_label,sim-device-04-session-01-look_right_return-007-window-000,look_right_return,0.7265313398717353,sim-device-03-session-01-look_right_return-010-window-000,look_right_return,6.794154882737577,7.733332277556966
sim-device-03-session-02-look_right_return-005-window-000,validation,look_right_return,any_label,sim-device-06-session-01-look_right_return-016-window-000,look_right_return,0.7891725960128874,sim-device-02-session-01-look_right_return-018-window-000,look_right_return,8.393686198566051,13.233409528702522
sim-device-03-session-02-look_right_return-005-window-000,validation,look_right_return,same_label,sim-device-06-session-01-look_right_return-016-window-000,look_right_return,0.7891725960128874,sim-device-02-session-01-look_right_return-018-window-000,look_right_return,8.393686198566051,13.233409528702522
sim-device-03-session-02-look_right_return-006-window-000,validation,look_right_return,any_label,sim-device-05-session-01-still-011-window-000,still,0.6185746611742257,sim-device-01-session-01-look_right_return-014-window-000,look_right_return,5.4148627723578855,6.045064375718419
sim-device-03-session-02-look_right_return-006-window-000,validation,look_right_return,same_label,sim-device-04-session-01-look_right_return-005-window-000,look_right_return,0.6885348739561682,sim-device-01-session-01-look_right_return-014-window-000,look_right_return,5.4148627723578855,9.86073325318753
sim-device-03-session-02-look_right_return-007-window-000,validation,look_right_return,any_label,sim-device-02-session-01-look_right_return-020-window-000,look_right_return,0.7816970603634026,sim-device-06-session-01-look_right_return-013-window-000,look_right_return,6.796680671170046,10.079113491459124
sim-device-03-session-02-look_right_return-007-window-000,validation,look_right_return,same_label,sim-device-02-session-01-look_right_return-020-window-000,look_right_return,0.7816970603634026,sim-device-06-session-01-look_right_return-013-window-000,look_right_return,6.796680671170046,10.079113491459124
sim-device-03-session-02-look_right_return-008-window-000,validation,look_right_return,any_label,sim-device-02-session-01-shake-008-window-000,shake,0.786183076824863,sim-device-05-session-01-look_right_return-001-window-000,look_right_return,7.380106023635549,12.79944933852039
sim-device-03-session-02-look_right_return-008-window-000,validation,look_right_return,same_label,sim-device-01-session-01-look_right_return-008-window-000,look_right_return,0.8034856601039428,sim-device-05-session-01-look_right_return-001-window-000,look_right_return,7.380106023635549,14.202114237240655
sim-device-03-session-02-look_right_return-009-window-000,validation,look_right_return,any_label,sim-device-02-session-01-look_right_return-012-window-000,look_right_return,0.8349861872848992,sim-device-02-session-01-look_right_return-012-window-000,look_right_return,6.737953281272368,6.737953281272368
sim-device-03-session-02-look_right_return-009-window-000,validation,look_right_return,same_label,sim-device-02-session-01-look_right_return-012-window-000,look_right_return,0.8349861872848992,sim-device-02-session-01-look_right_return-012-window-000,look_right_return,6.737953281272368,6.737953281272368
sim-device-03-session-02-look_right_return-010-window-000,validation,look_right_return,any_label,sim-device-03-session-01-look_right_return-011-window-000,look_right_return,1.1275662443800119,sim-device-02-session-01-look_right_return-018-window-000,look_right_return,12.756616049461925,15.30261570294484
sim-device-03-session-02-look_right_return-010-window-000,validation,look_right_return,same_label,sim-device-03-session-01-look_right_return-011-window-000,look_right_return,1.1275662443800119,sim-device-02-session-01-look_right_return-018-window-000,look_right_return,12.756616049461925,15.30261570294484
sim-device-03-session-02-look_right_return-011-window-000,validation,look_right_return,any_label,sim-device-04-session-01-look_right_return-008-window-000,look_right_return,0.8649119956947767,sim-device-06-session-01-look_right_return-016-window-000,look_right_return,10.75157328860703,11.316928870926365
sim-device-03-session-02-look_right_return-011-window-000,validation,look_right_return,same_label,sim-device-04-session-01-look_right_return-008-window-000,look_right_return,0.8649119956947767,sim-device-06-session-01-look_right_return-016-window-000,look_right_return,10.75157328860703,11.316928870926365
sim-device-03-session-02-look_right_return-012-window-000,validation,look_right_return,any_label,sim-device-05-session-01-look_right_return-017-window-000,look_right_return,0.5809470717091272,sim-device-05-session-01-look_right_return-017-window-000,look_right_return,6.8532382330438315,6.8532382330438315
sim-device-03-session-02-look_right_return-012-window-000,validation,look_right_return,same_label,sim-device-05-session-01-look_right_return-017-window-000,look_right_return,0.5809470717091272,sim-device-05-session-01-look_right_return-017-window-000,look_right_return,6.8532382330438315,6.8532382330438315
sim-device-03-session-02-look_right_return-013-window-000,validation,look_right_return,any_label,sim-device-06-session-01-look_right_return-010-window-000,look_right_return,0.9156570627767894,sim-device-02-session-01-look_right_return-006-window-000,look_right_return,9.461580125769775,15.99048692599761
sim-device-03-session-02-look_right_return-013-window-000,validation,look_right_return,same_label,sim-device-06-session-01-look_right_return-010-window-000,look_right_return,0.9156570627767894,sim-device-02-session-01-look_right_return-006-window-000,look_right_return,9.461580125769775,15.99048692599761
sim-device-03-session-02-look_right_return-014-window-000,validation,look_right_return,any_label,sim-device-06-session-01-look_right_return-015-window-000,look_right_return,0.9364885153143401,sim-device-06-session-01-look_right_return-015-window-000,look_right_return,8.892069996481354,8.892069996481354
sim-device-03-session-02-look_right_return-014-window-000,validation,look_right_return,same_label,sim-device-06-session-01-look_right_return-015-window-000,look_right_return,0.9364885153143401,sim-device-06-session-01-look_right_return-015-window-000,look_right_return,8.892069996481354,8.892069996481354
sim-device-03-session-02-look_right_return-015-window-000,validation,look_right_return,any_label,sim-device-05-session-01-look_right_return-002-window-000,look_right_return,1.0529239183395065,sim-device-06-session-01-look_right_return-017-window-000,look_right_return,12.674291586821523,16.676257551092043
sim-device-03-session-02-look_right_return-015-window-000,validation,look_right_return,same_label,sim-device-05-session-01-look_right_return-002-window-000,look_right_return,1.0529239183395065,sim-device-06-session-01-look_right_return-017-window-000,look_right_return,12.674291586821523,16.676257551092043
sim-device-03-session-02-look_right_return-016-window-000,validation,look_right_return,any_label,sim-device-05-session-01-look_right_return-016-window-000,look_right_return,0.7640641770095381,sim-device-01-session-01-look_right_return-012-window-000,look_right_return,7.620036100495043,9.257980523832652
sim-device-03-session-02-look_right_return-016-window-000,validation,look_right_return,same_label,sim-device-05-session-01-look_right_return-016-window-000,look_right_return,0.7640641770095381,sim-device-01-session-01-look_right_return-012-window-000,look_right_return,7.620036100495043,9.257980523832652
sim-device-03-session-02-look_right_return-017-window-000,validation,look_right_return,any_label,sim-device-02-session-01-shake-011-window-000,shake,0.6912907884896883,sim-device-01-session-01-look_right_return-016-window-000,look_right_return,6.390455677507323,8.101697969393268
sim-device-03-session-02-look_right_return-017-window-000,validation,look_right_return,same_label,sim-device-03-session-01-look_right_return-006-window-000,look_right_return,0.695252636065941,sim-device-01-session-01-look_right_return-016-window-000,look_right_return,6.390455677507323,9.497628769793852
sim-device-03-session-02-look_right_return-018-window-000,validation,look_right_return,any_label,sim-device-03-session-01-look_right_return-002-window-000,look_right_return,0.6884977453366329,sim-device-03-session-01-look_right_return-002-window-000,look_right_return,6.579239743546456,6.579239743546456
sim-device-03-session-02-look_right_return-018-window-000,validation,look_right_return,same_label,sim-device-03-session-01-look_right_return-002-window-000,look_right_return,0.6884977453366329,sim-device-03-session-01-look_right_return-002-window-000,look_right_return,6.579239743546456,6.579239743546456
sim-device-03-session-02-look_right_return-019-window-000,validation,look_right_return,any_label,sim-device-06-session-01-look_right_return-010-window-000,look_right_return,0.9126822847505031,sim-device-06-session-01-look_right_return-001-window-000,look_right_return,8.167528996710248,9.88201897901599
sim-device-03-session-02-look_right_return-019-window-000,validation,look_right_return,same_label,sim-device-06-session-01-look_right_return-010-window-000,look_right_return,0.9126822847505031,sim-device-06-session-01-look_right_return-001-window-000,look_right_return,8.167528996710248,9.88201897901599
sim-device-03-session-02-look_right_return-020-window-000,validation,look_right_return,any_label,sim-device-02-session-01-look_right_return-015-window-000,look_right_return,0.878708199414574,sim-device-05-session-01-look_right_return-019-window-000,look_right_return,11.24419126888645,12.47761656227431
sim-device-03-session-02-look_right_return-020-window-000,validation,look_right_return,same_label,sim-device-02-session-01-look_right_return-015-window-000,look_right_return,0.878708199414574,sim-device-05-session-01-look_right_return-019-window-000,look_right_return,11.24419126888645,12.47761656227431
sim-device-03-session-02-nod-001-window-000,validation,nod,any_label,sim-device-04-session-01-nod-019-window-000,nod,0.7229308048616508,sim-device-04-session-01-nod-019-window-000,nod,7.428477690767981,7.428477690767981
sim-device-03-session-02-nod-001-window-000,validation,nod,same_label,sim-device-04-session-01-nod-019-window-000,nod,0.7229308048616508,sim-device-04-session-01-nod-019-window-000,nod,7.428477690767981,7.428477690767981
sim-device-03-session-02-nod-002-window-000,validation,nod,any_label,sim-device-03-session-01-still-012-window-000,still,0.752606029634465,sim-device-06-session-01-nod-016-window-000,nod,5.131208665111261,7.626820032753007
sim-device-03-session-02-nod-002-window-000,validation,nod,same_label,sim-device-06-session-01-nod-011-window-000,nod,0.8145219110132382,sim-device-06-session-01-nod-016-window-000,nod,5.131208665111261,10.341625480869151
sim-device-03-session-02-nod-003-window-000,validation,nod,any_label,sim-device-06-session-01-nod-011-window-000,nod,0.7257039435034176,sim-device-05-session-01-still-007-window-000,still,4.554483785958663,6.98420831556444
sim-device-03-session-02-nod-003-window-000,validation,nod,same_label,sim-device-06-session-01-nod-011-window-000,nod,0.7257039435034176,sim-device-04-session-01-nod-008-window-000,nod,5.335016829304606,6.98420831556444
sim-device-03-session-02-nod-004-window-000,validation,nod,any_label,sim-device-03-session-01-nod-015-window-000,nod,0.9399713484783111,sim-device-02-session-01-nod-004-window-000,nod,8.41580526387458,16.525856532240574
sim-device-03-session-02-nod-004-window-000,validation,nod,same_label,sim-device-03-session-01-nod-015-window-000,nod,0.9399713484783111,sim-device-02-session-01-nod-004-window-000,nod,8.41580526387458,16.525856532240574
sim-device-03-session-02-nod-005-window-000,validation,nod,any_label,sim-device-05-session-01-nod-002-window-000,nod,0.7728875790420776,sim-device-04-session-01-nod-013-window-000,nod,8.661320998704003,11.430366094393221
sim-device-03-session-02-nod-005-window-000,validation,nod,same_label,sim-device-05-session-01-nod-002-window-000,nod,0.7728875790420776,sim-device-04-session-01-nod-013-window-000,nod,8.661320998704003,11.430366094393221
sim-device-03-session-02-nod-006-window-000,validation,nod,any_label,sim-device-05-session-01-nod-011-window-000,nod,0.6334921854428051,sim-device-06-session-01-nod-009-window-000,nod,5.6197286473542185,7.559156606693575
sim-device-03-session-02-nod-006-window-000,validation,nod,same_label,sim-device-05-session-01-nod-011-window-000,nod,0.6334921854428051,sim-device-06-session-01-nod-009-window-000,nod,5.6197286473542185,7.559156606693575
sim-device-03-session-02-nod-007-window-000,validation,nod,any_label,sim-device-03-session-01-nod-002-window-000,nod,0.6850872903354471,sim-device-04-session-01-nod-016-window-000,nod,5.826800303292906,7.685260964983431
sim-device-03-session-02-nod-007-window-000,validation,nod,same_label,sim-device-03-session-01-nod-002-window-000,nod,0.6850872903354471,sim-device-04-session-01-nod-016-window-000,nod,5.826800303292906,7.685260964983431
sim-device-03-session-02-nod-008-window-000,validation,nod,any_label,sim-device-03-session-01-look_right_return-009-window-000,look_right_return,0.7386403796341126,sim-device-04-session-01-nod-016-window-000,nod,5.451026987474941,10.2171807654384
sim-device-03-session-02-nod-008-window-000,validation,nod,same_label,sim-device-04-session-01-nod-014-window-000,nod,0.8336253491792507,sim-device-04-session-01-nod-016-window-000,nod,5.451026987474941,11.624757044087348
sim-device-03-session-02-nod-009-window-000,validation,nod,any_label,sim-device-04-session-01-nod-020-window-000,nod,0.9047385202461666,sim-device-04-session-01-nod-012-window-000,nod,6.392987753886379,14.30167675990141
sim-device-03-session-02-nod-009-window-000,validation,nod,same_label,sim-device-04-session-01-nod-020-window-000,nod,0.9047385202461666,sim-device-04-session-01-nod-012-window-000,nod,6.392987753886379,14.30167675990141
sim-device-03-session-02-nod-010-window-000,validation,nod,any_label,sim-device-01-session-01-shake-014-window-000,shake,0.7533683875223146,sim-device-03-session-01-nod-010-window-000,nod,7.443533863047287,9.468280927966989
sim-device-03-session-02-nod-010-window-000,validation,nod,same_label,sim-device-03-session-01-nod-010-window-000,nod,0.7684526859135635,sim-device-03-session-01-nod-010-window-000,nod,7.443533863047287,7.443533863047287
sim-device-03-session-02-nod-011-window-000,validation,nod,any_label,sim-device-03-session-01-nod-004-window-000,nod,1.0204955443178017,sim-device-06-session-01-nod-012-window-000,nod,10.979090120059272,12.312944832138518
sim-device-03-session-02-nod-011-window-000,validation,nod,same_label,sim-device-03-session-01-nod-004-window-000,nod,1.0204955443178017,sim-device-06-session-01-nod-012-window-000,nod,10.979090120059272,12.312944832138518
sim-device-03-session-02-nod-012-window-000,validation,nod,any_label,sim-device-02-session-01-nod-002-window-000,nod,0.8241721819326664,sim-device-03-session-01-nod-010-window-000,nod,8.422300702022746,9.925421217864336
sim-device-03-session-02-nod-012-window-000,validation,nod,same_label,sim-device-02-session-01-nod-002-window-000,nod,0.8241721819326664,sim-device-03-session-01-nod-010-window-000,nod,8.422300702022746,9.925421217864336
sim-device-03-session-02-nod-013-window-000,validation,nod,any_label,sim-device-03-session-01-nod-007-window-000,nod,0.6769564560037251,sim-device-03-session-01-nod-007-window-000,nod,9.835638162287363,9.835638162287363
sim-device-03-session-02-nod-013-window-000,validation,nod,same_label,sim-device-03-session-01-nod-007-window-000,nod,0.6769564560037251,sim-device-03-session-01-nod-007-window-000,nod,9.835638162287363,9.835638162287363
sim-device-03-session-02-nod-014-window-000,validation,nod,any_label,sim-device-06-session-01-nod-005-window-000,nod,0.8282319676317743,sim-device-03-session-01-nod-009-window-000,nod,5.405376164485287,13.997267421407653
sim-device-03-session-02-nod-014-window-000,validation,nod,same_label,sim-device-06-session-01-nod-005-window-000,nod,0.8282319676317743,sim-device-03-session-01-nod-009-window-000,nod,5.405376164485287,13.997267421407653
sim-device-03-session-02-nod-015-window-000,validation,nod,any_label,sim-device-02-session-01-nod-019-window-000,nod,0.7840563001872328,sim-device-02-session-01-nod-019-window-000,nod,9.09287563804118,9.09287563804118
sim-device-03-session-02-nod-015-window-000,validation,nod,same_label,sim-device-02-session-01-nod-019-window-000,nod,0.7840563001872328,sim-device-02-session-01-nod-019-window-000,nod,9.09287563804118,9.09287563804118
sim-device-03-session-02-nod-016-window-000,validation,nod,any_label,sim-device-06-session-01-nod-005-window-000,nod,0.9029089424057156,sim-device-03-session-01-nod-009-window-000,nod,9.209646088799435,12.823613867506454
sim-device-03-session-02-nod-016-window-000,validation,nod,same_label,sim-device-06-session-01-nod-005-window-000,nod,0.9029089424057156,sim-device-03-session-01-nod-009-window-000,nod,9.209646088799435,12.823613867506454
sim-device-03-session-02-nod-017-window-000,validation,nod,any_label,sim-device-02-session-01-shake-015-window-000,shake,0.8308245229222017,sim-device-04-session-01-nod-017-window-000,nod,10.28904428781481,15.505346303032116
sim-device-03-session-02-nod-017-window-000,validation,nod,same_label,sim-device-05-session-01-nod-001-window-000,nod,0.8970284334185132,sim-device-04-session-01-nod-017-window-000,nod,10.28904428781481,12.468266216500716
sim-device-03-session-02-nod-018-window-000,validation,nod,any_label,sim-device-02-session-01-nod-014-window-000,nod,0.6569018653489554,sim-device-04-session-01-still-018-window-000,still,5.086369788647687,9.252511759824104
sim-device-03-session-02-nod-018-window-000,validation,nod,same_label,sim-device-02-session-01-nod-014-window-000,nod,0.6569018653489554,sim-device-01-session-01-nod-004-window-000,nod,6.17277051121279,9.252511759824104
sim-device-03-session-02-nod-019-window-000,validation,nod,any_label,sim-device-05-session-01-nod-001-window-000,nod,0.7806880707879515,sim-device-05-session-01-nod-001-window-000,nod,6.5906219312424,6.5906219312424
sim-device-03-session-02-nod-019-window-000,validation,nod,same_label,sim-device-05-session-01-nod-001-window-000,nod,0.7806880707879515,sim-device-05-session-01-nod-001-window-000,nod,6.5906219312424,6.5906219312424
sim-device-03-session-02-nod-020-window-000,validation,nod,any_label,sim-device-04-session-01-nod-004-window-000,nod,0.8762530969581187,sim-device-02-session-01-nod-013-window-000,nod,9.30802527162328,12.57998747633544
sim-device-03-session-02-nod-020-window-000,validation,nod,same_label,sim-device-04-session-01-nod-004-window-000,nod,0.8762530969581187,sim-device-02-session-01-nod-013-window-000,nod,9.30802527162328,12.57998747633544
sim-device-03-session-02-shake-001-window-000,validation,shake,any_label,sim-device-02-session-01-shake-011-window-000,shake,0.8133455864687227,sim-device-02-session-01-shake-005-window-000,shake,8.555290327603599,11.972278774643557
sim-device-03-session-02-shake-001-window-000,validation,shake,same_label,sim-device-02-session-01-shake-011-window-000,shake,0.8133455864687227,sim-device-02-session-01-shake-005-window-000,shake,8.555290327603599,11.972278774643557
sim-device-03-session-02-shake-002-window-000,validation,shake,any_label,sim-device-03-session-01-shake-009-window-000,shake,0.6288377547142169,sim-device-05-session-01-shake-010-window-000,shake,6.997524053966278,10.4757027019123
sim-device-03-session-02-shake-002-window-000,validation,shake,same_label,sim-device-03-session-01-shake-009-window-000,shake,0.6288377547142169,sim-device-05-session-01-shake-010-window-000,shake,6.997524053966278,10.4757027019123
sim-device-03-session-02-shake-003-window-000,validation,shake,any_label,sim-device-01-session-01-look_right_return-016-window-000,look_right_return,0.6816530311219817,sim-device-05-session-01-look_right_return-001-window-000,look_right_return,9.046012594345717,11.679074275560833
sim-device-03-session-02-shake-003-window-000,validation,shake,same_label,sim-device-05-session-01-shake-005-window-000,shake,0.7436866076093548,sim-device-01-session-01-shake-014-window-000,shake,9.322159734187183,11.820067331810781
sim-device-03-session-02-shake-004-window-000,validation,shake,any_label,sim-device-03-session-01-look_right_return-019-window-000,look_right_return,0.8592335094402482,sim-device-06-session-01-shake-015-window-000,shake,7.2587242309519295,8.686490269228003
sim-device-03-session-02-shake-004-window-000,validation,shake,same_label,sim-device-03-session-01-shake-011-window-000,shake,0.8753348412245837,sim-device-06-session-01-shake-015-window-000,shake,7.2587242309519295,9.681322656414348
sim-device-03-session-02-shake-005-window-000,validation,shake,any_label,sim-device-06-session-01-still-013-window-000,still,0.7394655071426985,sim-device-03-session-01-shake-008-window-000,shake,8.127636474361681,11.556282333254027
sim-device-03-session-02-shake-005-window-000,validation,shake,same_label,sim-device-03-session-01-shake-008-window-000,shake,0.7855064188591137,sim-device-03-session-01-shake-008-window-000,shake,8.127636474361681,8.127636474361681
sim-device-03-session-02-shake-006-window-000,validation,shake,any_label,sim-device-02-session-01-look_right_return-011-window-000,look_right_return,0.6947921499071006,sim-device-01-session-01-shake-020-window-000,shake,8.284152370854516,9.925308708486872
sim-device-03-session-02-shake-006-window-000,validation,shake,same_label,sim-device-01-session-01-shake-020-window-000,shake,0.7826786507062766,sim-device-01-session-01-shake-020-window-000,shake,8.284152370854516,8.284152370854516
sim-device-03-session-02-shake-007-window-000,validation,shake,any_label,sim-device-06-session-01-shake-011-window-000,shake,0.8878000664341505,sim-device-05-session-01-shake-016-window-000,shake,9.563577669827058,11.45448251422126
sim-device-03-session-02-shake-007-window-000,validation,shake,same_label,sim-device-06-session-01-shake-011-window-000,shake,0.8878000664341505,sim-device-05-session-01-shake-016-window-000,shake,9.563577669827058,11.45448251422126
sim-device-03-session-02-shake-008-window-000,validation,shake,any_label,sim-device-05-session-01-still-008-window-000,still,0.7046719530506527,sim-device-01-session-01-still-007-window-000,still,5.654071297849694,6.701940392851015
sim-device-03-session-02-shake-008-window-000,validation,shake,same_label,sim-device-04-session-01-shake-020-window-000,shake,0.705252388360266,sim-device-01-session-01-shake-014-window-000,shake,5.671563259062778,6.477299665752099
sim-device-03-session-02-shake-009-window-000,validation,shake,any_label,sim-device-05-session-01-shake-003-window-000,shake,0.6268705809206605,sim-device-03-session-01-shake-015-window-000,shake,6.505021748411778,8.597622331341435
sim-device-03-session-02-shake-009-window-000,validation,shake,same_label,sim-device-05-session-01-shake-003-window-000,shake,0.6268705809206605,sim-device-03-session-01-shake-015-window-000,shake,6.505021748411778,8.597622331341435
sim-device-03-session-02-shake-010-window-000,validation,shake,any_label,sim-device-02-session-01-shake-009-window-000,shake,0.8130266280103489,sim-device-01-session-01-shake-019-window-000,shake,7.776725146776441,11.0693719223699
sim-device-03-session-02-shake-010-window-000,validation,shake,same_label,sim-device-02-session-01-shake-009-window-000,shake,0.8130266280103489,sim-device-01-session-01-shake-019-window-000,shake,7.776725146776441,11.0693719223699
sim-device-03-session-02-shake-011-window-000,validation,shake,any_label,sim-device-06-session-01-still-018-window-000,still,0.7066516622884659,sim-device-01-session-01-shake-008-window-000,shake,7.112914507932911,11.792013406015654
sim-device-03-session-02-shake-011-window-000,validation,shake,same_label,sim-device-06-session-01-shake-002-window-000,shake,0.7532952286049763,sim-device-01-session-01-shake-008-window-000,shake,7.112914507932911,10.151009154662917
sim-device-03-session-02-shake-012-window-000,validation,shake,any_label,sim-device-03-session-01-look_left_return-013-window-000,look_left_return,0.6434080891326945,sim-device-02-session-01-still-019-window-000,still,6.001569633734044,7.322026746332104
sim-device-03-session-02-shake-012-window-000,validation,shake,same_label,sim-device-03-session-01-shake-003-window-000,shake,0.6813128608525624,sim-device-02-session-01-shake-008-window-000,shake,6.0435932292098515,10.290145868927034
sim-device-03-session-02-shake-013-window-000,validation,shake,any_label,sim-device-05-session-01-look_right_return-001-window-000,look_right_return,0.5948334679439885,sim-device-03-session-01-shake-019-window-000,shake,7.353756971601621,8.269433106918086
sim-device-03-session-02-shake-013-window-000,validation,shake,same_label,sim-device-03-session-01-shake-019-window-000,shake,0.6554773931399018,sim-device-03-session-01-shake-019-window-000,shake,7.353756971601621,7.353756971601621
sim-device-03-session-02-shake-014-window-000,validation,shake,any_label,sim-device-03-session-01-shake-009-window-000,shake,0.6445577274421688,sim-device-05-session-01-shake-004-window-000,shake,6.37129086652834,6.856882219849407
sim-device-03-session-02-shake-014-window-000,validation,shake,same_label,sim-device-03-session-01-shake-009-window-000,shake,0.6445577274421688,sim-device-05-session-01-shake-004-window-000,shake,6.37129086652834,6.856882219849407
sim-device-03-session-02-shake-015-window-000,validation,shake,any_label,sim-device-02-session-01-shake-009-window-000,shake,0.97326688464034,sim-device-02-session-01-shake-019-window-000,shake,7.793750749103139,14.869682945762168
sim-device-03-session-02-shake-015-window-000,validation,shake,same_label,sim-device-02-session-01-shake-009-window-000,shake,0.97326688464034,sim-device-02-session-01-shake-019-window-000,shake,7.793750749103139,14.869682945762168
sim-device-03-session-02-shake-016-window-000,validation,shake,any_label,sim-device-05-session-01-shake-010-window-000,shake,0.7964728416958655,sim-device-02-session-01-shake-009-window-000,shake,9.246154551701512,9.432737357166587
sim-device-03-session-02-shake-016-window-000,validation,shake,same_label,sim-device-05-session-01-shake-010-window-000,shake,0.7964728416958655,sim-device-02-session-01-shake-009-window-000,shake,9.246154551701512,9.432737357166587
sim-device-03-session-02-shake-017-window-000,validation,shake,any_label,sim-device-06-session-01-nod-011-window-000,nod,0.637657927716573,sim-device-06-session-01-still-019-window-000,still,6.2227301610967505,9.077037596693142
sim-device-03-session-02-shake-017-window-000,validation,shake,same_label,sim-device-02-session-01-shake-008-window-000,shake,0.7146060483145121,sim-device-06-session-01-shake-012-window-000,shake,6.688013307958635,9.543910460906442
sim-device-03-session-02-shake-018-window-000,validation,shake,any_label,sim-device-04-session-01-nod-018-window-000,nod,0.7634907494599364,sim-device-01-session-01-shake-009-window-000,shake,7.5272657878716585,10.0391087638936
sim-device-03-session-02-shake-018-window-000,validation,shake,same_label,sim-device-06-session-01-shake-012-window-000,shake,0.8748378069529701,sim-device-01-session-01-shake-009-window-000,shake,7.5272657878716585,8.609121278200114
sim-device-03-session-02-shake-019-window-000,validation,shake,any_label,sim-device-03-session-01-shake-007-window-000,shake,0.624176348376917,sim-device-01-session-01-shake-001-window-000,shake,4.197325021823994,6.422304983080834
sim-device-03-session-02-shake-019-window-000,validation,shake,same_label,sim-device-03-session-01-shake-007-window-000,shake,0.624176348376917,sim-device-01-session-01-shake-001-window-000,shake,4.197325021823994,6.422304983080834
sim-device-03-session-02-shake-020-window-000,validation,shake,any_label,sim-device-04-session-01-shake-008-window-000,shake,0.6597419907976984,sim-device-04-session-01-shake-018-window-000,shake,7.561604004047283,9.272640333879696
sim-device-03-session-02-shake-020-window-000,validation,shake,same_label,sim-device-04-session-01-shake-008-window-000,shake,0.6597419907976984,sim-device-04-session-01-shake-018-window-000,shake,7.561604004047283,9.272640333879696
sim-device-03-session-02-still-001-window-000,validation,still,any_label,sim-device-03-session-01-still-004-window-000,still,0.5414575501601623,sim-device-05-session-01-still-019-window-000,still,3.2638490855685873,3.621725854994809
sim-device-03-session-02-still-001-window-000,validation,still,same_label,sim-device-03-session-01-still-004-window-000,still,0.5414575501601623,sim-device-05-session-01-still-019-window-000,still,3.2638490855685873,3.621725854994809
sim-device-03-session-02-still-002-window-000,validation,still,any_label,sim-device-06-session-01-still-002-window-000,still,0.5780547066810336,sim-device-04-session-01-still-020-window-000,still,3.9148253776872997,5.863721079514436
sim-device-03-session-02-still-002-window-000,validation,still,same_label,sim-device-06-session-01-still-002-window-000,still,0.5780547066810336,sim-device-04-session-01-still-020-window-000,still,3.9148253776872997,5.863721079514436
sim-device-03-session-02-still-003-window-000,validation,still,any_label,sim-device-06-session-01-nod-016-window-000,nod,0.6506093239837009,sim-device-05-session-01-still-019-window-000,still,3.756579846643662,5.270774433867091
sim-device-03-session-02-still-003-window-000,validation,still,same_label,sim-device-06-session-01-still-015-window-000,still,0.7050506461792896,sim-device-05-session-01-still-019-window-000,still,3.756579846643662,6.672822133758145
sim-device-03-session-02-still-004-window-000,validation,still,any_label,sim-device-05-session-01-still-010-window-000,still,0.6277045369734157,sim-device-06-session-01-still-003-window-000,still,4.052999029658248,4.488640349917338
sim-device-03-session-02-still-004-window-000,validation,still,same_label,sim-device-05-session-01-still-010-window-000,still,0.6277045369734157,sim-device-06-session-01-still-003-window-000,still,4.052999029658248,4.488640349917338
sim-device-03-session-02-still-005-window-000,validation,still,any_label,sim-device-03-session-01-still-010-window-000,still,0.6491342983971062,sim-device-04-session-01-still-001-window-000,still,4.670057050943334,7.703341040074767
sim-device-03-session-02-still-005-window-000,validation,still,same_label,sim-device-03-session-01-still-010-window-000,still,0.6491342983971062,sim-device-04-session-01-still-001-window-000,still,4.670057050943334,7.703341040074767
sim-device-03-session-02-still-006-window-000,validation,still,any_label,sim-device-05-session-01-still-010-window-000,still,0.6159006515661656,sim-device-03-session-01-look_left_return-010-window-000,look_left_return,4.166950959715534,4.565316824258852
sim-device-03-session-02-still-006-window-000,validation,still,same_label,sim-device-05-session-01-still-010-window-000,still,0.6159006515661656,sim-device-05-session-01-still-010-window-000,still,4.565316824258852,4.565316824258852
sim-device-03-session-02-still-007-window-000,validation,still,any_label,sim-device-04-session-01-still-009-window-000,still,0.5723863510550417,sim-device-06-session-01-still-001-window-000,still,3.744620375361412,4.3052811417203225
sim-device-03-session-02-still-007-window-000,validation,still,same_label,sim-device-04-session-01-still-009-window-000,still,0.5723863510550417,sim-device-06-session-01-still-001-window-000,still,3.744620375361412,4.3052811417203225
sim-device-03-session-02-still-008-window-000,validation,still,any_label,sim-device-04-session-01-still-008-window-000,still,0.6926148550293917,sim-device-01-session-01-still-010-window-000,still,4.39550190804966,8.956485273658231
sim-device-03-session-02-still-008-window-000,validation,still,same_label,sim-device-04-session-01-still-008-window-000,still,0.6926148550293917,sim-device-01-session-01-still-010-window-000,still,4.39550190804966,8.956485273658231
sim-device-03-session-02-still-009-window-000,validation,still,any_label,sim-device-01-session-01-still-020-window-000,still,0.5891596740938895,sim-device-04-session-01-still-006-window-000,still,3.6291305654296746,6.837081927869369
sim-device-03-session-02-still-009-window-000,validation,still,same_label,sim-device-01-session-01-still-020-window-000,still,0.5891596740938895,sim-device-04-session-01-still-006-window-000,still,3.6291305654296746,6.837081927869369
sim-device-03-session-02-still-010-window-000,validation,still,any_label,sim-device-01-session-01-still-012-window-000,still,0.5873167469640913,sim-device-04-session-01-still-006-window-000,still,3.6192058050884874,6.991022963748252
sim-device-03-session-02-still-010-window-000,validation,still,same_label,sim-device-01-session-01-still-012-window-000,still,0.5873167469640913,sim-device-04-session-01-still-006-window-000,still,3.6192058050884874,6.991022963748252
sim-device-03-session-02-still-011-window-000,validation,still,any_label,sim-device-01-session-01-still-020-window-000,still,0.6416776673288587,sim-device-06-session-01-still-004-window-000,still,3.8729799966881413,7.29326885142385
sim-device-03-session-02-still-011-window-000,validation,still,same_label,sim-device-01-session-01-still-020-window-000,still,0.6416776673288587,sim-device-06-session-01-still-004-window-000,still,3.8729799966881413,7.29326885142385
sim-device-03-session-02-still-012-window-000,validation,still,any_label,sim-device-06-session-01-nod-002-window-000,nod,0.6160498016858107,sim-device-05-session-01-still-014-window-000,still,4.897121516483725,5.93303204745663
sim-device-03-session-02-still-012-window-000,validation,still,same_label,sim-device-01-session-01-still-020-window-000,still,0.6303164710075883,sim-device-05-session-01-still-014-window-000,still,4.897121516483725,6.267550216461858
sim-device-03-session-02-still-013-window-000,validation,still,any_label,sim-device-06-session-01-still-003-window-000,still,0.7366525677371555,sim-device-02-session-01-still-020-window-000,still,3.78694023554324,6.289600967668246
sim-device-03-session-02-still-013-window-000,validation,still,same_label,sim-device-06-session-01-still-003-window-000,still,0.7366525677371555,sim-device-02-session-01-still-020-window-000,still,3.78694023554324,6.289600967668246
sim-device-03-session-02-still-014-window-000,validation,still,any_label,sim-device-03-session-01-still-014-window-000,still,0.734691462921235,sim-device-06-session-01-still-011-window-000,still,2.900910724353549,5.288204044927969
sim-device-03-session-02-still-014-window-000,validation,still,same_label,sim-device-03-session-01-still-014-window-000,still,0.734691462921235,sim-device-06-session-01-still-011-window-000,still,2.900910724353549,5.288204044927969
sim-device-03-session-02-still-015-window-000,validation,still,any_label,sim-device-02-session-01-shake-016-window-000,shake,0.5742902886133932,sim-device-04-session-01-still-013-window-000,still,3.4141303295506975,5.713175021130144
sim-device-03-session-02-still-015-window-000,validation,still,same_label,sim-device-01-session-01-still-004-window-000,still,0.6078391541592947,sim-device-04-session-01-still-013-window-000,still,3.4141303295506975,5.959385775853118
sim-device-03-session-02-still-016-window-000,validation,still,any_label,sim-device-03-session-01-nod-002-window-000,nod,0.6788657870196365,sim-device-06-session-01-still-001-window-000,still,4.852518465337513,6.223077638269752
sim-device-03-session-02-still-016-window-000,validation,still,same_label,sim-device-06-session-01-still-019-window-000,still,0.6983860252872041,sim-device-06-session-01-still-001-window-000,still,4.852518465337513,7.502648185861093
sim-device-03-session-02-still-017-window-000,validation,still,any_label,sim-device-06-session-01-still-011-window-000,still,0.606861871468204,sim-device-03-session-01-still-009-window-000,still,3.2932391883622465,6.479390599057555
sim-device-03-session-02-still-017-window-000,validation,still,same_label,sim-device-06-session-01-still-011-window-000,still,0.606861871468204,sim-device-03-session-01-still-009-window-000,still,3.2932391883622465,6.479390599057555
sim-device-03-session-02-still-018-window-000,validation,still,any_label,sim-device-02-session-01-shake-008-window-000,shake,0.5990723177377201,sim-device-04-session-01-still-020-window-000,still,4.234328332367485,6.76424117986293
sim-device-03-session-02-still-018-window-000,validation,still,same_label,sim-device-01-session-01-still-009-window-000,still,0.6711379302240708,sim-device-04-session-01-still-020-window-000,still,4.234328332367485,7.460441076185602
sim-device-03-session-02-still-019-window-000,validation,still,any_label,sim-device-05-session-01-still-020-window-000,still,0.5962886708250443,sim-device-04-session-01-still-012-window-000,still,4.564432691460522,6.563736192068051
sim-device-03-session-02-still-019-window-000,validation,still,same_label,sim-device-05-session-01-still-020-window-000,still,0.5962886708250443,sim-device-04-session-01-still-012-window-000,still,4.564432691460522,6.563736192068051
sim-device-03-session-02-still-020-window-000,validation,still,any_label,sim-device-04-session-01-still-019-window-000,still,0.5383991614044816,sim-device-03-session-01-still-006-window-000,still,3.802296760091139,6.002056454357147
sim-device-03-session-02-still-020-window-000,validation,still,same_label,sim-device-04-session-01-still-019-window-000,still,0.5383991614044816,sim-device-03-session-01-still-006-window-000,still,3.802296760091139,6.002056454357147
sim-device-04-session-02-look_left_return-001-window-000,validation,look_left_return,any_label,sim-device-03-session-01-look_left_return-019-window-000,look_left_return,1.1039840428392755,sim-device-06-session-01-look_left_return-012-window-000,look_left_return,10.635348029112633,11.437452852163732
sim-device-04-session-02-look_left_return-001-window-000,validation,look_left_return,same_label,sim-device-03-session-01-look_left_return-019-window-000,look_left_return,1.1039840428392755,sim-device-06-session-01-look_left_return-012-window-000,look_left_return,10.635348029112633,11.437452852163732
sim-device-04-session-02-look_left_return-002-window-000,validation,look_left_return,any_label,sim-device-01-session-01-look_left_return-017-window-000,look_left_return,0.7514768872149953,sim-device-03-session-01-look_left_return-015-window-000,look_left_return,8.714755684269075,9.199591536529073
sim-device-04-session-02-look_left_return-002-window-000,validation,look_left_return,same_label,sim-device-01-session-01-look_left_return-017-window-000,look_left_return,0.7514768872149953,sim-device-03-session-01-look_left_return-015-window-000,look_left_return,8.714755684269075,9.199591536529073
sim-device-04-session-02-look_left_return-003-window-000,validation,look_left_return,any_label,sim-device-06-session-01-look_left_return-007-window-000,look_left_return,0.699397795895267,sim-device-04-session-01-look_left_return-001-window-000,look_left_return,8.899819694685199,10.979160997864597
sim-device-04-session-02-look_left_return-003-window-000,validation,look_left_return,same_label,sim-device-06-session-01-look_left_return-007-window-000,look_left_return,0.699397795895267,sim-device-04-session-01-look_left_return-001-window-000,look_left_return,8.899819694685199,10.979160997864597
sim-device-04-session-02-look_left_return-004-window-000,validation,look_left_return,any_label,sim-device-01-session-01-look_left_return-017-window-000,look_left_return,0.7741502920138958,sim-device-03-session-01-look_left_return-015-window-000,look_left_return,8.728600570200914,10.908824709690903
sim-device-04-session-02-look_left_return-004-window-000,validation,look_left_return,same_label,sim-device-01-session-01-look_left_return-017-window-000,look_left_return,0.7741502920138958,sim-device-03-session-01-look_left_return-015-window-000,look_left_return,8.728600570200914,10.908824709690903
sim-device-04-session-02-look_left_return-005-window-000,validation,look_left_return,any_label,sim-device-04-session-01-look_left_return-003-window-000,look_left_return,0.8813227445007866,sim-device-02-session-01-look_left_return-005-window-000,look_left_return,7.165753300145648,9.523941916302025
sim-device-04-session-02-look_left_return-005-window-000,validation,look_left_return,same_label,sim-device-04-session-01-look_left_return-003-window-000,look_left_return,0.8813227445007866,sim-device-02-session-01-look_left_return-005-window-000,look_left_return,7.165753300145648,9.523941916302025
sim-device-04-session-02-look_left_return-006-window-000,validation,look_left_return,any_label,sim-device-05-session-01-look_left_return-019-window-000,look_left_return,0.7593053918663355,sim-device-03-session-01-look_left_return-009-window-000,look_left_return,8.149615080372763,9.02423483614953
sim-device-04-session-02-look_left_return-006-window-000,validation,look_left_return,same_label,sim-device-05-session-01-look_left_return-019-window-000,look_left_return,0.7593053918663355,sim-device-03-session-01-look_left_return-009-window-000,look_left_return,8.149615080372763,9.02423483614953
sim-device-04-session-02-look_left_return-007-window-000,validation,look_left_return,any_label,sim-device-01-session-01-still-011-window-000,still,0.5952694366450104,sim-device-03-session-01-shake-003-window-000,shake,5.760856615694152,5.786365796592337
sim-device-04-session-02-look_left_return-007-window-000,validation,look_left_return,same_label,sim-device-01-session-01-look_left_return-016-window-000,look_left_return,0.6153052848013567,sim-device-01-session-01-look_left_return-016-window-000,look_left_return,5.9454559920359875,5.9454559920359875
sim-device-04-session-02-look_left_return-008-window-000,validation,look_left_return,any_label,sim-device-02-session-01-still-014-window-000,still,0.750566209313528,sim-device-01-session-01-look_left_return-006-window-000,look_left_return,7.661676656858147,11.580673242856921
sim-device-04-session-02-look_left_return-008-window-000,validation,look_left_return,same_label,sim-device-01-session-01-look_left_return-006-window-000,look_left_return,0.7583087271268478,sim-device-01-session-01-look_left_return-006-window-000,look_left_return,7.661676656858147,7.661676656858147
sim-device-04-session-02-look_left_return-009-window-000,validation,look_left_return,any_label,sim-device-03-session-01-look_left_return-019-window-000,look_left_return,0.7615928746453442,sim-device-03-session-01-look_left_return-004-window-000,look_left_return,7.5601711359763035,8.071069726790562
sim-device-04-session-02-look_left_return-009-window-000,validation,look_left_return,same_label,sim-device-03-session-01-look_left_return-019-window-000,look_left_return,0.7615928746453442,sim-device-03-session-01-look_left_return-004-window-000,look_left_return,7.5601711359763035,8.071069726790562
sim-device-04-session-02-look_left_return-010-window-000,validation,look_left_return,any_label,sim-device-03-session-01-look_left_return-015-window-000,look_left_return,0.7206425366467307,sim-device-03-session-01-look_left_return-015-window-000,look_left_return,7.0016457092192415,7.0016457092192415
sim-device-04-session-02-look_left_return-010-window-000,validation,look_left_return,same_label,sim-device-03-session-01-look_left_return-015-window-000,look_left_return,0.7206425366467307,sim-device-03-session-01-look_left_return-015-window-000,look_left_return,7.0016457092192415,7.0016457092192415
sim-device-04-session-02-look_left_return-011-window-000,validation,look_left_return,any_label,sim-device-01-session-01-look_left_return-001-window-000,look_left_return,0.9470710273365806,sim-device-03-session-01-look_left_return-015-window-000,look_left_return,8.19173691569526,9.902909707942037
sim-device-04-session-02-look_left_return-011-window-000,validation,look_left_return,same_label,sim-device-01-session-01-look_left_return-001-window-000,look_left_return,0.9470710273365806,sim-device-03-session-01-look_left_return-015-window-000,look_left_return,8.19173691569526,9.902909707942037
sim-device-04-session-02-look_left_return-012-window-000,validation,look_left_return,any_label,sim-device-05-session-01-look_left_return-013-window-000,look_left_return,0.8766458515091615,sim-device-05-session-01-look_left_return-013-window-000,look_left_return,11.316849476943416,11.316849476943416
sim-device-04-session-02-look_left_return-012-window-000,validation,look_left_return,same_label,sim-device-05-session-01-look_left_return-013-window-000,look_left_return,0.8766458515091615,sim-device-05-session-01-look_left_return-013-window-000,look_left_return,11.316849476943416,11.316849476943416
sim-device-04-session-02-look_left_return-013-window-000,validation,look_left_return,any_label,sim-device-03-session-01-shake-018-window-000,shake,0.6484863970078266,sim-device-04-session-01-look_left_return-015-window-000,look_left_return,6.1093280896963,7.666235284453339
sim-device-04-session-02-look_left_return-013-window-000,validation,look_left_return,same_label,sim-device-04-session-01-look_left_return-015-window-000,look_left_return,0.6584862568770604,sim-device-04-session-01-look_left_return-015-window-000,look_left_return,6.1093280896963,6.1093280896963
sim-device-04-session-02-look_left_return-014-window-000,validation,look_left_return,any_label,sim-device-04-session-01-still-010-window-000,still,0.5174355784420573,sim-device-01-session-01-look_left_return-006-window-000,look_left_return,4.903692948082203,6.3870727106005045
sim-device-04-session-02-look_left_return-014-window-000,validation,look_left_return,same_label,sim-device-03-session-01-look_left_return-002-window-000,look_left_return,0.6297770727345796,sim-device-01-session-01-look_left_return-006-window-000,look_left_return,4.903692948082203,6.749247880651613
sim-device-04-session-02-look_left_return-015-window-000,validation,look_left_return,any_label,sim-device-02-session-01-shake-013-window-000,shake,0.7794322366257217,sim-device-03-session-01-look_left_return-016-window-000,look_left_return,7.305576618660367,9.466789712225403
sim-device-04-session-02-look_left_return-015-window-000,validation,look_left_return,same_label,sim-device-04-session-01-look_left_return-013-window-000,look_left_return,0.8571373887040566,sim-device-03-session-01-look_left_return-016-window-000,look_left_return,7.305576618660367,10.758663975280939
sim-device-04-session-02-look_left_return-016-window-000,validation,look_left_return,any_label,sim-device-06-session-01-look_left_return-007-window-000,look_left_return,0.9644669331775299,sim-device-05-session-01-look_left_return-018-window-000,look_left_return,12.43732956664398,12.848613969873513
sim-device-04-session-02-look_left_return-016-window-000,validation,look_left_return,same_label,sim-device-06-session-01-look_left_return-007-window-000,look_left_return,0.9644669331775299,sim-device-05-session-01-look_left_return-018-window-000,look_left_return,12.43732956664398,12.848613969873513
sim-device-04-session-02-look_left_return-017-window-000,validation,look_left_return,any_label,sim-device-01-session-01-still-011-window-000,still,0.6035320865982089,sim-device-01-session-01-look_left_return-020-window-000,look_left_return,5.824574998508435,6.380349809068073
sim-device-04-session-02-look_left_return-017-window-000,validation,look_left_return,same_label,sim-device-01-session-01-look_left_return-020-window-000,look_left_return,0.6940609058717856,sim-device-01-session-01-look_left_return-020-window-000,look_left_return,5.824574998508435,5.824574998508435
sim-device-04-session-02-look_left_return-018-window-000,validation,look_left_return,any_label,sim-device-03-session-01-still-003-window-000,still,0.6217144855432342,sim-device-05-session-01-look_left_return-017-window-000,look_left_return,6.062948519101146,8.005745818610558
sim-device-04-session-02-look_left_return-018-window-000,validation,look_left_return,same_label,sim-device-01-session-01-look_left_return-012-window-000,look_left_return,0.7692363568866298,sim-device-05-session-01-look_left_return-017-window-000,look_left_return,6.062948519101146,10.388160802110896
sim-device-04-session-02-look_left_return-019-window-000,validation,look_left_return,any_label,sim-device-02-session-01-look_left_return-010-window-000,look_left_return,0.7570735204054245,sim-device-01-session-01-look_left_return-009-window-000,look_left_return,7.46222185150948,7.740881496764414
sim-device-04-session-02-look_left_return-019-window-000,validation,look_left_return,same_label,sim-device-02-session-01-look_left_return-010-window-000,look_left_return,0.7570735204054245,sim-device-01-session-01-look_left_return-009-window-000,look_left_return,7.46222185150948,7.740881496764414
sim-device-04-session-02-look_left_return-020-window-000,validation,look_left_return,any_label,sim-device-06-session-01-look_left_return-020-window-000,look_left_return,0.7605553247181083,sim-device-03-session-01-look_left_return-019-window-000,look_left_return,7.80438452877161,9.148847060840252
sim-device-04-session-02-look_left_return-020-window-000,validation,look_left_return,same_label,sim-device-06-session-01-look_left_return-020-window-000,look_left_return,0.7605553247181083,sim-device-03-session-01-look_left_return-019-window-000,look_left_return,7.80438452877161,9.148847060840252
sim-device-04-session-02-look_right_return-001-window-000,validation,look_right_return,any_label,sim-device-06-session-01-look_right_return-018-window-000,look_right_return,0.6825926798945684,sim-device-01-session-01-look_right_return-003-window-000,look_right_return,7.045178281334906,9.802974471214934
sim-device-04-session-02-look_right_return-001-window-000,validation,look_right_return,same_label,sim-device-06-session-01-look_right_return-018-window-000,look_right_return,0.6825926798945684,sim-device-01-session-01-look_right_return-003-window-000,look_right_return,7.045178281334906,9.802974471214934
sim-device-04-session-02-look_right_return-002-window-000,validation,look_right_return,any_label,sim-device-03-session-01-look_right_return-014-window-000,look_right_return,0.93802957176391,sim-device-02-session-01-look_right_return-006-window-000,look_right_return,9.350013468350653,11.827576226925345
sim-device-04-session-02-look_right_return-002-window-000,validation,look_right_return,same_label,sim-device-03-session-01-look_right_return-014-window-000,look_right_return,0.93802957176391,sim-device-02-session-01-look_right_return-006-window-000,look_right_return,9.350013468350653,11.827576226925345
sim-device-04-session-02-look_right_return-003-window-000,validation,look_right_return,any_label,sim-device-02-session-01-look_right_return-012-window-000,look_right_return,0.9139176594866456,sim-device-02-session-01-look_right_return-012-window-000,look_right_return,11.44827370626403,11.44827370626403
sim-device-04-session-02-look_right_return-003-window-000,validation,look_right_return,same_label,sim-device-02-session-01-look_right_return-012-window-000,look_right_return,0.9139176594866456,sim-device-02-session-01-look_right_return-012-window-000,look_right_return,11.44827370626403,11.44827370626403
sim-device-04-session-02-look_right_return-004-window-000,validation,look_right_return,any_label,sim-device-04-session-01-look_right_return-001-window-000,look_right_return,0.8624483165358815,sim-device-03-session-01-look_right_return-003-window-000,look_right_return,10.56094098953977,10.85629175116243
sim-device-04-session-02-look_right_return-004-window-000,validation,look_right_return,same_label,sim-device-04-session-01-look_right_return-001-window-000,look_right_return,0.8624483165358815,sim-device-03-session-01-look_right_return-003-window-000,look_right_return,10.56094098953977,10.85629175116243
sim-device-04-session-02-look_right_return-005-window-000,validation,look_right_return,any_label,sim-device-05-session-01-shake-008-window-000,shake,0.7517142054108155,sim-device-01-session-01-look_right_return-010-window-000,look_right_return,5.7506951526528365,14.623601199198148
sim-device-04-session-02-look_right_return-005-window-000,validation,look_right_return,same_label,sim-device-02-session-01-look_right_return-017-window-000,look_right_return,0.8411707683546594,sim-device-01-session-01-look_right_return-010-window-000,look_right_return,5.7506951526528365,9.56119926672937
sim-device-04-session-02-look_right_return-006-window-000,validation,look_right_return,any_label,sim-device-06-session-01-still-006-window-000,still,0.6101918227876518,sim-device-03-session-01-look_right_return-013-window-000,look_right_return,4.997801299069513,5.106888806806059
sim-device-04-session-02-look_right_return-006-window-000,validation,look_right_return,same_label,sim-device-01-session-01-look_right_return-014-window-000,look_right_return,0.7586098527258089,sim-device-03-session-01-look_right_return-013-window-000,look_right_return,4.997801299069513,6.540007006764701
sim-device-04-session-02-look_right_return-007-window-000,validation,look_right_return,any_label,sim-device-03-session-01-look_right_return-015-window-000,look_right_return,1.0665455169571294,sim-device-04-session-01-look_right_return-008-window-000,look_right_return,9.6204188971222,12.666292719295072
sim-device-04-session-02-look_right_return-007-window-000,validation,look_right_return,same_label,sim-device-03-session-01-look_right_return-015-window-000,look_right_return,1.0665455169571294,sim-device-04-session-01-look_right_return-008-window-000,look_right_return,9.6204188971222,12.666292719295072
sim-device-04-session-02-look_right_return-008-window-000,validation,look_right_return,any_label,sim-device-06-session-01-look_right_return-019-window-000,look_right_return,0.7438010750607348,sim-device-06-session-01-look_right_return-016-window-000,look_right_return,7.7957082884386075,7.999047175203773
sim-device-04-session-02-look_right_return-008-window-000,validation,look_right_return,same_label,sim-device-06-session-01-look_right_return-019-window-000,look_right_return,0.7438010750607348,sim-device-06-session-01-look_right_return-016-window-000,look_right_return,7.7957082884386075,7.999047175203773
sim-device-04-session-02-look_right_return-009-window-000,validation,look_right_return,any_label,sim-device-01-session-01-look_right_return-005-window-000,look_right_return,0.6848305283303937,sim-device-01-session-01-look_right_return-005-window-000,look_right_return,5.235784379749234,5.235784379749234
sim-device-04-session-02-look_right_return-009-window-000,validation,look_right_return,same_label,sim-device-01-session-01-look_right_return-005-window-000,look_right_return,0.6848305283303937,sim-device-01-session-01-look_right_return-005-window-000,look_right_return,5.235784379749234,5.235784379749234
sim-device-04-session-02-look_right_return-010-window-000,validation,look_right_return,any_label,sim-device-06-session-01-look_right_return-002-window-000,look_right_return,0.9409149607808064,sim-device-06-session-01-look_right_return-017-window-000,look_right_return,10.653444051921534,15.678706459267815
sim-device-04-session-02-look_right_return-010-window-000,validation,look_right_return,same_label,sim-device-06-session-01-look_right_return-002-window-000,look_right_return,0.9409149607808064,sim-device-06-session-01-look_right_return-017-window-000,look_right_return,10.653444051921534,15.678706459267815
sim-device-04-session-02-look_right_return-011-window-000,validation,look_right_return,any_label,sim-device-01-session-01-look_right_return-005-window-000,look_right_return,0.8424854494793667,sim-device-01-session-01-look_right_return-005-window-000,look_right_return,7.568624146798563,7.568624146798563
sim-device-04-session-02-look_right_return-011-window-000,validation,look_right_return,same_label,sim-device-01-session-01-look_right_return-005-window-000,look_right_return,0.8424854494793667,sim-device-01-session-01-look_right_return-005-window-000,look_right_return,7.568624146798563,7.568624146798563
sim-device-04-session-02-look_right_return-012-window-000,validation,look_right_return,any_label,sim-device-03-session-01-still-014-window-000,still,0.6569897228023605,sim-device-01-session-01-shake-004-window-000,shake,6.120842085711714,8.573824007969716
sim-device-04-session-02-look_right_return-012-window-000,validation,look_right_return,same_label,sim-device-02-session-01-look_right_return-011-window-000,look_right_return,0.8316808372429557,sim-device-01-session-01-look_right_return-012-window-000,look_right_return,6.335755168229878,7.8729343880550315
sim-device-04-session-02-look_right_return-013-window-000,validation,look_right_return,any_label,sim-device-02-session-01-look_right_return-010-window-000,look_right_return,1.0669364349592438,sim-device-04-session-01-look_right_return-001-window-000,look_right_return,10.287380998904183,12.297363484009265
sim-device-04-session-02-look_right_return-013-window-000,validation,look_right_return,same_label,sim-device-02-session-01-look_right_return-010-window-000,look_right_return,1.0669364349592438,sim-device-04-session-01-look_right_return-001-window-000,look_right_return,10.287380998904183,12.297363484009265
sim-device-04-session-02-look_right_return-014-window-000,validation,look_right_return,any_label,sim-device-04-session-01-look_right_return-011-window-000,look_right_return,0.7936146577602041,sim-device-04-session-01-look_right_return-011-window-000,look_right_return,9.45963728013158,9.45963728013158
sim-device-04-session-02-look_right_return-014-window-000,validation,look_right_return,same_label,sim-device-04-session-01-look_right_return-011-window-000,look_right_return,0.7936146577602041,sim-device-04-session-01-look_right_return-011-window-000,look_right_return,9.45963728013158,9.45963728013158
sim-device-04-session-02-look_right_return-015-window-000,validation,look_right_return,any_label,sim-device-02-session-01-still-001-window-000,still,0.6579102841639852,sim-device-04-session-01-look_right_return-004-window-000,look_right_return,6.238676450265094,8.415774590702538
sim-device-04-session-02-look_right_return-015-window-000,validation,look_right_return,same_label,sim-device-02-session-01-look_right_return-008-window-000,look_right_return,0.6957814088675837,sim-device-04-session-01-look_right_return-004-window-000,look_right_return,6.238676450265094,7.309528254298334
sim-device-04-session-02-look_right_return-016-window-000,validation,look_right_return,any_label,sim-device-03-session-01-look_right_return-007-window-000,look_right_return,0.8655521649316505,sim-device-03-session-01-look_right_return-014-window-000,look_right_return,10.046132607829149,10.444090768479649
sim-device-04-session-02-look_right_return-016-window-000,validation,look_right_return,same_label,sim-device-03-session-01-look_right_return-007-window-000,look_right_return,0.8655521649316505,sim-device-03-session-01-look_right_return-014-window-000,look_right_return,10.046132607829149,10.444090768479649
sim-device-04-session-02-look_right_return-017-window-000,validation,look_right_return,any_label,sim-device-06-session-01-look_right_return-011-window-000,look_right_return,1.0623794108322528,sim-device-06-session-01-look_right_return-011-window-000,look_right_return,10.807779485257006,10.807779485257006
sim-device-04-session-02-look_right_return-017-window-000,validation,look_right_return,same_label,sim-device-06-session-01-look_right_return-011-window-000,look_right_return,1.0623794108322528,sim-device-06-session-01-look_right_return-011-window-000,look_right_return,10.807779485257006,10.807779485257006
sim-device-04-session-02-look_right_return-018-window-000,validation,look_right_return,any_label,sim-device-06-session-01-look_right_return-008-window-000,look_right_return,0.7106742403629563,sim-device-06-session-01-look_right_return-008-window-000,look_right_return,9.24951910660294,9.24951910660294
sim-device-04-session-02-look_right_return-018-window-000,validation,look_right_return,same_label,sim-device-06-session-01-look_right_return-008-window-000,look_right_return,0.7106742403629563,sim-device-06-session-01-look_right_return-008-window-000,look_right_return,9.24951910660294,9.24951910660294
sim-device-04-session-02-look_right_return-019-window-000,validation,look_right_return,any_label,sim-device-01-session-01-look_left_return-016-window-000,look_left_return,0.6154231214349527,sim-device-06-session-01-still-002-window-000,still,5.181183072827137,7.012121684171177
sim-device-04-session-02-look_right_return-019-window-000,validation,look_right_return,same_label,sim-device-01-session-01-look_right_return-009-window-000,look_right_return,0.6805667513633687,sim-device-01-session-01-look_right_return-016-window-000,look_right_return,7.096877630730723,8.955975097055354
sim-device-04-session-02-look_right_return-020-window-000,validation,look_right_return,any_label,sim-device-05-session-01-look_right_return-010-window-000,look_right_return,0.8420406638021495,sim-device-06-session-01-look_right_return-015-window-000,look_right_return,10.830976717157021,12.771686773574116
sim-device-04-session-02-look_right_return-020-window-000,validation,look_right_return,same_label,sim-device-05-session-01-look_right_return-010-window-000,look_right_return,0.8420406638021495,sim-device-06-session-01-look_right_return-015-window-000,look_right_return,10.830976717157021,12.771686773574116
sim-device-04-session-02-nod-001-window-000,validation,nod,any_label,sim-device-05-session-01-nod-001-window-000,nod,0.7207945051247342,sim-device-01-session-01-nod-020-window-000,nod,6.9439195289010485,8.469625239132156
sim-device-04-session-02-nod-001-window-000,validation,nod,same_label,sim-device-05-session-01-nod-001-window-000,nod,0.7207945051247342,sim-device-01-session-01-nod-020-window-000,nod,6.9439195289010485,8.469625239132156
sim-device-04-session-02-nod-002-window-000,validation,nod,any_label,sim-device-01-session-01-nod-011-window-000,nod,0.6225746295173388,sim-device-01-session-01-nod-011-window-000,nod,5.095575828106437,5.095575828106437
sim-device-04-session-02-nod-002-window-000,validation,nod,same_label,sim-device-01-session-01-nod-011-window-000,nod,0.6225746295173388,sim-device-01-session-01-nod-011-window-000,nod,5.095575828106437,5.095575828106437
sim-device-04-session-02-nod-003-window-000,validation,nod,any_label,sim-device-04-session-01-nod-005-window-000,nod,0.6582781483277055,sim-device-04-session-01-nod-005-window-000,nod,4.458762309084844,4.458762309084844
sim-device-04-session-02-nod-003-window-000,validation,nod,same_label,sim-device-04-session-01-nod-005-window-000,nod,0.6582781483277055,sim-device-04-session-01-nod-005-window-000,nod,4.458762309084844,4.458762309084844
sim-device-04-session-02-nod-004-window-000,validation,nod,any_label,sim-device-06-session-01-nod-004-window-000,nod,0.714088678669558,sim-device-06-session-01-nod-004-window-000,nod,6.497179878910929,6.497179878910929
sim-device-04-session-02-nod-004-window-000,validation,nod,same_label,sim-device-06-session-01-nod-004-window-000,nod,0.714088678669558,sim-device-06-session-01-nod-004-window-000,nod,6.497179878910929,6.497179878910929
sim-device-04-session-02-nod-005-window-000,validation,nod,any_label,sim-device-06-session-01-nod-005-window-000,nod,1.2832891497077206,sim-device-06-session-01-nod-005-window-000,nod,17.079325642952266,17.079325642952266
sim-device-04-session-02-nod-005-window-000,validation,nod,same_label,sim-device-06-session-01-nod-005-window-000,nod,1.2832891497077206,sim-device-06-session-01-nod-005-window-000,nod,17.079325642952266,17.079325642952266
sim-device-04-session-02-nod-006-window-000,validation,nod,any_label,sim-device-06-session-01-still-009-window-000,still,0.6504913925652488,sim-device-06-session-01-still-001-window-000,still,5.79471397947786,7.446663812539741
sim-device-04-session-02-nod-006-window-000,validation,nod,same_label,sim-device-04-session-01-nod-006-window-000,nod,0.6603422434733645,sim-device-06-session-01-nod-011-window-000,nod,6.682367660420499,6.703040920333296
sim-device-04-session-02-nod-007-window-000,validation,nod,any_label,sim-device-03-session-01-nod-006-window-000,nod,0.8910859221061455,sim-device-03-session-01-nod-016-window-000,nod,10.352605127733128,11.191789480023935
sim-device-04-session-02-nod-007-window-000,validation,nod,same_label,sim-device-03-session-01-nod-006-window-000,nod,0.8910859221061455,sim-device-03-session-01-nod-016-window-000,nod,10.352605127733128,11.191789480023935
sim-device-04-session-02-nod-008-window-000,validation,nod,any_label,sim-device-05-session-01-nod-002-window-000,nod,0.7468119165871473,sim-device-05-session-01-nod-002-window-000,nod,7.463290159661682,7.463290159661682
sim-device-04-session-02-nod-008-window-000,validation,nod,same_label,sim-device-05-session-01-nod-002-window-000,nod,0.7468119165871473,sim-device-05-session-01-nod-002-window-000,nod,7.463290159661682,7.463290159661682
sim-device-04-session-02-nod-009-window-000,validation,nod,any_label,sim-device-06-session-01-still-019-window-000,still,0.6729563474549721,sim-device-01-session-01-nod-004-window-000,nod,7.44728397623826,8.073565461035653
sim-device-04-session-02-nod-009-window-000,validation,nod,same_label,sim-device-06-session-01-nod-009-window-000,nod,0.7356416918035721,sim-device-01-session-01-nod-004-window-000,nod,7.44728397623826,9.026254546611044
sim-device-04-session-02-nod-010-window-000,validation,nod,any_label,sim-device-01-session-01-shake-018-window-000,shake,0.9442909527744686,sim-device-03-session-01-nod-020-window-000,nod,6.776929122568422,13.698242033811145
sim-device-04-session-02-nod-010-window-000,validation,nod,same_label,sim-device-06-session-01-nod-003-window-000,nod,0.9567384140359316,sim-device-03-session-01-nod-020-window-000,nod,6.776929122568422,7.6911854709943785
sim-device-04-session-02-nod-011-window-000,validation,nod,any_label,sim-device-06-session-01-still-014-window-000,still,0.6401080786236978,sim-device-04-session-01-nod-008-window-000,nod,4.989931223922919,6.5805177671005275
sim-device-04-session-02-nod-011-window-000,validation,nod,same_label,sim-device-04-session-01-nod-014-window-000,nod,0.6457748997526932,sim-device-04-session-01-nod-008-window-000,nod,4.989931223922919,9.510775062977222
sim-device-04-session-02-nod-012-window-000,validation,nod,any_label,sim-device-06-session-01-nod-020-window-000,nod,0.8489565226732118,sim-device-05-session-01-nod-009-window-000,nod,7.643394343701749,12.567667042129173
sim-device-04-session-02-nod-012-window-000,validation,nod,same_label,sim-device-06-session-01-nod-020-window-000,nod,0.8489565226732118,sim-device-05-session-01-nod-009-window-000,nod,7.643394343701749,12.567667042129173
sim-device-04-session-02-nod-013-window-000,validation,nod,any_label,sim-device-05-session-01-shake-003-window-000,shake,0.8559954252130475,sim-device-04-session-01-nod-017-window-000,nod,9.971568409802785,11.95986898339611
sim-device-04-session-02-nod-013-window-000,validation,nod,same_label,sim-device-05-session-01-nod-005-window-000,nod,0.8836872868475025,sim-device-04-session-01-nod-017-window-000,nod,9.971568409802785,10.2653078959567
sim-device-04-session-02-nod-014-window-000,validation,nod,any_label,sim-device-01-session-01-nod-010-window-000,nod,0.9913204275823838,sim-device-01-session-01-nod-010-window-000,nod,8.589851018402658,8.589851018402658
sim-device-04-session-02-nod-014-window-000,validation,nod,same_label,sim-device-01-session-01-nod-010-window-000,nod,0.9913204275823838,sim-device-01-session-01-nod-010-window-000,nod,8.589851018402658,8.589851018402658
sim-device-04-session-02-nod-015-window-000,validation,nod,any_label,sim-device-01-session-01-nod-020-window-000,nod,1.2092689003582273,sim-device-01-session-01-nod-007-window-000,nod,11.6080111328156,13.728562966673339
sim-device-04-session-02-nod-015-window-000,validation,nod,same_label,sim-device-01-session-01-nod-020-window-000,nod,1.2092689003582273,sim-device-01-session-01-nod-007-window-000,nod,11.6080111328156,13.728562966673339
sim-device-04-session-02-nod-016-window-000,validation,nod,any_label,sim-device-03-session-01-nod-012-window-000,nod,0.7596716462006039,sim-device-03-session-01-nod-012-window-000,nod,8.385207158587054,8.385207158587054
sim-device-04-session-02-nod-016-window-000,validation,nod,same_label,sim-device-03-session-01-nod-012-window-000,nod,0.7596716462006039,sim-device-03-session-01-nod-012-window-000,nod,8.385207158587054,8.385207158587054
sim-device-04-session-02-nod-017-window-000,validation,nod,any_label,sim-device-05-session-01-nod-018-window-000,nod,0.71757276576666,sim-device-04-session-01-nod-019-window-000,nod,7.550190193558214,7.902321258059894
sim-device-04-session-02-nod-017-window-000,validation,nod,same_label,sim-device-05-session-01-nod-018-window-000,nod,0.71757276576666,sim-device-04-session-01-nod-019-window-000,nod,7.550190193558214,7.902321258059894
sim-device-04-session-02-nod-018-window-000,validation,nod,any_label,sim-device-04-session-01-nod-007-window-000,nod,0.7500426043122729,sim-device-04-session-01-nod-007-window-000,nod,7.662313952092979,7.662313952092979
sim-device-04-session-02-nod-018-window-000,validation,nod,same_label,sim-device-04-session-01-nod-007-window-000,nod,0.7500426043122729,sim-device-04-session-01-nod-007-window-000,nod,7.662313952092979,7.662313952092979
sim-device-04-session-02-nod-019-window-000,validation,nod,any_label,sim-device-02-session-01-nod-011-window-000,nod,0.863225635911246,sim-device-02-session-01-nod-012-window-000,nod,9.36701450605326,10.769239788343507
sim-device-04-session-02-nod-019-window-000,validation,nod,same_label,sim-device-02-session-01-nod-011-window-000,nod,0.863225635911246,sim-device-02-session-01-nod-012-window-000,nod,9.36701450605326,10.769239788343507
sim-device-04-session-02-nod-020-window-000,validation,nod,any_label,sim-device-04-session-01-still-001-window-000,still,0.6834080145608572,sim-device-02-session-01-nod-012-window-000,nod,9.01374470034534,9.418194679915828
sim-device-04-session-02-nod-020-window-000,validation,nod,same_label,sim-device-06-session-01-nod-013-window-000,nod,0.8082304251905682,sim-device-02-session-01-nod-012-window-000,nod,9.01374470034534,11.73726786418045
sim-device-04-session-02-shake-001-window-000,validation,shake,any_label,sim-device-03-session-01-shake-011-window-000,shake,0.7546185541511963,sim-device-03-session-01-shake-011-window-000,shake,6.612504883215247,6.612504883215247
sim-device-04-session-02-shake-001-window-000,validation,shake,same_label,sim-device-03-session-01-shake-011-window-000,shake,0.7546185541511963,sim-device-03-session-01-shake-011-window-000,shake,6.612504883215247,6.612504883215247
sim-device-04-session-02-shake-002-window-000,validation,shake,any_label,sim-device-05-session-01-still-003-window-000,still,0.5936311673789494,sim-device-06-session-01-still-003-window-000,still,6.756902735620162,8.81513667647274
sim-device-04-session-02-shake-002-window-000,validation,shake,same_label,sim-device-03-session-01-shake-003-window-000,shake,0.6960951932816195,sim-device-06-session-01-shake-005-window-000,shake,7.980841779786998,10.86532333137664
sim-device-04-session-02-shake-003-window-000,validation,shake,any_label,sim-device-01-session-01-look_left_return-006-window-000,look_left_return,0.6654720365756113,sim-device-01-session-01-look_left_return-016-window-000,look_left_return,5.713537145965188,8.889046857888703
sim-device-04-session-02-shake-003-window-000,validation,shake,same_label,sim-device-04-session-01-shake-020-window-000,shake,0.7390649319786858,sim-device-06-session-01-shake-006-window-000,shake,5.998694128883635,8.650093416030307
sim-device-04-session-02-shake-004-window-000,validation,shake,any_label,sim-device-06-session-01-shake-011-window-000,shake,0.6172836951336158,sim-device-04-session-01-shake-020-window-000,shake,5.820470871485079,8.32190766696974
sim-device-04-session-02-shake-004-window-000,validation,shake,same_label,sim-device-06-session-01-shake-011-window-000,shake,0.6172836951336158,sim-device-04-session-01-shake-020-window-000,shake,5.820470871485079,8.32190766696974
sim-device-04-session-02-shake-005-window-000,validation,shake,any_label,sim-device-02-session-01-look_right_return-017-window-000,look_right_return,0.7142422511259091,sim-device-05-session-01-look_right_return-014-window-000,look_right_return,8.075244365805673,8.704979017706227
sim-device-04-session-02-shake-005-window-000,validation,shake,same_label,sim-device-06-session-01-shake-012-window-000,shake,0.7926791002016634,sim-device-01-session-01-shake-020-window-000,shake,8.111851723209856,14.719895053566109
sim-device-04-session-02-shake-006-window-000,validation,shake,any_label,sim-device-06-session-01-look_right_return-003-window-000,look_right_return,0.7936103029607792,sim-device-05-session-01-shake-010-window-000,shake,7.4860099320894875,12.890009948132581
sim-device-04-session-02-shake-006-window-000,validation,shake,same_label,sim-device-01-session-01-shake-001-window-000,shake,0.8432614808135233,sim-device-05-session-01-shake-010-window-000,shake,7.4860099320894875,10.447737893307282
sim-device-04-session-02-shake-007-window-000,validation,shake,any_label,sim-device-01-session-01-shake-019-window-000,shake,0.7796202424485812,sim-device-03-session-01-shake-013-window-000,shake,8.29099246564042,10.37207184134876
sim-device-04-session-02-shake-007-window-000,validation,shake,same_label,sim-device-01-session-01-shake-019-window-000,shake,0.7796202424485812,sim-device-03-session-01-shake-013-window-000,shake,8.29099246564042,10.37207184134876
sim-device-04-session-02-shake-008-window-000,validation,shake,any_label,sim-device-01-session-01-shake-009-window-000,shake,0.7033672766528789,sim-device-02-session-01-look_right_return-011-window-000,look_right_return,7.047174720610727,10.213887969367622
sim-device-04-session-02-shake-008-window-000,validation,shake,same_label,sim-device-01-session-01-shake-009-window-000,shake,0.7033672766528789,sim-device-06-session-01-shake-012-window-000,shake,9.044846832430123,10.213887969367622
sim-device-04-session-02-shake-009-window-000,validation,shake,any_label,sim-device-04-session-01-still-018-window-000,still,0.6701628157335484,sim-device-03-session-01-shake-008-window-000,shake,5.718586473451202,7.497740377988223
sim-device-04-session-02-shake-009-window-000,validation,shake,same_label,sim-device-04-session-01-shake-007-window-000,shake,0.7535528490891721,sim-device-03-session-01-shake-008-window-000,shake,5.718586473451202,11.5362252991094
sim-device-04-session-02-shake-010-window-000,validation,shake,any_label,sim-device-06-session-01-still-013-window-000,still,0.5458627549003404,sim-device-04-session-01-still-020-window-000,still,4.746110966422771,6.197760079995556
sim-device-04-session-02-shake-010-window-000,validation,shake,same_label,sim-device-03-session-01-shake-019-window-000,shake,0.6281041930849922,sim-device-01-session-01-shake-016-window-000,shake,6.653366974623174,8.614999327451027
sim-device-04-session-02-shake-011-window-000,validation,shake,any_label,sim-device-06-session-01-still-002-window-000,still,0.5752545867710582,sim-device-06-session-01-shake-010-window-000,shake,6.127230337047687,8.257337143932904
sim-device-04-session-02-shake-011-window-000,validation,shake,same_label,sim-device-03-session-01-shake-005-window-000,shake,0.6727072102959811,sim-device-06-session-01-shake-010-window-000,shake,6.127230337047687,8.03353827517527
sim-device-04-session-02-shake-012-window-000,validation,shake,any_label,sim-device-03-session-01-nod-002-window-000,nod,0.7204464086751443,sim-device-01-session-01-shake-014-window-000,shake,5.324164694064923,8.13757615988188
sim-device-04-session-02-shake-012-window-000,validation,shake,same_label,sim-device-04-session-01-shake-020-window-000,shake,0.8282726740011362,sim-device-01-session-01-shake-014-window-000,shake,5.324164694064923,8.125190200233558
sim-device-04-session-02-shake-013-window-000,validation,shake,any_label,sim-device-05-session-01-still-007-window-000,still,0.6680137612301584,sim-device-01-session-01-shake-002-window-000,shake,6.636830801787785,10.672190071697766
sim-device-04-session-02-shake-013-window-000,validation,shake,same_label,sim-device-01-session-01-shake-004-window-000,shake,0.7238338800080225,sim-device-01-session-01-shake-002-window-000,shake,6.636830801787785,10.41961204584249
sim-device-04-session-02-shake-014-window-000,validation,shake,any_label,sim-device-05-session-01-still-001-window-000,still,1.0416730894357185,sim-device-05-session-01-shake-016-window-000,shake,11.759561740074504,16.043711068155126
sim-device-04-session-02-shake-014-window-000,validation,shake,same_label,sim-device-04-session-01-shake-014-window-000,shake,1.1459062851605792,sim-device-05-session-01-shake-016-window-000,shake,11.759561740074504,11.877563139859877
sim-device-04-session-02-shake-015-window-000,validation,shake,any_label,sim-device-05-session-01-shake-008-window-000,shake,0.7366728706186292,sim-device-05-session-01-shake-010-window-000,shake,7.238087376091035,12.580943210996875
sim-device-04-session-02-shake-015-window-000,validation,shake,same_label,sim-device-05-session-01-shake-008-window-000,shake,0.7366728706186292,sim-device-05-session-01-shake-010-window-000,shake,7.238087376091035,12.580943210996875
sim-device-04-session-02-shake-016-window-000,validation,shake,any_label,sim-device-02-session-01-still-019-window-000,still,0.7017120708567479,sim-device-05-session-01-shake-011-window-000,shake,7.872573340134497,10.018059681176391
sim-device-04-session-02-shake-016-window-000,validation,shake,same_label,sim-device-05-session-01-shake-004-window-000,shake,0.7065614522125061,sim-device-05-session-01-shake-011-window-000,shake,7.872573340134497,9.238973650822155
sim-device-04-session-02-shake-017-window-000,validation,shake,any_label,sim-device-04-session-01-still-001-window-000,still,0.5556233737214386,sim-device-06-session-01-shake-010-window-000,shake,5.311511820228797,6.747447858505768
sim-device-04-session-02-shake-017-window-000,validation,shake,same_label,sim-device-03-session-01-shake-019-window-000,shake,0.7061835235699331,sim-device-06-session-01-shake-010-window-000,shake,5.311511820228797,6.868594017345936
sim-device-04-session-02-shake-018-window-000,validation,shake,any_label,sim-device-03-session-01-shake-001-window-000,shake,0.8037110118934129,sim-device-02-session-01-shake-005-window-000,shake,7.437620953079366,10.846037660318865
sim-device-04-session-02-shake-018-window-000,validation,shake,same_label,sim-device-03-session-01-shake-001-window-000,shake,0.8037110118934129,sim-device-02-session-01-shake-005-window-000,shake,7.437620953079366,10.846037660318865
sim-device-04-session-02-shake-019-window-000,validation,shake,any_label,sim-device-03-session-01-look_left_return-019-window-000,look_left_return,0.7843410502683877,sim-device-06-session-01-look_left_return-020-window-000,look_left_return,7.353454999441291,11.81089584554121
sim-device-04-session-02-shake-019-window-000,validation,shake,same_label,sim-device-06-session-01-shake-018-window-000,shake,0.8004970764898964,sim-device-04-session-01-shake-012-window-000,shake,7.958005931298121,14.139651900501123
sim-device-04-session-02-shake-020-window-000,validation,shake,any_label,sim-device-03-session-01-shake-011-window-000,shake,0.7918556712649917,sim-device-03-session-01-shake-011-window-000,shake,9.72210799610332,9.72210799610332
sim-device-04-session-02-shake-020-window-000,validation,shake,same_label,sim-device-03-session-01-shake-011-window-000,shake,0.7918556712649917,sim-device-03-session-01-shake-011-window-000,shake,9.72210799610332,9.72210799610332
sim-device-04-session-02-still-001-window-000,validation,still,any_label,sim-device-06-session-01-still-003-window-000,still,0.6047993642493862,sim-device-06-session-01-still-004-window-000,still,3.963529572595782,5.358956770601507
sim-device-04-session-02-still-001-window-000,validation,still,same_label,sim-device-06-session-01-still-003-window-000,still,0.6047993642493862,sim-device-06-session-01-still-004-window-000,still,3.963529572595782,5.358956770601507
sim-device-04-session-02-still-002-window-000,validation,still,any_label,sim-device-03-session-01-shake-005-window-000,shake,0.7211454658554053,sim-device-03-session-01-still-007-window-000,still,6.237394598880853,8.52257779256298
sim-device-04-session-02-still-002-window-000,validation,still,same_label,sim-device-02-session-01-still-008-window-000,still,0.7214425080195854,sim-device-03-session-01-still-007-window-000,still,6.237394598880853,8.280531828079969
sim-device-04-session-02-still-003-window-000,validation,still,any_label,sim-device-05-session-01-still-012-window-000,still,0.5835238621996837,sim-device-01-session-01-still-009-window-000,still,3.1133506052593543,4.4385237073844905
sim-device-04-session-02-still-003-window-000,validation,still,same_label,sim-device-05-session-01-still-012-window-000,still,0.5835238621996837,sim-device-01-session-01-still-009-window-000,still,3.1133506052593543,4.4385237073844905
sim-device-04-session-02-still-004-window-000,validation,still,any_label,sim-device-01-session-01-look_left_return-006-window-000,look_left_return,0.6299823345848765,sim-device-01-session-01-look_left_return-014-window-000,look_left_return,3.237478808309726,8.18658512277935
sim-device-04-session-02-still-004-window-000,validation,still,same_label,sim-device-01-session-01-still-018-window-000,still,0.6699418992475668,sim-device-04-session-01-still-009-window-000,still,4.171348856800157,8.26452232252457
sim-device-04-session-02-still-005-window-000,validation,still,any_label,sim-device-02-session-01-look_right_return-011-window-000,look_right_return,0.6122525310421787,sim-device-04-session-01-still-011-window-000,still,3.3389563574809697,11.110928778759497
sim-device-04-session-02-still-005-window-000,validation,still,same_label,sim-device-01-session-01-still-018-window-000,still,0.6191566540900411,sim-device-04-session-01-still-011-window-000,still,3.3389563574809697,7.58488341637033
sim-device-04-session-02-still-006-window-000,validation,still,any_label,sim-device-01-session-01-shake-018-window-000,shake,0.7660910936520956,sim-device-03-session-01-still-014-window-000,still,4.779712126618928,11.878582497262038
sim-device-04-session-02-still-006-window-000,validation,still,same_label,sim-device-03-session-01-still-014-window-000,still,0.7971340388343345,sim-device-03-session-01-still-014-window-000,still,4.779712126618928,4.779712126618928
sim-device-04-session-02-still-007-window-000,validation,still,any_label,sim-device-06-session-01-still-020-window-000,still,0.712495459798898,sim-device-05-session-01-still-003-window-000,still,3.2855607165474083,7.2312642186296605
sim-device-04-session-02-still-007-window-000,validation,still,same_label,sim-device-06-session-01-still-020-window-000,still,0.712495459798898,sim-device-05-session-01-still-003-window-000,still,3.2855607165474083,7.2312642186296605
sim-device-04-session-02-still-008-window-000,validation,still,any_label,sim-device-01-session-01-still-005-window-000,still,0.5935865265357189,sim-device-04-session-01-still-020-window-000,still,4.04042840769276,6.042769202180072
sim-device-04-session-02-still-008-window-000,validation,still,same_label,sim-device-01-session-01-still-005-window-000,still,0.5935865265357189,sim-device-04-session-01-still-020-window-000,still,4.04042840769276,6.042769202180072
sim-device-04-session-02-still-009-window-000,validation,still,any_label,sim-device-01-session-01-look_left_return-016-window-000,look_left_return,0.7294988658364451,sim-device-06-session-01-still-009-window-000,still,3.794885652508142,8.880767101533696
sim-device-04-session-02-still-009-window-000,validation,still,same_label,sim-device-01-session-01-still-011-window-000,still,0.736713384560939,sim-device-06-session-01-still-009-window-000,still,3.794885652508142,5.641299166798697
sim-device-04-session-02-still-010-window-000,validation,still,any_label,sim-device-02-session-01-still-007-window-000,still,0.6131716194893112,sim-device-06-session-01-still-011-window-000,still,3.7307474011749746,6.448037096008065
sim-device-04-session-02-still-010-window-000,validation,still,same_label,sim-device-02-session-01-still-007-window-000,still,0.6131716194893112,sim-device-06-session-01-still-011-window-000,still,3.7307474011749746,6.448037096008065
sim-device-04-session-02-still-011-window-000,validation,still,any_label,sim-device-05-session-01-still-018-window-000,still,0.5778124579407485,sim-device-04-session-01-still-020-window-000,still,3.5811254649382556,7.438954009704894
sim-device-04-session-02-still-011-window-000,validation,still,same_label,sim-device-05-session-01-still-018-window-000,still,0.5778124579407485,sim-device-04-session-01-still-020-window-000,still,3.5811254649382556,7.438954009704894
sim-device-04-session-02-still-012-window-000,validation,still,any_label,sim-device-05-session-01-still-003-window-000,still,0.6271478242969907,sim-device-05-session-01-still-003-window-000,still,4.01880571781579,4.01880571781579
sim-device-04-session-02-still-012-window-000,validation,still,same_label,sim-device-05-session-01-still-003-window-000,still,0.6271478242969907,sim-device-05-session-01-still-003-window-000,still,4.01880571781579,4.01880571781579
sim-device-04-session-02-still-013-window-000,validation,still,any_label,sim-device-06-session-01-still-012-window-000,still,0.601040458095992,sim-device-03-session-01-still-018-window-000,still,3.729855398993907,5.391781649770755
sim-device-04-session-02-still-013-window-000,validation,still,same_label,sim-device-06-session-01-still-012-window-000,still,0.601040458095992,sim-device-03-session-01-still-018-window-000,still,3.729855398993907,5.391781649770755
sim-device-04-session-02-still-014-window-000,validation,still,any_label,sim-device-04-session-01-still-014-window-000,still,0.6611547663013396,sim-device-02-session-01-still-019-window-000,still,5.676138381793788,7.631975257676111
sim-device-04-session-02-still-014-window-000,validation,still,same_label,sim-device-04-session-01-still-014-window-000,still,0.6611547663013396,sim-device-02-session-01-still-019-window-000,still,5.676138381793788,7.631975257676111
sim-device-04-session-02-still-015-window-000,validation,still,any_label,sim-device-01-session-01-shake-016-window-000,shake,0.6449811599062507,sim-device-03-session-01-still-009-window-000,still,5.372345166417176,5.587333802776034
sim-device-04-session-02-still-015-window-000,validation,still,same_label,sim-device-06-session-01-still-020-window-000,still,0.7001737493732089,sim-device-03-session-01-still-009-window-000,still,5.372345166417176,7.267672614448752
sim-device-04-session-02-still-016-window-000,validation,still,any_label,sim-device-01-session-01-shake-011-window-000,shake,0.5653349985651235,sim-device-06-session-01-still-004-window-000,still,3.0788132487349826,6.839286473045149
sim-device-04-session-02-still-016-window-000,validation,still,same_label,sim-device-06-session-01-still-003-window-000,still,0.6426100967951568,sim-device-06-session-01-still-004-window-000,still,3.0788132487349826,5.330160870712058
sim-device-04-session-02-still-017-window-000,validation,still,any_label,sim-device-04-session-01-still-020-window-000,still,0.5624215995490977,sim-device-04-session-01-still-002-window-000,still,3.220671706189196,4.236863228415756
sim-device-04-session-02-still-017-window-000,validation,still,same_label,sim-device-04-session-01-still-020-window-000,still,0.5624215995490977,sim-device-04-session-01-still-002-window-000,still,3.220671706189196,4.236863228415756
sim-device-04-session-02-still-018-window-000,validation,still,any_label,sim-device-06-session-01-still-012-window-000,still,0.6051677390821926,sim-device-06-session-01-still-003-window-000,still,4.253593839689474,5.8828534772852805
sim-device-04-session-02-still-018-window-000,validation,still,same_label,sim-device-06-session-01-still-012-window-000,still,0.6051677390821926,sim-device-06-session-01-still-003-window-000,still,4.253593839689474,5.8828534772852805
sim-device-04-session-02-still-019-window-000,validation,still,any_label,sim-device-01-session-01-look_left_return-010-window-000,look_left_return,0.5349829896310168,sim-device-04-session-01-still-004-window-000,still,3.2336405300147333,5.519618577568017
sim-device-04-session-02-still-019-window-000,validation,still,same_label,sim-device-05-session-01-still-003-window-000,still,0.620663767422632,sim-device-04-session-01-still-004-window-000,still,3.2336405300147333,5.6042060467917905
sim-device-04-session-02-still-020-window-000,validation,still,any_label,sim-device-02-session-01-nod-014-window-000,nod,0.5929272925526341,sim-device-03-session-01-shake-007-window-000,shake,4.1408887933437875,6.843709822460798
sim-device-04-session-02-still-020-window-000,validation,still,same_label,sim-device-01-session-01-still-005-window-000,still,0.6418100481432881,sim-device-01-session-01-still-014-window-000,still,4.205222477089483,6.4648537291451715
sim-device-05-session-02-look_left_return-001-window-000,validation,look_left_return,any_label,sim-device-06-session-01-look_left_return-016-window-000,look_left_return,0.9243811066571598,sim-device-04-session-01-look_left_return-020-window-000,look_left_return,7.662871654315281,10.931818684136465
sim-device-05-session-02-look_left_return-001-window-000,validation,look_left_return,same_label,sim-device-06-session-01-look_left_return-016-window-000,look_left_return,0.9243811066571598,sim-device-04-session-01-look_left_return-020-window-000,look_left_return,7.662871654315281,10.931818684136465
sim-device-05-session-02-look_left_return-002-window-000,validation,look_left_return,any_label,sim-device-06-session-01-still-013-window-000,still,0.5732139448997128,sim-device-04-session-01-look_left_return-008-window-000,look_left_return,4.369042150071204,6.375669547182787
sim-device-05-session-02-look_left_return-002-window-000,validation,look_left_return,same_label,sim-device-06-session-01-look_left_return-003-window-000,look_left_return,0.629845430574826,sim-device-04-session-01-look_left_return-008-window-000,look_left_return,4.369042150071204,6.117255610678271
sim-device-05-session-02-look_left_return-003-window-000,validation,look_left_return,any_label,sim-device-04-session-01-look_left_return-009-window-000,look_left_return,0.6044151014733047,sim-device-04-session-01-look_left_return-016-window-000,look_left_return,5.21860880408208,8.004498350109271
sim-device-05-session-02-look_left_return-003-window-000,validation,look_left_return,same_label,sim-device-04-session-01-look_left_return-009-window-000,look_left_return,0.6044151014733047,sim-device-04-session-01-look_left_return-016-window-000,look_left_return,5.21860880408208,8.004498350109271
sim-device-05-session-02-look_left_return-004-window-000,validation,look_left_return,any_label,sim-device-05-session-01-look_left_return-006-window-000,look_left_return,0.9430946167110386,sim-device-03-session-01-look_left_return-007-window-000,look_left_return,9.888055984269016,12.742680526004953
sim-device-05-session-02-look_left_return-004-window-000,validation,look_left_return,same_label,sim-device-05-session-01-look_left_return-006-window-000,look_left_return,0.9430946167110386,sim-device-03-session-01-look_left_return-007-window-000,look_left_return,9.888055984269016,12.742680526004953
sim-device-05-session-02-look_left_return-005-window-000,validation,look_left_return,any_label,sim-device-01-session-01-look_left_return-007-window-000,look_left_return,0.763601375058495,sim-device-01-session-01-look_left_return-007-window-000,look_left_return,9.640437293650749,9.640437293650749
sim-device-05-session-02-look_left_return-005-window-000,validation,look_left_return,same_label,sim-device-01-session-01-look_left_return-007-window-000,look_left_return,0.763601375058495,sim-device-01-session-01-look_left_return-007-window-000,look_left_return,9.640437293650749,9.640437293650749
sim-device-05-session-02-look_left_return-006-window-000,validation,look_left_return,any_label,sim-device-05-session-01-still-007-window-000,still,0.7587079186711047,sim-device-01-session-01-look_left_return-006-window-000,look_left_return,11.050592888913554,13.404725203312292
sim-device-05-session-02-look_left_return-006-window-000,validation,look_left_return,same_label,sim-device-04-session-01-look_left_return-009-window-000,look_left_return,0.824465029465271,sim-device-01-session-01-look_left_return-006-window-000,look_left_return,11.050592888913554,13.892984099019639
sim-device-05-session-02-look_left_return-007-window-000,validation,look_left_return,any_label,sim-device-06-session-01-look_left_return-016-window-000,look_left_return,0.9573607607522983,sim-device-02-session-01-look_left_return-003-window-000,look_left_return,9.814385878259024,12.493551444390375
sim-device-05-session-02-look_left_return-007-window-000,validation,look_left_return,same_label,sim-device-06-session-01-look_left_return-016-window-000,look_left_return,0.9573607607522983,sim-device-02-session-01-look_left_return-003-window-000,look_left_return,9.814385878259024,12.493551444390375
sim-device-05-session-02-look_left_return-008-window-000,validation,look_left_return,any_label,sim-device-03-session-01-look_left_return-016-window-000,look_left_return,0.7857806499610386,sim-device-03-session-01-look_left_return-016-window-000,look_left_return,9.392418162699384,9.392418162699384
sim-device-05-session-02-look_left_return-008-window-000,validation,look_left_return,same_label,sim-device-03-session-01-look_left_return-016-window-000,look_left_return,0.7857806499610386,sim-device-03-session-01-look_left_return-016-window-000,look_left_return,9.392418162699384,9.392418162699384
sim-device-05-session-02-look_left_return-009-window-000,validation,look_left_return,any_label,sim-device-02-session-01-shake-017-window-000,shake,0.8108833025061529,sim-device-02-session-01-look_left_return-003-window-000,look_left_return,7.231906373993142,13.121794422925767
sim-device-05-session-02-look_left_return-009-window-000,validation,look_left_return,same_label,sim-device-02-session-01-look_left_return-016-window-000,look_left_return,0.8524130034316577,sim-device-02-session-01-look_left_return-003-window-000,look_left_return,7.231906373993142,8.11927401621893
sim-device-05-session-02-look_left_return-010-window-000,validation,look_left_return,any_label,sim-device-04-session-01-look_left_return-014-window-000,look_left_return,0.857923666833106,sim-device-02-session-01-look_left_return-003-window-000,look_left_return,9.058053005040206,11.276130580384336
sim-device-05-session-02-look_left_return-010-window-000,validation,look_left_return,same_label,sim-device-04-session-01-look_left_return-014-window-000,look_left_return,0.857923666833106,sim-device-02-session-01-look_left_return-003-window-000,look_left_return,9.058053005040206,11.276130580384336
sim-device-05-session-02-look_left_return-011-window-000,validation,look_left_return,any_label,sim-device-06-session-01-look_left_return-002-window-000,look_left_return,1.0997914163989246,sim-device-06-session-01-look_left_return-002-window-000,look_left_return,10.492749495720426,10.492749495720426
sim-device-05-session-02-look_left_return-011-window-000,validation,look_left_return,same_label,sim-device-06-session-01-look_left_return-002-window-000,look_left_return,1.0997914163989246,sim-device-06-session-01-look_left_return-002-window-000,look_left_return,10.492749495720426,10.492749495720426
sim-device-05-session-02-look_left_return-012-window-000,validation,look_left_return,any_label,sim-device-05-session-01-look_left_return-002-window-000,look_left_return,0.8588526671876587,sim-device-06-session-01-look_left_return-017-window-000,look_left_return,10.984946293606743,11.927038637403262
sim-device-05-session-02-look_left_return-012-window-000,validation,look_left_return,same_label,sim-device-05-session-01-look_left_return-002-window-000,look_left_return,0.8588526671876587,sim-device-06-session-01-look_left_return-017-window-000,look_left_return,10.984946293606743,11.927038637403262
sim-device-05-session-02-look_left_return-013-window-000,validation,look_left_return,any_label,sim-device-04-session-01-shake-012-window-000,shake,1.0524304881088435,sim-device-02-session-01-look_left_return-003-window-000,look_left_return,8.53277271885077,14.683625493587598
sim-device-05-session-02-look_left_return-013-window-000,validation,look_left_return,same_label,sim-device-01-session-01-look_left_return-011-window-000,look_left_return,1.141743359924111,sim-device-02-session-01-look_left_return-003-window-000,look_left_return,8.53277271885077,10.779688703129544
sim-device-05-session-02-look_left_return-014-window-000,validation,look_left_return,any_label,sim-device-04-session-01-still-009-window-000,still,0.7956980783642343,sim-device-06-session-01-look_left_return-003-window-000,look_left_return,7.576434901459275,8.850976357433936
sim-device-05-session-02-look_left_return-014-window-000,validation,look_left_return,same_label,sim-device-01-session-01-look_left_return-016-window-000,look_left_return,0.8349802212758891,sim-device-06-session-01-look_left_return-003-window-000,look_left_return,7.576434901459275,10.679916081890784
sim-device-05-session-02-look_left_return-015-window-000,validation,look_left_return,any_label,sim-device-04-session-01-still-019-window-000,still,0.6871147467523202,sim-device-01-session-01-look_left_return-016-window-000,look_left_return,6.313210979768817,9.887924237656941
sim-device-05-session-02-look_left_return-015-window-000,validation,look_left_return,same_label,sim-device-04-session-01-look_left_return-015-window-000,look_left_return,0.7354719773711783,sim-device-01-session-01-look_left_return-016-window-000,look_left_return,6.313210979768817,6.974766744233722
sim-device-05-session-02-look_left_return-016-window-000,validation,look_left_return,any_label,sim-device-03-session-01-look_left_return-007-window-000,look_left_return,0.7333557764554983,sim-device-03-session-01-look_left_return-007-window-000,look_left_return,6.798762689494525,6.798762689494525
sim-device-05-session-02-look_left_return-016-window-000,validation,look_left_return,same_label,sim-device-03-session-01-look_left_return-007-window-000,look_left_return,0.7333557764554983,sim-device-03-session-01-look_left_return-007-window-000,look_left_return,6.798762689494525,6.798762689494525
sim-device-05-session-02-look_left_return-017-window-000,validation,look_left_return,any_label,sim-device-04-session-01-shake-003-window-000,shake,0.5657698060653207,sim-device-04-session-01-shake-013-window-000,shake,6.164981021469409,7.029823350671331
sim-device-05-session-02-look_left_return-017-window-000,validation,look_left_return,same_label,sim-device-05-session-01-look_left_return-008-window-000,look_left_return,0.728994764091497,sim-device-05-session-01-look_left_return-008-window-000,look_left_return,6.257757775413223,6.257757775413223
sim-device-05-session-02-look_left_return-018-window-000,validation,look_left_return,any_label,sim-device-04-session-01-look_left_return-014-window-000,look_left_return,0.8654963444421488,sim-device-06-session-01-look_left_return-016-window-000,look_left_return,8.694091948736741,9.980737786893066
sim-device-05-session-02-look_left_return-018-window-000,validation,look_left_return,same_label,sim-device-04-session-01-look_left_return-014-window-000,look_left_return,0.8654963444421488,sim-device-06-session-01-look_left_return-016-window-000,look_left_return,8.694091948736741,9.980737786893066
sim-device-05-session-02-look_left_return-019-window-000,validation,look_left_return,any_label,sim-device-04-session-01-still-015-window-000,still,0.6741950956943521,sim-device-04-session-01-look_left_return-011-window-000,look_left_return,5.140794269889655,10.76466680017735
sim-device-05-session-02-look_left_return-019-window-000,validation,look_left_return,same_label,sim-device-04-session-01-look_left_return-013-window-000,look_left_return,0.7184775671599793,sim-device-04-session-01-look_left_return-011-window-000,look_left_return,5.140794269889655,10.068061450307287
sim-device-05-session-02-look_left_return-020-window-000,validation,look_left_return,any_label,sim-device-06-session-01-still-019-window-000,still,0.7055834005983056,sim-device-04-session-01-look_left_return-016-window-000,look_left_return,4.9066610360433,10.239058204211595
sim-device-05-session-02-look_left_return-020-window-000,validation,look_left_return,same_label,sim-device-01-session-01-look_left_return-015-window-000,look_left_return,0.7135878172134116,sim-device-04-session-01-look_left_return-016-window-000,look_left_return,4.9066610360433,6.223947730525642
sim-device-05-session-02-look_right_return-001-window-000,validation,look_right_return,any_label,sim-device-06-session-01-look_right_return-002-window-000,look_right_return,0.8917241420927776,sim-device-04-session-01-look_right_return-006-window-000,look_right_return,7.7597575802290875,9.998669650536911
sim-device-05-session-02-look_right_return-001-window-000,validation,look_right_return,same_label,sim-device-06-session-01-look_right_return-002-window-000,look_right_return,0.8917241420927776,sim-device-04-session-01-look_right_return-006-window-000,look_right_return,7.7597575802290875,9.998669650536911
sim-device-05-session-02-look_right_return-002-window-000,validation,look_right_return,any_label,sim-device-05-session-01-look_right_return-001-window-000,look_right_return,0.8418822998457429,sim-device-02-session-01-look_right_return-017-window-000,look_right_return,9.578679348960955,13.400498710123424
sim-device-05-session-02-look_right_return-002-window-000,validation,look_right_return,same_label,sim-device-05-session-01-look_right_return-001-window-000,look_right_return,0.8418822998457429,sim-device-02-session-01-look_right_return-017-window-000,look_right_return,9.578679348960955,13.400498710123424
sim-device-05-session-02-look_right_return-003-window-000,validation,look_right_return,any_label,sim-device-04-session-01-look_right_return-017-window-000,look_right_return,0.7414933687941209,sim-device-04-session-01-look_right_return-017-window-000,look_right_return,7.346582948273371,7.346582948273371
sim-device-05-session-02-look_right_return-003-window-000,validation,look_right_return,same_label,sim-device-04-session-01-look_right_return-017-window-000,look_right_return,0.7414933687941209,sim-device-04-session-01-look_right_return-017-window-000,look_right_return,7.346582948273371,7.346582948273371
sim-device-05-session-02-look_right_return-004-window-000,validation,look_right_return,any_label,sim-device-04-session-01-shake-020-window-000,shake,0.6435473165616108,sim-device-05-session-01-still-008-window-000,still,5.38021141755002,7.14964784440814
sim-device-05-session-02-look_right_return-004-window-000,validation,look_right_return,same_label,sim-device-06-session-01-look_right_return-020-window-000,look_right_return,0.8310887122573033,sim-device-04-session-01-look_right_return-005-window-000,look_right_return,7.063256653876602,11.922373724595344
sim-device-05-session-02-look_right_return-005-window-000,validation,look_right_return,any_label,sim-device-05-session-01-still-001-window-000,still,0.581983631050199,sim-device-01-session-01-look_right_return-012-window-000,look_right_return,5.676780593615026,6.72067769249435
sim-device-05-session-02-look_right_return-005-window-000,validation,look_right_return,same_label,sim-device-02-session-01-look_right_return-008-window-000,look_right_return,0.7817292342137159,sim-device-01-session-01-look_right_return-012-window-000,look_right_return,5.676780593615026,7.268943809466935
sim-device-05-session-02-look_right_return-006-window-000,validation,look_right_return,any_label,sim-device-05-session-01-look_right_return-007-window-000,look_right_return,0.6465594747645056,sim-device-05-session-01-shake-005-window-000,shake,6.644953014737191,7.089575257468556
sim-device-05-session-02-look_right_return-006-window-000,validation,look_right_return,same_label,sim-device-05-session-01-look_right_return-007-window-000,look_right_return,0.6465594747645056,sim-device-05-session-01-look_right_return-007-window-000,look_right_return,7.089575257468556,7.089575257468556
sim-device-05-session-02-look_right_return-007-window-000,validation,look_right_return,any_label,sim-device-01-session-01-shake-001-window-000,shake,0.6242702872644611,sim-device-04-session-01-look_right_return-002-window-000,look_right_return,5.570212010253896,7.777611215399241
sim-device-05-session-02-look_right_return-007-window-000,validation,look_right_return,same_label,sim-device-05-session-01-look_right_return-016-window-000,look_right_return,0.6428877250104955,sim-device-04-session-01-look_right_return-002-window-000,look_right_return,5.570212010253896,9.59268987182491
sim-device-05-session-02-look_right_return-008-window-000,validation,look_right_return,any_label,sim-device-03-session-01-look_right_return-010-window-000,look_right_return,0.6189616612681078,sim-device-03-session-01-look_right_return-010-window-000,look_right_return,5.473410894119535,5.473410894119535
sim-device-05-session-02-look_right_return-008-window-000,validation,look_right_return,same_label,sim-device-03-session-01-look_right_return-010-window-000,look_right_return,0.6189616612681078,sim-device-03-session-01-look_right_return-010-window-000,look_right_return,5.473410894119535,5.473410894119535
sim-device-05-session-02-look_right_return-009-window-000,validation,look_right_return,any_label,sim-device-06-session-01-look_right_return-006-window-000,look_right_return,0.7414696330863942,sim-device-04-session-01-look_right_return-002-window-000,look_right_return,8.421449755460795,9.268330579338318
sim-device-05-session-02-look_right_return-009-window-000,validation,look_right_return,same_label,sim-device-06-session-01-look_right_return-006-window-000,look_right_return,0.7414696330863942,sim-device-04-session-01-look_right_return-002-window-000,look_right_return,8.421449755460795,9.268330579338318
sim-device-05-session-02-look_right_return-010-window-000,validation,look_right_return,any_label,sim-device-03-session-01-look_right_return-019-window-000,look_right_return,0.7723221054284944,sim-device-02-session-01-look_right_return-012-window-000,look_right_return,8.828217849727585,10.984637293110799
sim-device-05-session-02-look_right_return-010-window-000,validation,look_right_return,same_label,sim-device-03-session-01-look_right_return-019-window-000,look_right_return,0.7723221054284944,sim-device-02-session-01-look_right_return-012-window-000,look_right_return,8.828217849727585,10.984637293110799
sim-device-05-session-02-look_right_return-011-window-000,validation,look_right_return,any_label,sim-device-01-session-01-look_right_return-019-window-000,look_right_return,0.7744297520357574,sim-device-06-session-01-look_right_return-001-window-000,look_right_return,7.166711392635621,9.816550292776386
sim-device-05-session-02-look_right_return-011-window-000,validation,look_right_return,same_label,sim-device-01-session-01-look_right_return-019-window-000,look_right_return,0.7744297520357574,sim-device-06-session-01-look_right_return-001-window-000,look_right_return,7.166711392635621,9.816550292776386
sim-device-05-session-02-look_right_return-012-window-000,validation,look_right_return,any_label,sim-device-03-session-01-look_right_return-011-window-000,look_right_return,1.0999334269599952,sim-device-05-session-01-look_right_return-019-window-000,look_right_return,12.054450388655566,14.01554277745704
sim-device-05-session-02-look_right_return-012-window-000,validation,look_right_return,same_label,sim-device-03-session-01-look_right_return-011-window-000,look_right_return,1.0999334269599952,sim-device-05-session-01-look_right_return-019-window-000,look_right_return,12.054450388655566,14.01554277745704
sim-device-05-session-02-look_right_return-013-window-000,validation,look_right_return,any_label,sim-device-01-session-01-still-018-window-000,still,0.6825521600327324,sim-device-02-session-01-look_right_return-011-window-000,look_right_return,6.138195034188763,8.842464836492404
sim-device-05-session-02-look_right_return-013-window-000,validation,look_right_return,same_label,sim-device-02-session-01-look_right_return-011-window-000,look_right_return,0.7497720225639716,sim-device-02-session-01-look_right_return-011-window-000,look_right_return,6.138195034188763,6.138195034188763
sim-device-05-session-02-look_right_return-014-window-000,validation,look_right_return,any_label,sim-device-02-session-01-still-007-window-000,still,0.6203708965523256,sim-device-06-session-01-shake-002-window-000,shake,6.653235603277872,7.895744539217306
sim-device-05-session-02-look_right_return-014-window-000,validation,look_right_return,same_label,sim-device-01-session-01-look_right_return-012-window-000,look_right_return,0.7289046919139051,sim-device-01-session-01-look_right_return-007-window-000,look_right_return,7.069796148800399,8.065181163691957
sim-device-05-session-02-look_right_return-015-window-000,validation,look_right_return,any_label,sim-device-02-session-01-look_right_return-006-window-000,look_right_return,0.5942603937561278,sim-device-02-session-01-look_right_return-006-window-000,look_right_return,6.166328437532393,6.166328437532393
sim-device-05-session-02-look_right_return-015-window-000,validation,look_right_return,same_label,sim-device-02-session-01-look_right_return-006-window-000,look_right_return,0.5942603937561278,sim-device-02-session-01-look_right_return-006-window-000,look_right_return,6.166328437532393,6.166328437532393
sim-device-05-session-02-look_right_return-016-window-000,validation,look_right_return,any_label,sim-device-03-session-01-look_right_return-014-window-000,look_right_return,0.7822937663834632,sim-device-02-session-01-look_right_return-006-window-000,look_right_return,7.147485690760244,10.371819248013765
sim-device-05-session-02-look_right_return-016-window-000,validation,look_right_return,same_label,sim-device-03-session-01-look_right_return-014-window-000,look_right_return,0.7822937663834632,sim-device-02-session-01-look_right_return-006-window-000,look_right_return,7.147485690760244,10.371819248013765
sim-device-05-session-02-look_right_return-017-window-000,validation,look_right_return,any_label,sim-device-04-session-01-look_right_return-006-window-000,look_right_return,1.1718722117431357,sim-device-04-session-01-look_right_return-006-window-000,look_right_return,12.607083981530595,12.607083981530595
sim-device-05-session-02-look_right_return-017-window-000,validation,look_right_return,same_label,sim-device-04-session-01-look_right_return-006-window-000,look_right_return,1.1718722117431357,sim-device-04-session-01-look_right_return-006-window-000,look_right_return,12.607083981530595,12.607083981530595
sim-device-05-session-02-look_right_return-018-window-000,validation,look_right_return,any_label,sim-device-06-session-01-look_right_return-006-window-000,look_right_return,0.7037064985188808,sim-device-05-session-01-look_right_return-014-window-000,look_right_return,8.242151347906095,9.10979469157257
sim-device-05-session-02-look_right_return-018-window-000,validation,look_right_return,same_label,sim-device-06-session-01-look_right_return-006-window-000,look_right_return,0.7037064985188808,sim-device-05-session-01-look_right_return-014-window-000,look_right_return,8.242151347906095,9.10979469157257
sim-device-05-session-02-look_right_return-019-window-000,validation,look_right_return,any_label,sim-device-01-session-01-look_right_return-013-window-000,look_right_return,0.7973998108799029,sim-device-04-session-01-look_right_return-002-window-000,look_right_return,5.385734870799878,10.977791186401411
sim-device-05-session-02-look_right_return-019-window-000,validation,look_right_return,same_label,sim-device-01-session-01-look_right_return-013-window-000,look_right_return,0.7973998108799029,sim-device-04-session-01-look_right_return-002-window-000,look_right_return,5.385734870799878,10.977791186401411
sim-device-05-session-02-look_right_return-020-window-000,validation,look_right_return,any_label,sim-device-02-session-01-look_right_return-003-window-000,look_right_return,0.7293465386537431,sim-device-02-session-01-look_right_return-013-window-000,look_right_return,7.661478794225848,10.856803778223092
sim-device-05-session-02-look_right_return-020-window-000,validation,look_right_return,same_label,sim-device-02-session-01-look_right_return-003-window-000,look_right_return,0.7293465386537431,sim-device-02-session-01-look_right_return-013-window-000,look_right_return,7.661478794225848,10.856803778223092
sim-device-05-session-02-nod-001-window-000,validation,nod,any_label,sim-device-01-session-01-nod-008-window-000,nod,0.7175287344597499,sim-device-01-session-01-nod-008-window-000,nod,6.91506210136619,6.91506210136619
sim-device-05-session-02-nod-001-window-000,validation,nod,same_label,sim-device-01-session-01-nod-008-window-000,nod,0.7175287344597499,sim-device-01-session-01-nod-008-window-000,nod,6.91506210136619,6.91506210136619
sim-device-05-session-02-nod-002-window-000,validation,nod,any_label,sim-device-06-session-01-nod-018-window-000,nod,0.8457267542497942,sim-device-02-session-01-nod-012-window-000,nod,9.08909978570611,11.500329443531248
sim-device-05-session-02-nod-002-window-000,validation,nod,same_label,sim-device-06-session-01-nod-018-window-000,nod,0.8457267542497942,sim-device-02-session-01-nod-012-window-000,nod,9.08909978570611,11.500329443531248
sim-device-05-session-02-nod-003-window-000,validation,nod,any_label,sim-device-04-session-01-still-005-window-000,still,1.0871833837209057,sim-device-04-session-01-shake-016-window-000,shake,14.417822178193267,16.741530561713297
sim-device-05-session-02-nod-003-window-000,validation,nod,same_label,sim-device-06-session-01-nod-011-window-000,nod,1.2542153312273796,sim-device-04-session-01-nod-002-window-000,nod,14.846016729598965,17.814486350865298
sim-device-05-session-02-nod-004-window-000,validation,nod,any_label,sim-device-03-session-01-nod-009-window-000,nod,0.8738439169884828,sim-device-06-session-01-nod-005-window-000,nod,6.7255485423591574,12.3674856447095
sim-device-05-session-02-nod-004-window-000,validation,nod,same_label,sim-device-03-session-01-nod-009-window-000,nod,0.8738439169884828,sim-device-06-session-01-nod-005-window-000,nod,6.7255485423591574,12.3674856447095
sim-device-05-session-02-nod-005-window-000,validation,nod,any_label,sim-device-04-session-01-nod-003-window-000,nod,0.940918161727723,sim-device-04-session-01-nod-003-window-000,nod,9.577675107365817,9.577675107365817
sim-device-05-session-02-nod-005-window-000,validation,nod,same_label,sim-device-04-session-01-nod-003-window-000,nod,0.940918161727723,sim-device-04-session-01-nod-003-window-000,nod,9.577675107365817,9.577675107365817
sim-device-05-session-02-nod-006-window-000,validation,nod,any_label,sim-device-03-session-01-nod-002-window-000,nod,0.7401321502386963,sim-device-04-session-01-nod-010-window-000,nod,6.9883602616606595,10.217414311491446
sim-device-05-session-02-nod-006-window-000,validation,nod,same_label,sim-device-03-session-01-nod-002-window-000,nod,0.7401321502386963,sim-device-04-session-01-nod-010-window-000,nod,6.9883602616606595,10.217414311491446
sim-device-05-session-02-nod-007-window-000,validation,nod,any_label,sim-device-05-session-01-nod-005-window-000,nod,1.058740266367799,sim-device-04-session-01-nod-003-window-000,nod,13.488556935197881,14.96445029326087
sim-device-05-session-02-nod-007-window-000,validation,nod,same_label,sim-device-05-session-01-nod-005-window-000,nod,1.058740266367799,sim-device-04-session-01-nod-003-window-000,nod,13.488556935197881,14.96445029326087
sim-device-05-session-02-nod-008-window-000,validation,nod,any_label,sim-device-01-session-01-look_left_return-016-window-000,look_left_return,1.0280140461652072,sim-device-01-session-01-still-020-window-000,still,5.873171542437592,7.102859143959977
sim-device-05-session-02-nod-008-window-000,validation,nod,same_label,sim-device-04-session-01-nod-010-window-000,nod,1.1234408321460052,sim-device-02-session-01-nod-015-window-000,nod,6.557190133023716,10.946476200943986
sim-device-05-session-02-nod-009-window-000,validation,nod,any_label,sim-device-06-session-01-nod-010-window-000,nod,1.257780894646359,sim-device-04-session-01-nod-012-window-000,nod,13.058650525276855,15.271088268104126
sim-device-05-session-02-nod-009-window-000,validation,nod,same_label,sim-device-06-session-01-nod-010-window-000,nod,1.257780894646359,sim-device-04-session-01-nod-012-window-000,nod,13.058650525276855,15.271088268104126
sim-device-05-session-02-nod-010-window-000,validation,nod,any_label,sim-device-02-session-01-nod-007-window-000,nod,1.1938922525826348,sim-device-01-session-01-nod-007-window-000,nod,14.504748535352535,15.41421683795903
sim-device-05-session-02-nod-010-window-000,validation,nod,same_label,sim-device-02-session-01-nod-007-window-000,nod,1.1938922525826348,sim-device-01-session-01-nod-007-window-000,nod,14.504748535352535,15.41421683795903
sim-device-05-session-02-nod-011-window-000,validation,nod,any_label,sim-device-06-session-01-nod-009-window-000,nod,0.6583072605436094,sim-device-06-session-01-nod-002-window-000,nod,6.357557451283891,8.243002242416273
sim-device-05-session-02-nod-011-window-000,validation,nod,same_label,sim-device-06-session-01-nod-009-window-000,nod,0.6583072605436094,sim-device-06-session-01-nod-002-window-000,nod,6.357557451283891,8.243002242416273
sim-device-05-session-02-nod-012-window-000,validation,nod,any_label,sim-device-04-session-01-nod-002-window-000,nod,1.034917575984593,sim-device-02-session-01-nod-011-window-000,nod,12.514378878175359,13.562941194040565
sim-device-05-session-02-nod-012-window-000,validation,nod,same_label,sim-device-04-session-01-nod-002-window-000,nod,1.034917575984593,sim-device-02-session-01-nod-011-window-000,nod,12.514378878175359,13.562941194040565
sim-device-05-session-02-nod-013-window-000,validation,nod,any_label,sim-device-02-session-01-nod-006-window-000,nod,0.8092074860135028,sim-device-03-session-01-nod-011-window-000,nod,9.058859962485643,11.061351510649033
sim-device-05-session-02-nod-013-window-000,validation,nod,same_label,sim-device-02-session-01-nod-006-window-000,nod,0.8092074860135028,sim-device-03-session-01-nod-011-window-000,nod,9.058859962485643,11.061351510649033
sim-device-05-session-02-nod-014-window-000,validation,nod,any_label,sim-device-02-session-01-shake-009-window-000,shake,0.8928768182179724,sim-device-01-session-01-nod-012-window-000,nod,7.571811248159684,14.079407196098417
sim-device-05-session-02-nod-014-window-000,validation,nod,same_label,sim-device-03-session-01-nod-020-window-000,nod,1.0025306040868003,sim-device-01-session-01-nod-012-window-000,nod,7.571811248159684,8.514553405510734
sim-device-05-session-02-nod-015-window-000,validation,nod,any_label,sim-device-05-session-01-still-006-window-000,still,0.7351463091457245,sim-device-06-session-01-still-001-window-000,still,5.260206300349265,5.705109866028832
sim-device-05-session-02-nod-015-window-000,validation,nod,same_label,sim-device-03-session-01-nod-014-window-000,nod,0.8527231225302528,sim-device-03-session-01-nod-014-window-000,nod,8.242966992010606,8.242966992010606
sim-device-05-session-02-nod-016-window-000,validation,nod,any_label,sim-device-04-session-01-still-015-window-000,still,0.6169636601628593,sim-device-05-session-01-nod-011-window-000,nod,6.590125372478069,7.895860787884436
sim-device-05-session-02-nod-016-window-000,validation,nod,same_label,sim-device-05-session-01-nod-011-window-000,nod,0.6315203044093425,sim-device-05-session-01-nod-011-window-000,nod,6.590125372478069,6.590125372478069
sim-device-05-session-02-nod-017-window-000,validation,nod,any_label,sim-device-04-session-01-nod-020-window-000,nod,0.6475734290226492,sim-device-05-session-01-nod-006-window-000,nod,7.416016661527914,8.13173236394031
sim-device-05-session-02-nod-017-window-000,validation,nod,same_label,sim-device-04-session-01-nod-020-window-000,nod,0.6475734290226492,sim-device-05-session-01-nod-006-window-000,nod,7.416016661527914,8.13173236394031
sim-device-05-session-02-nod-018-window-000,validation,nod,any_label,sim-device-05-session-01-look_left_return-017-window-000,look_left_return,0.850898672226065,sim-device-03-session-01-nod-016-window-000,nod,9.488604526699731,12.44659257336737
sim-device-05-session-02-nod-018-window-000,validation,nod,same_label,sim-device-04-session-01-nod-007-window-000,nod,0.8713099798190411,sim-device-03-session-01-nod-016-window-000,nod,9.488604526699731,10.717093591964298
sim-device-05-session-02-nod-019-window-000,validation,nod,any_label,sim-device-02-session-01-nod-004-window-000,nod,0.7735477613280756,sim-device-04-session-01-nod-002-window-000,nod,7.696579365026634,10.198548601514393
sim-device-05-session-02-nod-019-window-000,validation,nod,same_label,sim-device-02-session-01-nod-004-window-000,nod,0.7735477613280756,sim-device-04-session-01-nod-002-window-000,nod,7.696579365026634,10.198548601514393
sim-device-05-session-02-nod-020-window-000,validation,nod,any_label,sim-device-01-session-01-nod-014-window-000,nod,0.7300736599684037,sim-device-05-session-01-nod-016-window-000,nod,5.939977268246255,9.245889108050985
sim-device-05-session-02-nod-020-window-000,validation,nod,same_label,sim-device-01-session-01-nod-014-window-000,nod,0.7300736599684037,sim-device-05-session-01-nod-016-window-000,nod,5.939977268246255,9.245889108050985
sim-device-05-session-02-shake-001-window-000,validation,shake,any_label,sim-device-02-session-01-nod-003-window-000,nod,0.7202626976196969,sim-device-04-session-01-shake-017-window-000,shake,10.22728898352576,12.885760714642641
sim-device-05-session-02-shake-001-window-000,validation,shake,same_label,sim-device-03-session-01-shake-020-window-000,shake,0.7533042039790775,sim-device-04-session-01-shake-017-window-000,shake,10.22728898352576,11.790128928462781
sim-device-05-session-02-shake-002-window-000,validation,shake,any_label,sim-device-02-session-01-shake-014-window-000,shake,0.8453799430180663,sim-device-02-session-01-shake-014-window-000,shake,9.925226198038665,9.925226198038665
sim-device-05-session-02-shake-002-window-000,validation,shake,same_label,sim-device-02-session-01-shake-014-window-000,shake,0.8453799430180663,sim-device-02-session-01-shake-014-window-000,shake,9.925226198038665,9.925226198038665
sim-device-05-session-02-shake-003-window-000,validation,shake,any_label,sim-device-02-session-01-shake-019-window-000,shake,0.9735549787411792,sim-device-04-session-01-shake-004-window-000,shake,8.690941333728713,11.089090659432031
sim-device-05-session-02-shake-003-window-000,validation,shake,same_label,sim-device-02-session-01-shake-019-window-000,shake,0.9735549787411792,sim-device-04-session-01-shake-004-window-000,shake,8.690941333728713,11.089090659432031
sim-device-05-session-02-shake-004-window-000,validation,shake,any_label,sim-device-06-session-01-look_left_return-004-window-000,look_left_return,0.8514559182722115,sim-device-01-session-01-shake-005-window-000,shake,9.206296958005876,16.821977537551977
sim-device-05-session-02-shake-004-window-000,validation,shake,same_label,sim-device-04-session-01-shake-013-window-000,shake,0.8726323829903475,sim-device-01-session-01-shake-005-window-000,shake,9.206296958005876,12.385953823522483
sim-device-05-session-02-shake-005-window-000,validation,shake,any_label,sim-device-02-session-01-still-001-window-000,still,0.5476647782937207,sim-device-06-session-01-still-002-window-000,still,5.439834368368305,6.828464621166197
sim-device-05-session-02-shake-005-window-000,validation,shake,same_label,sim-device-03-session-01-shake-012-window-000,shake,0.7753100119995546,sim-device-03-session-01-shake-012-window-000,shake,6.695798026736505,6.695798026736505
sim-device-05-session-02-shake-006-window-000,validation,shake,any_label,sim-device-06-session-01-shake-016-window-000,shake,0.802819612226906,sim-device-04-session-01-shake-011-window-000,shake,8.351564359089341,10.280147218354562
sim-device-05-session-02-shake-006-window-000,validation,shake,same_label,sim-device-06-session-01-shake-016-window-000,shake,0.802819612226906,sim-device-04-session-01-shake-011-window-000,shake,8.351564359089341,10.280147218354562
sim-device-05-session-02-shake-007-window-000,validation,shake,any_label,sim-device-02-session-01-shake-015-window-000,shake,0.6874605384907063,sim-device-04-session-01-shake-001-window-000,shake,5.542751538966619,10.431331685167113
sim-device-05-session-02-shake-007-window-000,validation,shake,same_label,sim-device-02-session-01-shake-015-window-000,shake,0.6874605384907063,sim-device-04-session-01-shake-001-window-000,shake,5.542751538966619,10.431331685167113
sim-device-05-session-02-shake-008-window-000,validation,shake,any_label,sim-device-06-session-01-still-019-window-000,still,0.6835086002136798,sim-device-05-session-01-look_right_return-001-window-000,look_right_return,6.885176672550998,7.876579553620576
sim-device-05-session-02-shake-008-window-000,validation,shake,same_label,sim-device-03-session-01-shake-007-window-000,shake,0.772839642299891,sim-device-04-session-01-shake-013-window-000,shake,7.043720149877248,11.108679762818886
sim-device-05-session-02-shake-009-window-000,validation,shake,any_label,sim-device-01-session-01-shake-020-window-000,shake,0.7299154575766724,sim-device-01-session-01-shake-020-window-000,shake,7.885340005371559,7.885340005371559
sim-device-05-session-02-shake-009-window-000,validation,shake,same_label,sim-device-01-session-01-shake-020-window-000,shake,0.7299154575766724,sim-device-01-session-01-shake-020-window-000,shake,7.885340005371559,7.885340005371559
sim-device-05-session-02-shake-010-window-000,validation,shake,any_label,sim-device-03-session-01-look_left_return-011-window-000,look_left_return,0.7883079000901566,sim-device-03-session-01-look_left_return-011-window-000,look_left_return,11.917897793282808,11.917897793282808
sim-device-05-session-02-shake-010-window-000,validation,shake,same_label,sim-device-02-session-01-shake-008-window-000,shake,1.145141834336275,sim-device-02-session-01-shake-020-window-000,shake,13.03418439624789,17.217017782582758
sim-device-05-session-02-shake-011-window-000,validation,shake,any_label,sim-device-06-session-01-shake-020-window-000,shake,0.805625947149349,sim-device-04-session-01-shake-004-window-000,shake,8.896810803297491,10.851996293561387
sim-device-05-session-02-shake-011-window-000,validation,shake,same_label,sim-device-06-session-01-shake-020-window-000,shake,0.805625947149349,sim-device-04-session-01-shake-004-window-000,shake,8.896810803297491,10.851996293561387
sim-device-05-session-02-shake-012-window-000,validation,shake,any_label,sim-device-03-session-01-still-005-window-000,still,0.7097160454733402,sim-device-06-session-01-shake-017-window-000,shake,6.768521408549817,9.392769156152154
sim-device-05-session-02-shake-012-window-000,validation,shake,same_label,sim-device-06-session-01-shake-011-window-000,shake,0.7374713538933716,sim-device-06-session-01-shake-017-window-000,shake,6.768521408549817,7.9101675813144565
sim-device-05-session-02-shake-013-window-000,validation,shake,any_label,sim-device-03-session-01-shake-015-window-000,shake,0.7356802643192378,sim-device-01-session-01-look_right_return-001-window-000,look_right_return,7.115026470157677,11.214346933187846
sim-device-05-session-02-shake-013-window-000,validation,shake,same_label,sim-device-03-session-01-shake-015-window-000,shake,0.7356802643192378,sim-device-02-session-01-shake-008-window-000,shake,8.425588724926182,11.214346933187846
sim-device-05-session-02-shake-014-window-000,validation,shake,any_label,sim-device-04-session-01-shake-004-window-000,shake,0.688045048589602,sim-device-04-session-01-shake-004-window-000,shake,6.091559893859552,6.091559893859552
sim-device-05-session-02-shake-014-window-000,validation,shake,same_label,sim-device-04-session-01-shake-004-window-000,shake,0.688045048589602,sim-device-04-session-01-shake-004-window-000,shake,6.091559893859552,6.091559893859552
sim-device-05-session-02-shake-015-window-000,validation,shake,any_label,sim-device-01-session-01-look_left_return-005-window-000,look_left_return,0.8730896648181576,sim-device-04-session-01-shake-008-window-000,shake,11.876229193773332,14.438994506403981
sim-device-05-session-02-shake-015-window-000,validation,shake,same_label,sim-device-01-session-01-shake-014-window-000,shake,0.9590950948647806,sim-device-04-session-01-shake-008-window-000,shake,11.876229193773332,13.125752831070283
sim-device-05-session-02-shake-016-window-000,validation,shake,any_label,sim-device-06-session-01-still-019-window-000,still,0.6895073648973391,sim-device-06-session-01-shake-010-window-000,shake,5.591618334570506,9.020159377611316
sim-device-05-session-02-shake-016-window-000,validation,shake,same_label,sim-device-04-session-01-shake-007-window-000,shake,0.7031288942864693,sim-device-06-session-01-shake-010-window-000,shake,5.591618334570506,5.981321059543171
sim-device-05-session-02-shake-017-window-000,validation,shake,any_label,sim-device-06-session-01-shake-011-window-000,shake,0.6896333327849576,sim-device-06-session-01-look_left_return-003-window-000,look_left_return,8.250824139542585,10.844394857601102
sim-device-05-session-02-shake-017-window-000,validation,shake,same_label,sim-device-06-session-01-shake-011-window-000,shake,0.6896333327849576,sim-device-04-session-01-shake-019-window-000,shake,8.518352856418733,10.844394857601102
sim-device-05-session-02-shake-018-window-000,validation,shake,any_label,sim-device-06-session-01-shake-003-window-000,shake,0.9037289873779738,sim-device-06-session-01-shake-020-window-000,shake,12.300101175835891,13.097597627837718
sim-device-05-session-02-shake-018-window-000,validation,shake,same_label,sim-device-06-session-01-shake-003-window-000,shake,0.9037289873779738,sim-device-06-session-01-shake-020-window-000,shake,12.300101175835891,13.097597627837718
sim-device-05-session-02-shake-019-window-000,validation,shake,any_label,sim-device-03-session-01-nod-014-window-000,nod,0.5700171206119824,sim-device-01-session-01-still-020-window-000,still,5.5259172877004685,5.909145651522908
sim-device-05-session-02-shake-019-window-000,validation,shake,same_label,sim-device-05-session-01-shake-005-window-000,shake,0.6348919092108819,sim-device-03-session-01-shake-003-window-000,shake,8.259827340436878,10.669206926774113
sim-device-05-session-02-shake-020-window-000,validation,shake,any_label,sim-device-04-session-01-shake-011-window-000,shake,0.9762584732332076,sim-device-02-session-01-shake-010-window-000,shake,10.083558922371557,12.378868886050359
sim-device-05-session-02-shake-020-window-000,validation,shake,same_label,sim-device-04-session-01-shake-011-window-000,shake,0.9762584732332076,sim-device-02-session-01-shake-010-window-000,shake,10.083558922371557,12.378868886050359
sim-device-05-session-02-still-001-window-000,validation,still,any_label,sim-device-05-session-01-still-013-window-000,still,0.8839699152107402,sim-device-03-session-01-still-006-window-000,still,4.097419215806009,8.800804526638068
sim-device-05-session-02-still-001-window-000,validation,still,same_label,sim-device-05-session-01-still-013-window-000,still,0.8839699152107402,sim-device-03-session-01-still-006-window-000,still,4.097419215806009,8.800804526638068
sim-device-05-session-02-still-002-window-000,validation,still,any_label,sim-device-01-session-01-still-017-window-000,still,0.5885284578797927,sim-device-01-session-01-still-005-window-000,still,3.185048986836813,4.33718447842723
sim-device-05-session-02-still-002-window-000,validation,still,same_label,sim-device-01-session-01-still-017-window-000,still,0.5885284578797927,sim-device-01-session-01-still-005-window-000,still,3.185048986836813,4.33718447842723
sim-device-05-session-02-still-003-window-000,validation,still,any_label,sim-device-06-session-01-shake-018-window-000,shake,0.6705150958314728,sim-device-05-session-01-look_left_return-017-window-000,look_left_return,5.354976760952615,7.556555758455894
sim-device-05-session-02-still-003-window-000,validation,still,same_label,sim-device-06-session-01-still-020-window-000,still,0.7559613298150166,sim-device-03-session-01-still-003-window-000,still,5.803404952602291,7.237136118895573
sim-device-05-session-02-still-004-window-000,validation,still,any_label,sim-device-05-session-01-nod-005-window-000,nod,0.6693540966341314,sim-device-02-session-01-still-001-window-000,still,4.499024176563368,6.914166928282142
sim-device-05-session-02-still-004-window-000,validation,still,same_label,sim-device-05-session-01-still-003-window-000,still,0.6811162978049236,sim-device-02-session-01-still-001-window-000,still,4.499024176563368,7.060928464652345
sim-device-05-session-02-still-005-window-000,validation,still,any_label,sim-device-03-session-01-nod-002-window-000,nod,0.6906097759927088,sim-device-03-session-01-still-016-window-000,still,3.7895087220237853,7.184841292905966
sim-device-05-session-02-still-005-window-000,validation,still,same_label,sim-device-03-session-01-still-014-window-000,still,0.7448557428683754,sim-device-03-session-01-still-016-window-000,still,3.7895087220237853,6.339163073718231
sim-device-05-session-02-still-006-window-000,validation,still,any_label,sim-device-05-session-01-still-002-window-000,still,0.6468727447633551,sim-device-06-session-01-look_left_return-004-window-000,look_left_return,5.556543992884613,7.9556550231228105
sim-device-05-session-02-still-006-window-000,validation,still,same_label,sim-device-05-session-01-still-002-window-000,still,0.6468727447633551,sim-device-03-session-01-still-010-window-000,still,6.036155200244714,7.9556550231228105
sim-device-05-session-02-still-007-window-000,validation,still,any_label,sim-device-04-session-01-nod-017-window-000,nod,0.649542672233075,sim-device-05-session-01-still-003-window-000,still,5.312071056998735,7.394506194737734
sim-device-05-session-02-still-007-window-000,validation,still,same_label,sim-device-03-session-01-still-003-window-000,still,0.707399823652494,sim-device-05-session-01-still-003-window-000,still,5.312071056998735,6.610154367382662
sim-device-05-session-02-still-008-window-000,validation,still,any_label,sim-device-02-session-01-still-002-window-000,still,0.6619714935136802,sim-device-02-session-01-still-002-window-000,still,4.043506969770042,4.043506969770042
sim-device-05-session-02-still-008-window-000,validation,still,same_label,sim-device-02-session-01-still-002-window-000,still,0.6619714935136802,sim-device-02-session-01-still-002-window-000,still,4.043506969770042,4.043506969770042
sim-device-05-session-02-still-009-window-000,validation,still,any_label,sim-device-02-session-01-still-003-window-000,still,0.6882872514804464,sim-device-03-session-01-still-016-window-000,still,3.6007098775847624,7.646053426477334
sim-device-05-session-02-still-009-window-000,validation,still,same_label,sim-device-02-session-01-still-003-window-000,still,0.6882872514804464,sim-device-03-session-01-still-016-window-000,still,3.6007098775847624,7.646053426477334
sim-device-05-session-02-still-010-window-000,validation,still,any_label,sim-device-04-session-01-still-017-window-000,still,0.5472608224022869,sim-device-05-session-01-still-015-window-000,still,3.653699662658572,6.188611380532898
sim-device-05-session-02-still-010-window-000,validation,still,same_label,sim-device-04-session-01-still-017-window-000,still,0.5472608224022869,sim-device-05-session-01-still-015-window-000,still,3.653699662658572,6.188611380532898
sim-device-05-session-02-still-011-window-000,validation,still,any_label,sim-device-06-session-01-still-014-window-000,still,0.6276207876453838,sim-device-01-session-01-still-009-window-000,still,3.9177451198740547,5.584435980689922
sim-device-05-session-02-still-011-window-000,validation,still,same_label,sim-device-06-session-01-still-014-window-000,still,0.6276207876453838,sim-device-01-session-01-still-009-window-000,still,3.9177451198740547,5.584435980689922
sim-device-05-session-02-still-012-window-000,validation,still,any_label,sim-device-03-session-01-shake-003-window-000,shake,0.552763083777152,sim-device-03-session-01-still-006-window-000,still,3.5717630101021762,6.399419636551325
sim-device-05-session-02-still-012-window-000,validation,still,same_label,sim-device-04-session-01-still-010-window-000,still,0.5890762258263692,sim-device-03-session-01-still-006-window-000,still,3.5717630101021762,5.199178774408221
sim-device-05-session-02-still-013-window-000,validation,still,any_label,sim-device-06-session-01-still-001-window-000,still,0.6943356218581173,sim-device-04-session-01-still-009-window-000,still,3.54363332593838,4.944266371295301
sim-device-05-session-02-still-013-window-000,validation,still,same_label,sim-device-06-session-01-still-001-window-000,still,0.6943356218581173,sim-device-04-session-01-still-009-window-000,still,3.54363332593838,4.944266371295301
sim-device-05-session-02-still-014-window-000,validation,still,any_label,sim-device-05-session-01-still-004-window-000,still,0.6578977062110256,sim-device-02-session-01-still-012-window-000,still,4.812523592924074,8.007645912843843
sim-device-05-session-02-still-014-window-000,validation,still,same_label,sim-device-05-session-01-still-004-window-000,still,0.6578977062110256,sim-device-02-session-01-still-012-window-000,still,4.812523592924074,8.007645912843843
sim-device-05-session-02-still-015-window-000,validation,still,any_label,sim-device-05-session-01-still-010-window-000,still,0.5829331401057662,sim-device-05-session-01-still-010-window-000,still,4.6677029897601265,4.6677029897601265
sim-device-05-session-02-still-015-window-000,validation,still,same_label,sim-device-05-session-01-still-010-window-000,still,0.5829331401057662,sim-device-05-session-01-still-010-window-000,still,4.6677029897601265,4.6677029897601265
sim-device-05-session-02-still-016-window-000,validation,still,any_label,sim-device-06-session-01-still-007-window-000,still,0.592303423224804,sim-device-06-session-01-still-007-window-000,still,3.6884414806519072,3.6884414806519072
sim-device-05-session-02-still-016-window-000,validation,still,same_label,sim-device-06-session-01-still-007-window-000,still,0.592303423224804,sim-device-06-session-01-still-007-window-000,still,3.6884414806519072,3.6884414806519072
sim-device-05-session-02-still-017-window-000,validation,still,any_label,sim-device-03-session-01-nod-014-window-000,nod,0.6050314572687789,sim-device-06-session-01-still-001-window-000,still,3.4289633942195854,6.849480325240423
sim-device-05-session-02-still-017-window-000,validation,still,same_label,sim-device-05-session-01-still-002-window-000,still,0.6417453149014862,sim-device-06-session-01-still-001-window-000,still,3.4289633942195854,7.556755386398632
sim-device-05-session-02-still-018-window-000,validation,still,any_label,sim-device-04-session-01-still-010-window-000,still,0.5472835152634251,sim-device-05-session-01-still-016-window-000,still,3.7782357603088084,5.424547152905781
sim-device-05-session-02-still-018-window-000,validation,still,same_label,sim-device-04-session-01-still-010-window-000,still,0.5472835152634251,sim-device-05-session-01-still-016-window-000,still,3.7782357603088084,5.424547152905781
sim-device-05-session-02-still-019-window-000,validation,still,any_label,sim-device-03-session-01-nod-018-window-000,nod,0.6042544140606921,sim-device-03-session-01-still-001-window-000,still,3.850488768922636,6.605980610726786
sim-device-05-session-02-still-019-window-000,validation,still,same_label,sim-device-01-session-01-still-001-window-000,still,0.6172321939909319,sim-device-03-session-01-still-001-window-000,still,3.850488768922636,4.904871800884698
sim-device-05-session-02-still-020-window-000,validation,still,any_label,sim-device-06-session-01-still-012-window-000,still,0.6380558688007394,sim-device-04-session-01-still-004-window-000,still,4.3548107536858,9.211775128302094
sim-device-05-session-02-still-020-window-000,validation,still,same_label,sim-device-06-session-01-still-012-window-000,still,0.6380558688007394,sim-device-04-session-01-still-004-window-000,still,4.3548107536858,9.211775128302094
sim-device-06-session-02-look_left_return-001-window-000,validation,look_left_return,any_label,sim-device-02-session-01-look_left_return-002-window-000,look_left_return,0.895412999287334,sim-device-02-session-01-look_left_return-009-window-000,look_left_return,10.405334188979023,11.902244437269319
sim-device-06-session-02-look_left_return-001-window-000,validation,look_left_return,same_label,sim-device-02-session-01-look_left_return-002-window-000,look_left_return,0.895412999287334,sim-device-02-session-01-look_left_return-009-window-000,look_left_return,10.405334188979023,11.902244437269319
sim-device-06-session-02-look_left_return-002-window-000,validation,look_left_return,any_label,sim-device-04-session-01-look_left_return-003-window-000,look_left_return,0.948920255610348,sim-device-06-session-01-look_left_return-015-window-000,look_left_return,10.86453240323002,12.117348706131274
sim-device-06-session-02-look_left_return-002-window-000,validation,look_left_return,same_label,sim-device-04-session-01-look_left_return-003-window-000,look_left_return,0.948920255610348,sim-device-06-session-01-look_left_return-015-window-000,look_left_return,10.86453240323002,12.117348706131274
sim-device-06-session-02-look_left_return-003-window-000,validation,look_left_return,any_label,sim-device-06-session-01-look_left_return-018-window-000,look_left_return,0.999247865665178,sim-device-04-session-01-look_left_return-003-window-000,look_left_return,11.603616413748346,12.70380535776193
sim-device-06-session-02-look_left_return-003-window-000,validation,look_left_return,same_label,sim-device-06-session-01-look_left_return-018-window-000,look_left_return,0.999247865665178,sim-device-04-session-01-look_left_return-003-window-000,look_left_return,11.603616413748346,12.70380535776193
sim-device-06-session-02-look_left_return-004-window-000,validation,look_left_return,any_label,sim-device-06-session-01-still-002-window-000,still,0.5863224571387364,sim-device-04-session-01-still-020-window-000,still,4.125952603862378,6.650912415394967
sim-device-06-session-02-look_left_return-004-window-000,validation,look_left_return,same_label,sim-device-01-session-01-look_left_return-020-window-000,look_left_return,0.6318095208808717,sim-device-03-session-01-look_left_return-002-window-000,look_left_return,4.6266078443030025,8.99261501170554
sim-device-06-session-02-look_left_return-005-window-000,validation,look_left_return,any_label,sim-device-02-session-01-look_left_return-020-window-000,look_left_return,0.831920286044827,sim-device-02-session-01-look_left_return-016-window-000,look_left_return,6.027687370491506,10.204981313349233
sim-device-06-session-02-look_left_return-005-window-000,validation,look_left_return,same_label,sim-device-02-session-01-look_left_return-020-window-000,look_left_return,0.831920286044827,sim-device-02-session-01-look_left_return-016-window-000,look_left_return,6.027687370491506,10.204981313349233
sim-device-06-session-02-look_left_return-006-window-000,validation,look_left_return,any_label,sim-device-04-session-01-shake-007-window-000,shake,0.6541544278630067,sim-device-02-session-01-look_left_return-015-window-000,look_left_return,7.51648702461931,12.217453389582134
sim-device-06-session-02-look_left_return-006-window-000,validation,look_left_return,same_label,sim-device-06-session-01-look_left_return-013-window-000,look_left_return,0.7102657262498987,sim-device-02-session-01-look_left_return-015-window-000,look_left_return,7.51648702461931,8.83526446701953
sim-device-06-session-02-look_left_return-007-window-000,validation,look_left_return,any_label,sim-device-03-session-01-shake-018-window-000,shake,0.6481452019820858,sim-device-04-session-01-still-014-window-000,still,5.8696711009121145,10.506184237368208
sim-device-06-session-02-look_left_return-007-window-000,validation,look_left_return,same_label,sim-device-04-session-01-look_left_return-016-window-000,look_left_return,0.7076096810830487,sim-device-04-session-01-look_left_return-015-window-000,look_left_return,6.209519842691959,10.856571408584143
sim-device-06-session-02-look_left_return-008-window-000,validation,look_left_return,any_label,sim-device-01-session-01-look_left_return-018-window-000,look_left_return,0.8088612844939828,sim-device-03-session-01-look_left_return-007-window-000,look_left_return,7.283916466243105,9.669568015715171
sim-device-06-session-02-look_left_return-008-window-000,validation,look_left_return,same_label,sim-device-01-session-01-look_left_return-018-window-000,look_left_return,0.8088612844939828,sim-device-03-session-01-look_left_return-007-window-000,look_left_return,7.283916466243105,9.669568015715171
sim-device-06-session-02-look_left_return-009-window-000,validation,look_left_return,any_label,sim-device-01-session-01-still-012-window-000,still,0.6401459799481307,sim-device-03-session-01-look_left_return-014-window-000,look_left_return,6.446055002695003,10.554770080896333
sim-device-06-session-02-look_left_return-009-window-000,validation,look_left_return,same_label,sim-device-06-session-01-look_left_return-019-window-000,look_left_return,0.7315300983710693,sim-device-03-session-01-look_left_return-014-window-000,look_left_return,6.446055002695003,9.629781981262495
sim-device-06-session-02-look_left_return-010-window-000,validation,look_left_return,any_label,sim-device-02-session-01-look_left_return-018-window-000,look_left_return,1.0931800978771913,sim-device-02-session-01-look_left_return-018-window-000,look_left_return,7.860924013244843,7.860924013244843
sim-device-06-session-02-look_left_return-010-window-000,validation,look_left_return,same_label,sim-device-02-session-01-look_left_return-018-window-000,look_left_return,1.0931800978771913,sim-device-02-session-01-look_left_return-018-window-000,look_left_return,7.860924013244843,7.860924013244843
sim-device-06-session-02-look_left_return-011-window-000,validation,look_left_return,any_label,sim-device-04-session-01-still-011-window-000,still,0.8214540364034992,sim-device-06-session-01-look_left_return-007-window-000,look_left_return,7.930233147656506,11.926366938771437
sim-device-06-session-02-look_left_return-011-window-000,validation,look_left_return,same_label,sim-device-04-session-01-look_left_return-013-window-000,look_left_return,0.9254434352391528,sim-device-06-session-01-look_left_return-007-window-000,look_left_return,7.930233147656506,11.947950748926726
sim-device-06-session-02-look_left_return-012-window-000,validation,look_left_return,any_label,sim-device-06-session-01-still-011-window-000,still,0.7279684526779997,sim-device-04-session-01-look_left_return-016-window-000,look_left_return,9.32710729044096,13.984489598464261
sim-device-06-session-02-look_left_return-012-window-000,validation,look_left_return,same_label,sim-device-06-session-01-look_left_return-003-window-000,look_left_return,0.7523244115585325,sim-device-04-session-01-look_left_return-016-window-000,look_left_return,9.32710729044096,11.968110103826671
sim-device-06-session-02-look_left_return-013-window-000,validation,look_left_return,any_label,sim-device-03-session-01-look_left_return-015-window-000,look_left_return,0.8886401257832429,sim-device-02-session-01-look_left_return-007-window-000,look_left_return,5.704306728375713,8.02923925857898
sim-device-06-session-02-look_left_return-013-window-000,validation,look_left_return,same_label,sim-device-03-session-01-look_left_return-015-window-000,look_left_return,0.8886401257832429,sim-device-02-session-01-look_left_return-007-window-000,look_left_return,5.704306728375713,8.02923925857898
sim-device-06-session-02-look_left_return-014-window-000,validation,look_left_return,any_label,sim-device-01-session-01-look_left_return-010-window-000,look_left_return,0.7545200228645029,sim-device-04-session-01-look_left_return-013-window-000,look_left_return,7.208130997999116,10.974175688515535
sim-device-06-session-02-look_left_return-014-window-000,validation,look_left_return,same_label,sim-device-01-session-01-look_left_return-010-window-000,look_left_return,0.7545200228645029,sim-device-04-session-01-look_left_return-013-window-000,look_left_return,7.208130997999116,10.974175688515535
sim-device-06-session-02-look_left_return-015-window-000,validation,look_left_return,any_label,sim-device-04-session-01-shake-001-window-000,shake,0.7017137645264836,sim-device-03-session-01-look_left_return-004-window-000,look_left_return,9.072441325051818,12.399026265856138
sim-device-06-session-02-look_left_return-015-window-000,validation,look_left_return,same_label,sim-device-06-session-01-look_left_return-020-window-000,look_left_return,0.776362426290858,sim-device-03-session-01-look_left_return-004-window-000,look_left_return,9.072441325051818,12.026234988827266
sim-device-06-session-02-look_left_return-016-window-000,validation,look_left_return,any_label,sim-device-04-session-01-look_left_return-005-window-000,look_left_return,0.940712892056597,sim-device-02-session-01-look_left_return-018-window-000,look_left_return,6.199216828587484,12.800698097199929
sim-device-06-session-02-look_left_return-016-window-000,validation,look_left_return,same_label,sim-device-04-session-01-look_left_return-005-window-000,look_left_return,0.940712892056597,sim-device-02-session-01-look_left_return-018-window-000,look_left_return,6.199216828587484,12.800698097199929
sim-device-06-session-02-look_left_return-017-window-000,validation,look_left_return,any_label,sim-device-05-session-01-nod-011-window-000,nod,0.5970735861091141,sim-device-05-session-01-look_left_return-008-window-000,look_left_return,4.661521890984119,9.259188134578647
sim-device-06-session-02-look_left_return-017-window-000,validation,look_left_return,same_label,sim-device-06-session-01-look_left_return-003-window-000,look_left_return,0.6280226614039871,sim-device-05-session-01-look_left_return-008-window-000,look_left_return,4.661521890984119,5.980158900543991
sim-device-06-session-02-look_left_return-018-window-000,validation,look_left_return,any_label,sim-device-03-session-01-still-013-window-000,still,0.6897072417692286,sim-device-04-session-01-still-008-window-000,still,7.601282227570159,11.201087677676496
sim-device-06-session-02-look_left_return-018-window-000,validation,look_left_return,same_label,sim-device-02-session-01-look_left_return-013-window-000,look_left_return,0.7638999727678576,sim-device-05-session-01-look_left_return-008-window-000,look_left_return,7.928837006164835,9.754957964012597
sim-device-06-session-02-look_left_return-019-window-000,validation,look_left_return,any_label,sim-device-01-session-01-look_left_return-001-window-000,look_left_return,0.8390529251873308,sim-device-01-session-01-look_left_return-017-window-000,look_left_return,5.567878711845271,8.858032645451036
sim-device-06-session-02-look_left_return-019-window-000,validation,look_left_return,same_label,sim-device-01-session-01-look_left_return-001-window-000,look_left_return,0.8390529251873308,sim-device-01-session-01-look_left_return-017-window-000,look_left_return,5.567878711845271,8.858032645451036
sim-device-06-session-02-look_left_return-020-window-000,validation,look_left_return,any_label,sim-device-02-session-01-look_left_return-013-window-000,look_left_return,0.7461784728691977,sim-device-04-session-01-look_left_return-011-window-000,look_left_return,6.391411240815642,10.1024935072578
sim-device-06-session-02-look_left_return-020-window-000,validation,look_left_return,same_label,sim-device-02-session-01-look_left_return-013-window-000,look_left_return,0.7461784728691977,sim-device-04-session-01-look_left_return-011-window-000,look_left_return,6.391411240815642,10.1024935072578
sim-device-06-session-02-look_right_return-001-window-000,validation,look_right_return,any_label,sim-device-02-session-01-look_right_return-003-window-000,look_right_return,0.7427785214043101,sim-device-05-session-01-look_right_return-013-window-000,look_right_return,7.069289533270265,8.158141790283567
sim-device-06-session-02-look_right_return-001-window-000,validation,look_right_return,same_label,sim-device-02-session-01-look_right_return-003-window-000,look_right_return,0.7427785214043101,sim-device-05-session-01-look_right_return-013-window-000,look_right_return,7.069289533270265,8.158141790283567
sim-device-06-session-02-look_right_return-002-window-000,validation,look_right_return,any_label,sim-device-02-session-01-look_right_return-015-window-000,look_right_return,0.8889812864755835,sim-device-04-session-01-look_right_return-014-window-000,look_right_return,9.19072672336489,11.355307165621891
sim-device-06-session-02-look_right_return-002-window-000,validation,look_right_return,same_label,sim-device-02-session-01-look_right_return-015-window-000,look_right_return,0.8889812864755835,sim-device-04-session-01-look_right_return-014-window-000,look_right_return,9.19072672336489,11.355307165621891
sim-device-06-session-02-look_right_return-003-window-000,validation,look_right_return,any_label,sim-device-03-session-01-look_right_return-019-window-000,look_right_return,0.7041681205822767,sim-device-01-session-01-look_right_return-018-window-000,look_right_return,5.441093265932958,11.703267328716716
sim-device-06-session-02-look_right_return-003-window-000,validation,look_right_return,same_label,sim-device-03-session-01-look_right_return-019-window-000,look_right_return,0.7041681205822767,sim-device-01-session-01-look_right_return-018-window-000,look_right_return,5.441093265932958,11.703267328716716
sim-device-06-session-02-look_right_return-004-window-000,validation,look_right_return,any_label,sim-device-05-session-01-look_right_return-003-window-000,look_right_return,0.8219990068504331,sim-device-02-session-01-look_right_return-020-window-000,look_right_return,6.668266427072318,10.750331540931768
sim-device-06-session-02-look_right_return-004-window-000,validation,look_right_return,same_label,sim-device-05-session-01-look_right_return-003-window-000,look_right_return,0.8219990068504331,sim-device-02-session-01-look_right_return-020-window-000,look_right_return,6.668266427072318,10.750331540931768
sim-device-06-session-02-look_right_return-005-window-000,validation,look_right_return,any_label,sim-device-03-session-01-look_right_return-017-window-000,look_right_return,0.8404366902583909,sim-device-06-session-01-look_right_return-005-window-000,look_right_return,9.169176650445102,10.959782330367549
sim-device-06-session-02-look_right_return-005-window-000,validation,look_right_return,same_label,sim-device-03-session-01-look_right_return-017-window-000,look_right_return,0.8404366902583909,sim-device-06-session-01-look_right_return-005-window-000,look_right_return,9.169176650445102,10.959782330367549
sim-device-06-session-02-look_right_return-006-window-000,validation,look_right_return,any_label,sim-device-02-session-01-look_right_return-015-window-000,look_right_return,0.9239994034212304,sim-device-02-session-01-look_right_return-009-window-000,look_right_return,8.840613453055536,10.22489758441907
sim-device-06-session-02-look_right_return-006-window-000,validation,look_right_return,same_label,sim-device-02-session-01-look_right_return-015-window-000,look_right_return,0.9239994034212304,sim-device-02-session-01-look_right_return-009-window-000,look_right_return,8.840613453055536,10.22489758441907
sim-device-06-session-02-look_right_return-007-window-000,validation,look_right_return,any_label,sim-device-03-session-01-look_right_return-011-window-000,look_right_return,0.7713765954906499,sim-device-03-session-01-look_right_return-011-window-000,look_right_return,10.263217736106059,10.263217736106059
sim-device-06-session-02-look_right_return-007-window-000,validation,look_right_return,same_label,sim-device-03-session-01-look_right_return-011-window-000,look_right_return,0.7713765954906499,sim-device-03-session-01-look_right_return-011-window-000,look_right_return,10.263217736106059,10.263217736106059
sim-device-06-session-02-look_right_return-008-window-000,validation,look_right_return,any_label,sim-device-05-session-01-look_right_return-004-window-000,look_right_return,0.7265735434407836,sim-device-05-session-01-look_right_return-013-window-000,look_right_return,7.116880946266415,7.797360068732951
sim-device-06-session-02-look_right_return-008-window-000,validation,look_right_return,same_label,sim-device-05-session-01-look_right_return-004-window-000,look_right_return,0.7265735434407836,sim-device-05-session-01-look_right_return-013-window-000,look_right_return,7.116880946266415,7.797360068732951
sim-device-06-session-02-look_right_return-009-window-000,validation,look_right_return,any_label,sim-device-06-session-01-still-006-window-000,still,0.6417069903904733,sim-device-05-session-01-look_right_return-008-window-000,look_right_return,7.008130398320811,7.337934918189131
sim-device-06-session-02-look_right_return-009-window-000,validation,look_right_return,same_label,sim-device-01-session-01-look_right_return-016-window-000,look_right_return,0.7780895414703266,sim-device-05-session-01-look_right_return-008-window-000,look_right_return,7.008130398320811,10.788164225546518
sim-device-06-session-02-look_right_return-010-window-000,validation,look_right_return,any_label,sim-device-03-session-01-look_right_return-004-window-000,look_right_return,0.7334217534670706,sim-device-03-session-01-look_right_return-016-window-000,look_right_return,6.983747035944911,8.264190802310425
sim-device-06-session-02-look_right_return-010-window-000,validation,look_right_return,same_label,sim-device-03-session-01-look_right_return-004-window-000,look_right_return,0.7334217534670706,sim-device-03-session-01-look_right_return-016-window-000,look_right_return,6.983747035944911,8.264190802310425
sim-device-06-session-02-look_right_return-011-window-000,validation,look_right_return,any_label,sim-device-05-session-01-look_right_return-019-window-000,look_right_return,0.8493814792171144,sim-device-05-session-01-look_right_return-019-window-000,look_right_return,8.984542471079228,8.984542471079228
sim-device-06-session-02-look_right_return-011-window-000,validation,look_right_return,same_label,sim-device-05-session-01-look_right_return-019-window-000,look_right_return,0.8493814792171144,sim-device-05-session-01-look_right_return-019-window-000,look_right_return,8.984542471079228,8.984542471079228
sim-device-06-session-02-look_right_return-012-window-000,validation,look_right_return,any_label,sim-device-02-session-01-look_right_return-003-window-000,look_right_return,0.6330296447277014,sim-device-02-session-01-look_right_return-013-window-000,look_right_return,5.1069446729341665,6.413206120892413
sim-device-06-session-02-look_right_return-012-window-000,validation,look_right_return,same_label,sim-device-02-session-01-look_right_return-003-window-000,look_right_return,0.6330296447277014,sim-device-02-session-01-look_right_return-013-window-000,look_right_return,5.1069446729341665,6.413206120892413
sim-device-06-session-02-look_right_return-013-window-000,validation,look_right_return,any_label,sim-device-04-session-01-look_right_return-004-window-000,look_right_return,0.7057884880900295,sim-device-06-session-01-look_right_return-010-window-000,look_right_return,8.665301432070597,10.088573754230364
sim-device-06-session-02-look_right_return-013-window-000,validation,look_right_return,same_label,sim-device-04-session-01-look_right_return-004-window-000,look_right_return,0.7057884880900295,sim-device-06-session-01-look_right_return-010-window-000,look_right_return,8.665301432070597,10.088573754230364
sim-device-06-session-02-look_right_return-014-window-000,validation,look_right_return,any_label,sim-device-03-session-01-look_right_return-006-window-000,look_right_return,0.630085451682201,sim-device-01-session-01-look_right_return-013-window-000,look_right_return,7.27035160125773,7.767150354841317
sim-device-06-session-02-look_right_return-014-window-000,validation,look_right_return,same_label,sim-device-03-session-01-look_right_return-006-window-000,look_right_return,0.630085451682201,sim-device-01-session-01-look_right_return-013-window-000,look_right_return,7.27035160125773,7.767150354841317
sim-device-06-session-02-look_right_return-015-window-000,validation,look_right_return,any_label,sim-device-03-session-01-look_right_return-004-window-000,look_right_return,0.7777736313742674,sim-device-01-session-01-look_right_return-005-window-000,look_right_return,4.166876959093995,8.176441109987111
sim-device-06-session-02-look_right_return-015-window-000,validation,look_right_return,same_label,sim-device-03-session-01-look_right_return-004-window-000,look_right_return,0.7777736313742674,sim-device-01-session-01-look_right_return-005-window-000,look_right_return,4.166876959093995,8.176441109987111
sim-device-06-session-02-look_right_return-016-window-000,validation,look_right_return,any_label,sim-device-04-session-01-look_right_return-001-window-000,look_right_return,0.8314034597350448,sim-device-04-session-01-look_right_return-001-window-000,look_right_return,9.687824532024878,9.687824532024878
sim-device-06-session-02-look_right_return-016-window-000,validation,look_right_return,same_label,sim-device-04-session-01-look_right_return-001-window-000,look_right_return,0.8314034597350448,sim-device-04-session-01-look_right_return-001-window-000,look_right_return,9.687824532024878,9.687824532024878
sim-device-06-session-02-look_right_return-017-window-000,validation,look_right_return,any_label,sim-device-04-session-01-look_right_return-017-window-000,look_right_return,0.7003851242568689,sim-device-06-session-01-look_right_return-003-window-000,look_right_return,5.603255873285803,7.1932554259162735
sim-device-06-session-02-look_right_return-017-window-000,validation,look_right_return,same_label,sim-device-04-session-01-look_right_return-017-window-000,look_right_return,0.7003851242568689,sim-device-06-session-01-look_right_return-003-window-000,look_right_return,5.603255873285803,7.1932554259162735
sim-device-06-session-02-look_right_return-018-window-000,validation,look_right_return,any_label,sim-device-02-session-01-look_right_return-002-window-000,look_right_return,0.621881641319097,sim-device-01-session-01-look_right_return-006-window-000,look_right_return,6.101208937264446,6.2774760406227506
sim-device-06-session-02-look_right_return-018-window-000,validation,look_right_return,same_label,sim-device-02-session-01-look_right_return-002-window-000,look_right_return,0.621881641319097,sim-device-01-session-01-look_right_return-006-window-000,look_right_return,6.101208937264446,6.2774760406227506
sim-device-06-session-02-look_right_return-019-window-000,validation,look_right_return,any_label,sim-device-03-session-01-look_right_return-005-window-000,look_right_return,0.6531546273581031,sim-device-03-session-01-look_right_return-005-window-000,look_right_return,5.3114762913667,5.3114762913667
sim-device-06-session-02-look_right_return-019-window-000,validation,look_right_return,same_label,sim-device-03-session-01-look_right_return-005-window-000,look_right_return,0.6531546273581031,sim-device-03-session-01-look_right_return-005-window-000,look_right_return,5.3114762913667,5.3114762913667
sim-device-06-session-02-look_right_return-020-window-000,validation,look_right_return,any_label,sim-device-04-session-01-still-017-window-000,still,0.6739353787276888,sim-device-04-session-01-still-017-window-000,still,5.728529482561903,5.728529482561903
sim-device-06-session-02-look_right_return-020-window-000,validation,look_right_return,same_label,sim-device-01-session-01-look_right_return-002-window-000,look_right_return,0.7281060801996261,sim-device-06-session-01-look_right_return-018-window-000,look_right_return,5.961597866542893,7.528566852571254
sim-device-06-session-02-nod-001-window-000,validation,nod,any_label,sim-device-04-session-01-still-013-window-000,still,0.6675258852977523,sim-device-04-session-01-nod-018-window-000,nod,5.581092766269658,8.166056622776267
sim-device-06-session-02-nod-001-window-000,validation,nod,same_label,sim-device-05-session-01-nod-004-window-000,nod,0.6837278090505319,sim-device-04-session-01-nod-018-window-000,nod,5.581092766269658,9.398021280362169
sim-device-06-session-02-nod-002-window-000,validation,nod,any_label,sim-device-06-session-01-still-006-window-000,still,0.634554431173599,sim-device-04-session-01-still-018-window-000,still,5.153661932546334,7.640929549693472
sim-device-06-session-02-nod-002-window-000,validation,nod,same_label,sim-device-02-session-01-nod-014-window-000,nod,0.7545275675435363,sim-device-02-session-01-nod-017-window-000,nod,6.608616080746689,8.961448202189503
sim-device-06-session-02-nod-003-window-000,validation,nod,any_label,sim-device-06-session-01-nod-003-window-000,nod,0.8639334266271448,sim-device-06-session-01-nod-003-window-000,nod,9.315005730817363,9.315005730817363
sim-device-06-session-02-nod-003-window-000,validation,nod,same_label,sim-device-06-session-01-nod-003-window-000,nod,0.8639334266271448,sim-device-06-session-01-nod-003-window-000,nod,9.315005730817363,9.315005730817363
sim-device-06-session-02-nod-004-window-000,validation,nod,any_label,sim-device-05-session-01-nod-008-window-000,nod,0.907653755672059,sim-device-02-session-01-nod-009-window-000,nod,9.630160873441186,10.29924153063725
sim-device-06-session-02-nod-004-window-000,validation,nod,same_label,sim-device-05-session-01-nod-008-window-000,nod,0.907653755672059,sim-device-02-session-01-nod-009-window-000,nod,9.630160873441186,10.29924153063725
sim-device-06-session-02-nod-005-window-000,validation,nod,any_label,sim-device-01-session-01-nod-011-window-000,nod,0.8434475663275062,sim-device-06-session-01-nod-003-window-000,nod,9.858735035681569,10.895912346432022
sim-device-06-session-02-nod-005-window-000,validation,nod,same_label,sim-device-01-session-01-nod-011-window-000,nod,0.8434475663275062,sim-device-06-session-01-nod-003-window-000,nod,9.858735035681569,10.895912346432022
sim-device-06-session-02-nod-006-window-000,validation,nod,any_label,sim-device-01-session-01-look_left_return-015-window-000,look_left_return,0.8222173199960089,sim-device-01-session-01-look_left_return-003-window-000,look_left_return,9.31725465006008,12.343082904581422
sim-device-06-session-02-nod-006-window-000,validation,nod,same_label,sim-device-05-session-01-nod-011-window-000,nod,0.9555051644782661,sim-device-02-session-01-nod-018-window-000,nod,10.156998189784977,12.731218474688744
sim-device-06-session-02-nod-007-window-000,validation,nod,any_label,sim-device-05-session-01-nod-014-window-000,nod,0.7345144913030971,sim-device-02-session-01-nod-017-window-000,nod,6.499111912526446,6.909382244665978
sim-device-06-session-02-nod-007-window-000,validation,nod,same_label,sim-device-05-session-01-nod-014-window-000,nod,0.7345144913030971,sim-device-02-session-01-nod-017-window-000,nod,6.499111912526446,6.909382244665978
sim-device-06-session-02-nod-008-window-000,validation,nod,any_label,sim-device-03-session-01-shake-006-window-000,shake,0.8805109834132069,sim-device-05-session-01-nod-003-window-000,nod,5.196723083453518,15.961672113909303
sim-device-06-session-02-nod-008-window-000,validation,nod,same_label,sim-device-05-session-01-nod-002-window-000,nod,0.8832357711369477,sim-device-05-session-01-nod-003-window-000,nod,5.196723083453518,9.509168588272226
sim-device-06-session-02-nod-009-window-000,validation,nod,any_label,sim-device-06-session-01-nod-013-window-000,nod,0.6652514988006016,sim-device-04-session-01-nod-014-window-000,nod,6.681133639946707,6.773095996275595
sim-device-06-session-02-nod-009-window-000,validation,nod,same_label,sim-device-06-session-01-nod-013-window-000,nod,0.6652514988006016,sim-device-04-session-01-nod-014-window-000,nod,6.681133639946707,6.773095996275595
sim-device-06-session-02-nod-010-window-000,validation,nod,any_label,sim-device-01-session-01-nod-011-window-000,nod,0.6320784869478646,sim-device-01-session-01-nod-011-window-000,nod,8.054889295313716,8.054889295313716
sim-device-06-session-02-nod-010-window-000,validation,nod,same_label,sim-device-01-session-01-nod-011-window-000,nod,0.6320784869478646,sim-device-01-session-01-nod-011-window-000,nod,8.054889295313716,8.054889295313716
sim-device-06-session-02-nod-011-window-000,validation,nod,any_label,sim-device-02-session-01-still-011-window-000,still,0.6672620029293205,sim-device-03-session-01-still-011-window-000,still,5.087803402149665,7.290286801338078
sim-device-06-session-02-nod-011-window-000,validation,nod,same_label,sim-device-04-session-01-nod-014-window-000,nod,0.7247881944052623,sim-device-06-session-01-nod-016-window-000,nod,5.937350254958253,6.083477365988865
sim-device-06-session-02-nod-012-window-000,validation,nod,any_label,sim-device-05-session-01-nod-001-window-000,nod,0.9958074333438056,sim-device-01-session-01-nod-020-window-000,nod,12.282214849590906,13.927163844921985
sim-device-06-session-02-nod-012-window-000,validation,nod,same_label,sim-device-05-session-01-nod-001-window-000,nod,0.9958074333438056,sim-device-01-session-01-nod-020-window-000,nod,12.282214849590906,13.927163844921985
sim-device-06-session-02-nod-013-window-000,validation,nod,any_label,sim-device-02-session-01-nod-015-window-000,nod,0.8442894162584113,sim-device-03-session-01-nod-012-window-000,nod,7.5170935136576285,11.167325789694928
sim-device-06-session-02-nod-013-window-000,validation,nod,same_label,sim-device-02-session-01-nod-015-window-000,nod,0.8442894162584113,sim-device-03-session-01-nod-012-window-000,nod,7.5170935136576285,11.167325789694928
sim-device-06-session-02-nod-014-window-000,validation,nod,any_label,sim-device-03-session-01-nod-017-window-000,nod,0.733586670187517,sim-device-03-session-01-nod-009-window-000,nod,4.719021793784197,10.501940393871548
sim-device-06-session-02-nod-014-window-000,validation,nod,same_label,sim-device-03-session-01-nod-017-window-000,nod,0.733586670187517,sim-device-03-session-01-nod-009-window-000,nod,4.719021793784197,10.501940393871548
sim-device-06-session-02-nod-015-window-000,validation,nod,any_label,sim-device-01-session-01-look_right_return-007-window-000,look_right_return,0.6914086392799059,sim-device-05-session-01-still-012-window-000,still,5.1760283818961526,9.483192840134027
sim-device-06-session-02-nod-015-window-000,validation,nod,same_label,sim-device-05-session-01-nod-011-window-000,nod,0.7226519622031101,sim-device-04-session-01-nod-018-window-000,nod,5.665813286837273,6.772654260315805
sim-device-06-session-02-nod-016-window-000,validation,nod,any_label,sim-device-04-session-01-nod-015-window-000,nod,0.8221602864902149,sim-device-01-session-01-nod-016-window-000,nod,7.243889428564338,11.101267949536657
sim-device-06-session-02-nod-016-window-000,validation,nod,same_label,sim-device-04-session-01-nod-015-window-000,nod,0.8221602864902149,sim-device-01-session-01-nod-016-window-000,nod,7.243889428564338,11.101267949536657
sim-device-06-session-02-nod-017-window-000,validation,nod,any_label,sim-device-03-session-01-nod-012-window-000,nod,0.6929390136017718,sim-device-01-session-01-nod-012-window-000,nod,7.40749134581398,9.14174163441512
sim-device-06-session-02-nod-017-window-000,validation,nod,same_label,sim-device-03-session-01-nod-012-window-000,nod,0.6929390136017718,sim-device-01-session-01-nod-012-window-000,nod,7.40749134581398,9.14174163441512
sim-device-06-session-02-nod-018-window-000,validation,nod,any_label,sim-device-06-session-01-still-020-window-000,still,0.7130764364295051,sim-device-05-session-01-look_left_return-008-window-000,look_left_return,6.037099716943007,7.989604000758969
sim-device-06-session-02-nod-018-window-000,validation,nod,same_label,sim-device-06-session-01-nod-008-window-000,nod,0.7523265188628927,sim-device-01-session-01-nod-012-window-000,nod,6.388467560222895,10.819834129477336
sim-device-06-session-02-nod-019-window-000,validation,nod,any_label,sim-device-05-session-01-nod-001-window-000,nod,0.76733656611549,sim-device-06-session-01-nod-008-window-000,nod,8.618994417291402,9.77293891060429
sim-device-06-session-02-nod-019-window-000,validation,nod,same_label,sim-device-05-session-01-nod-001-window-000,nod,0.76733656611549,sim-device-06-session-01-nod-008-window-000,nod,8.618994417291402,9.77293891060429
sim-device-06-session-02-nod-020-window-000,validation,nod,any_label,sim-device-04-session-01-nod-014-window-000,nod,0.6713512144496157,sim-device-04-session-01-nod-014-window-000,nod,5.763229541806035,5.763229541806035
sim-device-06-session-02-nod-020-window-000,validation,nod,same_label,sim-device-04-session-01-nod-014-window-000,nod,0.6713512144496157,sim-device-04-session-01-nod-014-window-000,nod,5.763229541806035,5.763229541806035
sim-device-06-session-02-shake-001-window-000,validation,shake,any_label,sim-device-01-session-01-still-012-window-000,still,0.6751711677878776,sim-device-06-session-01-shake-019-window-000,shake,6.307420122474393,11.77082791623199
sim-device-06-session-02-shake-001-window-000,validation,shake,same_label,sim-device-06-session-01-shake-019-window-000,shake,0.7501755145595632,sim-device-06-session-01-shake-019-window-000,shake,6.307420122474393,6.307420122474393
sim-device-06-session-02-shake-002-window-000,validation,shake,any_label,sim-device-01-session-01-look_right_return-009-window-000,look_right_return,0.6839081550244301,sim-device-03-session-01-shake-015-window-000,shake,7.7362579055419385,11.026474126917092
sim-device-06-session-02-shake-002-window-000,validation,shake,same_label,sim-device-03-session-01-shake-015-window-000,shake,0.7421115631394761,sim-device-03-session-01-shake-015-window-000,shake,7.7362579055419385,7.7362579055419385
sim-device-06-session-02-shake-003-window-000,validation,shake,any_label,sim-device-01-session-01-look_right_return-007-window-000,look_right_return,0.7244389711171245,sim-device-02-session-01-look_right_return-017-window-000,look_right_return,7.6567363507855095,11.601521920155896
sim-device-06-session-02-shake-003-window-000,validation,shake,same_label,sim-device-04-session-01-shake-014-window-000,shake,0.8576564317988671,sim-device-02-session-01-shake-002-window-000,shake,8.69625137335935,11.338463015702464
sim-device-06-session-02-shake-004-window-000,validation,shake,any_label,sim-device-03-session-01-still-015-window-000,still,0.6754615363444428,sim-device-02-session-01-look_right_return-005-window-000,look_right_return,6.451236334533523,7.988639123817283
sim-device-06-session-02-shake-004-window-000,validation,shake,same_label,sim-device-03-session-01-shake-008-window-000,shake,0.7524593262692096,sim-device-01-session-01-shake-014-window-000,shake,6.5455578168127335,7.384520275072827
sim-device-06-session-02-shake-005-window-000,validation,shake,any_label,sim-device-02-session-01-shake-005-window-000,shake,0.6692803629282015,sim-device-05-session-01-shake-011-window-000,shake,6.53051834294105,10.818758282553103
sim-device-06-session-02-shake-005-window-000,validation,shake,same_label,sim-device-02-session-01-shake-005-window-000,shake,0.6692803629282015,sim-device-05-session-01-shake-011-window-000,shake,6.53051834294105,10.818758282553103
sim-device-06-session-02-shake-006-window-000,validation,shake,any_label,sim-device-02-session-01-look_right_return-005-window-000,look_right_return,0.782043038017911,sim-device-06-session-01-shake-015-window-000,shake,9.013253171323383,10.262550430438807
sim-device-06-session-02-shake-006-window-000,validation,shake,same_label,sim-device-06-session-01-shake-008-window-000,shake,0.8499964380529633,sim-device-06-session-01-shake-015-window-000,shake,9.013253171323383,12.73660149322656
sim-device-06-session-02-shake-007-window-000,validation,shake,any_label,sim-device-01-session-01-shake-003-window-000,shake,1.0058812575354812,sim-device-01-session-01-shake-003-window-000,shake,10.644694013681711,10.644694013681711
sim-device-06-session-02-shake-007-window-000,validation,shake,same_label,sim-device-01-session-01-shake-003-window-000,shake,1.0058812575354812,sim-device-01-session-01-shake-003-window-000,shake,10.644694013681711,10.644694013681711
sim-device-06-session-02-shake-008-window-000,validation,shake,any_label,sim-device-03-session-01-look_left_return-006-window-000,look_left_return,0.5664120389120146,sim-device-02-session-01-look_right_return-005-window-000,look_right_return,6.092249829728819,7.990312902009062
sim-device-06-session-02-shake-008-window-000,validation,shake,same_label,sim-device-05-session-01-shake-010-window-000,shake,0.7697743352914865,sim-device-01-session-01-shake-008-window-000,shake,6.246599518822589,9.534363516742738
sim-device-06-session-02-shake-009-window-000,validation,shake,any_label,sim-device-04-session-01-still-006-window-000,still,0.7184615432021809,sim-device-01-session-01-shake-011-window-000,shake,6.565185613651045,9.526378934033056
sim-device-06-session-02-shake-009-window-000,validation,shake,same_label,sim-device-01-session-01-shake-008-window-000,shake,0.789685148472859,sim-device-01-session-01-shake-011-window-000,shake,6.565185613651045,8.63241005502874
sim-device-06-session-02-shake-010-window-000,validation,shake,any_label,sim-device-06-session-01-look_left_return-014-window-000,look_left_return,0.7816984219080708,sim-device-02-session-01-shake-017-window-000,shake,7.943393226893051,10.17415806018158
sim-device-06-session-02-shake-010-window-000,validation,shake,same_label,sim-device-04-session-01-shake-008-window-000,shake,0.850573422674437,sim-device-02-session-01-shake-017-window-000,shake,7.943393226893051,11.39020361177248
sim-device-06-session-02-shake-011-window-000,validation,shake,any_label,sim-device-04-session-01-still-014-window-000,still,0.786645028247469,sim-device-04-session-01-shake-010-window-000,shake,6.01387035983808,11.95765122952496
sim-device-06-session-02-shake-011-window-000,validation,shake,same_label,sim-device-06-session-01-shake-012-window-000,shake,0.8368241440136924,sim-device-04-session-01-shake-010-window-000,shake,6.01387035983808,10.411556963393972
sim-device-06-session-02-shake-012-window-000,validation,shake,any_label,sim-device-03-session-01-still-018-window-000,still,0.8067101537238207,sim-device-02-session-01-look_right_return-007-window-000,look_right_return,6.5120110708324885,10.577573223318653
sim-device-06-session-02-shake-012-window-000,validation,shake,same_label,sim-device-01-session-01-shake-020-window-000,shake,0.8816763774098701,sim-device-05-session-01-shake-005-window-000,shake,7.401522932077172,9.121765076167312
sim-device-06-session-02-shake-013-window-000,validation,shake,any_label,sim-device-05-session-01-shake-010-window-000,shake,0.6887960744824225,sim-device-01-session-01-shake-008-window-000,shake,5.0456839457031775,11.172621378054503
sim-device-06-session-02-shake-013-window-000,validation,shake,same_label,sim-device-05-session-01-shake-010-window-000,shake,0.6887960744824225,sim-device-01-session-01-shake-008-window-000,shake,5.0456839457031775,11.172621378054503
sim-device-06-session-02-shake-014-window-000,validation,shake,any_label,sim-device-04-session-01-still-006-window-000,still,0.6584204603244453,sim-device-01-session-01-shake-014-window-000,shake,6.943301110741596,8.951869836632612
sim-device-06-session-02-shake-014-window-000,validation,shake,same_label,sim-device-01-session-01-shake-014-window-000,shake,0.7102385389777144,sim-device-01-session-01-shake-014-window-000,shake,6.943301110741596,6.943301110741596
sim-device-06-session-02-shake-015-window-000,validation,shake,any_label,sim-device-04-session-01-look_right_return-002-window-000,look_right_return,0.7645965775007817,sim-device-01-session-01-shake-003-window-000,shake,9.371331961584204,12.932107311946176
sim-device-06-session-02-shake-015-window-000,validation,shake,same_label,sim-device-02-session-01-shake-005-window-000,shake,0.8065061035932157,sim-device-01-session-01-shake-003-window-000,shake,9.371331961584204,11.492114888953676
sim-device-06-session-02-shake-016-window-000,validation,shake,any_label,sim-device-04-session-01-still-017-window-000,still,0.6720216371447217,sim-device-02-session-01-look_right_return-008-window-000,look_right_return,6.4565291372613025,9.310771621750993
sim-device-06-session-02-shake-016-window-000,validation,shake,same_label,sim-device-05-session-01-shake-010-window-000,shake,0.7128076397191153,sim-device-05-session-01-shake-010-window-000,shake,6.7360421901353975,6.7360421901353975
sim-device-06-session-02-shake-017-window-000,validation,shake,any_label,sim-device-01-session-01-look_right_return-014-window-000,look_right_return,0.5549554934997225,sim-device-06-session-01-shake-002-window-000,shake,5.561553962836029,6.006733433036654
sim-device-06-session-02-shake-017-window-000,validation,shake,same_label,sim-device-05-session-01-shake-005-window-000,shake,0.5965587526564596,sim-device-06-session-01-shake-002-window-000,shake,5.561553962836029,7.0039596546427845
sim-device-06-session-02-shake-018-window-000,validation,shake,any_label,sim-device-01-session-01-shake-019-window-000,shake,0.8856155180098917,sim-device-05-session-01-shake-015-window-000,shake,7.447829182101048,9.18852370561578
sim-device-06-session-02-shake-018-window-000,validation,shake,same_label,sim-device-01-session-01-shake-019-window-000,shake,0.8856155180098917,sim-device-05-session-01-shake-015-window-000,shake,7.447829182101048,9.18852370561578
sim-device-06-session-02-shake-019-window-000,validation,shake,any_label,sim-device-06-session-01-look_right_return-004-window-000,look_right_return,0.6733000065245199,sim-device-02-session-01-look_right_return-007-window-000,look_right_return,6.891043564114199,7.7340797265109265
sim-device-06-session-02-shake-019-window-000,validation,shake,same_label,sim-device-02-session-01-shake-011-window-000,shake,0.6921978124718301,sim-device-02-session-01-shake-011-window-000,shake,7.344491413906935,7.344491413906935
sim-device-06-session-02-shake-020-window-000,validation,shake,any_label,sim-device-03-session-01-still-013-window-000,still,0.6344654821261839,sim-device-05-session-01-still-003-window-000,still,5.5417455829025615,8.806660215809428
sim-device-06-session-02-shake-020-window-000,validation,shake,same_label,sim-device-06-session-01-shake-018-window-000,shake,0.6696626229772195,sim-device-04-session-01-shake-013-window-000,shake,6.479921698656608,6.8215899249041225
sim-device-06-session-02-still-001-window-000,validation,still,any_label,sim-device-01-session-01-look_right_return-007-window-000,look_right_return,0.6001112756555775,sim-device-06-session-01-still-019-window-000,still,2.89161854387497,5.934834904248025
sim-device-06-session-02-still-001-window-000,validation,still,same_label,sim-device-05-session-01-still-002-window-000,still,0.6141630394096358,sim-device-06-session-01-still-019-window-000,still,2.89161854387497,4.770166092495787
sim-device-06-session-02-still-002-window-000,validation,still,any_label,sim-device-06-session-01-shake-018-window-000,shake,0.6325238937311338,sim-device-04-session-01-still-004-window-000,still,4.1312455836613555,8.429095784473969
sim-device-06-session-02-still-002-window-000,validation,still,same_label,sim-device-06-session-01-still-002-window-000,still,0.6465937789227189,sim-device-04-session-01-still-004-window-000,still,4.1312455836613555,9.174803818556972
sim-device-06-session-02-still-003-window-000,validation,still,any_label,sim-device-04-session-01-still-015-window-000,still,0.6468952064649941,sim-device-02-session-01-still-018-window-000,still,3.3981533090515725,7.91298876827023
sim-device-06-session-02-still-003-window-000,validation,still,same_label,sim-device-04-session-01-still-015-window-000,still,0.6468952064649941,sim-device-02-session-01-still-018-window-000,still,3.3981533090515725,7.91298876827023
sim-device-06-session-02-still-004-window-000,validation,still,any_label,sim-device-02-session-01-look_left_return-001-window-000,look_left_return,0.6784652709231733,sim-device-02-session-01-still-012-window-000,still,5.150396136750197,6.788905111796284
sim-device-06-session-02-still-004-window-000,validation,still,same_label,sim-device-03-session-01-still-010-window-000,still,0.7322713951356702,sim-device-02-session-01-still-012-window-000,still,5.150396136750197,5.938501350374118
sim-device-06-session-02-still-005-window-000,validation,still,any_label,sim-device-02-session-01-still-009-window-000,still,0.5298067301849433,sim-device-01-session-01-look_right_return-008-window-000,look_right_return,3.7636765893409816,3.9178582581028927
sim-device-06-session-02-still-005-window-000,validation,still,same_label,sim-device-02-session-01-still-009-window-000,still,0.5298067301849433,sim-device-04-session-01-still-013-window-000,still,3.8688063609984793,3.9178582581028927
sim-device-06-session-02-still-006-window-000,validation,still,any_label,sim-device-06-session-01-still-006-window-000,still,0.7894934770033224,sim-device-01-session-01-still-015-window-000,still,3.936131725863693,6.308000719314005
sim-device-06-session-02-still-006-window-000,validation,still,same_label,sim-device-06-session-01-still-006-window-000,still,0.7894934770033224,sim-device-01-session-01-still-015-window-000,still,3.936131725863693,6.308000719314005
sim-device-06-session-02-still-007-window-000,validation,still,any_label,sim-device-01-session-01-look_right_return-014-window-000,look_right_return,0.6101777247292449,sim-device-01-session-01-still-005-window-000,still,3.7414264912075765,4.9790373585699434
sim-device-06-session-02-still-007-window-000,validation,still,same_label,sim-device-06-session-01-still-019-window-000,still,0.6801140432413998,sim-device-01-session-01-still-005-window-000,still,3.7414264912075765,8.311135855507132
sim-device-06-session-02-still-008-window-000,validation,still,any_label,sim-device-06-session-01-nod-016-window-000,nod,0.6353948087293793,sim-device-03-session-01-still-008-window-000,still,3.726955487291189,6.044575321744449
sim-device-06-session-02-still-008-window-000,validation,still,same_label,sim-device-04-session-01-still-001-window-000,still,0.6372979249492167,sim-device-03-session-01-still-008-window-000,still,3.726955487291189,4.307972186804483
sim-device-06-session-02-still-009-window-000,validation,still,any_label,sim-device-03-session-01-look_left_return-010-window-000,look_left_return,0.5376382745617257,sim-device-05-session-01-still-014-window-000,still,3.1398493881255405,5.781286519656448
sim-device-06-session-02-still-009-window-000,validation,still,same_label,sim-device-02-session-01-still-006-window-000,still,0.546079811638774,sim-device-05-session-01-still-014-window-000,still,3.1398493881255405,4.724119860884307
sim-device-06-session-02-still-010-window-000,validation,still,any_label,sim-device-04-session-01-shake-013-window-000,shake,0.6453635651139674,sim-device-05-session-01-still-011-window-000,still,4.49906303586397,10.899013802667744
sim-device-06-session-02-still-010-window-000,validation,still,same_label,sim-device-03-session-01-still-013-window-000,still,0.6666699193005201,sim-device-05-session-01-still-011-window-000,still,4.49906303586397,5.013773964831495
sim-device-06-session-02-still-011-window-000,validation,still,any_label,sim-device-02-session-01-look_left_return-001-window-000,look_left_return,0.5762118775552508,sim-device-03-session-01-still-010-window-000,still,3.714439485096725,6.0821268572400005
sim-device-06-session-02-still-011-window-000,validation,still,same_label,sim-device-04-session-01-still-002-window-000,still,0.6330944093050702,sim-device-03-session-01-still-010-window-000,still,3.714439485096725,5.7173678667043655
sim-device-06-session-02-still-012-window-000,validation,still,any_label,sim-device-01-session-01-shake-011-window-000,shake,0.6355147563248489,sim-device-06-session-01-still-004-window-000,still,4.536887037641721,7.807069823570176
sim-device-06-session-02-still-012-window-000,validation,still,same_label,sim-device-06-session-01-still-003-window-000,still,0.6589510260660084,sim-device-06-session-01-still-004-window-000,still,4.536887037641721,4.720177936879161
sim-device-06-session-02-still-013-window-000,validation,still,any_label,sim-device-06-session-01-still-019-window-000,still,0.5954043853705095,sim-device-06-session-01-still-012-window-000,still,3.574933878256462,5.7328105537632394
sim-device-06-session-02-still-013-window-000,validation,still,same_label,sim-device-06-session-01-still-019-window-000,still,0.5954043853705095,sim-device-06-session-01-still-012-window-000,still,3.574933878256462,5.7328105537632394
sim-device-06-session-02-still-014-window-000,validation,still,any_label,sim-device-02-session-01-still-012-window-000,still,0.5885157955399126,sim-device-04-session-01-still-020-window-000,still,3.7729095674685773,5.1910776762954205
sim-device-06-session-02-still-014-window-000,validation,still,same_label,sim-device-02-session-01-still-012-window-000,still,0.5885157955399126,sim-device-04-session-01-still-020-window-000,still,3.7729095674685773,5.1910776762954205
sim-device-06-session-02-still-015-window-000,validation,still,any_label,sim-device-02-session-01-nod-015-window-000,nod,0.5978833805271593,sim-device-02-session-01-nod-015-window-000,nod,5.0000994592499595,5.0000994592499595
sim-device-06-session-02-still-015-window-000,validation,still,same_label,sim-device-01-session-01-still-005-window-000,still,0.6467680534275404,sim-device-06-session-01-still-006-window-000,still,5.362166962804942,8.12167922596931
sim-device-06-session-02-still-016-window-000,validation,still,any_label,sim-device-01-session-01-still-002-window-000,still,0.6377058724518645,sim-device-01-session-01-still-017-window-000,still,4.420595786645817,5.91104456910525
sim-device-06-session-02-still-016-window-000,validation,still,same_label,sim-device-01-session-01-still-002-window-000,still,0.6377058724518645,sim-device-01-session-01-still-017-window-000,still,4.420595786645817,5.91104456910525
sim-device-06-session-02-still-017-window-000,validation,still,any_label,sim-device-04-session-01-still-018-window-000,still,0.6047318432294152,sim-device-01-session-01-still-013-window-000,still,3.9436448266569095,5.2217601368195
sim-device-06-session-02-still-017-window-000,validation,still,same_label,sim-device-04-session-01-still-018-window-000,still,0.6047318432294152,sim-device-01-session-01-still-013-window-000,still,3.9436448266569095,5.2217601368195
sim-device-06-session-02-still-018-window-000,validation,still,any_label,sim-device-01-session-01-still-008-window-000,still,0.6211146255048108,sim-device-06-session-01-still-013-window-000,still,4.1956433889295095,4.786494678313239
sim-device-06-session-02-still-018-window-000,validation,still,same_label,sim-device-01-session-01-still-008-window-000,still,0.6211146255048108,sim-device-06-session-01-still-013-window-000,still,4.1956433889295095,4.786494678313239
sim-device-06-session-02-still-019-window-000,validation,still,any_label,sim-device-01-session-01-look_left_return-016-window-000,look_left_return,0.6073251320232346,sim-device-02-session-01-still-014-window-000,still,3.0827764099361175,5.78781363900601
sim-device-06-session-02-still-019-window-000,validation,still,same_label,sim-device-01-session-01-still-018-window-000,still,0.6266137771134034,sim-device-02-session-01-still-014-window-000,still,3.0827764099361175,6.573399875813155
sim-device-06-session-02-still-020-window-000,validation,still,any_label,sim-device-03-session-01-still-005-window-000,still,0.62476772106737,sim-device-02-session-01-still-018-window-000,still,3.817279305393383,4.605259835359501
sim-device-06-session-02-still-020-window-000,validation,still,same_label,sim-device-03-session-01-still-005-window-000,still,0.62476772106737,sim-device-02-session-01-still-018-window-000,still,3.817279305393383,4.605259835359501
sim-device-01-session-03-look_left_return-001-window-000,test,look_left_return,any_label,sim-device-06-session-01-look_left_return-009-window-000,look_left_return,1.7341203360236017,sim-device-06-session-01-look_left_return-009-window-000,look_left_return,17.528661051332193,17.528661051332193
sim-device-01-session-03-look_left_return-001-window-000,test,look_left_return,same_label,sim-device-06-session-01-look_left_return-009-window-000,look_left_return,1.7341203360236017,sim-device-06-session-01-look_left_return-009-window-000,look_left_return,17.528661051332193,17.528661051332193
sim-device-01-session-03-look_left_return-002-window-000,test,look_left_return,any_label,sim-device-03-session-01-look_left_return-001-window-000,look_left_return,0.9961149909267494,sim-device-06-session-01-look_left_return-011-window-000,look_left_return,8.884549547584662,15.341627848537462
sim-device-01-session-03-look_left_return-002-window-000,test,look_left_return,same_label,sim-device-03-session-01-look_left_return-001-window-000,look_left_return,0.9961149909267494,sim-device-06-session-01-look_left_return-011-window-000,look_left_return,8.884549547584662,15.341627848537462
sim-device-01-session-03-look_left_return-003-window-000,test,look_left_return,any_label,sim-device-06-session-01-look_left_return-012-window-000,look_left_return,1.2385398036885695,sim-device-06-session-01-look_left_return-012-window-000,look_left_return,11.112317305235447,11.112317305235447
sim-device-01-session-03-look_left_return-003-window-000,test,look_left_return,same_label,sim-device-06-session-01-look_left_return-012-window-000,look_left_return,1.2385398036885695,sim-device-06-session-01-look_left_return-012-window-000,look_left_return,11.112317305235447,11.112317305235447
sim-device-01-session-03-look_left_return-004-window-000,test,look_left_return,any_label,sim-device-06-session-01-look_left_return-005-window-000,look_left_return,1.0437977434062506,sim-device-02-session-01-look_left_return-010-window-000,look_left_return,11.233573208956546,15.903474529288713
sim-device-01-session-03-look_left_return-004-window-000,test,look_left_return,same_label,sim-device-06-session-01-look_left_return-005-window-000,look_left_return,1.0437977434062506,sim-device-02-session-01-look_left_return-010-window-000,look_left_return,11.233573208956546,15.903474529288713
sim-device-01-session-03-look_left_return-005-window-000,test,look_left_return,any_label,sim-device-02-session-01-look_left_return-013-window-000,look_left_return,0.6487431915447269,sim-device-02-session-01-look_left_return-013-window-000,look_left_return,4.644295890615477,4.644295890615477
sim-device-01-session-03-look_left_return-005-window-000,test,look_left_return,same_label,sim-device-02-session-01-look_left_return-013-window-000,look_left_return,0.6487431915447269,sim-device-02-session-01-look_left_return-013-window-000,look_left_return,4.644295890615477,4.644295890615477
sim-device-01-session-03-look_left_return-006-window-000,test,look_left_return,any_label,sim-device-04-session-01-look_left_return-019-window-000,look_left_return,1.2258665220276002,sim-device-05-session-01-look_left_return-009-window-000,look_left_return,12.661272584978754,15.0743381559289
sim-device-01-session-03-look_left_return-006-window-000,test,look_left_return,same_label,sim-device-04-session-01-look_left_return-019-window-000,look_left_return,1.2258665220276002,sim-device-05-session-01-look_left_return-009-window-000,look_left_return,12.661272584978754,15.0743381559289
sim-device-01-session-03-look_left_return-007-window-000,test,look_left_return,any_label,sim-device-06-session-01-look_left_return-006-window-000,look_left_return,0.7530808441013465,sim-device-02-session-01-look_left_return-004-window-000,look_left_return,8.529904994549142,9.584215887136335
sim-device-01-session-03-look_left_return-007-window-000,test,look_left_return,same_label,sim-device-06-session-01-look_left_return-006-window-000,look_left_return,0.7530808441013465,sim-device-02-session-01-look_left_return-004-window-000,look_left_return,8.529904994549142,9.584215887136335
sim-device-01-session-03-look_left_return-008-window-000,test,look_left_return,any_label,sim-device-01-session-01-look_left_return-001-window-000,look_left_return,0.7790956661132351,sim-device-01-session-01-look_left_return-001-window-000,look_left_return,7.611570244910892,7.611570244910892
sim-device-01-session-03-look_left_return-008-window-000,test,look_left_return,same_label,sim-device-01-session-01-look_left_return-001-window-000,look_left_return,0.7790956661132351,sim-device-01-session-01-look_left_return-001-window-000,look_left_return,7.611570244910892,7.611570244910892
sim-device-01-session-03-look_left_return-009-window-000,test,look_left_return,any_label,sim-device-06-session-01-look_left_return-012-window-000,look_left_return,0.8748365579224092,sim-device-02-session-01-look_left_return-008-window-000,look_left_return,8.682054809068113,9.384857040008445
sim-device-01-session-03-look_left_return-009-window-000,test,look_left_return,same_label,sim-device-06-session-01-look_left_return-012-window-000,look_left_return,0.8748365579224092,sim-device-02-session-01-look_left_return-008-window-000,look_left_return,8.682054809068113,9.384857040008445
sim-device-01-session-03-look_left_return-010-window-000,test,look_left_return,any_label,sim-device-04-session-01-still-009-window-000,still,0.8767238140296202,sim-device-06-session-01-look_left_return-006-window-000,look_left_return,4.368131466537797,17.252693903100848
sim-device-01-session-03-look_left_return-010-window-000,test,look_left_return,same_label,sim-device-01-session-01-look_left_return-015-window-000,look_left_return,0.8890343056260306,sim-device-06-session-01-look_left_return-006-window-000,look_left_return,4.368131466537797,13.49232244182122
sim-device-01-session-03-look_left_return-011-window-000,test,look_left_return,any_label,sim-device-05-session-01-look_left_return-008-window-000,look_left_return,0.6310396639114838,sim-device-05-session-01-look_left_return-008-window-000,look_left_return,4.057949139677504,4.057949139677504
sim-device-01-session-03-look_left_return-011-window-000,test,look_left_return,same_label,sim-device-05-session-01-look_left_return-008-window-000,look_left_return,0.6310396639114838,sim-device-05-session-01-look_left_return-008-window-000,look_left_return,4.057949139677504,4.057949139677504
sim-device-01-session-03-look_left_return-012-window-000,test,look_left_return,any_label,sim-device-05-session-01-look_left_return-013-window-000,look_left_return,1.0831172838174092,sim-device-05-session-01-look_left_return-013-window-000,look_left_return,11.489193310491357,11.489193310491357
sim-device-01-session-03-look_left_return-012-window-000,test,look_left_return,same_label,sim-device-05-session-01-look_left_return-013-window-000,look_left_return,1.0831172838174092,sim-device-05-session-01-look_left_return-013-window-000,look_left_return,11.489193310491357,11.489193310491357
sim-device-01-session-03-look_left_return-013-window-000,test,look_left_return,any_label,sim-device-03-session-01-still-009-window-000,still,0.5697672474148078,sim-device-05-session-01-look_left_return-008-window-000,look_left_return,4.982388006597175,6.45239265518219
sim-device-01-session-03-look_left_return-013-window-000,test,look_left_return,same_label,sim-device-02-session-01-look_left_return-020-window-000,look_left_return,0.7036783686855488,sim-device-05-session-01-look_left_return-008-window-000,look_left_return,4.982388006597175,7.012409361607486
sim-device-01-session-03-look_left_return-014-window-000,test,look_left_return,any_label,sim-device-01-session-01-still-007-window-000,still,0.5824443871166795,sim-device-06-session-01-look_left_return-003-window-000,look_left_return,5.405228961007915,6.7499158818575
sim-device-01-session-03-look_left_return-014-window-000,test,look_left_return,same_label,sim-device-05-session-01-look_left_return-007-window-000,look_left_return,0.6165397766124874,sim-device-06-session-01-look_left_return-003-window-000,look_left_return,5.405228961007915,7.972703161273941
sim-device-01-session-03-look_left_return-015-window-000,test,look_left_return,any_label,sim-device-06-session-01-look_left_return-007-window-000,look_left_return,0.898382252717569,sim-device-02-session-01-look_left_return-009-window-000,look_left_return,6.71338473978023,13.431452181733238
sim-device-01-session-03-look_left_return-015-window-000,test,look_left_return,same_label,sim-device-06-session-01-look_left_return-007-window-000,look_left_return,0.898382252717569,sim-device-02-session-01-look_left_return-009-window-000,look_left_return,6.71338473978023,13.431452181733238
sim-device-01-session-03-look_left_return-016-window-000,test,look_left_return,any_label,sim-device-01-session-01-shake-001-window-000,shake,0.6119375141678127,sim-device-01-session-01-look_left_return-003-window-000,look_left_return,5.438590960728632,8.229109727258443
sim-device-01-session-03-look_left_return-016-window-000,test,look_left_return,same_label,sim-device-03-session-01-look_left_return-006-window-000,look_left_return,0.6725843071711777,sim-device-01-session-01-look_left_return-003-window-000,look_left_return,5.438590960728632,8.870021085922712
sim-device-01-session-03-look_left_return-017-window-000,test,look_left_return,any_label,sim-device-04-session-01-look_left_return-009-window-000,look_left_return,0.5612066903437944,sim-device-04-session-01-look_left_return-016-window-000,look_left_return,5.7055429176247685,7.270424915966869
sim-device-01-session-03-look_left_return-017-window-000,test,look_left_return,same_label,sim-device-04-session-01-look_left_return-009-window-000,look_left_return,0.5612066903437944,sim-device-04-session-01-look_left_return-016-window-000,look_left_return,5.7055429176247685,7.270424915966869
sim-device-01-session-03-look_left_return-018-window-000,test,look_left_return,any_label,sim-device-02-session-01-look_left_return-020-window-000,look_left_return,0.7716776617874372,sim-device-02-session-01-look_left_return-007-window-000,look_left_return,5.714037001737189,11.558058710674299
sim-device-01-session-03-look_left_return-018-window-000,test,look_left_return,same_label,sim-device-02-session-01-look_left_return-020-window-000,look_left_return,0.7716776617874372,sim-device-02-session-01-look_left_return-007-window-000,look_left_return,5.714037001737189,11.558058710674299
sim-device-01-session-03-look_left_return-019-window-000,test,look_left_return,any_label,sim-device-06-session-01-look_left_return-015-window-000,look_left_return,0.7669411496840474,sim-device-06-session-01-look_left_return-018-window-000,look_left_return,8.017647430608308,11.262082484581935
sim-device-01-session-03-look_left_return-019-window-000,test,look_left_return,same_label,sim-device-06-session-01-look_left_return-015-window-000,look_left_return,0.7669411496840474,sim-device-06-session-01-look_left_return-018-window-000,look_left_return,8.017647430608308,11.262082484581935
sim-device-01-session-03-look_left_return-020-window-000,test,look_left_return,any_label,sim-device-06-session-01-look_left_return-009-window-000,look_left_return,1.0655676689123554,sim-device-06-session-01-look_left_return-009-window-000,look_left_return,8.89475494243924,8.89475494243924
sim-device-01-session-03-look_left_return-020-window-000,test,look_left_return,same_label,sim-device-06-session-01-look_left_return-009-window-000,look_left_return,1.0655676689123554,sim-device-06-session-01-look_left_return-009-window-000,look_left_return,8.89475494243924,8.89475494243924
sim-device-01-session-03-look_right_return-001-window-000,test,look_right_return,any_label,sim-device-02-session-01-still-016-window-000,still,0.611536640118113,sim-device-05-session-01-still-011-window-000,still,4.601095299421054,7.609761461237255
sim-device-01-session-03-look_right_return-001-window-000,test,look_right_return,same_label,sim-device-01-session-01-look_right_return-015-window-000,look_right_return,0.7085377146704083,sim-device-03-session-01-look_right_return-013-window-000,look_right_return,5.057000058492621,7.002533458100539
sim-device-01-session-03-look_right_return-002-window-000,test,look_right_return,any_label,sim-device-02-session-01-look_right_return-012-window-000,look_right_return,0.8192492016447728,sim-device-02-session-01-look_right_return-012-window-000,look_right_return,6.7567575316979225,6.7567575316979225
sim-device-01-session-03-look_right_return-002-window-000,test,look_right_return,same_label,sim-device-02-session-01-look_right_return-012-window-000,look_right_return,0.8192492016447728,sim-device-02-session-01-look_right_return-012-window-000,look_right_return,6.7567575316979225,6.7567575316979225
sim-device-01-session-03-look_right_return-003-window-000,test,look_right_return,any_label,sim-device-05-session-01-look_right_return-004-window-000,look_right_return,0.9177774042462112,sim-device-05-session-01-look_right_return-004-window-000,look_right_return,10.737454681161022,10.737454681161022
sim-device-01-session-03-look_right_return-003-window-000,test,look_right_return,same_label,sim-device-05-session-01-look_right_return-004-window-000,look_right_return,0.9177774042462112,sim-device-05-session-01-look_right_return-004-window-000,look_right_return,10.737454681161022,10.737454681161022
sim-device-01-session-03-look_right_return-004-window-000,test,look_right_return,any_label,sim-device-04-session-01-look_right_return-012-window-000,look_right_return,1.4701641908144338,sim-device-02-session-01-look_right_return-001-window-000,look_right_return,14.776864930675856,18.639579602050595
sim-device-01-session-03-look_right_return-004-window-000,test,look_right_return,same_label,sim-device-04-session-01-look_right_return-012-window-000,look_right_return,1.4701641908144338,sim-device-02-session-01-look_right_return-001-window-000,look_right_return,14.776864930675856,18.639579602050595
sim-device-01-session-03-look_right_return-005-window-000,test,look_right_return,any_label,sim-device-06-session-01-still-004-window-000,still,0.7037705761630785,sim-device-04-session-01-still-017-window-000,still,5.34957179197207,10.145123241205992
sim-device-01-session-03-look_right_return-005-window-000,test,look_right_return,same_label,sim-device-05-session-01-look_right_return-001-window-000,look_right_return,0.7144344420006958,sim-device-03-session-01-look_right_return-013-window-000,look_right_return,5.4696619012090055,11.395971296325637
sim-device-01-session-03-look_right_return-006-window-000,test,look_right_return,any_label,sim-device-03-session-01-look_right_return-007-window-000,look_right_return,0.750442359117485,sim-device-03-session-01-look_right_return-007-window-000,look_right_return,7.039498454966846,7.039498454966846
sim-device-01-session-03-look_right_return-006-window-000,test,look_right_return,same_label,sim-device-03-session-01-look_right_return-007-window-000,look_right_return,0.750442359117485,sim-device-03-session-01-look_right_return-007-window-000,look_right_return,7.039498454966846,7.039498454966846
sim-device-01-session-03-look_right_return-007-window-000,test,look_right_return,any_label,sim-device-05-session-01-look_right_return-004-window-000,look_right_return,0.7263547580182069,sim-device-03-session-01-look_right_return-005-window-000,look_right_return,5.978491357691374,7.523785360849663
sim-device-01-session-03-look_right_return-007-window-000,test,look_right_return,same_label,sim-device-05-session-01-look_right_return-004-window-000,look_right_return,0.7263547580182069,sim-device-03-session-01-look_right_return-005-window-000,look_right_return,5.978491357691374,7.523785360849663
sim-device-01-session-03-look_right_return-008-window-000,test,look_right_return,any_label,sim-device-03-session-01-look_right_return-011-window-000,look_right_return,1.5267326560911716,sim-device-04-session-01-look_right_return-009-window-000,look_right_return,16.83798607950219,20.129903075909148
sim-device-01-session-03-look_right_return-008-window-000,test,look_right_return,same_label,sim-device-03-session-01-look_right_return-011-window-000,look_right_return,1.5267326560911716,sim-device-04-session-01-look_right_return-009-window-000,look_right_return,16.83798607950219,20.129903075909148
sim-device-01-session-03-look_right_return-009-window-000,test,look_right_return,any_label,sim-device-03-session-01-still-014-window-000,still,0.7351865650137285,sim-device-05-session-01-still-011-window-000,still,4.788179417331222,5.926072452787701
sim-device-01-session-03-look_right_return-009-window-000,test,look_right_return,same_label,sim-device-01-session-01-look_right_return-002-window-000,look_right_return,0.7581877820252989,sim-device-03-session-01-look_right_return-013-window-000,look_right_return,4.893443411891392,6.805056665568269
sim-device-01-session-03-look_right_return-010-window-000,test,look_right_return,any_label,sim-device-05-session-01-still-020-window-000,still,0.7632898840791177,sim-device-03-session-01-look_right_return-004-window-000,look_right_return,8.511760238824081,12.263392824846022
sim-device-01-session-03-look_right_return-010-window-000,test,look_right_return,same_label,sim-device-02-session-01-look_right_return-008-window-000,look_right_return,0.842907173741259,sim-device-03-session-01-look_right_return-004-window-000,look_right_return,8.511760238824081,11.216970869642028
sim-device-01-session-03-look_right_return-011-window-000,test,look_right_return,any_label,sim-device-01-session-01-look_right_return-011-window-000,look_right_return,0.7861199805288275,sim-device-04-session-01-look_right_return-014-window-000,look_right_return,5.812083760824401,9.742247245149395
sim-device-01-session-03-look_right_return-011-window-000,test,look_right_return,same_label,sim-device-01-session-01-look_right_return-011-window-000,look_right_return,0.7861199805288275,sim-device-04-session-01-look_right_return-014-window-000,look_right_return,5.812083760824401,9.742247245149395
sim-device-01-session-03-look_right_return-012-window-000,test,look_right_return,any_label,sim-device-03-session-01-look_right_return-014-window-000,look_right_return,0.7739681437708672,sim-device-03-session-01-look_right_return-014-window-000,look_right_return,8.192475208571675,8.192475208571675
sim-device-01-session-03-look_right_return-012-window-000,test,look_right_return,same_label,sim-device-03-session-01-look_right_return-014-window-000,look_right_return,0.7739681437708672,sim-device-03-session-01-look_right_return-014-window-000,look_right_return,8.192475208571675,8.192475208571675
sim-device-01-session-03-look_right_return-013-window-000,test,look_right_return,any_label,sim-device-06-session-01-look_right_return-002-window-000,look_right_return,0.7388938416760201,sim-device-04-session-01-look_right_return-013-window-000,look_right_return,8.639698352034193,9.858321584033288
sim-device-01-session-03-look_right_return-013-window-000,test,look_right_return,same_label,sim-device-06-session-01-look_right_return-002-window-000,look_right_return,0.7388938416760201,sim-device-04-session-01-look_right_return-013-window-000,look_right_return,8.639698352034193,9.858321584033288
sim-device-01-session-03-look_right_return-014-window-000,test,look_right_return,any_label,sim-device-06-session-01-look_right_return-013-window-000,look_right_return,0.7001912203334223,sim-device-05-session-01-look_right_return-013-window-000,look_right_return,6.2670433357898245,7.976373111514114
sim-device-01-session-03-look_right_return-014-window-000,test,look_right_return,same_label,sim-device-06-session-01-look_right_return-013-window-000,look_right_return,0.7001912203334223,sim-device-05-session-01-look_right_return-013-window-000,look_right_return,6.2670433357898245,7.976373111514114
sim-device-01-session-03-look_right_return-015-window-000,test,look_right_return,any_label,sim-device-05-session-01-still-007-window-000,still,0.76707958601232,sim-device-01-session-01-look_right_return-002-window-000,look_right_return,6.029434512052321,11.959238725813298
sim-device-01-session-03-look_right_return-015-window-000,test,look_right_return,same_label,sim-device-06-session-01-look_right_return-014-window-000,look_right_return,0.8329016258729655,sim-device-01-session-01-look_right_return-002-window-000,look_right_return,6.029434512052321,9.150878654818245
sim-device-01-session-03-look_right_return-016-window-000,test,look_right_return,any_label,sim-device-04-session-01-still-009-window-000,still,0.6255236689026598,sim-device-01-session-01-look_right_return-015-window-000,look_right_return,5.386258863689352,10.015407108417179
sim-device-01-session-03-look_right_return-016-window-000,test,look_right_return,same_label,sim-device-06-session-01-look_right_return-020-window-000,look_right_return,0.7554242120963035,sim-device-01-session-01-look_right_return-015-window-000,look_right_return,5.386258863689352,6.849723043259899
sim-device-01-session-03-look_right_return-017-window-000,test,look_right_return,any_label,sim-device-05-session-01-look_right_return-004-window-000,look_right_return,0.8114642411672055,sim-device-02-session-01-look_right_return-004-window-000,look_right_return,5.641235278728262,12.702381529826877
sim-device-01-session-03-look_right_return-017-window-000,test,look_right_return,same_label,sim-device-05-session-01-look_right_return-004-window-000,look_right_return,0.8114642411672055,sim-device-02-session-01-look_right_return-004-window-000,look_right_return,5.641235278728262,12.702381529826877
sim-device-01-session-03-look_right_return-018-window-000,test,look_right_return,any_label,sim-device-05-session-01-look_right_return-011-window-000,look_right_return,0.9832635878442146,sim-device-05-session-01-look_right_return-019-window-000,look_right_return,8.284116403621349,11.115194126942823
sim-device-01-session-03-look_right_return-018-window-000,test,look_right_return,same_label,sim-device-05-session-01-look_right_return-011-window-000,look_right_return,0.9832635878442146,sim-device-05-session-01-look_right_return-019-window-000,look_right_return,8.284116403621349,11.115194126942823
sim-device-01-session-03-look_right_return-019-window-000,test,look_right_return,any_label,sim-device-06-session-01-look_right_return-011-window-000,look_right_return,1.070017176941849,sim-device-04-session-01-look_right_return-012-window-000,look_right_return,10.167815023132635,13.528441907492589
sim-device-01-session-03-look_right_return-019-window-000,test,look_right_return,same_label,sim-device-06-session-01-look_right_return-011-window-000,look_right_return,1.070017176941849,sim-device-04-session-01-look_right_return-012-window-000,look_right_return,10.167815023132635,13.528441907492589
sim-device-01-session-03-look_right_return-020-window-000,test,look_right_return,any_label,sim-device-05-session-01-look_right_return-004-window-000,look_right_return,1.0519799151122655,sim-device-04-session-01-look_right_return-009-window-000,look_right_return,11.050729857625832,12.156637560057764
sim-device-01-session-03-look_right_return-020-window-000,test,look_right_return,same_label,sim-device-05-session-01-look_right_return-004-window-000,look_right_return,1.0519799151122655,sim-device-04-session-01-look_right_return-009-window-000,look_right_return,11.050729857625832,12.156637560057764
sim-device-01-session-03-nod-001-window-000,test,nod,any_label,sim-device-06-session-01-nod-005-window-000,nod,0.9124523226762162,sim-device-01-session-01-nod-015-window-000,nod,6.483179193355854,13.754561763789694
sim-device-01-session-03-nod-001-window-000,test,nod,same_label,sim-device-06-session-01-nod-005-window-000,nod,0.9124523226762162,sim-device-01-session-01-nod-015-window-000,nod,6.483179193355854,13.754561763789694
sim-device-01-session-03-nod-002-window-000,test,nod,any_label,sim-device-06-session-01-nod-005-window-000,nod,0.9484449815025898,sim-device-06-session-01-nod-005-window-000,nod,9.232250009569198,9.232250009569198
sim-device-01-session-03-nod-002-window-000,test,nod,same_label,sim-device-06-session-01-nod-005-window-000,nod,0.9484449815025898,sim-device-06-session-01-nod-005-window-000,nod,9.232250009569198,9.232250009569198
sim-device-01-session-03-nod-003-window-000,test,nod,any_label,sim-device-04-session-01-nod-011-window-000,nod,0.9101305346692641,sim-device-06-session-01-nod-012-window-000,nod,9.340535528106592,11.785471342694022
sim-device-01-session-03-nod-003-window-000,test,nod,same_label,sim-device-04-session-01-nod-011-window-000,nod,0.9101305346692641,sim-device-06-session-01-nod-012-window-000,nod,9.340535528106592,11.785471342694022
sim-device-01-session-03-nod-004-window-000,test,nod,any_label,sim-device-01-session-01-still-010-window-000,still,0.5874176344777783,sim-device-06-session-01-still-004-window-000,still,4.433060006351711,7.8744479645276035
sim-device-01-session-03-nod-004-window-000,test,nod,same_label,sim-device-01-session-01-nod-008-window-000,nod,0.741273696958746,sim-device-01-session-01-nod-004-window-000,nod,4.747565822252054,9.473780221266274
sim-device-01-session-03-nod-005-window-000,test,nod,any_label,sim-device-04-session-01-still-018-window-000,still,0.8445153249246535,sim-device-04-session-01-nod-013-window-000,nod,6.464635150468059,11.064127424112868
sim-device-01-session-03-nod-005-window-000,test,nod,same_label,sim-device-02-session-01-nod-002-window-000,nod,0.846934473605013,sim-device-04-session-01-nod-013-window-000,nod,6.464635150468059,9.445413362233605
sim-device-01-session-03-nod-006-window-000,test,nod,any_label,sim-device-05-session-01-nod-017-window-000,nod,1.2791496532363302,sim-device-06-session-01-nod-005-window-000,nod,14.470469621620882,16.507960766998004
sim-device-01-session-03-nod-006-window-000,test,nod,same_label,sim-device-05-session-01-nod-017-window-000,nod,1.2791496532363302,sim-device-06-session-01-nod-005-window-000,nod,14.470469621620882,16.507960766998004
sim-device-01-session-03-nod-007-window-000,test,nod,any_label,sim-device-04-session-01-still-007-window-000,still,0.6364919897361268,sim-device-03-session-01-nod-009-window-000,nod,5.24575572100173,9.338525470673043
sim-device-01-session-03-nod-007-window-000,test,nod,same_label,sim-device-05-session-01-nod-015-window-000,nod,0.7054703181391254,sim-device-03-session-01-nod-009-window-000,nod,5.24575572100173,9.95260912433053
sim-device-01-session-03-nod-008-window-000,test,nod,any_label,sim-device-02-session-01-nod-002-window-000,nod,0.7287348465848303,sim-device-02-session-01-nod-005-window-000,nod,8.739116748511615,8.910494410164173
sim-device-01-session-03-nod-008-window-000,test,nod,same_label,sim-device-02-session-01-nod-002-window-000,nod,0.7287348465848303,sim-device-02-session-01-nod-005-window-000,nod,8.739116748511615,8.910494410164173
sim-device-01-session-03-nod-009-window-000,test,nod,any_label,sim-device-02-session-01-nod-009-window-000,nod,0.9490904158503679,sim-device-02-session-01-nod-009-window-000,nod,9.960628690593195,9.960628690593195
sim-device-01-session-03-nod-009-window-000,test,nod,same_label,sim-device-02-session-01-nod-009-window-000,nod,0.9490904158503679,sim-device-02-session-01-nod-009-window-000,nod,9.960628690593195,9.960628690593195
sim-device-01-session-03-nod-010-window-000,test,nod,any_label,sim-device-03-session-01-shake-003-window-000,shake,0.7930851689799107,sim-device-03-session-01-nod-009-window-000,nod,6.783547010435845,10.135481239431424
sim-device-01-session-03-nod-010-window-000,test,nod,same_label,sim-device-06-session-01-nod-009-window-000,nod,0.7931595430696782,sim-device-03-session-01-nod-009-window-000,nod,6.783547010435845,10.693230749188622
sim-device-01-session-03-nod-011-window-000,test,nod,any_label,sim-device-04-session-01-nod-019-window-000,nod,0.9207346014495803,sim-device-03-session-01-nod-006-window-000,nod,8.350368783187117,10.834521694124625
sim-device-01-session-03-nod-011-window-000,test,nod,same_label,sim-device-04-session-01-nod-019-window-000,nod,0.9207346014495803,sim-device-03-session-01-nod-006-window-000,nod,8.350368783187117,10.834521694124625
sim-device-01-session-03-nod-012-window-000,test,nod,any_label,sim-device-06-session-01-nod-005-window-000,nod,0.8392523009305982,sim-device-01-session-01-nod-015-window-000,nod,9.358817548089654,11.613449890572777
sim-device-01-session-03-nod-012-window-000,test,nod,same_label,sim-device-06-session-01-nod-005-window-000,nod,0.8392523009305982,sim-device-01-session-01-nod-015-window-000,nod,9.358817548089654,11.613449890572777
sim-device-01-session-03-nod-013-window-000,test,nod,any_label,sim-device-03-session-01-nod-010-window-000,nod,0.6730095970539973,sim-device-03-session-01-nod-009-window-000,nod,7.140182002220989,8.701128875605265
sim-device-01-session-03-nod-013-window-000,test,nod,same_label,sim-device-03-session-01-nod-010-window-000,nod,0.6730095970539973,sim-device-03-session-01-nod-009-window-000,nod,7.140182002220989,8.701128875605265
sim-device-01-session-03-nod-014-window-000,test,nod,any_label,sim-device-06-session-01-nod-009-window-000,nod,0.6221275630368542,sim-device-03-session-01-nod-009-window-000,nod,6.233373905575494,8.419704535568698
sim-device-01-session-03-nod-014-window-000,test,nod,same_label,sim-device-06-session-01-nod-009-window-000,nod,0.6221275630368542,sim-device-03-session-01-nod-009-window-000,nod,6.233373905575494,8.419704535568698
sim-device-01-session-03-nod-015-window-000,test,nod,any_label,sim-device-02-session-01-still-016-window-000,still,0.6930947512915365,sim-device-06-session-01-nod-009-window-000,nod,4.829487905177632,9.347235058748367
sim-device-01-session-03-nod-015-window-000,test,nod,same_label,sim-device-06-session-01-nod-008-window-000,nod,0.6934171321172726,sim-device-06-session-01-nod-009-window-000,nod,4.829487905177632,8.523525136319456
sim-device-01-session-03-nod-016-window-000,test,nod,any_label,sim-device-04-session-01-nod-015-window-000,nod,0.6858519455727915,sim-device-04-session-01-nod-015-window-000,nod,5.4676371974412685,5.4676371974412685
sim-device-01-session-03-nod-016-window-000,test,nod,same_label,sim-device-04-session-01-nod-015-window-000,nod,0.6858519455727915,sim-device-04-session-01-nod-015-window-000,nod,5.4676371974412685,5.4676371974412685
sim-device-01-session-03-nod-017-window-000,test,nod,any_label,sim-device-01-session-01-nod-017-window-000,nod,1.1247273159441056,sim-device-01-session-01-nod-017-window-000,nod,9.709798903081222,9.709798903081222
sim-device-01-session-03-nod-017-window-000,test,nod,same_label,sim-device-01-session-01-nod-017-window-000,nod,1.1247273159441056,sim-device-01-session-01-nod-017-window-000,nod,9.709798903081222,9.709798903081222
sim-device-01-session-03-nod-018-window-000,test,nod,any_label,sim-device-06-session-01-nod-003-window-000,nod,0.8237376738522504,sim-device-03-session-01-nod-009-window-000,nod,6.219859850157208,11.259255680366492
sim-device-01-session-03-nod-018-window-000,test,nod,same_label,sim-device-06-session-01-nod-003-window-000,nod,0.8237376738522504,sim-device-03-session-01-nod-009-window-000,nod,6.219859850157208,11.259255680366492
sim-device-01-session-03-nod-019-window-000,test,nod,any_label,sim-device-03-session-01-nod-018-window-000,nod,0.6610664808254543,sim-device-01-session-01-nod-008-window-000,nod,6.438085735667962,8.684867106661954
sim-device-01-session-03-nod-019-window-000,test,nod,same_label,sim-device-03-session-01-nod-018-window-000,nod,0.6610664808254543,sim-device-01-session-01-nod-008-window-000,nod,6.438085735667962,8.684867106661954
sim-device-01-session-03-nod-020-window-000,test,nod,any_label,sim-device-04-session-01-nod-014-window-000,nod,0.6737712395740197,sim-device-05-session-01-nod-014-window-000,nod,6.078399285247996,7.442195538224361
sim-device-01-session-03-nod-020-window-000,test,nod,same_label,sim-device-04-session-01-nod-014-window-000,nod,0.6737712395740197,sim-device-05-session-01-nod-014-window-000,nod,6.078399285247996,7.442195538224361
sim-device-01-session-03-shake-001-window-000,test,shake,any_label,sim-device-01-session-01-still-013-window-000,still,0.6543614889114523,sim-device-04-session-01-still-005-window-000,still,5.138770028757861,6.981169149760944
sim-device-01-session-03-shake-001-window-000,test,shake,same_label,sim-device-03-session-01-shake-012-window-000,shake,0.6780805406813286,sim-device-05-session-01-shake-003-window-000,shake,6.971169996147253,10.671157513196476
sim-device-01-session-03-shake-002-window-000,test,shake,any_label,sim-device-03-session-01-shake-011-window-000,shake,0.8293860141049945,sim-device-06-session-01-shake-015-window-000,shake,5.462625433548769,8.96391147849528
sim-device-01-session-03-shake-002-window-000,test,shake,same_label,sim-device-03-session-01-shake-011-window-000,shake,0.8293860141049945,sim-device-06-session-01-shake-015-window-000,shake,5.462625433548769,8.96391147849528
sim-device-01-session-03-shake-003-window-000,test,shake,any_label,sim-device-06-session-01-look_left_return-013-window-000,look_left_return,0.6642575106256841,sim-device-04-session-01-shake-006-window-000,shake,8.168921987452226,8.671695240887232
sim-device-01-session-03-shake-003-window-000,test,shake,same_label,sim-device-01-session-01-shake-016-window-000,shake,0.6942557942024732,sim-device-04-session-01-shake-006-window-000,shake,8.168921987452226,10.707467639506321
sim-device-01-session-03-shake-004-window-000,test,shake,any_label,sim-device-04-session-01-still-007-window-000,still,0.6327958764649313,sim-device-01-session-01-shake-011-window-000,shake,6.800544608179546,6.845808269252038
sim-device-01-session-03-shake-004-window-000,test,shake,same_label,sim-device-01-session-01-shake-001-window-000,shake,0.641243693697555,sim-device-01-session-01-shake-011-window-000,shake,6.800544608179546,7.647766152682956
sim-device-01-session-03-shake-005-window-000,test,shake,any_label,sim-device-03-session-01-shake-020-window-000,shake,0.809139259700282,sim-device-03-session-01-shake-020-window-000,shake,8.7694903287095,8.7694903287095
sim-device-01-session-03-shake-005-window-000,test,shake,same_label,sim-device-03-session-01-shake-020-window-000,shake,0.809139259700282,sim-device-03-session-01-shake-020-window-000,shake,8.7694903287095,8.7694903287095
sim-device-01-session-03-shake-006-window-000,test,shake,any_label,sim-device-04-session-01-shake-001-window-000,shake,0.8826534904074717,sim-device-06-session-01-shake-009-window-000,shake,11.121728128438921,11.140480264282795
sim-device-01-session-03-shake-006-window-000,test,shake,same_label,sim-device-04-session-01-shake-001-window-000,shake,0.8826534904074717,sim-device-06-session-01-shake-009-window-000,shake,11.121728128438921,11.140480264282795
sim-device-01-session-03-shake-007-window-000,test,shake,any_label,sim-device-06-session-01-shake-011-window-000,shake,0.7760384856267921,sim-device-04-session-01-shake-002-window-000,shake,9.479476066891563,12.682651815457007
sim-device-01-session-03-shake-007-window-000,test,shake,same_label,sim-device-06-session-01-shake-011-window-000,shake,0.7760384856267921,sim-device-04-session-01-shake-002-window-000,shake,9.479476066891563,12.682651815457007
sim-device-01-session-03-shake-008-window-000,test,shake,any_label,sim-device-06-session-01-shake-018-window-000,shake,0.631840155325548,sim-device-05-session-01-shake-017-window-000,shake,6.2685110536936435,10.493809750289657
sim-device-01-session-03-shake-008-window-000,test,shake,same_label,sim-device-06-session-01-shake-018-window-000,shake,0.631840155325548,sim-device-05-session-01-shake-017-window-000,shake,6.2685110536936435,10.493809750289657
sim-device-01-session-03-shake-009-window-000,test,shake,any_label,sim-device-03-session-01-shake-016-window-000,shake,0.6838090295320748,sim-device-03-session-01-shake-016-window-000,shake,5.994977945874878,5.994977945874878
sim-device-01-session-03-shake-009-window-000,test,shake,same_label,sim-device-03-session-01-shake-016-window-000,shake,0.6838090295320748,sim-device-03-session-01-shake-016-window-000,shake,5.994977945874878,5.994977945874878
sim-device-01-session-03-shake-010-window-000,test,shake,any_label,sim-device-03-session-01-still-015-window-000,still,0.6538606338166615,sim-device-03-session-01-look_left_return-006-window-000,look_left_return,5.850092091679993,8.898892926176778
sim-device-01-session-03-shake-010-window-000,test,shake,same_label,sim-device-03-session-01-shake-008-window-000,shake,0.6913469509504442,sim-device-03-session-01-shake-008-window-000,shake,6.462189687630196,6.462189687630196
sim-device-01-session-03-shake-011-window-000,test,shake,any_label,sim-device-03-session-01-shake-016-window-000,shake,1.0724577484132878,sim-device-03-session-01-shake-016-window-000,shake,11.763079205279226,11.763079205279226
sim-device-01-session-03-shake-011-window-000,test,shake,same_label,sim-device-03-session-01-shake-016-window-000,shake,1.0724577484132878,sim-device-03-session-01-shake-016-window-000,shake,11.763079205279226,11.763079205279226
sim-device-01-session-03-shake-012-window-000,test,shake,any_label,sim-device-01-session-01-look_right_return-015-window-000,look_right_return,0.732085358100473,sim-device-04-session-01-shake-014-window-000,shake,7.0947902977579185,12.5053564112223
sim-device-01-session-03-shake-012-window-000,test,shake,same_label,sim-device-01-session-01-shake-014-window-000,shake,0.791725665114459,sim-device-04-session-01-shake-014-window-000,shake,7.0947902977579185,8.66010515301229
sim-device-01-session-03-shake-013-window-000,test,shake,any_label,sim-device-02-session-01-shake-015-window-000,shake,0.6915562767465819,sim-device-02-session-01-look_right_return-017-window-000,look_right_return,8.624316240311481,9.889042008774853
sim-device-01-session-03-shake-013-window-000,test,shake,same_label,sim-device-02-session-01-shake-015-window-000,shake,0.6915562767465819,sim-device-02-session-01-shake-015-window-000,shake,9.889042008774853,9.889042008774853
sim-device-01-session-03-shake-014-window-000,test,shake,any_label,sim-device-04-session-01-look_left_return-015-window-000,look_left_return,0.6364507908608543,sim-device-05-session-01-look_right_return-007-window-000,look_right_return,4.838980686437849,10.492546386189595
sim-device-01-session-03-shake-014-window-000,test,shake,same_label,sim-device-06-session-01-shake-012-window-000,shake,0.6552514688159072,sim-device-05-session-01-shake-005-window-000,shake,6.575540057195437,9.085289247422548
sim-device-01-session-03-shake-015-window-000,test,shake,any_label,sim-device-06-session-01-shake-019-window-000,shake,0.7624178449379092,sim-device-02-session-01-shake-005-window-000,shake,6.555170529387197,10.660205160068337
sim-device-01-session-03-shake-015-window-000,test,shake,same_label,sim-device-06-session-01-shake-019-window-000,shake,0.7624178449379092,sim-device-02-session-01-shake-005-window-000,shake,6.555170529387197,10.660205160068337
sim-device-01-session-03-shake-016-window-000,test,shake,any_label,sim-device-06-session-01-still-014-window-000,still,0.5611612392597904,sim-device-05-session-01-still-008-window-000,still,3.825764181474774,6.639658531843671
sim-device-01-session-03-shake-016-window-000,test,shake,same_label,sim-device-01-session-01-shake-001-window-000,shake,0.6510565798700294,sim-device-03-session-01-shake-007-window-000,shake,4.359030941345538,5.451419530905286
sim-device-01-session-03-shake-017-window-000,test,shake,any_label,sim-device-01-session-01-shake-002-window-000,shake,0.9153185212314933,sim-device-01-session-01-shake-008-window-000,shake,10.895459709375649,14.910084702963841
sim-device-01-session-03-shake-017-window-000,test,shake,same_label,sim-device-01-session-01-shake-002-window-000,shake,0.9153185212314933,sim-device-01-session-01-shake-008-window-000,shake,10.895459709375649,14.910084702963841
sim-device-01-session-03-shake-018-window-000,test,shake,any_label,sim-device-03-session-01-still-013-window-000,still,0.7009547658370126,sim-device-06-session-01-shake-006-window-000,shake,7.173500355636108,11.041534817328639
sim-device-01-session-03-shake-018-window-000,test,shake,same_label,sim-device-02-session-01-shake-003-window-000,shake,0.7155707822751357,sim-device-06-session-01-shake-006-window-000,shake,7.173500355636108,11.287799306739286
sim-device-01-session-03-shake-019-window-000,test,shake,any_label,sim-device-01-session-01-shake-003-window-000,shake,0.8431487978786236,sim-device-01-session-01-shake-003-window-000,shake,7.856217064971481,7.856217064971481
sim-device-01-session-03-shake-019-window-000,test,shake,same_label,sim-device-01-session-01-shake-003-window-000,shake,0.8431487978786236,sim-device-01-session-01-shake-003-window-000,shake,7.856217064971481,7.856217064971481
sim-device-01-session-03-shake-020-window-000,test,shake,any_label,sim-device-06-session-01-shake-010-window-000,shake,1.0411775058584098,sim-device-02-session-01-shake-013-window-000,shake,13.988730178334286,14.77877372795191
sim-device-01-session-03-shake-020-window-000,test,shake,same_label,sim-device-06-session-01-shake-010-window-000,shake,1.0411775058584098,sim-device-02-session-01-shake-013-window-000,shake,13.988730178334286,14.77877372795191
sim-device-01-session-03-still-001-window-000,test,still,any_label,sim-device-04-session-01-still-007-window-000,still,0.608872820281992,sim-device-03-session-01-still-014-window-000,still,4.626674882790148,7.015563688964295
sim-device-01-session-03-still-001-window-000,test,still,same_label,sim-device-04-session-01-still-007-window-000,still,0.608872820281992,sim-device-03-session-01-still-014-window-000,still,4.626674882790148,7.015563688964295
sim-device-01-session-03-still-002-window-000,test,still,any_label,sim-device-04-session-01-still-008-window-000,still,0.6144686405851624,sim-device-05-session-01-still-002-window-000,still,3.089378723234215,5.320175116649552
sim-device-01-session-03-still-002-window-000,test,still,same_label,sim-device-04-session-01-still-008-window-000,still,0.6144686405851624,sim-device-05-session-01-still-002-window-000,still,3.089378723234215,5.320175116649552
sim-device-01-session-03-still-003-window-000,test,still,any_label,sim-device-06-session-01-still-002-window-000,still,0.538245492089504,sim-device-03-session-01-still-013-window-000,still,4.050019747201976,4.5136184529993315
sim-device-01-session-03-still-003-window-000,test,still,same_label,sim-device-06-session-01-still-002-window-000,still,0.538245492089504,sim-device-03-session-01-still-013-window-000,still,4.050019747201976,4.5136184529993315
sim-device-01-session-03-still-004-window-000,test,still,any_label,sim-device-01-session-01-look_right_return-014-window-000,look_right_return,0.5503735873936221,sim-device-05-session-01-still-011-window-000,still,4.251290897177514,4.260012875607255
sim-device-01-session-03-still-004-window-000,test,still,same_label,sim-device-01-session-01-still-020-window-000,still,0.564573697097093,sim-device-05-session-01-still-011-window-000,still,4.251290897177514,5.84872763140116
sim-device-01-session-03-still-005-window-000,test,still,any_label,sim-device-06-session-01-still-016-window-000,still,0.5806558684365806,sim-device-01-session-01-still-008-window-000,still,3.6967443583262867,5.38399884571436
sim-device-01-session-03-still-005-window-000,test,still,same_label,sim-device-06-session-01-still-016-window-000,still,0.5806558684365806,sim-device-01-session-01-still-008-window-000,still,3.6967443583262867,5.38399884571436
sim-device-01-session-03-still-006-window-000,test,still,any_label,sim-device-01-session-01-still-005-window-000,still,0.5607395929459432,sim-device-01-session-01-still-009-window-000,still,3.857421331065452,6.375144226636128
sim-device-01-session-03-still-006-window-000,test,still,same_label,sim-device-01-session-01-still-005-window-000,still,0.5607395929459432,sim-device-01-session-01-still-009-window-000,still,3.857421331065452,6.375144226636128
sim-device-01-session-03-still-007-window-000,test,still,any_label,sim-device-03-session-01-still-019-window-000,still,0.6642658332719764,sim-device-03-session-01-still-016-window-000,still,3.70477361325041,4.182624565602636
sim-device-01-session-03-still-007-window-000,test,still,same_label,sim-device-03-session-01-still-019-window-000,still,0.6642658332719764,sim-device-03-session-01-still-016-window-000,still,3.70477361325041,4.182624565602636
sim-device-01-session-03-still-008-window-000,test,still,any_label,sim-device-03-session-01-still-012-window-000,still,0.5448618070521188,sim-device-04-session-01-still-006-window-000,still,3.7354511027345314,4.442261169167712
sim-device-01-session-03-still-008-window-000,test,still,same_label,sim-device-03-session-01-still-012-window-000,still,0.5448618070521188,sim-device-04-session-01-still-006-window-000,still,3.7354511027345314,4.442261169167712
sim-device-01-session-03-still-009-window-000,test,still,any_label,sim-device-02-session-01-still-012-window-000,still,0.5299017708817558,sim-device-02-session-01-still-012-window-000,still,4.8155165389177546,4.8155165389177546
sim-device-01-session-03-still-009-window-000,test,still,same_label,sim-device-02-session-01-still-012-window-000,still,0.5299017708817558,sim-device-02-session-01-still-012-window-000,still,4.8155165389177546,4.8155165389177546
sim-device-01-session-03-still-010-window-000,test,still,any_label,sim-device-04-session-01-still-010-window-000,still,0.600356400264063,sim-device-05-session-01-still-015-window-000,still,4.8669427390096835,6.226442396268146
sim-device-01-session-03-still-010-window-000,test,still,same_label,sim-device-04-session-01-still-010-window-000,still,0.600356400264063,sim-device-05-session-01-still-015-window-000,still,4.8669427390096835,6.226442396268146
sim-device-01-session-03-still-011-window-000,test,still,any_label,sim-device-04-session-01-still-018-window-000,still,0.6037748807891193,sim-device-06-session-01-still-008-window-000,still,3.326410768028598,7.598307847119681
sim-device-01-session-03-still-011-window-000,test,still,same_label,sim-device-04-session-01-still-018-window-000,still,0.6037748807891193,sim-device-06-session-01-still-008-window-000,still,3.326410768028598,7.598307847119681
sim-device-01-session-03-still-012-window-000,test,still,any_label,sim-device-04-session-01-look_left_return-015-window-000,look_left_return,0.5607967353426057,sim-device-04-session-01-still-001-window-000,still,4.664095200930917,4.931167736078868
sim-device-01-session-03-still-012-window-000,test,still,same_label,sim-device-05-session-01-still-018-window-000,still,0.6185048473407836,sim-device-04-session-01-still-001-window-000,still,4.664095200930917,5.251443330333211
sim-device-01-session-03-still-013-window-000,test,still,any_label,sim-device-03-session-01-still-017-window-000,still,0.517395493918192,sim-device-04-session-01-still-016-window-000,still,3.8390980244408395,4.747023013719749
sim-device-01-session-03-still-013-window-000,test,still,same_label,sim-device-03-session-01-still-017-window-000,still,0.517395493918192,sim-device-04-session-01-still-016-window-000,still,3.8390980244408395,4.747023013719749
sim-device-01-session-03-still-014-window-000,test,still,any_label,sim-device-03-session-01-still-015-window-000,still,0.6473187887319511,sim-device-02-session-01-nod-015-window-000,nod,4.578866534181716,8.00366678558834
sim-device-01-session-03-still-014-window-000,test,still,same_label,sim-device-03-session-01-still-015-window-000,still,0.6473187887319511,sim-device-03-session-01-still-018-window-000,still,4.895677746712627,8.00366678558834
sim-device-01-session-03-still-015-window-000,test,still,any_label,sim-device-05-session-01-still-008-window-000,still,0.6692882291761565,sim-device-01-session-01-still-011-window-000,still,2.870766946159369,7.433328884372269
sim-device-01-session-03-still-015-window-000,test,still,same_label,sim-device-05-session-01-still-008-window-000,still,0.6692882291761565,sim-device-01-session-01-still-011-window-000,still,2.870766946159369,7.433328884372269
sim-device-01-session-03-still-016-window-000,test,still,any_label,sim-device-06-session-01-still-019-window-000,still,0.6090582414091669,sim-device-02-session-01-still-013-window-000,still,4.324940546674512,5.2144895472528185
sim-device-01-session-03-still-016-window-000,test,still,same_label,sim-device-06-session-01-still-019-window-000,still,0.6090582414091669,sim-device-02-session-01-still-013-window-000,still,4.324940546674512,5.2144895472528185
sim-device-01-session-03-still-017-window-000,test,still,any_label,sim-device-04-session-01-still-017-window-000,still,0.5277305978955049,sim-device-03-session-01-still-006-window-000,still,3.6820840323775696,4.060514243064891
sim-device-01-session-03-still-017-window-000,test,still,same_label,sim-device-04-session-01-still-017-window-000,still,0.5277305978955049,sim-device-03-session-01-still-006-window-000,still,3.6820840323775696,4.060514243064891
sim-device-01-session-03-still-018-window-000,test,still,any_label,sim-device-01-session-01-look_right_return-014-window-000,look_right_return,0.5443716884524141,sim-device-05-session-01-still-016-window-000,still,3.64425771797117,4.793040316546404
sim-device-01-session-03-still-018-window-000,test,still,same_label,sim-device-05-session-01-still-011-window-000,still,0.6005700227662247,sim-device-05-session-01-still-016-window-000,still,3.64425771797117,7.049351351563317
sim-device-01-session-03-still-019-window-000,test,still,any_label,sim-device-01-session-01-still-016-window-000,still,0.5926715382451924,sim-device-03-session-01-still-018-window-000,still,4.2034571184602525,6.462947200455339
sim-device-01-session-03-still-019-window-000,test,still,same_label,sim-device-01-session-01-still-016-window-000,still,0.5926715382451924,sim-device-03-session-01-still-018-window-000,still,4.2034571184602525,6.462947200455339
sim-device-01-session-03-still-020-window-000,test,still,any_label,sim-device-02-session-01-still-010-window-000,still,0.5397489111209135,sim-device-06-session-01-still-014-window-000,still,3.1152078320132417,5.865975111550497
sim-device-01-session-03-still-020-window-000,test,still,same_label,sim-device-02-session-01-still-010-window-000,still,0.5397489111209135,sim-device-06-session-01-still-014-window-000,still,3.1152078320132417,5.865975111550497
sim-device-02-session-03-look_left_return-001-window-000,test,look_left_return,any_label,sim-device-04-session-01-still-016-window-000,still,0.5607602071263748,sim-device-04-session-01-look_left_return-008-window-000,look_left_return,4.2116778732603075,5.640211273501163
sim-device-02-session-03-look_left_return-001-window-000,test,look_left_return,same_label,sim-device-04-session-01-look_left_return-016-window-000,look_left_return,0.6772773781651353,sim-device-04-session-01-look_left_return-008-window-000,look_left_return,4.2116778732603075,7.190992654221203
sim-device-02-session-03-look_left_return-002-window-000,test,look_left_return,any_label,sim-device-01-session-01-still-004-window-000,still,0.7150598921676808,sim-device-04-session-01-look_left_return-015-window-000,look_left_return,6.120209054227577,9.891925019450447
sim-device-02-session-03-look_left_return-002-window-000,test,look_left_return,same_label,sim-device-03-session-01-look_left_return-002-window-000,look_left_return,0.7154391524708239,sim-device-04-session-01-look_left_return-015-window-000,look_left_return,6.120209054227577,8.37265327570751
sim-device-02-session-03-look_left_return-003-window-000,test,look_left_return,any_label,sim-device-02-session-01-look_left_return-013-window-000,look_left_return,0.7741778184296877,sim-device-03-session-01-look_left_return-004-window-000,look_left_return,7.64451806804899,9.717793060432827
sim-device-02-session-03-look_left_return-003-window-000,test,look_left_return,same_label,sim-device-02-session-01-look_left_return-013-window-000,look_left_return,0.7741778184296877,sim-device-03-session-01-look_left_return-004-window-000,look_left_return,7.64451806804899,9.717793060432827
sim-device-02-session-03-look_left_return-004-window-000,test,look_left_return,any_label,sim-device-06-session-01-still-012-window-000,still,0.6381067916265771,sim-device-02-session-01-still-001-window-000,still,6.148454647209857,7.280497668089822
sim-device-02-session-03-look_left_return-004-window-000,test,look_left_return,same_label,sim-device-03-session-01-look_left_return-010-window-000,look_left_return,0.7811666373552005,sim-device-01-session-01-look_left_return-012-window-000,look_left_return,7.645052829578565,7.74886470592128
sim-device-02-session-03-look_left_return-005-window-000,test,look_left_return,any_label,sim-device-04-session-01-look_left_return-004-window-000,look_left_return,0.7148601946572373,sim-device-03-session-01-look_left_return-014-window-000,look_left_return,6.628329606894092,8.176432220987639
sim-device-02-session-03-look_left_return-005-window-000,test,look_left_return,same_label,sim-device-04-session-01-look_left_return-004-window-000,look_left_return,0.7148601946572373,sim-device-03-session-01-look_left_return-014-window-000,look_left_return,6.628329606894092,8.176432220987639
sim-device-02-session-03-look_left_return-006-window-000,test,look_left_return,any_label,sim-device-04-session-01-look_left_return-009-window-000,look_left_return,0.6705418093387421,sim-device-01-session-01-look_left_return-015-window-000,look_left_return,7.481859864543315,9.275757963632143
sim-device-02-session-03-look_left_return-006-window-000,test,look_left_return,same_label,sim-device-04-session-01-look_left_return-009-window-000,look_left_return,0.6705418093387421,sim-device-01-session-01-look_left_return-015-window-000,look_left_return,7.481859864543315,9.275757963632143
sim-device-02-session-03-look_left_return-007-window-000,test,look_left_return,any_label,sim-device-01-session-01-look_left_return-011-window-000,look_left_return,0.6878072367838146,sim-device-01-session-01-look_left_return-011-window-000,look_left_return,7.090114284789722,7.090114284789722
sim-device-02-session-03-look_left_return-007-window-000,test,look_left_return,same_label,sim-device-01-session-01-look_left_return-011-window-000,look_left_return,0.6878072367838146,sim-device-01-session-01-look_left_return-011-window-000,look_left_return,7.090114284789722,7.090114284789722
sim-device-02-session-03-look_left_return-008-window-000,test,look_left_return,any_label,sim-device-04-session-01-still-015-window-000,still,0.5222222468151456,sim-device-04-session-01-look_left_return-008-window-000,look_left_return,5.206819752299155,8.126946183627748
sim-device-02-session-03-look_left_return-008-window-000,test,look_left_return,same_label,sim-device-01-session-01-look_left_return-020-window-000,look_left_return,0.5519230876731546,sim-device-04-session-01-look_left_return-008-window-000,look_left_return,5.206819752299155,7.265951579506784
sim-device-02-session-03-look_left_return-009-window-000,test,look_left_return,any_label,sim-device-03-session-01-look_left_return-002-window-000,look_left_return,0.6249791488703018,sim-device-03-session-01-look_left_return-002-window-000,look_left_return,4.932918594324277,4.932918594324277
sim-device-02-session-03-look_left_return-009-window-000,test,look_left_return,same_label,sim-device-03-session-01-look_left_return-002-window-000,look_left_return,0.6249791488703018,sim-device-03-session-01-look_left_return-002-window-000,look_left_return,4.932918594324277,4.932918594324277
sim-device-02-session-03-look_left_return-010-window-000,test,look_left_return,any_label,sim-device-06-session-01-look_left_return-004-window-000,look_left_return,0.6334146770610338,sim-device-06-session-01-look_left_return-004-window-000,look_left_return,4.6641667558307525,4.6641667558307525
sim-device-02-session-03-look_left_return-010-window-000,test,look_left_return,same_label,sim-device-06-session-01-look_left_return-004-window-000,look_left_return,0.6334146770610338,sim-device-06-session-01-look_left_return-004-window-000,look_left_return,4.6641667558307525,4.6641667558307525
sim-device-02-session-03-look_left_return-011-window-000,test,look_left_return,any_label,sim-device-05-session-01-look_left_return-005-window-000,look_left_return,0.95872647066858,sim-device-02-session-01-look_left_return-010-window-000,look_left_return,9.348011456529024,10.662169047591625
sim-device-02-session-03-look_left_return-011-window-000,test,look_left_return,same_label,sim-device-05-session-01-look_left_return-005-window-000,look_left_return,0.95872647066858,sim-device-02-session-01-look_left_return-010-window-000,look_left_return,9.348011456529024,10.662169047591625
sim-device-02-session-03-look_left_return-012-window-000,test,look_left_return,any_label,sim-device-03-session-01-look_left_return-019-window-000,look_left_return,0.8080730921026653,sim-device-03-session-01-look_left_return-019-window-000,look_left_return,7.831704279278111,7.831704279278111
sim-device-02-session-03-look_left_return-012-window-000,test,look_left_return,same_label,sim-device-03-session-01-look_left_return-019-window-000,look_left_return,0.8080730921026653,sim-device-03-session-01-look_left_return-019-window-000,look_left_return,7.831704279278111,7.831704279278111
sim-device-02-session-03-look_left_return-013-window-000,test,look_left_return,any_label,sim-device-03-session-01-still-007-window-000,still,0.610316826778914,sim-device-03-session-01-look_left_return-002-window-000,look_left_return,5.675525093841099,6.072035887047738
sim-device-02-session-03-look_left_return-013-window-000,test,look_left_return,same_label,sim-device-04-session-01-look_left_return-016-window-000,look_left_return,0.6774634870389057,sim-device-03-session-01-look_left_return-002-window-000,look_left_return,5.675525093841099,5.9406656634362935
sim-device-02-session-03-look_left_return-014-window-000,test,look_left_return,any_label,sim-device-02-session-01-look_left_return-004-window-000,look_left_return,0.8368223569732631,sim-device-06-session-01-look_left_return-006-window-000,look_left_return,9.042504167360427,9.615568548421464
sim-device-02-session-03-look_left_return-014-window-000,test,look_left_return,same_label,sim-device-02-session-01-look_left_return-004-window-000,look_left_return,0.8368223569732631,sim-device-06-session-01-look_left_return-006-window-000,look_left_return,9.042504167360427,9.615568548421464
sim-device-02-session-03-look_left_return-015-window-000,test,look_left_return,any_label,sim-device-01-session-01-look_left_return-017-window-000,look_left_return,0.9865361545462481,sim-device-01-session-01-look_left_return-017-window-000,look_left_return,10.873348934512087,10.873348934512087
sim-device-02-session-03-look_left_return-015-window-000,test,look_left_return,same_label,sim-device-01-session-01-look_left_return-017-window-000,look_left_return,0.9865361545462481,sim-device-01-session-01-look_left_return-017-window-000,look_left_return,10.873348934512087,10.873348934512087
sim-device-02-session-03-look_left_return-016-window-000,test,look_left_return,any_label,sim-device-02-session-01-look_left_return-011-window-000,look_left_return,1.0319945262048666,sim-device-01-session-01-look_left_return-007-window-000,look_left_return,10.475141460435665,14.270765072195637
sim-device-02-session-03-look_left_return-016-window-000,test,look_left_return,same_label,sim-device-02-session-01-look_left_return-011-window-000,look_left_return,1.0319945262048666,sim-device-01-session-01-look_left_return-007-window-000,look_left_return,10.475141460435665,14.270765072195637
sim-device-02-session-03-look_left_return-017-window-000,test,look_left_return,any_label,sim-device-03-session-01-look_left_return-007-window-000,look_left_return,0.7107558984995526,sim-device-03-session-01-look_left_return-007-window-000,look_left_return,6.569548295039789,6.569548295039789
sim-device-02-session-03-look_left_return-017-window-000,test,look_left_return,same_label,sim-device-03-session-01-look_left_return-007-window-000,look_left_return,0.7107558984995526,sim-device-03-session-01-look_left_return-007-window-000,look_left_return,6.569548295039789,6.569548295039789
sim-device-02-session-03-look_left_return-018-window-000,test,look_left_return,any_label,sim-device-01-session-01-still-008-window-000,still,0.6314661854343105,sim-device-03-session-01-still-007-window-000,still,5.532626118332838,10.5966948324249
sim-device-02-session-03-look_left_return-018-window-000,test,look_left_return,same_label,sim-device-03-session-01-look_left_return-006-window-000,look_left_return,0.7687263451826949,sim-device-03-session-01-look_left_return-002-window-000,look_left_return,6.052063932868612,9.888761834308458
sim-device-02-session-03-look_left_return-019-window-000,test,look_left_return,any_label,sim-device-04-session-01-look_left_return-011-window-000,look_left_return,0.7383915974811338,sim-device-04-session-01-look_left_return-011-window-000,look_left_return,7.580449150928955,7.580449150928955
sim-device-02-session-03-look_left_return-019-window-000,test,look_left_return,same_label,sim-device-04-session-01-look_left_return-011-window-000,look_left_return,0.7383915974811338,sim-device-04-session-01-look_left_return-011-window-000,look_left_return,7.580449150928955,7.580449150928955
sim-device-02-session-03-look_left_return-020-window-000,test,look_left_return,any_label,sim-device-02-session-01-look_left_return-007-window-000,look_left_return,1.0509933596783823,sim-device-03-session-01-look_left_return-015-window-000,look_left_return,10.735624510770839,13.483747786419679
sim-device-02-session-03-look_left_return-020-window-000,test,look_left_return,same_label,sim-device-02-session-01-look_left_return-007-window-000,look_left_return,1.0509933596783823,sim-device-03-session-01-look_left_return-015-window-000,look_left_return,10.735624510770839,13.483747786419679
sim-device-02-session-03-look_right_return-001-window-000,test,look_right_return,any_label,sim-device-01-session-01-look_right_return-005-window-000,look_right_return,0.6646086220087402,sim-device-01-session-01-look_right_return-005-window-000,look_right_return,6.140058893305263,6.140058893305263
sim-device-02-session-03-look_right_return-001-window-000,test,look_right_return,same_label,sim-device-01-session-01-look_right_return-005-window-000,look_right_return,0.6646086220087402,sim-device-01-session-01-look_right_return-005-window-000,look_right_return,6.140058893305263,6.140058893305263
sim-device-02-session-03-look_right_return-002-window-000,test,look_right_return,any_label,sim-device-02-session-01-look_right_return-002-window-000,look_right_return,0.8074289385346534,sim-device-06-session-01-look_right_return-014-window-000,look_right_return,6.407102256021773,9.862792633394497
sim-device-02-session-03-look_right_return-002-window-000,test,look_right_return,same_label,sim-device-02-session-01-look_right_return-002-window-000,look_right_return,0.8074289385346534,sim-device-06-session-01-look_right_return-014-window-000,look_right_return,6.407102256021773,9.862792633394497
sim-device-02-session-03-look_right_return-003-window-000,test,look_right_return,any_label,sim-device-01-session-01-still-012-window-000,still,0.6193815747459425,sim-device-01-session-01-still-011-window-000,still,5.328604959085609,8.888454595347904
sim-device-02-session-03-look_right_return-003-window-000,test,look_right_return,same_label,sim-device-01-session-01-look_right_return-003-window-000,look_right_return,0.7052393695604768,sim-device-04-session-01-look_right_return-010-window-000,look_right_return,5.709501675431445,10.690445398737435
sim-device-02-session-03-look_right_return-004-window-000,test,look_right_return,any_label,sim-device-03-session-01-look_right_return-018-window-000,look_right_return,0.7068003776259513,sim-device-01-session-01-look_right_return-003-window-000,look_right_return,6.975119525445994,9.351818472855554
sim-device-02-session-03-look_right_return-004-window-000,test,look_right_return,same_label,sim-device-03-session-01-look_right_return-018-window-000,look_right_return,0.7068003776259513,sim-device-01-session-01-look_right_return-003-window-000,look_right_return,6.975119525445994,9.351818472855554
sim-device-02-session-03-look_right_return-005-window-000,test,look_right_return,any_label,sim-device-03-session-01-still-005-window-000,still,0.5661626808144767,sim-device-03-session-01-look_right_return-013-window-000,look_right_return,5.131239453554453,7.5961779527827265
sim-device-02-session-03-look_right_return-005-window-000,test,look_right_return,same_label,sim-device-03-session-01-look_right_return-019-window-000,look_right_return,0.6333731501203815,sim-device-03-session-01-look_right_return-013-window-000,look_right_return,5.131239453554453,7.347975634035204
sim-device-02-session-03-look_right_return-006-window-000,test,look_right_return,any_label,sim-device-03-session-01-look_right_return-010-window-000,look_right_return,0.6016602251937051,sim-device-03-session-01-look_right_return-010-window-000,look_right_return,5.120458692442291,5.120458692442291
sim-device-02-session-03-look_right_return-006-window-000,test,look_right_return,same_label,sim-device-03-session-01-look_right_return-010-window-000,look_right_return,0.6016602251937051,sim-device-03-session-01-look_right_return-010-window-000,look_right_return,5.120458692442291,5.120458692442291
sim-device-02-session-03-look_right_return-007-window-000,test,look_right_return,any_label,sim-device-03-session-01-shake-015-window-000,shake,0.7466066368948892,sim-device-01-session-01-look_right_return-010-window-000,look_right_return,8.785545085770034,11.771904581870391
sim-device-02-session-03-look_right_return-007-window-000,test,look_right_return,same_label,sim-device-06-session-01-look_right_return-003-window-000,look_right_return,0.8873778688203446,sim-device-01-session-01-look_right_return-010-window-000,look_right_return,8.785545085770034,9.4281496172061
sim-device-02-session-03-look_right_return-008-window-000,test,look_right_return,any_label,sim-device-02-session-01-look_right_return-020-window-000,look_right_return,0.6646028845235942,sim-device-02-session-01-look_right_return-020-window-000,look_right_return,5.993915594013358,5.993915594013358
sim-device-02-session-03-look_right_return-008-window-000,test,look_right_return,same_label,sim-device-02-session-01-look_right_return-020-window-000,look_right_return,0.6646028845235942,sim-device-02-session-01-look_right_return-020-window-000,look_right_return,5.993915594013358,5.993915594013358
sim-device-02-session-03-look_right_return-009-window-000,test,look_right_return,any_label,sim-device-06-session-01-still-006-window-000,still,0.8294966788546106,sim-device-05-session-01-look_right_return-005-window-000,look_right_return,6.047361765475682,12.114805454243415
sim-device-02-session-03-look_right_return-009-window-000,test,look_right_return,same_label,sim-device-02-session-01-look_right_return-011-window-000,look_right_return,0.9349673898509058,sim-device-05-session-01-look_right_return-005-window-000,look_right_return,6.047361765475682,10.812867947255834
sim-device-02-session-03-look_right_return-010-window-000,test,look_right_return,any_label,sim-device-01-session-01-look_right_return-015-window-000,look_right_return,0.6105244738714612,sim-device-01-session-01-look_right_return-015-window-000,look_right_return,4.052169594474496,4.052169594474496
sim-device-02-session-03-look_right_return-010-window-000,test,look_right_return,same_label,sim-device-01-session-01-look_right_return-015-window-000,look_right_return,0.6105244738714612,sim-device-01-session-01-look_right_return-015-window-000,look_right_return,4.052169594474496,4.052169594474496
sim-device-02-session-03-look_right_return-011-window-000,test,look_right_return,any_label,sim-device-05-session-01-still-011-window-000,still,0.6518895874562046,sim-device-01-session-01-look_right_return-002-window-000,look_right_return,4.4271955520669035,6.291399747767843
sim-device-02-session-03-look_right_return-011-window-000,test,look_right_return,same_label,sim-device-03-session-01-look_right_return-002-window-000,look_right_return,0.6794280686392344,sim-device-01-session-01-look_right_return-002-window-000,look_right_return,4.4271955520669035,5.688519054286958
sim-device-02-session-03-look_right_return-012-window-000,test,look_right_return,any_label,sim-device-06-session-01-look_right_return-003-window-000,look_right_return,0.6178436749564755,sim-device-01-session-01-look_right_return-016-window-000,look_right_return,6.861502731383493,7.049214095643106
sim-device-02-session-03-look_right_return-012-window-000,test,look_right_return,same_label,sim-device-06-session-01-look_right_return-003-window-000,look_right_return,0.6178436749564755,sim-device-01-session-01-look_right_return-016-window-000,look_right_return,6.861502731383493,7.049214095643106
sim-device-02-session-03-look_right_return-013-window-000,test,look_right_return,any_label,sim-device-04-session-01-still-018-window-000,still,0.6389702528611676,sim-device-04-session-01-still-017-window-000,still,4.892640865276094,8.824190858564682
sim-device-02-session-03-look_right_return-013-window-000,test,look_right_return,same_label,sim-device-05-session-01-look_right_return-017-window-000,look_right_return,0.7344617881631993,sim-device-06-session-01-look_right_return-018-window-000,look_right_return,6.0558827181881725,8.068577167073016
sim-device-02-session-03-look_right_return-014-window-000,test,look_right_return,any_label,sim-device-05-session-01-still-018-window-000,still,0.7122461260986624,sim-device-01-session-01-look_right_return-002-window-000,look_right_return,4.906376838584015,9.76383038976368
sim-device-02-session-03-look_right_return-014-window-000,test,look_right_return,same_label,sim-device-03-session-01-look_right_return-018-window-000,look_right_return,0.7150761824256213,sim-device-01-session-01-look_right_return-002-window-000,look_right_return,4.906376838584015,6.412180318346036
sim-device-02-session-03-look_right_return-015-window-000,test,look_right_return,any_label,sim-device-03-session-01-look_right_return-005-window-000,look_right_return,0.735903577907758,sim-device-02-session-01-look_right_return-009-window-000,look_right_return,5.5962537411182876,6.055147076164957
sim-device-02-session-03-look_right_return-015-window-000,test,look_right_return,same_label,sim-device-03-session-01-look_right_return-005-window-000,look_right_return,0.735903577907758,sim-device-02-session-01-look_right_return-009-window-000,look_right_return,5.5962537411182876,6.055147076164957
sim-device-02-session-03-look_right_return-016-window-000,test,look_right_return,any_label,sim-device-01-session-01-look_right_return-003-window-000,look_right_return,0.8144136644995722,sim-device-01-session-01-look_right_return-018-window-000,look_right_return,7.367429139429204,9.381951374898975
sim-device-02-session-03-look_right_return-016-window-000,test,look_right_return,same_label,sim-device-01-session-01-look_right_return-003-window-000,look_right_return,0.8144136644995722,sim-device-01-session-01-look_right_return-018-window-000,look_right_return,7.367429139429204,9.381951374898975
sim-device-02-session-03-look_right_return-017-window-000,test,look_right_return,any_label,sim-device-01-session-01-look_right_return-006-window-000,look_right_return,0.7786611631945572,sim-device-02-session-01-look_right_return-003-window-000,look_right_return,6.356238168728935,9.418333547678651
sim-device-02-session-03-look_right_return-017-window-000,test,look_right_return,same_label,sim-device-01-session-01-look_right_return-006-window-000,look_right_return,0.7786611631945572,sim-device-02-session-01-look_right_return-003-window-000,look_right_return,6.356238168728935,9.418333547678651
sim-device-02-session-03-look_right_return-018-window-000,test,look_right_return,any_label,sim-device-06-session-01-still-008-window-000,still,0.5947523332700921,sim-device-05-session-01-still-011-window-000,still,4.38608532809651,6.734918146852757
sim-device-02-session-03-look_right_return-018-window-000,test,look_right_return,same_label,sim-device-01-session-01-look_right_return-002-window-000,look_right_return,0.6928162648533067,sim-device-01-session-01-look_right_return-016-window-000,look_right_return,5.231269657771539,6.116513089114887
sim-device-02-session-03-look_right_return-019-window-000,test,look_right_return,any_label,sim-device-01-session-01-still-010-window-000,still,0.6382278935047421,sim-device-04-session-01-still-005-window-000,still,4.731201181401087,5.287465484246503
sim-device-02-session-03-look_right_return-019-window-000,test,look_right_return,same_label,sim-device-03-session-01-look_right_return-002-window-000,look_right_return,0.7798887047637477,sim-device-01-session-01-look_right_return-015-window-000,look_right_return,6.9589385803216475,11.588432228924633
sim-device-02-session-03-look_right_return-020-window-000,test,look_right_return,any_label,sim-device-04-session-01-look_right_return-011-window-000,look_right_return,0.8542810982511038,sim-device-04-session-01-look_right_return-011-window-000,look_right_return,9.21591873502694,9.21591873502694
sim-device-02-session-03-look_right_return-020-window-000,test,look_right_return,same_label,sim-device-04-session-01-look_right_return-011-window-000,look_right_return,0.8542810982511038,sim-device-04-session-01-look_right_return-011-window-000,look_right_return,9.21591873502694,9.21591873502694
sim-device-02-session-03-nod-001-window-000,test,nod,any_label,sim-device-06-session-01-nod-004-window-000,nod,0.6676375467506733,sim-device-02-session-01-nod-002-window-000,nod,5.89360051032647,6.738026227732543
sim-device-02-session-03-nod-001-window-000,test,nod,same_label,sim-device-06-session-01-nod-004-window-000,nod,0.6676375467506733,sim-device-02-session-01-nod-002-window-000,nod,5.89360051032647,6.738026227732543
sim-device-02-session-03-nod-002-window-000,test,nod,any_label,sim-device-06-session-01-nod-002-window-000,nod,0.5813963837508704,sim-device-04-session-01-nod-014-window-000,nod,4.4711341520018015,5.88252208228172
sim-device-02-session-03-nod-002-window-000,test,nod,same_label,sim-device-06-session-01-nod-002-window-000,nod,0.5813963837508704,sim-device-04-session-01-nod-014-window-000,nod,4.4711341520018015,5.88252208228172
sim-device-02-session-03-nod-003-window-000,test,nod,any_label,sim-device-02-session-01-nod-002-window-000,nod,0.9059387336760787,sim-device-03-session-01-nod-010-window-000,nod,9.354224051266371,12.004833416872044
sim-device-02-session-03-nod-003-window-000,test,nod,same_label,sim-device-02-session-01-nod-002-window-000,nod,0.9059387336760787,sim-device-03-session-01-nod-010-window-000,nod,9.354224051266371,12.004833416872044
sim-device-02-session-03-nod-004-window-000,test,nod,any_label,sim-device-02-session-01-nod-001-window-000,nod,0.7869904424590423,sim-device-05-session-01-nod-013-window-000,nod,7.382814583923468,9.727994012437096
sim-device-02-session-03-nod-004-window-000,test,nod,same_label,sim-device-02-session-01-nod-001-window-000,nod,0.7869904424590423,sim-device-05-session-01-nod-013-window-000,nod,7.382814583923468,9.727994012437096
sim-device-02-session-03-nod-005-window-000,test,nod,any_label,sim-device-04-session-01-still-010-window-000,still,0.6021085398037674,sim-device-02-session-01-nod-017-window-000,nod,5.162518080481256,7.272223124285727
sim-device-02-session-03-nod-005-window-000,test,nod,same_label,sim-device-04-session-01-nod-019-window-000,nod,0.6031607677093273,sim-device-02-session-01-nod-017-window-000,nod,5.162518080481256,7.858875061533513
sim-device-02-session-03-nod-006-window-000,test,nod,any_label,sim-device-01-session-01-nod-004-window-000,nod,0.6536101942052657,sim-device-04-session-01-nod-004-window-000,nod,5.622620880278128,9.14894070575505
sim-device-02-session-03-nod-006-window-000,test,nod,same_label,sim-device-01-session-01-nod-004-window-000,nod,0.6536101942052657,sim-device-04-session-01-nod-004-window-000,nod,5.622620880278128,9.14894070575505
sim-device-02-session-03-nod-007-window-000,test,nod,any_label,sim-device-05-session-01-look_left_return-017-window-000,look_left_return,0.7692549549962361,sim-device-06-session-01-nod-008-window-000,nod,7.11732235590211,12.055580164218798
sim-device-02-session-03-nod-007-window-000,test,nod,same_label,sim-device-06-session-01-nod-008-window-000,nod,0.7857621575240489,sim-device-06-session-01-nod-008-window-000,nod,7.11732235590211,7.11732235590211
sim-device-02-session-03-nod-008-window-000,test,nod,any_label,sim-device-03-session-01-nod-009-window-000,nod,0.7664587127239745,sim-device-03-session-01-nod-017-window-000,nod,9.278858275375251,10.30367036418895
sim-device-02-session-03-nod-008-window-000,test,nod,same_label,sim-device-03-session-01-nod-009-window-000,nod,0.7664587127239745,sim-device-03-session-01-nod-017-window-000,nod,9.278858275375251,10.30367036418895
sim-device-02-session-03-nod-009-window-000,test,nod,any_label,sim-device-04-session-01-still-009-window-000,still,0.5730867742312825,sim-device-05-session-01-still-012-window-000,still,3.8690574736090393,5.441742751988634
sim-device-02-session-03-nod-009-window-000,test,nod,same_label,sim-device-02-session-01-nod-001-window-000,nod,0.6282548136231428,sim-device-04-session-01-nod-008-window-000,nod,5.744321302537141,6.849179883404927
sim-device-02-session-03-nod-010-window-000,test,nod,any_label,sim-device-03-session-01-nod-005-window-000,nod,0.8866910642708852,sim-device-06-session-01-nod-012-window-000,nod,5.691512342313606,11.338816516277738
sim-device-02-session-03-nod-010-window-000,test,nod,same_label,sim-device-03-session-01-nod-005-window-000,nod,0.8866910642708852,sim-device-06-session-01-nod-012-window-000,nod,5.691512342313606,11.338816516277738
sim-device-02-session-03-nod-011-window-000,test,nod,any_label,sim-device-05-session-01-nod-017-window-000,nod,0.7766487245008928,sim-device-06-session-01-nod-015-window-000,nod,6.4239454876051205,7.922638055668325
sim-device-02-session-03-nod-011-window-000,test,nod,same_label,sim-device-05-session-01-nod-017-window-000,nod,0.7766487245008928,sim-device-06-session-01-nod-015-window-000,nod,6.4239454876051205,7.922638055668325
sim-device-02-session-03-nod-012-window-000,test,nod,any_label,sim-device-03-session-01-nod-009-window-000,nod,0.7989499107176458,sim-device-02-session-01-nod-010-window-000,nod,8.826768971238833,11.149944231506163
sim-device-02-session-03-nod-012-window-000,test,nod,same_label,sim-device-03-session-01-nod-009-window-000,nod,0.7989499107176458,sim-device-02-session-01-nod-010-window-000,nod,8.826768971238833,11.149944231506163
sim-device-02-session-03-nod-013-window-000,test,nod,any_label,sim-device-05-session-01-look_left_return-006-window-000,look_left_return,0.8360119934059459,sim-device-01-session-01-nod-010-window-000,nod,10.254833237441373,11.984585117168738
sim-device-02-session-03-nod-013-window-000,test,nod,same_label,sim-device-04-session-01-nod-015-window-000,nod,0.9375435179785429,sim-device-01-session-01-nod-010-window-000,nod,10.254833237441373,11.43031912122571
sim-device-02-session-03-nod-014-window-000,test,nod,any_label,sim-device-06-session-01-nod-002-window-000,nod,0.5496360506038518,sim-device-06-session-01-still-004-window-000,still,2.9862300157471804,5.799901863301024
sim-device-02-session-03-nod-014-window-000,test,nod,same_label,sim-device-06-session-01-nod-002-window-000,nod,0.5496360506038518,sim-device-06-session-01-nod-002-window-000,nod,5.799901863301024,5.799901863301024
sim-device-02-session-03-nod-015-window-000,test,nod,any_label,sim-device-05-session-01-look_right_return-001-window-000,look_right_return,0.697605311598477,sim-device-01-session-01-nod-004-window-000,nod,5.728899866520371,9.207510708266149
sim-device-02-session-03-nod-015-window-000,test,nod,same_label,sim-device-02-session-01-nod-016-window-000,nod,0.761328551412612,sim-device-01-session-01-nod-004-window-000,nod,5.728899866520371,9.294951835686035
sim-device-02-session-03-nod-016-window-000,test,nod,any_label,sim-device-05-session-01-nod-002-window-000,nod,0.6865144622684357,sim-device-02-session-01-nod-016-window-000,nod,4.634956882429573,6.806327293689818
sim-device-02-session-03-nod-016-window-000,test,nod,same_label,sim-device-05-session-01-nod-002-window-000,nod,0.6865144622684357,sim-device-02-session-01-nod-016-window-000,nod,4.634956882429573,6.806327293689818
sim-device-02-session-03-nod-017-window-000,test,nod,any_label,sim-device-05-session-01-still-008-window-000,still,0.7397604509605514,sim-device-01-session-01-nod-004-window-000,nod,5.264104258456571,8.713106466323092
sim-device-02-session-03-nod-017-window-000,test,nod,same_label,sim-device-05-session-01-nod-015-window-000,nod,0.7772222139382304,sim-device-01-session-01-nod-004-window-000,nod,5.264104258456571,9.620620344094231
sim-device-02-session-03-nod-018-window-000,test,nod,any_label,sim-device-06-session-01-nod-016-window-000,nod,0.5972888221431383,sim-device-06-session-01-nod-002-window-000,nod,4.7141674901362665,6.620402570737695
sim-device-02-session-03-nod-018-window-000,test,nod,same_label,sim-device-06-session-01-nod-016-window-000,nod,0.5972888221431383,sim-device-06-session-01-nod-002-window-000,nod,4.7141674901362665,6.620402570737695
sim-device-02-session-03-nod-019-window-000,test,nod,any_label,sim-device-05-session-01-still-018-window-000,still,0.6651017339341722,sim-device-05-session-01-nod-014-window-000,nod,5.3987666266949565,8.073621731326273
sim-device-02-session-03-nod-019-window-000,test,nod,same_label,sim-device-02-session-01-nod-010-window-000,nod,0.6882979687546216,sim-device-05-session-01-nod-014-window-000,nod,5.3987666266949565,5.620159781482379
sim-device-02-session-03-nod-020-window-000,test,nod,any_label,sim-device-05-session-01-nod-011-window-000,nod,0.6623460233921413,sim-device-05-session-01-still-008-window-000,still,5.682001505108578,7.624323157202816
sim-device-02-session-03-nod-020-window-000,test,nod,same_label,sim-device-05-session-01-nod-011-window-000,nod,0.6623460233921413,sim-device-05-session-01-nod-011-window-000,nod,7.624323157202816,7.624323157202816
sim-device-02-session-03-shake-001-window-000,test,shake,any_label,sim-device-03-session-01-shake-011-window-000,shake,0.603396701011827,sim-device-03-session-01-shake-011-window-000,shake,6.426697235074152,6.426697235074152
sim-device-02-session-03-shake-001-window-000,test,shake,same_label,sim-device-03-session-01-shake-011-window-000,shake,0.603396701011827,sim-device-03-session-01-shake-011-window-000,shake,6.426697235074152,6.426697235074152
sim-device-02-session-03-shake-002-window-000,test,shake,any_label,sim-device-05-session-01-still-005-window-000,still,0.6157650566469802,sim-device-04-session-01-still-007-window-000,still,6.0295482984406,7.771404060109863
sim-device-02-session-03-shake-002-window-000,test,shake,same_label,sim-device-03-session-01-shake-009-window-000,shake,0.6317771300109384,sim-device-01-session-01-shake-001-window-000,shake,6.149402168609096,8.629591424256368
sim-device-02-session-03-shake-003-window-000,test,shake,any_label,sim-device-01-session-01-shake-004-window-000,shake,0.623862661961346,sim-device-03-session-01-still-015-window-000,still,6.517655130914402,7.463992995321479
sim-device-02-session-03-shake-003-window-000,test,shake,same_label,sim-device-01-session-01-shake-004-window-000,shake,0.623862661961346,sim-device-03-session-01-shake-008-window-000,shake,7.058893860669453,7.463992995321479
sim-device-02-session-03-shake-004-window-000,test,shake,any_label,sim-device-03-session-01-nod-013-window-000,nod,0.6432380860887091,sim-device-05-session-01-still-002-window-000,still,5.770374245839065,10.538979045538975
sim-device-02-session-03-shake-004-window-000,test,shake,same_label,sim-device-01-session-01-shake-016-window-000,shake,0.6923622704039969,sim-device-03-session-01-shake-005-window-000,shake,6.116961905132581,9.177666472908232
sim-device-02-session-03-shake-005-window-000,test,shake,any_label,sim-device-01-session-01-look_right_return-008-window-000,look_right_return,0.6184162334901527,sim-device-01-session-01-shake-004-window-000,shake,5.869900107159665,9.521887796251324
sim-device-02-session-03-shake-005-window-000,test,shake,same_label,sim-device-02-session-01-shake-008-window-000,shake,0.6690923894833439,sim-device-01-session-01-shake-004-window-000,shake,5.869900107159665,11.798296960374964
sim-device-02-session-03-shake-006-window-000,test,shake,any_label,sim-device-01-session-01-shake-008-window-000,shake,0.8044479030979964,sim-device-01-session-01-shake-008-window-000,shake,5.557498703721332,5.557498703721332
sim-device-02-session-03-shake-006-window-000,test,shake,same_label,sim-device-01-session-01-shake-008-window-000,shake,0.8044479030979964,sim-device-01-session-01-shake-008-window-000,shake,5.557498703721332,5.557498703721332
sim-device-02-session-03-shake-007-window-000,test,shake,any_label,sim-device-01-session-01-still-008-window-000,still,0.7334686833802847,sim-device-04-session-01-shake-006-window-000,shake,9.023309497802181,9.759297250922263
sim-device-02-session-03-shake-007-window-000,test,shake,same_label,sim-device-02-session-01-shake-016-window-000,shake,0.7763643217958904,sim-device-04-session-01-shake-006-window-000,shake,9.023309497802181,10.573704017750376
sim-device-02-session-03-shake-008-window-000,test,shake,any_label,sim-device-04-session-01-shake-008-window-000,shake,0.7074941541837246,sim-device-01-session-01-shake-008-window-000,shake,8.536292380930924,9.5924851663833
sim-device-02-session-03-shake-008-window-000,test,shake,same_label,sim-device-04-session-01-shake-008-window-000,shake,0.7074941541837246,sim-device-01-session-01-shake-008-window-000,shake,8.536292380930924,9.5924851663833
sim-device-02-session-03-shake-009-window-000,test,shake,any_label,sim-device-04-session-01-still-017-window-000,still,0.7508734103976477,sim-device-03-session-01-look_right_return-019-window-000,look_right_return,8.43089575468999,12.995830333431707
sim-device-02-session-03-shake-009-window-000,test,shake,same_label,sim-device-06-session-01-shake-014-window-000,shake,0.7613142151991608,sim-device-01-session-01-shake-006-window-000,shake,9.453696744163794,14.944615363220924
sim-device-02-session-03-shake-010-window-000,test,shake,any_label,sim-device-03-session-01-still-007-window-000,still,0.7971435725011649,sim-device-05-session-01-shake-017-window-000,shake,7.400053309250851,10.262655242197045
sim-device-02-session-03-shake-010-window-000,test,shake,same_label,sim-device-04-session-01-shake-001-window-000,shake,0.8229503438249169,sim-device-05-session-01-shake-017-window-000,shake,7.400053309250851,7.715817040859785
sim-device-02-session-03-shake-011-window-000,test,shake,any_label,sim-device-01-session-01-look_left_return-006-window-000,look_left_return,0.7456202271902526,sim-device-06-session-01-shake-008-window-000,shake,6.5053131321745745,14.560132021121957
sim-device-02-session-03-shake-011-window-000,test,shake,same_label,sim-device-01-session-01-shake-014-window-000,shake,0.753314323558071,sim-device-06-session-01-shake-008-window-000,shake,6.5053131321745745,9.701243806758571
sim-device-02-session-03-shake-012-window-000,test,shake,any_label,sim-device-06-session-01-shake-011-window-000,shake,0.598036753630098,sim-device-04-session-01-shake-013-window-000,shake,6.192765142995377,7.529227298222466
sim-device-02-session-03-shake-012-window-000,test,shake,same_label,sim-device-06-session-01-shake-011-window-000,shake,0.598036753630098,sim-device-04-session-01-shake-013-window-000,shake,6.192765142995377,7.529227298222466
sim-device-02-session-03-shake-013-window-000,test,shake,any_label,sim-device-05-session-01-shake-015-window-000,shake,1.136103648375481,sim-device-03-session-01-shake-013-window-000,shake,12.102214640882702,16.078516215330296
sim-device-02-session-03-shake-013-window-000,test,shake,same_label,sim-device-05-session-01-shake-015-window-000,shake,1.136103648375481,sim-device-03-session-01-shake-013-window-000,shake,12.102214640882702,16.078516215330296
sim-device-02-session-03-shake-014-window-000,test,shake,any_label,sim-device-06-session-01-shake-011-window-000,shake,0.8423006538413431,sim-device-05-session-01-shake-016-window-000,shake,9.551891174243963,10.766122926214704
sim-device-02-session-03-shake-014-window-000,test,shake,same_label,sim-device-06-session-01-shake-011-window-000,shake,0.8423006538413431,sim-device-05-session-01-shake-016-window-000,shake,9.551891174243963,10.766122926214704
sim-device-02-session-03-shake-015-window-000,test,shake,any_label,sim-device-05-session-01-shake-010-window-000,shake,0.6737119198082703,sim-device-03-session-01-still-018-window-000,still,6.993928923948382,8.858508452378949
sim-device-02-session-03-shake-015-window-000,test,shake,same_label,sim-device-05-session-01-shake-010-window-000,shake,0.6737119198082703,sim-device-01-session-01-shake-002-window-000,shake,8.519025248615423,8.858508452378949
sim-device-02-session-03-shake-016-window-000,test,shake,any_label,sim-device-03-session-01-shake-019-window-000,shake,0.6642643053694667,sim-device-06-session-01-shake-012-window-000,shake,6.867066683097364,7.594387164013873
sim-device-02-session-03-shake-016-window-000,test,shake,same_label,sim-device-03-session-01-shake-019-window-000,shake,0.6642643053694667,sim-device-06-session-01-shake-012-window-000,shake,6.867066683097364,7.594387164013873
sim-device-02-session-03-shake-017-window-000,test,shake,any_label,sim-device-03-session-01-still-017-window-000,still,0.7387172353871808,sim-device-03-session-01-shake-019-window-000,shake,7.473832004337126,11.870453270139327
sim-device-02-session-03-shake-017-window-000,test,shake,same_label,sim-device-05-session-01-shake-020-window-000,shake,0.7456127984389236,sim-device-03-session-01-shake-019-window-000,shake,7.473832004337126,10.48785794237533
sim-device-02-session-03-shake-018-window-000,test,shake,any_label,sim-device-06-session-01-nod-002-window-000,nod,0.8069381236433631,sim-device-04-session-01-shake-010-window-000,shake,7.095347112662151,12.286921384204552
sim-device-02-session-03-shake-018-window-000,test,shake,same_label,sim-device-01-session-01-shake-020-window-000,shake,0.814802249696788,sim-device-04-session-01-shake-010-window-000,shake,7.095347112662151,12.32375842027408
sim-device-02-session-03-shake-019-window-000,test,shake,any_label,sim-device-03-session-01-shake-007-window-000,shake,0.612751428671712,sim-device-02-session-01-still-006-window-000,still,5.4798253624749425,7.846006706497977
sim-device-02-session-03-shake-019-window-000,test,shake,same_label,sim-device-03-session-01-shake-007-window-000,shake,0.612751428671712,sim-device-01-session-01-shake-001-window-000,shake,5.714409087311463,7.846006706497977
sim-device-02-session-03-shake-020-window-000,test,shake,any_label,sim-device-06-session-01-still-020-window-000,still,0.7512868526055256,sim-device-05-session-01-shake-017-window-000,shake,9.34252101411896,11.480759313894911
sim-device-02-session-03-shake-020-window-000,test,shake,same_label,sim-device-03-session-01-shake-005-window-000,shake,0.7962697262656475,sim-device-05-session-01-shake-017-window-000,shake,9.34252101411896,13.272510691939779
sim-device-02-session-03-still-001-window-000,test,still,any_label,sim-device-06-session-01-still-012-window-000,still,0.6013692422419347,sim-device-02-session-01-still-013-window-000,still,4.10697577341577,5.782187265628894
sim-device-02-session-03-still-001-window-000,test,still,same_label,sim-device-06-session-01-still-012-window-000,still,0.6013692422419347,sim-device-02-session-01-still-013-window-000,still,4.10697577341577,5.782187265628894
sim-device-02-session-03-still-002-window-000,test,still,any_label,sim-device-06-session-01-look_right_return-018-window-000,look_right_return,0.5852551805445333,sim-device-06-session-01-look_right_return-018-window-000,look_right_return,5.360773021273604,5.360773021273604
sim-device-02-session-03-still-002-window-000,test,still,same_label,sim-device-02-session-01-still-011-window-000,still,0.6623865203880955,sim-device-01-session-01-still-011-window-000,still,6.18695689250665,9.354270648106041
sim-device-02-session-03-still-003-window-000,test,still,any_label,sim-device-04-session-01-still-012-window-000,still,0.6905341842967769,sim-device-01-session-01-still-010-window-000,still,6.208691482668628,10.20555989052221
sim-device-02-session-03-still-003-window-000,test,still,same_label,sim-device-04-session-01-still-012-window-000,still,0.6905341842967769,sim-device-01-session-01-still-010-window-000,still,6.208691482668628,10.20555989052221
sim-device-02-session-03-still-004-window-000,test,still,any_label,sim-device-05-session-01-shake-006-window-000,shake,0.5669214801550118,sim-device-03-session-01-still-007-window-000,still,3.8064758006789203,6.070400634093723
sim-device-02-session-03-still-004-window-000,test,still,same_label,sim-device-03-session-01-still-004-window-000,still,0.674647500238817,sim-device-03-session-01-still-007-window-000,still,3.8064758006789203,7.3692818448181026
sim-device-02-session-03-still-005-window-000,test,still,any_label,sim-device-04-session-01-still-015-window-000,still,0.6228521110096338,sim-device-04-session-01-still-002-window-000,still,3.9770086451407964,5.229237418745801
sim-device-02-session-03-still-005-window-000,test,still,same_label,sim-device-04-session-01-still-015-window-000,still,0.6228521110096338,sim-device-04-session-01-still-002-window-000,still,3.9770086451407964,5.229237418745801
sim-device-02-session-03-still-006-window-000,test,still,any_label,sim-device-04-session-01-still-018-window-000,still,0.5859858382012885,sim-device-05-session-01-still-014-window-000,still,3.7325606085148224,6.094539838726186
sim-device-02-session-03-still-006-window-000,test,still,same_label,sim-device-04-session-01-still-018-window-000,still,0.5859858382012885,sim-device-05-session-01-still-014-window-000,still,3.7325606085148224,6.094539838726186
sim-device-02-session-03-still-007-window-000,test,still,any_label,sim-device-02-session-01-nod-015-window-000,nod,0.6480845015491546,sim-device-06-session-01-still-012-window-000,still,3.4803935116566733,5.308329827974004
sim-device-02-session-03-still-007-window-000,test,still,same_label,sim-device-03-session-01-still-013-window-000,still,0.6504728496332107,sim-device-06-session-01-still-012-window-000,still,3.4803935116566733,5.297724723474011
sim-device-02-session-03-still-008-window-000,test,still,any_label,sim-device-05-session-01-still-006-window-000,still,0.5626997293258745,sim-device-05-session-01-still-019-window-000,still,3.3568356361177565,4.486581448131587
sim-device-02-session-03-still-008-window-000,test,still,same_label,sim-device-05-session-01-still-006-window-000,still,0.5626997293258745,sim-device-05-session-01-still-019-window-000,still,3.3568356361177565,4.486581448131587
sim-device-02-session-03-still-009-window-000,test,still,any_label,sim-device-05-session-01-still-003-window-000,still,0.5875119493354506,sim-device-05-session-01-still-010-window-000,still,4.153830104682013,5.446071711235105
sim-device-02-session-03-still-009-window-000,test,still,same_label,sim-device-05-session-01-still-003-window-000,still,0.5875119493354506,sim-device-05-session-01-still-010-window-000,still,4.153830104682013,5.446071711235105
sim-device-02-session-03-still-010-window-000,test,still,any_label,sim-device-01-session-01-shake-004-window-000,shake,0.5612683136592346,sim-device-06-session-01-still-011-window-000,still,3.4496056265086334,5.176967899128722
sim-device-02-session-03-still-010-window-000,test,still,same_label,sim-device-06-session-01-still-019-window-000,still,0.6112103299429001,sim-device-06-session-01-still-011-window-000,still,3.4496056265086334,5.987237697568283
sim-device-02-session-03-still-011-window-000,test,still,any_label,sim-device-02-session-01-still-003-window-000,still,0.7653784403607067,sim-device-05-session-01-still-017-window-000,still,3.4729997516482793,7.9913979833978175
sim-device-02-session-03-still-011-window-000,test,still,same_label,sim-device-02-session-01-still-003-window-000,still,0.7653784403607067,sim-device-05-session-01-still-017-window-000,still,3.4729997516482793,7.9913979833978175
sim-device-02-session-03-still-012-window-000,test,still,any_label,sim-device-06-session-01-still-010-window-000,still,0.715740427393416,sim-device-02-session-01-still-011-window-000,still,5.21607171613727,8.61197071198306
sim-device-02-session-03-still-012-window-000,test,still,same_label,sim-device-06-session-01-still-010-window-000,still,0.715740427393416,sim-device-02-session-01-still-011-window-000,still,5.21607171613727,8.61197071198306
sim-device-02-session-03-still-013-window-000,test,still,any_label,sim-device-04-session-01-still-017-window-000,still,0.5354724633575545,sim-device-06-session-01-still-017-window-000,still,4.1013694340032805,5.490056965350776
sim-device-02-session-03-still-013-window-000,test,still,same_label,sim-device-04-session-01-still-017-window-000,still,0.5354724633575545,sim-device-06-session-01-still-017-window-000,still,4.1013694340032805,5.490056965350776
sim-device-02-session-03-still-014-window-000,test,still,any_label,sim-device-06-session-01-still-008-window-000,still,0.6255999067900596,sim-device-01-session-01-still-019-window-000,still,4.156023189208078,5.25269196998248
sim-device-02-session-03-still-014-window-000,test,still,same_label,sim-device-06-session-01-still-008-window-000,still,0.6255999067900596,sim-device-01-session-01-still-019-window-000,still,4.156023189208078,5.25269196998248
sim-device-02-session-03-still-015-window-000,test,still,any_label,sim-device-03-session-01-still-016-window-000,still,0.5811157020534155,sim-device-03-session-01-look_left_return-010-window-000,look_left_return,3.6668404637224605,4.9244389331978535
sim-device-02-session-03-still-015-window-000,test,still,same_label,sim-device-03-session-01-still-016-window-000,still,0.5811157020534155,sim-device-02-session-01-still-009-window-000,still,4.042794349087121,4.9244389331978535
sim-device-02-session-03-still-016-window-000,test,still,any_label,sim-device-04-session-01-still-006-window-000,still,0.6238985820948878,sim-device-06-session-01-still-015-window-000,still,3.9875254073831496,4.7718195505187895
sim-device-02-session-03-still-016-window-000,test,still,same_label,sim-device-04-session-01-still-006-window-000,still,0.6238985820948878,sim-device-06-session-01-still-015-window-000,still,3.9875254073831496,4.7718195505187895
sim-device-02-session-03-still-017-window-000,test,still,any_label,sim-device-03-session-01-still-005-window-000,still,0.576729227656255,sim-device-03-session-01-still-008-window-000,still,4.064112432265488,5.072192240463179
sim-device-02-session-03-still-017-window-000,test,still,same_label,sim-device-03-session-01-still-005-window-000,still,0.576729227656255,sim-device-03-session-01-still-008-window-000,still,4.064112432265488,5.072192240463179
sim-device-02-session-03-still-018-window-000,test,still,any_label,sim-device-06-session-01-still-006-window-000,still,0.8821626268572476,sim-device-01-session-01-look_right_return-014-window-000,look_right_return,4.274135770190714,8.435658545494263
sim-device-02-session-03-still-018-window-000,test,still,same_label,sim-device-06-session-01-still-006-window-000,still,0.8821626268572476,sim-device-01-session-01-still-018-window-000,still,4.907927550369133,8.435658545494263
sim-device-02-session-03-still-019-window-000,test,still,any_label,sim-device-01-session-01-still-019-window-000,still,0.5586736778895022,sim-device-06-session-01-still-015-window-000,still,4.681270982031581,6.382321313750611
sim-device-02-session-03-still-019-window-000,test,still,same_label,sim-device-01-session-01-still-019-window-000,still,0.5586736778895022,sim-device-06-session-01-still-015-window-000,still,4.681270982031581,6.382321313750611
sim-device-02-session-03-still-020-window-000,test,still,any_label,sim-device-04-session-01-shake-013-window-000,shake,0.6729347335695974,sim-device-03-session-01-look_left_return-002-window-000,look_left_return,5.0481627592171066,8.593374737191523
sim-device-02-session-03-still-020-window-000,test,still,same_label,sim-device-01-session-01-still-017-window-000,still,0.7432328372829032,sim-device-04-session-01-still-004-window-000,still,5.14022745971714,9.589315947669414
sim-device-03-session-03-look_left_return-001-window-000,test,look_left_return,any_label,sim-device-06-session-01-look_left_return-003-window-000,look_left_return,0.5504262557816201,sim-device-04-session-01-look_left_return-016-window-000,look_left_return,4.9316269490659455,5.065502217715694
sim-device-03-session-03-look_left_return-001-window-000,test,look_left_return,same_label,sim-device-06-session-01-look_left_return-003-window-000,look_left_return,0.5504262557816201,sim-device-04-session-01-look_left_return-016-window-000,look_left_return,4.9316269490659455,5.065502217715694
sim-device-03-session-03-look_left_return-002-window-000,test,look_left_return,any_label,sim-device-05-session-01-look_left_return-010-window-000,look_left_return,0.974423419647174,sim-device-04-session-01-look_left_return-014-window-000,look_left_return,12.656424611960045,12.698010810952338
sim-device-03-session-03-look_left_return-002-window-000,test,look_left_return,same_label,sim-device-05-session-01-look_left_return-010-window-000,look_left_return,0.974423419647174,sim-device-04-session-01-look_left_return-014-window-000,look_left_return,12.656424611960045,12.698010810952338
sim-device-03-session-03-look_left_return-003-window-000,test,look_left_return,any_label,sim-device-05-session-01-look_left_return-016-window-000,look_left_return,0.6927930334220491,sim-device-01-session-01-look_left_return-005-window-000,look_left_return,5.965531709574201,6.43706966088882
sim-device-03-session-03-look_left_return-003-window-000,test,look_left_return,same_label,sim-device-05-session-01-look_left_return-016-window-000,look_left_return,0.6927930334220491,sim-device-01-session-01-look_left_return-005-window-000,look_left_return,5.965531709574201,6.43706966088882
sim-device-03-session-03-look_left_return-004-window-000,test,look_left_return,any_label,sim-device-04-session-01-look_left_return-004-window-000,look_left_return,0.7315951328650675,sim-device-03-session-01-look_left_return-014-window-000,look_left_return,7.278344226306074,8.357598365261333
sim-device-03-session-03-look_left_return-004-window-000,test,look_left_return,same_label,sim-device-04-session-01-look_left_return-004-window-000,look_left_return,0.7315951328650675,sim-device-03-session-01-look_left_return-014-window-000,look_left_return,7.278344226306074,8.357598365261333
sim-device-03-session-03-look_left_return-005-window-000,test,look_left_return,any_label,sim-device-06-session-01-look_left_return-019-window-000,look_left_return,0.7805628247030888,sim-device-03-session-01-look_left_return-014-window-000,look_left_return,6.81392811703388,7.2353597484649566
sim-device-03-session-03-look_left_return-005-window-000,test,look_left_return,same_label,sim-device-06-session-01-look_left_return-019-window-000,look_left_return,0.7805628247030888,sim-device-03-session-01-look_left_return-014-window-000,look_left_return,6.81392811703388,7.2353597484649566
sim-device-03-session-03-look_left_return-006-window-000,test,look_left_return,any_label,sim-device-06-session-01-look_left_return-007-window-000,look_left_return,0.8687609560930603,sim-device-04-session-01-look_left_return-001-window-000,look_left_return,5.341902442491899,12.619728221246849
sim-device-03-session-03-look_left_return-006-window-000,test,look_left_return,same_label,sim-device-06-session-01-look_left_return-007-window-000,look_left_return,0.8687609560930603,sim-device-04-session-01-look_left_return-001-window-000,look_left_return,5.341902442491899,12.619728221246849
sim-device-03-session-03-look_left_return-007-window-000,test,look_left_return,any_label,sim-device-03-session-01-look_left_return-003-window-000,look_left_return,0.8413794461398321,sim-device-03-session-01-look_left_return-003-window-000,look_left_return,9.016634720776404,9.016634720776404
sim-device-03-session-03-look_left_return-007-window-000,test,look_left_return,same_label,sim-device-03-session-01-look_left_return-003-window-000,look_left_return,0.8413794461398321,sim-device-03-session-01-look_left_return-003-window-000,look_left_return,9.016634720776404,9.016634720776404
sim-device-03-session-03-look_left_return-008-window-000,test,look_left_return,any_label,sim-device-06-session-01-look_left_return-020-window-000,look_left_return,0.7894134592753249,sim-device-03-session-01-look_left_return-015-window-000,look_left_return,7.84956145001952,9.273740536385933
sim-device-03-session-03-look_left_return-008-window-000,test,look_left_return,same_label,sim-device-06-session-01-look_left_return-020-window-000,look_left_return,0.7894134592753249,sim-device-03-session-01-look_left_return-015-window-000,look_left_return,7.84956145001952,9.273740536385933
sim-device-03-session-03-look_left_return-009-window-000,test,look_left_return,any_label,sim-device-04-session-01-look_left_return-017-window-000,look_left_return,0.6258980169854049,sim-device-04-session-01-look_left_return-017-window-000,look_left_return,6.223973565130383,6.223973565130383
sim-device-03-session-03-look_left_return-009-window-000,test,look_left_return,same_label,sim-device-04-session-01-look_left_return-017-window-000,look_left_return,0.6258980169854049,sim-device-04-session-01-look_left_return-017-window-000,look_left_return,6.223973565130383,6.223973565130383
sim-device-03-session-03-look_left_return-010-window-000,test,look_left_return,any_label,sim-device-03-session-01-look_left_return-003-window-000,look_left_return,0.7604692089430922,sim-device-04-session-01-look_left_return-011-window-000,look_left_return,6.72928067711119,6.967136225348315
sim-device-03-session-03-look_left_return-010-window-000,test,look_left_return,same_label,sim-device-03-session-01-look_left_return-003-window-000,look_left_return,0.7604692089430922,sim-device-04-session-01-look_left_return-011-window-000,look_left_return,6.72928067711119,6.967136225348315
sim-device-03-session-03-look_left_return-011-window-000,test,look_left_return,any_label,sim-device-02-session-01-look_left_return-012-window-000,look_left_return,0.7144946194763192,sim-device-01-session-01-look_left_return-005-window-000,look_left_return,5.663859896572502,9.128843818421176
sim-device-03-session-03-look_left_return-011-window-000,test,look_left_return,same_label,sim-device-02-session-01-look_left_return-012-window-000,look_left_return,0.7144946194763192,sim-device-01-session-01-look_left_return-005-window-000,look_left_return,5.663859896572502,9.128843818421176
sim-device-03-session-03-look_left_return-012-window-000,test,look_left_return,any_label,sim-device-01-session-01-look_left_return-015-window-000,look_left_return,0.6815623196124196,sim-device-01-session-01-look_left_return-015-window-000,look_left_return,6.652550086146435,6.652550086146435
sim-device-03-session-03-look_left_return-012-window-000,test,look_left_return,same_label,sim-device-01-session-01-look_left_return-015-window-000,look_left_return,0.6815623196124196,sim-device-01-session-01-look_left_return-015-window-000,look_left_return,6.652550086146435,6.652550086146435
sim-device-03-session-03-look_left_return-013-window-000,test,look_left_return,any_label,sim-device-02-session-01-look_left_return-010-window-000,look_left_return,0.7144986144956674,sim-device-02-session-01-look_left_return-010-window-000,look_left_return,6.632863450948983,6.632863450948983
sim-device-03-session-03-look_left_return-013-window-000,test,look_left_return,same_label,sim-device-02-session-01-look_left_return-010-window-000,look_left_return,0.7144986144956674,sim-device-02-session-01-look_left_return-010-window-000,look_left_return,6.632863450948983,6.632863450948983
sim-device-03-session-03-look_left_return-014-window-000,test,look_left_return,any_label,sim-device-02-session-01-look_left_return-014-window-000,look_left_return,0.8142262075749708,sim-device-03-session-01-look_left_return-017-window-000,look_left_return,7.358933059734763,10.720037105437239
sim-device-03-session-03-look_left_return-014-window-000,test,look_left_return,same_label,sim-device-02-session-01-look_left_return-014-window-000,look_left_return,0.8142262075749708,sim-device-03-session-01-look_left_return-017-window-000,look_left_return,7.358933059734763,10.720037105437239
sim-device-03-session-03-look_left_return-015-window-000,test,look_left_return,any_label,sim-device-04-session-01-look_left_return-006-window-000,look_left_return,1.1163938490631118,sim-device-02-session-01-look_left_return-002-window-000,look_left_return,7.2423240697609055,8.80894040708977
sim-device-03-session-03-look_left_return-015-window-000,test,look_left_return,same_label,sim-device-04-session-01-look_left_return-006-window-000,look_left_return,1.1163938490631118,sim-device-02-session-01-look_left_return-002-window-000,look_left_return,7.2423240697609055,8.80894040708977
sim-device-03-session-03-look_left_return-016-window-000,test,look_left_return,any_label,sim-device-04-session-01-look_left_return-016-window-000,look_left_return,0.7616545321977521,sim-device-05-session-01-look_left_return-018-window-000,look_left_return,8.563797728889593,9.670155004272113
sim-device-03-session-03-look_left_return-016-window-000,test,look_left_return,same_label,sim-device-04-session-01-look_left_return-016-window-000,look_left_return,0.7616545321977521,sim-device-05-session-01-look_left_return-018-window-000,look_left_return,8.563797728889593,9.670155004272113
sim-device-03-session-03-look_left_return-017-window-000,test,look_left_return,any_label,sim-device-06-session-01-look_left_return-020-window-000,look_left_return,0.8188875295030248,sim-device-03-session-01-look_left_return-015-window-000,look_left_return,8.509075835664623,10.509752422642723
sim-device-03-session-03-look_left_return-017-window-000,test,look_left_return,same_label,sim-device-06-session-01-look_left_return-020-window-000,look_left_return,0.8188875295030248,sim-device-03-session-01-look_left_return-015-window-000,look_left_return,8.509075835664623,10.509752422642723
sim-device-03-session-03-look_left_return-018-window-000,test,look_left_return,any_label,sim-device-05-session-01-look_left_return-012-window-000,look_left_return,0.9780418730874997,sim-device-05-session-01-look_left_return-012-window-000,look_left_return,10.0386499866529,10.0386499866529
sim-device-03-session-03-look_left_return-018-window-000,test,look_left_return,same_label,sim-device-05-session-01-look_left_return-012-window-000,look_left_return,0.9780418730874997,sim-device-05-session-01-look_left_return-012-window-000,look_left_return,10.0386499866529,10.0386499866529
sim-device-03-session-03-look_left_return-019-window-000,test,look_left_return,any_label,sim-device-02-session-01-shake-013-window-000,shake,0.7334226780123299,sim-device-03-session-01-look_left_return-012-window-000,look_left_return,7.775517957601108,11.806733353746662
sim-device-03-session-03-look_left_return-019-window-000,test,look_left_return,same_label,sim-device-02-session-01-look_left_return-012-window-000,look_left_return,0.815057885502844,sim-device-03-session-01-look_left_return-012-window-000,look_left_return,7.775517957601108,12.989977421985921
sim-device-03-session-03-look_left_return-020-window-000,test,look_left_return,any_label,sim-device-04-session-01-look_left_return-009-window-000,look_left_return,0.597333904413758,sim-device-04-session-01-look_left_return-009-window-000,look_left_return,7.032357271786291,7.032357271786291
sim-device-03-session-03-look_left_return-020-window-000,test,look_left_return,same_label,sim-device-04-session-01-look_left_return-009-window-000,look_left_return,0.597333904413758,sim-device-04-session-01-look_left_return-009-window-000,look_left_return,7.032357271786291,7.032357271786291
sim-device-03-session-03-look_right_return-001-window-000,test,look_right_return,any_label,sim-device-06-session-01-look_right_return-002-window-000,look_right_return,0.8664496589230983,sim-device-04-session-01-look_right_return-011-window-000,look_right_return,6.788907467053224,12.224429766799553
sim-device-03-session-03-look_right_return-001-window-000,test,look_right_return,same_label,sim-device-06-session-01-look_right_return-002-window-000,look_right_return,0.8664496589230983,sim-device-04-session-01-look_right_return-011-window-000,look_right_return,6.788907467053224,12.224429766799553
sim-device-03-session-03-look_right_return-002-window-000,test,look_right_return,any_label,sim-device-04-session-01-look_right_return-016-window-000,look_right_return,0.9393943027976037,sim-device-05-session-01-look_right_return-013-window-000,look_right_return,6.80016455734544,11.521058992060086
sim-device-03-session-03-look_right_return-002-window-000,test,look_right_return,same_label,sim-device-04-session-01-look_right_return-016-window-000,look_right_return,0.9393943027976037,sim-device-05-session-01-look_right_return-013-window-000,look_right_return,6.80016455734544,11.521058992060086
sim-device-03-session-03-look_right_return-003-window-000,test,look_right_return,any_label,sim-device-03-session-01-still-014-window-000,still,0.6634526334492687,sim-device-04-session-01-look_right_return-007-window-000,look_right_return,6.851451836377353,12.22637950232124
sim-device-03-session-03-look_right_return-003-window-000,test,look_right_return,same_label,sim-device-01-session-01-look_right_return-016-window-000,look_right_return,0.8342448868074237,sim-device-04-session-01-look_right_return-007-window-000,look_right_return,6.851451836377353,8.986575765876173
sim-device-03-session-03-look_right_return-004-window-000,test,look_right_return,any_label,sim-device-04-session-01-look_right_return-011-window-000,look_right_return,0.6854988729139578,sim-device-04-session-01-look_right_return-011-window-000,look_right_return,7.156617556784422,7.156617556784422
sim-device-03-session-03-look_right_return-004-window-000,test,look_right_return,same_label,sim-device-04-session-01-look_right_return-011-window-000,look_right_return,0.6854988729139578,sim-device-04-session-01-look_right_return-011-window-000,look_right_return,7.156617556784422,7.156617556784422
sim-device-03-session-03-look_right_return-005-window-000,test,look_right_return,any_label,sim-device-02-session-01-look_right_return-001-window-000,look_right_return,1.0212307496701718,sim-device-02-session-01-look_right_return-001-window-000,look_right_return,10.518551995082364,10.518551995082364
sim-device-03-session-03-look_right_return-005-window-000,test,look_right_return,same_label,sim-device-02-session-01-look_right_return-001-window-000,look_right_return,1.0212307496701718,sim-device-02-session-01-look_right_return-001-window-000,look_right_return,10.518551995082364,10.518551995082364
sim-device-03-session-03-look_right_return-006-window-000,test,look_right_return,any_label,sim-device-03-session-01-look_right_return-007-window-000,look_right_return,0.6950668720712136,sim-device-01-session-01-look_right_return-003-window-000,look_right_return,5.192532347740867,7.885000437655768
sim-device-03-session-03-look_right_return-006-window-000,test,look_right_return,same_label,sim-device-03-session-01-look_right_return-007-window-000,look_right_return,0.6950668720712136,sim-device-01-session-01-look_right_return-003-window-000,look_right_return,5.192532347740867,7.885000437655768
sim-device-03-session-03-look_right_return-007-window-000,test,look_right_return,any_label,sim-device-04-session-01-still-009-window-000,still,0.7478484198955669,sim-device-02-session-01-look_right_return-007-window-000,look_right_return,5.49974866850778,9.088096797947761
sim-device-03-session-03-look_right_return-007-window-000,test,look_right_return,same_label,sim-device-02-session-01-look_right_return-011-window-000,look_right_return,0.759727700845012,sim-device-02-session-01-look_right_return-007-window-000,look_right_return,5.49974866850778,8.104602522187454
sim-device-03-session-03-look_right_return-008-window-000,test,look_right_return,any_label,sim-device-02-session-01-look_right_return-020-window-000,look_right_return,0.6675324687822899,sim-device-02-session-01-look_right_return-020-window-000,look_right_return,6.133649453986751,6.133649453986751
sim-device-03-session-03-look_right_return-008-window-000,test,look_right_return,same_label,sim-device-02-session-01-look_right_return-020-window-000,look_right_return,0.6675324687822899,sim-device-02-session-01-look_right_return-020-window-000,look_right_return,6.133649453986751,6.133649453986751
sim-device-03-session-03-look_right_return-009-window-000,test,look_right_return,any_label,sim-device-04-session-01-nod-002-window-000,nod,0.7126268717889604,sim-device-06-session-01-still-008-window-000,still,4.5816895290704025,8.510428553552007
sim-device-03-session-03-look_right_return-009-window-000,test,look_right_return,same_label,sim-device-01-session-01-look_right_return-002-window-000,look_right_return,0.85582765271127,sim-device-01-session-01-look_right_return-015-window-000,look_right_return,5.058705452590577,8.126788939451618
sim-device-03-session-03-look_right_return-010-window-000,test,look_right_return,any_label,sim-device-02-session-01-still-010-window-000,still,0.5935761918541169,sim-device-03-session-01-look_right_return-009-window-000,look_right_return,4.426942371661653,5.798972664198494
sim-device-03-session-03-look_right_return-010-window-000,test,look_right_return,same_label,sim-device-01-session-01-look_right_return-016-window-000,look_right_return,0.6473068625517285,sim-device-03-session-01-look_right_return-009-window-000,look_right_return,4.426942371661653,8.215446085326995
sim-device-03-session-03-look_right_return-011-window-000,test,look_right_return,any_label,sim-device-03-session-01-look_right_return-011-window-000,look_right_return,1.0001028885872227,sim-device-06-session-01-look_right_return-019-window-000,look_right_return,9.644051928732774,15.878118805634106
sim-device-03-session-03-look_right_return-011-window-000,test,look_right_return,same_label,sim-device-03-session-01-look_right_return-011-window-000,look_right_return,1.0001028885872227,sim-device-06-session-01-look_right_return-019-window-000,look_right_return,9.644051928732774,15.878118805634106
sim-device-03-session-03-look_right_return-012-window-000,test,look_right_return,any_label,sim-device-06-session-01-look_right_return-019-window-000,look_right_return,0.761091160056697,sim-device-06-session-01-look_right_return-019-window-000,look_right_return,6.9657929881837966,6.9657929881837966
sim-device-03-session-03-look_right_return-012-window-000,test,look_right_return,same_label,sim-device-06-session-01-look_right_return-019-window-000,look_right_return,0.761091160056697,sim-device-06-session-01-look_right_return-019-window-000,look_right_return,6.9657929881837966,6.9657929881837966
sim-device-03-session-03-look_right_return-013-window-000,test,look_right_return,any_label,sim-device-02-session-01-look_right_return-018-window-000,look_right_return,0.8191104484921985,sim-device-06-session-01-look_right_return-019-window-000,look_right_return,8.043131068654198,8.630913890730412
sim-device-03-session-03-look_right_return-013-window-000,test,look_right_return,same_label,sim-device-02-session-01-look_right_return-018-window-000,look_right_return,0.8191104484921985,sim-device-06-session-01-look_right_return-019-window-000,look_right_return,8.043131068654198,8.630913890730412
sim-device-03-session-03-look_right_return-014-window-000,test,look_right_return,any_label,sim-device-04-session-01-look_right_return-008-window-000,look_right_return,0.824952273439674,sim-device-03-session-01-look_right_return-015-window-000,look_right_return,7.049114291806929,9.291885792280135
sim-device-03-session-03-look_right_return-014-window-000,test,look_right_return,same_label,sim-device-04-session-01-look_right_return-008-window-000,look_right_return,0.824952273439674,sim-device-03-session-01-look_right_return-015-window-000,look_right_return,7.049114291806929,9.291885792280135
sim-device-03-session-03-look_right_return-015-window-000,test,look_right_return,any_label,sim-device-04-session-01-look_right_return-002-window-000,look_right_return,0.7085820055876888,sim-device-01-session-01-look_right_return-001-window-000,look_right_return,6.311172638857101,9.166844774426515
sim-device-03-session-03-look_right_return-015-window-000,test,look_right_return,same_label,sim-device-04-session-01-look_right_return-002-window-000,look_right_return,0.7085820055876888,sim-device-01-session-01-look_right_return-001-window-000,look_right_return,6.311172638857101,9.166844774426515
sim-device-03-session-03-look_right_return-016-window-000,test,look_right_return,any_label,sim-device-04-session-01-look_right_return-018-window-000,look_right_return,0.7191541551841719,sim-device-03-session-01-look_right_return-017-window-000,look_right_return,6.308499697232176,8.77918427365465
sim-device-03-session-03-look_right_return-016-window-000,test,look_right_return,same_label,sim-device-04-session-01-look_right_return-018-window-000,look_right_return,0.7191541551841719,sim-device-03-session-01-look_right_return-017-window-000,look_right_return,6.308499697232176,8.77918427365465
sim-device-03-session-03-look_right_return-017-window-000,test,look_right_return,any_label,sim-device-02-session-01-look_right_return-008-window-000,look_right_return,0.5772959116340037,sim-device-02-session-01-look_right_return-008-window-000,look_right_return,6.32012246137646,6.32012246137646
sim-device-03-session-03-look_right_return-017-window-000,test,look_right_return,same_label,sim-device-02-session-01-look_right_return-008-window-000,look_right_return,0.5772959116340037,sim-device-02-session-01-look_right_return-008-window-000,look_right_return,6.32012246137646,6.32012246137646
sim-device-03-session-03-look_right_return-018-window-000,test,look_right_return,any_label,sim-device-02-session-01-look_right_return-015-window-000,look_right_return,1.2048490105201068,sim-device-04-session-01-look_right_return-009-window-000,look_right_return,6.505088073240217,11.889411586032132
sim-device-03-session-03-look_right_return-018-window-000,test,look_right_return,same_label,sim-device-02-session-01-look_right_return-015-window-000,look_right_return,1.2048490105201068,sim-device-04-session-01-look_right_return-009-window-000,look_right_return,6.505088073240217,11.889411586032132
sim-device-03-session-03-look_right_return-019-window-000,test,look_right_return,any_label,sim-device-01-session-01-look_right_return-004-window-000,look_right_return,0.5888430809222107,sim-device-02-session-01-look_right_return-011-window-000,look_right_return,4.499646485656124,7.9966990673043865
sim-device-03-session-03-look_right_return-019-window-000,test,look_right_return,same_label,sim-device-01-session-01-look_right_return-004-window-000,look_right_return,0.5888430809222107,sim-device-02-session-01-look_right_return-011-window-000,look_right_return,4.499646485656124,7.9966990673043865
sim-device-03-session-03-look_right_return-020-window-000,test,look_right_return,any_label,sim-device-01-session-01-look_right_return-003-window-000,look_right_return,0.6061830873131995,sim-device-03-session-01-look_right_return-018-window-000,look_right_return,6.059942528212116,7.125090497089782
sim-device-03-session-03-look_right_return-020-window-000,test,look_right_return,same_label,sim-device-01-session-01-look_right_return-003-window-000,look_right_return,0.6061830873131995,sim-device-03-session-01-look_right_return-018-window-000,look_right_return,6.059942528212116,7.125090497089782
sim-device-03-session-03-nod-001-window-000,test,nod,any_label,sim-device-03-session-01-nod-007-window-000,nod,0.8653481193214373,sim-device-03-session-01-nod-007-window-000,nod,11.201787200920927,11.201787200920927
sim-device-03-session-03-nod-001-window-000,test,nod,same_label,sim-device-03-session-01-nod-007-window-000,nod,0.8653481193214373,sim-device-03-session-01-nod-007-window-000,nod,11.201787200920927,11.201787200920927
sim-device-03-session-03-nod-002-window-000,test,nod,any_label,sim-device-01-session-01-nod-011-window-000,nod,0.7530615705166115,sim-device-01-session-01-nod-008-window-000,nod,7.184909636377605,8.242140115241346
sim-device-03-session-03-nod-002-window-000,test,nod,same_label,sim-device-01-session-01-nod-011-window-000,nod,0.7530615705166115,sim-device-01-session-01-nod-008-window-000,nod,7.184909636377605,8.242140115241346
sim-device-03-session-03-nod-003-window-000,test,nod,any_label,sim-device-06-session-01-nod-013-window-000,nod,0.7611996038397547,sim-device-05-session-01-nod-008-window-000,nod,9.500866746030056,10.435941536313074
sim-device-03-session-03-nod-003-window-000,test,nod,same_label,sim-device-06-session-01-nod-013-window-000,nod,0.7611996038397547,sim-device-05-session-01-nod-008-window-000,nod,9.500866746030056,10.435941536313074
sim-device-03-session-03-nod-004-window-000,test,nod,any_label,sim-device-05-session-01-look_right_return-001-window-000,look_right_return,0.7753259927869407,sim-device-04-session-01-nod-004-window-000,nod,9.42907889158611,14.196010878778308
sim-device-03-session-03-nod-004-window-000,test,nod,same_label,sim-device-05-session-01-nod-013-window-000,nod,0.9109450509385515,sim-device-04-session-01-nod-004-window-000,nod,9.42907889158611,11.162248594728052
sim-device-03-session-03-nod-005-window-000,test,nod,any_label,sim-device-05-session-01-still-011-window-000,still,0.6426551466190025,sim-device-02-session-01-nod-017-window-000,nod,5.435946919033723,10.064635375648763
sim-device-03-session-03-nod-005-window-000,test,nod,same_label,sim-device-05-session-01-nod-001-window-000,nod,0.6638366030389186,sim-device-02-session-01-nod-017-window-000,nod,5.435946919033723,8.007426228835484
sim-device-03-session-03-nod-006-window-000,test,nod,any_label,sim-device-04-session-01-nod-003-window-000,nod,0.7462387937583194,sim-device-02-session-01-nod-012-window-000,nod,9.343513700054727,10.754019693783826
sim-device-03-session-03-nod-006-window-000,test,nod,same_label,sim-device-04-session-01-nod-003-window-000,nod,0.7462387937583194,sim-device-02-session-01-nod-012-window-000,nod,9.343513700054727,10.754019693783826
sim-device-03-session-03-nod-007-window-000,test,nod,any_label,sim-device-01-session-01-nod-011-window-000,nod,0.8007253547931686,sim-device-01-session-01-nod-011-window-000,nod,9.233150179425358,9.233150179425358
sim-device-03-session-03-nod-007-window-000,test,nod,same_label,sim-device-01-session-01-nod-011-window-000,nod,0.8007253547931686,sim-device-01-session-01-nod-011-window-000,nod,9.233150179425358,9.233150179425358
sim-device-03-session-03-nod-008-window-000,test,nod,any_label,sim-device-03-session-01-look_left_return-010-window-000,look_left_return,0.5753965317673335,sim-device-03-session-01-still-009-window-000,still,4.751302141520926,6.565970646311889
sim-device-03-session-03-nod-008-window-000,test,nod,same_label,sim-device-06-session-01-nod-009-window-000,nod,0.6433063597258095,sim-device-04-session-01-nod-014-window-000,nod,5.534602075710075,8.41393904138983
sim-device-03-session-03-nod-009-window-000,test,nod,any_label,sim-device-03-session-01-look_right_return-013-window-000,look_right_return,0.6054058689582192,sim-device-06-session-01-nod-009-window-000,nod,5.002862955938414,8.536486714941908
sim-device-03-session-03-nod-009-window-000,test,nod,same_label,sim-device-02-session-01-nod-014-window-000,nod,0.6290694564346839,sim-device-06-session-01-nod-009-window-000,nod,5.002862955938414,6.680857990617978
sim-device-03-session-03-nod-010-window-000,test,nod,any_label,sim-device-06-session-01-nod-009-window-000,nod,0.6951176824075443,sim-device-03-session-01-nod-007-window-000,nod,7.453634858333314,8.090954753379759
sim-device-03-session-03-nod-010-window-000,test,nod,same_label,sim-device-06-session-01-nod-009-window-000,nod,0.6951176824075443,sim-device-03-session-01-nod-007-window-000,nod,7.453634858333314,8.090954753379759
sim-device-03-session-03-nod-011-window-000,test,nod,any_label,sim-device-01-session-01-nod-009-window-000,nod,0.989826519859003,sim-device-02-session-01-nod-009-window-000,nod,9.458039425139548,12.48243330778878
sim-device-03-session-03-nod-011-window-000,test,nod,same_label,sim-device-01-session-01-nod-009-window-000,nod,0.989826519859003,sim-device-02-session-01-nod-009-window-000,nod,9.458039425139548,12.48243330778878
sim-device-03-session-03-nod-012-window-000,test,nod,any_label,sim-device-05-session-01-still-003-window-000,still,0.6651808635868394,sim-device-05-session-01-look_left_return-017-window-000,look_left_return,4.756130831885811,5.488976848594309
sim-device-03-session-03-nod-012-window-000,test,nod,same_label,sim-device-06-session-01-nod-016-window-000,nod,0.6828123140676278,sim-device-06-session-01-nod-016-window-000,nod,6.716252700631716,6.716252700631716
sim-device-03-session-03-nod-013-window-000,test,nod,any_label,sim-device-02-session-01-nod-005-window-000,nod,0.8544556902080878,sim-device-06-session-01-nod-013-window-000,nod,8.406625282617474,10.579304113451775
sim-device-03-session-03-nod-013-window-000,test,nod,same_label,sim-device-02-session-01-nod-005-window-000,nod,0.8544556902080878,sim-device-06-session-01-nod-013-window-000,nod,8.406625282617474,10.579304113451775
sim-device-03-session-03-nod-014-window-000,test,nod,any_label,sim-device-05-session-01-nod-001-window-000,nod,0.9493814010289454,sim-device-02-session-01-nod-013-window-000,nod,10.04244248693509,12.699588538208845
sim-device-03-session-03-nod-014-window-000,test,nod,same_label,sim-device-05-session-01-nod-001-window-000,nod,0.9493814010289454,sim-device-02-session-01-nod-013-window-000,nod,10.04244248693509,12.699588538208845
sim-device-03-session-03-nod-015-window-000,test,nod,any_label,sim-device-03-session-01-still-004-window-000,still,0.6087109877196847,sim-device-04-session-01-nod-014-window-000,nod,4.973566270227867,5.207916875489679
sim-device-03-session-03-nod-015-window-000,test,nod,same_label,sim-device-02-session-01-nod-017-window-000,nod,0.6786838287979918,sim-device-04-session-01-nod-014-window-000,nod,4.973566270227867,6.435040022269927
sim-device-03-session-03-nod-016-window-000,test,nod,any_label,sim-device-02-session-01-nod-006-window-000,nod,0.9533107713168514,sim-device-04-session-01-nod-003-window-000,nod,8.36279340816769,8.951410956687926
sim-device-03-session-03-nod-016-window-000,test,nod,same_label,sim-device-02-session-01-nod-006-window-000,nod,0.9533107713168514,sim-device-04-session-01-nod-003-window-000,nod,8.36279340816769,8.951410956687926
sim-device-03-session-03-nod-017-window-000,test,nod,any_label,sim-device-04-session-01-still-020-window-000,still,0.734269807944713,sim-device-02-session-01-nod-001-window-000,nod,6.147271355124961,11.152475058680336
sim-device-03-session-03-nod-017-window-000,test,nod,same_label,sim-device-02-session-01-nod-001-window-000,nod,0.8015093273085067,sim-device-02-session-01-nod-001-window-000,nod,6.147271355124961,6.147271355124961
sim-device-03-session-03-nod-018-window-000,test,nod,any_label,sim-device-06-session-01-nod-005-window-000,nod,1.0410717882656273,sim-device-01-session-01-nod-015-window-000,nod,13.808944370598805,14.707195642515059
sim-device-03-session-03-nod-018-window-000,test,nod,same_label,sim-device-06-session-01-nod-005-window-000,nod,1.0410717882656273,sim-device-01-session-01-nod-015-window-000,nod,13.808944370598805,14.707195642515059
sim-device-03-session-03-nod-019-window-000,test,nod,any_label,sim-device-02-session-01-nod-018-window-000,nod,1.065367861473054,sim-device-02-session-01-nod-018-window-000,nod,11.643257905199745,11.643257905199745
sim-device-03-session-03-nod-019-window-000,test,nod,same_label,sim-device-02-session-01-nod-018-window-000,nod,1.065367861473054,sim-device-02-session-01-nod-018-window-000,nod,11.643257905199745,11.643257905199745
sim-device-03-session-03-nod-020-window-000,test,nod,any_label,sim-device-04-session-01-still-001-window-000,still,0.979036489827175,sim-device-02-session-01-nod-006-window-000,nod,8.586897755524497,13.499516469582787
sim-device-03-session-03-nod-020-window-000,test,nod,same_label,sim-device-04-session-01-nod-003-window-000,nod,0.9955773507337847,sim-device-02-session-01-nod-006-window-000,nod,8.586897755524497,8.69501965266871
sim-device-03-session-03-shake-001-window-000,test,shake,any_label,sim-device-03-session-01-shake-009-window-000,shake,0.646732516368381,sim-device-03-session-01-still-018-window-000,still,6.08375673744329,11.184470282902094
sim-device-03-session-03-shake-001-window-000,test,shake,same_label,sim-device-03-session-01-shake-009-window-000,shake,0.646732516368381,sim-device-06-session-01-shake-005-window-000,shake,6.811483176099991,11.184470282902094
sim-device-03-session-03-shake-002-window-000,test,shake,any_label,sim-device-01-session-01-shake-002-window-000,shake,0.753847332403571,sim-device-06-session-01-shake-001-window-000,shake,7.5768263532918985,10.300074037328203
sim-device-03-session-03-shake-002-window-000,test,shake,same_label,sim-device-01-session-01-shake-002-window-000,shake,0.753847332403571,sim-device-06-session-01-shake-001-window-000,shake,7.5768263532918985,10.300074037328203
sim-device-03-session-03-shake-003-window-000,test,shake,any_label,sim-device-02-session-01-shake-016-window-000,shake,0.739423630125563,sim-device-04-session-01-shake-006-window-000,shake,8.795456097722944,10.872880584941871
sim-device-03-session-03-shake-003-window-000,test,shake,same_label,sim-device-02-session-01-shake-016-window-000,shake,0.739423630125563,sim-device-04-session-01-shake-006-window-000,shake,8.795456097722944,10.872880584941871
sim-device-03-session-03-shake-004-window-000,test,shake,any_label,sim-device-06-session-01-look_right_return-003-window-000,look_right_return,0.6802276032435843,sim-device-02-session-01-shake-005-window-000,shake,7.387554626909228,10.978285565169847
sim-device-03-session-03-shake-004-window-000,test,shake,same_label,sim-device-05-session-01-shake-003-window-000,shake,0.7364989309064648,sim-device-02-session-01-shake-005-window-000,shake,7.387554626909228,13.156049764951547
sim-device-03-session-03-shake-005-window-000,test,shake,any_label,sim-device-04-session-01-look_right_return-002-window-000,look_right_return,0.7453069594686254,sim-device-01-session-01-shake-008-window-000,shake,7.064177654680217,9.640348947726759
sim-device-03-session-03-shake-005-window-000,test,shake,same_label,sim-device-05-session-01-shake-008-window-000,shake,0.7510801162525347,sim-device-01-session-01-shake-008-window-000,shake,7.064177654680217,7.981865162597183
sim-device-03-session-03-shake-006-window-000,test,shake,any_label,sim-device-01-session-01-still-011-window-000,still,0.6900537175593515,sim-device-03-session-01-look_right_return-019-window-000,look_right_return,6.941092481138028,10.850973367972031
sim-device-03-session-03-shake-006-window-000,test,shake,same_label,sim-device-01-session-01-shake-020-window-000,shake,0.7420605605131911,sim-device-05-session-01-shake-005-window-000,shake,7.534566121761589,9.58677791679902
sim-device-03-session-03-shake-007-window-000,test,shake,any_label,sim-device-05-session-01-still-012-window-000,still,0.9186652961440458,sim-device-04-session-01-look_right_return-005-window-000,look_right_return,10.783710331620995,13.872832266865812
sim-device-03-session-03-shake-007-window-000,test,shake,same_label,sim-device-02-session-01-shake-016-window-000,shake,0.9983453660368176,sim-device-01-session-01-shake-015-window-000,shake,11.038966581693092,13.399703963790145
sim-device-03-session-03-shake-008-window-000,test,shake,any_label,sim-device-03-session-01-look_left_return-006-window-000,look_left_return,0.7682259414861704,sim-device-03-session-01-shake-008-window-000,shake,9.150986028787749,10.37903887506101
sim-device-03-session-03-shake-008-window-000,test,shake,same_label,sim-device-01-session-01-shake-014-window-000,shake,0.7899278950117847,sim-device-03-session-01-shake-008-window-000,shake,9.150986028787749,11.76310462608503
sim-device-03-session-03-shake-009-window-000,test,shake,any_label,sim-device-05-session-01-shake-005-window-000,shake,0.674363451693417,sim-device-01-session-01-shake-020-window-000,shake,7.034257938443439,10.80391344671908
sim-device-03-session-03-shake-009-window-000,test,shake,same_label,sim-device-05-session-01-shake-005-window-000,shake,0.674363451693417,sim-device-01-session-01-shake-020-window-000,shake,7.034257938443439,10.80391344671908
sim-device-03-session-03-shake-010-window-000,test,shake,any_label,sim-device-01-session-01-shake-001-window-000,shake,0.579941392284498,sim-device-06-session-01-shake-019-window-000,shake,6.6022299322567894,7.206987891348839
sim-device-03-session-03-shake-010-window-000,test,shake,same_label,sim-device-01-session-01-shake-001-window-000,shake,0.579941392284498,sim-device-06-session-01-shake-019-window-000,shake,6.6022299322567894,7.206987891348839
sim-device-03-session-03-shake-011-window-000,test,shake,any_label,sim-device-06-session-01-nod-002-window-000,nod,0.6696353474247531,sim-device-05-session-01-still-006-window-000,still,5.732825959910139,8.778164648134695
sim-device-03-session-03-shake-011-window-000,test,shake,same_label,sim-device-06-session-01-shake-004-window-000,shake,0.7176983332360607,sim-device-01-session-01-shake-004-window-000,shake,6.195929113264348,10.744034013256922
sim-device-03-session-03-shake-012-window-000,test,shake,any_label,sim-device-06-session-01-still-004-window-000,still,0.6578689743767919,sim-device-06-session-01-still-004-window-000,still,6.65841340802221,6.65841340802221
sim-device-03-session-03-shake-012-window-000,test,shake,same_label,sim-device-02-session-01-shake-008-window-000,shake,0.6859731111317989,sim-device-03-session-01-shake-003-window-000,shake,7.290946360581416,7.823435728703956
sim-device-03-session-03-shake-013-window-000,test,shake,any_label,sim-device-02-session-01-shake-003-window-000,shake,0.6869731097974928,sim-device-04-session-01-still-008-window-000,still,7.2320807432493055,9.117085422414283
sim-device-03-session-03-shake-013-window-000,test,shake,same_label,sim-device-02-session-01-shake-003-window-000,shake,0.6869731097974928,sim-device-04-session-01-shake-018-window-000,shake,7.286275818002555,9.117085422414283
sim-device-03-session-03-shake-014-window-000,test,shake,any_label,sim-device-05-session-01-shake-009-window-000,shake,0.9471254124938855,sim-device-04-session-01-shake-001-window-000,shake,8.123136910130757,16.55926770711401
sim-device-03-session-03-shake-014-window-000,test,shake,same_label,sim-device-05-session-01-shake-009-window-000,shake,0.9471254124938855,sim-device-04-session-01-shake-001-window-000,shake,8.123136910130757,16.55926770711401
sim-device-03-session-03-shake-015-window-000,test,shake,any_label,sim-device-01-session-01-still-005-window-000,still,0.5462472495996502,sim-device-05-session-01-still-006-window-000,still,4.746614106589695,6.5221322719261545
sim-device-03-session-03-shake-015-window-000,test,shake,same_label,sim-device-03-session-01-shake-012-window-000,shake,0.7240920521679021,sim-device-01-session-01-shake-004-window-000,shake,6.890648892430735,9.407844001006135
sim-device-03-session-03-shake-016-window-000,test,shake,any_label,sim-device-03-session-01-shake-009-window-000,shake,0.6009951789682606,sim-device-03-session-01-shake-008-window-000,shake,6.485315466375554,6.957884597959534
sim-device-03-session-03-shake-016-window-000,test,shake,same_label,sim-device-03-session-01-shake-009-window-000,shake,0.6009951789682606,sim-device-03-session-01-shake-008-window-000,shake,6.485315466375554,6.957884597959534
sim-device-03-session-03-shake-017-window-000,test,shake,any_label,sim-device-05-session-01-look_right_return-005-window-000,look_right_return,0.6185187452988646,sim-device-01-session-01-shake-014-window-000,shake,5.0118354933938365,10.93163410235522
sim-device-03-session-03-shake-017-window-000,test,shake,same_label,sim-device-04-session-01-shake-009-window-000,shake,0.6843985890196305,sim-device-01-session-01-shake-014-window-000,shake,5.0118354933938365,8.71793188235514
sim-device-03-session-03-shake-018-window-000,test,shake,any_label,sim-device-04-session-01-still-018-window-000,still,0.579898696196034,sim-device-05-session-01-still-015-window-000,still,4.832569719342634,6.585127124094593
sim-device-03-session-03-shake-018-window-000,test,shake,same_label,sim-device-04-session-01-shake-007-window-000,shake,0.6687183843845521,sim-device-04-session-01-shake-014-window-000,shake,5.501280502667037,9.070489213400686
sim-device-03-session-03-shake-019-window-000,test,shake,any_label,sim-device-01-session-01-still-010-window-000,still,0.6823722696228102,sim-device-03-session-01-shake-015-window-000,shake,6.768402828164238,10.147963423994613
sim-device-03-session-03-shake-019-window-000,test,shake,same_label,sim-device-06-session-01-shake-018-window-000,shake,0.721423106068608,sim-device-03-session-01-shake-015-window-000,shake,6.768402828164238,12.283593954075494
sim-device-03-session-03-shake-020-window-000,test,shake,any_label,sim-device-05-session-01-shake-016-window-000,shake,0.9844166195748764,sim-device-02-session-01-shake-013-window-000,shake,9.758711000220044,12.956671651266728
sim-device-03-session-03-shake-020-window-000,test,shake,same_label,sim-device-05-session-01-shake-016-window-000,shake,0.9844166195748764,sim-device-02-session-01-shake-013-window-000,shake,9.758711000220044,12.956671651266728
sim-device-03-session-03-still-001-window-000,test,still,any_label,sim-device-01-session-01-nod-019-window-000,nod,0.5271469241339152,sim-device-06-session-01-still-009-window-000,still,3.941393951395018,5.043820313770358
sim-device-03-session-03-still-001-window-000,test,still,same_label,sim-device-03-session-01-still-017-window-000,still,0.5453514322943976,sim-device-06-session-01-still-009-window-000,still,3.941393951395018,6.098528807202809
sim-device-03-session-03-still-002-window-000,test,still,any_label,sim-device-02-session-01-still-014-window-000,still,0.6630536014610784,sim-device-01-session-01-still-017-window-000,still,3.5626396097125896,5.22012331278009
sim-device-03-session-03-still-002-window-000,test,still,same_label,sim-device-02-session-01-still-014-window-000,still,0.6630536014610784,sim-device-01-session-01-still-017-window-000,still,3.5626396097125896,5.22012331278009
sim-device-03-session-03-still-003-window-000,test,still,any_label,sim-device-06-session-01-still-001-window-000,still,0.577028704886959,sim-device-06-session-01-still-001-window-000,still,3.348287295753723,3.348287295753723
sim-device-03-session-03-still-003-window-000,test,still,same_label,sim-device-06-session-01-still-001-window-000,still,0.577028704886959,sim-device-06-session-01-still-001-window-000,still,3.348287295753723,3.348287295753723
sim-device-03-session-03-still-004-window-000,test,still,any_label,sim-device-03-session-01-still-015-window-000,still,0.5463707117428912,sim-device-05-session-01-still-016-window-000,still,3.4109524121374823,4.730588537057608
sim-device-03-session-03-still-004-window-000,test,still,same_label,sim-device-03-session-01-still-015-window-000,still,0.5463707117428912,sim-device-05-session-01-still-016-window-000,still,3.4109524121374823,4.730588537057608
sim-device-03-session-03-still-005-window-000,test,still,any_label,sim-device-03-session-01-still-009-window-000,still,0.5831581197591548,sim-device-05-session-01-still-013-window-000,still,3.6718007449860797,5.695937373704374
sim-device-03-session-03-still-005-window-000,test,still,same_label,sim-device-03-session-01-still-009-window-000,still,0.5831581197591548,sim-device-05-session-01-still-013-window-000,still,3.6718007449860797,5.695937373704374
sim-device-03-session-03-still-006-window-000,test,still,any_label,sim-device-01-session-01-look_right_return-008-window-000,look_right_return,0.7147611589420112,sim-device-02-session-01-still-009-window-000,still,3.777589294109585,6.0684507380995925
sim-device-03-session-03-still-006-window-000,test,still,same_label,sim-device-03-session-01-still-012-window-000,still,0.8287749545246151,sim-device-02-session-01-still-009-window-000,still,3.777589294109585,6.71394742451746
sim-device-03-session-03-still-007-window-000,test,still,any_label,sim-device-03-session-01-still-013-window-000,still,0.5859346968329598,sim-device-05-session-01-still-003-window-000,still,4.269033827502883,6.484216846383756
sim-device-03-session-03-still-007-window-000,test,still,same_label,sim-device-03-session-01-still-013-window-000,still,0.5859346968329598,sim-device-05-session-01-still-003-window-000,still,4.269033827502883,6.484216846383756
sim-device-03-session-03-still-008-window-000,test,still,any_label,sim-device-02-session-01-still-020-window-000,still,0.5628365039760024,sim-device-05-session-01-still-015-window-000,still,3.5188379990732295,4.629737432663746
sim-device-03-session-03-still-008-window-000,test,still,same_label,sim-device-02-session-01-still-020-window-000,still,0.5628365039760024,sim-device-05-session-01-still-015-window-000,still,3.5188379990732295,4.629737432663746
sim-device-03-session-03-still-009-window-000,test,still,any_label,sim-device-01-session-01-look_left_return-016-window-000,look_left_return,0.5972734372651423,sim-device-05-session-01-still-005-window-000,still,4.30802004215092,6.194158501095062
sim-device-03-session-03-still-009-window-000,test,still,same_label,sim-device-06-session-01-still-011-window-000,still,0.6241525674090815,sim-device-05-session-01-still-005-window-000,still,4.30802004215092,4.524921840128754
sim-device-03-session-03-still-010-window-000,test,still,any_label,sim-device-04-session-01-still-003-window-000,still,0.6933920064352043,sim-device-05-session-01-still-015-window-000,still,3.9846741990427637,5.554219450942872
sim-device-03-session-03-still-010-window-000,test,still,same_label,sim-device-04-session-01-still-003-window-000,still,0.6933920064352043,sim-device-05-session-01-still-015-window-000,still,3.9846741990427637,5.554219450942872
sim-device-03-session-03-still-011-window-000,test,still,any_label,sim-device-06-session-01-still-012-window-000,still,0.5962873601655037,sim-device-04-session-01-still-008-window-000,still,3.3128199979526887,6.214692081608716
sim-device-03-session-03-still-011-window-000,test,still,same_label,sim-device-06-session-01-still-012-window-000,still,0.5962873601655037,sim-device-04-session-01-still-008-window-000,still,3.3128199979526887,6.214692081608716
sim-device-03-session-03-still-012-window-000,test,still,any_label,sim-device-04-session-01-still-001-window-000,still,0.5872342407207964,sim-device-05-session-01-still-018-window-000,still,4.250784656476672,6.805825467221831
sim-device-03-session-03-still-012-window-000,test,still,same_label,sim-device-04-session-01-still-001-window-000,still,0.5872342407207964,sim-device-05-session-01-still-018-window-000,still,4.250784656476672,6.805825467221831
sim-device-03-session-03-still-013-window-000,test,still,any_label,sim-device-04-session-01-still-011-window-000,still,0.6153355295601635,sim-device-01-session-01-still-018-window-000,still,4.645033444291263,7.499241028213865
sim-device-03-session-03-still-013-window-000,test,still,same_label,sim-device-04-session-01-still-011-window-000,still,0.6153355295601635,sim-device-01-session-01-still-018-window-000,still,4.645033444291263,7.499241028213865
sim-device-03-session-03-still-014-window-000,test,still,any_label,sim-device-06-session-01-still-002-window-000,still,0.6087423095573391,sim-device-03-session-01-still-014-window-000,still,3.7222238258455826,4.240018608022107
sim-device-03-session-03-still-014-window-000,test,still,same_label,sim-device-06-session-01-still-002-window-000,still,0.6087423095573391,sim-device-03-session-01-still-014-window-000,still,3.7222238258455826,4.240018608022107
sim-device-03-session-03-still-015-window-000,test,still,any_label,sim-device-06-session-01-still-019-window-000,still,0.6194901772807553,sim-device-03-session-01-still-019-window-000,still,3.2912454230170765,4.947384049851168
sim-device-03-session-03-still-015-window-000,test,still,same_label,sim-device-06-session-01-still-019-window-000,still,0.6194901772807553,sim-device-03-session-01-still-019-window-000,still,3.2912454230170765,4.947384049851168
sim-device-03-session-03-still-016-window-000,test,still,any_label,sim-device-01-session-01-still-020-window-000,still,0.6541117699359683,sim-device-06-session-01-still-006-window-000,still,5.510526980765808,7.446722036877368
sim-device-03-session-03-still-016-window-000,test,still,same_label,sim-device-01-session-01-still-020-window-000,still,0.6541117699359683,sim-device-06-session-01-still-006-window-000,still,5.510526980765808,7.446722036877368
sim-device-03-session-03-still-017-window-000,test,still,any_label,sim-device-01-session-01-shake-004-window-000,shake,0.6951197434526576,sim-device-03-session-01-still-012-window-000,still,4.10948041480504,6.068168192189274
sim-device-03-session-03-still-017-window-000,test,still,same_label,sim-device-03-session-01-still-014-window-000,still,0.7547757103646359,sim-device-03-session-01-still-012-window-000,still,4.10948041480504,5.683763626659183
sim-device-03-session-03-still-018-window-000,test,still,any_label,sim-device-01-session-01-still-004-window-000,still,0.5652236934560392,sim-device-01-session-01-still-004-window-000,still,3.7784334278404743,3.7784334278404743
sim-device-03-session-03-still-018-window-000,test,still,same_label,sim-device-01-session-01-still-004-window-000,still,0.5652236934560392,sim-device-01-session-01-still-004-window-000,still,3.7784334278404743,3.7784334278404743
sim-device-03-session-03-still-019-window-000,test,still,any_label,sim-device-04-session-01-still-012-window-000,still,0.6395721238059878,sim-device-01-session-01-still-010-window-000,still,4.520532087506325,7.970655894853297
sim-device-03-session-03-still-019-window-000,test,still,same_label,sim-device-04-session-01-still-012-window-000,still,0.6395721238059878,sim-device-01-session-01-still-010-window-000,still,4.520532087506325,7.970655894853297
sim-device-03-session-03-still-020-window-000,test,still,any_label,sim-device-04-session-01-still-009-window-000,still,0.5543199819791507,sim-device-01-session-01-still-004-window-000,still,4.476549091885422,4.932466180812248
sim-device-03-session-03-still-020-window-000,test,still,same_label,sim-device-04-session-01-still-009-window-000,still,0.5543199819791507,sim-device-01-session-01-still-004-window-000,still,4.476549091885422,4.932466180812248
sim-device-04-session-03-look_left_return-001-window-000,test,look_left_return,any_label,sim-device-06-session-01-look_left_return-015-window-000,look_left_return,0.8555390629316072,sim-device-02-session-01-look_left_return-005-window-000,look_left_return,8.13885939723796,8.847981277737713
sim-device-04-session-03-look_left_return-001-window-000,test,look_left_return,same_label,sim-device-06-session-01-look_left_return-015-window-000,look_left_return,0.8555390629316072,sim-device-02-session-01-look_left_return-005-window-000,look_left_return,8.13885939723796,8.847981277737713
sim-device-04-session-03-look_left_return-002-window-000,test,look_left_return,any_label,sim-device-04-session-01-look_left_return-009-window-000,look_left_return,0.7074296185451977,sim-device-05-session-01-look_left_return-017-window-000,look_left_return,7.983465154252252,10.601235621904884
sim-device-04-session-03-look_left_return-002-window-000,test,look_left_return,same_label,sim-device-04-session-01-look_left_return-009-window-000,look_left_return,0.7074296185451977,sim-device-05-session-01-look_left_return-017-window-000,look_left_return,7.983465154252252,10.601235621904884
sim-device-04-session-03-look_left_return-003-window-000,test,look_left_return,any_label,sim-device-06-session-01-look_left_return-016-window-000,look_left_return,0.8382014546954117,sim-device-02-session-01-look_left_return-016-window-000,look_left_return,8.642819313489063,12.378559549651253
sim-device-04-session-03-look_left_return-003-window-000,test,look_left_return,same_label,sim-device-06-session-01-look_left_return-016-window-000,look_left_return,0.8382014546954117,sim-device-02-session-01-look_left_return-016-window-000,look_left_return,8.642819313489063,12.378559549651253
sim-device-04-session-03-look_left_return-004-window-000,test,look_left_return,any_label,sim-device-01-session-01-look_left_return-011-window-000,look_left_return,0.7947850368869106,sim-device-03-session-01-look_left_return-015-window-000,look_left_return,5.260513817595498,10.966394311654081
sim-device-04-session-03-look_left_return-004-window-000,test,look_left_return,same_label,sim-device-01-session-01-look_left_return-011-window-000,look_left_return,0.7947850368869106,sim-device-03-session-01-look_left_return-015-window-000,look_left_return,5.260513817595498,10.966394311654081
sim-device-04-session-03-look_left_return-005-window-000,test,look_left_return,any_label,sim-device-03-session-01-look_left_return-014-window-000,look_left_return,0.6623819344272224,sim-device-06-session-01-look_left_return-003-window-000,look_left_return,5.654481460604591,8.026677884032354
sim-device-04-session-03-look_left_return-005-window-000,test,look_left_return,same_label,sim-device-03-session-01-look_left_return-014-window-000,look_left_return,0.6623819344272224,sim-device-06-session-01-look_left_return-003-window-000,look_left_return,5.654481460604591,8.026677884032354
sim-device-04-session-03-look_left_return-006-window-000,test,look_left_return,any_label,sim-device-06-session-01-look_left_return-009-window-000,look_left_return,1.1194976720185719,sim-device-06-session-01-look_left_return-009-window-000,look_left_return,8.589983126513886,8.589983126513886
sim-device-04-session-03-look_left_return-006-window-000,test,look_left_return,same_label,sim-device-06-session-01-look_left_return-009-window-000,look_left_return,1.1194976720185719,sim-device-06-session-01-look_left_return-009-window-000,look_left_return,8.589983126513886,8.589983126513886
sim-device-04-session-03-look_left_return-007-window-000,test,look_left_return,any_label,sim-device-06-session-01-look_left_return-016-window-000,look_left_return,1.0890766965394152,sim-device-05-session-01-look_left_return-011-window-000,look_left_return,10.174007435945319,10.516555657475076
sim-device-04-session-03-look_left_return-007-window-000,test,look_left_return,same_label,sim-device-06-session-01-look_left_return-016-window-000,look_left_return,1.0890766965394152,sim-device-05-session-01-look_left_return-011-window-000,look_left_return,10.174007435945319,10.516555657475076
sim-device-04-session-03-look_left_return-008-window-000,test,look_left_return,any_label,sim-device-06-session-01-look_left_return-009-window-000,look_left_return,0.9712868764388252,sim-device-06-session-01-look_left_return-009-window-000,look_left_return,11.263997071946337,11.263997071946337
sim-device-04-session-03-look_left_return-008-window-000,test,look_left_return,same_label,sim-device-06-session-01-look_left_return-009-window-000,look_left_return,0.9712868764388252,sim-device-06-session-01-look_left_return-009-window-000,look_left_return,11.263997071946337,11.263997071946337
sim-device-04-session-03-look_left_return-009-window-000,test,look_left_return,any_label,sim-device-06-session-01-still-017-window-000,still,0.5321238539367125,sim-device-06-session-01-still-017-window-000,still,6.654820179376011,6.654820179376011
sim-device-04-session-03-look_left_return-009-window-000,test,look_left_return,same_label,sim-device-06-session-01-look_left_return-003-window-000,look_left_return,0.7951635215202981,sim-device-01-session-01-look_left_return-006-window-000,look_left_return,7.080563616667711,9.350648271357976
sim-device-04-session-03-look_left_return-010-window-000,test,look_left_return,any_label,sim-device-03-session-01-look_left_return-015-window-000,look_left_return,0.9289072820281185,sim-device-05-session-01-look_left_return-015-window-000,look_left_return,11.619783300735463,14.181206578806593
sim-device-04-session-03-look_left_return-010-window-000,test,look_left_return,same_label,sim-device-03-session-01-look_left_return-015-window-000,look_left_return,0.9289072820281185,sim-device-05-session-01-look_left_return-015-window-000,look_left_return,11.619783300735463,14.181206578806593
sim-device-04-session-03-look_left_return-011-window-000,test,look_left_return,any_label,sim-device-06-session-01-look_left_return-002-window-000,look_left_return,1.1678747100787834,sim-device-02-session-01-look_left_return-011-window-000,look_left_return,11.093754439021161,14.608224324985725
sim-device-04-session-03-look_left_return-011-window-000,test,look_left_return,same_label,sim-device-06-session-01-look_left_return-002-window-000,look_left_return,1.1678747100787834,sim-device-02-session-01-look_left_return-011-window-000,look_left_return,11.093754439021161,14.608224324985725
sim-device-04-session-03-look_left_return-012-window-000,test,look_left_return,any_label,sim-device-05-session-01-look_left_return-013-window-000,look_left_return,1.5121434780559955,sim-device-06-session-01-look_left_return-009-window-000,look_left_return,14.78789594250973,16.599421605534864
sim-device-04-session-03-look_left_return-012-window-000,test,look_left_return,same_label,sim-device-05-session-01-look_left_return-013-window-000,look_left_return,1.5121434780559955,sim-device-06-session-01-look_left_return-009-window-000,look_left_return,14.78789594250973,16.599421605534864
sim-device-04-session-03-look_left_return-013-window-000,test,look_left_return,any_label,sim-device-06-session-01-look_left_return-007-window-000,look_left_return,0.686485806255021,sim-device-03-session-01-look_left_return-017-window-000,look_left_return,9.812089223237138,10.35130396379633
sim-device-04-session-03-look_left_return-013-window-000,test,look_left_return,same_label,sim-device-06-session-01-look_left_return-007-window-000,look_left_return,0.686485806255021,sim-device-03-session-01-look_left_return-017-window-000,look_left_return,9.812089223237138,10.35130396379633
sim-device-04-session-03-look_left_return-014-window-000,test,look_left_return,any_label,sim-device-03-session-01-shake-003-window-000,shake,0.6959254233523394,sim-device-01-session-01-look_left_return-015-window-000,look_left_return,8.858691413190453,9.852059232390731
sim-device-04-session-03-look_left_return-014-window-000,test,look_left_return,same_label,sim-device-01-session-01-look_left_return-015-window-000,look_left_return,0.8280378605690459,sim-device-01-session-01-look_left_return-015-window-000,look_left_return,8.858691413190453,8.858691413190453
sim-device-04-session-03-look_left_return-015-window-000,test,look_left_return,any_label,sim-device-03-session-01-look_left_return-002-window-000,look_left_return,0.7062979653489444,sim-device-02-session-01-look_left_return-020-window-000,look_left_return,6.706569764459361,9.257437233691123
sim-device-04-session-03-look_left_return-015-window-000,test,look_left_return,same_label,sim-device-03-session-01-look_left_return-002-window-000,look_left_return,0.7062979653489444,sim-device-02-session-01-look_left_return-020-window-000,look_left_return,6.706569764459361,9.257437233691123
sim-device-04-session-03-look_left_return-016-window-000,test,look_left_return,any_label,sim-device-02-session-01-look_left_return-020-window-000,look_left_return,0.6456910410700661,sim-device-03-session-01-look_left_return-002-window-000,look_left_return,3.9010312291869496,7.257136056696471
sim-device-04-session-03-look_left_return-016-window-000,test,look_left_return,same_label,sim-device-02-session-01-look_left_return-020-window-000,look_left_return,0.6456910410700661,sim-device-03-session-01-look_left_return-002-window-000,look_left_return,3.9010312291869496,7.257136056696471
sim-device-04-session-03-look_left_return-017-window-000,test,look_left_return,any_label,sim-device-01-session-01-shake-016-window-000,shake,0.7251711713200817,sim-device-05-session-01-look_left_return-017-window-000,look_left_return,8.448798272049512,11.877776045240013
sim-device-04-session-03-look_left_return-017-window-000,test,look_left_return,same_label,sim-device-03-session-01-look_left_return-013-window-000,look_left_return,0.7604919829686577,sim-device-05-session-01-look_left_return-017-window-000,look_left_return,8.448798272049512,12.238402692846337
sim-device-04-session-03-look_left_return-018-window-000,test,look_left_return,any_label,sim-device-06-session-01-look_left_return-018-window-000,look_left_return,0.8441950421624638,sim-device-02-session-01-look_left_return-011-window-000,look_left_return,7.56779465217507,8.672353534518871
sim-device-04-session-03-look_left_return-018-window-000,test,look_left_return,same_label,sim-device-06-session-01-look_left_return-018-window-000,look_left_return,0.8441950421624638,sim-device-02-session-01-look_left_return-011-window-000,look_left_return,7.56779465217507,8.672353534518871
sim-device-04-session-03-look_left_return-019-window-000,test,look_left_return,any_label,sim-device-06-session-01-look_left_return-009-window-000,look_left_return,1.4218598358826462,sim-device-06-session-01-look_left_return-009-window-000,look_left_return,12.82218976653025,12.82218976653025
sim-device-04-session-03-look_left_return-019-window-000,test,look_left_return,same_label,sim-device-06-session-01-look_left_return-009-window-000,look_left_return,1.4218598358826462,sim-device-06-session-01-look_left_return-009-window-000,look_left_return,12.82218976653025,12.82218976653025
sim-device-04-session-03-look_left_return-020-window-000,test,look_left_return,any_label,sim-device-06-session-01-look_left_return-018-window-000,look_left_return,0.8027524620086095,sim-device-06-session-01-look_left_return-018-window-000,look_left_return,8.078744508484519,8.078744508484519
sim-device-04-session-03-look_left_return-020-window-000,test,look_left_return,same_label,sim-device-06-session-01-look_left_return-018-window-000,look_left_return,0.8027524620086095,sim-device-06-session-01-look_left_return-018-window-000,look_left_return,8.078744508484519,8.078744508484519
sim-device-04-session-03-look_right_return-001-window-000,test,look_right_return,any_label,sim-device-06-session-01-look_right_return-011-window-000,look_right_return,0.8694614854025686,sim-device-02-session-01-look_right_return-001-window-000,look_right_return,8.26218538441977,11.767883837491201
sim-device-04-session-03-look_right_return-001-window-000,test,look_right_return,same_label,sim-device-06-session-01-look_right_return-011-window-000,look_right_return,0.8694614854025686,sim-device-02-session-01-look_right_return-001-window-000,look_right_return,8.26218538441977,11.767883837491201
sim-device-04-session-03-look_right_return-002-window-000,test,look_right_return,any_label,sim-device-01-session-01-look_right_return-003-window-000,look_right_return,0.6297880801095085,sim-device-04-session-01-look_right_return-018-window-000,look_right_return,7.3156340914704465,8.757790024459853
sim-device-04-session-03-look_right_return-002-window-000,test,look_right_return,same_label,sim-device-01-session-01-look_right_return-003-window-000,look_right_return,0.6297880801095085,sim-device-04-session-01-look_right_return-018-window-000,look_right_return,7.3156340914704465,8.757790024459853
sim-device-04-session-03-look_right_return-003-window-000,test,look_right_return,any_label,sim-device-02-session-01-look_right_return-001-window-000,look_right_return,0.6804300204562564,sim-device-05-session-01-look_right_return-018-window-000,look_right_return,5.45268364943277,5.542531519344037
sim-device-04-session-03-look_right_return-003-window-000,test,look_right_return,same_label,sim-device-02-session-01-look_right_return-001-window-000,look_right_return,0.6804300204562564,sim-device-05-session-01-look_right_return-018-window-000,look_right_return,5.45268364943277,5.542531519344037
sim-device-04-session-03-look_right_return-004-window-000,test,look_right_return,any_label,sim-device-05-session-01-look_right_return-004-window-000,look_right_return,1.0177342371964593,sim-device-05-session-01-look_right_return-004-window-000,look_right_return,9.085235075707022,9.085235075707022
sim-device-04-session-03-look_right_return-004-window-000,test,look_right_return,same_label,sim-device-05-session-01-look_right_return-004-window-000,look_right_return,1.0177342371964593,sim-device-05-session-01-look_right_return-004-window-000,look_right_return,9.085235075707022,9.085235075707022
sim-device-04-session-03-look_right_return-005-window-000,test,look_right_return,any_label,sim-device-03-session-01-look_right_return-010-window-000,look_right_return,0.5953443069408261,sim-device-03-session-01-look_right_return-010-window-000,look_right_return,5.7974530709938845,5.7974530709938845
sim-device-04-session-03-look_right_return-005-window-000,test,look_right_return,same_label,sim-device-03-session-01-look_right_return-010-window-000,look_right_return,0.5953443069408261,sim-device-03-session-01-look_right_return-010-window-000,look_right_return,5.7974530709938845,5.7974530709938845
sim-device-04-session-03-look_right_return-006-window-000,test,look_right_return,any_label,sim-device-04-session-01-still-017-window-000,still,0.6755958143522595,sim-device-01-session-01-look_right_return-003-window-000,look_right_return,6.061884821979504,10.863426504505567
sim-device-04-session-03-look_right_return-006-window-000,test,look_right_return,same_label,sim-device-02-session-01-look_right_return-002-window-000,look_right_return,0.6961723533082673,sim-device-01-session-01-look_right_return-003-window-000,look_right_return,6.061884821979504,6.933965939753905
sim-device-04-session-03-look_right_return-007-window-000,test,look_right_return,any_label,sim-device-03-session-01-look_right_return-009-window-000,look_right_return,0.7340288949830398,sim-device-04-session-01-look_right_return-007-window-000,look_right_return,6.909620387315634,12.789007858237408
sim-device-04-session-03-look_right_return-007-window-000,test,look_right_return,same_label,sim-device-03-session-01-look_right_return-009-window-000,look_right_return,0.7340288949830398,sim-device-04-session-01-look_right_return-007-window-000,look_right_return,6.909620387315634,12.789007858237408
sim-device-04-session-03-look_right_return-008-window-000,test,look_right_return,any_label,sim-device-05-session-01-look_right_return-012-window-000,look_right_return,0.6899639694902848,sim-device-02-session-01-look_right_return-013-window-000,look_right_return,7.317658656696563,8.806225449206153
sim-device-04-session-03-look_right_return-008-window-000,test,look_right_return,same_label,sim-device-05-session-01-look_right_return-012-window-000,look_right_return,0.6899639694902848,sim-device-02-session-01-look_right_return-013-window-000,look_right_return,7.317658656696563,8.806225449206153
sim-device-04-session-03-look_right_return-009-window-000,test,look_right_return,any_label,sim-device-03-session-01-still-015-window-000,still,0.6868728887636892,sim-device-03-session-01-look_right_return-004-window-000,look_right_return,5.22732539426876,10.861316978553191
sim-device-04-session-03-look_right_return-009-window-000,test,look_right_return,same_label,sim-device-06-session-01-look_right_return-004-window-000,look_right_return,0.7233476688835012,sim-device-03-session-01-look_right_return-004-window-000,look_right_return,5.22732539426876,10.349296382710987
sim-device-04-session-03-look_right_return-010-window-000,test,look_right_return,any_label,sim-device-01-session-01-look_right_return-003-window-000,look_right_return,0.6682700301990534,sim-device-03-session-01-look_right_return-012-window-000,look_right_return,6.394119340040079,6.700630216819028
sim-device-04-session-03-look_right_return-010-window-000,test,look_right_return,same_label,sim-device-01-session-01-look_right_return-003-window-000,look_right_return,0.6682700301990534,sim-device-03-session-01-look_right_return-012-window-000,look_right_return,6.394119340040079,6.700630216819028
sim-device-04-session-03-look_right_return-011-window-000,test,look_right_return,any_label,sim-device-02-session-01-look_right_return-004-window-000,look_right_return,0.624933906986174,sim-device-03-session-01-look_right_return-011-window-000,look_right_return,6.749677435693204,8.564465979539037
sim-device-04-session-03-look_right_return-011-window-000,test,look_right_return,same_label,sim-device-02-session-01-look_right_return-004-window-000,look_right_return,0.624933906986174,sim-device-03-session-01-look_right_return-011-window-000,look_right_return,6.749677435693204,8.564465979539037
sim-device-04-session-03-look_right_return-012-window-000,test,look_right_return,any_label,sim-device-06-session-01-look_right_return-014-window-000,look_right_return,0.7639754089235143,sim-device-06-session-01-look_right_return-014-window-000,look_right_return,6.605645454711311,6.605645454711311
sim-device-04-session-03-look_right_return-012-window-000,test,look_right_return,same_label,sim-device-06-session-01-look_right_return-014-window-000,look_right_return,0.7639754089235143,sim-device-06-session-01-look_right_return-014-window-000,look_right_return,6.605645454711311,6.605645454711311
sim-device-04-session-03-look_right_return-013-window-000,test,look_right_return,any_label,sim-device-03-session-01-look_right_return-010-window-000,look_right_return,0.6473380861003566,sim-device-03-session-01-look_right_return-003-window-000,look_right_return,7.568656185074741,9.399045499538794
sim-device-04-session-03-look_right_return-013-window-000,test,look_right_return,same_label,sim-device-03-session-01-look_right_return-010-window-000,look_right_return,0.6473380861003566,sim-device-03-session-01-look_right_return-003-window-000,look_right_return,7.568656185074741,9.399045499538794
sim-device-04-session-03-look_right_return-014-window-000,test,look_right_return,any_label,sim-device-02-session-01-look_right_return-012-window-000,look_right_return,0.855494990071863,sim-device-02-session-01-look_right_return-012-window-000,look_right_return,9.607809659040583,9.607809659040583
sim-device-04-session-03-look_right_return-014-window-000,test,look_right_return,same_label,sim-device-02-session-01-look_right_return-012-window-000,look_right_return,0.855494990071863,sim-device-02-session-01-look_right_return-012-window-000,look_right_return,9.607809659040583,9.607809659040583
sim-device-04-session-03-look_right_return-015-window-000,test,look_right_return,any_label,sim-device-01-session-01-look_right_return-003-window-000,look_right_return,0.6038324756372975,sim-device-01-session-01-look_right_return-018-window-000,look_right_return,6.29621435900819,7.959036452210758
sim-device-04-session-03-look_right_return-015-window-000,test,look_right_return,same_label,sim-device-01-session-01-look_right_return-003-window-000,look_right_return,0.6038324756372975,sim-device-01-session-01-look_right_return-018-window-000,look_right_return,6.29621435900819,7.959036452210758
sim-device-04-session-03-look_right_return-016-window-000,test,look_right_return,any_label,sim-device-01-session-01-look_right_return-018-window-000,look_right_return,0.8902519746830981,sim-device-06-session-01-look_right_return-017-window-000,look_right_return,8.31552035352628,10.817370670392965
sim-device-04-session-03-look_right_return-016-window-000,test,look_right_return,same_label,sim-device-01-session-01-look_right_return-018-window-000,look_right_return,0.8902519746830981,sim-device-06-session-01-look_right_return-017-window-000,look_right_return,8.31552035352628,10.817370670392965
sim-device-04-session-03-look_right_return-017-window-000,test,look_right_return,any_label,sim-device-03-session-01-look_right_return-007-window-000,look_right_return,0.8026205413359617,sim-device-03-session-01-look_right_return-014-window-000,look_right_return,7.911613719623663,11.757660301349796
sim-device-04-session-03-look_right_return-017-window-000,test,look_right_return,same_label,sim-device-03-session-01-look_right_return-007-window-000,look_right_return,0.8026205413359617,sim-device-03-session-01-look_right_return-014-window-000,look_right_return,7.911613719623663,11.757660301349796
sim-device-04-session-03-look_right_return-018-window-000,test,look_right_return,any_label,sim-device-03-session-01-look_right_return-009-window-000,look_right_return,0.5738637278413795,sim-device-01-session-01-still-017-window-000,still,4.422194303262265,5.735309121806627
sim-device-04-session-03-look_right_return-018-window-000,test,look_right_return,same_label,sim-device-03-session-01-look_right_return-009-window-000,look_right_return,0.5738637278413795,sim-device-03-session-01-look_right_return-009-window-000,look_right_return,5.735309121806627,5.735309121806627
sim-device-04-session-03-look_right_return-019-window-000,test,look_right_return,any_label,sim-device-01-session-01-look_right_return-017-window-000,look_right_return,0.6546277796683263,sim-device-01-session-01-look_right_return-017-window-000,look_right_return,6.768630390255385,6.768630390255385
sim-device-04-session-03-look_right_return-019-window-000,test,look_right_return,same_label,sim-device-01-session-01-look_right_return-017-window-000,look_right_return,0.6546277796683263,sim-device-01-session-01-look_right_return-017-window-000,look_right_return,6.768630390255385,6.768630390255385
sim-device-04-session-03-look_right_return-020-window-000,test,look_right_return,any_label,sim-device-05-session-01-look_right_return-016-window-000,look_right_return,0.7683528442885894,sim-device-02-session-01-look_right_return-013-window-000,look_right_return,6.388766507582917,11.62775085629769
sim-device-04-session-03-look_right_return-020-window-000,test,look_right_return,same_label,sim-device-05-session-01-look_right_return-016-window-000,look_right_return,0.7683528442885894,sim-device-02-session-01-look_right_return-013-window-000,look_right_return,6.388766507582917,11.62775085629769
sim-device-04-session-03-nod-001-window-000,test,nod,any_label,sim-device-04-session-01-still-009-window-000,still,0.7709458327865741,sim-device-05-session-01-nod-001-window-000,nod,6.265043195551559,11.535227085323513
sim-device-04-session-03-nod-001-window-000,test,nod,same_label,sim-device-06-session-01-nod-016-window-000,nod,0.81157479164673,sim-device-05-session-01-nod-001-window-000,nod,6.265043195551559,8.861104631861576
sim-device-04-session-03-nod-002-window-000,test,nod,any_label,sim-device-03-session-01-nod-003-window-000,nod,1.028357365460472,sim-device-06-session-01-nod-012-window-000,nod,12.00159407615328,12.507931213713439
sim-device-04-session-03-nod-002-window-000,test,nod,same_label,sim-device-03-session-01-nod-003-window-000,nod,1.028357365460472,sim-device-06-session-01-nod-012-window-000,nod,12.00159407615328,12.507931213713439
sim-device-04-session-03-nod-003-window-000,test,nod,any_label,sim-device-03-session-01-nod-005-window-000,nod,0.8530397594649302,sim-device-03-session-01-nod-018-window-000,nod,6.2675304832929095,9.79795512018797
sim-device-04-session-03-nod-003-window-000,test,nod,same_label,sim-device-03-session-01-nod-005-window-000,nod,0.8530397594649302,sim-device-03-session-01-nod-018-window-000,nod,6.2675304832929095,9.79795512018797
sim-device-04-session-03-nod-004-window-000,test,nod,any_label,sim-device-01-session-01-nod-008-window-000,nod,0.6124649400738736,sim-device-01-session-01-nod-008-window-000,nod,5.626531452297708,5.626531452297708
sim-device-04-session-03-nod-004-window-000,test,nod,same_label,sim-device-01-session-01-nod-008-window-000,nod,0.6124649400738736,sim-device-01-session-01-nod-008-window-000,nod,5.626531452297708,5.626531452297708
sim-device-04-session-03-nod-005-window-000,test,nod,any_label,sim-device-03-session-01-shake-007-window-000,shake,0.573953289979742,sim-device-04-session-01-still-007-window-000,still,4.6665481543473755,7.04217738259347
sim-device-04-session-03-nod-005-window-000,test,nod,same_label,sim-device-02-session-01-nod-017-window-000,nod,0.633856645276346,sim-device-05-session-01-nod-014-window-000,nod,5.395337589760956,5.973163442165928
sim-device-04-session-03-nod-006-window-000,test,nod,any_label,sim-device-03-session-01-nod-016-window-000,nod,0.9055896358144664,sim-device-03-session-01-nod-016-window-000,nod,10.684323949024945,10.684323949024945
sim-device-04-session-03-nod-006-window-000,test,nod,same_label,sim-device-03-session-01-nod-016-window-000,nod,0.9055896358144664,sim-device-03-session-01-nod-016-window-000,nod,10.684323949024945,10.684323949024945
sim-device-04-session-03-nod-007-window-000,test,nod,any_label,sim-device-02-session-01-nod-002-window-000,nod,0.9233870613469883,sim-device-06-session-01-nod-005-window-000,nod,5.869649033566263,9.702518512695923
sim-device-04-session-03-nod-007-window-000,test,nod,same_label,sim-device-02-session-01-nod-002-window-000,nod,0.9233870613469883,sim-device-06-session-01-nod-005-window-000,nod,5.869649033566263,9.702518512695923
sim-device-04-session-03-nod-008-window-000,test,nod,any_label,sim-device-03-session-01-nod-008-window-000,nod,0.8400171118170002,sim-device-01-session-01-nod-011-window-000,nod,9.445654428796505,12.147186599367572
sim-device-04-session-03-nod-008-window-000,test,nod,same_label,sim-device-03-session-01-nod-008-window-000,nod,0.8400171118170002,sim-device-01-session-01-nod-011-window-000,nod,9.445654428796505,12.147186599367572
sim-device-04-session-03-nod-009-window-000,test,nod,any_label,sim-device-06-session-01-nod-012-window-000,nod,0.6847367451802765,sim-device-06-session-01-nod-012-window-000,nod,5.311530916215617,5.311530916215617
sim-device-04-session-03-nod-009-window-000,test,nod,same_label,sim-device-06-session-01-nod-012-window-000,nod,0.6847367451802765,sim-device-06-session-01-nod-012-window-000,nod,5.311530916215617,5.311530916215617
sim-device-04-session-03-nod-010-window-000,test,nod,any_label,sim-device-06-session-01-nod-008-window-000,nod,0.8380328096487856,sim-device-06-session-01-nod-020-window-000,nod,8.677654575812003,8.898803018634712
sim-device-04-session-03-nod-010-window-000,test,nod,same_label,sim-device-06-session-01-nod-008-window-000,nod,0.8380328096487856,sim-device-06-session-01-nod-020-window-000,nod,8.677654575812003,8.898803018634712
sim-device-04-session-03-nod-011-window-000,test,nod,any_label,sim-device-04-session-01-still-010-window-000,still,0.6537208019171371,sim-device-02-session-01-nod-016-window-000,nod,5.06606239834616,8.580260981931877
sim-device-04-session-03-nod-011-window-000,test,nod,same_label,sim-device-02-session-01-nod-016-window-000,nod,0.6805280253737341,sim-device-02-session-01-nod-016-window-000,nod,5.06606239834616,5.06606239834616
sim-device-04-session-03-nod-012-window-000,test,nod,any_label,sim-device-06-session-01-nod-005-window-000,nod,0.951130309753207,sim-device-05-session-01-nod-002-window-000,nod,9.541316962433674,11.154571303140159
sim-device-04-session-03-nod-012-window-000,test,nod,same_label,sim-device-06-session-01-nod-005-window-000,nod,0.951130309753207,sim-device-05-session-01-nod-002-window-000,nod,9.541316962433674,11.154571303140159
sim-device-04-session-03-nod-013-window-000,test,nod,any_label,sim-device-05-session-01-nod-009-window-000,nod,0.7984534199174289,sim-device-05-session-01-nod-010-window-000,nod,7.1587102848595485,11.568101217887037
sim-device-04-session-03-nod-013-window-000,test,nod,same_label,sim-device-05-session-01-nod-009-window-000,nod,0.7984534199174289,sim-device-05-session-01-nod-010-window-000,nod,7.1587102848595485,11.568101217887037
sim-device-04-session-03-nod-014-window-000,test,nod,any_label,sim-device-06-session-01-shake-008-window-000,shake,0.7984035320963909,sim-device-06-session-01-nod-008-window-000,nod,9.008610754158553,15.368734440140493
sim-device-04-session-03-nod-014-window-000,test,nod,same_label,sim-device-04-session-01-nod-016-window-000,nod,0.887657326418656,sim-device-06-session-01-nod-008-window-000,nod,9.008610754158553,10.311559405042075
sim-device-04-session-03-nod-015-window-000,test,nod,any_label,sim-device-05-session-01-nod-019-window-000,nod,1.0279209214009817,sim-device-03-session-01-nod-010-window-000,nod,12.61690724358955,13.703052206836373
sim-device-04-session-03-nod-015-window-000,test,nod,same_label,sim-device-05-session-01-nod-019-window-000,nod,1.0279209214009817,sim-device-03-session-01-nod-010-window-000,nod,12.61690724358955,13.703052206836373
sim-device-04-session-03-nod-016-window-000,test,nod,any_label,sim-device-01-session-01-still-019-window-000,still,0.7365911292130116,sim-device-03-session-01-nod-019-window-000,nod,8.436129983018681,10.853614824704401
sim-device-04-session-03-nod-016-window-000,test,nod,same_label,sim-device-01-session-01-nod-019-window-000,nod,0.7476976957243754,sim-device-03-session-01-nod-019-window-000,nod,8.436129983018681,9.182200642368155
sim-device-04-session-03-nod-017-window-000,test,nod,any_label,sim-device-06-session-01-nod-004-window-000,nod,0.9162975756032898,sim-device-06-session-01-nod-004-window-000,nod,9.61291407859828,9.61291407859828
sim-device-04-session-03-nod-017-window-000,test,nod,same_label,sim-device-06-session-01-nod-004-window-000,nod,0.9162975756032898,sim-device-06-session-01-nod-004-window-000,nod,9.61291407859828,9.61291407859828
sim-device-04-session-03-nod-018-window-000,test,nod,any_label,sim-device-04-session-01-still-015-window-000,still,0.6457923983219361,sim-device-05-session-01-still-004-window-000,still,4.557219874376197,7.034900866565606
sim-device-04-session-03-nod-018-window-000,test,nod,same_label,sim-device-04-session-01-nod-008-window-000,nod,0.7091890064206977,sim-device-01-session-01-nod-005-window-000,nod,6.134090785832465,10.343775949792095
sim-device-04-session-03-nod-019-window-000,test,nod,any_label,sim-device-01-session-01-nod-012-window-000,nod,0.7864235553344259,sim-device-05-session-01-nod-001-window-000,nod,7.207794300475272,10.047731963405617
sim-device-04-session-03-nod-019-window-000,test,nod,same_label,sim-device-01-session-01-nod-012-window-000,nod,0.7864235553344259,sim-device-05-session-01-nod-001-window-000,nod,7.207794300475272,10.047731963405617
sim-device-04-session-03-nod-020-window-000,test,nod,any_label,sim-device-04-session-01-nod-019-window-000,nod,0.8236195406842023,sim-device-04-session-01-nod-010-window-000,nod,6.8220618690022405,10.565420290018766
sim-device-04-session-03-nod-020-window-000,test,nod,same_label,sim-device-04-session-01-nod-019-window-000,nod,0.8236195406842023,sim-device-04-session-01-nod-010-window-000,nod,6.8220618690022405,10.565420290018766
sim-device-04-session-03-shake-001-window-000,test,shake,any_label,sim-device-05-session-01-still-002-window-000,still,0.6907679643014056,sim-device-03-session-01-still-009-window-000,still,7.030056143754831,8.589872183872039
sim-device-04-session-03-shake-001-window-000,test,shake,same_label,sim-device-03-session-01-shake-011-window-000,shake,0.7441008528872756,sim-device-01-session-01-shake-011-window-000,shake,9.123701547912058,10.031085843821154
sim-device-04-session-03-shake-002-window-000,test,shake,any_label,sim-device-05-session-01-shake-003-window-000,shake,0.6915052355453658,sim-device-05-session-01-shake-005-window-000,shake,5.818169540370067,8.039461674489269
sim-device-04-session-03-shake-002-window-000,test,shake,same_label,sim-device-05-session-01-shake-003-window-000,shake,0.6915052355453658,sim-device-05-session-01-shake-005-window-000,shake,5.818169540370067,8.039461674489269
sim-device-04-session-03-shake-003-window-000,test,shake,any_label,sim-device-06-session-01-shake-012-window-000,shake,0.7803813329913408,sim-device-06-session-01-shake-017-window-000,shake,8.636656664237927,11.617866025041412
sim-device-04-session-03-shake-003-window-000,test,shake,same_label,sim-device-06-session-01-shake-012-window-000,shake,0.7803813329913408,sim-device-06-session-01-shake-017-window-000,shake,8.636656664237927,11.617866025041412
sim-device-04-session-03-shake-004-window-000,test,shake,any_label,sim-device-03-session-01-shake-011-window-000,shake,0.7577191973912777,sim-device-03-session-01-shake-011-window-000,shake,9.470193254289978,9.470193254289978
sim-device-04-session-03-shake-004-window-000,test,shake,same_label,sim-device-03-session-01-shake-011-window-000,shake,0.7577191973912777,sim-device-03-session-01-shake-011-window-000,shake,9.470193254289978,9.470193254289978
sim-device-04-session-03-shake-005-window-000,test,shake,any_label,sim-device-05-session-01-nod-016-window-000,nod,0.9479681864243668,sim-device-06-session-01-shake-001-window-000,shake,11.074635515081171,13.177789638431891
sim-device-04-session-03-shake-005-window-000,test,shake,same_label,sim-device-06-session-01-shake-001-window-000,shake,0.9984922008002186,sim-device-06-session-01-shake-001-window-000,shake,11.074635515081171,11.074635515081171
sim-device-04-session-03-shake-006-window-000,test,shake,any_label,sim-device-02-session-01-shake-018-window-000,shake,0.7845328453932325,sim-device-02-session-01-shake-018-window-000,shake,6.26631067295619,6.26631067295619
sim-device-04-session-03-shake-006-window-000,test,shake,same_label,sim-device-02-session-01-shake-018-window-000,shake,0.7845328453932325,sim-device-02-session-01-shake-018-window-000,shake,6.26631067295619,6.26631067295619
sim-device-04-session-03-shake-007-window-000,test,shake,any_label,sim-device-02-session-01-still-001-window-000,still,0.6162759516976284,sim-device-01-session-01-shake-018-window-000,shake,5.561293977434615,9.774546588500852
sim-device-04-session-03-shake-007-window-000,test,shake,same_label,sim-device-03-session-01-shake-012-window-000,shake,0.74522044224819,sim-device-01-session-01-shake-018-window-000,shake,5.561293977434615,12.054108925462561
sim-device-04-session-03-shake-008-window-000,test,shake,any_label,sim-device-01-session-01-shake-018-window-000,shake,0.8932315606671923,sim-device-06-session-01-shake-015-window-000,shake,9.509723094725047,18.90189691705594
sim-device-04-session-03-shake-008-window-000,test,shake,same_label,sim-device-01-session-01-shake-018-window-000,shake,0.8932315606671923,sim-device-06-session-01-shake-015-window-000,shake,9.509723094725047,18.90189691705594
sim-device-04-session-03-shake-009-window-000,test,shake,any_label,sim-device-03-session-01-shake-004-window-000,shake,0.7908123907664295,sim-device-03-session-01-shake-004-window-000,shake,11.152026936436428,11.152026936436428
sim-device-04-session-03-shake-009-window-000,test,shake,same_label,sim-device-03-session-01-shake-004-window-000,shake,0.7908123907664295,sim-device-03-session-01-shake-004-window-000,shake,11.152026936436428,11.152026936436428
sim-device-04-session-03-shake-010-window-000,test,shake,any_label,sim-device-04-session-01-shake-009-window-000,shake,0.6838608088025792,sim-device-05-session-01-shake-004-window-000,shake,7.847617953566771,11.473281238496657
sim-device-04-session-03-shake-010-window-000,test,shake,same_label,sim-device-04-session-01-shake-009-window-000,shake,0.6838608088025792,sim-device-05-session-01-shake-004-window-000,shake,7.847617953566771,11.473281238496657
sim-device-04-session-03-shake-011-window-000,test,shake,any_label,sim-device-05-session-01-shake-017-window-000,shake,0.7394612820213619,sim-device-05-session-01-shake-017-window-000,shake,8.70320411115176,8.70320411115176
sim-device-04-session-03-shake-011-window-000,test,shake,same_label,sim-device-05-session-01-shake-017-window-000,shake,0.7394612820213619,sim-device-05-session-01-shake-017-window-000,shake,8.70320411115176,8.70320411115176
sim-device-04-session-03-shake-012-window-000,test,shake,any_label,sim-device-06-session-01-still-013-window-000,still,0.6816733224491697,sim-device-05-session-01-shake-009-window-000,shake,7.650156969796329,11.017812141627031
sim-device-04-session-03-shake-012-window-000,test,shake,same_label,sim-device-03-session-01-shake-019-window-000,shake,0.6849584794634747,sim-device-05-session-01-shake-009-window-000,shake,7.650156969796329,9.093936973698025
sim-device-04-session-03-shake-013-window-000,test,shake,any_label,sim-device-02-session-01-shake-003-window-000,shake,0.6617346673739151,sim-device-02-session-01-shake-003-window-000,shake,4.127428003898271,4.127428003898271
sim-device-04-session-03-shake-013-window-000,test,shake,same_label,sim-device-02-session-01-shake-003-window-000,shake,0.6617346673739151,sim-device-02-session-01-shake-003-window-000,shake,4.127428003898271,4.127428003898271
sim-device-04-session-03-shake-014-window-000,test,shake,any_label,sim-device-01-session-01-nod-019-window-000,nod,0.7099880292413785,sim-device-04-session-01-shake-020-window-000,shake,6.6445151527232476,13.13347801053782
sim-device-04-session-03-shake-014-window-000,test,shake,same_label,sim-device-05-session-01-shake-005-window-000,shake,0.7824815479337811,sim-device-04-session-01-shake-020-window-000,shake,6.6445151527232476,11.918950552666868
sim-device-04-session-03-shake-015-window-000,test,shake,any_label,sim-device-01-session-01-still-017-window-000,still,0.6005981860701399,sim-device-01-session-01-shake-004-window-000,shake,5.201483675601887,6.877502297640637
sim-device-04-session-03-shake-015-window-000,test,shake,same_label,sim-device-06-session-01-shake-012-window-000,shake,0.6383661413552395,sim-device-01-session-01-shake-004-window-000,shake,5.201483675601887,8.33768367303937
sim-device-04-session-03-shake-016-window-000,test,shake,any_label,sim-device-04-session-01-still-009-window-000,still,0.7162896617283158,sim-device-06-session-01-look_left_return-013-window-000,look_left_return,8.132146879258226,11.240144913536787
sim-device-04-session-03-shake-016-window-000,test,shake,same_label,sim-device-03-session-01-shake-019-window-000,shake,0.7482230388431607,sim-device-04-session-01-shake-013-window-000,shake,8.622712772770255,11.080889668528386
sim-device-04-session-03-shake-017-window-000,test,shake,any_label,sim-device-03-session-01-shake-009-window-000,shake,0.8185618575409012,sim-device-05-session-01-shake-007-window-000,shake,6.6167078926339675,12.692632585982471
sim-device-04-session-03-shake-017-window-000,test,shake,same_label,sim-device-03-session-01-shake-009-window-000,shake,0.8185618575409012,sim-device-05-session-01-shake-007-window-000,shake,6.6167078926339675,12.692632585982471
sim-device-04-session-03-shake-018-window-000,test,shake,any_label,sim-device-02-session-01-shake-019-window-000,shake,0.7823846381287198,sim-device-06-session-01-shake-017-window-000,shake,7.395815347680443,8.628051679885587
sim-device-04-session-03-shake-018-window-000,test,shake,same_label,sim-device-02-session-01-shake-019-window-000,shake,0.7823846381287198,sim-device-06-session-01-shake-017-window-000,shake,7.395815347680443,8.628051679885587
sim-device-04-session-03-shake-019-window-000,test,shake,any_label,sim-device-01-session-01-look_left_return-001-window-000,look_left_return,1.1084290230001943,sim-device-01-session-01-look_left_return-001-window-000,look_left_return,15.07203449516504,15.07203449516504
sim-device-04-session-03-shake-019-window-000,test,shake,same_label,sim-device-05-session-01-shake-017-window-000,shake,1.1327988710093941,sim-device-05-session-01-shake-017-window-000,shake,15.25355394010094,15.25355394010094
sim-device-04-session-03-shake-020-window-000,test,shake,any_label,sim-device-03-session-01-shake-008-window-000,shake,0.636312064359586,sim-device-06-session-01-shake-014-window-000,shake,4.090438637805425,9.039231875591145
sim-device-04-session-03-shake-020-window-000,test,shake,same_label,sim-device-03-session-01-shake-008-window-000,shake,0.636312064359586,sim-device-06-session-01-shake-014-window-000,shake,4.090438637805425,9.039231875591145
sim-device-04-session-03-still-001-window-000,test,still,any_label,sim-device-06-session-01-nod-011-window-000,nod,0.7117490431624642,sim-device-05-session-01-still-008-window-000,still,3.2294580899892824,8.249685241738188
sim-device-04-session-03-still-001-window-000,test,still,same_label,sim-device-03-session-01-still-012-window-000,still,0.7844154966100688,sim-device-05-session-01-still-008-window-000,still,3.2294580899892824,7.609162439681008
sim-device-04-session-03-still-002-window-000,test,still,any_label,sim-device-02-session-01-still-001-window-000,still,0.5315852716689465,sim-device-03-session-01-still-018-window-000,still,3.4943599835789354,5.839173812933484
sim-device-04-session-03-still-002-window-000,test,still,same_label,sim-device-02-session-01-still-001-window-000,still,0.5315852716689465,sim-device-03-session-01-still-018-window-000,still,3.4943599835789354,5.839173812933484
sim-device-04-session-03-still-003-window-000,test,still,any_label,sim-device-06-session-01-shake-018-window-000,shake,0.6676164820950348,sim-device-03-session-01-still-009-window-000,still,6.007703241749624,9.488669480059963
sim-device-04-session-03-still-003-window-000,test,still,same_label,sim-device-06-session-01-still-012-window-000,still,0.7411467020646166,sim-device-03-session-01-still-009-window-000,still,6.007703241749624,12.385434748715262
sim-device-04-session-03-still-004-window-000,test,still,any_label,sim-device-06-session-01-nod-002-window-000,nod,0.594758483452586,sim-device-04-session-01-still-020-window-000,still,3.954339359414199,7.777650337346274
sim-device-04-session-03-still-004-window-000,test,still,same_label,sim-device-05-session-01-still-002-window-000,still,0.6169060430110311,sim-device-04-session-01-still-020-window-000,still,3.954339359414199,5.5809774921928765
sim-device-04-session-03-still-005-window-000,test,still,any_label,sim-device-04-session-01-still-009-window-000,still,0.5455566108483298,sim-device-04-session-01-still-020-window-000,still,3.8368482704387934,4.787086298116573
sim-device-04-session-03-still-005-window-000,test,still,same_label,sim-device-04-session-01-still-009-window-000,still,0.5455566108483298,sim-device-04-session-01-still-020-window-000,still,3.8368482704387934,4.787086298116573
sim-device-04-session-03-still-006-window-000,test,still,any_label,sim-device-03-session-01-still-001-window-000,still,0.687913355939878,sim-device-03-session-01-still-001-window-000,still,3.9631089181915446,3.9631089181915446
sim-device-04-session-03-still-006-window-000,test,still,same_label,sim-device-03-session-01-still-001-window-000,still,0.687913355939878,sim-device-03-session-01-still-001-window-000,still,3.9631089181915446,3.9631089181915446
sim-device-04-session-03-still-007-window-000,test,still,any_label,sim-device-05-session-01-still-006-window-000,still,0.5469500772459346,sim-device-05-session-01-still-002-window-000,still,3.787586400813412,5.905293684711959
sim-device-04-session-03-still-007-window-000,test,still,same_label,sim-device-05-session-01-still-006-window-000,still,0.5469500772459346,sim-device-05-session-01-still-002-window-000,still,3.787586400813412,5.905293684711959
sim-device-04-session-03-still-008-window-000,test,still,any_label,sim-device-02-session-01-still-001-window-000,still,0.5976944990499639,sim-device-03-session-01-still-014-window-000,still,4.542199119283927,5.913764062823253
sim-device-04-session-03-still-008-window-000,test,still,same_label,sim-device-02-session-01-still-001-window-000,still,0.5976944990499639,sim-device-03-session-01-still-014-window-000,still,4.542199119283927,5.913764062823253
sim-device-04-session-03-still-009-window-000,test,still,any_label,sim-device-06-session-01-shake-014-window-000,shake,0.582819339559758,sim-device-01-session-01-still-015-window-000,still,4.348217086065526,7.5149650490195805
sim-device-04-session-03-still-009-window-000,test,still,same_label,sim-device-01-session-01-still-018-window-000,still,0.668825016456931,sim-device-01-session-01-still-015-window-000,still,4.348217086065526,5.476457842734496
sim-device-04-session-03-still-010-window-000,test,still,any_label,sim-device-06-session-01-still-012-window-000,still,0.6089774599336152,sim-device-04-session-01-still-004-window-000,still,4.247296406502123,9.399955180768115
sim-device-04-session-03-still-010-window-000,test,still,same_label,sim-device-06-session-01-still-012-window-000,still,0.6089774599336152,sim-device-04-session-01-still-004-window-000,still,4.247296406502123,9.399955180768115
sim-device-04-session-03-still-011-window-000,test,still,any_label,sim-device-04-session-01-nod-014-window-000,nod,0.6584412363121189,sim-device-04-session-01-still-001-window-000,still,4.675879165423142,6.331824139202899
sim-device-04-session-03-still-011-window-000,test,still,same_label,sim-device-04-session-01-still-001-window-000,still,0.685804880165323,sim-device-04-session-01-still-001-window-000,still,4.675879165423142,4.675879165423142
sim-device-04-session-03-still-012-window-000,test,still,any_label,sim-device-06-session-01-still-013-window-000,still,0.6011350506553039,sim-device-06-session-01-still-005-window-000,still,3.868495150579287,5.975233989671851
sim-device-04-session-03-still-012-window-000,test,still,same_label,sim-device-06-session-01-still-013-window-000,still,0.6011350506553039,sim-device-06-session-01-still-005-window-000,still,3.868495150579287,5.975233989671851
sim-device-04-session-03-still-013-window-000,test,still,any_label,sim-device-05-session-01-shake-005-window-000,shake,0.5234827451567327,sim-device-04-session-01-still-006-window-000,still,3.320634974856306,5.602665149569083
sim-device-04-session-03-still-013-window-000,test,still,same_label,sim-device-01-session-01-still-019-window-000,still,0.5375220470922829,sim-device-04-session-01-still-006-window-000,still,3.320634974856306,4.546510103150975
sim-device-04-session-03-still-014-window-000,test,still,any_label,sim-device-06-session-01-shake-012-window-000,shake,0.5859909051373419,sim-device-03-session-01-still-002-window-000,still,4.441063062154634,6.300005552971858
sim-device-04-session-03-still-014-window-000,test,still,same_label,sim-device-03-session-01-still-010-window-000,still,0.662213965777772,sim-device-03-session-01-still-002-window-000,still,4.441063062154634,4.632585482832183
sim-device-04-session-03-still-015-window-000,test,still,any_label,sim-device-03-session-01-still-010-window-000,still,0.6673888407538792,sim-device-04-session-01-still-013-window-000,still,3.2707001855908304,7.240250830900135
sim-device-04-session-03-still-015-window-000,test,still,same_label,sim-device-03-session-01-still-010-window-000,still,0.6673888407538792,sim-device-04-session-01-still-013-window-000,still,3.2707001855908304,7.240250830900135
sim-device-04-session-03-still-016-window-000,test,still,any_label,sim-device-05-session-01-still-002-window-000,still,0.5718002170106125,sim-device-06-session-01-still-011-window-000,still,3.887893205191397,5.629102157336189
sim-device-04-session-03-still-016-window-000,test,still,same_label,sim-device-05-session-01-still-002-window-000,still,0.5718002170106125,sim-device-06-session-01-still-011-window-000,still,3.887893205191397,5.629102157336189
sim-device-04-session-03-still-017-window-000,test,still,any_label,sim-device-03-session-01-still-011-window-000,still,0.6963444804011283,sim-device-02-session-01-still-015-window-000,still,4.354613985581848,6.284259904345952
sim-device-04-session-03-still-017-window-000,test,still,same_label,sim-device-03-session-01-still-011-window-000,still,0.6963444804011283,sim-device-02-session-01-still-015-window-000,still,4.354613985581848,6.284259904345952
sim-device-04-session-03-still-018-window-000,test,still,any_label,sim-device-03-session-01-still-012-window-000,still,0.6536297952708716,sim-device-03-session-01-still-013-window-000,still,5.350246308147509,7.43787434533675
sim-device-04-session-03-still-018-window-000,test,still,same_label,sim-device-03-session-01-still-012-window-000,still,0.6536297952708716,sim-device-03-session-01-still-013-window-000,still,5.350246308147509,7.43787434533675
sim-device-04-session-03-still-019-window-000,test,still,any_label,sim-device-05-session-01-look_left_return-008-window-000,look_left_return,0.62007323131725,sim-device-06-session-01-still-019-window-000,still,3.8125684778031546,6.826755497102258
sim-device-04-session-03-still-019-window-000,test,still,same_label,sim-device-06-session-01-still-001-window-000,still,0.6553819657989048,sim-device-06-session-01-still-019-window-000,still,3.8125684778031546,7.6642511943528016
sim-device-04-session-03-still-020-window-000,test,still,any_label,sim-device-04-session-01-still-001-window-000,still,0.6291775583695404,sim-device-04-session-01-still-001-window-000,still,4.119868535234129,4.119868535234129
sim-device-04-session-03-still-020-window-000,test,still,same_label,sim-device-04-session-01-still-001-window-000,still,0.6291775583695404,sim-device-04-session-01-still-001-window-000,still,4.119868535234129,4.119868535234129
sim-device-05-session-03-look_left_return-001-window-000,test,look_left_return,any_label,sim-device-03-session-01-look_left_return-020-window-000,look_left_return,0.8206657923061836,sim-device-03-session-01-look_left_return-020-window-000,look_left_return,7.733625472883196,7.733625472883196
sim-device-05-session-03-look_left_return-001-window-000,test,look_left_return,same_label,sim-device-03-session-01-look_left_return-020-window-000,look_left_return,0.8206657923061836,sim-device-03-session-01-look_left_return-020-window-000,look_left_return,7.733625472883196,7.733625472883196
sim-device-05-session-03-look_left_return-002-window-000,test,look_left_return,any_label,sim-device-02-session-01-look_left_return-004-window-000,look_left_return,0.9949881921234421,sim-device-06-session-01-look_left_return-012-window-000,look_left_return,11.073595406096967,13.499039544591442
sim-device-05-session-03-look_left_return-002-window-000,test,look_left_return,same_label,sim-device-02-session-01-look_left_return-004-window-000,look_left_return,0.9949881921234421,sim-device-06-session-01-look_left_return-012-window-000,look_left_return,11.073595406096967,13.499039544591442
sim-device-05-session-03-look_left_return-003-window-000,test,look_left_return,any_label,sim-device-06-session-01-look_left_return-009-window-000,look_left_return,1.036796585980554,sim-device-06-session-01-look_left_return-009-window-000,look_left_return,6.5271540727890835,6.5271540727890835
sim-device-05-session-03-look_left_return-003-window-000,test,look_left_return,same_label,sim-device-06-session-01-look_left_return-009-window-000,look_left_return,1.036796585980554,sim-device-06-session-01-look_left_return-009-window-000,look_left_return,6.5271540727890835,6.5271540727890835
sim-device-05-session-03-look_left_return-004-window-000,test,look_left_return,any_label,sim-device-02-session-01-look_left_return-003-window-000,look_left_return,0.9109047980180803,sim-device-06-session-01-look_left_return-006-window-000,look_left_return,7.420099405535761,10.999372029527432
sim-device-05-session-03-look_left_return-004-window-000,test,look_left_return,same_label,sim-device-02-session-01-look_left_return-003-window-000,look_left_return,0.9109047980180803,sim-device-06-session-01-look_left_return-006-window-000,look_left_return,7.420099405535761,10.999372029527432
sim-device-05-session-03-look_left_return-005-window-000,test,look_left_return,any_label,sim-device-05-session-01-still-010-window-000,still,0.6161433087988978,sim-device-03-session-01-still-013-window-000,still,6.627759274105294,7.273819303771083
sim-device-05-session-03-look_left_return-005-window-000,test,look_left_return,same_label,sim-device-06-session-01-look_left_return-019-window-000,look_left_return,0.7937075519592505,sim-device-01-session-01-look_left_return-016-window-000,look_left_return,8.362335558817469,11.914926610272895
sim-device-05-session-03-look_left_return-006-window-000,test,look_left_return,any_label,sim-device-03-session-01-shake-003-window-000,shake,0.680350690491087,sim-device-03-session-01-look_left_return-002-window-000,look_left_return,5.378086904858054,6.7016597297037555
sim-device-05-session-03-look_left_return-006-window-000,test,look_left_return,same_label,sim-device-04-session-01-look_left_return-015-window-000,look_left_return,0.6893736128182044,sim-device-03-session-01-look_left_return-002-window-000,look_left_return,5.378086904858054,5.907356284940346
sim-device-05-session-03-look_left_return-007-window-000,test,look_left_return,any_label,sim-device-01-session-01-look_left_return-017-window-000,look_left_return,0.9546915176947801,sim-device-05-session-01-look_left_return-015-window-000,look_left_return,9.773024520556993,10.600438094083673
sim-device-05-session-03-look_left_return-007-window-000,test,look_left_return,same_label,sim-device-01-session-01-look_left_return-017-window-000,look_left_return,0.9546915176947801,sim-device-05-session-01-look_left_return-015-window-000,look_left_return,9.773024520556993,10.600438094083673
sim-device-05-session-03-look_left_return-008-window-000,test,look_left_return,any_label,sim-device-02-session-01-look_left_return-016-window-000,look_left_return,0.7133913522097485,sim-device-06-session-01-look_left_return-016-window-000,look_left_return,7.0708028280329875,8.665584590573756
sim-device-05-session-03-look_left_return-008-window-000,test,look_left_return,same_label,sim-device-02-session-01-look_left_return-016-window-000,look_left_return,0.7133913522097485,sim-device-06-session-01-look_left_return-016-window-000,look_left_return,7.0708028280329875,8.665584590573756
sim-device-05-session-03-look_left_return-009-window-000,test,look_left_return,any_label,sim-device-06-session-01-still-003-window-000,still,0.8619772854485372,sim-device-03-session-01-look_left_return-004-window-000,look_left_return,6.335739477611649,12.49187329977757
sim-device-05-session-03-look_left_return-009-window-000,test,look_left_return,same_label,sim-device-06-session-01-look_left_return-013-window-000,look_left_return,0.8848844671946356,sim-device-03-session-01-look_left_return-004-window-000,look_left_return,6.335739477611649,9.994680365375594
sim-device-05-session-03-look_left_return-010-window-000,test,look_left_return,any_label,sim-device-04-session-01-look_left_return-019-window-000,look_left_return,0.9749432881879381,sim-device-04-session-01-look_left_return-019-window-000,look_left_return,11.41601126457397,11.41601126457397
sim-device-05-session-03-look_left_return-010-window-000,test,look_left_return,same_label,sim-device-04-session-01-look_left_return-019-window-000,look_left_return,0.9749432881879381,sim-device-04-session-01-look_left_return-019-window-000,look_left_return,11.41601126457397,11.41601126457397
sim-device-05-session-03-look_left_return-011-window-000,test,look_left_return,any_label,sim-device-06-session-01-look_left_return-011-window-000,look_left_return,0.830616836187588,sim-device-06-session-01-look_left_return-011-window-000,look_left_return,9.661378777185513,9.661378777185513
sim-device-05-session-03-look_left_return-011-window-000,test,look_left_return,same_label,sim-device-06-session-01-look_left_return-011-window-000,look_left_return,0.830616836187588,sim-device-06-session-01-look_left_return-011-window-000,look_left_return,9.661378777185513,9.661378777185513
sim-device-05-session-03-look_left_return-012-window-000,test,look_left_return,any_label,sim-device-03-session-01-look_left_return-015-window-000,look_left_return,0.7547990311861598,sim-device-03-session-01-look_left_return-015-window-000,look_left_return,4.641670059057216,4.641670059057216
sim-device-05-session-03-look_left_return-012-window-000,test,look_left_return,same_label,sim-device-03-session-01-look_left_return-015-window-000,look_left_return,0.7547990311861598,sim-device-03-session-01-look_left_return-015-window-000,look_left_return,4.641670059057216,4.641670059057216
sim-device-05-session-03-look_left_return-013-window-000,test,look_left_return,any_label,sim-device-02-session-01-look_left_return-018-window-000,look_left_return,1.1065814489530057,sim-device-02-session-01-look_left_return-018-window-000,look_left_return,11.0208594947687,11.0208594947687
sim-device-05-session-03-look_left_return-013-window-000,test,look_left_return,same_label,sim-device-02-session-01-look_left_return-018-window-000,look_left_return,1.1065814489530057,sim-device-02-session-01-look_left_return-018-window-000,look_left_return,11.0208594947687,11.0208594947687
sim-device-05-session-03-look_left_return-014-window-000,test,look_left_return,any_label,sim-device-02-session-01-look_left_return-020-window-000,look_left_return,0.608010914721329,sim-device-02-session-01-look_left_return-020-window-000,look_left_return,5.041384091435976,5.041384091435976
sim-device-05-session-03-look_left_return-014-window-000,test,look_left_return,same_label,sim-device-02-session-01-look_left_return-020-window-000,look_left_return,0.608010914721329,sim-device-02-session-01-look_left_return-020-window-000,look_left_return,5.041384091435976,5.041384091435976
sim-device-05-session-03-look_left_return-015-window-000,test,look_left_return,any_label,sim-device-04-session-01-still-020-window-000,still,0.8387815118488982,sim-device-04-session-01-look_left_return-002-window-000,look_left_return,7.325858583288447,15.613803293933442
sim-device-05-session-03-look_left_return-015-window-000,test,look_left_return,same_label,sim-device-06-session-01-look_left_return-007-window-000,look_left_return,0.89967685121936,sim-device-04-session-01-look_left_return-002-window-000,look_left_return,7.325858583288447,7.745639807748963
sim-device-05-session-03-look_left_return-016-window-000,test,look_left_return,any_label,sim-device-04-session-01-look_left_return-001-window-000,look_left_return,1.0373652474169914,sim-device-04-session-01-look_left_return-001-window-000,look_left_return,9.489419708798913,9.489419708798913
sim-device-05-session-03-look_left_return-016-window-000,test,look_left_return,same_label,sim-device-04-session-01-look_left_return-001-window-000,look_left_return,1.0373652474169914,sim-device-04-session-01-look_left_return-001-window-000,look_left_return,9.489419708798913,9.489419708798913
sim-device-05-session-03-look_left_return-017-window-000,test,look_left_return,any_label,sim-device-05-session-01-look_left_return-019-window-000,look_left_return,0.8796929761442345,sim-device-02-session-01-look_left_return-018-window-000,look_left_return,6.470137636677261,7.649206043427476
sim-device-05-session-03-look_left_return-017-window-000,test,look_left_return,same_label,sim-device-05-session-01-look_left_return-019-window-000,look_left_return,0.8796929761442345,sim-device-02-session-01-look_left_return-018-window-000,look_left_return,6.470137636677261,7.649206043427476
sim-device-05-session-03-look_left_return-018-window-000,test,look_left_return,any_label,sim-device-06-session-01-look_left_return-016-window-000,look_left_return,0.9850237723991788,sim-device-05-session-01-look_left_return-015-window-000,look_left_return,10.458537230910103,11.133776438361295
sim-device-05-session-03-look_left_return-018-window-000,test,look_left_return,same_label,sim-device-06-session-01-look_left_return-016-window-000,look_left_return,0.9850237723991788,sim-device-05-session-01-look_left_return-015-window-000,look_left_return,10.458537230910103,11.133776438361295
sim-device-05-session-03-look_left_return-019-window-000,test,look_left_return,any_label,sim-device-04-session-01-look_left_return-014-window-000,look_left_return,1.2524503377381375,sim-device-05-session-01-look_left_return-011-window-000,look_left_return,11.47999486214282,13.23320616750594
sim-device-05-session-03-look_left_return-019-window-000,test,look_left_return,same_label,sim-device-04-session-01-look_left_return-014-window-000,look_left_return,1.2524503377381375,sim-device-05-session-01-look_left_return-011-window-000,look_left_return,11.47999486214282,13.23320616750594
sim-device-05-session-03-look_left_return-020-window-000,test,look_left_return,any_label,sim-device-06-session-01-look_left_return-009-window-000,look_left_return,1.681164668006348,sim-device-06-session-01-look_left_return-009-window-000,look_left_return,18.239681354173836,18.239681354173836
sim-device-05-session-03-look_left_return-020-window-000,test,look_left_return,same_label,sim-device-06-session-01-look_left_return-009-window-000,look_left_return,1.681164668006348,sim-device-06-session-01-look_left_return-009-window-000,look_left_return,18.239681354173836,18.239681354173836
sim-device-05-session-03-look_right_return-001-window-000,test,look_right_return,any_label,sim-device-05-session-01-look_right_return-012-window-000,look_right_return,0.8977577704883052,sim-device-06-session-01-look_right_return-009-window-000,look_right_return,10.875802561378759,10.944692694366703
sim-device-05-session-03-look_right_return-001-window-000,test,look_right_return,same_label,sim-device-05-session-01-look_right_return-012-window-000,look_right_return,0.8977577704883052,sim-device-06-session-01-look_right_return-009-window-000,look_right_return,10.875802561378759,10.944692694366703
sim-device-05-session-03-look_right_return-002-window-000,test,look_right_return,any_label,sim-device-04-session-01-look_right_return-009-window-000,look_right_return,1.0534319540752153,sim-device-02-session-01-look_right_return-009-window-000,look_right_return,10.044898833822966,11.525565490709836
sim-device-05-session-03-look_right_return-002-window-000,test,look_right_return,same_label,sim-device-04-session-01-look_right_return-009-window-000,look_right_return,1.0534319540752153,sim-device-02-session-01-look_right_return-009-window-000,look_right_return,10.044898833822966,11.525565490709836
sim-device-05-session-03-look_right_return-003-window-000,test,look_right_return,any_label,sim-device-02-session-01-nod-015-window-000,nod,0.8057469350865023,sim-device-01-session-01-look_right_return-018-window-000,look_right_return,6.1502912215547045,13.626292461202599
sim-device-05-session-03-look_right_return-003-window-000,test,look_right_return,same_label,sim-device-03-session-01-look_right_return-010-window-000,look_right_return,0.9247179376507668,sim-device-01-session-01-look_right_return-018-window-000,look_right_return,6.1502912215547045,9.112838332727737
sim-device-05-session-03-look_right_return-004-window-000,test,look_right_return,any_label,sim-device-03-session-01-look_right_return-007-window-000,look_right_return,0.8164359206318925,sim-device-02-session-01-look_right_return-012-window-000,look_right_return,7.395098714949959,9.58696407616016
sim-device-05-session-03-look_right_return-004-window-000,test,look_right_return,same_label,sim-device-03-session-01-look_right_return-007-window-000,look_right_return,0.8164359206318925,sim-device-02-session-01-look_right_return-012-window-000,look_right_return,7.395098714949959,9.58696407616016
sim-device-05-session-03-look_right_return-005-window-000,test,look_right_return,any_label,sim-device-03-session-01-look_right_return-011-window-000,look_right_return,0.8318281568420113,sim-device-06-session-01-look_right_return-017-window-000,look_right_return,10.172001626657963,12.2055870956125
sim-device-05-session-03-look_right_return-005-window-000,test,look_right_return,same_label,sim-device-03-session-01-look_right_return-011-window-000,look_right_return,0.8318281568420113,sim-device-06-session-01-look_right_return-017-window-000,look_right_return,10.172001626657963,12.2055870956125
sim-device-05-session-03-look_right_return-006-window-000,test,look_right_return,any_label,sim-device-03-session-01-look_right_return-008-window-000,look_right_return,0.6613955507340644,sim-device-04-session-01-look_right_return-007-window-000,look_right_return,7.843039315557475,10.282435916761955
sim-device-05-session-03-look_right_return-006-window-000,test,look_right_return,same_label,sim-device-03-session-01-look_right_return-008-window-000,look_right_return,0.6613955507340644,sim-device-04-session-01-look_right_return-007-window-000,look_right_return,7.843039315557475,10.282435916761955
sim-device-05-session-03-look_right_return-007-window-000,test,look_right_return,any_label,sim-device-04-session-01-still-018-window-000,still,0.5904534939300793,sim-device-03-session-01-look_right_return-013-window-000,look_right_return,6.180814391001014,8.86382121640565
sim-device-05-session-03-look_right_return-007-window-000,test,look_right_return,same_label,sim-device-05-session-01-look_right_return-017-window-000,look_right_return,0.6715322180497892,sim-device-03-session-01-look_right_return-013-window-000,look_right_return,6.180814391001014,7.518197368487632
sim-device-05-session-03-look_right_return-008-window-000,test,look_right_return,any_label,sim-device-04-session-01-look_right_return-011-window-000,look_right_return,0.7143369753817608,sim-device-02-session-01-look_right_return-006-window-000,look_right_return,8.732359163934378,8.762759607781037
sim-device-05-session-03-look_right_return-008-window-000,test,look_right_return,same_label,sim-device-04-session-01-look_right_return-011-window-000,look_right_return,0.7143369753817608,sim-device-02-session-01-look_right_return-006-window-000,look_right_return,8.732359163934378,8.762759607781037
sim-device-05-session-03-look_right_return-009-window-000,test,look_right_return,any_label,sim-device-01-session-01-look_right_return-012-window-000,look_right_return,0.8301681767581718,sim-device-01-session-01-look_right_return-009-window-000,look_right_return,8.649487795544411,11.954344281353487
sim-device-05-session-03-look_right_return-009-window-000,test,look_right_return,same_label,sim-device-01-session-01-look_right_return-012-window-000,look_right_return,0.8301681767581718,sim-device-01-session-01-look_right_return-009-window-000,look_right_return,8.649487795544411,11.954344281353487
sim-device-05-session-03-look_right_return-010-window-000,test,look_right_return,any_label,sim-device-05-session-01-look_right_return-008-window-000,look_right_return,0.6584045648507426,sim-device-06-session-01-look_right_return-018-window-000,look_right_return,6.193297024122522,8.42163697299688
sim-device-05-session-03-look_right_return-010-window-000,test,look_right_return,same_label,sim-device-05-session-01-look_right_return-008-window-000,look_right_return,0.6584045648507426,sim-device-06-session-01-look_right_return-018-window-000,look_right_return,6.193297024122522,8.42163697299688
sim-device-05-session-03-look_right_return-011-window-000,test,look_right_return,any_label,sim-device-06-session-01-look_right_return-014-window-000,look_right_return,0.6736450408774113,sim-device-01-session-01-look_right_return-018-window-000,look_right_return,4.755818728811073,8.610816132871781
sim-device-05-session-03-look_right_return-011-window-000,test,look_right_return,same_label,sim-device-06-session-01-look_right_return-014-window-000,look_right_return,0.6736450408774113,sim-device-01-session-01-look_right_return-018-window-000,look_right_return,4.755818728811073,8.610816132871781
sim-device-05-session-03-look_right_return-012-window-000,test,look_right_return,any_label,sim-device-02-session-01-still-017-window-000,still,0.7689436536912936,sim-device-05-session-01-look_right_return-015-window-000,look_right_return,6.751524257395426,12.32043678258451
sim-device-05-session-03-look_right_return-012-window-000,test,look_right_return,same_label,sim-device-05-session-01-look_right_return-012-window-000,look_right_return,0.8196428302435488,sim-device-05-session-01-look_right_return-015-window-000,look_right_return,6.751524257395426,6.870925576582194
sim-device-05-session-03-look_right_return-013-window-000,test,look_right_return,any_label,sim-device-02-session-01-look_right_return-013-window-000,look_right_return,0.6529030862724052,sim-device-02-session-01-look_right_return-013-window-000,look_right_return,5.7189197726101115,5.7189197726101115
sim-device-05-session-03-look_right_return-013-window-000,test,look_right_return,same_label,sim-device-02-session-01-look_right_return-013-window-000,look_right_return,0.6529030862724052,sim-device-02-session-01-look_right_return-013-window-000,look_right_return,5.7189197726101115,5.7189197726101115
sim-device-05-session-03-look_right_return-014-window-000,test,look_right_return,any_label,sim-device-05-session-01-still-014-window-000,still,0.6549366572802438,sim-device-02-session-01-look_right_return-008-window-000,look_right_return,5.0799870077774285,7.440198965556003
sim-device-05-session-03-look_right_return-014-window-000,test,look_right_return,same_label,sim-device-04-session-01-look_right_return-002-window-000,look_right_return,0.7988428534159102,sim-device-02-session-01-look_right_return-008-window-000,look_right_return,5.0799870077774285,7.952821387960586
sim-device-05-session-03-look_right_return-015-window-000,test,look_right_return,any_label,sim-device-05-session-01-look_right_return-010-window-000,look_right_return,1.100201752993651,sim-device-05-session-01-look_right_return-010-window-000,look_right_return,12.534164608046465,12.534164608046465
sim-device-05-session-03-look_right_return-015-window-000,test,look_right_return,same_label,sim-device-05-session-01-look_right_return-010-window-000,look_right_return,1.100201752993651,sim-device-05-session-01-look_right_return-010-window-000,look_right_return,12.534164608046465,12.534164608046465
sim-device-05-session-03-look_right_return-016-window-000,test,look_right_return,any_label,sim-device-04-session-01-look_right_return-019-window-000,look_right_return,1.3004820917520359,sim-device-05-session-01-look_right_return-002-window-000,look_right_return,13.331812089873582,17.341142939453274
sim-device-05-session-03-look_right_return-016-window-000,test,look_right_return,same_label,sim-device-04-session-01-look_right_return-019-window-000,look_right_return,1.3004820917520359,sim-device-05-session-01-look_right_return-002-window-000,look_right_return,13.331812089873582,17.341142939453274
sim-device-05-session-03-look_right_return-017-window-000,test,look_right_return,any_label,sim-device-04-session-01-still-015-window-000,still,0.5914368524379221,sim-device-01-session-01-shake-014-window-000,shake,6.059477708157078,7.799812137728458
sim-device-05-session-03-look_right_return-017-window-000,test,look_right_return,same_label,sim-device-05-session-01-look_right_return-005-window-000,look_right_return,0.6297622731020092,sim-device-02-session-01-look_right_return-008-window-000,look_right_return,6.604289121242749,6.844891757308435
sim-device-05-session-03-look_right_return-018-window-000,test,look_right_return,any_label,sim-device-04-session-01-look_right_return-009-window-000,look_right_return,1.2878173247946758,sim-device-04-session-01-look_right_return-009-window-000,look_right_return,12.613793080609836,12.613793080609836
sim-device-05-session-03-look_right_return-018-window-000,test,look_right_return,same_label,sim-device-04-session-01-look_right_return-009-window-000,look_right_return,1.2878173247946758,sim-device-04-session-01-look_right_return-009-window-000,look_right_return,12.613793080609836,12.613793080609836
sim-device-05-session-03-look_right_return-019-window-000,test,look_right_return,any_label,sim-device-06-session-01-look_right_return-018-window-000,look_right_return,0.6889389213947944,sim-device-01-session-01-look_right_return-013-window-000,look_right_return,8.541649197516202,9.81106043543745
sim-device-05-session-03-look_right_return-019-window-000,test,look_right_return,same_label,sim-device-06-session-01-look_right_return-018-window-000,look_right_return,0.6889389213947944,sim-device-01-session-01-look_right_return-013-window-000,look_right_return,8.541649197516202,9.81106043543745
sim-device-05-session-03-look_right_return-020-window-000,test,look_right_return,any_label,sim-device-06-session-01-look_right_return-010-window-000,look_right_return,0.7449023805657055,sim-device-04-session-01-look_right_return-017-window-000,look_right_return,9.902017898949046,10.06561614577053
sim-device-05-session-03-look_right_return-020-window-000,test,look_right_return,same_label,sim-device-06-session-01-look_right_return-010-window-000,look_right_return,0.7449023805657055,sim-device-04-session-01-look_right_return-017-window-000,look_right_return,9.902017898949046,10.06561614577053
sim-device-05-session-03-nod-001-window-000,test,nod,any_label,sim-device-05-session-01-nod-016-window-000,nod,0.7790760647297225,sim-device-01-session-01-nod-008-window-000,nod,5.7879106351527465,9.892417226887686
sim-device-05-session-03-nod-001-window-000,test,nod,same_label,sim-device-05-session-01-nod-016-window-000,nod,0.7790760647297225,sim-device-01-session-01-nod-008-window-000,nod,5.7879106351527465,9.892417226887686
sim-device-05-session-03-nod-002-window-000,test,nod,any_label,sim-device-06-session-01-nod-012-window-000,nod,1.2055729431181283,sim-device-01-session-01-nod-007-window-000,nod,12.809464591325659,15.84161517475926
sim-device-05-session-03-nod-002-window-000,test,nod,same_label,sim-device-06-session-01-nod-012-window-000,nod,1.2055729431181283,sim-device-01-session-01-nod-007-window-000,nod,12.809464591325659,15.84161517475926
sim-device-05-session-03-nod-003-window-000,test,nod,any_label,sim-device-06-session-01-nod-012-window-000,nod,0.7018326276504618,sim-device-06-session-01-nod-012-window-000,nod,7.943500135082917,7.943500135082917
sim-device-05-session-03-nod-003-window-000,test,nod,same_label,sim-device-06-session-01-nod-012-window-000,nod,0.7018326276504618,sim-device-06-session-01-nod-012-window-000,nod,7.943500135082917,7.943500135082917
sim-device-05-session-03-nod-004-window-000,test,nod,any_label,sim-device-06-session-01-nod-002-window-000,nod,0.7098939909919166,sim-device-06-session-01-nod-008-window-000,nod,5.913500991051431,6.839343020492883
sim-device-05-session-03-nod-004-window-000,test,nod,same_label,sim-device-06-session-01-nod-002-window-000,nod,0.7098939909919166,sim-device-06-session-01-nod-008-window-000,nod,5.913500991051431,6.839343020492883
sim-device-05-session-03-nod-005-window-000,test,nod,any_label,sim-device-05-session-01-nod-017-window-000,nod,1.128517698747859,sim-device-05-session-01-nod-017-window-000,nod,13.36465917772359,13.36465917772359
sim-device-05-session-03-nod-005-window-000,test,nod,same_label,sim-device-05-session-01-nod-017-window-000,nod,1.128517698747859,sim-device-05-session-01-nod-017-window-000,nod,13.36465917772359,13.36465917772359
sim-device-05-session-03-nod-006-window-000,test,nod,any_label,sim-device-03-session-01-nod-004-window-000,nod,1.1409972353198854,sim-device-01-session-01-nod-007-window-000,nod,13.65198288910193,14.823451889166448
sim-device-05-session-03-nod-006-window-000,test,nod,same_label,sim-device-03-session-01-nod-004-window-000,nod,1.1409972353198854,sim-device-01-session-01-nod-007-window-000,nod,13.65198288910193,14.823451889166448
sim-device-05-session-03-nod-007-window-000,test,nod,any_label,sim-device-03-session-01-nod-017-window-000,nod,0.836920791558592,sim-device-03-session-01-nod-017-window-000,nod,8.817467643372183,8.817467643372183
sim-device-05-session-03-nod-007-window-000,test,nod,same_label,sim-device-03-session-01-nod-017-window-000,nod,0.836920791558592,sim-device-03-session-01-nod-017-window-000,nod,8.817467643372183,8.817467643372183
sim-device-05-session-03-nod-008-window-000,test,nod,any_label,sim-device-03-session-01-still-005-window-000,still,0.5770212436819697,sim-device-03-session-01-still-004-window-000,still,4.895648532164667,6.327531454884225
sim-device-05-session-03-nod-008-window-000,test,nod,same_label,sim-device-06-session-01-nod-009-window-000,nod,0.6485578452059766,sim-device-05-session-01-nod-014-window-000,nod,6.190573581842204,6.542681009222414
sim-device-05-session-03-nod-009-window-000,test,nod,any_label,sim-device-06-session-01-shake-014-window-000,shake,0.6732958095831534,sim-device-01-session-01-look_left_return-020-window-000,look_left_return,6.272158896642098,6.74426983947496
sim-device-05-session-03-nod-009-window-000,test,nod,same_label,sim-device-06-session-01-nod-002-window-000,nod,0.6746616324370125,sim-device-06-session-01-nod-002-window-000,nod,6.444645013548863,6.444645013548863
sim-device-05-session-03-nod-010-window-000,test,nod,any_label,sim-device-01-session-01-look_left_return-016-window-000,look_left_return,0.715516217106955,sim-device-02-session-01-nod-012-window-000,nod,6.830950603730986,10.484065298750297
sim-device-05-session-03-nod-010-window-000,test,nod,same_label,sim-device-04-session-01-nod-002-window-000,nod,0.8197780327814199,sim-device-02-session-01-nod-012-window-000,nod,6.830950603730986,7.331693239999139
sim-device-05-session-03-nod-011-window-000,test,nod,any_label,sim-device-04-session-01-nod-019-window-000,nod,0.6346634133025619,sim-device-04-session-01-nod-019-window-000,nod,5.366950574504792,5.366950574504792
sim-device-05-session-03-nod-011-window-000,test,nod,same_label,sim-device-04-session-01-nod-019-window-000,nod,0.6346634133025619,sim-device-04-session-01-nod-019-window-000,nod,5.366950574504792,5.366950574504792
sim-device-05-session-03-nod-012-window-000,test,nod,any_label,sim-device-03-session-01-nod-008-window-000,nod,0.8603324836038505,sim-device-04-session-01-nod-001-window-000,nod,9.182111440236156,9.67625077596929
sim-device-05-session-03-nod-012-window-000,test,nod,same_label,sim-device-03-session-01-nod-008-window-000,nod,0.8603324836038505,sim-device-04-session-01-nod-001-window-000,nod,9.182111440236156,9.67625077596929
sim-device-05-session-03-nod-013-window-000,test,nod,any_label,sim-device-02-session-01-nod-007-window-000,nod,0.8662953763735309,sim-device-02-session-01-nod-007-window-000,nod,10.664060741912142,10.664060741912142
sim-device-05-session-03-nod-013-window-000,test,nod,same_label,sim-device-02-session-01-nod-007-window-000,nod,0.8662953763735309,sim-device-02-session-01-nod-007-window-000,nod,10.664060741912142,10.664060741912142
sim-device-05-session-03-nod-014-window-000,test,nod,any_label,sim-device-05-session-01-shake-003-window-000,shake,0.7294883629649095,sim-device-06-session-01-nod-011-window-000,nod,3.863512217316828,8.52489542951223
sim-device-05-session-03-nod-014-window-000,test,nod,same_label,sim-device-06-session-01-nod-002-window-000,nod,0.7410559736680072,sim-device-06-session-01-nod-011-window-000,nod,3.863512217316828,8.669526574222424
sim-device-05-session-03-nod-015-window-000,test,nod,any_label,sim-device-05-session-01-nod-002-window-000,nod,0.6569575811623334,sim-device-05-session-01-nod-002-window-000,nod,6.026822148632983,6.026822148632983
sim-device-05-session-03-nod-015-window-000,test,nod,same_label,sim-device-05-session-01-nod-002-window-000,nod,0.6569575811623334,sim-device-05-session-01-nod-002-window-000,nod,6.026822148632983,6.026822148632983
sim-device-05-session-03-nod-016-window-000,test,nod,any_label,sim-device-06-session-01-nod-015-window-000,nod,0.7275050229284288,sim-device-06-session-01-nod-015-window-000,nod,8.020929511376933,8.020929511376933
sim-device-05-session-03-nod-016-window-000,test,nod,same_label,sim-device-06-session-01-nod-015-window-000,nod,0.7275050229284288,sim-device-06-session-01-nod-015-window-000,nod,8.020929511376933,8.020929511376933
sim-device-05-session-03-nod-017-window-000,test,nod,any_label,sim-device-01-session-01-nod-002-window-000,nod,0.8208388080643911,sim-device-06-session-01-nod-012-window-000,nod,9.224567998493104,10.636904402729657
sim-device-05-session-03-nod-017-window-000,test,nod,same_label,sim-device-01-session-01-nod-002-window-000,nod,0.8208388080643911,sim-device-06-session-01-nod-012-window-000,nod,9.224567998493104,10.636904402729657
sim-device-05-session-03-nod-018-window-000,test,nod,any_label,sim-device-04-session-01-nod-019-window-000,nod,0.750897631015512,sim-device-06-session-01-nod-012-window-000,nod,8.817232644602463,9.84820338059468
sim-device-05-session-03-nod-018-window-000,test,nod,same_label,sim-device-04-session-01-nod-019-window-000,nod,0.750897631015512,sim-device-06-session-01-nod-012-window-000,nod,8.817232644602463,9.84820338059468
sim-device-05-session-03-nod-019-window-000,test,nod,any_label,sim-device-01-session-01-nod-002-window-000,nod,0.9416559235846799,sim-device-02-session-01-nod-005-window-000,nod,9.609634182261154,13.093164803717233
sim-device-05-session-03-nod-019-window-000,test,nod,same_label,sim-device-01-session-01-nod-002-window-000,nod,0.9416559235846799,sim-device-02-session-01-nod-005-window-000,nod,9.609634182261154,13.093164803717233
sim-device-05-session-03-nod-020-window-000,test,nod,any_label,sim-device-06-session-01-still-008-window-000,still,0.6483714417229621,sim-device-06-session-01-still-006-window-000,still,5.604843101847654,7.238723619928614
sim-device-05-session-03-nod-020-window-000,test,nod,same_label,sim-device-04-session-01-nod-020-window-000,nod,0.7290934504526315,sim-device-03-session-01-nod-002-window-000,nod,6.324676175069084,8.86247969132747
sim-device-05-session-03-shake-001-window-000,test,shake,any_label,sim-device-06-session-01-shake-009-window-000,shake,0.9710453902736824,sim-device-05-session-01-shake-007-window-000,shake,11.509504682585773,13.836300495793964
sim-device-05-session-03-shake-001-window-000,test,shake,same_label,sim-device-06-session-01-shake-009-window-000,shake,0.9710453902736824,sim-device-05-session-01-shake-007-window-000,shake,11.509504682585773,13.836300495793964
sim-device-05-session-03-shake-002-window-000,test,shake,any_label,sim-device-05-session-01-shake-016-window-000,shake,0.8153214105822643,sim-device-05-session-01-shake-016-window-000,shake,10.235632835206777,10.235632835206777
sim-device-05-session-03-shake-002-window-000,test,shake,same_label,sim-device-05-session-01-shake-016-window-000,shake,0.8153214105822643,sim-device-05-session-01-shake-016-window-000,shake,10.235632835206777,10.235632835206777
sim-device-05-session-03-shake-003-window-000,test,shake,any_label,sim-device-02-session-01-shake-019-window-000,shake,0.8039605270855918,sim-device-02-session-01-shake-019-window-000,shake,8.612454532871512,8.612454532871512
sim-device-05-session-03-shake-003-window-000,test,shake,same_label,sim-device-02-session-01-shake-019-window-000,shake,0.8039605270855918,sim-device-02-session-01-shake-019-window-000,shake,8.612454532871512,8.612454532871512
sim-device-05-session-03-shake-004-window-000,test,shake,any_label,sim-device-02-session-01-look_right_return-005-window-000,look_right_return,0.7367809141004115,sim-device-01-session-01-shake-008-window-000,shake,8.283026468124302,8.809377405274978
sim-device-05-session-03-shake-004-window-000,test,shake,same_label,sim-device-01-session-01-shake-008-window-000,shake,0.7852046750733164,sim-device-01-session-01-shake-008-window-000,shake,8.283026468124302,8.283026468124302
sim-device-05-session-03-shake-005-window-000,test,shake,any_label,sim-device-01-session-01-look_left_return-001-window-000,look_left_return,0.9962111099202872,sim-device-05-session-01-shake-017-window-000,shake,14.629940740010586,14.667564190732362
sim-device-05-session-03-shake-005-window-000,test,shake,same_label,sim-device-05-session-01-shake-017-window-000,shake,1.14019453867575,sim-device-05-session-01-shake-017-window-000,shake,14.629940740010586,14.629940740010586
sim-device-05-session-03-shake-006-window-000,test,shake,any_label,sim-device-01-session-01-look_right_return-008-window-000,look_right_return,0.7402510141517985,sim-device-05-session-01-look_right_return-007-window-000,look_right_return,7.4026057133969365,11.940023715729781
sim-device-05-session-03-shake-006-window-000,test,shake,same_label,sim-device-02-session-01-shake-008-window-000,shake,0.829489540284099,sim-device-05-session-01-shake-011-window-000,shake,8.744175377969675,14.07230166566012
sim-device-05-session-03-shake-007-window-000,test,shake,any_label,sim-device-04-session-01-shake-007-window-000,shake,0.8060253241548894,sim-device-02-session-01-shake-007-window-000,shake,9.967958508597189,10.690748338418038
sim-device-05-session-03-shake-007-window-000,test,shake,same_label,sim-device-04-session-01-shake-007-window-000,shake,0.8060253241548894,sim-device-02-session-01-shake-007-window-000,shake,9.967958508597189,10.690748338418038
sim-device-05-session-03-shake-008-window-000,test,shake,any_label,sim-device-03-session-01-look_left_return-009-window-000,look_left_return,0.9254340433260776,sim-device-03-session-01-look_left_return-009-window-000,look_left_return,12.792992839431147,12.792992839431147
sim-device-05-session-03-shake-008-window-000,test,shake,same_label,sim-device-02-session-01-shake-010-window-000,shake,0.9512085905637387,sim-device-06-session-01-shake-017-window-000,shake,13.4016089909865,15.22412147762447
sim-device-05-session-03-shake-009-window-000,test,shake,any_label,sim-device-01-session-01-shake-007-window-000,shake,0.7416922423992772,sim-device-01-session-01-shake-007-window-000,shake,10.899953991739014,10.899953991739014
sim-device-05-session-03-shake-009-window-000,test,shake,same_label,sim-device-01-session-01-shake-007-window-000,shake,0.7416922423992772,sim-device-01-session-01-shake-007-window-000,shake,10.899953991739014,10.899953991739014
sim-device-05-session-03-shake-010-window-000,test,shake,any_label,sim-device-06-session-01-shake-001-window-000,shake,1.2397367346656745,sim-device-06-session-01-shake-001-window-000,shake,15.509941529625829,15.509941529625829
sim-device-05-session-03-shake-010-window-000,test,shake,same_label,sim-device-06-session-01-shake-001-window-000,shake,1.2397367346656745,sim-device-06-session-01-shake-001-window-000,shake,15.509941529625829,15.509941529625829
sim-device-05-session-03-shake-011-window-000,test,shake,any_label,sim-device-01-session-01-look_left_return-016-window-000,look_left_return,0.6913722734361556,sim-device-01-session-01-shake-011-window-000,shake,6.284688214774926,11.361319091023784
sim-device-05-session-03-shake-011-window-000,test,shake,same_label,sim-device-02-session-01-shake-004-window-000,shake,0.7587244367507158,sim-device-01-session-01-shake-011-window-000,shake,6.284688214774926,10.275582533478545
sim-device-05-session-03-shake-012-window-000,test,shake,any_label,sim-device-05-session-01-shake-005-window-000,shake,0.5674270148945558,sim-device-01-session-01-look_right_return-004-window-000,look_right_return,5.883309650420721,6.466160528020092
sim-device-05-session-03-shake-012-window-000,test,shake,same_label,sim-device-05-session-01-shake-005-window-000,shake,0.5674270148945558,sim-device-05-session-01-shake-005-window-000,shake,6.466160528020092,6.466160528020092
sim-device-05-session-03-shake-013-window-000,test,shake,any_label,sim-device-02-session-01-still-020-window-000,still,0.6432037201160046,sim-device-04-session-01-still-004-window-000,still,5.213978873959982,8.807988559406937
sim-device-05-session-03-shake-013-window-000,test,shake,same_label,sim-device-06-session-01-shake-011-window-000,shake,0.6962266408084691,sim-device-04-session-01-shake-013-window-000,shake,5.692995277472778,8.28341332310744
sim-device-05-session-03-shake-014-window-000,test,shake,any_label,sim-device-02-session-01-shake-004-window-000,shake,0.7748154986166387,sim-device-04-session-01-shake-016-window-000,shake,8.393422046375008,9.387431013124381
sim-device-05-session-03-shake-014-window-000,test,shake,same_label,sim-device-02-session-01-shake-004-window-000,shake,0.7748154986166387,sim-device-04-session-01-shake-016-window-000,shake,8.393422046375008,9.387431013124381
sim-device-05-session-03-shake-015-window-000,test,shake,any_label,sim-device-03-session-01-look_left_return-006-window-000,look_left_return,0.7309137057158261,sim-device-01-session-01-shake-008-window-000,shake,8.119647447231346,10.954299342538027
sim-device-05-session-03-shake-015-window-000,test,shake,same_label,sim-device-03-session-01-shake-005-window-000,shake,0.8005466221675072,sim-device-01-session-01-shake-008-window-000,shake,8.119647447231346,13.08118305671891
sim-device-05-session-03-shake-016-window-000,test,shake,any_label,sim-device-02-session-01-shake-005-window-000,shake,0.76522828908262,sim-device-05-session-01-shake-007-window-000,shake,10.834356058499802,11.731036830148952
sim-device-05-session-03-shake-016-window-000,test,shake,same_label,sim-device-02-session-01-shake-005-window-000,shake,0.76522828908262,sim-device-05-session-01-shake-007-window-000,shake,10.834356058499802,11.731036830148952
sim-device-05-session-03-shake-017-window-000,test,shake,any_label,sim-device-05-session-01-shake-019-window-000,shake,1.347815542043187,sim-device-02-session-01-shake-010-window-000,shake,14.546155778415555,20.95102861173032
sim-device-05-session-03-shake-017-window-000,test,shake,same_label,sim-device-05-session-01-shake-019-window-000,shake,1.347815542043187,sim-device-02-session-01-shake-010-window-000,shake,14.546155778415555,20.95102861173032
sim-device-05-session-03-shake-018-window-000,test,shake,any_label,sim-device-04-session-01-look_left_return-016-window-000,look_left_return,0.6595666540715902,sim-device-02-session-01-still-013-window-000,still,6.2243785605565565,10.252015695702791
sim-device-05-session-03-shake-018-window-000,test,shake,same_label,sim-device-04-session-01-shake-013-window-000,shake,0.6997931852906838,sim-device-03-session-01-shake-019-window-000,shake,6.418707705025654,7.589232579767559
sim-device-05-session-03-shake-019-window-000,test,shake,any_label,sim-device-01-session-01-look_left_return-016-window-000,look_left_return,0.7456039903300998,sim-device-02-session-01-shake-015-window-000,shake,6.052096657527507,9.713161890259453
sim-device-05-session-03-shake-019-window-000,test,shake,same_label,sim-device-03-session-01-shake-007-window-000,shake,0.7876026542442813,sim-device-02-session-01-shake-015-window-000,shake,6.052096657527507,13.92876089207005
sim-device-05-session-03-shake-020-window-000,test,shake,any_label,sim-device-05-session-01-look_right_return-001-window-000,look_right_return,0.7758592687437267,sim-device-06-session-01-shake-009-window-000,shake,5.1897219984420415,14.18347662090834
sim-device-05-session-03-shake-020-window-000,test,shake,same_label,sim-device-06-session-01-shake-009-window-000,shake,0.7790451148485837,sim-device-06-session-01-shake-009-window-000,shake,5.1897219984420415,5.1897219984420415
sim-device-05-session-03-still-001-window-000,test,still,any_label,sim-device-06-session-01-nod-002-window-000,nod,0.6079592456532044,sim-device-03-session-01-still-010-window-000,still,3.6583169577836143,8.306039446083506
sim-device-05-session-03-still-001-window-000,test,still,same_label,sim-device-05-session-01-still-004-window-000,still,0.6468417408845023,sim-device-03-session-01-still-010-window-000,still,3.6583169577836143,8.084675739930672
sim-device-05-session-03-still-002-window-000,test,still,any_label,sim-device-06-session-01-shake-018-window-000,shake,0.6288792438676853,sim-device-03-session-01-still-012-window-000,still,4.14834286404873,8.424997024462703
sim-device-05-session-03-still-002-window-000,test,still,same_label,sim-device-06-session-01-still-020-window-000,still,0.6698936379121879,sim-device-03-session-01-still-012-window-000,still,4.14834286404873,7.421011148409485
sim-device-05-session-03-still-003-window-000,test,still,any_label,sim-device-01-session-01-still-020-window-000,still,0.5447046975912874,sim-device-03-session-01-still-016-window-000,still,3.5886123520483553,4.994649927843313
sim-device-05-session-03-still-003-window-000,test,still,same_label,sim-device-01-session-01-still-020-window-000,still,0.5447046975912874,sim-device-03-session-01-still-016-window-000,still,3.5886123520483553,4.994649927843313
sim-device-05-session-03-still-004-window-000,test,still,any_label,sim-device-03-session-01-still-008-window-000,still,0.7143663755168957,sim-device-01-session-01-still-017-window-000,still,3.8160804465713896,5.88962266030648
sim-device-05-session-03-still-004-window-000,test,still,same_label,sim-device-03-session-01-still-008-window-000,still,0.7143663755168957,sim-device-01-session-01-still-017-window-000,still,3.8160804465713896,5.88962266030648
sim-device-05-session-03-still-005-window-000,test,still,any_label,sim-device-01-session-01-look_left_return-006-window-000,look_left_return,0.5386857005816372,sim-device-04-session-01-still-002-window-000,still,2.5092389141127707,7.631492930539862
sim-device-05-session-03-still-005-window-000,test,still,same_label,sim-device-04-session-01-still-006-window-000,still,0.5402510334929842,sim-device-04-session-01-still-002-window-000,still,2.5092389141127707,4.293192240854942
sim-device-05-session-03-still-006-window-000,test,still,any_label,sim-device-06-session-01-look_right_return-018-window-000,look_right_return,0.5414607221638448,sim-device-01-session-01-still-011-window-000,still,3.467832190042277,5.382959691396794
sim-device-05-session-03-still-006-window-000,test,still,same_label,sim-device-04-session-01-still-006-window-000,still,0.5532042368631536,sim-device-01-session-01-still-011-window-000,still,3.467832190042277,5.274972549214328
sim-device-05-session-03-still-007-window-000,test,still,any_label,sim-device-05-session-01-shake-003-window-000,shake,0.653462827169209,sim-device-02-session-01-still-007-window-000,still,4.613200507543199,7.098752943022432
sim-device-05-session-03-still-007-window-000,test,still,same_label,sim-device-03-session-01-still-017-window-000,still,0.6637250919741906,sim-device-02-session-01-still-007-window-000,still,4.613200507543199,7.306813882323179
sim-device-05-session-03-still-008-window-000,test,still,any_label,sim-device-04-session-01-shake-008-window-000,shake,0.5930166091534709,sim-device-03-session-01-still-010-window-000,still,5.675076581891465,9.77793283841977
sim-device-05-session-03-still-008-window-000,test,still,same_label,sim-device-05-session-01-still-004-window-000,still,0.6604492538264274,sim-device-03-session-01-still-010-window-000,still,5.675076581891465,6.707842413568425
sim-device-05-session-03-still-009-window-000,test,still,any_label,sim-device-05-session-01-still-002-window-000,still,0.562206154967876,sim-device-06-session-01-still-011-window-000,still,3.2882380460728062,3.653765795032934
sim-device-05-session-03-still-009-window-000,test,still,same_label,sim-device-05-session-01-still-002-window-000,still,0.562206154967876,sim-device-06-session-01-still-011-window-000,still,3.2882380460728062,3.653765795032934
sim-device-05-session-03-still-010-window-000,test,still,any_label,sim-device-04-session-01-shake-003-window-000,shake,0.7168011527540536,sim-device-05-session-01-still-010-window-000,still,4.026028711162583,9.344037098499406
sim-device-05-session-03-still-010-window-000,test,still,same_label,sim-device-05-session-01-still-010-window-000,still,0.7294596909222439,sim-device-05-session-01-still-010-window-000,still,4.026028711162583,4.026028711162583
sim-device-05-session-03-still-011-window-000,test,still,any_label,sim-device-02-session-01-still-006-window-000,still,0.7527988139256999,sim-device-06-session-01-still-006-window-000,still,5.0078394702527484,7.7174658257645445
sim-device-05-session-03-still-011-window-000,test,still,same_label,sim-device-02-session-01-still-006-window-000,still,0.7527988139256999,sim-device-06-session-01-still-006-window-000,still,5.0078394702527484,7.7174658257645445
sim-device-05-session-03-still-012-window-000,test,still,any_label,sim-device-06-session-01-still-019-window-000,still,0.5351623046489282,sim-device-02-session-01-still-014-window-000,still,3.5854824361297393,6.518685267796603
sim-device-05-session-03-still-012-window-000,test,still,same_label,sim-device-06-session-01-still-019-window-000,still,0.5351623046489282,sim-device-02-session-01-still-014-window-000,still,3.5854824361297393,6.518685267796603
sim-device-05-session-03-still-013-window-000,test,still,any_label,sim-device-04-session-01-still-014-window-000,still,0.6272761120355794,sim-device-03-session-01-still-002-window-000,still,3.7852965609442224,5.333572425456571
sim-device-05-session-03-still-013-window-000,test,still,same_label,sim-device-04-session-01-still-014-window-000,still,0.6272761120355794,sim-device-03-session-01-still-002-window-000,still,3.7852965609442224,5.333572425456571
sim-device-05-session-03-still-014-window-000,test,still,any_label,sim-device-06-session-01-nod-011-window-000,nod,0.6632319979355085,sim-device-05-session-01-still-012-window-000,still,3.721153533157126,7.017220201437415
sim-device-05-session-03-still-014-window-000,test,still,same_label,sim-device-03-session-01-still-012-window-000,still,0.7187149623550364,sim-device-05-session-01-still-012-window-000,still,3.721153533157126,8.047833982459421
sim-device-05-session-03-still-015-window-000,test,still,any_label,sim-device-01-session-01-shake-016-window-000,shake,0.6169785695190508,sim-device-03-session-01-still-003-window-000,still,4.8583374358453995,7.3139218023964885
sim-device-05-session-03-still-015-window-000,test,still,same_label,sim-device-05-session-01-still-002-window-000,still,0.690396001527511,sim-device-03-session-01-still-003-window-000,still,4.8583374358453995,7.129775709348611
sim-device-05-session-03-still-016-window-000,test,still,any_label,sim-device-01-session-01-look_right_return-016-window-000,look_right_return,0.5681019971034575,sim-device-04-session-01-still-002-window-000,still,3.355914823710552,7.348113078507507
sim-device-05-session-03-still-016-window-000,test,still,same_label,sim-device-04-session-01-still-006-window-000,still,0.6272335420437993,sim-device-04-session-01-still-002-window-000,still,3.355914823710552,4.182080476441669
sim-device-05-session-03-still-017-window-000,test,still,any_label,sim-device-06-session-01-shake-006-window-000,shake,0.6717607552764039,sim-device-01-session-01-still-010-window-000,still,4.307158244239728,9.41327586736849
sim-device-05-session-03-still-017-window-000,test,still,same_label,sim-device-06-session-01-still-015-window-000,still,0.7481080331298955,sim-device-01-session-01-still-010-window-000,still,4.307158244239728,7.089672862309652
sim-device-05-session-03-still-018-window-000,test,still,any_label,sim-device-04-session-01-still-004-window-000,still,0.6143776804340704,sim-device-02-session-01-still-009-window-000,still,3.612518914983231,5.9733198166226344
sim-device-05-session-03-still-018-window-000,test,still,same_label,sim-device-04-session-01-still-004-window-000,still,0.6143776804340704,sim-device-02-session-01-still-009-window-000,still,3.612518914983231,5.9733198166226344
sim-device-05-session-03-still-019-window-000,test,still,any_label,sim-device-03-session-01-look_right_return-006-window-000,look_right_return,0.6018974290574297,sim-device-05-session-01-still-011-window-000,still,6.181952280079375,10.09228497932521
sim-device-05-session-03-still-019-window-000,test,still,same_label,sim-device-05-session-01-still-011-window-000,still,0.6283212691227847,sim-device-05-session-01-still-011-window-000,still,6.181952280079375,6.181952280079375
sim-device-05-session-03-still-020-window-000,test,still,any_label,sim-device-02-session-01-still-015-window-000,still,0.6334495092274028,sim-device-01-session-01-still-015-window-000,still,4.690879222760834,5.8455561412124455
sim-device-05-session-03-still-020-window-000,test,still,same_label,sim-device-02-session-01-still-015-window-000,still,0.6334495092274028,sim-device-01-session-01-still-015-window-000,still,4.690879222760834,5.8455561412124455
sim-device-06-session-03-look_left_return-001-window-000,test,look_left_return,any_label,sim-device-06-session-01-look_left_return-009-window-000,look_left_return,1.2153637116180331,sim-device-06-session-01-look_left_return-009-window-000,look_left_return,8.162879291333194,8.162879291333194
sim-device-06-session-03-look_left_return-001-window-000,test,look_left_return,same_label,sim-device-06-session-01-look_left_return-009-window-000,look_left_return,1.2153637116180331,sim-device-06-session-01-look_left_return-009-window-000,look_left_return,8.162879291333194,8.162879291333194
sim-device-06-session-03-look_left_return-002-window-000,test,look_left_return,any_label,sim-device-06-session-01-look_left_return-006-window-000,look_left_return,0.917956070042499,sim-device-02-session-01-look_left_return-010-window-000,look_left_return,8.301341886623073,10.345504932639166
sim-device-06-session-03-look_left_return-002-window-000,test,look_left_return,same_label,sim-device-06-session-01-look_left_return-006-window-000,look_left_return,0.917956070042499,sim-device-02-session-01-look_left_return-010-window-000,look_left_return,8.301341886623073,10.345504932639166
sim-device-06-session-03-look_left_return-003-window-000,test,look_left_return,any_label,sim-device-04-session-01-look_left_return-008-window-000,look_left_return,0.7082867112316311,sim-device-01-session-01-look_left_return-015-window-000,look_left_return,8.153409057689686,9.64701370429339
sim-device-06-session-03-look_left_return-003-window-000,test,look_left_return,same_label,sim-device-04-session-01-look_left_return-008-window-000,look_left_return,0.7082867112316311,sim-device-01-session-01-look_left_return-015-window-000,look_left_return,8.153409057689686,9.64701370429339
sim-device-06-session-03-look_left_return-004-window-000,test,look_left_return,any_label,sim-device-02-session-01-look_left_return-015-window-000,look_left_return,0.6814280287012862,sim-device-06-session-01-look_left_return-006-window-000,look_left_return,7.052473697313219,9.151422350208472
sim-device-06-session-03-look_left_return-004-window-000,test,look_left_return,same_label,sim-device-02-session-01-look_left_return-015-window-000,look_left_return,0.6814280287012862,sim-device-06-session-01-look_left_return-006-window-000,look_left_return,7.052473697313219,9.151422350208472
sim-device-06-session-03-look_left_return-005-window-000,test,look_left_return,any_label,sim-device-02-session-01-look_left_return-017-window-000,look_left_return,0.621926205076127,sim-device-02-session-01-look_left_return-017-window-000,look_left_return,5.3003828137091835,5.3003828137091835
sim-device-06-session-03-look_left_return-005-window-000,test,look_left_return,same_label,sim-device-02-session-01-look_left_return-017-window-000,look_left_return,0.621926205076127,sim-device-02-session-01-look_left_return-017-window-000,look_left_return,5.3003828137091835,5.3003828137091835
sim-device-06-session-03-look_left_return-006-window-000,test,look_left_return,any_label,sim-device-05-session-01-look_left_return-009-window-000,look_left_return,1.0631037001604142,sim-device-05-session-01-look_left_return-009-window-000,look_left_return,12.500094660105033,12.500094660105033
sim-device-06-session-03-look_left_return-006-window-000,test,look_left_return,same_label,sim-device-05-session-01-look_left_return-009-window-000,look_left_return,1.0631037001604142,sim-device-05-session-01-look_left_return-009-window-000,look_left_return,12.500094660105033,12.500094660105033
sim-device-06-session-03-look_left_return-007-window-000,test,look_left_return,any_label,sim-device-02-session-01-look_left_return-015-window-000,look_left_return,0.5854274643422954,sim-device-04-session-01-look_left_return-013-window-000,look_left_return,6.470309696245945,6.777321473221109
sim-device-06-session-03-look_left_return-007-window-000,test,look_left_return,same_label,sim-device-02-session-01-look_left_return-015-window-000,look_left_return,0.5854274643422954,sim-device-04-session-01-look_left_return-013-window-000,look_left_return,6.470309696245945,6.777321473221109
sim-device-06-session-03-look_left_return-008-window-000,test,look_left_return,any_label,sim-device-04-session-01-look_left_return-013-window-000,look_left_return,0.8140627964642237,sim-device-03-session-01-look_left_return-004-window-000,look_left_return,9.30825467152783,10.113672778549889
sim-device-06-session-03-look_left_return-008-window-000,test,look_left_return,same_label,sim-device-04-session-01-look_left_return-013-window-000,look_left_return,0.8140627964642237,sim-device-03-session-01-look_left_return-004-window-000,look_left_return,9.30825467152783,10.113672778549889
sim-device-06-session-03-look_left_return-009-window-000,test,look_left_return,any_label,sim-device-06-session-01-look_left_return-009-window-000,look_left_return,1.0421412540265695,sim-device-01-session-01-look_left_return-017-window-000,look_left_return,7.907411335652313,9.329144034987628
sim-device-06-session-03-look_left_return-009-window-000,test,look_left_return,same_label,sim-device-06-session-01-look_left_return-009-window-000,look_left_return,1.0421412540265695,sim-device-01-session-01-look_left_return-017-window-000,look_left_return,7.907411335652313,9.329144034987628
sim-device-06-session-03-look_left_return-010-window-000,test,look_left_return,any_label,sim-device-02-session-01-look_left_return-010-window-000,look_left_return,0.8102116645897135,sim-device-02-session-01-look_left_return-010-window-000,look_left_return,8.174672011953707,8.174672011953707
sim-device-06-session-03-look_left_return-010-window-000,test,look_left_return,same_label,sim-device-02-session-01-look_left_return-010-window-000,look_left_return,0.8102116645897135,sim-device-02-session-01-look_left_return-010-window-000,look_left_return,8.174672011953707,8.174672011953707
sim-device-06-session-03-look_left_return-011-window-000,test,look_left_return,any_label,sim-device-05-session-01-look_left_return-010-window-000,look_left_return,1.2723482041335612,sim-device-06-session-01-look_left_return-009-window-000,look_left_return,14.27049941440648,17.29506056966113
sim-device-06-session-03-look_left_return-011-window-000,test,look_left_return,same_label,sim-device-05-session-01-look_left_return-010-window-000,look_left_return,1.2723482041335612,sim-device-06-session-01-look_left_return-009-window-000,look_left_return,14.27049941440648,17.29506056966113
sim-device-06-session-03-look_left_return-012-window-000,test,look_left_return,any_label,sim-device-04-session-01-look_left_return-013-window-000,look_left_return,0.8853128688067979,sim-device-02-session-01-look_left_return-010-window-000,look_left_return,10.887104217559425,12.782461279289503
sim-device-06-session-03-look_left_return-012-window-000,test,look_left_return,same_label,sim-device-04-session-01-look_left_return-013-window-000,look_left_return,0.8853128688067979,sim-device-02-session-01-look_left_return-010-window-000,look_left_return,10.887104217559425,12.782461279289503
sim-device-06-session-03-look_left_return-013-window-000,test,look_left_return,any_label,sim-device-02-session-01-look_left_return-012-window-000,look_left_return,0.9519366088688276,sim-device-04-session-01-look_left_return-002-window-000,look_left_return,8.730214188103144,14.159879466712898
sim-device-06-session-03-look_left_return-013-window-000,test,look_left_return,same_label,sim-device-02-session-01-look_left_return-012-window-000,look_left_return,0.9519366088688276,sim-device-04-session-01-look_left_return-002-window-000,look_left_return,8.730214188103144,14.159879466712898
sim-device-06-session-03-look_left_return-014-window-000,test,look_left_return,any_label,sim-device-05-session-01-look_left_return-014-window-000,look_left_return,0.9534952833929812,sim-device-05-session-01-look_left_return-014-window-000,look_left_return,12.33305100702201,12.33305100702201
sim-device-06-session-03-look_left_return-014-window-000,test,look_left_return,same_label,sim-device-05-session-01-look_left_return-014-window-000,look_left_return,0.9534952833929812,sim-device-05-session-01-look_left_return-014-window-000,look_left_return,12.33305100702201,12.33305100702201
sim-device-06-session-03-look_left_return-015-window-000,test,look_left_return,any_label,sim-device-05-session-01-look_left_return-008-window-000,look_left_return,0.813005316131868,sim-device-04-session-01-look_left_return-013-window-000,look_left_return,6.774132526728056,13.6084799005117
sim-device-06-session-03-look_left_return-015-window-000,test,look_left_return,same_label,sim-device-05-session-01-look_left_return-008-window-000,look_left_return,0.813005316131868,sim-device-04-session-01-look_left_return-013-window-000,look_left_return,6.774132526728056,13.6084799005117
sim-device-06-session-03-look_left_return-016-window-000,test,look_left_return,any_label,sim-device-05-session-01-look_left_return-015-window-000,look_left_return,0.8596879476372685,sim-device-03-session-01-look_left_return-015-window-000,look_left_return,11.291984897453865,12.338619651647473
sim-device-06-session-03-look_left_return-016-window-000,test,look_left_return,same_label,sim-device-05-session-01-look_left_return-015-window-000,look_left_return,0.8596879476372685,sim-device-03-session-01-look_left_return-015-window-000,look_left_return,11.291984897453865,12.338619651647473
sim-device-06-session-03-look_left_return-017-window-000,test,look_left_return,any_label,sim-device-01-session-01-look_left_return-001-window-000,look_left_return,0.7367466968523421,sim-device-03-session-01-look_left_return-015-window-000,look_left_return,6.54767155221932,8.116160670432421
sim-device-06-session-03-look_left_return-017-window-000,test,look_left_return,same_label,sim-device-01-session-01-look_left_return-001-window-000,look_left_return,0.7367466968523421,sim-device-03-session-01-look_left_return-015-window-000,look_left_return,6.54767155221932,8.116160670432421
sim-device-06-session-03-look_left_return-018-window-000,test,look_left_return,any_label,sim-device-04-session-01-look_left_return-008-window-000,look_left_return,0.7885406231941251,sim-device-05-session-01-look_left_return-006-window-000,look_left_return,5.518988071720748,8.459565229416453
sim-device-06-session-03-look_left_return-018-window-000,test,look_left_return,same_label,sim-device-04-session-01-look_left_return-008-window-000,look_left_return,0.7885406231941251,sim-device-05-session-01-look_left_return-006-window-000,look_left_return,5.518988071720748,8.459565229416453
sim-device-06-session-03-look_left_return-019-window-000,test,look_left_return,any_label,sim-device-02-session-01-look_left_return-010-window-000,look_left_return,0.741953102425447,sim-device-02-session-01-look_left_return-008-window-000,look_left_return,6.296370859189011,7.785433059888148
sim-device-06-session-03-look_left_return-019-window-000,test,look_left_return,same_label,sim-device-02-session-01-look_left_return-010-window-000,look_left_return,0.741953102425447,sim-device-02-session-01-look_left_return-008-window-000,look_left_return,6.296370859189011,7.785433059888148
sim-device-06-session-03-look_left_return-020-window-000,test,look_left_return,any_label,sim-device-04-session-01-look_left_return-009-window-000,look_left_return,0.7281023321327755,sim-device-04-session-01-look_left_return-017-window-000,look_left_return,8.47566851627866,11.647888644676692
sim-device-06-session-03-look_left_return-020-window-000,test,look_left_return,same_label,sim-device-04-session-01-look_left_return-009-window-000,look_left_return,0.7281023321327755,sim-device-04-session-01-look_left_return-017-window-000,look_left_return,8.47566851627866,11.647888644676692
sim-device-06-session-03-look_right_return-001-window-000,test,look_right_return,any_label,sim-device-01-session-01-still-011-window-000,still,0.77404141935346,sim-device-02-session-01-still-017-window-000,still,5.729545874139921,8.468348952239822
sim-device-06-session-03-look_right_return-001-window-000,test,look_right_return,same_label,sim-device-01-session-01-look_right_return-009-window-000,look_right_return,0.8379248205470813,sim-device-03-session-01-look_right_return-004-window-000,look_right_return,7.666761336730474,9.152949771301016
sim-device-06-session-03-look_right_return-002-window-000,test,look_right_return,any_label,sim-device-02-session-01-look_right_return-001-window-000,look_right_return,0.664301662109939,sim-device-02-session-01-look_right_return-001-window-000,look_right_return,5.219634419189844,5.219634419189844
sim-device-06-session-03-look_right_return-002-window-000,test,look_right_return,same_label,sim-device-02-session-01-look_right_return-001-window-000,look_right_return,0.664301662109939,sim-device-02-session-01-look_right_return-001-window-000,look_right_return,5.219634419189844,5.219634419189844
sim-device-06-session-03-look_right_return-003-window-000,test,look_right_return,any_label,sim-device-01-session-01-look_right_return-011-window-000,look_right_return,0.7585221748944895,sim-device-02-session-01-look_right_return-015-window-000,look_right_return,9.53225262464669,11.320737474277276
sim-device-06-session-03-look_right_return-003-window-000,test,look_right_return,same_label,sim-device-01-session-01-look_right_return-011-window-000,look_right_return,0.7585221748944895,sim-device-02-session-01-look_right_return-015-window-000,look_right_return,9.53225262464669,11.320737474277276
sim-device-06-session-03-look_right_return-004-window-000,test,look_right_return,any_label,sim-device-02-session-01-look_right_return-015-window-000,look_right_return,0.6487298383525462,sim-device-02-session-01-look_right_return-015-window-000,look_right_return,5.195179989718508,5.195179989718508
sim-device-06-session-03-look_right_return-004-window-000,test,look_right_return,same_label,sim-device-02-session-01-look_right_return-015-window-000,look_right_return,0.6487298383525462,sim-device-02-session-01-look_right_return-015-window-000,look_right_return,5.195179989718508,5.195179989718508
sim-device-06-session-03-look_right_return-005-window-000,test,look_right_return,any_label,sim-device-04-session-01-look_right_return-007-window-000,look_right_return,0.7536747274427251,sim-device-03-session-01-look_right_return-015-window-000,look_right_return,5.929852623479125,11.7418910956429
sim-device-06-session-03-look_right_return-005-window-000,test,look_right_return,same_label,sim-device-04-session-01-look_right_return-007-window-000,look_right_return,0.7536747274427251,sim-device-03-session-01-look_right_return-015-window-000,look_right_return,5.929852623479125,11.7418910956429
sim-device-06-session-03-look_right_return-006-window-000,test,look_right_return,any_label,sim-device-05-session-01-look_right_return-019-window-000,look_right_return,1.0049650669057502,sim-device-05-session-01-look_right_return-019-window-000,look_right_return,11.735426624567808,11.735426624567808
sim-device-06-session-03-look_right_return-006-window-000,test,look_right_return,same_label,sim-device-05-session-01-look_right_return-019-window-000,look_right_return,1.0049650669057502,sim-device-05-session-01-look_right_return-019-window-000,look_right_return,11.735426624567808,11.735426624567808
sim-device-06-session-03-look_right_return-007-window-000,test,look_right_return,any_label,sim-device-03-session-01-look_right_return-011-window-000,look_right_return,1.1009540073208501,sim-device-06-session-01-look_right_return-017-window-000,look_right_return,10.726094790407386,11.796817002849133
sim-device-06-session-03-look_right_return-007-window-000,test,look_right_return,same_label,sim-device-03-session-01-look_right_return-011-window-000,look_right_return,1.1009540073208501,sim-device-06-session-01-look_right_return-017-window-000,look_right_return,10.726094790407386,11.796817002849133
sim-device-06-session-03-look_right_return-008-window-000,test,look_right_return,any_label,sim-device-03-session-01-look_right_return-005-window-000,look_right_return,0.7540348958395381,sim-device-03-session-01-look_right_return-005-window-000,look_right_return,5.329080849017865,5.329080849017865
sim-device-06-session-03-look_right_return-008-window-000,test,look_right_return,same_label,sim-device-03-session-01-look_right_return-005-window-000,look_right_return,0.7540348958395381,sim-device-03-session-01-look_right_return-005-window-000,look_right_return,5.329080849017865,5.329080849017865
sim-device-06-session-03-look_right_return-009-window-000,test,look_right_return,any_label,sim-device-04-session-01-still-004-window-000,still,0.8071136907093822,sim-device-03-session-01-shake-010-window-000,shake,6.14814656036656,14.043027492390287
sim-device-06-session-03-look_right_return-009-window-000,test,look_right_return,same_label,sim-device-04-session-01-look_right_return-002-window-000,look_right_return,1.0144477038113937,sim-device-01-session-01-look_right_return-009-window-000,look_right_return,7.359047169021529,17.2684762165042
sim-device-06-session-03-look_right_return-010-window-000,test,look_right_return,any_label,sim-device-03-session-01-look_right_return-010-window-000,look_right_return,0.6989059502769863,sim-device-04-session-01-look_right_return-007-window-000,look_right_return,6.353487046032134,7.127500895420277
sim-device-06-session-03-look_right_return-010-window-000,test,look_right_return,same_label,sim-device-03-session-01-look_right_return-010-window-000,look_right_return,0.6989059502769863,sim-device-04-session-01-look_right_return-007-window-000,look_right_return,6.353487046032134,7.127500895420277
sim-device-06-session-03-look_right_return-011-window-000,test,look_right_return,any_label,sim-device-03-session-01-shake-003-window-000,shake,0.6173921372775604,sim-device-05-session-01-look_right_return-016-window-000,look_right_return,4.997707627336301,11.99869309424777
sim-device-06-session-03-look_right_return-011-window-000,test,look_right_return,same_label,sim-device-01-session-01-look_right_return-016-window-000,look_right_return,0.6489679293819502,sim-device-05-session-01-look_right_return-016-window-000,look_right_return,4.997707627336301,10.933613391470029
sim-device-06-session-03-look_right_return-012-window-000,test,look_right_return,any_label,sim-device-02-session-01-look_right_return-002-window-000,look_right_return,0.7672942555135466,sim-device-03-session-01-look_right_return-007-window-000,look_right_return,8.656074801057867,8.677725919744603
sim-device-06-session-03-look_right_return-012-window-000,test,look_right_return,same_label,sim-device-02-session-01-look_right_return-002-window-000,look_right_return,0.7672942555135466,sim-device-03-session-01-look_right_return-007-window-000,look_right_return,8.656074801057867,8.677725919744603
sim-device-06-session-03-look_right_return-013-window-000,test,look_right_return,any_label,sim-device-04-session-01-look_right_return-006-window-000,look_right_return,0.9604219068529687,sim-device-02-session-01-look_right_return-012-window-000,look_right_return,10.715872784552566,14.419930880198846
sim-device-06-session-03-look_right_return-013-window-000,test,look_right_return,same_label,sim-device-04-session-01-look_right_return-006-window-000,look_right_return,0.9604219068529687,sim-device-02-session-01-look_right_return-012-window-000,look_right_return,10.715872784552566,14.419930880198846
sim-device-06-session-03-look_right_return-014-window-000,test,look_right_return,any_label,sim-device-02-session-01-look_right_return-012-window-000,look_right_return,0.8897699841922281,sim-device-05-session-01-look_right_return-018-window-000,look_right_return,5.290566768093134,11.928664987478026
sim-device-06-session-03-look_right_return-014-window-000,test,look_right_return,same_label,sim-device-02-session-01-look_right_return-012-window-000,look_right_return,0.8897699841922281,sim-device-05-session-01-look_right_return-018-window-000,look_right_return,5.290566768093134,11.928664987478026
sim-device-06-session-03-look_right_return-015-window-000,test,look_right_return,any_label,sim-device-03-session-01-look_right_return-006-window-000,look_right_return,0.8410470568741417,sim-device-05-session-01-look_right_return-014-window-000,look_right_return,8.922003698420237,13.233702814127811
sim-device-06-session-03-look_right_return-015-window-000,test,look_right_return,same_label,sim-device-03-session-01-look_right_return-006-window-000,look_right_return,0.8410470568741417,sim-device-05-session-01-look_right_return-014-window-000,look_right_return,8.922003698420237,13.233702814127811
sim-device-06-session-03-look_right_return-016-window-000,test,look_right_return,any_label,sim-device-02-session-01-look_right_return-003-window-000,look_right_return,0.8277023478478908,sim-device-02-session-01-look_right_return-004-window-000,look_right_return,8.980226125822373,11.34974628888935
sim-device-06-session-03-look_right_return-016-window-000,test,look_right_return,same_label,sim-device-02-session-01-look_right_return-003-window-000,look_right_return,0.8277023478478908,sim-device-02-session-01-look_right_return-004-window-000,look_right_return,8.980226125822373,11.34974628888935
sim-device-06-session-03-look_right_return-017-window-000,test,look_right_return,any_label,sim-device-02-session-01-look_right_return-015-window-000,look_right_return,0.9661847180545982,sim-device-03-session-01-look_right_return-011-window-000,look_right_return,9.39866830578169,12.813047284409512
sim-device-06-session-03-look_right_return-017-window-000,test,look_right_return,same_label,sim-device-02-session-01-look_right_return-015-window-000,look_right_return,0.9661847180545982,sim-device-03-session-01-look_right_return-011-window-000,look_right_return,9.39866830578169,12.813047284409512
sim-device-06-session-03-look_right_return-018-window-000,test,look_right_return,any_label,sim-device-01-session-01-still-011-window-000,still,0.7899157131745855,sim-device-06-session-01-look_right_return-018-window-000,look_right_return,6.2652292570857755,9.022320476031396
sim-device-06-session-03-look_right_return-018-window-000,test,look_right_return,same_label,sim-device-01-session-01-look_right_return-006-window-000,look_right_return,0.9136278754733798,sim-device-06-session-01-look_right_return-018-window-000,look_right_return,6.2652292570857755,16.052390231468877
sim-device-06-session-03-look_right_return-019-window-000,test,look_right_return,any_label,sim-device-03-session-01-still-013-window-000,still,0.6320480587450934,sim-device-05-session-01-still-014-window-000,still,5.19554823113518,6.852900236880975
sim-device-06-session-03-look_right_return-019-window-000,test,look_right_return,same_label,sim-device-01-session-01-look_right_return-009-window-000,look_right_return,0.6963615913588248,sim-device-01-session-01-look_right_return-012-window-000,look_right_return,6.436563979137427,8.582167629123992
sim-device-06-session-03-look_right_return-020-window-000,test,look_right_return,any_label,sim-device-05-session-01-look_right_return-001-window-000,look_right_return,0.6086523923767976,sim-device-06-session-01-still-011-window-000,still,4.919284315556923,8.031345949273595
sim-device-06-session-03-look_right_return-020-window-000,test,look_right_return,same_label,sim-device-05-session-01-look_right_return-001-window-000,look_right_return,0.6086523923767976,sim-device-05-session-01-look_right_return-007-window-000,look_right_return,6.164740636183163,8.031345949273595
sim-device-06-session-03-nod-001-window-000,test,nod,any_label,sim-device-01-session-01-nod-020-window-000,nod,0.8556325064894774,sim-device-01-session-01-nod-008-window-000,nod,8.828440806481652,12.788365794516842
sim-device-06-session-03-nod-001-window-000,test,nod,same_label,sim-device-01-session-01-nod-020-window-000,nod,0.8556325064894774,sim-device-01-session-01-nod-008-window-000,nod,8.828440806481652,12.788365794516842
sim-device-06-session-03-nod-002-window-000,test,nod,any_label,sim-device-03-session-01-nod-010-window-000,nod,0.6734396235834774,sim-device-01-session-01-nod-003-window-000,nod,5.438284140726823,6.135586939030756
sim-device-06-session-03-nod-002-window-000,test,nod,same_label,sim-device-03-session-01-nod-010-window-000,nod,0.6734396235834774,sim-device-01-session-01-nod-003-window-000,nod,5.438284140726823,6.135586939030756
sim-device-06-session-03-nod-003-window-000,test,nod,any_label,sim-device-04-session-01-nod-014-window-000,nod,0.5491273757181445,sim-device-04-session-01-nod-014-window-000,nod,5.231904529635802,5.231904529635802
sim-device-06-session-03-nod-003-window-000,test,nod,same_label,sim-device-04-session-01-nod-014-window-000,nod,0.5491273757181445,sim-device-04-session-01-nod-014-window-000,nod,5.231904529635802,5.231904529635802
sim-device-06-session-03-nod-004-window-000,test,nod,any_label,sim-device-05-session-01-nod-013-window-000,nod,0.7561379467941004,sim-device-02-session-01-nod-010-window-000,nod,7.239281569492268,8.38489029705868
sim-device-06-session-03-nod-004-window-000,test,nod,same_label,sim-device-05-session-01-nod-013-window-000,nod,0.7561379467941004,sim-device-02-session-01-nod-010-window-000,nod,7.239281569492268,8.38489029705868
sim-device-06-session-03-nod-005-window-000,test,nod,any_label,sim-device-03-session-01-nod-009-window-000,nod,0.6807517173779185,sim-device-01-session-01-still-002-window-000,still,6.185341454830359,7.2311046163801365
sim-device-06-session-03-nod-005-window-000,test,nod,same_label,sim-device-03-session-01-nod-009-window-000,nod,0.6807517173779185,sim-device-05-session-01-nod-011-window-000,nod,6.232015748815832,7.2311046163801365
sim-device-06-session-03-nod-006-window-000,test,nod,any_label,sim-device-04-session-01-nod-013-window-000,nod,0.999213793996242,sim-device-01-session-01-nod-016-window-000,nod,11.716254740911413,13.243770606211488
sim-device-06-session-03-nod-006-window-000,test,nod,same_label,sim-device-04-session-01-nod-013-window-000,nod,0.999213793996242,sim-device-01-session-01-nod-016-window-000,nod,11.716254740911413,13.243770606211488
sim-device-06-session-03-nod-007-window-000,test,nod,any_label,sim-device-02-session-01-nod-014-window-000,nod,0.6751584664170699,sim-device-05-session-01-still-008-window-000,still,4.173734086016135,7.35534404369884
sim-device-06-session-03-nod-007-window-000,test,nod,same_label,sim-device-02-session-01-nod-014-window-000,nod,0.6751584664170699,sim-device-05-session-01-nod-011-window-000,nod,5.680413106761916,7.35534404369884
sim-device-06-session-03-nod-008-window-000,test,nod,any_label,sim-device-05-session-01-nod-001-window-000,nod,0.7055614332114486,sim-device-01-session-01-nod-009-window-000,nod,7.0746519046239476,10.062874668243131
sim-device-06-session-03-nod-008-window-000,test,nod,same_label,sim-device-05-session-01-nod-001-window-000,nod,0.7055614332114486,sim-device-01-session-01-nod-009-window-000,nod,7.0746519046239476,10.062874668243131
sim-device-06-session-03-nod-009-window-000,test,nod,any_label,sim-device-01-session-01-nod-002-window-000,nod,0.9881919053896797,sim-device-05-session-01-nod-008-window-000,nod,11.976135406025874,13.252550848751916
sim-device-06-session-03-nod-009-window-000,test,nod,same_label,sim-device-01-session-01-nod-002-window-000,nod,0.9881919053896797,sim-device-05-session-01-nod-008-window-000,nod,11.976135406025874,13.252550848751916
sim-device-06-session-03-nod-010-window-000,test,nod,any_label,sim-device-04-session-01-shake-013-window-000,shake,0.6283638662324267,sim-device-05-session-01-look_left_return-008-window-000,look_left_return,5.329099406489278,8.010359719120459
sim-device-06-session-03-nod-010-window-000,test,nod,same_label,sim-device-01-session-01-nod-004-window-000,nod,0.6801909223764464,sim-device-04-session-01-nod-014-window-000,nod,5.415528671900331,7.386065433566169
sim-device-06-session-03-nod-011-window-000,test,nod,any_label,sim-device-01-session-01-nod-010-window-000,nod,0.9752259055502901,sim-device-03-session-01-nod-017-window-000,nod,11.427865655529002,14.867595198965857
sim-device-06-session-03-nod-011-window-000,test,nod,same_label,sim-device-01-session-01-nod-010-window-000,nod,0.9752259055502901,sim-device-03-session-01-nod-017-window-000,nod,11.427865655529002,14.867595198965857
sim-device-06-session-03-nod-012-window-000,test,nod,any_label,sim-device-06-session-01-still-018-window-000,still,0.807056226937857,sim-device-02-session-01-nod-016-window-000,nod,7.813708167813404,12.660119426610539
sim-device-06-session-03-nod-012-window-000,test,nod,same_label,sim-device-01-session-01-nod-003-window-000,nod,0.8431521292442735,sim-device-02-session-01-nod-016-window-000,nod,7.813708167813404,9.483142311703615
sim-device-06-session-03-nod-013-window-000,test,nod,any_label,sim-device-01-session-01-nod-001-window-000,nod,0.9112410584567906,sim-device-06-session-01-nod-004-window-000,nod,6.954618577306526,10.699834728801088
sim-device-06-session-03-nod-013-window-000,test,nod,same_label,sim-device-01-session-01-nod-001-window-000,nod,0.9112410584567906,sim-device-06-session-01-nod-004-window-000,nod,6.954618577306526,10.699834728801088
sim-device-06-session-03-nod-014-window-000,test,nod,any_label,sim-device-01-session-01-still-017-window-000,still,0.6400001669938322,sim-device-04-session-01-nod-018-window-000,nod,4.291305369976278,6.0552688787883575
sim-device-06-session-03-nod-014-window-000,test,nod,same_label,sim-device-03-session-01-nod-014-window-000,nod,0.6917230262530815,sim-device-04-session-01-nod-018-window-000,nod,4.291305369976278,9.446176496031155
sim-device-06-session-03-nod-015-window-000,test,nod,any_label,sim-device-06-session-01-nod-017-window-000,nod,0.7962767557103173,sim-device-06-session-01-nod-017-window-000,nod,9.423770242597383,9.423770242597383
sim-device-06-session-03-nod-015-window-000,test,nod,same_label,sim-device-06-session-01-nod-017-window-000,nod,0.7962767557103173,sim-device-06-session-01-nod-017-window-000,nod,9.423770242597383,9.423770242597383
sim-device-06-session-03-nod-016-window-000,test,nod,any_label,sim-device-02-session-01-still-010-window-000,still,0.6278734469925096,sim-device-06-session-01-nod-019-window-000,nod,5.69126595327576,6.714333775809191
sim-device-06-session-03-nod-016-window-000,test,nod,same_label,sim-device-06-session-01-nod-019-window-000,nod,0.6579335160877697,sim-device-06-session-01-nod-019-window-000,nod,5.69126595327576,5.69126595327576
sim-device-06-session-03-nod-017-window-000,test,nod,any_label,sim-device-04-session-01-still-015-window-000,still,0.6226750256560928,sim-device-02-session-01-still-011-window-000,still,5.759751660985317,6.330040650457333
sim-device-06-session-03-nod-017-window-000,test,nod,same_label,sim-device-05-session-01-nod-011-window-000,nod,0.6484507603375544,sim-device-05-session-01-nod-011-window-000,nod,7.061767296928252,7.061767296928252
sim-device-06-session-03-nod-018-window-000,test,nod,any_label,sim-device-05-session-01-look_left_return-008-window-000,look_left_return,0.6415057642847907,sim-device-04-session-01-still-018-window-000,still,4.345244656334267,7.83652888764988
sim-device-06-session-03-nod-018-window-000,test,nod,same_label,sim-device-03-session-01-nod-018-window-000,nod,0.7076991879511166,sim-device-01-session-01-nod-004-window-000,nod,4.668739731859979,7.713658342856703
sim-device-06-session-03-nod-019-window-000,test,nod,any_label,sim-device-05-session-01-nod-008-window-000,nod,1.1905250095045212,sim-device-02-session-01-nod-009-window-000,nod,10.755357565551753,16.39878751112548
sim-device-06-session-03-nod-019-window-000,test,nod,same_label,sim-device-05-session-01-nod-008-window-000,nod,1.1905250095045212,sim-device-02-session-01-nod-009-window-000,nod,10.755357565551753,16.39878751112548
sim-device-06-session-03-nod-020-window-000,test,nod,any_label,sim-device-05-session-01-nod-017-window-000,nod,1.1473238409096576,sim-device-05-session-01-nod-017-window-000,nod,12.127555373104151,12.127555373104151
sim-device-06-session-03-nod-020-window-000,test,nod,same_label,sim-device-05-session-01-nod-017-window-000,nod,1.1473238409096576,sim-device-05-session-01-nod-017-window-000,nod,12.127555373104151,12.127555373104151
sim-device-06-session-03-shake-001-window-000,test,shake,any_label,sim-device-01-session-01-shake-019-window-000,shake,0.7815176410292853,sim-device-01-session-01-shake-019-window-000,shake,7.840711241605128,7.840711241605128
sim-device-06-session-03-shake-001-window-000,test,shake,same_label,sim-device-01-session-01-shake-019-window-000,shake,0.7815176410292853,sim-device-01-session-01-shake-019-window-000,shake,7.840711241605128,7.840711241605128
sim-device-06-session-03-shake-002-window-000,test,shake,any_label,sim-device-06-session-01-nod-002-window-000,nod,0.7120376568778845,sim-device-04-session-01-shake-008-window-000,shake,6.757721030459991,11.946975979451071
sim-device-06-session-03-shake-002-window-000,test,shake,same_label,sim-device-04-session-01-shake-008-window-000,shake,0.747362358099778,sim-device-04-session-01-shake-008-window-000,shake,6.757721030459991,6.757721030459991
sim-device-06-session-03-shake-003-window-000,test,shake,any_label,sim-device-05-session-01-look_right_return-008-window-000,look_right_return,0.6257248234228847,sim-device-02-session-01-shake-011-window-000,shake,7.3125580057559505,8.065025486085247
sim-device-06-session-03-shake-003-window-000,test,shake,same_label,sim-device-01-session-01-shake-014-window-000,shake,0.712644155851154,sim-device-02-session-01-shake-011-window-000,shake,7.3125580057559505,11.190677555925324
sim-device-06-session-03-shake-004-window-000,test,shake,any_label,sim-device-03-session-01-look_left_return-010-window-000,look_left_return,0.6492144232803811,sim-device-03-session-01-shake-009-window-000,shake,7.572798404195902,9.364790806734582
sim-device-06-session-03-shake-004-window-000,test,shake,same_label,sim-device-04-session-01-shake-006-window-000,shake,0.6892751359027763,sim-device-03-session-01-shake-009-window-000,shake,7.572798404195902,11.281874621886779
sim-device-06-session-03-shake-005-window-000,test,shake,any_label,sim-device-06-session-01-shake-015-window-000,shake,0.7846222334345586,sim-device-06-session-01-shake-015-window-000,shake,9.826673683411684,9.826673683411684
sim-device-06-session-03-shake-005-window-000,test,shake,same_label,sim-device-06-session-01-shake-015-window-000,shake,0.7846222334345586,sim-device-06-session-01-shake-015-window-000,shake,9.826673683411684,9.826673683411684
sim-device-06-session-03-shake-006-window-000,test,shake,any_label,sim-device-04-session-01-look_right_return-002-window-000,look_right_return,0.8571748131471202,sim-device-06-session-01-shake-009-window-000,shake,9.798457653782899,14.000519874463476
sim-device-06-session-03-shake-006-window-000,test,shake,same_label,sim-device-05-session-01-shake-008-window-000,shake,0.8574592149378623,sim-device-06-session-01-shake-009-window-000,shake,9.798457653782899,13.887787962212627
sim-device-06-session-03-shake-007-window-000,test,shake,any_label,sim-device-05-session-01-shake-005-window-000,shake,0.640083016074626,sim-device-06-session-01-shake-005-window-000,shake,6.752156200888312,9.66714464623413
sim-device-06-session-03-shake-007-window-000,test,shake,same_label,sim-device-05-session-01-shake-005-window-000,shake,0.640083016074626,sim-device-06-session-01-shake-005-window-000,shake,6.752156200888312,9.66714464623413
sim-device-06-session-03-shake-008-window-000,test,shake,any_label,sim-device-05-session-01-still-015-window-000,still,0.883416844830248,sim-device-06-session-01-shake-017-window-000,shake,7.007049300302184,15.558456238354605
sim-device-06-session-03-shake-008-window-000,test,shake,same_label,sim-device-04-session-01-shake-011-window-000,shake,0.9059650021978732,sim-device-06-session-01-shake-017-window-000,shake,7.007049300302184,12.252730068557433
sim-device-06-session-03-shake-009-window-000,test,shake,any_label,sim-device-01-session-01-still-013-window-000,still,0.5576190138395231,sim-device-05-session-01-still-013-window-000,still,4.736696369999727,7.485038466629073
sim-device-06-session-03-shake-009-window-000,test,shake,same_label,sim-device-03-session-01-shake-003-window-000,shake,0.6246277209117223,sim-device-01-session-01-shake-012-window-000,shake,5.357034722230777,10.757400900093373
sim-device-06-session-03-shake-010-window-000,test,shake,any_label,sim-device-03-session-01-look_right_return-006-window-000,look_right_return,0.683530247554359,sim-device-05-session-01-look_right_return-014-window-000,look_right_return,7.353220359098019,9.560263886852015
sim-device-06-session-03-shake-010-window-000,test,shake,same_label,sim-device-01-session-01-shake-020-window-000,shake,0.7033557154824842,sim-device-01-session-01-shake-020-window-000,shake,7.471166429496174,7.471166429496174
sim-device-06-session-03-shake-011-window-000,test,shake,any_label,sim-device-04-session-01-nod-002-window-000,nod,0.6418821680066676,sim-device-06-session-01-shake-012-window-000,shake,6.226478969221382,7.5720095467709605
sim-device-06-session-03-shake-011-window-000,test,shake,same_label,sim-device-03-session-01-shake-020-window-000,shake,0.7590897231934136,sim-device-06-session-01-shake-012-window-000,shake,6.226478969221382,12.288543503652594
sim-device-06-session-03-shake-012-window-000,test,shake,any_label,sim-device-01-session-01-shake-020-window-000,shake,0.8346481925027749,sim-device-02-session-01-shake-019-window-000,shake,8.521061774018744,12.587073694652856
sim-device-06-session-03-shake-012-window-000,test,shake,same_label,sim-device-01-session-01-shake-020-window-000,shake,0.8346481925027749,sim-device-02-session-01-shake-019-window-000,shake,8.521061774018744,12.587073694652856
sim-device-06-session-03-shake-013-window-000,test,shake,any_label,sim-device-06-session-01-shake-007-window-000,shake,0.921120179100289,sim-device-05-session-01-shake-001-window-000,shake,9.756644657208478,12.820896738959444
sim-device-06-session-03-shake-013-window-000,test,shake,same_label,sim-device-06-session-01-shake-007-window-000,shake,0.921120179100289,sim-device-05-session-01-shake-001-window-000,shake,9.756644657208478,12.820896738959444
sim-device-06-session-03-shake-014-window-000,test,shake,any_label,sim-device-02-session-01-shake-016-window-000,shake,0.7000476072009721,sim-device-02-session-01-shake-011-window-000,shake,4.951175348443961,8.93178765936233
sim-device-06-session-03-shake-014-window-000,test,shake,same_label,sim-device-02-session-01-shake-016-window-000,shake,0.7000476072009721,sim-device-02-session-01-shake-011-window-000,shake,4.951175348443961,8.93178765936233
sim-device-06-session-03-shake-015-window-000,test,shake,any_label,sim-device-06-session-01-shake-011-window-000,shake,0.7111426287236619,sim-device-04-session-01-shake-020-window-000,shake,7.637037190237319,10.230356797042576
sim-device-06-session-03-shake-015-window-000,test,shake,same_label,sim-device-06-session-01-shake-011-window-000,shake,0.7111426287236619,sim-device-04-session-01-shake-020-window-000,shake,7.637037190237319,10.230356797042576
sim-device-06-session-03-shake-016-window-000,test,shake,any_label,sim-device-06-session-01-look_right_return-003-window-000,look_right_return,0.7694777821751804,sim-device-06-session-01-look_right_return-004-window-000,look_right_return,8.343561952027693,12.558666921838668
sim-device-06-session-03-shake-016-window-000,test,shake,same_label,sim-device-02-session-01-shake-003-window-000,shake,0.8395991977240589,sim-device-01-session-01-shake-006-window-000,shake,9.275957421570784,17.666292854381556
sim-device-06-session-03-shake-017-window-000,test,shake,any_label,sim-device-01-session-01-still-020-window-000,still,0.5440279540630419,sim-device-03-session-01-still-016-window-000,still,4.956775680568863,7.1466814032550525
sim-device-06-session-03-shake-017-window-000,test,shake,same_label,sim-device-03-session-01-shake-003-window-000,shake,0.5976609635956911,sim-device-03-session-01-shake-019-window-000,shake,6.810169285655709,7.158835484929395
sim-device-06-session-03-shake-018-window-000,test,shake,any_label,sim-device-04-session-01-shake-013-window-000,shake,0.6487378436972046,sim-device-06-session-01-still-004-window-000,still,5.99724937705552,8.482685013999559
sim-device-06-session-03-shake-018-window-000,test,shake,same_label,sim-device-04-session-01-shake-013-window-000,shake,0.6487378436972046,sim-device-01-session-01-shake-011-window-000,shake,6.707635410233181,8.482685013999559
sim-device-06-session-03-shake-019-window-000,test,shake,any_label,sim-device-04-session-01-look_left_return-012-window-000,look_left_return,0.8743672003723425,sim-device-03-session-01-shake-008-window-000,shake,10.707014655398694,14.343795055624765
sim-device-06-session-03-shake-019-window-000,test,shake,same_label,sim-device-03-session-01-shake-008-window-000,shake,0.9275633416770117,sim-device-03-session-01-shake-008-window-000,shake,10.707014655398694,10.707014655398694
sim-device-06-session-03-shake-020-window-000,test,shake,any_label,sim-device-06-session-01-shake-005-window-000,shake,0.6108785272039469,sim-device-01-session-01-shake-012-window-000,shake,6.037617254065802,7.720805635489215
sim-device-06-session-03-shake-020-window-000,test,shake,same_label,sim-device-06-session-01-shake-005-window-000,shake,0.6108785272039469,sim-device-01-session-01-shake-012-window-000,shake,6.037617254065802,7.720805635489215
sim-device-06-session-03-still-001-window-000,test,still,any_label,sim-device-02-session-01-still-006-window-000,still,0.7006516957622385,sim-device-03-session-01-nod-002-window-000,nod,5.133776558531053,7.462077116962555
sim-device-06-session-03-still-001-window-000,test,still,same_label,sim-device-02-session-01-still-006-window-000,still,0.7006516957622385,sim-device-06-session-01-still-006-window-000,still,5.331872634415034,7.462077116962555
sim-device-06-session-03-still-002-window-000,test,still,any_label,sim-device-03-session-01-still-011-window-000,still,0.5356765163834302,sim-device-05-session-01-still-008-window-000,still,3.3677133920143882,4.725946543831086
sim-device-06-session-03-still-002-window-000,test,still,same_label,sim-device-03-session-01-still-011-window-000,still,0.5356765163834302,sim-device-05-session-01-still-008-window-000,still,3.3677133920143882,4.725946543831086
sim-device-06-session-03-still-003-window-000,test,still,any_label,sim-device-01-session-01-still-020-window-000,still,0.5382935787643044,sim-device-06-session-01-still-004-window-000,still,3.8403763461595877,6.701455534247738
sim-device-06-session-03-still-003-window-000,test,still,same_label,sim-device-01-session-01-still-020-window-000,still,0.5382935787643044,sim-device-06-session-01-still-004-window-000,still,3.8403763461595877,6.701455534247738
sim-device-06-session-03-still-004-window-000,test,still,any_label,sim-device-03-session-01-still-007-window-000,still,0.580154975257754,sim-device-03-session-01-still-009-window-000,still,3.486478015782763,4.920367683500933
sim-device-06-session-03-still-004-window-000,test,still,same_label,sim-device-03-session-01-still-007-window-000,still,0.580154975257754,sim-device-03-session-01-still-009-window-000,still,3.486478015782763,4.920367683500933
sim-device-06-session-03-still-005-window-000,test,still,any_label,sim-device-04-session-01-nod-005-window-000,nod,0.6201578776312802,sim-device-01-session-01-still-006-window-000,still,5.356253226415705,7.292568240570581
sim-device-06-session-03-still-005-window-000,test,still,same_label,sim-device-02-session-01-still-001-window-000,still,0.6840807046824515,sim-device-01-session-01-still-006-window-000,still,5.356253226415705,5.461382873536057
sim-device-06-session-03-still-006-window-000,test,still,any_label,sim-device-05-session-01-look_right_return-009-window-000,look_right_return,0.6473398400095363,sim-device-01-session-01-still-008-window-000,still,3.7330044615090405,8.909033258135572
sim-device-06-session-03-still-006-window-000,test,still,same_label,sim-device-06-session-01-still-007-window-000,still,0.6704778571957402,sim-device-01-session-01-still-008-window-000,still,3.7330044615090405,4.846304759816998
sim-device-06-session-03-still-007-window-000,test,still,any_label,sim-device-06-session-01-shake-018-window-000,shake,0.6546122566037488,sim-device-03-session-01-still-003-window-000,still,3.2015025801444184,7.068872870378131
sim-device-06-session-03-still-007-window-000,test,still,same_label,sim-device-06-session-01-still-020-window-000,still,0.6970878879467826,sim-device-03-session-01-still-003-window-000,still,3.2015025801444184,5.640282637139005
sim-device-06-session-03-still-008-window-000,test,still,any_label,sim-device-06-session-01-nod-013-window-000,nod,0.6513548754723872,sim-device-03-session-01-still-011-window-000,still,4.674878254681231,6.294548652764677
sim-device-06-session-03-still-008-window-000,test,still,same_label,sim-device-04-session-01-still-011-window-000,still,0.7714289558622431,sim-device-03-session-01-still-011-window-000,still,4.674878254681231,7.223516579142273
sim-device-06-session-03-still-009-window-000,test,still,any_label,sim-device-02-session-01-still-011-window-000,still,0.5442637715470882,sim-device-03-session-01-still-011-window-000,still,3.5385471014066265,4.607129848625281
sim-device-06-session-03-still-009-window-000,test,still,same_label,sim-device-02-session-01-still-011-window-000,still,0.5442637715470882,sim-device-03-session-01-still-011-window-000,still,3.5385471014066265,4.607129848625281
sim-device-06-session-03-still-010-window-000,test,still,any_label,sim-device-04-session-01-still-006-window-000,still,0.5913318859187606,sim-device-03-session-01-still-015-window-000,still,4.0032599574657715,5.674918837370795
sim-device-06-session-03-still-010-window-000,test,still,same_label,sim-device-04-session-01-still-006-window-000,still,0.5913318859187606,sim-device-03-session-01-still-015-window-000,still,4.0032599574657715,5.674918837370795
sim-device-06-session-03-still-011-window-000,test,still,any_label,sim-device-04-session-01-still-020-window-000,still,0.6161775970057711,sim-device-01-session-01-still-008-window-000,still,3.770937456827898,8.585563029160346
sim-device-06-session-03-still-011-window-000,test,still,same_label,sim-device-04-session-01-still-020-window-000,still,0.6161775970057711,sim-device-01-session-01-still-008-window-000,still,3.770937456827898,8.585563029160346
sim-device-06-session-03-still-012-window-000,test,still,any_label,sim-device-05-session-01-nod-014-window-000,nod,0.6053654473972406,sim-device-02-session-01-still-001-window-000,still,3.8012819281281267,6.002004211124342
sim-device-06-session-03-still-012-window-000,test,still,same_label,sim-device-06-session-01-still-020-window-000,still,0.6312549672266311,sim-device-02-session-01-still-001-window-000,still,3.8012819281281267,6.13856939527511
sim-device-06-session-03-still-013-window-000,test,still,any_label,sim-device-04-session-01-still-011-window-000,still,0.5611693035336447,sim-device-03-session-01-still-004-window-000,still,3.169338697848241,3.787774637983517
sim-device-06-session-03-still-013-window-000,test,still,same_label,sim-device-04-session-01-still-011-window-000,still,0.5611693035336447,sim-device-03-session-01-still-004-window-000,still,3.169338697848241,3.787774637983517
sim-device-06-session-03-still-014-window-000,test,still,any_label,sim-device-05-session-01-still-013-window-000,still,0.7061470701517666,sim-device-02-session-01-still-006-window-000,still,3.663698786301024,5.875214291674876
sim-device-06-session-03-still-014-window-000,test,still,same_label,sim-device-05-session-01-still-013-window-000,still,0.7061470701517666,sim-device-02-session-01-still-006-window-000,still,3.663698786301024,5.875214291674876
sim-device-06-session-03-still-015-window-000,test,still,any_label,sim-device-05-session-01-look_left_return-008-window-000,look_left_return,0.5439463671020537,sim-device-06-session-01-still-004-window-000,still,3.9287338838863133,6.778699974008189
sim-device-06-session-03-still-015-window-000,test,still,same_label,sim-device-05-session-01-still-013-window-000,still,0.5529690764462712,sim-device-06-session-01-still-004-window-000,still,3.9287338838863133,5.3475228465924864
sim-device-06-session-03-still-016-window-000,test,still,any_label,sim-device-01-session-01-still-008-window-000,still,0.6025624258313208,sim-device-04-session-01-still-020-window-000,still,3.2603019659680434,5.828853772723541
sim-device-06-session-03-still-016-window-000,test,still,same_label,sim-device-01-session-01-still-008-window-000,still,0.6025624258313208,sim-device-04-session-01-still-020-window-000,still,3.2603019659680434,5.828853772723541
sim-device-06-session-03-still-017-window-000,test,still,any_label,sim-device-03-session-01-still-003-window-000,still,0.6414003557864709,sim-device-04-session-01-still-004-window-000,still,4.11704924656279,5.117653942011152
sim-device-06-session-03-still-017-window-000,test,still,same_label,sim-device-03-session-01-still-003-window-000,still,0.6414003557864709,sim-device-04-session-01-still-004-window-000,still,4.11704924656279,5.117653942011152
sim-device-06-session-03-still-018-window-000,test,still,any_label,sim-device-05-session-01-still-002-window-000,still,0.5410625038173119,sim-device-04-session-01-still-008-window-000,still,3.557900603337606,4.504758053598223
sim-device-06-session-03-still-018-window-000,test,still,same_label,sim-device-05-session-01-still-002-window-000,still,0.5410625038173119,sim-device-04-session-01-still-008-window-000,still,3.557900603337606,4.504758053598223
sim-device-06-session-03-still-019-window-000,test,still,any_label,sim-device-01-session-01-still-008-window-000,still,0.5613968698549842,sim-device-05-session-01-still-017-window-000,still,3.415610177400434,5.623991014855936
sim-device-06-session-03-still-019-window-000,test,still,same_label,sim-device-01-session-01-still-008-window-000,still,0.5613968698549842,sim-device-05-session-01-still-017-window-000,still,3.415610177400434,5.623991014855936
sim-device-06-session-03-still-020-window-000,test,still,any_label,sim-device-05-session-01-still-011-window-000,still,0.5890492749691132,sim-device-02-session-01-still-014-window-000,still,2.821538253739446,5.9677020144502535
sim-device-06-session-03-still-020-window-000,test,still,same_label,sim-device-05-session-01-still-011-window-000,still,0.5890492749691132,sim-device-02-session-01-still-014-window-000,still,2.821538253739446,5.9677020144502535
