condition,phase,path,decision,reason,stage,count,p50_ms,p95_ms,p99_ms,max_ms
forest_motion_forest_anomaly,condition_first_use,bad_tag_receiver,reject,invalid_tag,envelope_and_binary_parser,1,1.378,1.378,1.378,1.378
forest_motion_forest_anomaly,condition_first_use,bad_tag_receiver,reject,invalid_tag,verifier_audit_commit,1,0.0016,0.0016,0.0016,0.0016
forest_motion_forest_anomaly,condition_first_use,bad_tag_receiver,reject,invalid_tag,verifier_audit_prepare,1,0.0039,0.0039,0.0039,0.0039
forest_motion_forest_anomaly,condition_first_use,bad_tag_receiver,reject,invalid_tag,verifier_audit_record,1,0.0282,0.0282,0.0282,0.0282
forest_motion_forest_anomaly,condition_first_use,bad_tag_receiver,reject,invalid_tag,verifier_authentication_total,1,1.5137,1.5137,1.5137,1.5137
forest_motion_forest_anomaly,condition_first_use,bad_tag_receiver,reject,invalid_tag,window_hmac_verification_calculation,1,0.0174,0.0174,0.0174,0.0174
forest_motion_forest_anomaly,condition_first_use,exact_replay_receiver,reject,duplicate_sequence,envelope_and_binary_parser,1,1.3427,1.3427,1.3427,1.3427
forest_motion_forest_anomaly,condition_first_use,exact_replay_receiver,reject,duplicate_sequence,verifier_audit_commit,1,0.0013,0.0013,0.0013,0.0013
forest_motion_forest_anomaly,condition_first_use,exact_replay_receiver,reject,duplicate_sequence,verifier_audit_prepare,1,0.004,0.004,0.004,0.004
forest_motion_forest_anomaly,condition_first_use,exact_replay_receiver,reject,duplicate_sequence,verifier_audit_record,1,0.043,0.043,0.043,0.043
forest_motion_forest_anomaly,condition_first_use,exact_replay_receiver,reject,duplicate_sequence,verifier_authentication_total,1,4.9109,4.9109,4.9109,4.9109
forest_motion_forest_anomaly,condition_first_use,exact_replay_receiver,reject,duplicate_sequence,verifier_quality_check,1,3.3911,3.3911,3.3911,3.3911
forest_motion_forest_anomaly,condition_first_use,exact_replay_receiver,reject,duplicate_sequence,window_hmac_verification_calculation,1,0.0318,0.0318,0.0318,0.0318
forest_motion_forest_anomaly,condition_first_use,fresh_to_first_window,accept,accepted,accepted_release_and_consumers,1,26.2752,26.2752,26.2752,26.2752
forest_motion_forest_anomaly,condition_first_use,fresh_to_first_window,accept,accepted,admission_total,1,3.5853,3.5853,3.5853,3.5853
forest_motion_forest_anomaly,condition_first_use,fresh_to_first_window,accept,accepted,anomaly_consumer_including_threshold,1,5.9194,5.9194,5.9194,5.9194
forest_motion_forest_anomaly,condition_first_use,fresh_to_first_window,accept,accepted,binary32_adapter,1,1.0527,1.0527,1.0527,1.0527
forest_motion_forest_anomaly,condition_first_use,fresh_to_first_window,accept,accepted,envelope_and_binary_parser,1,1.5697,1.5697,1.5697,1.5697
forest_motion_forest_anomaly,condition_first_use,fresh_to_first_window,accept,accepted,first_post_window_total,1,38.415,38.415,38.415,38.415
forest_motion_forest_anomaly,condition_first_use,fresh_to_first_window,accept,accepted,independent_credential_verification,1,0.0586,0.0586,0.0586,0.0586
forest_motion_forest_anomaly,condition_first_use,fresh_to_first_window,accept,accepted,local_authorization_including_verification,1,0.0756,0.0756,0.0756,0.0756
forest_motion_forest_anomaly,condition_first_use,fresh_to_first_window,accept,accepted,local_challenge_binding,1,0.0142,0.0142,0.0142,0.0142
forest_motion_forest_anomaly,condition_first_use,fresh_to_first_window,accept,accepted,local_request_binding,1,0.0101,0.0101,0.0101,0.0101
forest_motion_forest_anomaly,condition_first_use,fresh_to_first_window,accept,accepted,motion_consumer_including_normalization,1,16.4015,16.4015,16.4015,16.4015
forest_motion_forest_anomaly,condition_first_use,fresh_to_first_window,accept,accepted,prepare_both_model_inputs,1,3.382,3.382,3.382,3.382
forest_motion_forest_anomaly,condition_first_use,fresh_to_first_window,accept,accepted,receiver_challenge,1,0.1765,0.1765,0.1765,0.1765
forest_motion_forest_anomaly,condition_first_use,fresh_to_first_window,accept,accepted,receiver_confirmation,1,0.1186,0.1186,0.1186,0.1186
forest_motion_forest_anomaly,condition_first_use,fresh_to_first_window,accept,accepted,receiver_local_admission,1,0.0103,0.0103,0.0103,0.0103
forest_motion_forest_anomaly,condition_first_use,fresh_to_first_window,accept,accepted,reconstruction,1,2.7048,2.7048,2.7048,2.7048
forest_motion_forest_anomaly,condition_first_use,fresh_to_first_window,accept,accepted,response_generation_simulator,1,0.1479,0.1479,0.1479,0.1479
forest_motion_forest_anomaly,condition_first_use,fresh_to_first_window,accept,accepted,sender_activation,1,0.0827,0.0827,0.0827,0.0827
forest_motion_forest_anomaly,condition_first_use,fresh_to_first_window,accept,accepted,sender_admission_and_request,1,0.2285,0.2285,0.2285,0.2285
forest_motion_forest_anomaly,condition_first_use,fresh_to_first_window,accept,accepted,sender_audit_commit,1,0.0035,0.0035,0.0035,0.0035
forest_motion_forest_anomaly,condition_first_use,fresh_to_first_window,accept,accepted,sender_audit_prepare,1,0.01,0.01,0.01,0.01
forest_motion_forest_anomaly,condition_first_use,fresh_to_first_window,accept,accepted,sender_audit_record,1,0.104,0.104,0.104,0.104
forest_motion_forest_anomaly,condition_first_use,fresh_to_first_window,accept,accepted,sender_confirmation,1,0.0803,0.0803,0.0803,0.0803
forest_motion_forest_anomaly,condition_first_use,fresh_to_first_window,accept,accepted,sender_local_admission_claim,1,0.0128,0.0128,0.0128,0.0128
forest_motion_forest_anomaly,condition_first_use,fresh_to_first_window,accept,accepted,sender_seal_total,1,4.9339,4.9339,4.9339,4.9339
forest_motion_forest_anomaly,condition_first_use,fresh_to_first_window,accept,accepted,serialization_including_quality,1,4.7677,4.7677,4.7677,4.7677
forest_motion_forest_anomaly,condition_first_use,fresh_to_first_window,accept,accepted,verifier_audit_commit,1,0.0027,0.0027,0.0027,0.0027
forest_motion_forest_anomaly,condition_first_use,fresh_to_first_window,accept,accepted,verifier_audit_prepare,1,0.0084,0.0084,0.0084,0.0084
forest_motion_forest_anomaly,condition_first_use,fresh_to_first_window,accept,accepted,verifier_audit_record,1,0.0661,0.0661,0.0661,0.0661
forest_motion_forest_anomaly,condition_first_use,fresh_to_first_window,accept,accepted,verifier_authentication_total,1,6.053,6.053,6.053,6.053
forest_motion_forest_anomaly,condition_first_use,fresh_to_first_window,accept,accepted,verifier_quality_check,1,4.3488,4.3488,4.3488,4.3488
forest_motion_forest_anomaly,condition_first_use,fresh_to_first_window,accept,accepted,window_hmac_generation,1,0.0136,0.0136,0.0136,0.0136
forest_motion_forest_anomaly,condition_first_use,fresh_to_first_window,accept,accepted,window_hmac_verification_calculation,1,0.0158,0.0158,0.0158,0.0158
forest_motion_forest_anomaly,condition_first_use,malformed_json_receiver,reject,malformed_message,envelope_and_binary_parser,1,0.0271,0.0271,0.0271,0.0271
forest_motion_forest_anomaly,condition_first_use,malformed_json_receiver,reject,malformed_message,verifier_audit_commit,1,0.0012,0.0012,0.0012,0.0012
forest_motion_forest_anomaly,condition_first_use,malformed_json_receiver,reject,malformed_message,verifier_audit_prepare,1,0.0039,0.0039,0.0039,0.0039
forest_motion_forest_anomaly,condition_first_use,malformed_json_receiver,reject,malformed_message,verifier_audit_record,1,0.0356,0.0356,0.0356,0.0356
forest_motion_forest_anomaly,condition_first_use,malformed_json_receiver,reject,malformed_message,verifier_authentication_total,1,0.1012,0.1012,0.1012,0.1012
forest_motion_forest_anomaly,condition_first_use,post_window_after_refusals,accept,accepted,accepted_release_and_consumers,1,22.2494,22.2494,22.2494,22.2494
forest_motion_forest_anomaly,condition_first_use,post_window_after_refusals,accept,accepted,anomaly_consumer_including_threshold,1,4.9236,4.9236,4.9236,4.9236
forest_motion_forest_anomaly,condition_first_use,post_window_after_refusals,accept,accepted,binary32_adapter,1,0.7901,0.7901,0.7901,0.7901
forest_motion_forest_anomaly,condition_first_use,post_window_after_refusals,accept,accepted,envelope_and_binary_parser,1,1.1766,1.1766,1.1766,1.1766
forest_motion_forest_anomaly,condition_first_use,post_window_after_refusals,accept,accepted,motion_consumer_including_normalization,1,13.5374,13.5374,13.5374,13.5374
forest_motion_forest_anomaly,condition_first_use,post_window_after_refusals,accept,accepted,prepare_both_model_inputs,1,3.2544,3.2544,3.2544,3.2544
forest_motion_forest_anomaly,condition_first_use,post_window_after_refusals,accept,accepted,sender_audit_commit,1,0.0011,0.0011,0.0011,0.0011
forest_motion_forest_anomaly,condition_first_use,post_window_after_refusals,accept,accepted,sender_audit_prepare,1,0.0034,0.0034,0.0034,0.0034
forest_motion_forest_anomaly,condition_first_use,post_window_after_refusals,accept,accepted,sender_audit_record,1,0.0371,0.0371,0.0371,0.0371
forest_motion_forest_anomaly,condition_first_use,post_window_after_refusals,accept,accepted,sender_seal_total,1,3.8913,3.8913,3.8913,3.8913
forest_motion_forest_anomaly,condition_first_use,post_window_after_refusals,accept,accepted,serialization_including_quality,1,3.7249,3.7249,3.7249,3.7249
forest_motion_forest_anomaly,condition_first_use,post_window_after_refusals,accept,accepted,verifier_audit_commit,1,0.0016,0.0016,0.0016,0.0016
forest_motion_forest_anomaly,condition_first_use,post_window_after_refusals,accept,accepted,verifier_audit_prepare,1,0.0054,0.0054,0.0054,0.0054
forest_motion_forest_anomaly,condition_first_use,post_window_after_refusals,accept,accepted,verifier_audit_record,1,0.0206,0.0206,0.0206,0.0206
forest_motion_forest_anomaly,condition_first_use,post_window_after_refusals,accept,accepted,verifier_authentication_total,1,4.8438,4.8438,4.8438,4.8438
forest_motion_forest_anomaly,condition_first_use,post_window_after_refusals,accept,accepted,verifier_quality_check,1,3.5449,3.5449,3.5449,3.5449
forest_motion_forest_anomaly,condition_first_use,post_window_after_refusals,accept,accepted,window_hmac_generation,1,0.031,0.031,0.031,0.031
forest_motion_forest_anomaly,condition_first_use,post_window_after_refusals,accept,accepted,window_hmac_verification_calculation,1,0.0139,0.0139,0.0139,0.0139
forest_motion_forest_anomaly,condition_first_use,post_window_recurring,accept,accepted,accepted_release_and_consumers,1,26.4462,26.4462,26.4462,26.4462
forest_motion_forest_anomaly,condition_first_use,post_window_recurring,accept,accepted,anomaly_consumer_including_threshold,1,6.2318,6.2318,6.2318,6.2318
forest_motion_forest_anomaly,condition_first_use,post_window_recurring,accept,accepted,binary32_adapter,1,1.0695,1.0695,1.0695,1.0695
forest_motion_forest_anomaly,condition_first_use,post_window_recurring,accept,accepted,envelope_and_binary_parser,1,1.5561,1.5561,1.5561,1.5561
forest_motion_forest_anomaly,condition_first_use,post_window_recurring,accept,accepted,motion_consumer_including_normalization,1,16.2124,16.2124,16.2124,16.2124
forest_motion_forest_anomaly,condition_first_use,post_window_recurring,accept,accepted,prepare_both_model_inputs,1,3.4087,3.4087,3.4087,3.4087
forest_motion_forest_anomaly,condition_first_use,post_window_recurring,accept,accepted,sender_audit_commit,1,0.0015,0.0015,0.0015,0.0015
forest_motion_forest_anomaly,condition_first_use,post_window_recurring,accept,accepted,sender_audit_prepare,1,0.0044,0.0044,0.0044,0.0044
forest_motion_forest_anomaly,condition_first_use,post_window_recurring,accept,accepted,sender_audit_record,1,0.0651,0.0651,0.0651,0.0651
forest_motion_forest_anomaly,condition_first_use,post_window_recurring,accept,accepted,sender_seal_total,1,5.0915,5.0915,5.0915,5.0915
forest_motion_forest_anomaly,condition_first_use,post_window_recurring,accept,accepted,serialization_including_quality,1,4.8375,4.8375,4.8375,4.8375
forest_motion_forest_anomaly,condition_first_use,post_window_recurring,accept,accepted,verifier_audit_commit,1,0.0016,0.0016,0.0016,0.0016
forest_motion_forest_anomaly,condition_first_use,post_window_recurring,accept,accepted,verifier_audit_prepare,1,0.0047,0.0047,0.0047,0.0047
forest_motion_forest_anomaly,condition_first_use,post_window_recurring,accept,accepted,verifier_audit_record,1,0.0253,0.0253,0.0253,0.0253
forest_motion_forest_anomaly,condition_first_use,post_window_recurring,accept,accepted,verifier_authentication_total,1,5.9612,5.9612,5.9612,5.9612
forest_motion_forest_anomaly,condition_first_use,post_window_recurring,accept,accepted,verifier_quality_check,1,4.2693,4.2693,4.2693,4.2693
forest_motion_forest_anomaly,condition_first_use,post_window_recurring,accept,accepted,window_hmac_generation,1,0.0404,0.0404,0.0404,0.0404
forest_motion_forest_anomaly,condition_first_use,post_window_recurring,accept,accepted,window_hmac_verification_calculation,1,0.0182,0.0182,0.0182,0.0182
forest_motion_forest_anomaly,condition_first_use,pre_tag_quality_refusal,reject,data_quality_failure,binary32_adapter,1,0.8439,0.8439,0.8439,0.8439
forest_motion_forest_anomaly,condition_first_use,pre_tag_quality_refusal,reject,data_quality_failure,sender_audit_commit,1,0.001,0.001,0.001,0.001
forest_motion_forest_anomaly,condition_first_use,pre_tag_quality_refusal,reject,data_quality_failure,sender_audit_prepare,1,0.003,0.003,0.003,0.003
forest_motion_forest_anomaly,condition_first_use,pre_tag_quality_refusal,reject,data_quality_failure,sender_audit_record,1,0.0331,0.0331,0.0331,0.0331
forest_motion_forest_anomaly,condition_first_use,pre_tag_quality_refusal,reject,data_quality_failure,sender_seal_total,1,0.4559,0.4559,0.4559,0.4559
forest_motion_forest_anomaly,condition_first_use,pre_tag_quality_refusal,reject,data_quality_failure,serialization_including_quality,1,0.3646,0.3646,0.3646,0.3646
forest_motion_forest_anomaly,condition_first_use,valid_receiver_after_bad_tag,accept,accepted,accepted_release_and_consumers,1,23.4668,23.4668,23.4668,23.4668
forest_motion_forest_anomaly,condition_first_use,valid_receiver_after_bad_tag,accept,accepted,anomaly_consumer_including_threshold,1,4.8058,4.8058,4.8058,4.8058
forest_motion_forest_anomaly,condition_first_use,valid_receiver_after_bad_tag,accept,accepted,envelope_and_binary_parser,1,1.3293,1.3293,1.3293,1.3293
forest_motion_forest_anomaly,condition_first_use,valid_receiver_after_bad_tag,accept,accepted,motion_consumer_including_normalization,1,14.8892,14.8892,14.8892,14.8892
forest_motion_forest_anomaly,condition_first_use,valid_receiver_after_bad_tag,accept,accepted,prepare_both_model_inputs,1,3.255,3.255,3.255,3.255
forest_motion_forest_anomaly,condition_first_use,valid_receiver_after_bad_tag,accept,accepted,verifier_audit_commit,1,0.0013,0.0013,0.0013,0.0013
forest_motion_forest_anomaly,condition_first_use,valid_receiver_after_bad_tag,accept,accepted,verifier_audit_prepare,1,0.0039,0.0039,0.0039,0.0039
forest_motion_forest_anomaly,condition_first_use,valid_receiver_after_bad_tag,accept,accepted,verifier_audit_record,1,0.0325,0.0325,0.0325,0.0325
forest_motion_forest_anomaly,condition_first_use,valid_receiver_after_bad_tag,accept,accepted,verifier_authentication_total,1,5.7355,5.7355,5.7355,5.7355
forest_motion_forest_anomaly,condition_first_use,valid_receiver_after_bad_tag,accept,accepted,verifier_quality_check,1,4.2792,4.2792,4.2792,4.2792
forest_motion_forest_anomaly,condition_first_use,valid_receiver_after_bad_tag,accept,accepted,window_hmac_verification_calculation,1,0.0154,0.0154,0.0154,0.0154
forest_motion_forest_anomaly,measured,bad_tag_receiver,reject,invalid_tag,envelope_and_binary_parser,599,1.3204,1.76518,2.1419379999999997,2.5994
forest_motion_forest_anomaly,measured,bad_tag_receiver,reject,invalid_tag,verifier_audit_commit,599,0.0013,0.0026,0.0029,0.0048
forest_motion_forest_anomaly,measured,bad_tag_receiver,reject,invalid_tag,verifier_audit_prepare,599,0.0038,0.0065,0.007301999999999999,0.0266
forest_motion_forest_anomaly,measured,bad_tag_receiver,reject,invalid_tag,verifier_audit_record,599,0.0274,0.04291,0.057217999999999984,0.1046
forest_motion_forest_anomaly,measured,bad_tag_receiver,reject,invalid_tag,verifier_authentication_total,599,1.4529,1.97956,2.357565999999999,2.828
forest_motion_forest_anomaly,measured,bad_tag_receiver,reject,invalid_tag,window_hmac_verification_calculation,599,0.0166,0.029920000000000002,0.03962199999999998,0.1575
forest_motion_forest_anomaly,measured,exact_replay_receiver,reject,duplicate_sequence,envelope_and_binary_parser,599,1.2782,3.80932,4.71017,283.6181
forest_motion_forest_anomaly,measured,exact_replay_receiver,reject,duplicate_sequence,verifier_audit_commit,599,0.0013,0.0023,0.0027,0.0031
forest_motion_forest_anomaly,measured,exact_replay_receiver,reject,duplicate_sequence,verifier_audit_prepare,599,0.0044,0.0074,0.009605999999999995,0.0188
forest_motion_forest_anomaly,measured,exact_replay_receiver,reject,duplicate_sequence,verifier_audit_record,599,0.0408,0.06086000000000001,0.07517999999999993,3.0007
forest_motion_forest_anomaly,measured,exact_replay_receiver,reject,duplicate_sequence,verifier_authentication_total,599,4.7288,7.464960000000001,9.080009999999985,287.9153
forest_motion_forest_anomaly,measured,exact_replay_receiver,reject,duplicate_sequence,verifier_quality_check,599,3.2512,4.664340000000001,5.351296,5.9667
forest_motion_forest_anomaly,measured,exact_replay_receiver,reject,duplicate_sequence,window_hmac_verification_calculation,599,0.0245,0.03951,0.046319999999999986,0.0583
forest_motion_forest_anomaly,measured,fresh_to_first_window,accept,accepted,accepted_release_and_consumers,599,26.1439,36.52485,38.62245599999999,83.9493
forest_motion_forest_anomaly,measured,fresh_to_first_window,accept,accepted,admission_total,599,3.8702,8.145130000000002,8.952184,27.5645
forest_motion_forest_anomaly,measured,fresh_to_first_window,accept,accepted,anomaly_consumer_including_threshold,599,5.7649,8.2136,9.162505999999999,39.3165
forest_motion_forest_anomaly,measured,fresh_to_first_window,accept,accepted,binary32_adapter,599,0.996,1.36942,1.5480159999999998,3.0751
forest_motion_forest_anomaly,measured,fresh_to_first_window,accept,accepted,envelope_and_binary_parser,599,1.5098,3.9624100000000015,5.429523999999997,245.0527
forest_motion_forest_anomaly,measured,fresh_to_first_window,accept,accepted,first_post_window_total,599,38.0085,52.21011,56.26905799999999,271.643
forest_motion_forest_anomaly,measured,fresh_to_first_window,accept,accepted,independent_credential_verification,599,0.0476,0.07211,0.08314799999999996,0.1005
forest_motion_forest_anomaly,measured,fresh_to_first_window,accept,accepted,local_authorization_including_verification,599,0.0634,0.09771,0.11505599999999994,0.132
forest_motion_forest_anomaly,measured,fresh_to_first_window,accept,accepted,local_challenge_binding,599,0.0071,0.0115,0.0141,0.0239
forest_motion_forest_anomaly,measured,fresh_to_first_window,accept,accepted,local_request_binding,599,0.0091,0.0143,0.015919999999999983,0.0601
forest_motion_forest_anomaly,measured,fresh_to_first_window,accept,accepted,motion_consumer_including_normalization,599,16.3623,22.98037,24.483094,37.9541
forest_motion_forest_anomaly,measured,fresh_to_first_window,accept,accepted,prepare_both_model_inputs,599,3.1895,4.9133,5.479321999999998,6.0597
forest_motion_forest_anomaly,measured,fresh_to_first_window,accept,accepted,receiver_challenge,599,0.1163,0.17687000000000003,0.20587799999999995,0.5188
forest_motion_forest_anomaly,measured,fresh_to_first_window,accept,accepted,receiver_confirmation,599,0.0989,0.14952000000000007,0.17241999999999988,0.4855
forest_motion_forest_anomaly,measured,fresh_to_first_window,accept,accepted,receiver_local_admission,599,0.009,0.0145,0.018209999999999994,0.1462
forest_motion_forest_anomaly,measured,fresh_to_first_window,accept,accepted,reconstruction,599,3.0574,7.045060000000002,7.809998,26.6323
forest_motion_forest_anomaly,measured,fresh_to_first_window,accept,accepted,response_generation_simulator,599,0.142,0.20995,0.27722799999999986,0.5283
forest_motion_forest_anomaly,measured,fresh_to_first_window,accept,accepted,sender_activation,599,0.0745,0.10857000000000001,0.12642999999999996,0.4478
forest_motion_forest_anomaly,measured,fresh_to_first_window,accept,accepted,sender_admission_and_request,599,0.1977,0.3089300000000001,0.356826,0.3987
forest_motion_forest_anomaly,measured,fresh_to_first_window,accept,accepted,sender_audit_commit,599,0.0032,0.0063,0.0068,0.008
forest_motion_forest_anomaly,measured,fresh_to_first_window,accept,accepted,sender_audit_prepare,599,0.0094,0.015610000000000002,0.017605999999999993,0.0289
forest_motion_forest_anomaly,measured,fresh_to_first_window,accept,accepted,sender_audit_record,599,0.0984,0.15346000000000004,0.183706,0.2339
forest_motion_forest_anomaly,measured,fresh_to_first_window,accept,accepted,sender_confirmation,599,0.072,0.10841,0.1296059999999999,0.2273
forest_motion_forest_anomaly,measured,fresh_to_first_window,accept,accepted,sender_local_admission_claim,599,0.0108,0.0166,0.020327999999999975,0.075
forest_motion_forest_anomaly,measured,fresh_to_first_window,accept,accepted,sender_seal_total,599,4.6812,6.28909,6.776634,9.0667
forest_motion_forest_anomaly,measured,fresh_to_first_window,accept,accepted,serialization_including_quality,599,4.5243,6.03055,6.467998,8.7127
forest_motion_forest_anomaly,measured,fresh_to_first_window,accept,accepted,verifier_audit_commit,599,0.0023,0.0045,0.0049,0.0053
forest_motion_forest_anomaly,measured,fresh_to_first_window,accept,accepted,verifier_audit_prepare,599,0.007,0.012110000000000001,0.014319999999999982,0.0276
forest_motion_forest_anomaly,measured,fresh_to_first_window,accept,accepted,verifier_audit_record,599,0.0512,0.0771,0.09223799999999997,0.1107
forest_motion_forest_anomaly,measured,fresh_to_first_window,accept,accepted,verifier_authentication_total,599,5.794,8.47959,11.129955999999996,248.0351
forest_motion_forest_anomaly,measured,fresh_to_first_window,accept,accepted,verifier_quality_check,599,4.1337,5.58832,6.1184319999999985,7.1965
forest_motion_forest_anomaly,measured,fresh_to_first_window,accept,accepted,window_hmac_generation,599,0.0163,0.032220000000000006,0.04400799999999999,0.0982
forest_motion_forest_anomaly,measured,fresh_to_first_window,accept,accepted,window_hmac_verification_calculation,599,0.0151,0.026410000000000003,0.036905999999999994,0.0547
forest_motion_forest_anomaly,measured,fresh_to_first_window,reject,failed_reconstruction,admission_total,1,4.8436,4.8436,4.8436,4.8436
forest_motion_forest_anomaly,measured,fresh_to_first_window,reject,failed_reconstruction,reconstruction,1,4.5945,4.5945,4.5945,4.5945
forest_motion_forest_anomaly,measured,fresh_to_first_window,reject,failed_reconstruction,response_generation_simulator,1,0.137,0.137,0.137,0.137
forest_motion_forest_anomaly,measured,fresh_to_first_window,reject,failed_reconstruction,sender_admission_and_request,1,0.0895,0.0895,0.0895,0.0895
forest_motion_forest_anomaly,measured,fresh_to_first_window,reject,failed_reconstruction,sender_audit_commit,1,0.0011,0.0011,0.0011,0.0011
forest_motion_forest_anomaly,measured,fresh_to_first_window,reject,failed_reconstruction,sender_audit_prepare,1,0.0032,0.0032,0.0032,0.0032
forest_motion_forest_anomaly,measured,fresh_to_first_window,reject,failed_reconstruction,sender_audit_record,1,0.0332,0.0332,0.0332,0.0332
forest_motion_forest_anomaly,measured,malformed_json_receiver,reject,malformed_message,envelope_and_binary_parser,599,0.0251,0.041830000000000006,0.05481399999999999,0.2785
forest_motion_forest_anomaly,measured,malformed_json_receiver,reject,malformed_message,verifier_audit_commit,599,0.0011,0.0018,0.002301999999999998,0.0026
forest_motion_forest_anomaly,measured,malformed_json_receiver,reject,malformed_message,verifier_audit_prepare,599,0.0029,0.0046,0.006401999999999998,0.0106
forest_motion_forest_anomaly,measured,malformed_json_receiver,reject,malformed_message,verifier_audit_record,599,0.0336,0.05715000000000001,0.07450999999999998,0.1053
forest_motion_forest_anomaly,measured,malformed_json_receiver,reject,malformed_message,verifier_authentication_total,599,0.0946,0.15566000000000008,0.20464199999999988,1.2885
forest_motion_forest_anomaly,measured,post_window_after_refusals,accept,accepted,accepted_release_and_consumers,599,19.7632,26.85148,33.431164,59.142
forest_motion_forest_anomaly,measured,post_window_after_refusals,accept,accepted,anomaly_consumer_including_threshold,599,4.3768,5.95794,7.6764179999999955,18.6365
forest_motion_forest_anomaly,measured,post_window_after_refusals,accept,accepted,binary32_adapter,599,0.7487,1.10709,1.3059639999999997,1.7959
forest_motion_forest_anomaly,measured,post_window_after_refusals,accept,accepted,envelope_and_binary_parser,599,1.1419,3.318330000000001,4.317579999999999,233.169
forest_motion_forest_anomaly,measured,post_window_after_refusals,accept,accepted,motion_consumer_including_normalization,599,12.552,16.93405,21.435683999999995,37.398
forest_motion_forest_anomaly,measured,post_window_after_refusals,accept,accepted,prepare_both_model_inputs,599,2.3741,3.86777,4.9103759999999985,5.924
forest_motion_forest_anomaly,measured,post_window_after_refusals,accept,accepted,sender_audit_commit,599,0.0011,0.0017,0.0022019999999999982,0.0076
forest_motion_forest_anomaly,measured,post_window_after_refusals,accept,accepted,sender_audit_prepare,599,0.0033,0.005110000000000002,0.007511999999999989,0.016
forest_motion_forest_anomaly,measured,post_window_after_refusals,accept,accepted,sender_audit_record,599,0.0337,0.054130000000000005,0.08028999999999982,0.126
forest_motion_forest_anomaly,measured,post_window_after_refusals,accept,accepted,sender_seal_total,599,3.6687,5.156500000000001,6.299429999999999,9.6852
forest_motion_forest_anomaly,measured,post_window_after_refusals,accept,accepted,serialization_including_quality,599,3.5214,4.91925,5.956095999999998,9.1928
forest_motion_forest_anomaly,measured,post_window_after_refusals,accept,accepted,verifier_audit_commit,599,0.0012,0.0021,0.0027,0.0135
forest_motion_forest_anomaly,measured,post_window_after_refusals,accept,accepted,verifier_audit_prepare,599,0.0037,0.0068,0.009007999999999993,0.0339
forest_motion_forest_anomaly,measured,post_window_after_refusals,accept,accepted,verifier_audit_record,599,0.0196,0.029570000000000013,0.04112399999999998,0.056
forest_motion_forest_anomaly,measured,post_window_after_refusals,accept,accepted,verifier_authentication_total,599,4.4623,7.01319,8.374655999999998,236.6965
forest_motion_forest_anomaly,measured,post_window_after_refusals,accept,accepted,verifier_quality_check,599,3.1882,4.55693,5.615696,7.4814
forest_motion_forest_anomaly,measured,post_window_after_refusals,accept,accepted,window_hmac_generation,599,0.0195,0.0385,0.0466,0.1816
forest_motion_forest_anomaly,measured,post_window_after_refusals,accept,accepted,window_hmac_verification_calculation,599,0.0138,0.025510000000000005,0.0391,0.1017
forest_motion_forest_anomaly,measured,post_window_recurring,accept,accepted,accepted_release_and_consumers,599,26.1838,36.66873,38.09611799999999,53.8672
forest_motion_forest_anomaly,measured,post_window_recurring,accept,accepted,anomaly_consumer_including_threshold,599,5.8374,8.19059,8.757347999999999,10.3369
forest_motion_forest_anomaly,measured,post_window_recurring,accept,accepted,binary32_adapter,599,1.0212,1.49782,1.730138,4.975
forest_motion_forest_anomaly,measured,post_window_recurring,accept,accepted,envelope_and_binary_parser,599,1.5481,4.858200000000001,7.018543999999999,308.3156
forest_motion_forest_anomaly,measured,post_window_recurring,accept,accepted,motion_consumer_including_normalization,599,16.4137,23.26445,24.461297999999996,34.546
forest_motion_forest_anomaly,measured,post_window_recurring,accept,accepted,prepare_both_model_inputs,599,3.2299,5.00264,5.54193,8.2874
forest_motion_forest_anomaly,measured,post_window_recurring,accept,accepted,sender_audit_commit,599,0.0013,0.0025,0.002801999999999998,0.0046
forest_motion_forest_anomaly,measured,post_window_recurring,accept,accepted,sender_audit_prepare,599,0.0041,0.007310000000000001,0.0084,0.0331
forest_motion_forest_anomaly,measured,post_window_recurring,accept,accepted,sender_audit_record,599,0.0556,0.08725000000000001,0.10668399999999993,0.4024
forest_motion_forest_anomaly,measured,post_window_recurring,accept,accepted,sender_seal_total,599,4.9585,6.77276,7.48833,9.4631
forest_motion_forest_anomaly,measured,post_window_recurring,accept,accepted,serialization_including_quality,599,4.7335,6.48655,7.151155999999999,9.2077
forest_motion_forest_anomaly,measured,post_window_recurring,accept,accepted,verifier_audit_commit,599,0.0013,0.0027,0.0031059999999999946,0.0213
forest_motion_forest_anomaly,measured,post_window_recurring,accept,accepted,verifier_audit_prepare,599,0.0045,0.0083,0.010405999999999995,0.0362
forest_motion_forest_anomaly,measured,post_window_recurring,accept,accepted,verifier_audit_record,599,0.0242,0.03931,0.06626999999999994,1.9009
forest_motion_forest_anomaly,measured,post_window_recurring,accept,accepted,verifier_authentication_total,599,6.0214,9.474620000000002,12.728491999999989,311.3044
forest_motion_forest_anomaly,measured,post_window_recurring,accept,accepted,verifier_quality_check,599,4.2437,5.76401,6.583949999999998,9.9951
forest_motion_forest_anomaly,measured,post_window_recurring,accept,accepted,window_hmac_generation,599,0.0309,0.05691,0.064904,0.6276
forest_motion_forest_anomaly,measured,post_window_recurring,accept,accepted,window_hmac_verification_calculation,599,0.0182,0.033740000000000006,0.04963199999999997,0.0632
forest_motion_forest_anomaly,measured,pre_tag_quality_refusal,reject,data_quality_failure,binary32_adapter,599,0.7585,1.1601300000000003,1.4249,2.3762
forest_motion_forest_anomaly,measured,pre_tag_quality_refusal,reject,data_quality_failure,sender_audit_commit,599,0.0011,0.002,0.0023,0.0027
forest_motion_forest_anomaly,measured,pre_tag_quality_refusal,reject,data_quality_failure,sender_audit_prepare,599,0.003,0.004910000000000002,0.0062059999999999945,0.0119
forest_motion_forest_anomaly,measured,pre_tag_quality_refusal,reject,data_quality_failure,sender_audit_record,599,0.0324,0.05247000000000002,0.06651599999999999,0.0872
forest_motion_forest_anomaly,measured,pre_tag_quality_refusal,reject,data_quality_failure,sender_seal_total,599,0.4318,0.6423600000000004,0.8038159999999998,2.3455
forest_motion_forest_anomaly,measured,pre_tag_quality_refusal,reject,data_quality_failure,serialization_including_quality,599,0.3426,0.51148,0.6360859999999999,2.1126
forest_motion_forest_anomaly,measured,valid_receiver_after_bad_tag,accept,accepted,accepted_release_and_consumers,599,23.5289,30.35708,33.567226,38.8888
forest_motion_forest_anomaly,measured,valid_receiver_after_bad_tag,accept,accepted,anomaly_consumer_including_threshold,599,4.6785,6.80312,7.826197999999998,8.5014
forest_motion_forest_anomaly,measured,valid_receiver_after_bad_tag,accept,accepted,envelope_and_binary_parser,599,1.3048,1.7795100000000001,2.0791459999999997,2.4615
forest_motion_forest_anomaly,measured,valid_receiver_after_bad_tag,accept,accepted,motion_consumer_including_normalization,599,15.2672,18.965190000000003,21.336606,26.8451
forest_motion_forest_anomaly,measured,valid_receiver_after_bad_tag,accept,accepted,prepare_both_model_inputs,599,3.2096,4.63516,4.962242,6.1345
forest_motion_forest_anomaly,measured,valid_receiver_after_bad_tag,accept,accepted,verifier_audit_commit,599,0.0014,0.0025,0.0029019999999999983,0.029
forest_motion_forest_anomaly,measured,valid_receiver_after_bad_tag,accept,accepted,verifier_audit_prepare,599,0.0043,0.006910000000000002,0.008101999999999998,0.0144
forest_motion_forest_anomaly,measured,valid_receiver_after_bad_tag,accept,accepted,verifier_audit_record,599,0.0322,0.05271,0.05962799999999997,0.0644
forest_motion_forest_anomaly,measured,valid_receiver_after_bad_tag,accept,accepted,verifier_authentication_total,599,5.6315,7.440710000000001,8.104348,9.1825
forest_motion_forest_anomaly,measured,valid_receiver_after_bad_tag,accept,accepted,verifier_quality_check,599,4.1823,5.52935,6.160463999999999,7.1187
forest_motion_forest_anomaly,measured,valid_receiver_after_bad_tag,accept,accepted,window_hmac_verification_calculation,599,0.0155,0.025020000000000004,0.030835999999999877,0.0529
forest_motion_forest_anomaly,warmup,bad_tag_receiver,reject,invalid_tag,envelope_and_binary_parser,19,1.3136,1.3649099999999998,1.429782,1.446
forest_motion_forest_anomaly,warmup,bad_tag_receiver,reject,invalid_tag,verifier_audit_commit,19,0.0012,0.0015099999999999998,0.001582,0.0016
forest_motion_forest_anomaly,warmup,bad_tag_receiver,reject,invalid_tag,verifier_audit_prepare,19,0.0036,0.00481,0.004882,0.0049
forest_motion_forest_anomaly,warmup,bad_tag_receiver,reject,invalid_tag,verifier_audit_record,19,0.0272,0.03304,0.034048,0.0343
forest_motion_forest_anomaly,warmup,bad_tag_receiver,reject,invalid_tag,verifier_authentication_total,19,1.439,1.5075599999999998,1.590072,1.6107
forest_motion_forest_anomaly,warmup,bad_tag_receiver,reject,invalid_tag,window_hmac_verification_calculation,19,0.0157,0.02122999999999999,0.025046,0.026
forest_motion_forest_anomaly,warmup,exact_replay_receiver,reject,duplicate_sequence,envelope_and_binary_parser,19,1.2237,1.9700899999999995,2.120498,2.1581
forest_motion_forest_anomaly,warmup,exact_replay_receiver,reject,duplicate_sequence,verifier_audit_commit,19,0.0012,0.0013,0.0013,0.0013
forest_motion_forest_anomaly,warmup,exact_replay_receiver,reject,duplicate_sequence,verifier_audit_prepare,19,0.0041,0.005289999999999998,0.005938,0.0061
forest_motion_forest_anomaly,warmup,exact_replay_receiver,reject,duplicate_sequence,verifier_audit_record,19,0.0367,0.05812999999999998,0.064826,0.0665
forest_motion_forest_anomaly,warmup,exact_replay_receiver,reject,duplicate_sequence,verifier_authentication_total,19,4.6337,5.730679999999998,6.304376,6.4478
forest_motion_forest_anomaly,warmup,exact_replay_receiver,reject,duplicate_sequence,verifier_quality_check,19,3.2431,3.5401899999999986,3.948358,4.0504
forest_motion_forest_anomaly,warmup,exact_replay_receiver,reject,duplicate_sequence,window_hmac_verification_calculation,19,0.0253,0.03506999999999999,0.038454,0.0393
forest_motion_forest_anomaly,warmup,fresh_to_first_window,accept,accepted,accepted_release_and_consumers,19,25.0154,28.715349999999994,30.60067,31.072
forest_motion_forest_anomaly,warmup,fresh_to_first_window,accept,accepted,admission_total,19,3.2009,4.213339999999999,4.639868,4.7465
forest_motion_forest_anomaly,warmup,fresh_to_first_window,accept,accepted,anomaly_consumer_including_threshold,19,5.6061,6.228069999999998,6.866494,7.0261
forest_motion_forest_anomaly,warmup,fresh_to_first_window,accept,accepted,binary32_adapter,19,0.9921,1.0641299999999998,1.138506,1.1571
forest_motion_forest_anomaly,warmup,fresh_to_first_window,accept,accepted,envelope_and_binary_parser,19,1.5361,4.16395,4.19167,4.1986
forest_motion_forest_anomaly,warmup,fresh_to_first_window,accept,accepted,first_post_window_total,19,37.2726,42.12469,43.276618,43.5646
forest_motion_forest_anomaly,warmup,fresh_to_first_window,accept,accepted,independent_credential_verification,19,0.0454,0.05868,0.059256,0.0594
forest_motion_forest_anomaly,warmup,fresh_to_first_window,accept,accepted,local_authorization_including_verification,19,0.0608,0.07777999999999997,0.085556,0.0875
forest_motion_forest_anomaly,warmup,fresh_to_first_window,accept,accepted,local_challenge_binding,19,0.0072,0.00771,0.007782,0.0078
forest_motion_forest_anomaly,warmup,fresh_to_first_window,accept,accepted,local_request_binding,19,0.009,0.009559999999999997,0.009992,0.0101
forest_motion_forest_anomaly,warmup,fresh_to_first_window,accept,accepted,motion_consumer_including_normalization,19,15.5216,19.26139,19.485238,19.5412
forest_motion_forest_anomaly,warmup,fresh_to_first_window,accept,accepted,prepare_both_model_inputs,19,3.124,3.6432099999999994,3.859282,3.9133
forest_motion_forest_anomaly,warmup,fresh_to_first_window,accept,accepted,receiver_challenge,19,0.1156,0.12535,0.12643,0.1267
forest_motion_forest_anomaly,warmup,fresh_to_first_window,accept,accepted,receiver_confirmation,19,0.0985,0.10582,0.105964,0.106
forest_motion_forest_anomaly,warmup,fresh_to_first_window,accept,accepted,receiver_local_admission,19,0.0092,0.00952,0.009664,0.0097
forest_motion_forest_anomaly,warmup,fresh_to_first_window,accept,accepted,reconstruction,19,2.4535,3.4411199999999993,3.818544,3.9129
forest_motion_forest_anomaly,warmup,fresh_to_first_window,accept,accepted,response_generation_simulator,19,0.1389,0.14815,0.14995,0.1504
forest_motion_forest_anomaly,warmup,fresh_to_first_window,accept,accepted,sender_activation,19,0.0758,0.08344,0.084448,0.0847
forest_motion_forest_anomaly,warmup,fresh_to_first_window,accept,accepted,sender_admission_and_request,19,0.1907,0.2280099999999999,0.253282,0.2596
forest_motion_forest_anomaly,warmup,fresh_to_first_window,accept,accepted,sender_audit_commit,19,0.0032,0.0035199999999999997,0.003664,0.0037
forest_motion_forest_anomaly,warmup,fresh_to_first_window,accept,accepted,sender_audit_prepare,19,0.0092,0.010149999999999998,0.01051,0.0106
forest_motion_forest_anomaly,warmup,fresh_to_first_window,accept,accepted,sender_audit_record,19,0.0965,0.10966999999999999,0.112334,0.113
forest_motion_forest_anomaly,warmup,fresh_to_first_window,accept,accepted,sender_confirmation,19,0.0721,0.07618,0.078196,0.0787
forest_motion_forest_anomaly,warmup,fresh_to_first_window,accept,accepted,sender_local_admission_claim,19,0.0109,0.01182,0.011964,0.012
forest_motion_forest_anomaly,warmup,fresh_to_first_window,accept,accepted,sender_seal_total,19,4.6123,5.129569999999998,5.648474,5.7782
forest_motion_forest_anomaly,warmup,fresh_to_first_window,accept,accepted,serialization_including_quality,19,4.4525,4.9548999999999985,5.45026,5.5741
forest_motion_forest_anomaly,warmup,fresh_to_first_window,accept,accepted,verifier_audit_commit,19,0.0023,0.0026,0.0026,0.0026
forest_motion_forest_anomaly,warmup,fresh_to_first_window,accept,accepted,verifier_audit_prepare,19,0.007,0.0084,0.0084,0.0084
forest_motion_forest_anomaly,warmup,fresh_to_first_window,accept,accepted,verifier_audit_record,19,0.0505,0.05391,0.054702,0.0549
forest_motion_forest_anomaly,warmup,fresh_to_first_window,accept,accepted,verifier_authentication_total,19,5.8047,8.39769,8.443698,8.4552
forest_motion_forest_anomaly,warmup,fresh_to_first_window,accept,accepted,verifier_quality_check,19,4.075,4.57637,4.635914,4.6508
forest_motion_forest_anomaly,warmup,fresh_to_first_window,accept,accepted,window_hmac_generation,19,0.014,0.02125999999999999,0.025292,0.0263
forest_motion_forest_anomaly,warmup,fresh_to_first_window,accept,accepted,window_hmac_verification_calculation,19,0.0151,0.019409999999999993,0.021642,0.0222
forest_motion_forest_anomaly,warmup,malformed_json_receiver,reject,malformed_message,envelope_and_binary_parser,19,0.024,0.02633,0.026546,0.0266
forest_motion_forest_anomaly,warmup,malformed_json_receiver,reject,malformed_message,verifier_audit_commit,19,0.0011,0.0012,0.0012,0.0012
forest_motion_forest_anomaly,warmup,malformed_json_receiver,reject,malformed_message,verifier_audit_prepare,19,0.0029,0.0033,0.0033,0.0033
forest_motion_forest_anomaly,warmup,malformed_json_receiver,reject,malformed_message,verifier_audit_record,19,0.0323,0.03674,0.037028,0.0371
forest_motion_forest_anomaly,warmup,malformed_json_receiver,reject,malformed_message,verifier_authentication_total,19,0.0909,0.09814,0.099148,0.0994
forest_motion_forest_anomaly,warmup,post_window_after_refusals,accept,accepted,accepted_release_and_consumers,19,19.4798,20.66514,20.837508,20.8806
forest_motion_forest_anomaly,warmup,post_window_after_refusals,accept,accepted,anomaly_consumer_including_threshold,19,4.3755,4.597989999999999,4.780798,4.8265
forest_motion_forest_anomaly,warmup,post_window_after_refusals,accept,accepted,binary32_adapter,19,0.7423,0.76744,0.769168,0.7696
forest_motion_forest_anomaly,warmup,post_window_after_refusals,accept,accepted,envelope_and_binary_parser,19,1.113,1.1798299999999995,1.338446,1.3781
forest_motion_forest_anomaly,warmup,post_window_after_refusals,accept,accepted,motion_consumer_including_normalization,19,12.2463,13.285889999999998,13.849578,13.9905
forest_motion_forest_anomaly,warmup,post_window_after_refusals,accept,accepted,prepare_both_model_inputs,19,2.3262,2.50367,2.513534,2.516
forest_motion_forest_anomaly,warmup,post_window_after_refusals,accept,accepted,sender_audit_commit,19,0.001,0.0011099999999999999,0.001182,0.0012
forest_motion_forest_anomaly,warmup,post_window_after_refusals,accept,accepted,sender_audit_prepare,19,0.0031,0.003639999999999999,0.003928,0.004
forest_motion_forest_anomaly,warmup,post_window_after_refusals,accept,accepted,sender_audit_record,19,0.0312,0.03998,0.040556,0.0407
forest_motion_forest_anomaly,warmup,post_window_after_refusals,accept,accepted,sender_seal_total,19,3.6242,3.79025,3.79133,3.7916
forest_motion_forest_anomaly,warmup,post_window_after_refusals,accept,accepted,serialization_including_quality,19,3.489,3.63202,3.635044,3.6358
forest_motion_forest_anomaly,warmup,post_window_after_refusals,accept,accepted,verifier_audit_commit,19,0.0012,0.0014,0.0014,0.0014
forest_motion_forest_anomaly,warmup,post_window_after_refusals,accept,accepted,verifier_audit_prepare,19,0.0033,0.004839999999999999,0.005128,0.0052
forest_motion_forest_anomaly,warmup,post_window_after_refusals,accept,accepted,verifier_audit_record,19,0.0191,0.02105999999999999,0.024372,0.0252
forest_motion_forest_anomaly,warmup,post_window_after_refusals,accept,accepted,verifier_authentication_total,19,4.3535,4.596929999999999,4.980186,5.076
forest_motion_forest_anomaly,warmup,post_window_after_refusals,accept,accepted,verifier_quality_check,19,3.1398,3.3344199999999997,3.507364,3.5506
forest_motion_forest_anomaly,warmup,post_window_after_refusals,accept,accepted,window_hmac_generation,19,0.0172,0.02865999999999999,0.031252,0.0319
forest_motion_forest_anomaly,warmup,post_window_after_refusals,accept,accepted,window_hmac_verification_calculation,19,0.0127,0.01622999999999998,0.022926000000000002,0.0246
forest_motion_forest_anomaly,warmup,post_window_recurring,accept,accepted,accepted_release_and_consumers,19,24.7537,27.364399999999996,28.24784,28.4687
forest_motion_forest_anomaly,warmup,post_window_recurring,accept,accepted,anomaly_consumer_including_threshold,19,5.6335,6.09764,6.126008,6.1331
forest_motion_forest_anomaly,warmup,post_window_recurring,accept,accepted,binary32_adapter,19,0.9908,1.1379499999999998,1.20887,1.2266
forest_motion_forest_anomaly,warmup,post_window_recurring,accept,accepted,envelope_and_binary_parser,19,1.4905,1.711249999999999,2.02481,2.1032
forest_motion_forest_anomaly,warmup,post_window_recurring,accept,accepted,motion_consumer_including_normalization,19,15.5828,17.01564,17.563128,17.7
forest_motion_forest_anomaly,warmup,post_window_recurring,accept,accepted,prepare_both_model_inputs,19,3.1142,4.0999099999999995,4.184942,4.2062
forest_motion_forest_anomaly,warmup,post_window_recurring,accept,accepted,sender_audit_commit,19,0.0013,0.0017,0.0017,0.0017
forest_motion_forest_anomaly,warmup,post_window_recurring,accept,accepted,sender_audit_prepare,19,0.0041,0.005339999999999999,0.005628,0.0057
forest_motion_forest_anomaly,warmup,post_window_recurring,accept,accepted,sender_audit_record,19,0.058,0.07472,0.077024,0.0776
forest_motion_forest_anomaly,warmup,post_window_recurring,accept,accepted,sender_seal_total,19,4.8319,5.2870399999999975,6.149888,6.3656
forest_motion_forest_anomaly,warmup,post_window_recurring,accept,accepted,serialization_including_quality,19,4.6088,5.065149999999997,5.87767,6.0808
forest_motion_forest_anomaly,warmup,post_window_recurring,accept,accepted,verifier_audit_commit,19,0.0013,0.0015299999999999992,0.001746,0.0018
forest_motion_forest_anomaly,warmup,post_window_recurring,accept,accepted,verifier_audit_prepare,19,0.0041,0.005749999999999996,0.00683,0.0071
forest_motion_forest_anomaly,warmup,post_window_recurring,accept,accepted,verifier_audit_record,19,0.024,0.02854,0.028828,0.0289
forest_motion_forest_anomaly,warmup,post_window_recurring,accept,accepted,verifier_authentication_total,19,5.7648,6.589399999999997,7.4102,7.6154
forest_motion_forest_anomaly,warmup,post_window_recurring,accept,accepted,verifier_quality_check,19,4.1066,4.701789999999998,5.218678,5.3479
forest_motion_forest_anomaly,warmup,post_window_recurring,accept,accepted,window_hmac_generation,19,0.0329,0.05209999999999999,0.05642,0.0575
forest_motion_forest_anomaly,warmup,post_window_recurring,accept,accepted,window_hmac_verification_calculation,19,0.0169,0.025569999999999996,0.026794,0.0271
forest_motion_forest_anomaly,warmup,pre_tag_quality_refusal,reject,data_quality_failure,binary32_adapter,19,0.7598,0.8087899999999999,0.836798,0.8438
forest_motion_forest_anomaly,warmup,pre_tag_quality_refusal,reject,data_quality_failure,sender_audit_commit,19,0.001,0.0012099999999999997,0.001282,0.0013
forest_motion_forest_anomaly,warmup,pre_tag_quality_refusal,reject,data_quality_failure,sender_audit_prepare,19,0.0029,0.003139999999999999,0.003428,0.0035
forest_motion_forest_anomaly,warmup,pre_tag_quality_refusal,reject,data_quality_failure,sender_audit_record,19,0.0314,0.035719999999999995,0.038024,0.0386
forest_motion_forest_anomaly,warmup,pre_tag_quality_refusal,reject,data_quality_failure,sender_seal_total,19,0.4224,0.4522899999999999,0.464458,0.4675
forest_motion_forest_anomaly,warmup,pre_tag_quality_refusal,reject,data_quality_failure,serialization_including_quality,19,0.3364,0.35147999999999996,0.366456,0.3702
forest_motion_forest_anomaly,warmup,valid_receiver_after_bad_tag,accept,accepted,accepted_release_and_consumers,19,23.7275,25.828759999999996,27.398072,27.7904
forest_motion_forest_anomaly,warmup,valid_receiver_after_bad_tag,accept,accepted,anomaly_consumer_including_threshold,19,4.5806,5.531389999999996,7.136198000000001,7.5374
forest_motion_forest_anomaly,warmup,valid_receiver_after_bad_tag,accept,accepted,envelope_and_binary_parser,19,1.2891,1.40087,1.430174,1.4375
forest_motion_forest_anomaly,warmup,valid_receiver_after_bad_tag,accept,accepted,motion_consumer_including_normalization,19,14.7585,16.38111,16.608702,16.6656
forest_motion_forest_anomaly,warmup,valid_receiver_after_bad_tag,accept,accepted,prepare_both_model_inputs,19,3.1633,3.5679099999999964,4.881262,5.2096
forest_motion_forest_anomaly,warmup,valid_receiver_after_bad_tag,accept,accepted,verifier_audit_commit,19,0.0013,0.0016,0.0016,0.0016
forest_motion_forest_anomaly,warmup,valid_receiver_after_bad_tag,accept,accepted,verifier_audit_prepare,19,0.0042,0.008159999999999999,0.008592,0.0087
forest_motion_forest_anomaly,warmup,valid_receiver_after_bad_tag,accept,accepted,verifier_audit_record,19,0.0305,0.03535999999999999,0.040112,0.0413
forest_motion_forest_anomaly,warmup,valid_receiver_after_bad_tag,accept,accepted,verifier_authentication_total,19,5.6042,6.345669999999999,6.626974,6.6973
forest_motion_forest_anomaly,warmup,valid_receiver_after_bad_tag,accept,accepted,verifier_quality_check,19,4.1799,4.94112,5.037024,5.061
forest_motion_forest_anomaly,warmup,valid_receiver_after_bad_tag,accept,accepted,window_hmac_verification_calculation,19,0.0145,0.023159999999999997,0.024312,0.0246
logistic_motion_forest_anomaly,condition_first_use,bad_tag_receiver,reject,invalid_tag,envelope_and_binary_parser,1,2.1103,2.1103,2.1103,2.1103
logistic_motion_forest_anomaly,condition_first_use,bad_tag_receiver,reject,invalid_tag,verifier_audit_commit,1,0.0029,0.0029,0.0029,0.0029
logistic_motion_forest_anomaly,condition_first_use,bad_tag_receiver,reject,invalid_tag,verifier_audit_prepare,1,0.0066,0.0066,0.0066,0.0066
logistic_motion_forest_anomaly,condition_first_use,bad_tag_receiver,reject,invalid_tag,verifier_audit_record,1,0.0474,0.0474,0.0474,0.0474
logistic_motion_forest_anomaly,condition_first_use,bad_tag_receiver,reject,invalid_tag,verifier_authentication_total,1,2.3269,2.3269,2.3269,2.3269
logistic_motion_forest_anomaly,condition_first_use,bad_tag_receiver,reject,invalid_tag,window_hmac_verification_calculation,1,0.0251,0.0251,0.0251,0.0251
logistic_motion_forest_anomaly,condition_first_use,exact_replay_receiver,reject,duplicate_sequence,envelope_and_binary_parser,1,1.7165,1.7165,1.7165,1.7165
logistic_motion_forest_anomaly,condition_first_use,exact_replay_receiver,reject,duplicate_sequence,verifier_audit_commit,1,0.0019,0.0019,0.0019,0.0019
logistic_motion_forest_anomaly,condition_first_use,exact_replay_receiver,reject,duplicate_sequence,verifier_audit_prepare,1,0.0053,0.0053,0.0053,0.0053
logistic_motion_forest_anomaly,condition_first_use,exact_replay_receiver,reject,duplicate_sequence,verifier_audit_record,1,0.0506,0.0506,0.0506,0.0506
logistic_motion_forest_anomaly,condition_first_use,exact_replay_receiver,reject,duplicate_sequence,verifier_authentication_total,1,6.5288,6.5288,6.5288,6.5288
logistic_motion_forest_anomaly,condition_first_use,exact_replay_receiver,reject,duplicate_sequence,verifier_quality_check,1,4.6123,4.6123,4.6123,4.6123
logistic_motion_forest_anomaly,condition_first_use,exact_replay_receiver,reject,duplicate_sequence,window_hmac_verification_calculation,1,0.0232,0.0232,0.0232,0.0232
logistic_motion_forest_anomaly,condition_first_use,fresh_to_first_window,accept,accepted,accepted_release_and_consumers,1,17.9041,17.9041,17.9041,17.9041
logistic_motion_forest_anomaly,condition_first_use,fresh_to_first_window,accept,accepted,admission_total,1,4.6753,4.6753,4.6753,4.6753
logistic_motion_forest_anomaly,condition_first_use,fresh_to_first_window,accept,accepted,anomaly_consumer_including_threshold,1,10.0965,10.0965,10.0965,10.0965
logistic_motion_forest_anomaly,condition_first_use,fresh_to_first_window,accept,accepted,binary32_adapter,1,1.6322,1.6322,1.6322,1.6322
logistic_motion_forest_anomaly,condition_first_use,fresh_to_first_window,accept,accepted,envelope_and_binary_parser,1,2.5364,2.5364,2.5364,2.5364
logistic_motion_forest_anomaly,condition_first_use,fresh_to_first_window,accept,accepted,first_post_window_total,1,36.8876,36.8876,36.8876,36.8876
logistic_motion_forest_anomaly,condition_first_use,fresh_to_first_window,accept,accepted,independent_credential_verification,1,0.0664,0.0664,0.0664,0.0664
logistic_motion_forest_anomaly,condition_first_use,fresh_to_first_window,accept,accepted,local_authorization_including_verification,1,0.0957,0.0957,0.0957,0.0957
logistic_motion_forest_anomaly,condition_first_use,fresh_to_first_window,accept,accepted,local_challenge_binding,1,0.0146,0.0146,0.0146,0.0146
logistic_motion_forest_anomaly,condition_first_use,fresh_to_first_window,accept,accepted,local_request_binding,1,0.0173,0.0173,0.0173,0.0173
logistic_motion_forest_anomaly,condition_first_use,fresh_to_first_window,accept,accepted,motion_consumer_including_normalization,1,0.8353,0.8353,0.8353,0.8353
logistic_motion_forest_anomaly,condition_first_use,fresh_to_first_window,accept,accepted,prepare_both_model_inputs,1,6.0126,6.0126,6.0126,6.0126
logistic_motion_forest_anomaly,condition_first_use,fresh_to_first_window,accept,accepted,receiver_challenge,1,0.1997,0.1997,0.1997,0.1997
logistic_motion_forest_anomaly,condition_first_use,fresh_to_first_window,accept,accepted,receiver_confirmation,1,0.1886,0.1886,0.1886,0.1886
logistic_motion_forest_anomaly,condition_first_use,fresh_to_first_window,accept,accepted,receiver_local_admission,1,0.018,0.018,0.018,0.018
logistic_motion_forest_anomaly,condition_first_use,fresh_to_first_window,accept,accepted,reconstruction,1,3.3207,3.3207,3.3207,3.3207
logistic_motion_forest_anomaly,condition_first_use,fresh_to_first_window,accept,accepted,response_generation_simulator,1,0.3041,0.3041,0.3041,0.3041
logistic_motion_forest_anomaly,condition_first_use,fresh_to_first_window,accept,accepted,sender_activation,1,0.1313,0.1313,0.1313,0.1313
logistic_motion_forest_anomaly,condition_first_use,fresh_to_first_window,accept,accepted,sender_admission_and_request,1,0.3271,0.3271,0.3271,0.3271
logistic_motion_forest_anomaly,condition_first_use,fresh_to_first_window,accept,accepted,sender_audit_commit,1,0.0072,0.0072,0.0072,0.0072
logistic_motion_forest_anomaly,condition_first_use,fresh_to_first_window,accept,accepted,sender_audit_prepare,1,0.017,0.017,0.017,0.017
logistic_motion_forest_anomaly,condition_first_use,fresh_to_first_window,accept,accepted,sender_audit_record,1,0.1611,0.1611,0.1611,0.1611
logistic_motion_forest_anomaly,condition_first_use,fresh_to_first_window,accept,accepted,sender_confirmation,1,0.1297,0.1297,0.1297,0.1297
logistic_motion_forest_anomaly,condition_first_use,fresh_to_first_window,accept,accepted,sender_local_admission_claim,1,0.0204,0.0204,0.0204,0.0204
logistic_motion_forest_anomaly,condition_first_use,fresh_to_first_window,accept,accepted,sender_seal_total,1,7.6303,7.6303,7.6303,7.6303
logistic_motion_forest_anomaly,condition_first_use,fresh_to_first_window,accept,accepted,serialization_including_quality,1,7.375,7.375,7.375,7.375
logistic_motion_forest_anomaly,condition_first_use,fresh_to_first_window,accept,accepted,verifier_audit_commit,1,0.0053,0.0053,0.0053,0.0053
logistic_motion_forest_anomaly,condition_first_use,fresh_to_first_window,accept,accepted,verifier_audit_prepare,1,0.0147,0.0147,0.0147,0.0147
logistic_motion_forest_anomaly,condition_first_use,fresh_to_first_window,accept,accepted,verifier_audit_record,1,0.0877,0.0877,0.0877,0.0877
logistic_motion_forest_anomaly,condition_first_use,fresh_to_first_window,accept,accepted,verifier_authentication_total,1,9.5344,9.5344,9.5344,9.5344
logistic_motion_forest_anomaly,condition_first_use,fresh_to_first_window,accept,accepted,verifier_quality_check,1,6.8046,6.8046,6.8046,6.8046
logistic_motion_forest_anomaly,condition_first_use,fresh_to_first_window,accept,accepted,window_hmac_generation,1,0.0203,0.0203,0.0203,0.0203
logistic_motion_forest_anomaly,condition_first_use,fresh_to_first_window,accept,accepted,window_hmac_verification_calculation,1,0.0217,0.0217,0.0217,0.0217
logistic_motion_forest_anomaly,condition_first_use,malformed_json_receiver,reject,malformed_message,envelope_and_binary_parser,1,0.0315,0.0315,0.0315,0.0315
logistic_motion_forest_anomaly,condition_first_use,malformed_json_receiver,reject,malformed_message,verifier_audit_commit,1,0.0015,0.0015,0.0015,0.0015
logistic_motion_forest_anomaly,condition_first_use,malformed_json_receiver,reject,malformed_message,verifier_audit_prepare,1,0.0039,0.0039,0.0039,0.0039
logistic_motion_forest_anomaly,condition_first_use,malformed_json_receiver,reject,malformed_message,verifier_audit_record,1,0.0425,0.0425,0.0425,0.0425
logistic_motion_forest_anomaly,condition_first_use,malformed_json_receiver,reject,malformed_message,verifier_authentication_total,1,0.1211,0.1211,0.1211,0.1211
logistic_motion_forest_anomaly,condition_first_use,post_window_after_refusals,accept,accepted,accepted_release_and_consumers,1,10.5308,10.5308,10.5308,10.5308
logistic_motion_forest_anomaly,condition_first_use,post_window_after_refusals,accept,accepted,anomaly_consumer_including_threshold,1,6.2076,6.2076,6.2076,6.2076
logistic_motion_forest_anomaly,condition_first_use,post_window_after_refusals,accept,accepted,binary32_adapter,1,1.0814,1.0814,1.0814,1.0814
logistic_motion_forest_anomaly,condition_first_use,post_window_after_refusals,accept,accepted,envelope_and_binary_parser,1,1.6222,1.6222,1.6222,1.6222
logistic_motion_forest_anomaly,condition_first_use,post_window_after_refusals,accept,accepted,motion_consumer_including_normalization,1,0.5175,0.5175,0.5175,0.5175
logistic_motion_forest_anomaly,condition_first_use,post_window_after_refusals,accept,accepted,prepare_both_model_inputs,1,3.1986,3.1986,3.1986,3.1986
logistic_motion_forest_anomaly,condition_first_use,post_window_after_refusals,accept,accepted,sender_audit_commit,1,0.0015,0.0015,0.0015,0.0015
logistic_motion_forest_anomaly,condition_first_use,post_window_after_refusals,accept,accepted,sender_audit_prepare,1,0.0043,0.0043,0.0043,0.0043
logistic_motion_forest_anomaly,condition_first_use,post_window_after_refusals,accept,accepted,sender_audit_record,1,0.0441,0.0441,0.0441,0.0441
logistic_motion_forest_anomaly,condition_first_use,post_window_after_refusals,accept,accepted,sender_seal_total,1,5.3007,5.3007,5.3007,5.3007
logistic_motion_forest_anomaly,condition_first_use,post_window_after_refusals,accept,accepted,serialization_including_quality,1,5.1097,5.1097,5.1097,5.1097
logistic_motion_forest_anomaly,condition_first_use,post_window_after_refusals,accept,accepted,verifier_audit_commit,1,0.0019,0.0019,0.0019,0.0019
logistic_motion_forest_anomaly,condition_first_use,post_window_after_refusals,accept,accepted,verifier_audit_prepare,1,0.0056,0.0056,0.0056,0.0056
logistic_motion_forest_anomaly,condition_first_use,post_window_after_refusals,accept,accepted,verifier_audit_record,1,0.0287,0.0287,0.0287,0.0287
logistic_motion_forest_anomaly,condition_first_use,post_window_after_refusals,accept,accepted,verifier_authentication_total,1,6.3965,6.3965,6.3965,6.3965
logistic_motion_forest_anomaly,condition_first_use,post_window_after_refusals,accept,accepted,verifier_quality_check,1,4.6209,4.6209,4.6209,4.6209
logistic_motion_forest_anomaly,condition_first_use,post_window_after_refusals,accept,accepted,window_hmac_generation,1,0.022,0.022,0.022,0.022
logistic_motion_forest_anomaly,condition_first_use,post_window_after_refusals,accept,accepted,window_hmac_verification_calculation,1,0.0174,0.0174,0.0174,0.0174
logistic_motion_forest_anomaly,condition_first_use,post_window_recurring,accept,accepted,accepted_release_and_consumers,1,17.9952,17.9952,17.9952,17.9952
logistic_motion_forest_anomaly,condition_first_use,post_window_recurring,accept,accepted,anomaly_consumer_including_threshold,1,10.0987,10.0987,10.0987,10.0987
logistic_motion_forest_anomaly,condition_first_use,post_window_recurring,accept,accepted,binary32_adapter,1,1.6855,1.6855,1.6855,1.6855
logistic_motion_forest_anomaly,condition_first_use,post_window_recurring,accept,accepted,envelope_and_binary_parser,1,2.443,2.443,2.443,2.443
logistic_motion_forest_anomaly,condition_first_use,post_window_recurring,accept,accepted,motion_consumer_including_normalization,1,0.8136,0.8136,0.8136,0.8136
logistic_motion_forest_anomaly,condition_first_use,post_window_recurring,accept,accepted,prepare_both_model_inputs,1,6.1964,6.1964,6.1964,6.1964
logistic_motion_forest_anomaly,condition_first_use,post_window_recurring,accept,accepted,sender_audit_commit,1,0.0028,0.0028,0.0028,0.0028
logistic_motion_forest_anomaly,condition_first_use,post_window_recurring,accept,accepted,sender_audit_prepare,1,0.0077,0.0077,0.0077,0.0077
logistic_motion_forest_anomaly,condition_first_use,post_window_recurring,accept,accepted,sender_audit_record,1,0.0842,0.0842,0.0842,0.0842
logistic_motion_forest_anomaly,condition_first_use,post_window_recurring,accept,accepted,sender_seal_total,1,7.8747,7.8747,7.8747,7.8747
logistic_motion_forest_anomaly,condition_first_use,post_window_recurring,accept,accepted,serialization_including_quality,1,7.5219,7.5219,7.5219,7.5219
logistic_motion_forest_anomaly,condition_first_use,post_window_recurring,accept,accepted,verifier_audit_commit,1,0.0032,0.0032,0.0032,0.0032
logistic_motion_forest_anomaly,condition_first_use,post_window_recurring,accept,accepted,verifier_audit_prepare,1,0.0077,0.0077,0.0077,0.0077
logistic_motion_forest_anomaly,condition_first_use,post_window_recurring,accept,accepted,verifier_audit_record,1,0.0422,0.0422,0.0422,0.0422
logistic_motion_forest_anomaly,condition_first_use,post_window_recurring,accept,accepted,verifier_authentication_total,1,9.4556,9.4556,9.4556,9.4556
logistic_motion_forest_anomaly,condition_first_use,post_window_recurring,accept,accepted,verifier_quality_check,1,6.804,6.804,6.804,6.804
logistic_motion_forest_anomaly,condition_first_use,post_window_recurring,accept,accepted,window_hmac_generation,1,0.0475,0.0475,0.0475,0.0475
logistic_motion_forest_anomaly,condition_first_use,post_window_recurring,accept,accepted,window_hmac_verification_calculation,1,0.0264,0.0264,0.0264,0.0264
logistic_motion_forest_anomaly,condition_first_use,pre_tag_quality_refusal,reject,data_quality_failure,binary32_adapter,1,1.0886,1.0886,1.0886,1.0886
logistic_motion_forest_anomaly,condition_first_use,pre_tag_quality_refusal,reject,data_quality_failure,sender_audit_commit,1,0.0016,0.0016,0.0016,0.0016
logistic_motion_forest_anomaly,condition_first_use,pre_tag_quality_refusal,reject,data_quality_failure,sender_audit_prepare,1,0.004,0.004,0.004,0.004
logistic_motion_forest_anomaly,condition_first_use,pre_tag_quality_refusal,reject,data_quality_failure,sender_audit_record,1,0.0433,0.0433,0.0433,0.0433
logistic_motion_forest_anomaly,condition_first_use,pre_tag_quality_refusal,reject,data_quality_failure,sender_seal_total,1,0.5986,0.5986,0.5986,0.5986
logistic_motion_forest_anomaly,condition_first_use,pre_tag_quality_refusal,reject,data_quality_failure,serialization_including_quality,1,0.4837,0.4837,0.4837,0.4837
logistic_motion_forest_anomaly,condition_first_use,valid_receiver_after_bad_tag,accept,accepted,accepted_release_and_consumers,1,14.9383,14.9383,14.9383,14.9383
logistic_motion_forest_anomaly,condition_first_use,valid_receiver_after_bad_tag,accept,accepted,anomaly_consumer_including_threshold,1,7.5468,7.5468,7.5468,7.5468
logistic_motion_forest_anomaly,condition_first_use,valid_receiver_after_bad_tag,accept,accepted,envelope_and_binary_parser,1,2.0603,2.0603,2.0603,2.0603
logistic_motion_forest_anomaly,condition_first_use,valid_receiver_after_bad_tag,accept,accepted,motion_consumer_including_normalization,1,0.8737,0.8737,0.8737,0.8737
logistic_motion_forest_anomaly,condition_first_use,valid_receiver_after_bad_tag,accept,accepted,prepare_both_model_inputs,1,5.7598,5.7598,5.7598,5.7598
logistic_motion_forest_anomaly,condition_first_use,valid_receiver_after_bad_tag,accept,accepted,verifier_audit_commit,1,0.0029,0.0029,0.0029,0.0029
logistic_motion_forest_anomaly,condition_first_use,valid_receiver_after_bad_tag,accept,accepted,verifier_audit_prepare,1,0.0069,0.0069,0.0069,0.0069
logistic_motion_forest_anomaly,condition_first_use,valid_receiver_after_bad_tag,accept,accepted,verifier_audit_record,1,0.0547,0.0547,0.0547,0.0547
logistic_motion_forest_anomaly,condition_first_use,valid_receiver_after_bad_tag,accept,accepted,verifier_authentication_total,1,9.0145,9.0145,9.0145,9.0145
logistic_motion_forest_anomaly,condition_first_use,valid_receiver_after_bad_tag,accept,accepted,verifier_quality_check,1,6.7477,6.7477,6.7477,6.7477
logistic_motion_forest_anomaly,condition_first_use,valid_receiver_after_bad_tag,accept,accepted,window_hmac_verification_calculation,1,0.0231,0.0231,0.0231,0.0231
logistic_motion_forest_anomaly,measured,bad_tag_receiver,reject,invalid_tag,envelope_and_binary_parser,599,1.3825,1.80954,1.8855879999999994,2.2146
logistic_motion_forest_anomaly,measured,bad_tag_receiver,reject,invalid_tag,verifier_audit_commit,599,0.0013,0.0019,0.002601999999999998,0.0046
logistic_motion_forest_anomaly,measured,bad_tag_receiver,reject,invalid_tag,verifier_audit_prepare,599,0.0037,0.005310000000000002,0.007211999999999989,0.0107
logistic_motion_forest_anomaly,measured,bad_tag_receiver,reject,invalid_tag,verifier_audit_record,599,0.0277,0.0383,0.053513999999999985,0.07
logistic_motion_forest_anomaly,measured,bad_tag_receiver,reject,invalid_tag,verifier_authentication_total,599,1.5148,1.99726,2.0994499999999996,2.4686
logistic_motion_forest_anomaly,measured,bad_tag_receiver,reject,invalid_tag,window_hmac_verification_calculation,599,0.0151,0.023140000000000008,0.03273799999999996,0.0439
logistic_motion_forest_anomaly,measured,exact_replay_receiver,reject,duplicate_sequence,envelope_and_binary_parser,599,1.6237,4.67554,5.389992,219.9574
logistic_motion_forest_anomaly,measured,exact_replay_receiver,reject,duplicate_sequence,verifier_audit_commit,599,0.0015,0.002,0.0027019999999999982,0.0038
logistic_motion_forest_anomaly,measured,exact_replay_receiver,reject,duplicate_sequence,verifier_audit_prepare,599,0.0049,0.0079,0.009903999999999996,0.0112
logistic_motion_forest_anomaly,measured,exact_replay_receiver,reject,duplicate_sequence,verifier_audit_record,599,0.0408,0.06263,0.07482799999999996,0.0896
logistic_motion_forest_anomaly,measured,exact_replay_receiver,reject,duplicate_sequence,verifier_authentication_total,599,6.272,9.22116,10.061557999999998,223.1409
logistic_motion_forest_anomaly,measured,exact_replay_receiver,reject,duplicate_sequence,verifier_quality_check,599,4.4324,5.69826,6.081067999999999,6.6752
logistic_motion_forest_anomaly,measured,exact_replay_receiver,reject,duplicate_sequence,window_hmac_verification_calculation,599,0.0209,0.04093000000000001,0.046804,0.0554
logistic_motion_forest_anomaly,measured,fresh_to_first_window,accept,accepted,accepted_release_and_consumers,599,10.1874,13.268570000000002,15.71097,16.8274
logistic_motion_forest_anomaly,measured,fresh_to_first_window,accept,accepted,admission_total,599,3.53,4.63354,5.446053999999997,11.1725
logistic_motion_forest_anomaly,measured,fresh_to_first_window,accept,accepted,anomaly_consumer_including_threshold,599,5.9245,7.726570000000001,8.45726,9.1588
logistic_motion_forest_anomaly,measured,fresh_to_first_window,accept,accepted,binary32_adapter,599,1.0817,1.37109,1.5229579999999998,2.3044
logistic_motion_forest_anomaly,measured,fresh_to_first_window,accept,accepted,envelope_and_binary_parser,599,1.5982,3.843820000000001,4.813027999999999,308.3492
logistic_motion_forest_anomaly,measured,fresh_to_first_window,accept,accepted,first_post_window_total,599,22.6095,29.58423,32.644872,329.9103
logistic_motion_forest_anomaly,measured,fresh_to_first_window,accept,accepted,independent_credential_verification,599,0.0455,0.06652,0.07833199999999997,0.0967
logistic_motion_forest_anomaly,measured,fresh_to_first_window,accept,accepted,local_authorization_including_verification,599,0.0634,0.08942,0.10361799999999999,0.1313
logistic_motion_forest_anomaly,measured,fresh_to_first_window,accept,accepted,local_challenge_binding,599,0.0078,0.010510000000000002,0.012313999999999986,0.0204
logistic_motion_forest_anomaly,measured,fresh_to_first_window,accept,accepted,local_request_binding,599,0.0101,0.0134,0.015625999999999977,0.0181
logistic_motion_forest_anomaly,measured,fresh_to_first_window,accept,accepted,motion_consumer_including_normalization,599,0.4908,0.7405100000000001,0.9438819999999999,1.3439
logistic_motion_forest_anomaly,measured,fresh_to_first_window,accept,accepted,prepare_both_model_inputs,599,3.2439,4.31328,5.317231999999999,6.3712
logistic_motion_forest_anomaly,measured,fresh_to_first_window,accept,accepted,receiver_challenge,599,0.1269,0.16581,0.20353399999999996,0.3044
logistic_motion_forest_anomaly,measured,fresh_to_first_window,accept,accepted,receiver_confirmation,599,0.108,0.14282000000000003,0.16791799999999998,0.23
logistic_motion_forest_anomaly,measured,fresh_to_first_window,accept,accepted,receiver_local_admission,599,0.01,0.0141,0.017807999999999994,0.0315
logistic_motion_forest_anomaly,measured,fresh_to_first_window,accept,accepted,reconstruction,599,2.7018,3.63683,4.290935999999994,10.2129
logistic_motion_forest_anomaly,measured,fresh_to_first_window,accept,accepted,response_generation_simulator,599,0.1831,0.23471000000000006,0.27348599999999995,0.3122
logistic_motion_forest_anomaly,measured,fresh_to_first_window,accept,accepted,sender_activation,599,0.0813,0.10781,0.12644799999999995,0.1465
logistic_motion_forest_anomaly,measured,fresh_to_first_window,accept,accepted,sender_admission_and_request,599,0.2085,0.27515,0.33158999999999983,0.4066
logistic_motion_forest_anomaly,measured,fresh_to_first_window,accept,accepted,sender_audit_commit,599,0.0035,0.0048,0.0067,0.0135
logistic_motion_forest_anomaly,measured,fresh_to_first_window,accept,accepted,sender_audit_prepare,599,0.0101,0.013610000000000002,0.017002,0.0221
logistic_motion_forest_anomaly,measured,fresh_to_first_window,accept,accepted,sender_audit_record,599,0.106,0.14192,0.17232199999999998,0.2357
logistic_motion_forest_anomaly,measured,fresh_to_first_window,accept,accepted,sender_confirmation,599,0.0794,0.10484000000000002,0.123302,0.1598
logistic_motion_forest_anomaly,measured,fresh_to_first_window,accept,accepted,sender_local_admission_claim,599,0.0121,0.016710000000000003,0.01871199999999999,0.0241
logistic_motion_forest_anomaly,measured,fresh_to_first_window,accept,accepted,sender_seal_total,599,5.0328,6.30041,6.765555999999999,7.5227
logistic_motion_forest_anomaly,measured,fresh_to_first_window,accept,accepted,serialization_including_quality,599,4.8638,6.06698,6.525481999999999,7.2027
logistic_motion_forest_anomaly,measured,fresh_to_first_window,accept,accepted,verifier_audit_commit,599,0.0025,0.0034,0.0049,0.0105
logistic_motion_forest_anomaly,measured,fresh_to_first_window,accept,accepted,verifier_audit_prepare,599,0.0073,0.011710000000000002,0.014827999999999975,0.0347
logistic_motion_forest_anomaly,measured,fresh_to_first_window,accept,accepted,verifier_audit_record,599,0.0558,0.07454000000000001,0.08601599999999998,0.1194
logistic_motion_forest_anomaly,measured,fresh_to_first_window,accept,accepted,verifier_authentication_total,599,6.1187,8.46345,10.249515999999995,311.9485
logistic_motion_forest_anomaly,measured,fresh_to_first_window,accept,accepted,verifier_quality_check,599,4.3871,5.53509,5.893447999999999,6.5499
logistic_motion_forest_anomaly,measured,fresh_to_first_window,accept,accepted,window_hmac_generation,599,0.0155,0.026760000000000013,0.037713999999999984,0.048
logistic_motion_forest_anomaly,measured,fresh_to_first_window,accept,accepted,window_hmac_verification_calculation,599,0.0155,0.023220000000000005,0.03023399999999997,0.0409
logistic_motion_forest_anomaly,measured,fresh_to_first_window,reject,failed_reconstruction,admission_total,1,2.9382,2.9382,2.9382,2.9382
logistic_motion_forest_anomaly,measured,fresh_to_first_window,reject,failed_reconstruction,reconstruction,1,2.6057,2.6057,2.6057,2.6057
logistic_motion_forest_anomaly,measured,fresh_to_first_window,reject,failed_reconstruction,response_generation_simulator,1,0.1944,0.1944,0.1944,0.1944
logistic_motion_forest_anomaly,measured,fresh_to_first_window,reject,failed_reconstruction,sender_admission_and_request,1,0.1083,0.1083,0.1083,0.1083
logistic_motion_forest_anomaly,measured,fresh_to_first_window,reject,failed_reconstruction,sender_audit_commit,1,0.0011,0.0011,0.0011,0.0011
logistic_motion_forest_anomaly,measured,fresh_to_first_window,reject,failed_reconstruction,sender_audit_prepare,1,0.0037,0.0037,0.0037,0.0037
logistic_motion_forest_anomaly,measured,fresh_to_first_window,reject,failed_reconstruction,sender_audit_record,1,0.0373,0.0373,0.0373,0.0373
logistic_motion_forest_anomaly,measured,malformed_json_receiver,reject,malformed_message,envelope_and_binary_parser,599,0.0313,0.04281,0.049804,0.2987
logistic_motion_forest_anomaly,measured,malformed_json_receiver,reject,malformed_message,verifier_audit_commit,599,0.0013,0.0018,0.002101999999999998,0.0026
logistic_motion_forest_anomaly,measured,malformed_json_receiver,reject,malformed_message,verifier_audit_prepare,599,0.0035,0.0046,0.0055,0.007
logistic_motion_forest_anomaly,measured,malformed_json_receiver,reject,malformed_message,verifier_audit_record,599,0.0385,0.055330000000000004,0.06952799999999996,0.1052
logistic_motion_forest_anomaly,measured,malformed_json_receiver,reject,malformed_message,verifier_authentication_total,599,0.1127,0.15362000000000003,0.18361999999999998,0.4074
logistic_motion_forest_anomaly,measured,post_window_after_refusals,accept,accepted,accepted_release_and_consumers,599,9.7193,11.92523,14.364891999999994,18.3144
logistic_motion_forest_anomaly,measured,post_window_after_refusals,accept,accepted,anomaly_consumer_including_threshold,599,5.6009,6.7449400000000015,8.024863999999997,9.9707
logistic_motion_forest_anomaly,measured,post_window_after_refusals,accept,accepted,binary32_adapter,599,1.058,1.30501,1.4644119999999994,1.8248
logistic_motion_forest_anomaly,measured,post_window_after_refusals,accept,accepted,envelope_and_binary_parser,599,1.5389,4.68353,5.345964,230.3613
logistic_motion_forest_anomaly,measured,post_window_after_refusals,accept,accepted,motion_consumer_including_normalization,599,0.4643,0.69955,0.8370899999999999,1.195
logistic_motion_forest_anomaly,measured,post_window_after_refusals,accept,accepted,prepare_both_model_inputs,599,3.1672,3.8985900000000013,4.977731999999998,6.3075
logistic_motion_forest_anomaly,measured,post_window_after_refusals,accept,accepted,sender_audit_commit,599,0.0013,0.0016,0.0024,0.0028
logistic_motion_forest_anomaly,measured,post_window_after_refusals,accept,accepted,sender_audit_prepare,599,0.0038,0.0053,0.007301999999999999,0.0112
logistic_motion_forest_anomaly,measured,post_window_after_refusals,accept,accepted,sender_audit_record,599,0.04,0.054600000000000024,0.07101199999999999,0.0859
logistic_motion_forest_anomaly,measured,post_window_after_refusals,accept,accepted,sender_seal_total,599,5.0268,6.12097,6.71794,8.0404
logistic_motion_forest_anomaly,measured,post_window_after_refusals,accept,accepted,serialization_including_quality,599,4.8491,5.88278,6.4798,7.6818
logistic_motion_forest_anomaly,measured,post_window_after_refusals,accept,accepted,verifier_audit_commit,599,0.0014,0.0019,0.0027019999999999982,0.0032
logistic_motion_forest_anomaly,measured,post_window_after_refusals,accept,accepted,verifier_audit_prepare,599,0.0042,0.0064,0.008607999999999992,0.0358
logistic_motion_forest_anomaly,measured,post_window_after_refusals,accept,accepted,verifier_audit_record,599,0.0244,0.03151,0.035927999999999974,0.0436
logistic_motion_forest_anomaly,measured,post_window_after_refusals,accept,accepted,verifier_authentication_total,599,6.0377,9.151720000000003,9.989006,233.4829
logistic_motion_forest_anomaly,measured,post_window_after_refusals,accept,accepted,verifier_quality_check,599,4.3435,5.184770000000001,5.582231999999999,6.6221
logistic_motion_forest_anomaly,measured,post_window_after_refusals,accept,accepted,window_hmac_generation,599,0.0199,0.037430000000000005,0.04572199999999998,0.0557
logistic_motion_forest_anomaly,measured,post_window_after_refusals,accept,accepted,window_hmac_verification_calculation,599,0.0158,0.0228,0.032904,0.2181
logistic_motion_forest_anomaly,measured,post_window_recurring,accept,accepted,accepted_release_and_consumers,599,10.066,13.34086,15.289679999999999,16.2297
logistic_motion_forest_anomaly,measured,post_window_recurring,accept,accepted,anomaly_consumer_including_threshold,599,5.8616,7.74604,8.275037999999999,8.8326
logistic_motion_forest_anomaly,measured,post_window_recurring,accept,accepted,binary32_adapter,599,1.0718,1.38919,1.5173299999999998,1.9114
logistic_motion_forest_anomaly,measured,post_window_recurring,accept,accepted,envelope_and_binary_parser,599,1.5759,4.500420000000001,5.814899999999999,243.0856
logistic_motion_forest_anomaly,measured,post_window_recurring,accept,accepted,motion_consumer_including_normalization,599,0.4636,0.7235700000000002,0.896207999999999,1.019
logistic_motion_forest_anomaly,measured,post_window_recurring,accept,accepted,prepare_both_model_inputs,599,3.2149,4.31291,5.252626,5.5232
logistic_motion_forest_anomaly,measured,post_window_recurring,accept,accepted,sender_audit_commit,599,0.0013,0.0018,0.0025,0.0029
logistic_motion_forest_anomaly,measured,post_window_recurring,accept,accepted,sender_audit_prepare,599,0.0041,0.005810000000000002,0.007301999999999999,0.0157
logistic_motion_forest_anomaly,measured,post_window_recurring,accept,accepted,sender_audit_record,599,0.0496,0.07701,0.09090399999999992,0.2083
logistic_motion_forest_anomaly,measured,post_window_recurring,accept,accepted,sender_seal_total,599,5.105,6.55171,7.012047999999999,7.4071
logistic_motion_forest_anomaly,measured,post_window_recurring,accept,accepted,serialization_including_quality,599,4.9135,6.31727,6.657743999999998,7.1497
logistic_motion_forest_anomaly,measured,post_window_recurring,accept,accepted,verifier_audit_commit,599,0.0013,0.0018100000000000024,0.0027,0.003
logistic_motion_forest_anomaly,measured,post_window_recurring,accept,accepted,verifier_audit_prepare,599,0.0044,0.0067,0.0084,0.0101
logistic_motion_forest_anomaly,measured,post_window_recurring,accept,accepted,verifier_audit_record,599,0.0251,0.0346,0.04083999999999997,0.0542
logistic_motion_forest_anomaly,measured,post_window_recurring,accept,accepted,verifier_authentication_total,599,6.1423,9.07812,11.378921999999992,247.0849
logistic_motion_forest_anomaly,measured,post_window_recurring,accept,accepted,verifier_quality_check,599,4.4111,5.68348,5.978648,6.8339
logistic_motion_forest_anomaly,measured,post_window_recurring,accept,accepted,window_hmac_generation,599,0.0232,0.04773000000000001,0.059102,0.2336
logistic_motion_forest_anomaly,measured,post_window_recurring,accept,accepted,window_hmac_verification_calculation,599,0.0163,0.0257,0.0353,0.0718
logistic_motion_forest_anomaly,measured,pre_tag_quality_refusal,reject,data_quality_failure,binary32_adapter,599,1.0689,1.3762700000000003,1.5552059999999996,1.6939
logistic_motion_forest_anomaly,measured,pre_tag_quality_refusal,reject,data_quality_failure,sender_audit_commit,599,0.0013,0.0018100000000000024,0.0025,0.003
logistic_motion_forest_anomaly,measured,pre_tag_quality_refusal,reject,data_quality_failure,sender_audit_prepare,599,0.0037,0.0051,0.006001999999999998,0.0104
logistic_motion_forest_anomaly,measured,pre_tag_quality_refusal,reject,data_quality_failure,sender_audit_record,599,0.039,0.05211,0.066806,0.0795
logistic_motion_forest_anomaly,measured,pre_tag_quality_refusal,reject,data_quality_failure,sender_seal_total,599,0.5859,0.74588,0.8309119999999998,1.2127
logistic_motion_forest_anomaly,measured,pre_tag_quality_refusal,reject,data_quality_failure,serialization_including_quality,599,0.4783,0.60401,0.663708,1.0593
logistic_motion_forest_anomaly,measured,valid_receiver_after_bad_tag,accept,accepted,accepted_release_and_consumers,599,10.1141,13.55236,15.113876,16.242
logistic_motion_forest_anomaly,measured,valid_receiver_after_bad_tag,accept,accepted,anomaly_consumer_including_threshold,599,5.9124,7.82736,8.378128,8.9851
logistic_motion_forest_anomaly,measured,valid_receiver_after_bad_tag,accept,accepted,envelope_and_binary_parser,599,1.3711,1.7913,1.8953599999999984,2.9258
logistic_motion_forest_anomaly,measured,valid_receiver_after_bad_tag,accept,accepted,motion_consumer_including_normalization,599,0.4731,0.73689,0.8523019999999998,0.9753
logistic_motion_forest_anomaly,measured,valid_receiver_after_bad_tag,accept,accepted,prepare_both_model_inputs,599,3.2414,4.48283,5.103868,5.5006
logistic_motion_forest_anomaly,measured,valid_receiver_after_bad_tag,accept,accepted,verifier_audit_commit,599,0.0014,0.002,0.002501999999999998,0.0124
logistic_motion_forest_anomaly,measured,valid_receiver_after_bad_tag,accept,accepted,verifier_audit_prepare,599,0.0043,0.006610000000000002,0.007905999999999995,0.0169
logistic_motion_forest_anomaly,measured,valid_receiver_after_bad_tag,accept,accepted,verifier_audit_record,599,0.0323,0.0452,0.05661199999999999,0.0962
logistic_motion_forest_anomaly,measured,valid_receiver_after_bad_tag,accept,accepted,verifier_authentication_total,599,5.9124,7.73809,8.043012,8.847
logistic_motion_forest_anomaly,measured,valid_receiver_after_bad_tag,accept,accepted,verifier_quality_check,599,4.4149,5.77368,5.988853999999999,6.6269
logistic_motion_forest_anomaly,measured,valid_receiver_after_bad_tag,accept,accepted,window_hmac_verification_calculation,599,0.0148,0.0208,0.0267,0.0388
logistic_motion_forest_anomaly,warmup,bad_tag_receiver,reject,invalid_tag,envelope_and_binary_parser,19,1.78,1.8765899999999993,2.087478,2.1402
logistic_motion_forest_anomaly,warmup,bad_tag_receiver,reject,invalid_tag,verifier_audit_commit,19,0.0016,0.0021299999999999973,0.0030660000000000006,0.0033
logistic_motion_forest_anomaly,warmup,bad_tag_receiver,reject,invalid_tag,verifier_audit_prepare,19,0.0047,0.005519999999999993,0.007824000000000001,0.0084
logistic_motion_forest_anomaly,warmup,bad_tag_receiver,reject,invalid_tag,verifier_audit_record,19,0.0349,0.04221999999999993,0.06396400000000001,0.0694
logistic_motion_forest_anomaly,warmup,bad_tag_receiver,reject,invalid_tag,verifier_authentication_total,19,1.9423,2.064179999999999,2.367876,2.4438
logistic_motion_forest_anomaly,warmup,bad_tag_receiver,reject,invalid_tag,window_hmac_verification_calculation,19,0.0187,0.02363999999999996,0.036888000000000004,0.0402
logistic_motion_forest_anomaly,warmup,exact_replay_receiver,reject,duplicate_sequence,envelope_and_binary_parser,19,2.059,2.2198499999999997,2.30517,2.3265
logistic_motion_forest_anomaly,warmup,exact_replay_receiver,reject,duplicate_sequence,verifier_audit_commit,19,0.002,0.00211,0.002182,0.0022
logistic_motion_forest_anomaly,warmup,exact_replay_receiver,reject,duplicate_sequence,verifier_audit_prepare,19,0.0062,0.00771,0.007782,0.0078
logistic_motion_forest_anomaly,warmup,exact_replay_receiver,reject,duplicate_sequence,verifier_audit_record,19,0.0508,0.06553999999999999,0.070868,0.0722
logistic_motion_forest_anomaly,warmup,exact_replay_receiver,reject,duplicate_sequence,verifier_authentication_total,19,8.0034,8.33945,8.36933,8.3768
logistic_motion_forest_anomaly,warmup,exact_replay_receiver,reject,duplicate_sequence,verifier_quality_check,19,5.7155,5.89949,5.961338,5.9768
logistic_motion_forest_anomaly,warmup,exact_replay_receiver,reject,duplicate_sequence,window_hmac_verification_calculation,19,0.0244,0.04363999999999998,0.050408,0.0521
logistic_motion_forest_anomaly,warmup,fresh_to_first_window,accept,accepted,accepted_release_and_consumers,19,12.718,14.252149999999995,16.26059,16.7627
logistic_motion_forest_anomaly,warmup,fresh_to_first_window,accept,accepted,admission_total,19,4.3986,5.2507,5.31118,5.3263
logistic_motion_forest_anomaly,warmup,fresh_to_first_window,accept,accepted,anomaly_consumer_including_threshold,19,7.4827,8.336779999999997,9.008396,9.1763
logistic_motion_forest_anomaly,warmup,fresh_to_first_window,accept,accepted,binary32_adapter,19,1.369,1.52104,1.555168,1.5637
logistic_motion_forest_anomaly,warmup,fresh_to_first_window,accept,accepted,envelope_and_binary_parser,19,2.0482,5.1207699999999985,5.609434,5.7316
logistic_motion_forest_anomaly,warmup,fresh_to_first_window,accept,accepted,first_post_window_total,19,28.9234,34.05937999999999,35.597156,35.9816
logistic_motion_forest_anomaly,warmup,fresh_to_first_window,accept,accepted,independent_credential_verification,19,0.052,0.0874,0.0874,0.0874
logistic_motion_forest_anomaly,warmup,fresh_to_first_window,accept,accepted,local_authorization_including_verification,19,0.0718,0.12153999999999998,0.128308,0.13
logistic_motion_forest_anomaly,warmup,fresh_to_first_window,accept,accepted,local_challenge_binding,19,0.01,0.010899999999999991,0.01378,0.0145
logistic_motion_forest_anomaly,warmup,fresh_to_first_window,accept,accepted,local_request_binding,19,0.0125,0.01380999999999999,0.016762,0.0175
logistic_motion_forest_anomaly,warmup,fresh_to_first_window,accept,accepted,motion_consumer_including_normalization,19,0.5957,0.8046299999999996,0.925086,0.9552
logistic_motion_forest_anomaly,warmup,fresh_to_first_window,accept,accepted,prepare_both_model_inputs,19,3.999,4.541979999999997,5.470636,5.7028
logistic_motion_forest_anomaly,warmup,fresh_to_first_window,accept,accepted,receiver_challenge,19,0.1546,0.19099999999999998,0.20036,0.2027
logistic_motion_forest_anomaly,warmup,fresh_to_first_window,accept,accepted,receiver_confirmation,19,0.1339,0.15879999999999994,0.17752,0.1822
logistic_motion_forest_anomaly,warmup,fresh_to_first_window,accept,accepted,receiver_local_admission,19,0.0126,0.020569999999999998,0.021794,0.0221
logistic_motion_forest_anomaly,warmup,fresh_to_first_window,accept,accepted,reconstruction,19,3.3432,4.04573,4.144586,4.1693
logistic_motion_forest_anomaly,warmup,fresh_to_first_window,accept,accepted,response_generation_simulator,19,0.1908,0.27976,0.280192,0.2803
logistic_motion_forest_anomaly,warmup,fresh_to_first_window,accept,accepted,sender_activation,19,0.1032,0.12006999999999998,0.127054,0.1288
logistic_motion_forest_anomaly,warmup,fresh_to_first_window,accept,accepted,sender_admission_and_request,19,0.2559,0.33669999999999983,0.39214,0.406
logistic_motion_forest_anomaly,warmup,fresh_to_first_window,accept,accepted,sender_audit_commit,19,0.0045,0.005169999999999995,0.0071140000000000005,0.0076
logistic_motion_forest_anomaly,warmup,fresh_to_first_window,accept,accepted,sender_audit_prepare,19,0.0126,0.014329999999999989,0.018146,0.0191
logistic_motion_forest_anomaly,warmup,fresh_to_first_window,accept,accepted,sender_audit_record,19,0.1363,0.14936999999999992,0.174354,0.1806
logistic_motion_forest_anomaly,warmup,fresh_to_first_window,accept,accepted,sender_confirmation,19,0.099,0.13108999999999993,0.153338,0.1589
logistic_motion_forest_anomaly,warmup,fresh_to_first_window,accept,accepted,sender_local_admission_claim,19,0.015,0.017969999999999996,0.019194,0.0195
logistic_motion_forest_anomaly,warmup,fresh_to_first_window,accept,accepted,sender_seal_total,19,6.4257,6.974779999999999,7.394396,7.4993
logistic_motion_forest_anomaly,warmup,fresh_to_first_window,accept,accepted,serialization_including_quality,19,6.2223,6.737319999999999,7.076584,7.1614
logistic_motion_forest_anomaly,warmup,fresh_to_first_window,accept,accepted,verifier_audit_commit,19,0.0031,0.0036199999999999956,0.005204000000000001,0.0056
logistic_motion_forest_anomaly,warmup,fresh_to_first_window,accept,accepted,verifier_audit_prepare,19,0.0092,0.01118999999999999,0.014718000000000002,0.0156
logistic_motion_forest_anomaly,warmup,fresh_to_first_window,accept,accepted,verifier_audit_record,19,0.0702,0.08578999999999998,0.095798,0.0983
logistic_motion_forest_anomaly,warmup,fresh_to_first_window,accept,accepted,verifier_authentication_total,19,7.9473,10.882619999999998,11.740284,11.9547
logistic_motion_forest_anomaly,warmup,fresh_to_first_window,accept,accepted,verifier_quality_check,19,5.6332,6.298929999999998,6.797386,6.922
logistic_motion_forest_anomaly,warmup,fresh_to_first_window,accept,accepted,window_hmac_generation,19,0.0187,0.027159999999999976,0.035512,0.0376
logistic_motion_forest_anomaly,warmup,fresh_to_first_window,accept,accepted,window_hmac_verification_calculation,19,0.0204,0.024669999999999977,0.03237400000000001,0.0343
logistic_motion_forest_anomaly,warmup,malformed_json_receiver,reject,malformed_message,envelope_and_binary_parser,19,0.0372,0.04069999999999999,0.04214,0.0425
logistic_motion_forest_anomaly,warmup,malformed_json_receiver,reject,malformed_message,verifier_audit_commit,19,0.0017,0.0018799999999999982,0.002456,0.0026
logistic_motion_forest_anomaly,warmup,malformed_json_receiver,reject,malformed_message,verifier_audit_prepare,19,0.0044,0.005129999999999996,0.006786000000000001,0.0072
logistic_motion_forest_anomaly,warmup,malformed_json_receiver,reject,malformed_message,verifier_audit_record,19,0.0481,0.054889999999999994,0.058418,0.0593
logistic_motion_forest_anomaly,warmup,malformed_json_receiver,reject,malformed_message,verifier_authentication_total,19,0.141,0.15790999999999997,0.170222,0.1733
logistic_motion_forest_anomaly,warmup,post_window_after_refusals,accept,accepted,accepted_release_and_consumers,19,9.9867,11.587339999999994,13.242908,13.6568
logistic_motion_forest_anomaly,warmup,post_window_after_refusals,accept,accepted,anomaly_consumer_including_threshold,19,5.7987,6.871929999999998,7.407826,7.5418
logistic_motion_forest_anomaly,warmup,post_window_after_refusals,accept,accepted,binary32_adapter,19,1.15,1.4980999999999998,1.5449,1.5566
logistic_motion_forest_anomaly,warmup,post_window_after_refusals,accept,accepted,envelope_and_binary_parser,19,1.576,2.1136699999999995,2.253854,2.2889
logistic_motion_forest_anomaly,warmup,post_window_after_refusals,accept,accepted,motion_consumer_including_normalization,19,0.4824,0.58888,0.600256,0.6031
logistic_motion_forest_anomaly,warmup,post_window_after_refusals,accept,accepted,prepare_both_model_inputs,19,3.1719,3.7343999999999977,4.5624,4.7694
logistic_motion_forest_anomaly,warmup,post_window_after_refusals,accept,accepted,sender_audit_commit,19,0.0014,0.0017899999999999982,0.002438,0.0026
logistic_motion_forest_anomaly,warmup,post_window_after_refusals,accept,accepted,sender_audit_prepare,19,0.0047,0.005829999999999996,0.007486000000000001,0.0079
logistic_motion_forest_anomaly,warmup,post_window_after_refusals,accept,accepted,sender_audit_record,19,0.0459,0.06773,0.067946,0.068
logistic_motion_forest_anomaly,warmup,post_window_after_refusals,accept,accepted,sender_seal_total,19,5.1171,7.234919999999999,7.430904,7.4799
logistic_motion_forest_anomaly,warmup,post_window_after_refusals,accept,accepted,serialization_including_quality,19,4.907,6.954139999999999,7.115708,7.1561
logistic_motion_forest_anomaly,warmup,post_window_after_refusals,accept,accepted,verifier_audit_commit,19,0.0017,0.002449999999999999,0.00281,0.0029
logistic_motion_forest_anomaly,warmup,post_window_after_refusals,accept,accepted,verifier_audit_prepare,19,0.0049,0.00781,0.007882,0.0079
logistic_motion_forest_anomaly,warmup,post_window_after_refusals,accept,accepted,verifier_audit_record,19,0.027,0.03114999999999998,0.03871,0.0406
logistic_motion_forest_anomaly,warmup,post_window_after_refusals,accept,accepted,verifier_authentication_total,19,6.1081,8.613329999999998,9.043386,9.1509
logistic_motion_forest_anomaly,warmup,post_window_after_refusals,accept,accepted,verifier_quality_check,19,4.389,6.61576,6.641392,6.6478
logistic_motion_forest_anomaly,warmup,post_window_after_refusals,accept,accepted,window_hmac_generation,19,0.0227,0.03446,0.034892,0.035
logistic_motion_forest_anomaly,warmup,post_window_after_refusals,accept,accepted,window_hmac_verification_calculation,19,0.0176,0.028179999999999993,0.030916,0.0316
logistic_motion_forest_anomaly,warmup,post_window_recurring,accept,accepted,accepted_release_and_consumers,19,12.8899,14.148129999999993,16.683466,17.3173
logistic_motion_forest_anomaly,warmup,post_window_recurring,accept,accepted,anomaly_consumer_including_threshold,19,7.5398,8.241349999999997,9.49307,9.806
logistic_motion_forest_anomaly,warmup,post_window_recurring,accept,accepted,binary32_adapter,19,1.384,1.4875999999999998,1.59848,1.6262
logistic_motion_forest_anomaly,warmup,post_window_recurring,accept,accepted,envelope_and_binary_parser,19,1.9613,2.0965299999999987,2.502826,2.6044
logistic_motion_forest_anomaly,warmup,post_window_recurring,accept,accepted,motion_consumer_including_normalization,19,0.5745,0.7841399999999997,0.856428,0.8745
logistic_motion_forest_anomaly,warmup,post_window_recurring,accept,accepted,prepare_both_model_inputs,19,4.1295,4.605559999999997,5.524712,5.7545
logistic_motion_forest_anomaly,warmup,post_window_recurring,accept,accepted,sender_audit_commit,19,0.0016,0.0019599999999999986,0.002392,0.0025
logistic_motion_forest_anomaly,warmup,post_window_recurring,accept,accepted,sender_audit_prepare,19,0.0048,0.005769999999999995,0.007714000000000001,0.0082
logistic_motion_forest_anomaly,warmup,post_window_recurring,accept,accepted,sender_audit_record,19,0.0567,0.07360999999999994,0.090962,0.0953
logistic_motion_forest_anomaly,warmup,post_window_recurring,accept,accepted,sender_seal_total,19,6.4946,6.989019999999999,7.219564,7.2772
logistic_motion_forest_anomaly,warmup,post_window_recurring,accept,accepted,serialization_including_quality,19,6.2669,6.70353,6.854226,6.8919
logistic_motion_forest_anomaly,warmup,post_window_recurring,accept,accepted,verifier_audit_commit,19,0.0017,0.0021499999999999944,0.003950000000000001,0.0044
logistic_motion_forest_anomaly,warmup,post_window_recurring,accept,accepted,verifier_audit_prepare,19,0.005,0.008139999999999984,0.013468000000000003,0.0148
logistic_motion_forest_anomaly,warmup,post_window_recurring,accept,accepted,verifier_audit_record,19,0.0313,0.03347999999999998,0.038376,0.0396
logistic_motion_forest_anomaly,warmup,post_window_recurring,accept,accepted,verifier_authentication_total,19,7.7608,8.496649999999999,9.08021,9.2261
logistic_motion_forest_anomaly,warmup,post_window_recurring,accept,accepted,verifier_quality_check,19,5.6174,6.22255,6.32299,6.3481
logistic_motion_forest_anomaly,warmup,post_window_recurring,accept,accepted,window_hmac_generation,19,0.025,0.040129999999999964,0.053306000000000006,0.0566
logistic_motion_forest_anomaly,warmup,post_window_recurring,accept,accepted,window_hmac_verification_calculation,19,0.0194,0.023159999999999955,0.037272000000000007,0.0408
logistic_motion_forest_anomaly,warmup,pre_tag_quality_refusal,reject,data_quality_failure,binary32_adapter,19,1.289,1.5770799999999996,1.745416,1.7875
logistic_motion_forest_anomaly,warmup,pre_tag_quality_refusal,reject,data_quality_failure,sender_audit_commit,19,0.0017,0.00271,0.002782,0.0028
logistic_motion_forest_anomaly,warmup,pre_tag_quality_refusal,reject,data_quality_failure,sender_audit_prepare,19,0.0047,0.006979999999999997,0.008276,0.0086
logistic_motion_forest_anomaly,warmup,pre_tag_quality_refusal,reject,data_quality_failure,sender_audit_record,19,0.0487,0.06867999999999994,0.088696,0.0937
logistic_motion_forest_anomaly,warmup,pre_tag_quality_refusal,reject,data_quality_failure,sender_seal_total,19,0.7316,0.8868699999999999,0.942094,0.9559
logistic_motion_forest_anomaly,warmup,pre_tag_quality_refusal,reject,data_quality_failure,serialization_including_quality,19,0.6015,0.6810299999999998,0.756846,0.7758
logistic_motion_forest_anomaly,warmup,valid_receiver_after_bad_tag,accept,accepted,accepted_release_and_consumers,19,12.6203,13.875849999999996,14.91085,15.1696
logistic_motion_forest_anomaly,warmup,valid_receiver_after_bad_tag,accept,accepted,anomaly_consumer_including_threshold,19,7.3067,7.81907,7.889414,7.907
logistic_motion_forest_anomaly,warmup,valid_receiver_after_bad_tag,accept,accepted,envelope_and_binary_parser,19,1.7648,1.8626499999999995,2.02069,2.0602
logistic_motion_forest_anomaly,warmup,valid_receiver_after_bad_tag,accept,accepted,motion_consumer_including_normalization,19,0.5562,0.7361599999999995,0.902912,0.9446
logistic_motion_forest_anomaly,warmup,valid_receiver_after_bad_tag,accept,accepted,prepare_both_model_inputs,19,4.1069,4.6251399999999965,5.927908,6.2536
logistic_motion_forest_anomaly,warmup,valid_receiver_after_bad_tag,accept,accepted,verifier_audit_commit,19,0.0017,0.001999999999999998,0.00272,0.0029
logistic_motion_forest_anomaly,warmup,valid_receiver_after_bad_tag,accept,accepted,verifier_audit_prepare,19,0.0053,0.007149999999999999,0.00751,0.0076
logistic_motion_forest_anomaly,warmup,valid_receiver_after_bad_tag,accept,accepted,verifier_audit_record,19,0.0398,0.05334999999999997,0.06667,0.07
logistic_motion_forest_anomaly,warmup,valid_receiver_after_bad_tag,accept,accepted,verifier_authentication_total,19,7.6499,8.0877,8.50026,8.6034
logistic_motion_forest_anomaly,warmup,valid_receiver_after_bad_tag,accept,accepted,verifier_quality_check,19,5.713,6.042999999999999,6.24748,6.2986
logistic_motion_forest_anomaly,warmup,valid_receiver_after_bad_tag,accept,accepted,window_hmac_verification_calculation,19,0.0184,0.021819999999999982,0.027724000000000002,0.0292
logistic_motion_logistic_anomaly,condition_first_use,bad_tag_receiver,reject,invalid_tag,envelope_and_binary_parser,1,1.2109,1.2109,1.2109,1.2109
logistic_motion_logistic_anomaly,condition_first_use,bad_tag_receiver,reject,invalid_tag,verifier_audit_commit,1,0.0013,0.0013,0.0013,0.0013
logistic_motion_logistic_anomaly,condition_first_use,bad_tag_receiver,reject,invalid_tag,verifier_audit_prepare,1,0.0036,0.0036,0.0036,0.0036
logistic_motion_logistic_anomaly,condition_first_use,bad_tag_receiver,reject,invalid_tag,verifier_audit_record,1,0.0263,0.0263,0.0263,0.0263
logistic_motion_logistic_anomaly,condition_first_use,bad_tag_receiver,reject,invalid_tag,verifier_authentication_total,1,1.3372,1.3372,1.3372,1.3372
logistic_motion_logistic_anomaly,condition_first_use,bad_tag_receiver,reject,invalid_tag,window_hmac_verification_calculation,1,0.0159,0.0159,0.0159,0.0159
logistic_motion_logistic_anomaly,condition_first_use,exact_replay_receiver,reject,duplicate_sequence,envelope_and_binary_parser,1,1.4107,1.4107,1.4107,1.4107
logistic_motion_logistic_anomaly,condition_first_use,exact_replay_receiver,reject,duplicate_sequence,verifier_audit_commit,1,0.0018,0.0018,0.0018,0.0018
logistic_motion_logistic_anomaly,condition_first_use,exact_replay_receiver,reject,duplicate_sequence,verifier_audit_prepare,1,0.0064,0.0064,0.0064,0.0064
logistic_motion_logistic_anomaly,condition_first_use,exact_replay_receiver,reject,duplicate_sequence,verifier_audit_record,1,0.0379,0.0379,0.0379,0.0379
logistic_motion_logistic_anomaly,condition_first_use,exact_replay_receiver,reject,duplicate_sequence,verifier_authentication_total,1,6.8895,6.8895,6.8895,6.8895
logistic_motion_logistic_anomaly,condition_first_use,exact_replay_receiver,reject,duplicate_sequence,verifier_quality_check,1,5.2822,5.2822,5.2822,5.2822
logistic_motion_logistic_anomaly,condition_first_use,exact_replay_receiver,reject,duplicate_sequence,window_hmac_verification_calculation,1,0.0193,0.0193,0.0193,0.0193
logistic_motion_logistic_anomaly,condition_first_use,fresh_to_first_window,accept,accepted,accepted_release_and_consumers,1,9.7893,9.7893,9.7893,9.7893
logistic_motion_logistic_anomaly,condition_first_use,fresh_to_first_window,accept,accepted,admission_total,1,2705.6629,2705.6629,2705.6629,2705.6629
logistic_motion_logistic_anomaly,condition_first_use,fresh_to_first_window,accept,accepted,anomaly_consumer_including_threshold,1,0.4295,0.4295,0.4295,0.4295
logistic_motion_logistic_anomaly,condition_first_use,fresh_to_first_window,accept,accepted,binary32_adapter,1,0.9293,0.9293,0.9293,0.9293
logistic_motion_logistic_anomaly,condition_first_use,fresh_to_first_window,accept,accepted,envelope_and_binary_parser,1,3.5097,3.5097,3.5097,3.5097
logistic_motion_logistic_anomaly,condition_first_use,fresh_to_first_window,accept,accepted,first_post_window_total,1,23.6282,23.6282,23.6282,23.6282
logistic_motion_logistic_anomaly,condition_first_use,fresh_to_first_window,accept,accepted,independent_credential_verification,1,0.0665,0.0665,0.0665,0.0665
logistic_motion_logistic_anomaly,condition_first_use,fresh_to_first_window,accept,accepted,local_authorization_including_verification,1,0.0875,0.0875,0.0875,0.0875
logistic_motion_logistic_anomaly,condition_first_use,fresh_to_first_window,accept,accepted,local_challenge_binding,1,0.0071,0.0071,0.0071,0.0071
logistic_motion_logistic_anomaly,condition_first_use,fresh_to_first_window,accept,accepted,local_request_binding,1,0.0107,0.0107,0.0107,0.0107
logistic_motion_logistic_anomaly,condition_first_use,fresh_to_first_window,accept,accepted,motion_consumer_including_normalization,1,5.0487,5.0487,5.0487,5.0487
logistic_motion_logistic_anomaly,condition_first_use,fresh_to_first_window,accept,accepted,prepare_both_model_inputs,1,3.6907,3.6907,3.6907,3.6907
logistic_motion_logistic_anomaly,condition_first_use,fresh_to_first_window,accept,accepted,receiver_challenge,1,0.1432,0.1432,0.1432,0.1432
logistic_motion_logistic_anomaly,condition_first_use,fresh_to_first_window,accept,accepted,receiver_confirmation,1,0.1001,0.1001,0.1001,0.1001
logistic_motion_logistic_anomaly,condition_first_use,fresh_to_first_window,accept,accepted,receiver_local_admission,1,0.0107,0.0107,0.0107,0.0107
logistic_motion_logistic_anomaly,condition_first_use,fresh_to_first_window,accept,accepted,reconstruction,1,2704.7969,2704.7969,2704.7969,2704.7969
logistic_motion_logistic_anomaly,condition_first_use,fresh_to_first_window,accept,accepted,response_generation_simulator,1,0.1327,0.1327,0.1327,0.1327
logistic_motion_logistic_anomaly,condition_first_use,fresh_to_first_window,accept,accepted,sender_activation,1,0.0771,0.0771,0.0771,0.0771
logistic_motion_logistic_anomaly,condition_first_use,fresh_to_first_window,accept,accepted,sender_admission_and_request,1,0.2849,0.2849,0.2849,0.2849
logistic_motion_logistic_anomaly,condition_first_use,fresh_to_first_window,accept,accepted,sender_audit_commit,1,0.0037,0.0037,0.0037,0.0037
logistic_motion_logistic_anomaly,condition_first_use,fresh_to_first_window,accept,accepted,sender_audit_prepare,1,0.0112,0.0112,0.0112,0.0112
logistic_motion_logistic_anomaly,condition_first_use,fresh_to_first_window,accept,accepted,sender_audit_record,1,0.1135,0.1135,0.1135,0.1135
logistic_motion_logistic_anomaly,condition_first_use,fresh_to_first_window,accept,accepted,sender_confirmation,1,0.0797,0.0797,0.0797,0.0797
logistic_motion_logistic_anomaly,condition_first_use,fresh_to_first_window,accept,accepted,sender_local_admission_claim,1,0.0121,0.0121,0.0121,0.0121
logistic_motion_logistic_anomaly,condition_first_use,fresh_to_first_window,accept,accepted,sender_seal_total,1,4.7939,4.7939,4.7939,4.7939
logistic_motion_logistic_anomaly,condition_first_use,fresh_to_first_window,accept,accepted,serialization_including_quality,1,4.5801,4.5801,4.5801,4.5801
logistic_motion_logistic_anomaly,condition_first_use,fresh_to_first_window,accept,accepted,verifier_audit_commit,1,0.003,0.003,0.003,0.003
logistic_motion_logistic_anomaly,condition_first_use,fresh_to_first_window,accept,accepted,verifier_audit_prepare,1,0.009,0.009,0.009,0.009
logistic_motion_logistic_anomaly,condition_first_use,fresh_to_first_window,accept,accepted,verifier_audit_record,1,0.0494,0.0494,0.0494,0.0494
logistic_motion_logistic_anomaly,condition_first_use,fresh_to_first_window,accept,accepted,verifier_authentication_total,1,8.0278,8.0278,8.0278,8.0278
logistic_motion_logistic_anomaly,condition_first_use,fresh_to_first_window,accept,accepted,verifier_quality_check,1,4.3342,4.3342,4.3342,4.3342
logistic_motion_logistic_anomaly,condition_first_use,fresh_to_first_window,accept,accepted,window_hmac_generation,1,0.0222,0.0222,0.0222,0.0222
logistic_motion_logistic_anomaly,condition_first_use,fresh_to_first_window,accept,accepted,window_hmac_verification_calculation,1,0.0278,0.0278,0.0278,0.0278
logistic_motion_logistic_anomaly,condition_first_use,malformed_json_receiver,reject,malformed_message,envelope_and_binary_parser,1,0.0411,0.0411,0.0411,0.0411
logistic_motion_logistic_anomaly,condition_first_use,malformed_json_receiver,reject,malformed_message,verifier_audit_commit,1,0.0019,0.0019,0.0019,0.0019
logistic_motion_logistic_anomaly,condition_first_use,malformed_json_receiver,reject,malformed_message,verifier_audit_prepare,1,0.0054,0.0054,0.0054,0.0054
logistic_motion_logistic_anomaly,condition_first_use,malformed_json_receiver,reject,malformed_message,verifier_audit_record,1,0.052,0.052,0.052,0.052
logistic_motion_logistic_anomaly,condition_first_use,malformed_json_receiver,reject,malformed_message,verifier_authentication_total,1,0.1575,0.1575,0.1575,0.1575
logistic_motion_logistic_anomaly,condition_first_use,post_window_after_refusals,accept,accepted,accepted_release_and_consumers,1,4.3611,4.3611,4.3611,4.3611
logistic_motion_logistic_anomaly,condition_first_use,post_window_after_refusals,accept,accepted,anomaly_consumer_including_threshold,1,0.3708,0.3708,0.3708,0.3708
logistic_motion_logistic_anomaly,condition_first_use,post_window_after_refusals,accept,accepted,binary32_adapter,1,1.6447,1.6447,1.6447,1.6447
logistic_motion_logistic_anomaly,condition_first_use,post_window_after_refusals,accept,accepted,envelope_and_binary_parser,1,1.2024,1.2024,1.2024,1.2024
logistic_motion_logistic_anomaly,condition_first_use,post_window_after_refusals,accept,accepted,motion_consumer_including_normalization,1,0.4352,0.4352,0.4352,0.4352
logistic_motion_logistic_anomaly,condition_first_use,post_window_after_refusals,accept,accepted,prepare_both_model_inputs,1,3.0909,3.0909,3.0909,3.0909
logistic_motion_logistic_anomaly,condition_first_use,post_window_after_refusals,accept,accepted,sender_audit_commit,1,0.001,0.001,0.001,0.001
logistic_motion_logistic_anomaly,condition_first_use,post_window_after_refusals,accept,accepted,sender_audit_prepare,1,0.0033,0.0033,0.0033,0.0033
logistic_motion_logistic_anomaly,condition_first_use,post_window_after_refusals,accept,accepted,sender_audit_record,1,0.033,0.033,0.033,0.033
logistic_motion_logistic_anomaly,condition_first_use,post_window_after_refusals,accept,accepted,sender_seal_total,1,7.4596,7.4596,7.4596,7.4596
logistic_motion_logistic_anomaly,condition_first_use,post_window_after_refusals,accept,accepted,serialization_including_quality,1,7.2981,7.2981,7.2981,7.2981
logistic_motion_logistic_anomaly,condition_first_use,post_window_after_refusals,accept,accepted,verifier_audit_commit,1,0.0014,0.0014,0.0014,0.0014
logistic_motion_logistic_anomaly,condition_first_use,post_window_after_refusals,accept,accepted,verifier_audit_prepare,1,0.0038,0.0038,0.0038,0.0038
logistic_motion_logistic_anomaly,condition_first_use,post_window_after_refusals,accept,accepted,verifier_audit_record,1,0.0187,0.0187,0.0187,0.0187
logistic_motion_logistic_anomaly,condition_first_use,post_window_after_refusals,accept,accepted,verifier_authentication_total,1,5.4656,5.4656,5.4656,5.4656
logistic_motion_logistic_anomaly,condition_first_use,post_window_after_refusals,accept,accepted,verifier_quality_check,1,4.1595,4.1595,4.1595,4.1595
logistic_motion_logistic_anomaly,condition_first_use,post_window_after_refusals,accept,accepted,window_hmac_generation,1,0.0171,0.0171,0.0171,0.0171
logistic_motion_logistic_anomaly,condition_first_use,post_window_after_refusals,accept,accepted,window_hmac_verification_calculation,1,0.0142,0.0142,0.0142,0.0142
logistic_motion_logistic_anomaly,condition_first_use,post_window_recurring,accept,accepted,accepted_release_and_consumers,1,5.1745,5.1745,5.1745,5.1745
logistic_motion_logistic_anomaly,condition_first_use,post_window_recurring,accept,accepted,anomaly_consumer_including_threshold,1,0.5743,0.5743,0.5743,0.5743
logistic_motion_logistic_anomaly,condition_first_use,post_window_recurring,accept,accepted,binary32_adapter,1,1.1743,1.1743,1.1743,1.1743
logistic_motion_logistic_anomaly,condition_first_use,post_window_recurring,accept,accepted,envelope_and_binary_parser,1,2.1161,2.1161,2.1161,2.1161
logistic_motion_logistic_anomaly,condition_first_use,post_window_recurring,accept,accepted,motion_consumer_including_normalization,1,0.4246,0.4246,0.4246,0.4246
logistic_motion_logistic_anomaly,condition_first_use,post_window_recurring,accept,accepted,prepare_both_model_inputs,1,3.5052,3.5052,3.5052,3.5052
logistic_motion_logistic_anomaly,condition_first_use,post_window_recurring,accept,accepted,sender_audit_commit,1,0.0019,0.0019,0.0019,0.0019
logistic_motion_logistic_anomaly,condition_first_use,post_window_recurring,accept,accepted,sender_audit_prepare,1,0.006,0.006,0.006,0.006
logistic_motion_logistic_anomaly,condition_first_use,post_window_recurring,accept,accepted,sender_audit_record,1,0.0804,0.0804,0.0804,0.0804
logistic_motion_logistic_anomaly,condition_first_use,post_window_recurring,accept,accepted,sender_seal_total,1,6.8626,6.8626,6.8626,6.8626
logistic_motion_logistic_anomaly,condition_first_use,post_window_recurring,accept,accepted,serialization_including_quality,1,6.4991,6.4991,6.4991,6.4991
logistic_motion_logistic_anomaly,condition_first_use,post_window_recurring,accept,accepted,verifier_audit_commit,1,0.0019,0.0019,0.0019,0.0019
logistic_motion_logistic_anomaly,condition_first_use,post_window_recurring,accept,accepted,verifier_audit_prepare,1,0.0067,0.0067,0.0067,0.0067
logistic_motion_logistic_anomaly,condition_first_use,post_window_recurring,accept,accepted,verifier_audit_record,1,0.037,0.037,0.037,0.037
logistic_motion_logistic_anomaly,condition_first_use,post_window_recurring,accept,accepted,verifier_authentication_total,1,8.55,8.55,8.55,8.55
logistic_motion_logistic_anomaly,condition_first_use,post_window_recurring,accept,accepted,verifier_quality_check,1,6.2342,6.2342,6.2342,6.2342
logistic_motion_logistic_anomaly,condition_first_use,post_window_recurring,accept,accepted,window_hmac_generation,1,0.0502,0.0502,0.0502,0.0502
logistic_motion_logistic_anomaly,condition_first_use,post_window_recurring,accept,accepted,window_hmac_verification_calculation,1,0.0262,0.0262,0.0262,0.0262
logistic_motion_logistic_anomaly,condition_first_use,pre_tag_quality_refusal,reject,data_quality_failure,binary32_adapter,1,1.5856,1.5856,1.5856,1.5856
logistic_motion_logistic_anomaly,condition_first_use,pre_tag_quality_refusal,reject,data_quality_failure,sender_audit_commit,1,0.0022,0.0022,0.0022,0.0022
logistic_motion_logistic_anomaly,condition_first_use,pre_tag_quality_refusal,reject,data_quality_failure,sender_audit_prepare,1,0.0053,0.0053,0.0053,0.0053
logistic_motion_logistic_anomaly,condition_first_use,pre_tag_quality_refusal,reject,data_quality_failure,sender_audit_record,1,0.0557,0.0557,0.0557,0.0557
logistic_motion_logistic_anomaly,condition_first_use,pre_tag_quality_refusal,reject,data_quality_failure,sender_seal_total,1,0.8591,0.8591,0.8591,0.8591
logistic_motion_logistic_anomaly,condition_first_use,pre_tag_quality_refusal,reject,data_quality_failure,serialization_including_quality,1,0.7021,0.7021,0.7021,0.7021
logistic_motion_logistic_anomaly,condition_first_use,valid_receiver_after_bad_tag,accept,accepted,accepted_release_and_consumers,1,4.4858,4.4858,4.4858,4.4858
logistic_motion_logistic_anomaly,condition_first_use,valid_receiver_after_bad_tag,accept,accepted,anomaly_consumer_including_threshold,1,0.3346,0.3346,0.3346,0.3346
logistic_motion_logistic_anomaly,condition_first_use,valid_receiver_after_bad_tag,accept,accepted,envelope_and_binary_parser,1,1.2704,1.2704,1.2704,1.2704
logistic_motion_logistic_anomaly,condition_first_use,valid_receiver_after_bad_tag,accept,accepted,motion_consumer_including_normalization,1,0.5072,0.5072,0.5072,0.5072
logistic_motion_logistic_anomaly,condition_first_use,valid_receiver_after_bad_tag,accept,accepted,prepare_both_model_inputs,1,3.1797,3.1797,3.1797,3.1797
logistic_motion_logistic_anomaly,condition_first_use,valid_receiver_after_bad_tag,accept,accepted,verifier_audit_commit,1,0.0013,0.0013,0.0013,0.0013
logistic_motion_logistic_anomaly,condition_first_use,valid_receiver_after_bad_tag,accept,accepted,verifier_audit_prepare,1,0.0049,0.0049,0.0049,0.0049
logistic_motion_logistic_anomaly,condition_first_use,valid_receiver_after_bad_tag,accept,accepted,verifier_audit_record,1,0.0336,0.0336,0.0336,0.0336
logistic_motion_logistic_anomaly,condition_first_use,valid_receiver_after_bad_tag,accept,accepted,verifier_authentication_total,1,5.6271,5.6271,5.6271,5.6271
logistic_motion_logistic_anomaly,condition_first_use,valid_receiver_after_bad_tag,accept,accepted,verifier_quality_check,1,4.206,4.206,4.206,4.206
logistic_motion_logistic_anomaly,condition_first_use,valid_receiver_after_bad_tag,accept,accepted,window_hmac_verification_calculation,1,0.019,0.019,0.019,0.019
logistic_motion_logistic_anomaly,measured,bad_tag_receiver,reject,invalid_tag,envelope_and_binary_parser,599,1.4152,2.1999,2.785514,3.0396
logistic_motion_logistic_anomaly,measured,bad_tag_receiver,reject,invalid_tag,verifier_audit_commit,599,0.0014,0.0024,0.0028,0.0042
logistic_motion_logistic_anomaly,measured,bad_tag_receiver,reject,invalid_tag,verifier_audit_prepare,599,0.0038,0.0066,0.0075,0.0085
logistic_motion_logistic_anomaly,measured,bad_tag_receiver,reject,invalid_tag,verifier_audit_record,599,0.0282,0.04821,0.05932999999999997,0.1299
logistic_motion_logistic_anomaly,measured,bad_tag_receiver,reject,invalid_tag,verifier_authentication_total,599,1.5427,2.4162,3.0460019999999997,3.293
logistic_motion_logistic_anomaly,measured,bad_tag_receiver,reject,invalid_tag,window_hmac_verification_calculation,599,0.0148,0.026610000000000005,0.032203999999999997,0.0891
logistic_motion_logistic_anomaly,measured,exact_replay_receiver,reject,duplicate_sequence,envelope_and_binary_parser,599,1.6124,4.029320000000001,4.772251999999999,207.9354
logistic_motion_logistic_anomaly,measured,exact_replay_receiver,reject,duplicate_sequence,verifier_audit_commit,599,0.0015,0.0026,0.002801999999999998,0.0034
logistic_motion_logistic_anomaly,measured,exact_replay_receiver,reject,duplicate_sequence,verifier_audit_prepare,599,0.0048,0.007910000000000002,0.0095,0.0301
logistic_motion_logistic_anomaly,measured,exact_replay_receiver,reject,duplicate_sequence,verifier_audit_record,599,0.0391,0.06169000000000002,0.074308,0.0902
logistic_motion_logistic_anomaly,measured,exact_replay_receiver,reject,duplicate_sequence,verifier_authentication_total,599,6.3592,9.676430000000002,12.136855999999998,210.8029
logistic_motion_logistic_anomaly,measured,exact_replay_receiver,reject,duplicate_sequence,verifier_quality_check,599,4.4978,6.642500000000002,8.622102,9.4344
logistic_motion_logistic_anomaly,measured,exact_replay_receiver,reject,duplicate_sequence,window_hmac_verification_calculation,599,0.0192,0.03302000000000001,0.04401799999999999,0.0577
logistic_motion_logistic_anomaly,measured,fresh_to_first_window,accept,accepted,accepted_release_and_consumers,599,4.677,7.632040000000004,9.170607999999996,10.0044
logistic_motion_logistic_anomaly,measured,fresh_to_first_window,accept,accepted,admission_total,599,3.3089,4.948530000000001,5.390117999999999,20.3338
logistic_motion_logistic_anomaly,measured,fresh_to_first_window,accept,accepted,anomaly_consumer_including_threshold,599,0.3534,0.60295,0.7080879999999998,1.0198
logistic_motion_logistic_anomaly,measured,fresh_to_first_window,accept,accepted,binary32_adapter,599,1.029,1.56681,1.7286779999999993,1.9995
logistic_motion_logistic_anomaly,measured,fresh_to_first_window,accept,accepted,envelope_and_binary_parser,599,1.6171,3.786780000000001,5.3859379999999994,256.923
logistic_motion_logistic_anomaly,measured,fresh_to_first_window,accept,accepted,first_post_window_total,599,17.2492,27.00199,33.321798,274.2074
logistic_motion_logistic_anomaly,measured,fresh_to_first_window,accept,accepted,independent_credential_verification,599,0.0409,0.06361,0.07703399999999998,0.0937
logistic_motion_logistic_anomaly,measured,fresh_to_first_window,accept,accepted,local_authorization_including_verification,599,0.0568,0.0878,0.10793599999999998,0.1215
logistic_motion_logistic_anomaly,measured,fresh_to_first_window,accept,accepted,local_challenge_binding,599,0.0074,0.0115,0.0157,0.0237
logistic_motion_logistic_anomaly,measured,fresh_to_first_window,accept,accepted,local_request_binding,599,0.0096,0.0148,0.018317999999999987,0.0843
logistic_motion_logistic_anomaly,measured,fresh_to_first_window,accept,accepted,motion_consumer_including_normalization,599,0.4658,0.8002500000000001,0.9914339999999993,1.7834
logistic_motion_logistic_anomaly,measured,fresh_to_first_window,accept,accepted,prepare_both_model_inputs,599,3.3416,5.429380000000002,6.5274579999999975,7.2358
logistic_motion_logistic_anomaly,measured,fresh_to_first_window,accept,accepted,receiver_challenge,599,0.1174,0.17690000000000003,0.201608,0.2331
logistic_motion_logistic_anomaly,measured,fresh_to_first_window,accept,accepted,receiver_confirmation,599,0.1003,0.15403,0.17122799999999988,0.2071
logistic_motion_logistic_anomaly,measured,fresh_to_first_window,accept,accepted,receiver_local_admission,599,0.0095,0.0148,0.017705999999999993,0.0262
logistic_motion_logistic_anomaly,measured,fresh_to_first_window,accept,accepted,reconstruction,599,2.5245,3.82139,4.313733999999999,19.1144
logistic_motion_logistic_anomaly,measured,fresh_to_first_window,accept,accepted,response_generation_simulator,599,0.1983,0.25714,0.319706,0.3421
logistic_motion_logistic_anomaly,measured,fresh_to_first_window,accept,accepted,sender_activation,599,0.077,0.11835000000000001,0.13434599999999997,0.153
logistic_motion_logistic_anomaly,measured,fresh_to_first_window,accept,accepted,sender_admission_and_request,599,0.1838,0.29631,0.3445659999999998,0.3904
logistic_motion_logistic_anomaly,measured,fresh_to_first_window,accept,accepted,sender_audit_commit,599,0.0034,0.0058,0.006505999999999994,0.0102
logistic_motion_logistic_anomaly,measured,fresh_to_first_window,accept,accepted,sender_audit_prepare,599,0.0097,0.016,0.018809999999999993,0.0276
logistic_motion_logistic_anomaly,measured,fresh_to_first_window,accept,accepted,sender_audit_record,599,0.0987,0.16257000000000002,0.18105599999999994,0.2313
logistic_motion_logistic_anomaly,measured,fresh_to_first_window,accept,accepted,sender_confirmation,599,0.0743,0.11227000000000001,0.127412,0.1675
logistic_motion_logistic_anomaly,measured,fresh_to_first_window,accept,accepted,sender_local_admission_claim,599,0.0112,0.0174,0.01982199999999998,0.0267
logistic_motion_logistic_anomaly,measured,fresh_to_first_window,accept,accepted,sender_seal_total,599,5.0153,7.921960000000001,9.715641999999995,10.3588
logistic_motion_logistic_anomaly,measured,fresh_to_first_window,accept,accepted,serialization_including_quality,599,4.8418,7.654730000000002,9.349971999999996,9.9223
logistic_motion_logistic_anomaly,measured,fresh_to_first_window,accept,accepted,verifier_audit_commit,599,0.0025,0.004110000000000002,0.005,0.0071
logistic_motion_logistic_anomaly,measured,fresh_to_first_window,accept,accepted,verifier_audit_prepare,599,0.0073,0.0119,0.0162,0.0247
logistic_motion_logistic_anomaly,measured,fresh_to_first_window,accept,accepted,verifier_audit_record,599,0.0529,0.0857,0.094304,0.1081
logistic_motion_logistic_anomaly,measured,fresh_to_first_window,accept,accepted,verifier_authentication_total,599,6.3147,10.711190000000009,12.644599999999999,261.3676
logistic_motion_logistic_anomaly,measured,fresh_to_first_window,accept,accepted,verifier_quality_check,599,4.4904,6.789350000000001,9.099693999999998,9.684
logistic_motion_logistic_anomaly,measured,fresh_to_first_window,accept,accepted,window_hmac_generation,599,0.0156,0.030510000000000002,0.04472999999999997,0.0664
logistic_motion_logistic_anomaly,measured,fresh_to_first_window,accept,accepted,window_hmac_verification_calculation,599,0.0155,0.0278,0.040507999999999995,0.1508
logistic_motion_logistic_anomaly,measured,fresh_to_first_window,reject,failed_reconstruction,admission_total,1,3.69,3.69,3.69,3.69
logistic_motion_logistic_anomaly,measured,fresh_to_first_window,reject,failed_reconstruction,reconstruction,1,3.3116,3.3116,3.3116,3.3116
logistic_motion_logistic_anomaly,measured,fresh_to_first_window,reject,failed_reconstruction,response_generation_simulator,1,0.2064,0.2064,0.2064,0.2064
logistic_motion_logistic_anomaly,measured,fresh_to_first_window,reject,failed_reconstruction,sender_admission_and_request,1,0.1394,0.1394,0.1394,0.1394
logistic_motion_logistic_anomaly,measured,fresh_to_first_window,reject,failed_reconstruction,sender_audit_commit,1,0.0017,0.0017,0.0017,0.0017
logistic_motion_logistic_anomaly,measured,fresh_to_first_window,reject,failed_reconstruction,sender_audit_prepare,1,0.0052,0.0052,0.0052,0.0052
logistic_motion_logistic_anomaly,measured,fresh_to_first_window,reject,failed_reconstruction,sender_audit_record,1,0.0512,0.0512,0.0512,0.0512
logistic_motion_logistic_anomaly,measured,malformed_json_receiver,reject,malformed_message,envelope_and_binary_parser,599,0.0297,0.04421,0.051217999999999986,0.0694
logistic_motion_logistic_anomaly,measured,malformed_json_receiver,reject,malformed_message,verifier_audit_commit,599,0.0014,0.0022,0.0027,0.011
logistic_motion_logistic_anomaly,measured,malformed_json_receiver,reject,malformed_message,verifier_audit_prepare,599,0.0035,0.005410000000000002,0.0072,0.012
logistic_motion_logistic_anomaly,measured,malformed_json_receiver,reject,malformed_message,verifier_audit_record,599,0.0377,0.06245000000000001,0.07104199999999995,0.099
logistic_motion_logistic_anomaly,measured,malformed_json_receiver,reject,malformed_message,verifier_authentication_total,599,0.1103,0.17674000000000006,0.20391999999999996,0.4957
logistic_motion_logistic_anomaly,measured,post_window_after_refusals,accept,accepted,accepted_release_and_consumers,599,4.6174,6.356900000000003,8.355201999999998,9.6556
logistic_motion_logistic_anomaly,measured,post_window_after_refusals,accept,accepted,anomaly_consumer_including_threshold,599,0.3444,0.4710200000000003,0.6300899999999999,0.7087
logistic_motion_logistic_anomaly,measured,post_window_after_refusals,accept,accepted,binary32_adapter,599,1.0766,1.5668500000000003,2.1678379999999997,2.9322
logistic_motion_logistic_anomaly,measured,post_window_after_refusals,accept,accepted,envelope_and_binary_parser,599,1.5658,4.490780000000003,6.000227999999998,206.0447
logistic_motion_logistic_anomaly,measured,post_window_after_refusals,accept,accepted,motion_consumer_including_normalization,599,0.4422,0.6767300000000002,0.848424,1.0699
logistic_motion_logistic_anomaly,measured,post_window_after_refusals,accept,accepted,prepare_both_model_inputs,599,3.2691,4.551110000000002,6.235109999999998,6.9438
logistic_motion_logistic_anomaly,measured,post_window_after_refusals,accept,accepted,sender_audit_commit,599,0.0013,0.0022,0.002601999999999998,0.0034
logistic_motion_logistic_anomaly,measured,post_window_after_refusals,accept,accepted,sender_audit_prepare,599,0.0039,0.0061,0.008107999999999992,0.0134
logistic_motion_logistic_anomaly,measured,post_window_after_refusals,accept,accepted,sender_audit_record,599,0.0399,0.06041,0.08104799999999995,0.1196
logistic_motion_logistic_anomaly,measured,post_window_after_refusals,accept,accepted,sender_seal_total,599,5.1327,7.06275,10.42001,11.3293
logistic_motion_logistic_anomaly,measured,post_window_after_refusals,accept,accepted,serialization_including_quality,599,4.9637,6.82923,9.748237999999995,10.9024
logistic_motion_logistic_anomaly,measured,post_window_after_refusals,accept,accepted,verifier_audit_commit,599,0.0015,0.0024,0.0029,0.0094
logistic_motion_logistic_anomaly,measured,post_window_after_refusals,accept,accepted,verifier_audit_prepare,599,0.0043,0.0072,0.010101999999999998,0.0146
logistic_motion_logistic_anomaly,measured,post_window_after_refusals,accept,accepted,verifier_audit_record,599,0.0248,0.0352,0.04721599999999999,0.0622
logistic_motion_logistic_anomaly,measured,post_window_after_refusals,accept,accepted,verifier_authentication_total,599,6.1858,10.046530000000002,12.572817999999996,209.0012
logistic_motion_logistic_anomaly,measured,post_window_after_refusals,accept,accepted,verifier_quality_check,599,4.4786,5.839910000000001,8.080931999999999,9.1288
logistic_motion_logistic_anomaly,measured,post_window_after_refusals,accept,accepted,window_hmac_generation,599,0.019,0.03431,0.04821599999999999,0.0796
logistic_motion_logistic_anomaly,measured,post_window_after_refusals,accept,accepted,window_hmac_verification_calculation,599,0.0156,0.0249,0.03340799999999999,0.0471
logistic_motion_logistic_anomaly,measured,post_window_recurring,accept,accepted,accepted_release_and_consumers,599,4.6229,7.095830000000009,9.379265999999998,10.0427
logistic_motion_logistic_anomaly,measured,post_window_recurring,accept,accepted,anomaly_consumer_including_threshold,599,0.3486,0.5709800000000002,0.7054759999999998,1.027
logistic_motion_logistic_anomaly,measured,post_window_recurring,accept,accepted,binary32_adapter,599,1.0924,1.8043600000000004,2.2365619999999997,2.6999
logistic_motion_logistic_anomaly,measured,post_window_recurring,accept,accepted,envelope_and_binary_parser,599,1.6147,3.78743,5.598297999999994,272.2584
logistic_motion_logistic_anomaly,measured,post_window_recurring,accept,accepted,motion_consumer_including_normalization,599,0.4359,0.77118,0.9888259999999999,1.7238
logistic_motion_logistic_anomaly,measured,post_window_recurring,accept,accepted,prepare_both_model_inputs,599,3.3057,5.208840000000001,6.660746,7.3297
logistic_motion_logistic_anomaly,measured,post_window_recurring,accept,accepted,sender_audit_commit,599,0.0014,0.0024100000000000024,0.0029,0.0131
logistic_motion_logistic_anomaly,measured,post_window_recurring,accept,accepted,sender_audit_prepare,599,0.0041,0.0073,0.008701999999999998,0.015
logistic_motion_logistic_anomaly,measured,post_window_recurring,accept,accepted,sender_audit_record,599,0.047,0.08545000000000001,0.10585399999999996,0.198
logistic_motion_logistic_anomaly,measured,post_window_recurring,accept,accepted,sender_seal_total,599,5.2328,8.860620000000006,10.23242,11.9168
logistic_motion_logistic_anomaly,measured,post_window_recurring,accept,accepted,serialization_including_quality,599,5.0466,8.471580000000008,9.841204,11.4623
logistic_motion_logistic_anomaly,measured,post_window_recurring,accept,accepted,verifier_audit_commit,599,0.0014,0.0025,0.0029,0.0177
logistic_motion_logistic_anomaly,measured,post_window_recurring,accept,accepted,verifier_audit_prepare,599,0.0045,0.008030000000000008,0.009713999999999987,0.0134
logistic_motion_logistic_anomaly,measured,post_window_recurring,accept,accepted,verifier_audit_record,599,0.0259,0.04541,0.052705999999999996,0.1638
logistic_motion_logistic_anomaly,measured,post_window_recurring,accept,accepted,verifier_authentication_total,599,6.4172,10.994440000000003,12.989937999999992,275.1002
logistic_motion_logistic_anomaly,measured,post_window_recurring,accept,accepted,verifier_quality_check,599,4.5545,7.19776,9.147063999999999,9.7761
logistic_motion_logistic_anomaly,measured,post_window_recurring,accept,accepted,window_hmac_generation,599,0.0206,0.04571000000000002,0.06541,0.1005
logistic_motion_logistic_anomaly,measured,post_window_recurring,accept,accepted,window_hmac_verification_calculation,599,0.0162,0.028710000000000003,0.03720999999999999,0.0803
logistic_motion_logistic_anomaly,measured,pre_tag_quality_refusal,reject,data_quality_failure,binary32_adapter,599,1.0885,1.5831500000000003,2.1588679999999996,2.4584
logistic_motion_logistic_anomaly,measured,pre_tag_quality_refusal,reject,data_quality_failure,sender_audit_commit,599,0.0014,0.0023,0.002601999999999998,0.0034
logistic_motion_logistic_anomaly,measured,pre_tag_quality_refusal,reject,data_quality_failure,sender_audit_prepare,599,0.0037,0.006,0.007401999999999998,0.0144
logistic_motion_logistic_anomaly,measured,pre_tag_quality_refusal,reject,data_quality_failure,sender_audit_record,599,0.0393,0.06041,0.0744,0.0809
logistic_motion_logistic_anomaly,measured,pre_tag_quality_refusal,reject,data_quality_failure,sender_seal_total,599,0.5926,0.84764,1.130274,1.2372
logistic_motion_logistic_anomaly,measured,pre_tag_quality_refusal,reject,data_quality_failure,serialization_including_quality,599,0.488,0.6961,0.9301839999999999,1.0208
logistic_motion_logistic_anomaly,measured,valid_receiver_after_bad_tag,accept,accepted,accepted_release_and_consumers,599,4.5994,7.17161,9.218278,9.3728
logistic_motion_logistic_anomaly,measured,valid_receiver_after_bad_tag,accept,accepted,anomaly_consumer_including_threshold,599,0.3479,0.58244,0.6832959999999999,0.8417
logistic_motion_logistic_anomaly,measured,valid_receiver_after_bad_tag,accept,accepted,envelope_and_binary_parser,599,1.4074,2.27488,2.9160259999999996,3.2588
logistic_motion_logistic_anomaly,measured,valid_receiver_after_bad_tag,accept,accepted,motion_consumer_including_normalization,599,0.4405,0.7383000000000001,0.9065119999999995,1.3679
logistic_motion_logistic_anomaly,measured,valid_receiver_after_bad_tag,accept,accepted,prepare_both_model_inputs,599,3.3163,5.0079600000000015,6.654563999999999,6.8697
logistic_motion_logistic_anomaly,measured,valid_receiver_after_bad_tag,accept,accepted,verifier_audit_commit,599,0.0014,0.0025,0.0031,0.0034
logistic_motion_logistic_anomaly,measured,valid_receiver_after_bad_tag,accept,accepted,verifier_audit_prepare,599,0.0044,0.0077,0.010001999999999999,0.0126
logistic_motion_logistic_anomaly,measured,valid_receiver_after_bad_tag,accept,accepted,verifier_audit_record,599,0.0333,0.05656000000000001,0.06611199999999999,0.1021
logistic_motion_logistic_anomaly,measured,valid_receiver_after_bad_tag,accept,accepted,verifier_authentication_total,599,6.0853,9.611450000000007,12.184992,13.1027
logistic_motion_logistic_anomaly,measured,valid_receiver_after_bad_tag,accept,accepted,verifier_quality_check,599,4.5506,7.345360000000005,9.06499,10.6123
logistic_motion_logistic_anomaly,measured,valid_receiver_after_bad_tag,accept,accepted,window_hmac_verification_calculation,599,0.015,0.026220000000000004,0.03170599999999999,0.0414
logistic_motion_logistic_anomaly,warmup,bad_tag_receiver,reject,invalid_tag,envelope_and_binary_parser,19,1.4053,2.4117599999999997,2.548272,2.5824
logistic_motion_logistic_anomaly,warmup,bad_tag_receiver,reject,invalid_tag,verifier_audit_commit,19,0.0013,0.0022299999999999993,0.002446,0.0025
logistic_motion_logistic_anomaly,warmup,bad_tag_receiver,reject,invalid_tag,verifier_audit_prepare,19,0.0038,0.0059299999999999995,0.006146,0.0062
logistic_motion_logistic_anomaly,warmup,bad_tag_receiver,reject,invalid_tag,verifier_audit_record,19,0.0282,0.04674999999999999,0.04999,0.0508
logistic_motion_logistic_anomaly,warmup,bad_tag_receiver,reject,invalid_tag,verifier_authentication_total,19,1.5431,2.6201699999999994,2.727234,2.754
logistic_motion_logistic_anomaly,warmup,bad_tag_receiver,reject,invalid_tag,window_hmac_verification_calculation,19,0.0174,0.02436,0.024792,0.0249
logistic_motion_logistic_anomaly,warmup,exact_replay_receiver,reject,duplicate_sequence,envelope_and_binary_parser,19,1.5197,2.5020099999999994,2.615122,2.6434
logistic_motion_logistic_anomaly,warmup,exact_replay_receiver,reject,duplicate_sequence,verifier_audit_commit,19,0.0014,0.002599999999999996,0.00404,0.0044
logistic_motion_logistic_anomaly,warmup,exact_replay_receiver,reject,duplicate_sequence,verifier_audit_prepare,19,0.0053,0.008799999999999999,0.00952,0.0097
logistic_motion_logistic_anomaly,warmup,exact_replay_receiver,reject,duplicate_sequence,verifier_audit_record,19,0.0407,0.06358,0.064156,0.0643
logistic_motion_logistic_anomaly,warmup,exact_replay_receiver,reject,duplicate_sequence,verifier_authentication_total,19,6.2629,9.536229999999996,10.958446,11.314
logistic_motion_logistic_anomaly,warmup,exact_replay_receiver,reject,duplicate_sequence,verifier_quality_check,19,4.4544,6.795659999999996,8.066172,8.3838
logistic_motion_logistic_anomaly,warmup,exact_replay_receiver,reject,duplicate_sequence,window_hmac_verification_calculation,19,0.0197,0.038929999999999985,0.044906,0.0464
logistic_motion_logistic_anomaly,warmup,fresh_to_first_window,accept,accepted,accepted_release_and_consumers,19,4.8199,8.51026,8.515732,8.5171
logistic_motion_logistic_anomaly,warmup,fresh_to_first_window,accept,accepted,admission_total,19,4.5647,6.032079999999999,6.206176,6.2497
logistic_motion_logistic_anomaly,warmup,fresh_to_first_window,accept,accepted,anomaly_consumer_including_threshold,19,0.3633,0.64345,0.65821,0.6619
logistic_motion_logistic_anomaly,warmup,fresh_to_first_window,accept,accepted,binary32_adapter,19,0.9692,1.7297599999999997,1.792112,1.8077
logistic_motion_logistic_anomaly,warmup,fresh_to_first_window,accept,accepted,envelope_and_binary_parser,19,2.6971,4.458699999999999,4.80214,4.888
logistic_motion_logistic_anomaly,warmup,fresh_to_first_window,accept,accepted,first_post_window_total,19,20.2604,29.84505,30.40125,30.5403
logistic_motion_logistic_anomaly,warmup,fresh_to_first_window,accept,accepted,independent_credential_verification,19,0.0486,0.06986999999999997,0.077574,0.0795
logistic_motion_logistic_anomaly,warmup,fresh_to_first_window,accept,accepted,local_authorization_including_verification,19,0.0684,0.08904999999999996,0.10309,0.1066
logistic_motion_logistic_anomaly,warmup,fresh_to_first_window,accept,accepted,local_challenge_binding,19,0.0071,0.010839999999999997,0.011848,0.0121
logistic_motion_logistic_anomaly,warmup,fresh_to_first_window,accept,accepted,local_request_binding,19,0.0098,0.013779999999999997,0.015076,0.0154
logistic_motion_logistic_anomaly,warmup,fresh_to_first_window,accept,accepted,motion_consumer_including_normalization,19,0.541,0.8051499999999997,0.93799,0.9712
logistic_motion_logistic_anomaly,warmup,fresh_to_first_window,accept,accepted,prepare_both_model_inputs,19,3.3572,6.03083,6.172166,6.2075
logistic_motion_logistic_anomaly,warmup,fresh_to_first_window,accept,accepted,receiver_challenge,19,0.1224,0.16683999999999993,0.187288,0.1924
logistic_motion_logistic_anomaly,warmup,fresh_to_first_window,accept,accepted,receiver_confirmation,19,0.0965,0.14373999999999995,0.167068,0.1729
logistic_motion_logistic_anomaly,warmup,fresh_to_first_window,accept,accepted,receiver_local_admission,19,0.0091,0.013959999999999997,0.015112,0.0154
logistic_motion_logistic_anomaly,warmup,fresh_to_first_window,accept,accepted,reconstruction,19,3.5804,4.9748399999999995,5.407848,5.5161
logistic_motion_logistic_anomaly,warmup,fresh_to_first_window,accept,accepted,response_generation_simulator,19,0.1911,0.25988999999999984,0.310938,0.3237
logistic_motion_logistic_anomaly,warmup,fresh_to_first_window,accept,accepted,sender_activation,19,0.0729,0.11631999999999997,0.124384,0.1264
logistic_motion_logistic_anomaly,warmup,fresh_to_first_window,accept,accepted,sender_admission_and_request,19,0.2103,0.2826799999999999,0.325736,0.3365
logistic_motion_logistic_anomaly,warmup,fresh_to_first_window,accept,accepted,sender_audit_commit,19,0.0037,0.005259999999999999,0.005692,0.0058
logistic_motion_logistic_anomaly,warmup,fresh_to_first_window,accept,accepted,sender_audit_prepare,19,0.0107,0.015399999999999997,0.01684,0.0172
logistic_motion_logistic_anomaly,warmup,fresh_to_first_window,accept,accepted,sender_audit_record,19,0.1178,0.15661999999999995,0.172604,0.1766
logistic_motion_logistic_anomaly,warmup,fresh_to_first_window,accept,accepted,sender_confirmation,19,0.0708,0.10780999999999993,0.133802,0.1403
logistic_motion_logistic_anomaly,warmup,fresh_to_first_window,accept,accepted,sender_local_admission_claim,19,0.011,0.015899999999999994,0.01806,0.0186
logistic_motion_logistic_anomaly,warmup,fresh_to_first_window,accept,accepted,sender_seal_total,19,5.4056,8.74071,8.778222,8.7876
logistic_motion_logistic_anomaly,warmup,fresh_to_first_window,accept,accepted,serialization_including_quality,19,5.1551,8.44738,8.486116,8.4958
logistic_motion_logistic_anomaly,warmup,fresh_to_first_window,accept,accepted,verifier_audit_commit,19,0.0027,0.00411,0.004182,0.0042
logistic_motion_logistic_anomaly,warmup,fresh_to_first_window,accept,accepted,verifier_audit_prepare,19,0.008,0.014529999999999987,0.019066,0.0202
logistic_motion_logistic_anomaly,warmup,fresh_to_first_window,accept,accepted,verifier_audit_record,19,0.0598,0.09524,0.095528,0.0956
logistic_motion_logistic_anomaly,warmup,fresh_to_first_window,accept,accepted,verifier_authentication_total,19,8.2841,11.41918,11.463676,11.4748
logistic_motion_logistic_anomaly,warmup,fresh_to_first_window,accept,accepted,verifier_quality_check,19,5.0515,8.05256,8.131472,8.1512
logistic_motion_logistic_anomaly,warmup,fresh_to_first_window,accept,accepted,window_hmac_generation,19,0.0238,0.033339999999999974,0.042268,0.0445
logistic_motion_logistic_anomaly,warmup,fresh_to_first_window,accept,accepted,window_hmac_verification_calculation,19,0.0187,0.03516,0.036312,0.0366
logistic_motion_logistic_anomaly,warmup,malformed_json_receiver,reject,malformed_message,envelope_and_binary_parser,19,0.0342,0.044529999999999986,0.048346,0.0493
logistic_motion_logistic_anomaly,warmup,malformed_json_receiver,reject,malformed_message,verifier_audit_commit,19,0.0013,0.0020299999999999993,0.002246,0.0023
logistic_motion_logistic_anomaly,warmup,malformed_json_receiver,reject,malformed_message,verifier_audit_prepare,19,0.0035,0.005069999999999998,0.005574,0.0057
logistic_motion_logistic_anomaly,warmup,malformed_json_receiver,reject,malformed_message,verifier_audit_record,19,0.0391,0.06453999999999999,0.067708,0.0685
logistic_motion_logistic_anomaly,warmup,malformed_json_receiver,reject,malformed_message,verifier_authentication_total,19,0.1172,0.17423999999999998,0.179568,0.1809
logistic_motion_logistic_anomaly,warmup,post_window_after_refusals,accept,accepted,accepted_release_and_consumers,19,4.9224,7.967349999999999,8.32843,8.4187
logistic_motion_logistic_anomaly,warmup,post_window_after_refusals,accept,accepted,anomaly_consumer_including_threshold,19,0.355,0.4537299999999999,0.486346,0.4945
logistic_motion_logistic_anomaly,warmup,post_window_after_refusals,accept,accepted,binary32_adapter,19,1.0919,1.8543899999999998,1.952958,1.9776
logistic_motion_logistic_anomaly,warmup,post_window_after_refusals,accept,accepted,envelope_and_binary_parser,19,1.455,2.7468899999999996,2.848338,2.8737
logistic_motion_logistic_anomaly,warmup,post_window_after_refusals,accept,accepted,motion_consumer_including_normalization,19,0.5043,1.05547,1.084774,1.0921
logistic_motion_logistic_anomaly,warmup,post_window_after_refusals,accept,accepted,prepare_both_model_inputs,19,3.3899,6.07335,6.09387,6.099
logistic_motion_logistic_anomaly,warmup,post_window_after_refusals,accept,accepted,sender_audit_commit,19,0.0013,0.002239999999999999,0.002528,0.0026
logistic_motion_logistic_anomaly,warmup,post_window_after_refusals,accept,accepted,sender_audit_prepare,19,0.0037,0.00641,0.006482,0.0065
logistic_motion_logistic_anomaly,warmup,post_window_after_refusals,accept,accepted,sender_audit_record,19,0.0412,0.06641,0.067202,0.0674
logistic_motion_logistic_anomaly,warmup,post_window_after_refusals,accept,accepted,sender_seal_total,19,5.2691,7.335479999999996,8.683896,9.021
logistic_motion_logistic_anomaly,warmup,post_window_after_refusals,accept,accepted,serialization_including_quality,19,5.1022,7.100689999999997,8.395178,8.7188
logistic_motion_logistic_anomaly,warmup,post_window_after_refusals,accept,accepted,verifier_audit_commit,19,0.0014,0.0026199999999999995,0.002764,0.0028
logistic_motion_logistic_anomaly,warmup,post_window_after_refusals,accept,accepted,verifier_audit_prepare,19,0.0044,0.009059999999999999,0.009492,0.0096
logistic_motion_logistic_anomaly,warmup,post_window_after_refusals,accept,accepted,verifier_audit_record,19,0.0236,0.03718999999999999,0.042158,0.0434
logistic_motion_logistic_anomaly,warmup,post_window_after_refusals,accept,accepted,verifier_authentication_total,19,6.0527,11.44465,11.52853,11.5495
logistic_motion_logistic_anomaly,warmup,post_window_after_refusals,accept,accepted,verifier_quality_check,19,4.4626,8.3548,8.53912,8.5852
logistic_motion_logistic_anomaly,warmup,post_window_after_refusals,accept,accepted,window_hmac_generation,19,0.0228,0.04456999999999998,0.052994,0.0551
logistic_motion_logistic_anomaly,warmup,post_window_after_refusals,accept,accepted,window_hmac_verification_calculation,19,0.0149,0.028229999999999977,0.035646,0.0375
logistic_motion_logistic_anomaly,warmup,post_window_recurring,accept,accepted,accepted_release_and_consumers,19,4.8272,7.7997,7.85298,7.8663
logistic_motion_logistic_anomaly,warmup,post_window_recurring,accept,accepted,anomaly_consumer_including_threshold,19,0.3666,0.6097099999999999,0.655862,0.6674
logistic_motion_logistic_anomaly,warmup,post_window_recurring,accept,accepted,binary32_adapter,19,1.052,1.8034599999999998,1.883812,1.9039
logistic_motion_logistic_anomaly,warmup,post_window_recurring,accept,accepted,envelope_and_binary_parser,19,1.5645,2.4724799999999996,2.614896,2.6505
logistic_motion_logistic_anomaly,warmup,post_window_recurring,accept,accepted,motion_consumer_including_normalization,19,0.4594,0.76252,0.772744,0.7753
logistic_motion_logistic_anomaly,warmup,post_window_recurring,accept,accepted,prepare_both_model_inputs,19,3.4513,5.60947,5.652454,5.6632
logistic_motion_logistic_anomaly,warmup,post_window_recurring,accept,accepted,sender_audit_commit,19,0.0014,0.0024199999999999994,0.002564,0.0026
logistic_motion_logistic_anomaly,warmup,post_window_recurring,accept,accepted,sender_audit_prepare,19,0.004,0.00652,0.006664,0.0067
logistic_motion_logistic_anomaly,warmup,post_window_recurring,accept,accepted,sender_audit_record,19,0.0519,0.07249999999999998,0.0797,0.0815
logistic_motion_logistic_anomaly,warmup,post_window_recurring,accept,accepted,sender_seal_total,19,5.1584,8.64446,8.741372,8.7656
logistic_motion_logistic_anomaly,warmup,post_window_recurring,accept,accepted,serialization_including_quality,19,4.9458,8.35336,8.417152,8.4331
logistic_motion_logistic_anomaly,warmup,post_window_recurring,accept,accepted,verifier_audit_commit,19,0.0013,0.0023299999999999996,0.002546,0.0026
logistic_motion_logistic_anomaly,warmup,post_window_recurring,accept,accepted,verifier_audit_prepare,19,0.0045,0.008899999999999986,0.013940000000000001,0.0152
logistic_motion_logistic_anomaly,warmup,post_window_recurring,accept,accepted,verifier_audit_record,19,0.0246,0.06044999999999968,0.16737000000000005,0.1941
logistic_motion_logistic_anomaly,warmup,post_window_recurring,accept,accepted,verifier_authentication_total,19,6.6421,10.63429,10.802698,10.8448
logistic_motion_logistic_anomaly,warmup,post_window_recurring,accept,accepted,verifier_quality_check,19,4.877,7.80617,7.920434,7.949
logistic_motion_logistic_anomaly,warmup,post_window_recurring,accept,accepted,window_hmac_generation,19,0.0214,0.03934999999999996,0.05051,0.0533
logistic_motion_logistic_anomaly,warmup,post_window_recurring,accept,accepted,window_hmac_verification_calculation,19,0.0166,0.024879999999999996,0.026176,0.0265
logistic_motion_logistic_anomaly,warmup,pre_tag_quality_refusal,reject,data_quality_failure,binary32_adapter,19,1.0954,1.6873799999999992,1.899636,1.9527
logistic_motion_logistic_anomaly,warmup,pre_tag_quality_refusal,reject,data_quality_failure,sender_audit_commit,19,0.0013,0.00211,0.002182,0.0022
logistic_motion_logistic_anomaly,warmup,pre_tag_quality_refusal,reject,data_quality_failure,sender_audit_prepare,19,0.0036,0.006029999999999999,0.006246,0.0063
logistic_motion_logistic_anomaly,warmup,pre_tag_quality_refusal,reject,data_quality_failure,sender_audit_record,19,0.0399,0.06587999999999998,0.072216,0.0738
logistic_motion_logistic_anomaly,warmup,pre_tag_quality_refusal,reject,data_quality_failure,sender_seal_total,19,0.581,1.03426,1.075012,1.0852
logistic_motion_logistic_anomaly,warmup,pre_tag_quality_refusal,reject,data_quality_failure,serialization_including_quality,19,0.4784,0.8389599999999999,0.894832,0.9088
logistic_motion_logistic_anomaly,warmup,valid_receiver_after_bad_tag,accept,accepted,accepted_release_and_consumers,19,4.7831,7.245929999999998,7.857426,8.0103
logistic_motion_logistic_anomaly,warmup,valid_receiver_after_bad_tag,accept,accepted,anomaly_consumer_including_threshold,19,0.3594,0.57127,0.583294,0.5863
logistic_motion_logistic_anomaly,warmup,valid_receiver_after_bad_tag,accept,accepted,envelope_and_binary_parser,19,1.4864,2.0717499999999984,2.53075,2.6455
logistic_motion_logistic_anomaly,warmup,valid_receiver_after_bad_tag,accept,accepted,motion_consumer_including_normalization,19,0.5128,0.6569199999999998,0.689464,0.6976
logistic_motion_logistic_anomaly,warmup,valid_receiver_after_bad_tag,accept,accepted,prepare_both_model_inputs,19,3.4713,5.295999999999998,6.0988,6.2995
logistic_motion_logistic_anomaly,warmup,valid_receiver_after_bad_tag,accept,accepted,verifier_audit_commit,19,0.0015,0.0021199999999999995,0.002264,0.0023
logistic_motion_logistic_anomaly,warmup,valid_receiver_after_bad_tag,accept,accepted,verifier_audit_prepare,19,0.0044,0.007049999999999999,0.00741,0.0075
logistic_motion_logistic_anomaly,warmup,valid_receiver_after_bad_tag,accept,accepted,verifier_audit_record,19,0.0323,0.050249999999999996,0.05349,0.0543
logistic_motion_logistic_anomaly,warmup,valid_receiver_after_bad_tag,accept,accepted,verifier_authentication_total,19,6.5008,8.602759999999998,9.015032,9.1181
logistic_motion_logistic_anomaly,warmup,valid_receiver_after_bad_tag,accept,accepted,verifier_quality_check,19,4.8591,6.184479999999998,6.787696,6.9385
logistic_motion_logistic_anomaly,warmup,valid_receiver_after_bad_tag,accept,accepted,window_hmac_verification_calculation,19,0.0155,0.026839999999999992,0.029288,0.0299
snn32_seed17_forest_anomaly,condition_first_use,bad_tag_receiver,reject,invalid_tag,envelope_and_binary_parser,1,1.65,1.65,1.65,1.65
snn32_seed17_forest_anomaly,condition_first_use,bad_tag_receiver,reject,invalid_tag,verifier_audit_commit,1,0.0022,0.0022,0.0022,0.0022
snn32_seed17_forest_anomaly,condition_first_use,bad_tag_receiver,reject,invalid_tag,verifier_audit_prepare,1,0.0048,0.0048,0.0048,0.0048
snn32_seed17_forest_anomaly,condition_first_use,bad_tag_receiver,reject,invalid_tag,verifier_audit_record,1,0.0374,0.0374,0.0374,0.0374
snn32_seed17_forest_anomaly,condition_first_use,bad_tag_receiver,reject,invalid_tag,verifier_authentication_total,1,1.8145,1.8145,1.8145,1.8145
snn32_seed17_forest_anomaly,condition_first_use,bad_tag_receiver,reject,invalid_tag,window_hmac_verification_calculation,1,0.0178,0.0178,0.0178,0.0178
snn32_seed17_forest_anomaly,condition_first_use,exact_replay_receiver,reject,duplicate_sequence,envelope_and_binary_parser,1,5.8152,5.8152,5.8152,5.8152
snn32_seed17_forest_anomaly,condition_first_use,exact_replay_receiver,reject,duplicate_sequence,verifier_audit_commit,1,0.0011,0.0011,0.0011,0.0011
snn32_seed17_forest_anomaly,condition_first_use,exact_replay_receiver,reject,duplicate_sequence,verifier_audit_prepare,1,0.0034,0.0034,0.0034,0.0034
snn32_seed17_forest_anomaly,condition_first_use,exact_replay_receiver,reject,duplicate_sequence,verifier_audit_record,1,0.0634,0.0634,0.0634,0.0634
snn32_seed17_forest_anomaly,condition_first_use,exact_replay_receiver,reject,duplicate_sequence,verifier_authentication_total,1,8.5851,8.5851,8.5851,8.5851
snn32_seed17_forest_anomaly,condition_first_use,exact_replay_receiver,reject,duplicate_sequence,verifier_quality_check,1,2.5863,2.5863,2.5863,2.5863
snn32_seed17_forest_anomaly,condition_first_use,exact_replay_receiver,reject,duplicate_sequence,window_hmac_verification_calculation,1,0.0194,0.0194,0.0194,0.0194
snn32_seed17_forest_anomaly,condition_first_use,fresh_to_first_window,accept,accepted,accepted_release_and_consumers,1,32.4545,32.4545,32.4545,32.4545
snn32_seed17_forest_anomaly,condition_first_use,fresh_to_first_window,accept,accepted,admission_total,1,8.198,8.198,8.198,8.198
snn32_seed17_forest_anomaly,condition_first_use,fresh_to_first_window,accept,accepted,anomaly_consumer_including_threshold,1,8.3,8.3,8.3,8.3
snn32_seed17_forest_anomaly,condition_first_use,fresh_to_first_window,accept,accepted,binary32_adapter,1,1.3172,1.3172,1.3172,1.3172
snn32_seed17_forest_anomaly,condition_first_use,fresh_to_first_window,accept,accepted,envelope_and_binary_parser,1,2.132,2.132,2.132,2.132
snn32_seed17_forest_anomaly,condition_first_use,fresh_to_first_window,accept,accepted,first_post_window_total,1,48.4649,48.4649,48.4649,48.4649
snn32_seed17_forest_anomaly,condition_first_use,fresh_to_first_window,accept,accepted,independent_credential_verification,1,0.056,0.056,0.056,0.056
snn32_seed17_forest_anomaly,condition_first_use,fresh_to_first_window,accept,accepted,local_authorization_including_verification,1,0.0799,0.0799,0.0799,0.0799
snn32_seed17_forest_anomaly,condition_first_use,fresh_to_first_window,accept,accepted,local_challenge_binding,1,0.0109,0.0109,0.0109,0.0109
snn32_seed17_forest_anomaly,condition_first_use,fresh_to_first_window,accept,accepted,local_request_binding,1,0.014,0.014,0.014,0.014
snn32_seed17_forest_anomaly,condition_first_use,fresh_to_first_window,accept,accepted,motion_consumer_including_normalization,1,18.044,18.044,18.044,18.044
snn32_seed17_forest_anomaly,condition_first_use,fresh_to_first_window,accept,accepted,prepare_both_model_inputs,1,5.4131,5.4131,5.4131,5.4131
snn32_seed17_forest_anomaly,condition_first_use,fresh_to_first_window,accept,accepted,receiver_challenge,1,0.1614,0.1614,0.1614,0.1614
snn32_seed17_forest_anomaly,condition_first_use,fresh_to_first_window,accept,accepted,receiver_confirmation,1,0.1471,0.1471,0.1471,0.1471
snn32_seed17_forest_anomaly,condition_first_use,fresh_to_first_window,accept,accepted,receiver_local_admission,1,0.0142,0.0142,0.0142,0.0142
snn32_seed17_forest_anomaly,condition_first_use,fresh_to_first_window,accept,accepted,reconstruction,1,7.1571,7.1571,7.1571,7.1571
snn32_seed17_forest_anomaly,condition_first_use,fresh_to_first_window,accept,accepted,response_generation_simulator,1,0.1829,0.1829,0.1829,0.1829
snn32_seed17_forest_anomaly,condition_first_use,fresh_to_first_window,accept,accepted,sender_activation,1,0.1062,0.1062,0.1062,0.1062
snn32_seed17_forest_anomaly,condition_first_use,fresh_to_first_window,accept,accepted,sender_admission_and_request,1,0.269,0.269,0.269,0.269
snn32_seed17_forest_anomaly,condition_first_use,fresh_to_first_window,accept,accepted,sender_audit_commit,1,0.0062,0.0062,0.0062,0.0062
snn32_seed17_forest_anomaly,condition_first_use,fresh_to_first_window,accept,accepted,sender_audit_prepare,1,0.0174,0.0174,0.0174,0.0174
snn32_seed17_forest_anomaly,condition_first_use,fresh_to_first_window,accept,accepted,sender_audit_record,1,0.1807,0.1807,0.1807,0.1807
snn32_seed17_forest_anomaly,condition_first_use,fresh_to_first_window,accept,accepted,sender_confirmation,1,0.1183,0.1183,0.1183,0.1183
snn32_seed17_forest_anomaly,condition_first_use,fresh_to_first_window,accept,accepted,sender_local_admission_claim,1,0.0169,0.0169,0.0169,0.0169
snn32_seed17_forest_anomaly,condition_first_use,fresh_to_first_window,accept,accepted,sender_seal_total,1,6.4511,6.4511,6.4511,6.4511
snn32_seed17_forest_anomaly,condition_first_use,fresh_to_first_window,accept,accepted,serialization_including_quality,1,6.1229,6.1229,6.1229,6.1229
snn32_seed17_forest_anomaly,condition_first_use,fresh_to_first_window,accept,accepted,verifier_audit_commit,1,0.0045,0.0045,0.0045,0.0045
snn32_seed17_forest_anomaly,condition_first_use,fresh_to_first_window,accept,accepted,verifier_audit_prepare,1,0.0114,0.0114,0.0114,0.0114
snn32_seed17_forest_anomaly,condition_first_use,fresh_to_first_window,accept,accepted,verifier_audit_record,1,0.0902,0.0902,0.0902,0.0902
snn32_seed17_forest_anomaly,condition_first_use,fresh_to_first_window,accept,accepted,verifier_authentication_total,1,8.0874,8.0874,8.0874,8.0874
snn32_seed17_forest_anomaly,condition_first_use,fresh_to_first_window,accept,accepted,verifier_quality_check,1,5.7527,5.7527,5.7527,5.7527
snn32_seed17_forest_anomaly,condition_first_use,fresh_to_first_window,accept,accepted,window_hmac_generation,1,0.028,0.028,0.028,0.028
snn32_seed17_forest_anomaly,condition_first_use,fresh_to_first_window,accept,accepted,window_hmac_verification_calculation,1,0.0231,0.0231,0.0231,0.0231
snn32_seed17_forest_anomaly,condition_first_use,malformed_json_receiver,reject,malformed_message,envelope_and_binary_parser,1,0.0227,0.0227,0.0227,0.0227
snn32_seed17_forest_anomaly,condition_first_use,malformed_json_receiver,reject,malformed_message,verifier_audit_commit,1,0.0008,0.0008,0.0008,0.0008
snn32_seed17_forest_anomaly,condition_first_use,malformed_json_receiver,reject,malformed_message,verifier_audit_prepare,1,0.0023,0.0023,0.0023,0.0023
snn32_seed17_forest_anomaly,condition_first_use,malformed_json_receiver,reject,malformed_message,verifier_audit_record,1,0.0318,0.0318,0.0318,0.0318
snn32_seed17_forest_anomaly,condition_first_use,malformed_json_receiver,reject,malformed_message,verifier_authentication_total,1,0.0845,0.0845,0.0845,0.0845
snn32_seed17_forest_anomaly,condition_first_use,post_window_after_refusals,accept,accepted,accepted_release_and_consumers,1,22.2669,22.2669,22.2669,22.2669
snn32_seed17_forest_anomaly,condition_first_use,post_window_after_refusals,accept,accepted,anomaly_consumer_including_threshold,1,5.929,5.929,5.929,5.929
snn32_seed17_forest_anomaly,condition_first_use,post_window_after_refusals,accept,accepted,binary32_adapter,1,0.5906,0.5906,0.5906,0.5906
snn32_seed17_forest_anomaly,condition_first_use,post_window_after_refusals,accept,accepted,envelope_and_binary_parser,1,1.3545,1.3545,1.3545,1.3545
snn32_seed17_forest_anomaly,condition_first_use,post_window_after_refusals,accept,accepted,motion_consumer_including_normalization,1,12.2525,12.2525,12.2525,12.2525
snn32_seed17_forest_anomaly,condition_first_use,post_window_after_refusals,accept,accepted,prepare_both_model_inputs,1,3.6232,3.6232,3.6232,3.6232
snn32_seed17_forest_anomaly,condition_first_use,post_window_after_refusals,accept,accepted,sender_audit_commit,1,0.0016,0.0016,0.0016,0.0016
snn32_seed17_forest_anomaly,condition_first_use,post_window_after_refusals,accept,accepted,sender_audit_prepare,1,0.0045,0.0045,0.0045,0.0045
snn32_seed17_forest_anomaly,condition_first_use,post_window_after_refusals,accept,accepted,sender_audit_record,1,0.0393,0.0393,0.0393,0.0393
snn32_seed17_forest_anomaly,condition_first_use,post_window_after_refusals,accept,accepted,sender_seal_total,1,4.0805,4.0805,4.0805,4.0805
snn32_seed17_forest_anomaly,condition_first_use,post_window_after_refusals,accept,accepted,serialization_including_quality,1,3.905,3.905,3.905,3.905
snn32_seed17_forest_anomaly,condition_first_use,post_window_after_refusals,accept,accepted,verifier_audit_commit,1,0.0018,0.0018,0.0018,0.0018
snn32_seed17_forest_anomaly,condition_first_use,post_window_after_refusals,accept,accepted,verifier_audit_prepare,1,0.004,0.004,0.004,0.004
snn32_seed17_forest_anomaly,condition_first_use,post_window_after_refusals,accept,accepted,verifier_audit_record,1,0.0247,0.0247,0.0247,0.0247
snn32_seed17_forest_anomaly,condition_first_use,post_window_after_refusals,accept,accepted,verifier_authentication_total,1,5.4289,5.4289,5.4289,5.4289
snn32_seed17_forest_anomaly,condition_first_use,post_window_after_refusals,accept,accepted,verifier_quality_check,1,3.9604,3.9604,3.9604,3.9604
snn32_seed17_forest_anomaly,condition_first_use,post_window_after_refusals,accept,accepted,window_hmac_generation,1,0.0178,0.0178,0.0178,0.0178
snn32_seed17_forest_anomaly,condition_first_use,post_window_after_refusals,accept,accepted,window_hmac_verification_calculation,1,0.0134,0.0134,0.0134,0.0134
snn32_seed17_forest_anomaly,condition_first_use,post_window_recurring,accept,accepted,accepted_release_and_consumers,1,31.5415,31.5415,31.5415,31.5415
snn32_seed17_forest_anomaly,condition_first_use,post_window_recurring,accept,accepted,anomaly_consumer_including_threshold,1,8.1521,8.1521,8.1521,8.1521
snn32_seed17_forest_anomaly,condition_first_use,post_window_recurring,accept,accepted,binary32_adapter,1,1.3642,1.3642,1.3642,1.3642
snn32_seed17_forest_anomaly,condition_first_use,post_window_recurring,accept,accepted,envelope_and_binary_parser,1,2.1366,2.1366,2.1366,2.1366
snn32_seed17_forest_anomaly,condition_first_use,post_window_recurring,accept,accepted,motion_consumer_including_normalization,1,17.5018,17.5018,17.5018,17.5018
snn32_seed17_forest_anomaly,condition_first_use,post_window_recurring,accept,accepted,prepare_both_model_inputs,1,5.1488,5.1488,5.1488,5.1488
snn32_seed17_forest_anomaly,condition_first_use,post_window_recurring,accept,accepted,sender_audit_commit,1,0.0025,0.0025,0.0025,0.0025
snn32_seed17_forest_anomaly,condition_first_use,post_window_recurring,accept,accepted,sender_audit_prepare,1,0.0069,0.0069,0.0069,0.0069
snn32_seed17_forest_anomaly,condition_first_use,post_window_recurring,accept,accepted,sender_audit_record,1,0.1005,0.1005,0.1005,0.1005
snn32_seed17_forest_anomaly,condition_first_use,post_window_recurring,accept,accepted,sender_seal_total,1,6.5507,6.5507,6.5507,6.5507
snn32_seed17_forest_anomaly,condition_first_use,post_window_recurring,accept,accepted,serialization_including_quality,1,6.1792,6.1792,6.1792,6.1792
snn32_seed17_forest_anomaly,condition_first_use,post_window_recurring,accept,accepted,verifier_audit_commit,1,0.0026,0.0026,0.0026,0.0026
snn32_seed17_forest_anomaly,condition_first_use,post_window_recurring,accept,accepted,verifier_audit_prepare,1,0.0065,0.0065,0.0065,0.0065
snn32_seed17_forest_anomaly,condition_first_use,post_window_recurring,accept,accepted,verifier_audit_record,1,0.036,0.036,0.036,0.036
snn32_seed17_forest_anomaly,condition_first_use,post_window_recurring,accept,accepted,verifier_authentication_total,1,7.9538,7.9538,7.9538,7.9538
snn32_seed17_forest_anomaly,condition_first_use,post_window_recurring,accept,accepted,verifier_quality_check,1,5.6146,5.6146,5.6146,5.6146
snn32_seed17_forest_anomaly,condition_first_use,post_window_recurring,accept,accepted,window_hmac_generation,1,0.0536,0.0536,0.0536,0.0536
snn32_seed17_forest_anomaly,condition_first_use,post_window_recurring,accept,accepted,window_hmac_verification_calculation,1,0.0289,0.0289,0.0289,0.0289
snn32_seed17_forest_anomaly,condition_first_use,pre_tag_quality_refusal,reject,data_quality_failure,binary32_adapter,1,0.5968,0.5968,0.5968,0.5968
snn32_seed17_forest_anomaly,condition_first_use,pre_tag_quality_refusal,reject,data_quality_failure,sender_audit_commit,1,0.001,0.001,0.001,0.001
snn32_seed17_forest_anomaly,condition_first_use,pre_tag_quality_refusal,reject,data_quality_failure,sender_audit_prepare,1,0.0024,0.0024,0.0024,0.0024
snn32_seed17_forest_anomaly,condition_first_use,pre_tag_quality_refusal,reject,data_quality_failure,sender_audit_record,1,0.0255,0.0255,0.0255,0.0255
snn32_seed17_forest_anomaly,condition_first_use,pre_tag_quality_refusal,reject,data_quality_failure,sender_seal_total,1,0.3591,0.3591,0.3591,0.3591
snn32_seed17_forest_anomaly,condition_first_use,pre_tag_quality_refusal,reject,data_quality_failure,serialization_including_quality,1,0.2887,0.2887,0.2887,0.2887
snn32_seed17_forest_anomaly,condition_first_use,valid_receiver_after_bad_tag,accept,accepted,accepted_release_and_consumers,1,29.8718,29.8718,29.8718,29.8718
snn32_seed17_forest_anomaly,condition_first_use,valid_receiver_after_bad_tag,accept,accepted,anomaly_consumer_including_threshold,1,7.9883,7.9883,7.9883,7.9883
snn32_seed17_forest_anomaly,condition_first_use,valid_receiver_after_bad_tag,accept,accepted,envelope_and_binary_parser,1,1.6211,1.6211,1.6211,1.6211
snn32_seed17_forest_anomaly,condition_first_use,valid_receiver_after_bad_tag,accept,accepted,motion_consumer_including_normalization,1,16.641,16.641,16.641,16.641
snn32_seed17_forest_anomaly,condition_first_use,valid_receiver_after_bad_tag,accept,accepted,prepare_both_model_inputs,1,4.6155,4.6155,4.6155,4.6155
snn32_seed17_forest_anomaly,condition_first_use,valid_receiver_after_bad_tag,accept,accepted,verifier_audit_commit,1,0.0021,0.0021,0.0021,0.0021
snn32_seed17_forest_anomaly,condition_first_use,valid_receiver_after_bad_tag,accept,accepted,verifier_audit_prepare,1,0.0052,0.0052,0.0052,0.0052
snn32_seed17_forest_anomaly,condition_first_use,valid_receiver_after_bad_tag,accept,accepted,verifier_audit_record,1,0.0411,0.0411,0.0411,0.0411
snn32_seed17_forest_anomaly,condition_first_use,valid_receiver_after_bad_tag,accept,accepted,verifier_authentication_total,1,7.033,7.033,7.033,7.033
snn32_seed17_forest_anomaly,condition_first_use,valid_receiver_after_bad_tag,accept,accepted,verifier_quality_check,1,5.2514,5.2514,5.2514,5.2514
snn32_seed17_forest_anomaly,condition_first_use,valid_receiver_after_bad_tag,accept,accepted,window_hmac_verification_calculation,1,0.0164,0.0164,0.0164,0.0164
snn32_seed17_forest_anomaly,measured,bad_tag_receiver,reject,invalid_tag,envelope_and_binary_parser,599,1.6573,1.77091,1.9129839999999991,2.2257
snn32_seed17_forest_anomaly,measured,bad_tag_receiver,reject,invalid_tag,verifier_audit_commit,599,0.0023,0.0027,0.0029019999999999983,0.0163
snn32_seed17_forest_anomaly,measured,bad_tag_receiver,reject,invalid_tag,verifier_audit_prepare,599,0.0053,0.0068,0.0075,0.0157
snn32_seed17_forest_anomaly,measured,bad_tag_receiver,reject,invalid_tag,verifier_audit_record,599,0.0375,0.04773000000000001,0.05949599999999991,0.0849
snn32_seed17_forest_anomaly,measured,bad_tag_receiver,reject,invalid_tag,verifier_authentication_total,599,1.8358,1.97974,2.110117999999999,2.4828
snn32_seed17_forest_anomaly,measured,bad_tag_receiver,reject,invalid_tag,window_hmac_verification_calculation,599,0.0202,0.0282,0.033402,0.0637
snn32_seed17_forest_anomaly,measured,exact_replay_receiver,reject,duplicate_sequence,envelope_and_binary_parser,599,1.9482,4.823500000000004,6.438207999999995,321.1405
snn32_seed17_forest_anomaly,measured,exact_replay_receiver,reject,duplicate_sequence,verifier_audit_commit,599,0.0023,0.0028,0.003,0.0095
snn32_seed17_forest_anomaly,measured,exact_replay_receiver,reject,duplicate_sequence,verifier_audit_prepare,599,0.0059,0.0083,0.009701999999999999,0.0161
snn32_seed17_forest_anomaly,measured,exact_replay_receiver,reject,duplicate_sequence,verifier_audit_record,599,0.0546,0.07203,0.08201199999999999,0.0943
snn32_seed17_forest_anomaly,measured,exact_replay_receiver,reject,duplicate_sequence,verifier_authentication_total,599,7.3584,8.357430000000011,11.758194,324.2713
snn32_seed17_forest_anomaly,measured,exact_replay_receiver,reject,duplicate_sequence,verifier_quality_check,599,5.0508,5.42995,5.526956,6.2351
snn32_seed17_forest_anomaly,measured,exact_replay_receiver,reject,duplicate_sequence,window_hmac_verification_calculation,599,0.0263,0.04131,0.045019999999999984,0.059
snn32_seed17_forest_anomaly,measured,fresh_to_first_window,accept,accepted,accepted_release_and_consumers,599,31.7187,33.72287,34.957941999999996,56.7242
snn32_seed17_forest_anomaly,measured,fresh_to_first_window,accept,accepted,admission_total,599,8.3905,9.04005,9.60844,37.5825
snn32_seed17_forest_anomaly,measured,fresh_to_first_window,accept,accepted,anomaly_consumer_including_threshold,599,8.392,8.92714,9.252534,12.6849
snn32_seed17_forest_anomaly,measured,fresh_to_first_window,accept,accepted,binary32_adapter,599,1.3483,1.46225,1.532316,1.5955
snn32_seed17_forest_anomaly,measured,fresh_to_first_window,accept,accepted,envelope_and_binary_parser,599,2.0995,5.290880000000002,7.904801999999999,339.2936
snn32_seed17_forest_anomaly,measured,fresh_to_first_window,accept,accepted,first_post_window_total,599,47.1852,51.02214,53.98313999999999,364.1335
snn32_seed17_forest_anomaly,measured,fresh_to_first_window,accept,accepted,independent_credential_verification,599,0.0625,0.07781,0.08924599999999995,0.0988
snn32_seed17_forest_anomaly,measured,fresh_to_first_window,accept,accepted,local_authorization_including_verification,599,0.0883,0.10621,0.12092999999999997,0.1335
snn32_seed17_forest_anomaly,measured,fresh_to_first_window,accept,accepted,local_challenge_binding,599,0.0114,0.012210000000000002,0.013117999999999984,0.0362
snn32_seed17_forest_anomaly,measured,fresh_to_first_window,accept,accepted,local_request_binding,599,0.0142,0.015710000000000002,0.016205999999999995,0.0266
snn32_seed17_forest_anomaly,measured,fresh_to_first_window,accept,accepted,motion_consumer_including_normalization,599,17.7173,19.08886,19.924766,34.2052
snn32_seed17_forest_anomaly,measured,fresh_to_first_window,accept,accepted,prepare_both_model_inputs,599,4.8256,5.15157,5.342228,11.4841
snn32_seed17_forest_anomaly,measured,fresh_to_first_window,accept,accepted,receiver_challenge,599,0.1717,0.19434,0.20482799999999987,0.3026
snn32_seed17_forest_anomaly,measured,fresh_to_first_window,accept,accepted,receiver_confirmation,599,0.1434,0.16157000000000002,0.17884799999999995,0.3564
snn32_seed17_forest_anomaly,measured,fresh_to_first_window,accept,accepted,receiver_local_admission,599,0.0143,0.015710000000000002,0.022715999999999986,0.0288
snn32_seed17_forest_anomaly,measured,fresh_to_first_window,accept,accepted,reconstruction,599,7.2859,7.90399,8.453059999999999,36.3883
snn32_seed17_forest_anomaly,measured,fresh_to_first_window,accept,accepted,response_generation_simulator,599,0.195,0.24014,0.25925599999999993,0.3519
snn32_seed17_forest_anomaly,measured,fresh_to_first_window,accept,accepted,sender_activation,599,0.1061,0.12031,0.1255,0.1313
snn32_seed17_forest_anomaly,measured,fresh_to_first_window,accept,accepted,sender_admission_and_request,599,0.2931,0.34291,0.38090999999999986,0.4108
snn32_seed17_forest_anomaly,measured,fresh_to_first_window,accept,accepted,sender_audit_commit,599,0.0062,0.0069,0.0081,0.0262
snn32_seed17_forest_anomaly,measured,fresh_to_first_window,accept,accepted,sender_audit_prepare,599,0.0151,0.0179,0.02601199999999999,0.0554
snn32_seed17_forest_anomaly,measured,fresh_to_first_window,accept,accepted,sender_audit_record,599,0.1442,0.1734,0.196416,0.2123
snn32_seed17_forest_anomaly,measured,fresh_to_first_window,accept,accepted,sender_confirmation,599,0.1065,0.1196,0.127902,0.1459
snn32_seed17_forest_anomaly,measured,fresh_to_first_window,accept,accepted,sender_local_admission_claim,599,0.0164,0.0181,0.02261199999999999,0.0289
snn32_seed17_forest_anomaly,measured,fresh_to_first_window,accept,accepted,sender_seal_total,599,6.2267,6.53837,6.80291,13.5785
snn32_seed17_forest_anomaly,measured,fresh_to_first_window,accept,accepted,serialization_including_quality,599,5.97,6.23202,6.469584,13.224
snn32_seed17_forest_anomaly,measured,fresh_to_first_window,accept,accepted,verifier_audit_commit,599,0.0044,0.0048,0.005001999999999998,0.0071
snn32_seed17_forest_anomaly,measured,fresh_to_first_window,accept,accepted,verifier_audit_prepare,599,0.0108,0.0129,0.014307999999999993,0.0465
snn32_seed17_forest_anomaly,measured,fresh_to_first_window,accept,accepted,verifier_audit_record,599,0.0741,0.09003000000000003,0.10667199999999995,0.1617
snn32_seed17_forest_anomaly,measured,fresh_to_first_window,accept,accepted,verifier_authentication_total,599,7.6905,10.89812,13.828279999999998,342.3978
snn32_seed17_forest_anomaly,measured,fresh_to_first_window,accept,accepted,verifier_quality_check,599,5.3958,5.71601,6.0321019999999965,11.7003
snn32_seed17_forest_anomaly,measured,fresh_to_first_window,accept,accepted,window_hmac_generation,599,0.0236,0.03771,0.0474,0.2343
snn32_seed17_forest_anomaly,measured,fresh_to_first_window,accept,accepted,window_hmac_verification_calculation,599,0.0225,0.03141,0.050902,0.0684
snn32_seed17_forest_anomaly,measured,fresh_to_first_window,reject,failed_reconstruction,admission_total,1,3.7265,3.7265,3.7265,3.7265
snn32_seed17_forest_anomaly,measured,fresh_to_first_window,reject,failed_reconstruction,reconstruction,1,3.4955,3.4955,3.4955,3.4955
snn32_seed17_forest_anomaly,measured,fresh_to_first_window,reject,failed_reconstruction,response_generation_simulator,1,0.1291,0.1291,0.1291,0.1291
snn32_seed17_forest_anomaly,measured,fresh_to_first_window,reject,failed_reconstruction,sender_admission_and_request,1,0.0821,0.0821,0.0821,0.0821
snn32_seed17_forest_anomaly,measured,fresh_to_first_window,reject,failed_reconstruction,sender_audit_commit,1,0.001,0.001,0.001,0.001
snn32_seed17_forest_anomaly,measured,fresh_to_first_window,reject,failed_reconstruction,sender_audit_prepare,1,0.0031,0.0031,0.0031,0.0031
snn32_seed17_forest_anomaly,measured,fresh_to_first_window,reject,failed_reconstruction,sender_audit_record,1,0.0298,0.0298,0.0298,0.0298
snn32_seed17_forest_anomaly,measured,malformed_json_receiver,reject,malformed_message,envelope_and_binary_parser,599,0.0355,0.0477,0.0557,0.0855
snn32_seed17_forest_anomaly,measured,malformed_json_receiver,reject,malformed_message,verifier_audit_commit,599,0.0019,0.0022,0.0024,0.0118
snn32_seed17_forest_anomaly,measured,malformed_json_receiver,reject,malformed_message,verifier_audit_prepare,599,0.0044,0.0053,0.006001999999999998,0.0075
snn32_seed17_forest_anomaly,measured,malformed_json_receiver,reject,malformed_message,verifier_audit_record,599,0.0462,0.061320000000000006,0.07401999999999999,0.0795
snn32_seed17_forest_anomaly,measured,malformed_json_receiver,reject,malformed_message,verifier_authentication_total,599,0.1369,0.17402,0.19872199999999998,0.2171
snn32_seed17_forest_anomaly,measured,post_window_after_refusals,accept,accepted,accepted_release_and_consumers,599,22.5533,25.26776,30.331792,37.4126
snn32_seed17_forest_anomaly,measured,post_window_after_refusals,accept,accepted,anomaly_consumer_including_threshold,599,5.9133,6.48075,7.806329999999998,11.0605
snn32_seed17_forest_anomaly,measured,post_window_after_refusals,accept,accepted,binary32_adapter,599,1.1336,1.2919,1.32553,1.3688
snn32_seed17_forest_anomaly,measured,post_window_after_refusals,accept,accepted,envelope_and_binary_parser,599,1.5453,4.96095,6.498763999999992,291.8053
snn32_seed17_forest_anomaly,measured,post_window_after_refusals,accept,accepted,motion_consumer_including_normalization,599,12.5029,14.337910000000003,17.05248,22.0997
snn32_seed17_forest_anomaly,measured,post_window_after_refusals,accept,accepted,prepare_both_model_inputs,599,3.4936,4.336660000000001,4.701475999999998,5.4904
snn32_seed17_forest_anomaly,measured,post_window_after_refusals,accept,accepted,sender_audit_commit,599,0.0016,0.0022,0.0024,0.0091
snn32_seed17_forest_anomaly,measured,post_window_after_refusals,accept,accepted,sender_audit_prepare,599,0.0043,0.0056,0.0066019999999999985,0.0164
snn32_seed17_forest_anomaly,measured,post_window_after_refusals,accept,accepted,sender_audit_record,599,0.0413,0.05743000000000001,0.06422999999999997,0.08
snn32_seed17_forest_anomaly,measured,post_window_after_refusals,accept,accepted,sender_seal_total,599,5.0746,6.03573,6.166983999999999,6.4346
snn32_seed17_forest_anomaly,measured,post_window_after_refusals,accept,accepted,serialization_including_quality,599,4.8737,5.80103,5.914274,6.1745
snn32_seed17_forest_anomaly,measured,post_window_after_refusals,accept,accepted,verifier_audit_commit,599,0.0018,0.0023,0.002601999999999998,0.0067
snn32_seed17_forest_anomaly,measured,post_window_after_refusals,accept,accepted,verifier_audit_prepare,599,0.0041,0.0059,0.007917999999999984,0.0141
snn32_seed17_forest_anomaly,measured,post_window_after_refusals,accept,accepted,verifier_audit_record,599,0.0254,0.03352000000000001,0.03912799999999997,0.0486
snn32_seed17_forest_anomaly,measured,post_window_after_refusals,accept,accepted,verifier_authentication_total,599,5.6888,9.08386,11.264669999999997,294.9075
snn32_seed17_forest_anomaly,measured,post_window_after_refusals,accept,accepted,verifier_quality_check,599,3.9703,5.10558,5.306308,5.5924
snn32_seed17_forest_anomaly,measured,post_window_after_refusals,accept,accepted,window_hmac_generation,599,0.0208,0.03761,0.041515999999999983,0.0523
snn32_seed17_forest_anomaly,measured,post_window_after_refusals,accept,accepted,window_hmac_verification_calculation,599,0.0155,0.0251,0.033223999999999976,0.042
snn32_seed17_forest_anomaly,measured,post_window_recurring,accept,accepted,accepted_release_and_consumers,599,31.6192,33.31669,34.476876,46.5706
snn32_seed17_forest_anomaly,measured,post_window_recurring,accept,accepted,anomaly_consumer_including_threshold,599,8.295,8.80292,9.040062,12.9165
snn32_seed17_forest_anomaly,measured,post_window_recurring,accept,accepted,binary32_adapter,599,1.3531,1.46554,1.525956,3.5684
snn32_seed17_forest_anomaly,measured,post_window_recurring,accept,accepted,envelope_and_binary_parser,599,2.0426,4.8933600000000075,7.496258,333.9718
snn32_seed17_forest_anomaly,measured,post_window_recurring,accept,accepted,motion_consumer_including_normalization,599,17.7145,18.92966,19.611463999999998,28.2323
snn32_seed17_forest_anomaly,measured,post_window_recurring,accept,accepted,prepare_both_model_inputs,599,4.8289,5.1961,5.459478,11.9306
snn32_seed17_forest_anomaly,measured,post_window_recurring,accept,accepted,sender_audit_commit,599,0.0023,0.0027,0.0030039999999999963,0.0063
snn32_seed17_forest_anomaly,measured,post_window_recurring,accept,accepted,sender_audit_prepare,599,0.0059,0.0076,0.008815999999999985,0.0411
snn32_seed17_forest_anomaly,measured,post_window_recurring,accept,accepted,sender_audit_record,599,0.0645,0.09150000000000003,0.11511999999999999,0.376
snn32_seed17_forest_anomaly,measured,post_window_recurring,accept,accepted,sender_seal_total,599,6.3385,6.64938,6.885102,12.9709
snn32_seed17_forest_anomaly,measured,post_window_recurring,accept,accepted,serialization_including_quality,599,6.0483,6.30283,6.562558,11.2442
snn32_seed17_forest_anomaly,measured,post_window_recurring,accept,accepted,verifier_audit_commit,599,0.0025,0.0029,0.003101999999999998,0.0095
snn32_seed17_forest_anomaly,measured,post_window_recurring,accept,accepted,verifier_audit_prepare,599,0.0064,0.0084,0.009401999999999999,0.0308
snn32_seed17_forest_anomaly,measured,post_window_recurring,accept,accepted,verifier_audit_record,599,0.0344,0.04522000000000001,0.06692199999999998,0.3057
snn32_seed17_forest_anomaly,measured,post_window_recurring,accept,accepted,verifier_authentication_total,599,7.6768,9.370720000000002,13.224606,337.0038
snn32_seed17_forest_anomaly,measured,post_window_recurring,accept,accepted,verifier_quality_check,599,5.4303,5.71499,5.960464,11.962
snn32_seed17_forest_anomaly,measured,post_window_recurring,accept,accepted,window_hmac_generation,599,0.0311,0.051350000000000014,0.07406399999999994,0.0996
snn32_seed17_forest_anomaly,measured,post_window_recurring,accept,accepted,window_hmac_verification_calculation,599,0.0245,0.035320000000000004,0.04376199999999994,0.0781
snn32_seed17_forest_anomaly,measured,pre_tag_quality_refusal,reject,data_quality_failure,binary32_adapter,599,1.1923,1.35661,1.4070959999999997,1.4972
snn32_seed17_forest_anomaly,measured,pre_tag_quality_refusal,reject,data_quality_failure,sender_audit_commit,599,0.0019,0.0024,0.0026,0.0036
snn32_seed17_forest_anomaly,measured,pre_tag_quality_refusal,reject,data_quality_failure,sender_audit_prepare,599,0.0045,0.0057,0.0064,0.0145
snn32_seed17_forest_anomaly,measured,pre_tag_quality_refusal,reject,data_quality_failure,sender_audit_record,599,0.0442,0.05702000000000001,0.065606,0.0766
snn32_seed17_forest_anomaly,measured,pre_tag_quality_refusal,reject,data_quality_failure,sender_seal_total,599,0.6426,0.73554,0.7977759999999999,1.1168
snn32_seed17_forest_anomaly,measured,pre_tag_quality_refusal,reject,data_quality_failure,serialization_including_quality,599,0.5184,0.59013,0.6298419999999999,0.6902
snn32_seed17_forest_anomaly,measured,valid_receiver_after_bad_tag,accept,accepted,accepted_release_and_consumers,599,29.338,30.90594,32.842715999999996,38.7178
snn32_seed17_forest_anomaly,measured,valid_receiver_after_bad_tag,accept,accepted,anomaly_consumer_including_threshold,599,7.6181,8.07277,8.398384,10.0415
snn32_seed17_forest_anomaly,measured,valid_receiver_after_bad_tag,accept,accepted,envelope_and_binary_parser,599,1.6307,1.71887,1.91022,2.3323
snn32_seed17_forest_anomaly,measured,valid_receiver_after_bad_tag,accept,accepted,motion_consumer_including_normalization,599,16.4941,17.48691,18.365061999999995,20.3497
snn32_seed17_forest_anomaly,measured,valid_receiver_after_bad_tag,accept,accepted,prepare_both_model_inputs,599,4.5292,4.878700000000001,5.33319,11.6982
snn32_seed17_forest_anomaly,measured,valid_receiver_after_bad_tag,accept,accepted,verifier_audit_commit,599,0.0023,0.0027,0.0029,0.0069
snn32_seed17_forest_anomaly,measured,valid_receiver_after_bad_tag,accept,accepted,verifier_audit_prepare,599,0.0054,0.006910000000000002,0.008003999999999997,0.054
snn32_seed17_forest_anomaly,measured,valid_receiver_after_bad_tag,accept,accepted,verifier_audit_record,599,0.0431,0.05562000000000001,0.06291599999999999,0.0783
snn32_seed17_forest_anomaly,measured,valid_receiver_after_bad_tag,accept,accepted,verifier_authentication_total,599,7.0329,7.36324,7.631974,9.6997
snn32_seed17_forest_anomaly,measured,valid_receiver_after_bad_tag,accept,accepted,verifier_quality_check,599,5.2241,5.46021,5.737912,7.633
snn32_seed17_forest_anomaly,measured,valid_receiver_after_bad_tag,accept,accepted,window_hmac_verification_calculation,599,0.0181,0.024410000000000005,0.0288,0.0582
snn32_seed17_forest_anomaly,warmup,bad_tag_receiver,reject,invalid_tag,envelope_and_binary_parser,19,1.6803,1.72733,1.746266,1.751
snn32_seed17_forest_anomaly,warmup,bad_tag_receiver,reject,invalid_tag,verifier_audit_commit,19,0.0024,0.0027299999999999994,0.002946,0.003
snn32_seed17_forest_anomaly,warmup,bad_tag_receiver,reject,invalid_tag,verifier_audit_prepare,19,0.0054,0.006649999999999999,0.00701,0.0071
snn32_seed17_forest_anomaly,warmup,bad_tag_receiver,reject,invalid_tag,verifier_audit_record,19,0.0383,0.04540999999999996,0.059882000000000005,0.0635
snn32_seed17_forest_anomaly,warmup,bad_tag_receiver,reject,invalid_tag,verifier_authentication_total,19,1.8487,1.92592,1.953424,1.9603
snn32_seed17_forest_anomaly,warmup,bad_tag_receiver,reject,invalid_tag,window_hmac_verification_calculation,19,0.0201,0.026059999999999993,0.028652,0.0293
snn32_seed17_forest_anomaly,warmup,exact_replay_receiver,reject,duplicate_sequence,envelope_and_binary_parser,19,2.0006,6.242779999999998,6.817196,6.9608
snn32_seed17_forest_anomaly,warmup,exact_replay_receiver,reject,duplicate_sequence,verifier_audit_commit,19,0.0025,0.002789999999999998,0.003438,0.0036
snn32_seed17_forest_anomaly,warmup,exact_replay_receiver,reject,duplicate_sequence,verifier_audit_prepare,19,0.0061,0.007879999999999998,0.008456,0.0086
snn32_seed17_forest_anomaly,warmup,exact_replay_receiver,reject,duplicate_sequence,verifier_audit_record,19,0.0583,0.06724999999999999,0.07049,0.0713
snn32_seed17_forest_anomaly,warmup,exact_replay_receiver,reject,duplicate_sequence,verifier_authentication_total,19,7.5655,11.753179999999999,12.418316,12.5846
snn32_seed17_forest_anomaly,warmup,exact_replay_receiver,reject,duplicate_sequence,verifier_quality_check,19,5.2451,5.4049,5.52586,5.5561
snn32_seed17_forest_anomaly,warmup,exact_replay_receiver,reject,duplicate_sequence,window_hmac_verification_calculation,19,0.0286,0.04197999999999999,0.043996,0.0445
snn32_seed17_forest_anomaly,warmup,fresh_to_first_window,accept,accepted,accepted_release_and_consumers,19,32.0995,32.86892,32.936744,32.9537
snn32_seed17_forest_anomaly,warmup,fresh_to_first_window,accept,accepted,admission_total,19,8.3733,12.263789999999926,37.67755800000001,44.031
snn32_seed17_forest_anomaly,warmup,fresh_to_first_window,accept,accepted,anomaly_consumer_including_threshold,19,8.5921,8.91247,8.981374,8.9986
snn32_seed17_forest_anomaly,warmup,fresh_to_first_window,accept,accepted,binary32_adapter,19,1.3615,1.4775399999999996,1.672228,1.7209
snn32_seed17_forest_anomaly,warmup,fresh_to_first_window,accept,accepted,envelope_and_binary_parser,19,2.1455,2.2946,2.33852,2.3495
snn32_seed17_forest_anomaly,warmup,fresh_to_first_window,accept,accepted,first_post_window_total,19,47.7,48.9317,49.3601,49.4672
snn32_seed17_forest_anomaly,warmup,fresh_to_first_window,accept,accepted,independent_credential_verification,19,0.0656,0.07860999999999999,0.085882,0.0877
snn32_seed17_forest_anomaly,warmup,fresh_to_first_window,accept,accepted,local_authorization_including_verification,19,0.0919,0.10662999999999997,0.114046,0.1159
snn32_seed17_forest_anomaly,warmup,fresh_to_first_window,accept,accepted,local_challenge_binding,19,0.0116,0.01330999999999998,0.019862000000000005,0.0215
snn32_seed17_forest_anomaly,warmup,fresh_to_first_window,accept,accepted,local_request_binding,19,0.0145,0.01541,0.015482,0.0155
snn32_seed17_forest_anomaly,warmup,fresh_to_first_window,accept,accepted,motion_consumer_including_normalization,19,17.927,18.63895,18.65731,18.6619
snn32_seed17_forest_anomaly,warmup,fresh_to_first_window,accept,accepted,prepare_both_model_inputs,19,4.8799,5.06631,5.069982,5.0709
snn32_seed17_forest_anomaly,warmup,fresh_to_first_window,accept,accepted,receiver_challenge,19,0.1799,0.19851,0.200022,0.2004
snn32_seed17_forest_anomaly,warmup,fresh_to_first_window,accept,accepted,receiver_confirmation,19,0.1485,0.17072999999999997,0.175986,0.1773
snn32_seed17_forest_anomaly,warmup,fresh_to_first_window,accept,accepted,receiver_local_admission,19,0.0145,0.01524,0.015528,0.0156
snn32_seed17_forest_anomaly,warmup,fresh_to_first_window,accept,accepted,reconstruction,19,7.3043,10.907319999999931,34.414744000000006,40.2916
snn32_seed17_forest_anomaly,warmup,fresh_to_first_window,accept,accepted,response_generation_simulator,19,0.1907,0.24621,0.247002,0.2472
snn32_seed17_forest_anomaly,warmup,fresh_to_first_window,accept,accepted,sender_activation,19,0.1081,0.3603399999999949,2.0965480000000007,2.5306
snn32_seed17_forest_anomaly,warmup,fresh_to_first_window,accept,accepted,sender_admission_and_request,19,0.3075,0.34349999999999986,0.37878,0.3876
snn32_seed17_forest_anomaly,warmup,fresh_to_first_window,accept,accepted,sender_audit_commit,19,0.0062,0.00711,0.007182,0.0072
snn32_seed17_forest_anomaly,warmup,fresh_to_first_window,accept,accepted,sender_audit_prepare,19,0.0155,0.022569999999999993,0.025234,0.0259
snn32_seed17_forest_anomaly,warmup,fresh_to_first_window,accept,accepted,sender_audit_record,19,0.1468,0.18765999999999985,0.23489200000000002,0.2467
snn32_seed17_forest_anomaly,warmup,fresh_to_first_window,accept,accepted,sender_confirmation,19,0.1076,0.11277,0.113994,0.1143
snn32_seed17_forest_anomaly,warmup,fresh_to_first_window,accept,accepted,sender_local_admission_claim,19,0.0167,0.01781,0.017882,0.0179
snn32_seed17_forest_anomaly,warmup,fresh_to_first_window,accept,accepted,sender_seal_total,19,6.2428,6.616639999999998,7.485968,7.7033
snn32_seed17_forest_anomaly,warmup,fresh_to_first_window,accept,accepted,serialization_including_quality,19,5.9552,6.327419999999997,7.133964,7.3356
snn32_seed17_forest_anomaly,warmup,fresh_to_first_window,accept,accepted,verifier_audit_commit,19,0.0044,0.006009999999999978,0.013282000000000004,0.0151
snn32_seed17_forest_anomaly,warmup,fresh_to_first_window,accept,accepted,verifier_audit_prepare,19,0.0107,0.012349999999999996,0.01343,0.0137
snn32_seed17_forest_anomaly,warmup,fresh_to_first_window,accept,accepted,verifier_audit_record,19,0.0769,0.09538999999999999,0.098198,0.0989
snn32_seed17_forest_anomaly,warmup,fresh_to_first_window,accept,accepted,verifier_authentication_total,19,7.7449,8.01359,8.066078,8.0792
snn32_seed17_forest_anomaly,warmup,fresh_to_first_window,accept,accepted,verifier_quality_check,19,5.4245,5.66845,5.69689,5.704
snn32_seed17_forest_anomaly,warmup,fresh_to_first_window,accept,accepted,window_hmac_generation,19,0.0253,0.03930999999999999,0.042982,0.0439
snn32_seed17_forest_anomaly,warmup,fresh_to_first_window,accept,accepted,window_hmac_verification_calculation,19,0.0233,0.027959999999999992,0.030552,0.0312
snn32_seed17_forest_anomaly,warmup,malformed_json_receiver,reject,malformed_message,envelope_and_binary_parser,19,0.0357,0.04349999999999998,0.04926,0.0507
snn32_seed17_forest_anomaly,warmup,malformed_json_receiver,reject,malformed_message,verifier_audit_commit,19,0.0021,0.0022,0.0022,0.0022
snn32_seed17_forest_anomaly,warmup,malformed_json_receiver,reject,malformed_message,verifier_audit_prepare,19,0.0048,0.005149999999999999,0.00551,0.0056
snn32_seed17_forest_anomaly,warmup,malformed_json_receiver,reject,malformed_message,verifier_audit_record,19,0.0477,0.06827999999999998,0.073896,0.0753
snn32_seed17_forest_anomaly,warmup,malformed_json_receiver,reject,malformed_message,verifier_authentication_total,19,0.1446,0.17007999999999995,0.185776,0.1897
snn32_seed17_forest_anomaly,warmup,post_window_after_refusals,accept,accepted,accepted_release_and_consumers,19,22.8846,29.326689999999996,31.071178,31.5073
snn32_seed17_forest_anomaly,warmup,post_window_after_refusals,accept,accepted,anomaly_consumer_including_threshold,19,5.9674,7.6682999999999995,8.0139,8.1003
snn32_seed17_forest_anomaly,warmup,post_window_after_refusals,accept,accepted,binary32_adapter,19,1.2489,1.27911,1.279902,1.2801
snn32_seed17_forest_anomaly,warmup,post_window_after_refusals,accept,accepted,envelope_and_binary_parser,19,1.6771,1.9342999999999997,1.99766,2.0135
snn32_seed17_forest_anomaly,warmup,post_window_after_refusals,accept,accepted,motion_consumer_including_normalization,19,12.5521,16.353499999999997,17.84606,18.2192
snn32_seed17_forest_anomaly,warmup,post_window_after_refusals,accept,accepted,prepare_both_model_inputs,19,3.5644,4.69563,4.793766,4.8183
snn32_seed17_forest_anomaly,warmup,post_window_after_refusals,accept,accepted,sender_audit_commit,19,0.002,0.00231,0.002382,0.0024
snn32_seed17_forest_anomaly,warmup,post_window_after_refusals,accept,accepted,sender_audit_prepare,19,0.0048,0.006159999999999996,0.007312,0.0076
snn32_seed17_forest_anomaly,warmup,post_window_after_refusals,accept,accepted,sender_audit_record,19,0.0483,0.06982999999999995,0.089486,0.0944
snn32_seed17_forest_anomaly,warmup,post_window_after_refusals,accept,accepted,sender_seal_total,19,5.7043,6.2007,6.28422,6.3051
snn32_seed17_forest_anomaly,warmup,post_window_after_refusals,accept,accepted,serialization_including_quality,19,5.4882,5.88312,6.014304,6.0471
snn32_seed17_forest_anomaly,warmup,post_window_after_refusals,accept,accepted,verifier_audit_commit,19,0.002,0.00241,0.002482,0.0025
snn32_seed17_forest_anomaly,warmup,post_window_after_refusals,accept,accepted,verifier_audit_prepare,19,0.0042,0.005729999999999997,0.006666,0.0069
snn32_seed17_forest_anomaly,warmup,post_window_after_refusals,accept,accepted,verifier_audit_record,19,0.0296,0.03472999999999999,0.037106,0.0377
snn32_seed17_forest_anomaly,warmup,post_window_after_refusals,accept,accepted,verifier_authentication_total,19,6.1117,7.43286,7.462092,7.4694
snn32_seed17_forest_anomaly,warmup,post_window_after_refusals,accept,accepted,verifier_quality_check,19,4.3287,5.27381,5.352362,5.372
snn32_seed17_forest_anomaly,warmup,post_window_after_refusals,accept,accepted,window_hmac_generation,19,0.0217,0.03918999999999995,0.05639800000000001,0.0607
snn32_seed17_forest_anomaly,warmup,post_window_after_refusals,accept,accepted,window_hmac_verification_calculation,19,0.0161,0.0257,0.0257,0.0257
snn32_seed17_forest_anomaly,warmup,post_window_recurring,accept,accepted,accepted_release_and_consumers,19,31.6403,33.80498,34.015796,34.0685
snn32_seed17_forest_anomaly,warmup,post_window_recurring,accept,accepted,anomaly_consumer_including_threshold,19,8.3388,9.13931,9.188342,9.2006
snn32_seed17_forest_anomaly,warmup,post_window_recurring,accept,accepted,binary32_adapter,19,1.3476,1.43543,1.439246,1.4402
snn32_seed17_forest_anomaly,warmup,post_window_recurring,accept,accepted,envelope_and_binary_parser,19,2.0573,2.16546,2.208372,2.2191
snn32_seed17_forest_anomaly,warmup,post_window_recurring,accept,accepted,motion_consumer_including_normalization,19,17.7321,19.35717,19.530474,19.5738
snn32_seed17_forest_anomaly,warmup,post_window_recurring,accept,accepted,prepare_both_model_inputs,19,4.85,5.00053,5.069866,5.0872
snn32_seed17_forest_anomaly,warmup,post_window_recurring,accept,accepted,sender_audit_commit,19,0.0024,0.0026299999999999995,0.002846,0.0029
snn32_seed17_forest_anomaly,warmup,post_window_recurring,accept,accepted,sender_audit_prepare,19,0.0063,0.007199999999999998,0.00792,0.0081
snn32_seed17_forest_anomaly,warmup,post_window_recurring,accept,accepted,sender_audit_record,19,0.0712,0.08501999999999994,0.103884,0.1086
snn32_seed17_forest_anomaly,warmup,post_window_recurring,accept,accepted,sender_seal_total,19,6.4065,6.61722,6.646884,6.6543
snn32_seed17_forest_anomaly,warmup,post_window_recurring,accept,accepted,serialization_including_quality,19,6.0914,6.3105,6.3249,6.3285
snn32_seed17_forest_anomaly,warmup,post_window_recurring,accept,accepted,verifier_audit_commit,19,0.0026,0.0029,0.0029,0.0029
snn32_seed17_forest_anomaly,warmup,post_window_recurring,accept,accepted,verifier_audit_prepare,19,0.0067,0.007989999999999999,0.008638,0.0088
snn32_seed17_forest_anomaly,warmup,post_window_recurring,accept,accepted,verifier_audit_record,19,0.0349,0.041909999999999906,0.07438200000000002,0.0825
snn32_seed17_forest_anomaly,warmup,post_window_recurring,accept,accepted,verifier_authentication_total,19,7.6493,7.91224,7.944928,7.9531
snn32_seed17_forest_anomaly,warmup,post_window_recurring,accept,accepted,verifier_quality_check,19,5.4252,5.53696,5.592112,5.6059
snn32_seed17_forest_anomaly,warmup,post_window_recurring,accept,accepted,window_hmac_generation,19,0.039,0.05525999999999998,0.060012,0.0612
snn32_seed17_forest_anomaly,warmup,post_window_recurring,accept,accepted,window_hmac_verification_calculation,19,0.0268,0.03237999999999999,0.034396,0.0349
snn32_seed17_forest_anomaly,warmup,pre_tag_quality_refusal,reject,data_quality_failure,binary32_adapter,19,1.2878,1.34232,1.350384,1.3524
snn32_seed17_forest_anomaly,warmup,pre_tag_quality_refusal,reject,data_quality_failure,sender_audit_commit,19,0.0021,0.0022199999999999998,0.002364,0.0024
snn32_seed17_forest_anomaly,warmup,pre_tag_quality_refusal,reject,data_quality_failure,sender_audit_prepare,19,0.0047,0.0057399999999999994,0.006028,0.0061
snn32_seed17_forest_anomaly,warmup,pre_tag_quality_refusal,reject,data_quality_failure,sender_audit_record,19,0.0456,0.051329999999999966,0.06306600000000001,0.066
snn32_seed17_forest_anomaly,warmup,pre_tag_quality_refusal,reject,data_quality_failure,sender_seal_total,19,0.6844,0.7293699999999999,0.767314,0.7768
snn32_seed17_forest_anomaly,warmup,pre_tag_quality_refusal,reject,data_quality_failure,serialization_including_quality,19,0.5584,0.59178,0.600276,0.6024
snn32_seed17_forest_anomaly,warmup,valid_receiver_after_bad_tag,accept,accepted,accepted_release_and_consumers,19,29.577,31.24361,31.333682,31.3562
snn32_seed17_forest_anomaly,warmup,valid_receiver_after_bad_tag,accept,accepted,anomaly_consumer_including_threshold,19,7.7293,8.17609,8.209138,8.2174
snn32_seed17_forest_anomaly,warmup,valid_receiver_after_bad_tag,accept,accepted,envelope_and_binary_parser,19,1.6341,1.69345,1.70965,1.7137
snn32_seed17_forest_anomaly,warmup,valid_receiver_after_bad_tag,accept,accepted,motion_consumer_including_normalization,19,16.6106,17.73057,17.814594,17.8356
snn32_seed17_forest_anomaly,warmup,valid_receiver_after_bad_tag,accept,accepted,prepare_both_model_inputs,19,4.5613,4.86933,4.896906,4.9038
snn32_seed17_forest_anomaly,warmup,valid_receiver_after_bad_tag,accept,accepted,verifier_audit_commit,19,0.0023,0.0026199999999999995,0.002764,0.0028
snn32_seed17_forest_anomaly,warmup,valid_receiver_after_bad_tag,accept,accepted,verifier_audit_prepare,19,0.0054,0.0067399999999999995,0.007028,0.0071
snn32_seed17_forest_anomaly,warmup,valid_receiver_after_bad_tag,accept,accepted,verifier_audit_record,19,0.0445,0.05295,0.05403,0.0543
snn32_seed17_forest_anomaly,warmup,valid_receiver_after_bad_tag,accept,accepted,verifier_authentication_total,19,7.0767,7.16074,7.233748,7.252
snn32_seed17_forest_anomaly,warmup,valid_receiver_after_bad_tag,accept,accepted,verifier_quality_check,19,5.2345,5.34765,5.36961,5.3751
snn32_seed17_forest_anomaly,warmup,valid_receiver_after_bad_tag,accept,accepted,window_hmac_verification_calculation,19,0.0177,0.028679999999999935,0.05013600000000001,0.0555
snn32_seed27_forest_anomaly,condition_first_use,bad_tag_receiver,reject,invalid_tag,envelope_and_binary_parser,1,1.5076,1.5076,1.5076,1.5076
snn32_seed27_forest_anomaly,condition_first_use,bad_tag_receiver,reject,invalid_tag,verifier_audit_commit,1,0.0024,0.0024,0.0024,0.0024
snn32_seed27_forest_anomaly,condition_first_use,bad_tag_receiver,reject,invalid_tag,verifier_audit_prepare,1,0.0054,0.0054,0.0054,0.0054
snn32_seed27_forest_anomaly,condition_first_use,bad_tag_receiver,reject,invalid_tag,verifier_audit_record,1,0.0327,0.0327,0.0327,0.0327
snn32_seed27_forest_anomaly,condition_first_use,bad_tag_receiver,reject,invalid_tag,verifier_authentication_total,1,1.6742,1.6742,1.6742,1.6742
snn32_seed27_forest_anomaly,condition_first_use,bad_tag_receiver,reject,invalid_tag,window_hmac_verification_calculation,1,0.0213,0.0213,0.0213,0.0213
snn32_seed27_forest_anomaly,condition_first_use,exact_replay_receiver,reject,duplicate_sequence,envelope_and_binary_parser,1,1.8432,1.8432,1.8432,1.8432
snn32_seed27_forest_anomaly,condition_first_use,exact_replay_receiver,reject,duplicate_sequence,verifier_audit_commit,1,0.002,0.002,0.002,0.002
snn32_seed27_forest_anomaly,condition_first_use,exact_replay_receiver,reject,duplicate_sequence,verifier_audit_prepare,1,0.0052,0.0052,0.0052,0.0052
snn32_seed27_forest_anomaly,condition_first_use,exact_replay_receiver,reject,duplicate_sequence,verifier_audit_record,1,0.0551,0.0551,0.0551,0.0551
snn32_seed27_forest_anomaly,condition_first_use,exact_replay_receiver,reject,duplicate_sequence,verifier_authentication_total,1,6.4355,6.4355,6.4355,6.4355
snn32_seed27_forest_anomaly,condition_first_use,exact_replay_receiver,reject,duplicate_sequence,verifier_quality_check,1,4.3643,4.3643,4.3643,4.3643
snn32_seed27_forest_anomaly,condition_first_use,exact_replay_receiver,reject,duplicate_sequence,window_hmac_verification_calculation,1,0.0268,0.0268,0.0268,0.0268
snn32_seed27_forest_anomaly,condition_first_use,fresh_to_first_window,accept,accepted,accepted_release_and_consumers,1,34.3224,34.3224,34.3224,34.3224
snn32_seed27_forest_anomaly,condition_first_use,fresh_to_first_window,accept,accepted,admission_total,1,8.5622,8.5622,8.5622,8.5622
snn32_seed27_forest_anomaly,condition_first_use,fresh_to_first_window,accept,accepted,anomaly_consumer_including_threshold,1,8.9709,8.9709,8.9709,8.9709
snn32_seed27_forest_anomaly,condition_first_use,fresh_to_first_window,accept,accepted,binary32_adapter,1,1.4486,1.4486,1.4486,1.4486
snn32_seed27_forest_anomaly,condition_first_use,fresh_to_first_window,accept,accepted,envelope_and_binary_parser,1,2.2814,2.2814,2.2814,2.2814
snn32_seed27_forest_anomaly,condition_first_use,fresh_to_first_window,accept,accepted,first_post_window_total,1,50.8603,50.8603,50.8603,50.8603
snn32_seed27_forest_anomaly,condition_first_use,fresh_to_first_window,accept,accepted,independent_credential_verification,1,0.0692,0.0692,0.0692,0.0692
snn32_seed27_forest_anomaly,condition_first_use,fresh_to_first_window,accept,accepted,local_authorization_including_verification,1,0.0964,0.0964,0.0964,0.0964
snn32_seed27_forest_anomaly,condition_first_use,fresh_to_first_window,accept,accepted,local_challenge_binding,1,0.0123,0.0123,0.0123,0.0123
snn32_seed27_forest_anomaly,condition_first_use,fresh_to_first_window,accept,accepted,local_request_binding,1,0.0143,0.0143,0.0143,0.0143
snn32_seed27_forest_anomaly,condition_first_use,fresh_to_first_window,accept,accepted,motion_consumer_including_normalization,1,18.8805,18.8805,18.8805,18.8805
snn32_seed27_forest_anomaly,condition_first_use,fresh_to_first_window,accept,accepted,prepare_both_model_inputs,1,5.5839,5.5839,5.5839,5.5839
snn32_seed27_forest_anomaly,condition_first_use,fresh_to_first_window,accept,accepted,receiver_challenge,1,0.1912,0.1912,0.1912,0.1912
snn32_seed27_forest_anomaly,condition_first_use,fresh_to_first_window,accept,accepted,receiver_confirmation,1,0.1628,0.1628,0.1628,0.1628
snn32_seed27_forest_anomaly,condition_first_use,fresh_to_first_window,accept,accepted,receiver_local_admission,1,0.0156,0.0156,0.0156,0.0156
snn32_seed27_forest_anomaly,condition_first_use,fresh_to_first_window,accept,accepted,reconstruction,1,7.3726,7.3726,7.3726,7.3726
snn32_seed27_forest_anomaly,condition_first_use,fresh_to_first_window,accept,accepted,response_generation_simulator,1,0.2117,0.2117,0.2117,0.2117
snn32_seed27_forest_anomaly,condition_first_use,fresh_to_first_window,accept,accepted,sender_activation,1,0.1321,0.1321,0.1321,0.1321
snn32_seed27_forest_anomaly,condition_first_use,fresh_to_first_window,accept,accepted,sender_admission_and_request,1,0.3143,0.3143,0.3143,0.3143
snn32_seed27_forest_anomaly,condition_first_use,fresh_to_first_window,accept,accepted,sender_audit_commit,1,0.0059,0.0059,0.0059,0.0059
snn32_seed27_forest_anomaly,condition_first_use,fresh_to_first_window,accept,accepted,sender_audit_prepare,1,0.0176,0.0176,0.0176,0.0176
snn32_seed27_forest_anomaly,condition_first_use,fresh_to_first_window,accept,accepted,sender_audit_record,1,0.1658,0.1658,0.1658,0.1658
snn32_seed27_forest_anomaly,condition_first_use,fresh_to_first_window,accept,accepted,sender_confirmation,1,0.1097,0.1097,0.1097,0.1097
snn32_seed27_forest_anomaly,condition_first_use,fresh_to_first_window,accept,accepted,sender_local_admission_claim,1,0.0175,0.0175,0.0175,0.0175
snn32_seed27_forest_anomaly,condition_first_use,fresh_to_first_window,accept,accepted,sender_seal_total,1,6.4633,6.4633,6.4633,6.4633
snn32_seed27_forest_anomaly,condition_first_use,fresh_to_first_window,accept,accepted,serialization_including_quality,1,6.1656,6.1656,6.1656,6.1656
snn32_seed27_forest_anomaly,condition_first_use,fresh_to_first_window,accept,accepted,verifier_audit_commit,1,0.0047,0.0047,0.0047,0.0047
snn32_seed27_forest_anomaly,condition_first_use,fresh_to_first_window,accept,accepted,verifier_audit_prepare,1,0.0143,0.0143,0.0143,0.0143
snn32_seed27_forest_anomaly,condition_first_use,fresh_to_first_window,accept,accepted,verifier_audit_record,1,0.1088,0.1088,0.1088,0.1088
snn32_seed27_forest_anomaly,condition_first_use,fresh_to_first_window,accept,accepted,verifier_authentication_total,1,8.3775,8.3775,8.3775,8.3775
snn32_seed27_forest_anomaly,condition_first_use,fresh_to_first_window,accept,accepted,verifier_quality_check,1,5.8363,5.8363,5.8363,5.8363
snn32_seed27_forest_anomaly,condition_first_use,fresh_to_first_window,accept,accepted,window_hmac_generation,1,0.032,0.032,0.032,0.032
snn32_seed27_forest_anomaly,condition_first_use,fresh_to_first_window,accept,accepted,window_hmac_verification_calculation,1,0.0277,0.0277,0.0277,0.0277
snn32_seed27_forest_anomaly,condition_first_use,malformed_json_receiver,reject,malformed_message,envelope_and_binary_parser,1,0.03,0.03,0.03,0.03
snn32_seed27_forest_anomaly,condition_first_use,malformed_json_receiver,reject,malformed_message,verifier_audit_commit,1,0.0014,0.0014,0.0014,0.0014
snn32_seed27_forest_anomaly,condition_first_use,malformed_json_receiver,reject,malformed_message,verifier_audit_prepare,1,0.0035,0.0035,0.0035,0.0035
snn32_seed27_forest_anomaly,condition_first_use,malformed_json_receiver,reject,malformed_message,verifier_audit_record,1,0.0413,0.0413,0.0413,0.0413
snn32_seed27_forest_anomaly,condition_first_use,malformed_json_receiver,reject,malformed_message,verifier_authentication_total,1,0.1143,0.1143,0.1143,0.1143
snn32_seed27_forest_anomaly,condition_first_use,post_window_after_refusals,accept,accepted,accepted_release_and_consumers,1,22.613,22.613,22.613,22.613
snn32_seed27_forest_anomaly,condition_first_use,post_window_after_refusals,accept,accepted,anomaly_consumer_including_threshold,1,6.232,6.232,6.232,6.232
snn32_seed27_forest_anomaly,condition_first_use,post_window_after_refusals,accept,accepted,binary32_adapter,1,0.9349,0.9349,0.9349,0.9349
snn32_seed27_forest_anomaly,condition_first_use,post_window_after_refusals,accept,accepted,envelope_and_binary_parser,1,1.3828,1.3828,1.3828,1.3828
snn32_seed27_forest_anomaly,condition_first_use,post_window_after_refusals,accept,accepted,motion_consumer_including_normalization,1,12.3177,12.3177,12.3177,12.3177
snn32_seed27_forest_anomaly,condition_first_use,post_window_after_refusals,accept,accepted,prepare_both_model_inputs,1,3.47,3.47,3.47,3.47
snn32_seed27_forest_anomaly,condition_first_use,post_window_after_refusals,accept,accepted,sender_audit_commit,1,0.0015,0.0015,0.0015,0.0015
snn32_seed27_forest_anomaly,condition_first_use,post_window_after_refusals,accept,accepted,sender_audit_prepare,1,0.0038,0.0038,0.0038,0.0038
snn32_seed27_forest_anomaly,condition_first_use,post_window_after_refusals,accept,accepted,sender_audit_record,1,0.0342,0.0342,0.0342,0.0342
snn32_seed27_forest_anomaly,condition_first_use,post_window_after_refusals,accept,accepted,sender_seal_total,1,4.483,4.483,4.483,4.483
snn32_seed27_forest_anomaly,condition_first_use,post_window_after_refusals,accept,accepted,serialization_including_quality,1,4.3242,4.3242,4.3242,4.3242
snn32_seed27_forest_anomaly,condition_first_use,post_window_after_refusals,accept,accepted,verifier_audit_commit,1,0.0022,0.0022,0.0022,0.0022
snn32_seed27_forest_anomaly,condition_first_use,post_window_after_refusals,accept,accepted,verifier_audit_prepare,1,0.0051,0.0051,0.0051,0.0051
snn32_seed27_forest_anomaly,condition_first_use,post_window_after_refusals,accept,accepted,verifier_audit_record,1,0.0241,0.0241,0.0241,0.0241
snn32_seed27_forest_anomaly,condition_first_use,post_window_after_refusals,accept,accepted,verifier_authentication_total,1,5.4817,5.4817,5.4817,5.4817
snn32_seed27_forest_anomaly,condition_first_use,post_window_after_refusals,accept,accepted,verifier_quality_check,1,3.9706,3.9706,3.9706,3.9706
snn32_seed27_forest_anomaly,condition_first_use,post_window_after_refusals,accept,accepted,window_hmac_generation,1,0.0187,0.0187,0.0187,0.0187
snn32_seed27_forest_anomaly,condition_first_use,post_window_after_refusals,accept,accepted,window_hmac_verification_calculation,1,0.0134,0.0134,0.0134,0.0134
snn32_seed27_forest_anomaly,condition_first_use,post_window_recurring,accept,accepted,accepted_release_and_consumers,1,31.1774,31.1774,31.1774,31.1774
snn32_seed27_forest_anomaly,condition_first_use,post_window_recurring,accept,accepted,anomaly_consumer_including_threshold,1,7.2628,7.2628,7.2628,7.2628
snn32_seed27_forest_anomaly,condition_first_use,post_window_recurring,accept,accepted,binary32_adapter,1,1.4242,1.4242,1.4242,1.4242
snn32_seed27_forest_anomaly,condition_first_use,post_window_recurring,accept,accepted,envelope_and_binary_parser,1,2.3043,2.3043,2.3043,2.3043
snn32_seed27_forest_anomaly,condition_first_use,post_window_recurring,accept,accepted,motion_consumer_including_normalization,1,18.1365,18.1365,18.1365,18.1365
snn32_seed27_forest_anomaly,condition_first_use,post_window_recurring,accept,accepted,prepare_both_model_inputs,1,4.9589,4.9589,4.9589,4.9589
snn32_seed27_forest_anomaly,condition_first_use,post_window_recurring,accept,accepted,sender_audit_commit,1,0.0027,0.0027,0.0027,0.0027
snn32_seed27_forest_anomaly,condition_first_use,post_window_recurring,accept,accepted,sender_audit_prepare,1,0.0065,0.0065,0.0065,0.0065
snn32_seed27_forest_anomaly,condition_first_use,post_window_recurring,accept,accepted,sender_audit_record,1,0.0888,0.0888,0.0888,0.0888
snn32_seed27_forest_anomaly,condition_first_use,post_window_recurring,accept,accepted,sender_seal_total,1,6.7997,6.7997,6.7997,6.7997
snn32_seed27_forest_anomaly,condition_first_use,post_window_recurring,accept,accepted,serialization_including_quality,1,6.4376,6.4376,6.4376,6.4376
snn32_seed27_forest_anomaly,condition_first_use,post_window_recurring,accept,accepted,verifier_audit_commit,1,0.0026,0.0026,0.0026,0.0026
snn32_seed27_forest_anomaly,condition_first_use,post_window_recurring,accept,accepted,verifier_audit_prepare,1,0.0087,0.0087,0.0087,0.0087
snn32_seed27_forest_anomaly,condition_first_use,post_window_recurring,accept,accepted,verifier_audit_record,1,0.038,0.038,0.038,0.038
snn32_seed27_forest_anomaly,condition_first_use,post_window_recurring,accept,accepted,verifier_authentication_total,1,8.5449,8.5449,8.5449,8.5449
snn32_seed27_forest_anomaly,condition_first_use,post_window_recurring,accept,accepted,verifier_quality_check,1,5.9757,5.9757,5.9757,5.9757
snn32_seed27_forest_anomaly,condition_first_use,post_window_recurring,accept,accepted,window_hmac_generation,1,0.047,0.047,0.047,0.047
snn32_seed27_forest_anomaly,condition_first_use,post_window_recurring,accept,accepted,window_hmac_verification_calculation,1,0.0376,0.0376,0.0376,0.0376
snn32_seed27_forest_anomaly,condition_first_use,pre_tag_quality_refusal,reject,data_quality_failure,binary32_adapter,1,0.9587,0.9587,0.9587,0.9587
snn32_seed27_forest_anomaly,condition_first_use,pre_tag_quality_refusal,reject,data_quality_failure,sender_audit_commit,1,0.0017,0.0017,0.0017,0.0017
snn32_seed27_forest_anomaly,condition_first_use,pre_tag_quality_refusal,reject,data_quality_failure,sender_audit_prepare,1,0.0035,0.0035,0.0035,0.0035
snn32_seed27_forest_anomaly,condition_first_use,pre_tag_quality_refusal,reject,data_quality_failure,sender_audit_record,1,0.0347,0.0347,0.0347,0.0347
snn32_seed27_forest_anomaly,condition_first_use,pre_tag_quality_refusal,reject,data_quality_failure,sender_seal_total,1,0.5427,0.5427,0.5427,0.5427
snn32_seed27_forest_anomaly,condition_first_use,pre_tag_quality_refusal,reject,data_quality_failure,serialization_including_quality,1,0.4423,0.4423,0.4423,0.4423
snn32_seed27_forest_anomaly,condition_first_use,valid_receiver_after_bad_tag,accept,accepted,accepted_release_and_consumers,1,27.7097,27.7097,27.7097,27.7097
snn32_seed27_forest_anomaly,condition_first_use,valid_receiver_after_bad_tag,accept,accepted,anomaly_consumer_including_threshold,1,7.3701,7.3701,7.3701,7.3701
snn32_seed27_forest_anomaly,condition_first_use,valid_receiver_after_bad_tag,accept,accepted,envelope_and_binary_parser,1,1.5073,1.5073,1.5073,1.5073
snn32_seed27_forest_anomaly,condition_first_use,valid_receiver_after_bad_tag,accept,accepted,motion_consumer_including_normalization,1,15.3559,15.3559,15.3559,15.3559
snn32_seed27_forest_anomaly,condition_first_use,valid_receiver_after_bad_tag,accept,accepted,prepare_both_model_inputs,1,4.221,4.221,4.221,4.221
snn32_seed27_forest_anomaly,condition_first_use,valid_receiver_after_bad_tag,accept,accepted,verifier_audit_commit,1,0.0021,0.0021,0.0021,0.0021
snn32_seed27_forest_anomaly,condition_first_use,valid_receiver_after_bad_tag,accept,accepted,verifier_audit_prepare,1,0.0053,0.0053,0.0053,0.0053
snn32_seed27_forest_anomaly,condition_first_use,valid_receiver_after_bad_tag,accept,accepted,verifier_audit_record,1,0.0434,0.0434,0.0434,0.0434
snn32_seed27_forest_anomaly,condition_first_use,valid_receiver_after_bad_tag,accept,accepted,verifier_authentication_total,1,6.4958,6.4958,6.4958,6.4958
snn32_seed27_forest_anomaly,condition_first_use,valid_receiver_after_bad_tag,accept,accepted,verifier_quality_check,1,4.8234,4.8234,4.8234,4.8234
snn32_seed27_forest_anomaly,condition_first_use,valid_receiver_after_bad_tag,accept,accepted,window_hmac_verification_calculation,1,0.0195,0.0195,0.0195,0.0195
snn32_seed27_forest_anomaly,measured,bad_tag_receiver,reject,invalid_tag,envelope_and_binary_parser,599,1.5268,1.91003,2.64953,3.0715
snn32_seed27_forest_anomaly,measured,bad_tag_receiver,reject,invalid_tag,verifier_audit_commit,599,0.0015,0.0026,0.0029019999999999983,0.0074
snn32_seed27_forest_anomaly,measured,bad_tag_receiver,reject,invalid_tag,verifier_audit_prepare,599,0.0042,0.0068,0.008007999999999993,0.0186
snn32_seed27_forest_anomaly,measured,bad_tag_receiver,reject,invalid_tag,verifier_audit_record,599,0.0311,0.05043000000000001,0.056957999999999946,0.3235
snn32_seed27_forest_anomaly,measured,bad_tag_receiver,reject,invalid_tag,verifier_authentication_total,599,1.6808,2.0950100000000003,2.9092319999999994,3.3211
snn32_seed27_forest_anomaly,measured,bad_tag_receiver,reject,invalid_tag,window_hmac_verification_calculation,599,0.0171,0.0286,0.033102,0.0699
snn32_seed27_forest_anomaly,measured,exact_replay_receiver,reject,duplicate_sequence,envelope_and_binary_parser,599,1.3178,4.77151,6.863807999999998,321.5311
snn32_seed27_forest_anomaly,measured,exact_replay_receiver,reject,duplicate_sequence,verifier_audit_commit,599,0.0013,0.002610000000000002,0.0029,0.0032
snn32_seed27_forest_anomaly,measured,exact_replay_receiver,reject,duplicate_sequence,verifier_audit_prepare,599,0.0042,0.0079,0.009803999999999997,0.0277
snn32_seed27_forest_anomaly,measured,exact_replay_receiver,reject,duplicate_sequence,verifier_audit_record,599,0.0381,0.07095000000000001,0.07791399999999998,0.094
snn32_seed27_forest_anomaly,measured,exact_replay_receiver,reject,duplicate_sequence,verifier_authentication_total,599,4.9071,8.582630000000009,12.371163999999997,324.5091
snn32_seed27_forest_anomaly,measured,exact_replay_receiver,reject,duplicate_sequence,verifier_quality_check,599,3.3427,5.34803,5.504532,6.2493
snn32_seed27_forest_anomaly,measured,exact_replay_receiver,reject,duplicate_sequence,window_hmac_verification_calculation,599,0.0207,0.04182000000000001,0.048207999999999994,0.0709
snn32_seed27_forest_anomaly,measured,fresh_to_first_window,accept,accepted,accepted_release_and_consumers,599,24.2641,37.4386,40.124492,56.9582
snn32_seed27_forest_anomaly,measured,fresh_to_first_window,accept,accepted,admission_total,599,3.316,8.70074,9.140735999999999,10.1915
snn32_seed27_forest_anomaly,measured,fresh_to_first_window,accept,accepted,anomaly_consumer_including_threshold,599,6.6402,10.63221,11.348633999999999,17.108
snn32_seed27_forest_anomaly,measured,fresh_to_first_window,accept,accepted,binary32_adapter,599,0.9913,1.44708,1.51763,1.8774
snn32_seed27_forest_anomaly,measured,fresh_to_first_window,accept,accepted,envelope_and_binary_parser,599,1.8551,3.985180000000001,6.160519999999999,336.2343
snn32_seed27_forest_anomaly,measured,fresh_to_first_window,accept,accepted,first_post_window_total,599,38.5116,54.75584,64.10359,359.5234
snn32_seed27_forest_anomaly,measured,fresh_to_first_window,accept,accepted,independent_credential_verification,599,0.0425,0.07521,0.08183599999999996,0.0961
snn32_seed27_forest_anomaly,measured,fresh_to_first_window,accept,accepted,local_authorization_including_verification,599,0.0583,0.10221,0.11129599999999991,0.1291
snn32_seed27_forest_anomaly,measured,fresh_to_first_window,accept,accepted,local_challenge_binding,599,0.0069,0.0119,0.012301999999999999,0.0225
snn32_seed27_forest_anomaly,measured,fresh_to_first_window,accept,accepted,local_request_binding,599,0.0089,0.0152,0.016,0.0253
snn32_seed27_forest_anomaly,measured,fresh_to_first_window,accept,accepted,motion_consumer_including_normalization,599,12.9374,19.9633,20.910135999999998,34.381
snn32_seed27_forest_anomaly,measured,fresh_to_first_window,accept,accepted,prepare_both_model_inputs,599,3.8672,6.43754,6.812963999999999,7.2998
snn32_seed27_forest_anomaly,measured,fresh_to_first_window,accept,accepted,receiver_challenge,599,0.1127,0.1844,0.2077119999999999,0.2914
snn32_seed27_forest_anomaly,measured,fresh_to_first_window,accept,accepted,receiver_confirmation,599,0.0963,0.15381,0.16622399999999998,0.1823
snn32_seed27_forest_anomaly,measured,fresh_to_first_window,accept,accepted,receiver_local_admission,599,0.0089,0.015,0.016115999999999985,0.0253
snn32_seed27_forest_anomaly,measured,fresh_to_first_window,accept,accepted,reconstruction,599,2.6111,7.531500000000001,7.97809,8.9845
snn32_seed27_forest_anomaly,measured,fresh_to_first_window,accept,accepted,response_generation_simulator,599,0.1465,0.21234,0.24494599999999997,0.2745
snn32_seed27_forest_anomaly,measured,fresh_to_first_window,accept,accepted,sender_activation,599,0.0732,0.11568000000000002,0.12910999999999997,0.4573
snn32_seed27_forest_anomaly,measured,fresh_to_first_window,accept,accepted,sender_admission_and_request,599,0.185,0.34905,0.3820799999999999,0.4649
snn32_seed27_forest_anomaly,measured,fresh_to_first_window,accept,accepted,sender_audit_commit,599,0.0035,0.0067,0.007101999999999998,0.0183
snn32_seed27_forest_anomaly,measured,fresh_to_first_window,accept,accepted,sender_audit_prepare,599,0.0098,0.0174,0.019405999999999993,0.0227
snn32_seed27_forest_anomaly,measured,fresh_to_first_window,accept,accepted,sender_audit_record,599,0.1018,0.17701,0.21152399999999996,0.2516
snn32_seed27_forest_anomaly,measured,fresh_to_first_window,accept,accepted,sender_confirmation,599,0.0701,0.11160000000000003,0.125808,0.1302
snn32_seed27_forest_anomaly,measured,fresh_to_first_window,accept,accepted,sender_local_admission_claim,599,0.0106,0.0176,0.023215999999999987,0.0291
snn32_seed27_forest_anomaly,measured,fresh_to_first_window,accept,accepted,sender_seal_total,599,5.2539,7.4123100000000015,9.180867999999998,11.4466
snn32_seed27_forest_anomaly,measured,fresh_to_first_window,accept,accepted,serialization_including_quality,599,5.0625,7.139280000000002,8.860873999999997,11.0595
snn32_seed27_forest_anomaly,measured,fresh_to_first_window,accept,accepted,verifier_audit_commit,599,0.0027,0.0048,0.0051,0.0067
snn32_seed27_forest_anomaly,measured,fresh_to_first_window,accept,accepted,verifier_audit_prepare,599,0.008,0.013110000000000002,0.014905999999999994,0.0337
snn32_seed27_forest_anomaly,measured,fresh_to_first_window,accept,accepted,verifier_audit_record,599,0.0551,0.084,0.10044599999999995,0.1941
snn32_seed27_forest_anomaly,measured,fresh_to_first_window,accept,accepted,verifier_authentication_total,599,7.3695,11.59595,14.7545,339.3815
snn32_seed27_forest_anomaly,measured,fresh_to_first_window,accept,accepted,verifier_quality_check,599,5.0443,8.193240000000001,9.33945,10.5555
snn32_seed27_forest_anomaly,measured,fresh_to_first_window,accept,accepted,window_hmac_generation,599,0.0183,0.0371,0.048204,0.0696
snn32_seed27_forest_anomaly,measured,fresh_to_first_window,accept,accepted,window_hmac_verification_calculation,599,0.0177,0.030930000000000006,0.04110599999999999,0.1082
snn32_seed27_forest_anomaly,measured,fresh_to_first_window,reject,failed_reconstruction,admission_total,1,2.6881,2.6881,2.6881,2.6881
snn32_seed27_forest_anomaly,measured,fresh_to_first_window,reject,failed_reconstruction,reconstruction,1,2.4197,2.4197,2.4197,2.4197
snn32_seed27_forest_anomaly,measured,fresh_to_first_window,reject,failed_reconstruction,response_generation_simulator,1,0.1523,0.1523,0.1523,0.1523
snn32_seed27_forest_anomaly,measured,fresh_to_first_window,reject,failed_reconstruction,sender_admission_and_request,1,0.0923,0.0923,0.0923,0.0923
snn32_seed27_forest_anomaly,measured,fresh_to_first_window,reject,failed_reconstruction,sender_audit_commit,1,0.001,0.001,0.001,0.001
snn32_seed27_forest_anomaly,measured,fresh_to_first_window,reject,failed_reconstruction,sender_audit_prepare,1,0.0034,0.0034,0.0034,0.0034
snn32_seed27_forest_anomaly,measured,fresh_to_first_window,reject,failed_reconstruction,sender_audit_record,1,0.0337,0.0337,0.0337,0.0337
snn32_seed27_forest_anomaly,measured,malformed_json_receiver,reject,malformed_message,envelope_and_binary_parser,599,0.0261,0.0464,0.05040599999999999,0.056
snn32_seed27_forest_anomaly,measured,malformed_json_receiver,reject,malformed_message,verifier_audit_commit,599,0.0011,0.0021,0.0023,0.0024
snn32_seed27_forest_anomaly,measured,malformed_json_receiver,reject,malformed_message,verifier_audit_prepare,599,0.003,0.005,0.005901999999999998,0.0155
snn32_seed27_forest_anomaly,measured,malformed_json_receiver,reject,malformed_message,verifier_audit_record,599,0.0334,0.06125000000000001,0.07341599999999998,0.0841
snn32_seed27_forest_anomaly,measured,malformed_json_receiver,reject,malformed_message,verifier_authentication_total,599,0.0955,0.16536,0.19172799999999998,0.2291
snn32_seed27_forest_anomaly,measured,post_window_after_refusals,accept,accepted,accepted_release_and_consumers,599,15.6214,24.40251,28.606273999999992,31.734
snn32_seed27_forest_anomaly,measured,post_window_after_refusals,accept,accepted,anomaly_consumer_including_threshold,599,4.4257,6.3579,7.669754,8.3316
snn32_seed27_forest_anomaly,measured,post_window_after_refusals,accept,accepted,binary32_adapter,599,0.7877,1.26421,1.307926,1.5646
snn32_seed27_forest_anomaly,measured,post_window_after_refusals,accept,accepted,envelope_and_binary_parser,599,1.2298,3.7377100000000003,5.968795999999999,330.3864
snn32_seed27_forest_anomaly,measured,post_window_after_refusals,accept,accepted,motion_consumer_including_normalization,599,8.3577,13.2475,15.722693999999997,18.4423
snn32_seed27_forest_anomaly,measured,post_window_after_refusals,accept,accepted,prepare_both_model_inputs,599,2.4912,4.09269,4.6104119999999975,5.0247
snn32_seed27_forest_anomaly,measured,post_window_after_refusals,accept,accepted,sender_audit_commit,599,0.0011,0.0021,0.0023,0.008
snn32_seed27_forest_anomaly,measured,post_window_after_refusals,accept,accepted,sender_audit_prepare,599,0.0034,0.0055,0.008013999999999986,0.0232
snn32_seed27_forest_anomaly,measured,post_window_after_refusals,accept,accepted,sender_audit_record,599,0.0342,0.05411000000000002,0.07291999999999998,0.0928
snn32_seed27_forest_anomaly,measured,post_window_after_refusals,accept,accepted,sender_seal_total,599,3.8923,5.95353,6.127223999999999,8.4434
snn32_seed27_forest_anomaly,measured,post_window_after_refusals,accept,accepted,serialization_including_quality,599,3.7455,5.709300000000001,5.896415999999999,8.072
snn32_seed27_forest_anomaly,measured,post_window_after_refusals,accept,accepted,verifier_audit_commit,599,0.0013,0.0022,0.002501999999999998,0.0032
snn32_seed27_forest_anomaly,measured,post_window_after_refusals,accept,accepted,verifier_audit_prepare,599,0.0036,0.0063,0.009427999999999975,0.0141
snn32_seed27_forest_anomaly,measured,post_window_after_refusals,accept,accepted,verifier_audit_record,599,0.0207,0.031610000000000006,0.03770799999999999,0.0472
snn32_seed27_forest_anomaly,measured,post_window_after_refusals,accept,accepted,verifier_authentication_total,599,4.8214,7.468180000000001,10.352569999999995,334.0267
snn32_seed27_forest_anomaly,measured,post_window_after_refusals,accept,accepted,verifier_quality_check,599,3.4006,4.83178,5.363316,7.9281
snn32_seed27_forest_anomaly,measured,post_window_after_refusals,accept,accepted,window_hmac_generation,599,0.0176,0.03711,0.04671599999999999,0.066
snn32_seed27_forest_anomaly,measured,post_window_after_refusals,accept,accepted,window_hmac_verification_calculation,599,0.0135,0.025820000000000003,0.03754999999999996,0.0637
snn32_seed27_forest_anomaly,measured,post_window_recurring,accept,accepted,accepted_release_and_consumers,599,23.8544,34.15302,36.442794,39.3453
snn32_seed27_forest_anomaly,measured,post_window_recurring,accept,accepted,anomaly_consumer_including_threshold,599,6.4499,9.57433,10.542448,11.662
snn32_seed27_forest_anomaly,measured,post_window_recurring,accept,accepted,binary32_adapter,599,1.1868,1.96658,2.2577719999999992,4.2083
snn32_seed27_forest_anomaly,measured,post_window_recurring,accept,accepted,envelope_and_binary_parser,599,1.8947,4.416010000000001,6.255851999999999,268.8781
snn32_seed27_forest_anomaly,measured,post_window_recurring,accept,accepted,motion_consumer_including_normalization,599,12.5786,19.12734,20.479974,21.7354
snn32_seed27_forest_anomaly,measured,post_window_recurring,accept,accepted,prepare_both_model_inputs,599,3.7878,6.19188,6.654177999999998,8.3422
snn32_seed27_forest_anomaly,measured,post_window_recurring,accept,accepted,sender_audit_commit,599,0.0016,0.002610000000000002,0.0028,0.031
snn32_seed27_forest_anomaly,measured,post_window_recurring,accept,accepted,sender_audit_prepare,599,0.005,0.007910000000000002,0.0095,0.2557
snn32_seed27_forest_anomaly,measured,post_window_recurring,accept,accepted,sender_audit_record,599,0.0602,0.09534000000000001,0.115106,0.4564
snn32_seed27_forest_anomaly,measured,post_window_recurring,accept,accepted,sender_seal_total,599,5.8298,9.64753,10.082913999999999,11.0946
snn32_seed27_forest_anomaly,measured,post_window_recurring,accept,accepted,serialization_including_quality,599,5.5907,9.34362,9.683606,10.4489
snn32_seed27_forest_anomaly,measured,post_window_recurring,accept,accepted,verifier_audit_commit,599,0.0016,0.0028,0.003601999999999998,0.0079
snn32_seed27_forest_anomaly,measured,post_window_recurring,accept,accepted,verifier_audit_prepare,599,0.0052,0.0088,0.011,0.0405
snn32_seed27_forest_anomaly,measured,post_window_recurring,accept,accepted,verifier_audit_record,599,0.0299,0.04751,0.05754599999999996,0.0706
snn32_seed27_forest_anomaly,measured,post_window_recurring,accept,accepted,verifier_authentication_total,599,7.2869,11.75525,12.659339999999998,271.9166
snn32_seed27_forest_anomaly,measured,post_window_recurring,accept,accepted,verifier_quality_check,599,5.102,8.48581,8.960155999999998,10.4553
snn32_seed27_forest_anomaly,measured,post_window_recurring,accept,accepted,window_hmac_generation,599,0.0302,0.057770000000000016,0.07271999999999998,0.0973
snn32_seed27_forest_anomaly,measured,post_window_recurring,accept,accepted,window_hmac_verification_calculation,599,0.0195,0.0346,0.039945999999999954,0.0685
snn32_seed27_forest_anomaly,measured,pre_tag_quality_refusal,reject,data_quality_failure,binary32_adapter,599,0.8004,1.3310700000000002,1.4727019999999997,2.0189
snn32_seed27_forest_anomaly,measured,pre_tag_quality_refusal,reject,data_quality_failure,sender_audit_commit,599,0.0012,0.0023,0.002501999999999998,0.0029
snn32_seed27_forest_anomaly,measured,pre_tag_quality_refusal,reject,data_quality_failure,sender_audit_prepare,599,0.0031,0.0054,0.006401999999999998,0.0075
snn32_seed27_forest_anomaly,measured,pre_tag_quality_refusal,reject,data_quality_failure,sender_audit_record,599,0.0334,0.053550000000000014,0.06852599999999998,0.097
snn32_seed27_forest_anomaly,measured,pre_tag_quality_refusal,reject,data_quality_failure,sender_seal_total,599,0.4494,0.72142,0.789436,1.0419
snn32_seed27_forest_anomaly,measured,pre_tag_quality_refusal,reject,data_quality_failure,serialization_including_quality,599,0.3593,0.57704,0.621006,0.6593
snn32_seed27_forest_anomaly,measured,valid_receiver_after_bad_tag,accept,accepted,accepted_release_and_consumers,599,20.0667,30.39132,31.782259999999997,35.7377
snn32_seed27_forest_anomaly,measured,valid_receiver_after_bad_tag,accept,accepted,anomaly_consumer_including_threshold,599,5.2302,7.93063,8.29096,14.7523
snn32_seed27_forest_anomaly,measured,valid_receiver_after_bad_tag,accept,accepted,envelope_and_binary_parser,599,1.5181,1.8710500000000003,2.658082,2.8298
snn32_seed27_forest_anomaly,measured,valid_receiver_after_bad_tag,accept,accepted,motion_consumer_including_normalization,599,10.8667,17.03266,17.965629999999997,20.2751
snn32_seed27_forest_anomaly,measured,valid_receiver_after_bad_tag,accept,accepted,prepare_both_model_inputs,599,3.5438,4.91558,5.999949999999999,6.8495
snn32_seed27_forest_anomaly,measured,valid_receiver_after_bad_tag,accept,accepted,verifier_audit_commit,599,0.0015,0.0026,0.0028,0.0088
snn32_seed27_forest_anomaly,measured,valid_receiver_after_bad_tag,accept,accepted,verifier_audit_prepare,599,0.0045,0.0078,0.009107999999999993,0.0114
snn32_seed27_forest_anomaly,measured,valid_receiver_after_bad_tag,accept,accepted,verifier_audit_record,599,0.036,0.05612000000000001,0.06443399999999998,0.0834
snn32_seed27_forest_anomaly,measured,valid_receiver_after_bad_tag,accept,accepted,verifier_authentication_total,599,6.478,7.5410600000000025,10.856719999999996,11.9618
snn32_seed27_forest_anomaly,measured,valid_receiver_after_bad_tag,accept,accepted,verifier_quality_check,599,4.7844,5.58526,8.118628,9.063
snn32_seed27_forest_anomaly,measured,valid_receiver_after_bad_tag,accept,accepted,window_hmac_verification_calculation,599,0.0162,0.026,0.0291,0.1055
snn32_seed27_forest_anomaly,warmup,bad_tag_receiver,reject,invalid_tag,envelope_and_binary_parser,19,1.6553,1.70953,1.739986,1.7476
snn32_seed27_forest_anomaly,warmup,bad_tag_receiver,reject,invalid_tag,verifier_audit_commit,19,0.0023,0.006689999999999917,0.034698000000000014,0.0417
snn32_seed27_forest_anomaly,warmup,bad_tag_receiver,reject,invalid_tag,verifier_audit_prepare,19,0.0052,0.00612,0.006264,0.0063
snn32_seed27_forest_anomaly,warmup,bad_tag_receiver,reject,invalid_tag,verifier_audit_record,19,0.0371,0.04619,0.046838,0.047
snn32_seed27_forest_anomaly,warmup,bad_tag_receiver,reject,invalid_tag,verifier_authentication_total,19,1.8252,1.92865,1.93693,1.939
snn32_seed27_forest_anomaly,warmup,bad_tag_receiver,reject,invalid_tag,window_hmac_verification_calculation,19,0.0181,0.025909999999999996,0.026702,0.0269
snn32_seed27_forest_anomaly,warmup,exact_replay_receiver,reject,duplicate_sequence,envelope_and_binary_parser,19,1.8988,2.1774099999999996,2.357482,2.4025
snn32_seed27_forest_anomaly,warmup,exact_replay_receiver,reject,duplicate_sequence,verifier_audit_commit,19,0.0023,0.0027199999999999998,0.002864,0.0029
snn32_seed27_forest_anomaly,warmup,exact_replay_receiver,reject,duplicate_sequence,verifier_audit_prepare,19,0.0057,0.007749999999999999,0.00811,0.0082
snn32_seed27_forest_anomaly,warmup,exact_replay_receiver,reject,duplicate_sequence,verifier_audit_record,19,0.0528,0.06846999999999999,0.073294,0.0745
snn32_seed27_forest_anomaly,warmup,exact_replay_receiver,reject,duplicate_sequence,verifier_authentication_total,19,7.0068,7.839099999999999,8.03062,8.0785
snn32_seed27_forest_anomaly,warmup,exact_replay_receiver,reject,duplicate_sequence,verifier_quality_check,19,4.8849,5.37748,5.450056,5.4682
snn32_seed27_forest_anomaly,warmup,exact_replay_receiver,reject,duplicate_sequence,window_hmac_verification_calculation,19,0.0247,0.04164,0.041928,0.042
snn32_seed27_forest_anomaly,warmup,fresh_to_first_window,accept,accepted,accepted_release_and_consumers,19,32.0035,32.54733,32.556906,32.5593
snn32_seed27_forest_anomaly,warmup,fresh_to_first_window,accept,accepted,admission_total,19,8.4762,8.87972,8.902904,8.9087
snn32_seed27_forest_anomaly,warmup,fresh_to_first_window,accept,accepted,anomaly_consumer_including_threshold,19,8.5447,8.80107,8.851974,8.8647
snn32_seed27_forest_anomaly,warmup,fresh_to_first_window,accept,accepted,binary32_adapter,19,1.3474,1.44457,1.478914,1.4875
snn32_seed27_forest_anomaly,warmup,fresh_to_first_window,accept,accepted,envelope_and_binary_parser,19,2.0879,2.29216,2.301232,2.3035
snn32_seed27_forest_anomaly,warmup,fresh_to_first_window,accept,accepted,first_post_window_total,19,47.6047,48.18344,48.458048,48.5267
snn32_seed27_forest_anomaly,warmup,fresh_to_first_window,accept,accepted,independent_credential_verification,19,0.059,0.0749,0.07634,0.0767
snn32_seed27_forest_anomaly,warmup,fresh_to_first_window,accept,accepted,local_authorization_including_verification,19,0.0829,0.10067,0.102614,0.1031
snn32_seed27_forest_anomaly,warmup,fresh_to_first_window,accept,accepted,local_challenge_binding,19,0.0113,0.0117,0.0117,0.0117
snn32_seed27_forest_anomaly,warmup,fresh_to_first_window,accept,accepted,local_request_binding,19,0.0142,0.01533,0.015546,0.0156
snn32_seed27_forest_anomaly,warmup,fresh_to_first_window,accept,accepted,motion_consumer_including_normalization,19,17.8279,18.29091,18.329862,18.3396
snn32_seed27_forest_anomaly,warmup,fresh_to_first_window,accept,accepted,prepare_both_model_inputs,19,4.853,5.04168,5.114976,5.1333
snn32_seed27_forest_anomaly,warmup,fresh_to_first_window,accept,accepted,receiver_challenge,19,0.1723,0.19627999999999998,0.201896,0.2033
snn32_seed27_forest_anomaly,warmup,fresh_to_first_window,accept,accepted,receiver_confirmation,19,0.1444,0.16927,0.169774,0.1699
snn32_seed27_forest_anomaly,warmup,fresh_to_first_window,accept,accepted,receiver_local_admission,19,0.0145,0.015049999999999997,0.01541,0.0155
snn32_seed27_forest_anomaly,warmup,fresh_to_first_window,accept,accepted,reconstruction,19,7.3893,7.72263,7.765326,7.776
snn32_seed27_forest_anomaly,warmup,fresh_to_first_window,accept,accepted,response_generation_simulator,19,0.1937,0.24341999999999997,0.252204,0.2544
snn32_seed27_forest_anomaly,warmup,fresh_to_first_window,accept,accepted,sender_activation,19,0.1063,0.12168999999999998,0.127378,0.1288
snn32_seed27_forest_anomaly,warmup,fresh_to_first_window,accept,accepted,sender_admission_and_request,19,0.2787,0.34647,0.354174,0.3561
snn32_seed27_forest_anomaly,warmup,fresh_to_first_window,accept,accepted,sender_audit_commit,19,0.0062,0.006689999999999998,0.007338,0.0075
snn32_seed27_forest_anomaly,warmup,fresh_to_first_window,accept,accepted,sender_audit_prepare,19,0.0153,0.01845999999999999,0.021772,0.0226
snn32_seed27_forest_anomaly,warmup,fresh_to_first_window,accept,accepted,sender_audit_record,19,0.1473,0.1752299999999999,0.207846,0.216
snn32_seed27_forest_anomaly,warmup,fresh_to_first_window,accept,accepted,sender_confirmation,19,0.1051,0.12897999999999998,0.135316,0.1369
snn32_seed27_forest_anomaly,warmup,fresh_to_first_window,accept,accepted,sender_local_admission_claim,19,0.0166,0.018159999999999992,0.020032,0.0205
snn32_seed27_forest_anomaly,warmup,fresh_to_first_window,accept,accepted,sender_seal_total,19,6.271,6.449509999999999,6.739742,6.8123
snn32_seed27_forest_anomaly,warmup,fresh_to_first_window,accept,accepted,serialization_including_quality,19,6.0036,6.197289999999999,6.393058,6.442
snn32_seed27_forest_anomaly,warmup,fresh_to_first_window,accept,accepted,verifier_audit_commit,19,0.0044,0.00481,0.004882,0.0049
snn32_seed27_forest_anomaly,warmup,fresh_to_first_window,accept,accepted,verifier_audit_prepare,19,0.011,0.01224,0.012528,0.0126
snn32_seed27_forest_anomaly,warmup,fresh_to_first_window,accept,accepted,verifier_audit_record,19,0.076,0.09631,0.097102,0.0973
snn32_seed27_forest_anomaly,warmup,fresh_to_first_window,accept,accepted,verifier_authentication_total,19,7.7505,7.9832,8.02064,8.03
snn32_seed27_forest_anomaly,warmup,fresh_to_first_window,accept,accepted,verifier_quality_check,19,5.4625,5.63498,5.639876,5.6411
snn32_seed27_forest_anomaly,warmup,fresh_to_first_window,accept,accepted,window_hmac_generation,19,0.0241,0.051369999999999985,0.056914,0.0583
snn32_seed27_forest_anomaly,warmup,fresh_to_first_window,accept,accepted,window_hmac_verification_calculation,19,0.024,0.026719999999999997,0.027584,0.0278
snn32_seed27_forest_anomaly,warmup,malformed_json_receiver,reject,malformed_message,envelope_and_binary_parser,19,0.0329,0.04382,0.043964,0.044
snn32_seed27_forest_anomaly,warmup,malformed_json_receiver,reject,malformed_message,verifier_audit_commit,19,0.0018,0.002149999999999999,0.00251,0.0026
snn32_seed27_forest_anomaly,warmup,malformed_json_receiver,reject,malformed_message,verifier_audit_prepare,19,0.0043,0.005559999999999983,0.011032000000000002,0.0124
snn32_seed27_forest_anomaly,warmup,malformed_json_receiver,reject,malformed_message,verifier_audit_record,19,0.0439,0.05845,0.05953,0.0598
snn32_seed27_forest_anomaly,warmup,malformed_json_receiver,reject,malformed_message,verifier_authentication_total,19,0.1321,0.16899999999999998,0.1834,0.187
snn32_seed27_forest_anomaly,warmup,post_window_after_refusals,accept,accepted,accepted_release_and_consumers,19,22.4928,24.40725,24.42129,24.4248
snn32_seed27_forest_anomaly,warmup,post_window_after_refusals,accept,accepted,anomaly_consumer_including_threshold,19,5.8972,6.612359999999999,6.886392,6.9549
snn32_seed27_forest_anomaly,warmup,post_window_after_refusals,accept,accepted,binary32_adapter,19,1.1316,1.25679,1.292718,1.3017
snn32_seed27_forest_anomaly,warmup,post_window_after_refusals,accept,accepted,envelope_and_binary_parser,19,1.4812,1.78265,1.81685,1.8254
snn32_seed27_forest_anomaly,warmup,post_window_after_refusals,accept,accepted,motion_consumer_including_normalization,19,12.4802,13.394109999999998,14.006182,14.1592
snn32_seed27_forest_anomaly,warmup,post_window_after_refusals,accept,accepted,prepare_both_model_inputs,19,3.5744,3.8977599999999994,4.063072,4.1044
snn32_seed27_forest_anomaly,warmup,post_window_after_refusals,accept,accepted,sender_audit_commit,19,0.0017,0.00211,0.002182,0.0022
snn32_seed27_forest_anomaly,warmup,post_window_after_refusals,accept,accepted,sender_audit_prepare,19,0.0039,0.007369999999999996,0.008594,0.0089
snn32_seed27_forest_anomaly,warmup,post_window_after_refusals,accept,accepted,sender_audit_record,19,0.0381,0.05653999999999998,0.064748,0.0668
snn32_seed27_forest_anomaly,warmup,post_window_after_refusals,accept,accepted,sender_seal_total,19,5.1157,5.80914,5.907348,5.9319
snn32_seed27_forest_anomaly,warmup,post_window_after_refusals,accept,accepted,serialization_including_quality,19,4.9423,5.55923,5.642246,5.663
snn32_seed27_forest_anomaly,warmup,post_window_after_refusals,accept,accepted,verifier_audit_commit,19,0.0018,0.0024299999999999994,0.002646,0.0027
snn32_seed27_forest_anomaly,warmup,post_window_after_refusals,accept,accepted,verifier_audit_prepare,19,0.0043,0.006649999999999999,0.00701,0.0071
snn32_seed27_forest_anomaly,warmup,post_window_after_refusals,accept,accepted,verifier_audit_record,19,0.0244,0.03334,0.033628,0.0337
snn32_seed27_forest_anomaly,warmup,post_window_after_refusals,accept,accepted,verifier_authentication_total,19,5.5549,6.712759999999999,7.001192,7.0733
snn32_seed27_forest_anomaly,warmup,post_window_after_refusals,accept,accepted,verifier_quality_check,19,3.9609,4.840189999999999,5.019398,5.0642
snn32_seed27_forest_anomaly,warmup,post_window_after_refusals,accept,accepted,window_hmac_generation,19,0.0198,0.033699999999999994,0.0373,0.0382
snn32_seed27_forest_anomaly,warmup,post_window_after_refusals,accept,accepted,window_hmac_verification_calculation,19,0.0148,0.023899999999999998,0.02462,0.0248
snn32_seed27_forest_anomaly,warmup,post_window_recurring,accept,accepted,accepted_release_and_consumers,19,31.4867,32.91578,34.016516,34.2917
snn32_seed27_forest_anomaly,warmup,post_window_recurring,accept,accepted,anomaly_consumer_including_threshold,19,8.3103,8.80927,9.061774,9.1249
snn32_seed27_forest_anomaly,warmup,post_window_recurring,accept,accepted,binary32_adapter,19,1.3614,1.46903,1.492286,1.4981
snn32_seed27_forest_anomaly,warmup,post_window_recurring,accept,accepted,envelope_and_binary_parser,19,2.0921,7.196529999999999,7.620826,7.7269
snn32_seed27_forest_anomaly,warmup,post_window_recurring,accept,accepted,motion_consumer_including_normalization,19,17.7894,18.548649999999995,19.33885,19.5364
snn32_seed27_forest_anomaly,warmup,post_window_recurring,accept,accepted,prepare_both_model_inputs,19,4.7942,4.99596,5.103672,5.1306
snn32_seed27_forest_anomaly,warmup,post_window_recurring,accept,accepted,sender_audit_commit,19,0.0023,0.0026199999999999995,0.002764,0.0028
snn32_seed27_forest_anomaly,warmup,post_window_recurring,accept,accepted,sender_audit_prepare,19,0.006,0.008119999999999987,0.012584000000000001,0.0137
snn32_seed27_forest_anomaly,warmup,post_window_recurring,accept,accepted,sender_audit_record,19,0.064,0.08813999999999995,0.104988,0.1092
snn32_seed27_forest_anomaly,warmup,post_window_recurring,accept,accepted,sender_seal_total,19,6.3211,6.57717,6.588474,6.5913
snn32_seed27_forest_anomaly,warmup,post_window_recurring,accept,accepted,serialization_including_quality,19,6.0357,6.27016,6.274912,6.2761
snn32_seed27_forest_anomaly,warmup,post_window_recurring,accept,accepted,verifier_audit_commit,19,0.0025,0.00281,0.002882,0.0029
snn32_seed27_forest_anomaly,warmup,post_window_recurring,accept,accepted,verifier_audit_prepare,19,0.0061,0.00862,0.008764,0.0088
snn32_seed27_forest_anomaly,warmup,post_window_recurring,accept,accepted,verifier_audit_record,19,0.0343,0.03834999999999996,0.05095000000000001,0.0541
snn32_seed27_forest_anomaly,warmup,post_window_recurring,accept,accepted,verifier_authentication_total,19,7.7491,12.93462,13.249404,13.3281
snn32_seed27_forest_anomaly,warmup,post_window_recurring,accept,accepted,verifier_quality_check,19,5.4497,5.60737,5.674114,5.6908
snn32_seed27_forest_anomaly,warmup,post_window_recurring,accept,accepted,window_hmac_generation,19,0.0302,0.05652999999999999,0.058906,0.0595
snn32_seed27_forest_anomaly,warmup,post_window_recurring,accept,accepted,window_hmac_verification_calculation,19,0.0253,0.0643,0.06574,0.0661
snn32_seed27_forest_anomaly,warmup,pre_tag_quality_refusal,reject,data_quality_failure,binary32_adapter,19,1.1785,1.32668,1.351016,1.3571
snn32_seed27_forest_anomaly,warmup,pre_tag_quality_refusal,reject,data_quality_failure,sender_audit_commit,19,0.0021,0.0037099999999999802,0.010262000000000004,0.0119
snn32_seed27_forest_anomaly,warmup,pre_tag_quality_refusal,reject,data_quality_failure,sender_audit_prepare,19,0.0046,0.0052499999999999995,0.00561,0.0057
snn32_seed27_forest_anomaly,warmup,pre_tag_quality_refusal,reject,data_quality_failure,sender_audit_record,19,0.0463,0.054159999999999986,0.059632,0.061
snn32_seed27_forest_anomaly,warmup,pre_tag_quality_refusal,reject,data_quality_failure,sender_seal_total,19,0.6393,0.7193699999999998,0.770274,0.783
snn32_seed27_forest_anomaly,warmup,pre_tag_quality_refusal,reject,data_quality_failure,serialization_including_quality,19,0.5164,0.5736299999999999,0.607686,0.6162
snn32_seed27_forest_anomaly,warmup,valid_receiver_after_bad_tag,accept,accepted,accepted_release_and_consumers,19,29.2096,31.18549,31.233658,31.2457
snn32_seed27_forest_anomaly,warmup,valid_receiver_after_bad_tag,accept,accepted,anomaly_consumer_including_threshold,19,7.4942,8.00958,8.038956,8.0463
snn32_seed27_forest_anomaly,warmup,valid_receiver_after_bad_tag,accept,accepted,envelope_and_binary_parser,19,1.6186,1.69819,1.701718,1.7026
snn32_seed27_forest_anomaly,warmup,valid_receiver_after_bad_tag,accept,accepted,motion_consumer_including_normalization,19,16.4692,17.46745,17.52973,17.5453
snn32_seed27_forest_anomaly,warmup,valid_receiver_after_bad_tag,accept,accepted,prepare_both_model_inputs,19,4.5146,4.8722,4.92836,4.9424
snn32_seed27_forest_anomaly,warmup,valid_receiver_after_bad_tag,accept,accepted,verifier_audit_commit,19,0.0023,0.0025199999999999997,0.002664,0.0027
snn32_seed27_forest_anomaly,warmup,valid_receiver_after_bad_tag,accept,accepted,verifier_audit_prepare,19,0.0054,0.0066499999999999945,0.00845,0.0089
snn32_seed27_forest_anomaly,warmup,valid_receiver_after_bad_tag,accept,accepted,verifier_audit_record,19,0.0408,0.06165999999999999,0.063532,0.064
snn32_seed27_forest_anomaly,warmup,valid_receiver_after_bad_tag,accept,accepted,verifier_authentication_total,19,6.9802,7.2386,7.30484,7.3214
snn32_seed27_forest_anomaly,warmup,valid_receiver_after_bad_tag,accept,accepted,verifier_quality_check,19,5.2072,5.37961,5.381122,5.3815
snn32_seed27_forest_anomaly,warmup,valid_receiver_after_bad_tag,accept,accepted,window_hmac_verification_calculation,19,0.0181,0.025159999999999995,0.026312,0.0266
snn32_seed7_forest_anomaly,condition_first_use,bad_tag_receiver,reject,invalid_tag,envelope_and_binary_parser,1,2.0328,2.0328,2.0328,2.0328
snn32_seed7_forest_anomaly,condition_first_use,bad_tag_receiver,reject,invalid_tag,verifier_audit_commit,1,0.002,0.002,0.002,0.002
snn32_seed7_forest_anomaly,condition_first_use,bad_tag_receiver,reject,invalid_tag,verifier_audit_prepare,1,0.0057,0.0057,0.0057,0.0057
snn32_seed7_forest_anomaly,condition_first_use,bad_tag_receiver,reject,invalid_tag,verifier_audit_record,1,0.0562,0.0562,0.0562,0.0562
snn32_seed7_forest_anomaly,condition_first_use,bad_tag_receiver,reject,invalid_tag,verifier_authentication_total,1,2.2538,2.2538,2.2538,2.2538
snn32_seed7_forest_anomaly,condition_first_use,bad_tag_receiver,reject,invalid_tag,window_hmac_verification_calculation,1,0.0266,0.0266,0.0266,0.0266
snn32_seed7_forest_anomaly,condition_first_use,exact_replay_receiver,reject,duplicate_sequence,envelope_and_binary_parser,1,1.5463,1.5463,1.5463,1.5463
snn32_seed7_forest_anomaly,condition_first_use,exact_replay_receiver,reject,duplicate_sequence,verifier_audit_commit,1,0.0011,0.0011,0.0011,0.0011
snn32_seed7_forest_anomaly,condition_first_use,exact_replay_receiver,reject,duplicate_sequence,verifier_audit_prepare,1,0.0032,0.0032,0.0032,0.0032
snn32_seed7_forest_anomaly,condition_first_use,exact_replay_receiver,reject,duplicate_sequence,verifier_audit_record,1,0.0417,0.0417,0.0417,0.0417
snn32_seed7_forest_anomaly,condition_first_use,exact_replay_receiver,reject,duplicate_sequence,verifier_authentication_total,1,5.6015,5.6015,5.6015,5.6015
snn32_seed7_forest_anomaly,condition_first_use,exact_replay_receiver,reject,duplicate_sequence,verifier_quality_check,1,3.8962,3.8962,3.8962,3.8962
snn32_seed7_forest_anomaly,condition_first_use,exact_replay_receiver,reject,duplicate_sequence,window_hmac_verification_calculation,1,0.0233,0.0233,0.0233,0.0233
snn32_seed7_forest_anomaly,condition_first_use,fresh_to_first_window,accept,accepted,accepted_release_and_consumers,1,24.4642,24.4642,24.4642,24.4642
snn32_seed7_forest_anomaly,condition_first_use,fresh_to_first_window,accept,accepted,admission_total,1,5.381,5.381,5.381,5.381
snn32_seed7_forest_anomaly,condition_first_use,fresh_to_first_window,accept,accepted,anomaly_consumer_including_threshold,1,6.3452,6.3452,6.3452,6.3452
snn32_seed7_forest_anomaly,condition_first_use,fresh_to_first_window,accept,accepted,binary32_adapter,1,0.8974,0.8974,0.8974,0.8974
snn32_seed7_forest_anomaly,condition_first_use,fresh_to_first_window,accept,accepted,envelope_and_binary_parser,1,1.6315,1.6315,1.6315,1.6315
snn32_seed7_forest_anomaly,condition_first_use,fresh_to_first_window,accept,accepted,first_post_window_total,1,36.6967,36.6967,36.6967,36.6967
snn32_seed7_forest_anomaly,condition_first_use,fresh_to_first_window,accept,accepted,independent_credential_verification,1,0.0468,0.0468,0.0468,0.0468
snn32_seed7_forest_anomaly,condition_first_use,fresh_to_first_window,accept,accepted,local_authorization_including_verification,1,0.0619,0.0619,0.0619,0.0619
snn32_seed7_forest_anomaly,condition_first_use,fresh_to_first_window,accept,accepted,local_challenge_binding,1,0.0061,0.0061,0.0061,0.0061
snn32_seed7_forest_anomaly,condition_first_use,fresh_to_first_window,accept,accepted,local_request_binding,1,0.0084,0.0084,0.0084,0.0084
snn32_seed7_forest_anomaly,condition_first_use,fresh_to_first_window,accept,accepted,motion_consumer_including_normalization,1,14.0025,14.0025,14.0025,14.0025
snn32_seed7_forest_anomaly,condition_first_use,fresh_to_first_window,accept,accepted,prepare_both_model_inputs,1,3.5335,3.5335,3.5335,3.5335
snn32_seed7_forest_anomaly,condition_first_use,fresh_to_first_window,accept,accepted,receiver_challenge,1,0.1044,0.1044,0.1044,0.1044
snn32_seed7_forest_anomaly,condition_first_use,fresh_to_first_window,accept,accepted,receiver_confirmation,1,0.0875,0.0875,0.0875,0.0875
snn32_seed7_forest_anomaly,condition_first_use,fresh_to_first_window,accept,accepted,receiver_local_admission,1,0.0084,0.0084,0.0084,0.0084
snn32_seed7_forest_anomaly,condition_first_use,fresh_to_first_window,accept,accepted,reconstruction,1,4.7174,4.7174,4.7174,4.7174
snn32_seed7_forest_anomaly,condition_first_use,fresh_to_first_window,accept,accepted,response_generation_simulator,1,0.1279,0.1279,0.1279,0.1279
snn32_seed7_forest_anomaly,condition_first_use,fresh_to_first_window,accept,accepted,sender_activation,1,0.0649,0.0649,0.0649,0.0649
snn32_seed7_forest_anomaly,condition_first_use,fresh_to_first_window,accept,accepted,sender_admission_and_request,1,0.1821,0.1821,0.1821,0.1821
snn32_seed7_forest_anomaly,condition_first_use,fresh_to_first_window,accept,accepted,sender_audit_commit,1,0.0034,0.0034,0.0034,0.0034
snn32_seed7_forest_anomaly,condition_first_use,fresh_to_first_window,accept,accepted,sender_audit_prepare,1,0.009,0.009,0.009,0.009
snn32_seed7_forest_anomaly,condition_first_use,fresh_to_first_window,accept,accepted,sender_audit_record,1,0.092,0.092,0.092,0.092
snn32_seed7_forest_anomaly,condition_first_use,fresh_to_first_window,accept,accepted,sender_confirmation,1,0.0618,0.0618,0.0618,0.0618
snn32_seed7_forest_anomaly,condition_first_use,fresh_to_first_window,accept,accepted,sender_local_admission_claim,1,0.0093,0.0093,0.0093,0.0093
snn32_seed7_forest_anomaly,condition_first_use,fresh_to_first_window,accept,accepted,sender_seal_total,1,4.7096,4.7096,4.7096,4.7096
snn32_seed7_forest_anomaly,condition_first_use,fresh_to_first_window,accept,accepted,serialization_including_quality,1,4.5422,4.5422,4.5422,4.5422
snn32_seed7_forest_anomaly,condition_first_use,fresh_to_first_window,accept,accepted,verifier_audit_commit,1,0.0027,0.0027,0.0027,0.0027
snn32_seed7_forest_anomaly,condition_first_use,fresh_to_first_window,accept,accepted,verifier_audit_prepare,1,0.0072,0.0072,0.0072,0.0072
snn32_seed7_forest_anomaly,condition_first_use,fresh_to_first_window,accept,accepted,verifier_audit_record,1,0.048,0.048,0.048,0.048
snn32_seed7_forest_anomaly,condition_first_use,fresh_to_first_window,accept,accepted,verifier_authentication_total,1,6.4885,6.4885,6.4885,6.4885
snn32_seed7_forest_anomaly,condition_first_use,fresh_to_first_window,accept,accepted,verifier_quality_check,1,4.7266,4.7266,4.7266,4.7266
snn32_seed7_forest_anomaly,condition_first_use,fresh_to_first_window,accept,accepted,window_hmac_generation,1,0.0164,0.0164,0.0164,0.0164
snn32_seed7_forest_anomaly,condition_first_use,fresh_to_first_window,accept,accepted,window_hmac_verification_calculation,1,0.0168,0.0168,0.0168,0.0168
snn32_seed7_forest_anomaly,condition_first_use,malformed_json_receiver,reject,malformed_message,envelope_and_binary_parser,1,0.0203,0.0203,0.0203,0.0203
snn32_seed7_forest_anomaly,condition_first_use,malformed_json_receiver,reject,malformed_message,verifier_audit_commit,1,0.001,0.001,0.001,0.001
snn32_seed7_forest_anomaly,condition_first_use,malformed_json_receiver,reject,malformed_message,verifier_audit_prepare,1,0.0024,0.0024,0.0024,0.0024
snn32_seed7_forest_anomaly,condition_first_use,malformed_json_receiver,reject,malformed_message,verifier_audit_record,1,0.0274,0.0274,0.0274,0.0274
snn32_seed7_forest_anomaly,condition_first_use,malformed_json_receiver,reject,malformed_message,verifier_authentication_total,1,0.0761,0.0761,0.0761,0.0761
snn32_seed7_forest_anomaly,condition_first_use,post_window_after_refusals,accept,accepted,accepted_release_and_consumers,1,14.8701,14.8701,14.8701,14.8701
snn32_seed7_forest_anomaly,condition_first_use,post_window_after_refusals,accept,accepted,anomaly_consumer_including_threshold,1,4.2098,4.2098,4.2098,4.2098
snn32_seed7_forest_anomaly,condition_first_use,post_window_after_refusals,accept,accepted,binary32_adapter,1,0.6227,0.6227,0.6227,0.6227
snn32_seed7_forest_anomaly,condition_first_use,post_window_after_refusals,accept,accepted,envelope_and_binary_parser,1,1.0824,1.0824,1.0824,1.0824
snn32_seed7_forest_anomaly,condition_first_use,post_window_after_refusals,accept,accepted,motion_consumer_including_normalization,1,7.362,7.362,7.362,7.362
snn32_seed7_forest_anomaly,condition_first_use,post_window_after_refusals,accept,accepted,prepare_both_model_inputs,1,2.8826,2.8826,2.8826,2.8826
snn32_seed7_forest_anomaly,condition_first_use,post_window_after_refusals,accept,accepted,sender_audit_commit,1,0.0009,0.0009,0.0009,0.0009
snn32_seed7_forest_anomaly,condition_first_use,post_window_after_refusals,accept,accepted,sender_audit_prepare,1,0.0028,0.0028,0.0028,0.0028
snn32_seed7_forest_anomaly,condition_first_use,post_window_after_refusals,accept,accepted,sender_audit_record,1,0.0284,0.0284,0.0284,0.0284
snn32_seed7_forest_anomaly,condition_first_use,post_window_after_refusals,accept,accepted,sender_seal_total,1,3.4716,3.4716,3.4716,3.4716
snn32_seed7_forest_anomaly,condition_first_use,post_window_after_refusals,accept,accepted,serialization_including_quality,1,3.3468,3.3468,3.3468,3.3468
snn32_seed7_forest_anomaly,condition_first_use,post_window_after_refusals,accept,accepted,verifier_audit_commit,1,0.0012,0.0012,0.0012,0.0012
snn32_seed7_forest_anomaly,condition_first_use,post_window_after_refusals,accept,accepted,verifier_audit_prepare,1,0.0031,0.0031,0.0031,0.0031
snn32_seed7_forest_anomaly,condition_first_use,post_window_after_refusals,accept,accepted,verifier_audit_record,1,0.0175,0.0175,0.0175,0.0175
snn32_seed7_forest_anomaly,condition_first_use,post_window_after_refusals,accept,accepted,verifier_authentication_total,1,4.2078,4.2078,4.2078,4.2078
snn32_seed7_forest_anomaly,condition_first_use,post_window_after_refusals,accept,accepted,verifier_quality_check,1,3.0397,3.0397,3.0397,3.0397
snn32_seed7_forest_anomaly,condition_first_use,post_window_after_refusals,accept,accepted,window_hmac_generation,1,0.0151,0.0151,0.0151,0.0151
snn32_seed7_forest_anomaly,condition_first_use,post_window_after_refusals,accept,accepted,window_hmac_verification_calculation,1,0.0105,0.0105,0.0105,0.0105
snn32_seed7_forest_anomaly,condition_first_use,post_window_recurring,accept,accepted,accepted_release_and_consumers,1,23.4671,23.4671,23.4671,23.4671
snn32_seed7_forest_anomaly,condition_first_use,post_window_recurring,accept,accepted,anomaly_consumer_including_threshold,1,6.0784,6.0784,6.0784,6.0784
snn32_seed7_forest_anomaly,condition_first_use,post_window_recurring,accept,accepted,binary32_adapter,1,1.507,1.507,1.507,1.507
snn32_seed7_forest_anomaly,condition_first_use,post_window_recurring,accept,accepted,envelope_and_binary_parser,1,1.7187,1.7187,1.7187,1.7187
snn32_seed7_forest_anomaly,condition_first_use,post_window_recurring,accept,accepted,motion_consumer_including_normalization,1,13.4767,13.4767,13.4767,13.4767
snn32_seed7_forest_anomaly,condition_first_use,post_window_recurring,accept,accepted,prepare_both_model_inputs,1,3.2265,3.2265,3.2265,3.2265
snn32_seed7_forest_anomaly,condition_first_use,post_window_recurring,accept,accepted,sender_audit_commit,1,0.0015,0.0015,0.0015,0.0015
snn32_seed7_forest_anomaly,condition_first_use,post_window_recurring,accept,accepted,sender_audit_prepare,1,0.0046,0.0046,0.0046,0.0046
snn32_seed7_forest_anomaly,condition_first_use,post_window_recurring,accept,accepted,sender_audit_record,1,0.0661,0.0661,0.0661,0.0661
snn32_seed7_forest_anomaly,condition_first_use,post_window_recurring,accept,accepted,sender_seal_total,1,5.5729,5.5729,5.5729,5.5729
snn32_seed7_forest_anomaly,condition_first_use,post_window_recurring,accept,accepted,serialization_including_quality,1,5.3079,5.3079,5.3079,5.3079
snn32_seed7_forest_anomaly,condition_first_use,post_window_recurring,accept,accepted,verifier_audit_commit,1,0.0013,0.0013,0.0013,0.0013
snn32_seed7_forest_anomaly,condition_first_use,post_window_recurring,accept,accepted,verifier_audit_prepare,1,0.0057,0.0057,0.0057,0.0057
snn32_seed7_forest_anomaly,condition_first_use,post_window_recurring,accept,accepted,verifier_audit_record,1,0.0246,0.0246,0.0246,0.0246
snn32_seed7_forest_anomaly,condition_first_use,post_window_recurring,accept,accepted,verifier_authentication_total,1,7.5779,7.5779,7.5779,7.5779
snn32_seed7_forest_anomaly,condition_first_use,post_window_recurring,accept,accepted,verifier_quality_check,1,5.7178,5.7178,5.7178,5.7178
snn32_seed7_forest_anomaly,condition_first_use,post_window_recurring,accept,accepted,window_hmac_generation,1,0.0418,0.0418,0.0418,0.0418
snn32_seed7_forest_anomaly,condition_first_use,post_window_recurring,accept,accepted,window_hmac_verification_calculation,1,0.0206,0.0206,0.0206,0.0206
snn32_seed7_forest_anomaly,condition_first_use,pre_tag_quality_refusal,reject,data_quality_failure,binary32_adapter,1,0.6267,0.6267,0.6267,0.6267
snn32_seed7_forest_anomaly,condition_first_use,pre_tag_quality_refusal,reject,data_quality_failure,sender_audit_commit,1,0.0009,0.0009,0.0009,0.0009
snn32_seed7_forest_anomaly,condition_first_use,pre_tag_quality_refusal,reject,data_quality_failure,sender_audit_prepare,1,0.0023,0.0023,0.0023,0.0023
snn32_seed7_forest_anomaly,condition_first_use,pre_tag_quality_refusal,reject,data_quality_failure,sender_audit_record,1,0.0264,0.0264,0.0264,0.0264
snn32_seed7_forest_anomaly,condition_first_use,pre_tag_quality_refusal,reject,data_quality_failure,sender_seal_total,1,0.3727,0.3727,0.3727,0.3727
snn32_seed7_forest_anomaly,condition_first_use,pre_tag_quality_refusal,reject,data_quality_failure,serialization_including_quality,1,0.3003,0.3003,0.3003,0.3003
snn32_seed7_forest_anomaly,condition_first_use,valid_receiver_after_bad_tag,accept,accepted,accepted_release_and_consumers,1,24.5046,24.5046,24.5046,24.5046
snn32_seed7_forest_anomaly,condition_first_use,valid_receiver_after_bad_tag,accept,accepted,anomaly_consumer_including_threshold,1,5.6578,5.6578,5.6578,5.6578
snn32_seed7_forest_anomaly,condition_first_use,valid_receiver_after_bad_tag,accept,accepted,envelope_and_binary_parser,1,1.6002,1.6002,1.6002,1.6002
snn32_seed7_forest_anomaly,condition_first_use,valid_receiver_after_bad_tag,accept,accepted,motion_consumer_including_normalization,1,13.487,13.487,13.487,13.487
snn32_seed7_forest_anomaly,condition_first_use,valid_receiver_after_bad_tag,accept,accepted,prepare_both_model_inputs,1,4.7687,4.7687,4.7687,4.7687
snn32_seed7_forest_anomaly,condition_first_use,valid_receiver_after_bad_tag,accept,accepted,verifier_audit_commit,1,0.0026,0.0026,0.0026,0.0026
snn32_seed7_forest_anomaly,condition_first_use,valid_receiver_after_bad_tag,accept,accepted,verifier_audit_prepare,1,0.0063,0.0063,0.0063,0.0063
snn32_seed7_forest_anomaly,condition_first_use,valid_receiver_after_bad_tag,accept,accepted,verifier_audit_record,1,0.0502,0.0502,0.0502,0.0502
snn32_seed7_forest_anomaly,condition_first_use,valid_receiver_after_bad_tag,accept,accepted,verifier_authentication_total,1,7.4543,7.4543,7.4543,7.4543
snn32_seed7_forest_anomaly,condition_first_use,valid_receiver_after_bad_tag,accept,accepted,verifier_quality_check,1,5.6713,5.6713,5.6713,5.6713
snn32_seed7_forest_anomaly,condition_first_use,valid_receiver_after_bad_tag,accept,accepted,window_hmac_verification_calculation,1,0.0178,0.0178,0.0178,0.0178
snn32_seed7_forest_anomaly,measured,bad_tag_receiver,reject,invalid_tag,envelope_and_binary_parser,599,1.6668,1.77098,1.796062,2.198
snn32_seed7_forest_anomaly,measured,bad_tag_receiver,reject,invalid_tag,verifier_audit_commit,599,0.0023,0.0028,0.003301999999999998,0.0368
snn32_seed7_forest_anomaly,measured,bad_tag_receiver,reject,invalid_tag,verifier_audit_prepare,599,0.0055,0.0069,0.007503999999999997,0.0168
snn32_seed7_forest_anomaly,measured,bad_tag_receiver,reject,invalid_tag,verifier_audit_record,599,0.0381,0.04922000000000001,0.05622799999999997,0.1343
snn32_seed7_forest_anomaly,measured,bad_tag_receiver,reject,invalid_tag,verifier_authentication_total,599,1.8439,1.9855,2.038402,2.4753
snn32_seed7_forest_anomaly,measured,bad_tag_receiver,reject,invalid_tag,window_hmac_verification_calculation,599,0.0209,0.0299,0.036611999999999985,0.0668
snn32_seed7_forest_anomaly,measured,exact_replay_receiver,reject,duplicate_sequence,envelope_and_binary_parser,599,1.9634,5.012090000000005,6.748891999999997,274.8629
snn32_seed7_forest_anomaly,measured,exact_replay_receiver,reject,duplicate_sequence,verifier_audit_commit,599,0.0024,0.002810000000000002,0.0031,0.0094
snn32_seed7_forest_anomaly,measured,exact_replay_receiver,reject,duplicate_sequence,verifier_audit_prepare,599,0.006,0.008410000000000003,0.009903999999999996,0.0124
snn32_seed7_forest_anomaly,measured,exact_replay_receiver,reject,duplicate_sequence,verifier_audit_record,599,0.0565,0.07344000000000002,0.08452399999999997,0.0945
snn32_seed7_forest_anomaly,measured,exact_replay_receiver,reject,duplicate_sequence,verifier_authentication_total,599,7.3895,10.211820000000003,12.232783999999999,277.8097
snn32_seed7_forest_anomaly,measured,exact_replay_receiver,reject,duplicate_sequence,verifier_quality_check,599,5.0907,5.44852,5.574251999999998,7.4224
snn32_seed7_forest_anomaly,measured,exact_replay_receiver,reject,duplicate_sequence,window_hmac_verification_calculation,599,0.0282,0.04181,0.05266999999999993,0.1282
snn32_seed7_forest_anomaly,measured,fresh_to_first_window,accept,accepted,accepted_release_and_consumers,599,31.9366,33.99166,34.965266,38.3933
snn32_seed7_forest_anomaly,measured,fresh_to_first_window,accept,accepted,admission_total,599,8.3122,9.06331,9.702548,59.8636
snn32_seed7_forest_anomaly,measured,fresh_to_first_window,accept,accepted,anomaly_consumer_including_threshold,599,8.4667,8.97452,9.260488,9.6357
snn32_seed7_forest_anomaly,measured,fresh_to_first_window,accept,accepted,binary32_adapter,599,1.3568,1.47571,1.527808,1.6262
snn32_seed7_forest_anomaly,measured,fresh_to_first_window,accept,accepted,envelope_and_binary_parser,599,2.1279,5.79994,7.321485999999998,321.6861
snn32_seed7_forest_anomaly,measured,fresh_to_first_window,accept,accepted,first_post_window_total,599,47.5227,51.67099,53.604768,346.0437
snn32_seed7_forest_anomaly,measured,fresh_to_first_window,accept,accepted,independent_credential_verification,599,0.0633,0.07944000000000001,0.09334599999999996,0.1039
snn32_seed7_forest_anomaly,measured,fresh_to_first_window,accept,accepted,local_authorization_including_verification,599,0.0891,0.10822000000000002,0.12684199999999995,0.1402
snn32_seed7_forest_anomaly,measured,fresh_to_first_window,accept,accepted,local_challenge_binding,599,0.0115,0.0124,0.014601999999999999,0.0228
snn32_seed7_forest_anomaly,measured,fresh_to_first_window,accept,accepted,local_request_binding,599,0.0143,0.015710000000000002,0.01670599999999999,0.0244
snn32_seed7_forest_anomaly,measured,fresh_to_first_window,accept,accepted,motion_consumer_including_normalization,599,17.8225,19.25909,19.911011999999996,23.1422
snn32_seed7_forest_anomaly,measured,fresh_to_first_window,accept,accepted,prepare_both_model_inputs,599,4.8734,5.25995,5.379595999999999,6.2314
snn32_seed7_forest_anomaly,measured,fresh_to_first_window,accept,accepted,receiver_challenge,599,0.1726,0.19661,0.21054399999999998,0.2221
snn32_seed7_forest_anomaly,measured,fresh_to_first_window,accept,accepted,receiver_confirmation,599,0.1446,0.16426,0.199012,0.2582
snn32_seed7_forest_anomaly,measured,fresh_to_first_window,accept,accepted,receiver_local_admission,599,0.0145,0.0158,0.016902,0.0262
snn32_seed7_forest_anomaly,measured,fresh_to_first_window,accept,accepted,reconstruction,599,7.2211,7.90453,8.512992,58.6048
snn32_seed7_forest_anomaly,measured,fresh_to_first_window,accept,accepted,response_generation_simulator,599,0.194,0.24517000000000003,0.262716,0.5105
snn32_seed7_forest_anomaly,measured,fresh_to_first_window,accept,accepted,sender_activation,599,0.1067,0.12112,0.130508,0.1567
snn32_seed7_forest_anomaly,measured,fresh_to_first_window,accept,accepted,sender_admission_and_request,599,0.2944,0.36545000000000005,0.3969019999999998,0.4427
snn32_seed7_forest_anomaly,measured,fresh_to_first_window,accept,accepted,sender_audit_commit,599,0.0063,0.007,0.0074,0.0236
snn32_seed7_forest_anomaly,measured,fresh_to_first_window,accept,accepted,sender_audit_prepare,599,0.0153,0.0184,0.02591999999999998,0.0517
snn32_seed7_forest_anomaly,measured,fresh_to_first_window,accept,accepted,sender_audit_record,599,0.1457,0.18441,0.199508,0.2539
snn32_seed7_forest_anomaly,measured,fresh_to_first_window,accept,accepted,sender_confirmation,599,0.1066,0.12017000000000001,0.13232799999999997,0.1966
snn32_seed7_forest_anomaly,measured,fresh_to_first_window,accept,accepted,sender_local_admission_claim,599,0.0165,0.018610000000000005,0.02850799999999999,0.0322
snn32_seed7_forest_anomaly,measured,fresh_to_first_window,accept,accepted,sender_seal_total,599,6.2433,6.58625,6.739646,10.3785
snn32_seed7_forest_anomaly,measured,fresh_to_first_window,accept,accepted,serialization_including_quality,599,5.985,6.25739,6.450468,10.0112
snn32_seed7_forest_anomaly,measured,fresh_to_first_window,accept,accepted,verifier_audit_commit,599,0.0045,0.005,0.006001999999999998,0.0318
snn32_seed7_forest_anomaly,measured,fresh_to_first_window,accept,accepted,verifier_audit_prepare,599,0.011,0.014,0.015113999999999987,0.0453
snn32_seed7_forest_anomaly,measured,fresh_to_first_window,accept,accepted,verifier_audit_record,599,0.0748,0.09413,0.12517799999999993,0.2083
snn32_seed7_forest_anomaly,measured,fresh_to_first_window,accept,accepted,verifier_authentication_total,599,7.7316,11.450560000000001,12.916859999999994,324.5869
snn32_seed7_forest_anomaly,measured,fresh_to_first_window,accept,accepted,verifier_quality_check,599,5.4274,5.7324,5.873566,6.2663
snn32_seed7_forest_anomaly,measured,fresh_to_first_window,accept,accepted,window_hmac_generation,599,0.0243,0.03961,0.04840799999999999,0.0703
snn32_seed7_forest_anomaly,measured,fresh_to_first_window,accept,accepted,window_hmac_verification_calculation,599,0.0233,0.03302000000000001,0.044417999999999985,0.0775
snn32_seed7_forest_anomaly,measured,fresh_to_first_window,reject,failed_reconstruction,admission_total,1,7.2888,7.2888,7.2888,7.2888
snn32_seed7_forest_anomaly,measured,fresh_to_first_window,reject,failed_reconstruction,reconstruction,1,6.9213,6.9213,6.9213,6.9213
snn32_seed7_forest_anomaly,measured,fresh_to_first_window,reject,failed_reconstruction,response_generation_simulator,1,0.1872,0.1872,0.1872,0.1872
snn32_seed7_forest_anomaly,measured,fresh_to_first_window,reject,failed_reconstruction,sender_admission_and_request,1,0.1454,0.1454,0.1454,0.1454
snn32_seed7_forest_anomaly,measured,fresh_to_first_window,reject,failed_reconstruction,sender_audit_commit,1,0.0022,0.0022,0.0022,0.0022
snn32_seed7_forest_anomaly,measured,fresh_to_first_window,reject,failed_reconstruction,sender_audit_prepare,1,0.0058,0.0058,0.0058,0.0058
snn32_seed7_forest_anomaly,measured,fresh_to_first_window,reject,failed_reconstruction,sender_audit_record,1,0.0529,0.0529,0.0529,0.0529
snn32_seed7_forest_anomaly,measured,malformed_json_receiver,reject,malformed_message,envelope_and_binary_parser,599,0.0365,0.04741,0.05411399999999999,0.0615
snn32_seed7_forest_anomaly,measured,malformed_json_receiver,reject,malformed_message,verifier_audit_commit,599,0.0019,0.0023,0.0024019999999999983,0.0043
snn32_seed7_forest_anomaly,measured,malformed_json_receiver,reject,malformed_message,verifier_audit_prepare,599,0.0046,0.0054,0.0061,0.0148
snn32_seed7_forest_anomaly,measured,malformed_json_receiver,reject,malformed_message,verifier_audit_record,599,0.0481,0.0646,0.07722199999999999,0.0976
snn32_seed7_forest_anomaly,measured,malformed_json_receiver,reject,malformed_message,verifier_authentication_total,599,0.1406,0.17721000000000003,0.19724199999999997,0.2208
snn32_seed7_forest_anomaly,measured,post_window_after_refusals,accept,accepted,accepted_release_and_consumers,599,22.6971,26.13353,31.461571999999993,37.8351
snn32_seed7_forest_anomaly,measured,post_window_after_refusals,accept,accepted,anomaly_consumer_including_threshold,599,5.9654,6.83509,8.095526,8.5423
snn32_seed7_forest_anomaly,measured,post_window_after_refusals,accept,accepted,binary32_adapter,599,1.1464,1.29663,1.334496,1.4572
snn32_seed7_forest_anomaly,measured,post_window_after_refusals,accept,accepted,envelope_and_binary_parser,599,1.5342,4.406790000000001,6.069219999999998,270.1943
snn32_seed7_forest_anomaly,measured,post_window_after_refusals,accept,accepted,motion_consumer_including_normalization,599,12.5615,14.576940000000002,17.773516,25.2468
snn32_seed7_forest_anomaly,measured,post_window_after_refusals,accept,accepted,prepare_both_model_inputs,599,3.5186,4.44689,5.1612979999999995,5.7257
snn32_seed7_forest_anomaly,measured,post_window_after_refusals,accept,accepted,sender_audit_commit,599,0.0017,0.0022,0.0024,0.0027
snn32_seed7_forest_anomaly,measured,post_window_after_refusals,accept,accepted,sender_audit_prepare,599,0.0044,0.0059,0.0077039999999999964,0.0135
snn32_seed7_forest_anomaly,measured,post_window_after_refusals,accept,accepted,sender_audit_record,599,0.0423,0.05952000000000001,0.07468199999999993,0.0903
snn32_seed7_forest_anomaly,measured,post_window_after_refusals,accept,accepted,sender_seal_total,599,5.024,6.09832,6.321442,6.9009
snn32_seed7_forest_anomaly,measured,post_window_after_refusals,accept,accepted,serialization_including_quality,599,4.8246,5.86469,6.029168,6.5344
snn32_seed7_forest_anomaly,measured,post_window_after_refusals,accept,accepted,verifier_audit_commit,599,0.0018,0.0024,0.0029,0.0099
snn32_seed7_forest_anomaly,measured,post_window_after_refusals,accept,accepted,verifier_audit_prepare,599,0.0042,0.006610000000000002,0.009803999999999997,0.0142
snn32_seed7_forest_anomaly,measured,post_window_after_refusals,accept,accepted,verifier_audit_record,599,0.0257,0.03571,0.04061399999999998,0.0455
snn32_seed7_forest_anomaly,measured,post_window_after_refusals,accept,accepted,verifier_authentication_total,599,5.6966,8.32378,10.247819999999995,273.0666
snn32_seed7_forest_anomaly,measured,post_window_after_refusals,accept,accepted,verifier_quality_check,599,3.9643,5.126520000000001,5.519537999999999,7.2291
snn32_seed7_forest_anomaly,measured,post_window_after_refusals,accept,accepted,window_hmac_generation,599,0.0218,0.0394,0.04690999999999999,0.0522
snn32_seed7_forest_anomaly,measured,post_window_after_refusals,accept,accepted,window_hmac_verification_calculation,599,0.0159,0.026410000000000003,0.032805999999999995,0.0491
snn32_seed7_forest_anomaly,measured,post_window_recurring,accept,accepted,accepted_release_and_consumers,599,31.7578,33.64683,34.638999999999996,53.7759
snn32_seed7_forest_anomaly,measured,post_window_recurring,accept,accepted,anomaly_consumer_including_threshold,599,8.3814,8.89127,9.364648,14.758
snn32_seed7_forest_anomaly,measured,post_window_recurring,accept,accepted,binary32_adapter,599,1.3599,1.48295,1.565412,1.7889
snn32_seed7_forest_anomaly,measured,post_window_recurring,accept,accepted,envelope_and_binary_parser,599,2.0684,5.94491,7.109365999999999,318.6026
snn32_seed7_forest_anomaly,measured,post_window_recurring,accept,accepted,motion_consumer_including_normalization,599,17.7986,19.0508,19.75918,34.1803
snn32_seed7_forest_anomaly,measured,post_window_recurring,accept,accepted,prepare_both_model_inputs,599,4.8754,5.18853,5.431706,11.7196
snn32_seed7_forest_anomaly,measured,post_window_recurring,accept,accepted,sender_audit_commit,599,0.0024,0.0028,0.003,0.0118
snn32_seed7_forest_anomaly,measured,post_window_recurring,accept,accepted,sender_audit_prepare,599,0.0062,0.007710000000000002,0.008903999999999997,0.0401
snn32_seed7_forest_anomaly,measured,post_window_recurring,accept,accepted,sender_audit_record,599,0.0684,0.09321,0.11204999999999987,0.1718
snn32_seed7_forest_anomaly,measured,post_window_recurring,accept,accepted,sender_seal_total,599,6.3619,6.66888,6.906035999999999,13.2865
snn32_seed7_forest_anomaly,measured,post_window_recurring,accept,accepted,serialization_including_quality,599,6.0618,6.32455,6.596733999999999,12.9083
snn32_seed7_forest_anomaly,measured,post_window_recurring,accept,accepted,verifier_audit_commit,599,0.0026,0.0029,0.0035039999999999963,0.0336
snn32_seed7_forest_anomaly,measured,post_window_recurring,accept,accepted,verifier_audit_prepare,599,0.0065,0.0086,0.009801999999999998,0.0404
snn32_seed7_forest_anomaly,measured,post_window_recurring,accept,accepted,verifier_audit_record,599,0.035,0.044520000000000004,0.061725999999999975,0.0837
snn32_seed7_forest_anomaly,measured,post_window_recurring,accept,accepted,verifier_authentication_total,599,7.709,11.615,12.92674399999999,321.798
snn32_seed7_forest_anomaly,measured,post_window_recurring,accept,accepted,verifier_quality_check,599,5.438,5.72065,5.956164,11.3083
snn32_seed7_forest_anomaly,measured,post_window_recurring,accept,accepted,window_hmac_generation,599,0.033,0.052370000000000014,0.06471399999999998,0.0817
snn32_seed7_forest_anomaly,measured,post_window_recurring,accept,accepted,window_hmac_verification_calculation,599,0.0255,0.0357,0.04321999999999999,0.0729
snn32_seed7_forest_anomaly,measured,pre_tag_quality_refusal,reject,data_quality_failure,binary32_adapter,599,1.2064,1.36169,1.429124,1.8925
snn32_seed7_forest_anomaly,measured,pre_tag_quality_refusal,reject,data_quality_failure,sender_audit_commit,599,0.002,0.0024,0.0027,0.0121
snn32_seed7_forest_anomaly,measured,pre_tag_quality_refusal,reject,data_quality_failure,sender_audit_prepare,599,0.0047,0.005810000000000002,0.0066,0.0077
snn32_seed7_forest_anomaly,measured,pre_tag_quality_refusal,reject,data_quality_failure,sender_audit_record,599,0.0455,0.05924000000000001,0.07184199999999996,0.3014
snn32_seed7_forest_anomaly,measured,pre_tag_quality_refusal,reject,data_quality_failure,sender_seal_total,599,0.6515,0.75042,0.8291199999999999,0.967
snn32_seed7_forest_anomaly,measured,pre_tag_quality_refusal,reject,data_quality_failure,serialization_including_quality,599,0.5247,0.597,0.646924,0.8345
snn32_seed7_forest_anomaly,measured,valid_receiver_after_bad_tag,accept,accepted,accepted_release_and_consumers,599,29.4678,31.20753,32.955285999999994,41.2884
snn32_seed7_forest_anomaly,measured,valid_receiver_after_bad_tag,accept,accepted,anomaly_consumer_including_threshold,599,7.6633,8.15332,8.413668,9.5904
snn32_seed7_forest_anomaly,measured,valid_receiver_after_bad_tag,accept,accepted,envelope_and_binary_parser,599,1.6376,1.72256,1.879624,3.2775
snn32_seed7_forest_anomaly,measured,valid_receiver_after_bad_tag,accept,accepted,motion_consumer_including_normalization,599,16.5555,17.55564,18.490508,27.1341
snn32_seed7_forest_anomaly,measured,valid_receiver_after_bad_tag,accept,accepted,prepare_both_model_inputs,599,4.559,5.02232,5.224128,7.2988
snn32_seed7_forest_anomaly,measured,valid_receiver_after_bad_tag,accept,accepted,verifier_audit_commit,599,0.0023,0.0027,0.003,0.0036
snn32_seed7_forest_anomaly,measured,valid_receiver_after_bad_tag,accept,accepted,verifier_audit_prepare,599,0.0055,0.0076,0.0097,0.033
snn32_seed7_forest_anomaly,measured,valid_receiver_after_bad_tag,accept,accepted,verifier_audit_record,599,0.0443,0.05761,0.06812199999999999,0.1469
snn32_seed7_forest_anomaly,measured,valid_receiver_after_bad_tag,accept,accepted,verifier_authentication_total,599,7.056,7.36412,7.601682,16.9937
snn32_seed7_forest_anomaly,measured,valid_receiver_after_bad_tag,accept,accepted,verifier_quality_check,599,5.2405,5.47971,5.641023999999998,11.9507
snn32_seed7_forest_anomaly,measured,valid_receiver_after_bad_tag,accept,accepted,window_hmac_verification_calculation,599,0.0184,0.026520000000000002,0.03352999999999997,0.0608
snn32_seed7_forest_anomaly,warmup,bad_tag_receiver,reject,invalid_tag,envelope_and_binary_parser,19,1.674,1.7834999999999996,1.92822,1.9644
snn32_seed7_forest_anomaly,warmup,bad_tag_receiver,reject,invalid_tag,verifier_audit_commit,19,0.0023,0.00261,0.002682,0.0027
snn32_seed7_forest_anomaly,warmup,bad_tag_receiver,reject,invalid_tag,verifier_audit_prepare,19,0.0057,0.006259999999999999,0.006692,0.0068
snn32_seed7_forest_anomaly,warmup,bad_tag_receiver,reject,invalid_tag,verifier_audit_record,19,0.0369,0.051349999999999986,0.05531,0.0563
snn32_seed7_forest_anomaly,warmup,bad_tag_receiver,reject,invalid_tag,verifier_authentication_total,19,1.8561,1.9871399999999995,2.111988,2.1432
snn32_seed7_forest_anomaly,warmup,bad_tag_receiver,reject,invalid_tag,window_hmac_verification_calculation,19,0.0224,0.03364999999999995,0.050570000000000004,0.0548
snn32_seed7_forest_anomaly,warmup,exact_replay_receiver,reject,duplicate_sequence,envelope_and_binary_parser,19,1.5082,1.70554,1.738948,1.7473
snn32_seed7_forest_anomaly,warmup,exact_replay_receiver,reject,duplicate_sequence,verifier_audit_commit,19,0.0018,0.002899999999999989,0.0065000000000000014,0.0074
snn32_seed7_forest_anomaly,warmup,exact_replay_receiver,reject,duplicate_sequence,verifier_audit_prepare,19,0.005,0.006669999999999998,0.007174,0.0073
snn32_seed7_forest_anomaly,warmup,exact_replay_receiver,reject,duplicate_sequence,verifier_audit_record,19,0.0436,0.05868999999999998,0.066538,0.0685
snn32_seed7_forest_anomaly,warmup,exact_replay_receiver,reject,duplicate_sequence,verifier_authentication_total,19,5.7258,6.147269999999999,6.452334,6.5286
snn32_seed7_forest_anomaly,warmup,exact_replay_receiver,reject,duplicate_sequence,verifier_quality_check,19,3.9893,4.282109999999999,4.566582,4.6377
snn32_seed7_forest_anomaly,warmup,exact_replay_receiver,reject,duplicate_sequence,window_hmac_verification_calculation,19,0.0202,0.03411,0.034182,0.0342
snn32_seed7_forest_anomaly,warmup,fresh_to_first_window,accept,accepted,accepted_release_and_consumers,19,26.5796,32.84645,33.29321,33.4049
snn32_seed7_forest_anomaly,warmup,fresh_to_first_window,accept,accepted,admission_total,19,5.8341,8.38651,8.459302,8.4775
snn32_seed7_forest_anomaly,warmup,fresh_to_first_window,accept,accepted,anomaly_consumer_including_threshold,19,8.2082,8.63734,8.849308,8.9023
snn32_seed7_forest_anomaly,warmup,fresh_to_first_window,accept,accepted,binary32_adapter,19,1.0417,1.43169,1.453938,1.4595
snn32_seed7_forest_anomaly,warmup,fresh_to_first_window,accept,accepted,envelope_and_binary_parser,19,1.5023,2.34465,2.36877,2.3748
snn32_seed7_forest_anomaly,warmup,fresh_to_first_window,accept,accepted,first_post_window_total,19,37.2799,48.80933,49.712426,49.9382
snn32_seed7_forest_anomaly,warmup,fresh_to_first_window,accept,accepted,independent_credential_verification,19,0.0499,0.07399999999999998,0.0776,0.0785
snn32_seed7_forest_anomaly,warmup,fresh_to_first_window,accept,accepted,local_authorization_including_verification,19,0.0644,0.09947999999999999,0.105096,0.1065
snn32_seed7_forest_anomaly,warmup,fresh_to_first_window,accept,accepted,local_challenge_binding,19,0.0068,0.01233,0.012546,0.0126
snn32_seed7_forest_anomaly,warmup,fresh_to_first_window,accept,accepted,local_request_binding,19,0.009,0.01514,0.015428,0.0155
snn32_seed7_forest_anomaly,warmup,fresh_to_first_window,accept,accepted,motion_consumer_including_normalization,19,14.6316,18.55156,18.798952,18.8608
snn32_seed7_forest_anomaly,warmup,fresh_to_first_window,accept,accepted,prepare_both_model_inputs,19,3.4462,5.13907,5.202934,5.2189
snn32_seed7_forest_anomaly,warmup,fresh_to_first_window,accept,accepted,receiver_challenge,19,0.108,0.18404,0.187928,0.1889
snn32_seed7_forest_anomaly,warmup,fresh_to_first_window,accept,accepted,receiver_confirmation,19,0.093,0.15558,0.158316,0.159
snn32_seed7_forest_anomaly,warmup,fresh_to_first_window,accept,accepted,receiver_local_admission,19,0.0092,0.01543,0.015646,0.0157
snn32_seed7_forest_anomaly,warmup,fresh_to_first_window,accept,accepted,reconstruction,19,5.1636,7.24066,7.270612,7.2781
snn32_seed7_forest_anomaly,warmup,fresh_to_first_window,accept,accepted,response_generation_simulator,19,0.174,0.2084099999999999,0.233682,0.24
snn32_seed7_forest_anomaly,warmup,fresh_to_first_window,accept,accepted,sender_activation,19,0.071,0.10949,0.110858,0.1112
snn32_seed7_forest_anomaly,warmup,fresh_to_first_window,accept,accepted,sender_admission_and_request,19,0.1892,0.33402999999999994,0.358726,0.3649
snn32_seed7_forest_anomaly,warmup,fresh_to_first_window,accept,accepted,sender_audit_commit,19,0.0032,0.00651,0.006582,0.0066
snn32_seed7_forest_anomaly,warmup,fresh_to_first_window,accept,accepted,sender_audit_prepare,19,0.0093,0.016479999999999995,0.017776,0.0181
snn32_seed7_forest_anomaly,warmup,fresh_to_first_window,accept,accepted,sender_audit_record,19,0.0962,0.16826999999999998,0.179574,0.1824
snn32_seed7_forest_anomaly,warmup,fresh_to_first_window,accept,accepted,sender_confirmation,19,0.0686,0.11655999999999997,0.127792,0.1306
snn32_seed7_forest_anomaly,warmup,fresh_to_first_window,accept,accepted,sender_local_admission_claim,19,0.0105,0.01745,0.01781,0.0179
snn32_seed7_forest_anomaly,warmup,fresh_to_first_window,accept,accepted,sender_seal_total,19,4.6778,6.38654,6.535148,6.5723
snn32_seed7_forest_anomaly,warmup,fresh_to_first_window,accept,accepted,serialization_including_quality,19,4.5276,6.13617,6.238194,6.2637
snn32_seed7_forest_anomaly,warmup,fresh_to_first_window,accept,accepted,verifier_audit_commit,19,0.0031,0.0047,0.0047,0.0047
snn32_seed7_forest_anomaly,warmup,fresh_to_first_window,accept,accepted,verifier_audit_prepare,19,0.0085,0.012569999999999998,0.013074,0.0132
snn32_seed7_forest_anomaly,warmup,fresh_to_first_window,accept,accepted,verifier_audit_record,19,0.0495,0.07955999999999999,0.083592,0.0846
snn32_seed7_forest_anomaly,warmup,fresh_to_first_window,accept,accepted,verifier_authentication_total,19,6.1589,7.9411499999999995,8.28063,8.3655
snn32_seed7_forest_anomaly,warmup,fresh_to_first_window,accept,accepted,verifier_quality_check,19,4.5243,5.56279,5.703838,5.7391
snn32_seed7_forest_anomaly,warmup,fresh_to_first_window,accept,accepted,window_hmac_generation,19,0.0179,0.03314999999999999,0.03495,0.0354
snn32_seed7_forest_anomaly,warmup,fresh_to_first_window,accept,accepted,window_hmac_verification_calculation,19,0.0179,0.02844,0.028728,0.0288
snn32_seed7_forest_anomaly,warmup,malformed_json_receiver,reject,malformed_message,envelope_and_binary_parser,19,0.0349,0.03857,0.039074,0.0392
snn32_seed7_forest_anomaly,warmup,malformed_json_receiver,reject,malformed_message,verifier_audit_commit,19,0.0015,0.0020099999999999996,0.002082,0.0021
snn32_seed7_forest_anomaly,warmup,malformed_json_receiver,reject,malformed_message,verifier_audit_prepare,19,0.0036,0.00451,0.004582,0.0046
snn32_seed7_forest_anomaly,warmup,malformed_json_receiver,reject,malformed_message,verifier_audit_record,19,0.0387,0.04758,0.048156,0.0483
snn32_seed7_forest_anomaly,warmup,malformed_json_receiver,reject,malformed_message,verifier_authentication_total,19,0.1168,0.13103,0.132686,0.1331
snn32_seed7_forest_anomaly,warmup,post_window_after_refusals,accept,accepted,accepted_release_and_consumers,19,21.8211,25.788529999999998,27.202826,27.5564
snn32_seed7_forest_anomaly,warmup,post_window_after_refusals,accept,accepted,anomaly_consumer_including_threshold,19,5.7538,6.079999999999998,6.55376,6.6722
snn32_seed7_forest_anomaly,warmup,post_window_after_refusals,accept,accepted,binary32_adapter,19,0.9372,1.0397,1.04906,1.0514
snn32_seed7_forest_anomaly,warmup,post_window_after_refusals,accept,accepted,envelope_and_binary_parser,19,1.5674,5.454729999999997,6.545026,6.8176
snn32_seed7_forest_anomaly,warmup,post_window_after_refusals,accept,accepted,motion_consumer_including_normalization,19,12.2917,14.477989999999997,15.489518,15.7424
snn32_seed7_forest_anomaly,warmup,post_window_after_refusals,accept,accepted,prepare_both_model_inputs,19,3.4101,4.46845,4.55881,4.5814
snn32_seed7_forest_anomaly,warmup,post_window_after_refusals,accept,accepted,sender_audit_commit,19,0.0016,0.0027499999999999864,0.007430000000000002,0.0086
snn32_seed7_forest_anomaly,warmup,post_window_after_refusals,accept,accepted,sender_audit_prepare,19,0.0038,0.0054,0.0054,0.0054
snn32_seed7_forest_anomaly,warmup,post_window_after_refusals,accept,accepted,sender_audit_record,19,0.0365,0.051899999999999995,0.05478,0.0555
snn32_seed7_forest_anomaly,warmup,post_window_after_refusals,accept,accepted,sender_seal_total,19,4.5272,4.829979999999999,5.028556,5.0782
snn32_seed7_forest_anomaly,warmup,post_window_after_refusals,accept,accepted,serialization_including_quality,19,4.3634,4.63077,4.781034,4.8186
snn32_seed7_forest_anomaly,warmup,post_window_after_refusals,accept,accepted,verifier_audit_commit,19,0.0017,0.0020399999999999993,0.002328,0.0024
snn32_seed7_forest_anomaly,warmup,post_window_after_refusals,accept,accepted,verifier_audit_prepare,19,0.0039,0.006009999999999997,0.006802,0.007
snn32_seed7_forest_anomaly,warmup,post_window_after_refusals,accept,accepted,verifier_audit_record,19,0.0241,0.031799999999999995,0.03324,0.0336
snn32_seed7_forest_anomaly,warmup,post_window_after_refusals,accept,accepted,verifier_authentication_total,19,5.6274,9.538539999999996,10.623868,10.8952
snn32_seed7_forest_anomaly,warmup,post_window_after_refusals,accept,accepted,verifier_quality_check,19,3.9293,4.462639999999998,4.978448,5.1074
snn32_seed7_forest_anomaly,warmup,post_window_after_refusals,accept,accepted,window_hmac_generation,19,0.0188,0.03485999999999999,0.038892,0.0399
snn32_seed7_forest_anomaly,warmup,post_window_after_refusals,accept,accepted,window_hmac_verification_calculation,19,0.015,0.025689999999999998,0.026338,0.0265
snn32_seed7_forest_anomaly,warmup,post_window_recurring,accept,accepted,accepted_release_and_consumers,19,31.2415,32.31491,32.340182,32.3465
snn32_seed7_forest_anomaly,warmup,post_window_recurring,accept,accepted,anomaly_consumer_including_threshold,19,8.3293,8.55363,8.628006,8.6466
snn32_seed7_forest_anomaly,warmup,post_window_recurring,accept,accepted,binary32_adapter,19,1.2996,1.3908,1.41024,1.4151
snn32_seed7_forest_anomaly,warmup,post_window_recurring,accept,accepted,envelope_and_binary_parser,19,2.0084,2.30978,2.333396,2.3393
snn32_seed7_forest_anomaly,warmup,post_window_recurring,accept,accepted,motion_consumer_including_normalization,19,17.5082,17.94628,18.023176,18.0424
snn32_seed7_forest_anomaly,warmup,post_window_recurring,accept,accepted,prepare_both_model_inputs,19,4.741,5.1805,5.27914,5.3038
snn32_seed7_forest_anomaly,warmup,post_window_recurring,accept,accepted,sender_audit_commit,19,0.0021,0.0026,0.0026,0.0026
snn32_seed7_forest_anomaly,warmup,post_window_recurring,accept,accepted,sender_audit_prepare,19,0.0058,0.00762,0.007764,0.0078
snn32_seed7_forest_anomaly,warmup,post_window_recurring,accept,accepted,sender_audit_record,19,0.0605,0.09590999999999995,0.111102,0.1149
snn32_seed7_forest_anomaly,warmup,post_window_recurring,accept,accepted,sender_seal_total,19,6.3174,6.9572799999999955,8.458336,8.8336
snn32_seed7_forest_anomaly,warmup,post_window_recurring,accept,accepted,serialization_including_quality,19,6.0372,6.584149999999996,8.216030000000002,8.624
snn32_seed7_forest_anomaly,warmup,post_window_recurring,accept,accepted,verifier_audit_commit,19,0.0025,0.00281,0.002882,0.0029
snn32_seed7_forest_anomaly,warmup,post_window_recurring,accept,accepted,verifier_audit_prepare,19,0.0059,0.007169999999999997,0.008394,0.0087
snn32_seed7_forest_anomaly,warmup,post_window_recurring,accept,accepted,verifier_audit_record,19,0.0339,0.03732999999999999,0.041866,0.043
snn32_seed7_forest_anomaly,warmup,post_window_recurring,accept,accepted,verifier_authentication_total,19,7.5149,7.833749999999999,8.04219,8.0943
snn32_seed7_forest_anomaly,warmup,post_window_recurring,accept,accepted,verifier_quality_check,19,5.3926,5.54553,5.568066,5.5737
snn32_seed7_forest_anomaly,warmup,post_window_recurring,accept,accepted,window_hmac_generation,19,0.0289,0.04842999999999997,0.057286,0.0595
snn32_seed7_forest_anomaly,warmup,post_window_recurring,accept,accepted,window_hmac_verification_calculation,19,0.022,0.035529999999999964,0.04726600000000001,0.0502
snn32_seed7_forest_anomaly,warmup,pre_tag_quality_refusal,reject,data_quality_failure,binary32_adapter,19,0.9962,1.0959299999999998,1.140066,1.1511
snn32_seed7_forest_anomaly,warmup,pre_tag_quality_refusal,reject,data_quality_failure,sender_audit_commit,19,0.0017,0.0019299999999999994,0.002146,0.0022
snn32_seed7_forest_anomaly,warmup,pre_tag_quality_refusal,reject,data_quality_failure,sender_audit_prepare,19,0.0039,0.00492,0.005064,0.0051
snn32_seed7_forest_anomaly,warmup,pre_tag_quality_refusal,reject,data_quality_failure,sender_audit_record,19,0.0379,0.044289999999999996,0.047818,0.0487
snn32_seed7_forest_anomaly,warmup,pre_tag_quality_refusal,reject,data_quality_failure,sender_seal_total,19,0.5384,0.6659599999999997,0.777992,0.806
snn32_seed7_forest_anomaly,warmup,pre_tag_quality_refusal,reject,data_quality_failure,serialization_including_quality,19,0.4321,0.5425599999999996,0.665392,0.6961
snn32_seed7_forest_anomaly,warmup,valid_receiver_after_bad_tag,accept,accepted,accepted_release_and_consumers,19,23.1882,28.729249999999997,29.87801,30.1652
snn32_seed7_forest_anomaly,warmup,valid_receiver_after_bad_tag,accept,accepted,anomaly_consumer_including_threshold,19,5.8121,6.8147899999999995,6.973838,7.0136
snn32_seed7_forest_anomaly,warmup,valid_receiver_after_bad_tag,accept,accepted,envelope_and_binary_parser,19,1.6443,1.760979999999999,2.102836,2.1883
snn32_seed7_forest_anomaly,warmup,valid_receiver_after_bad_tag,accept,accepted,motion_consumer_including_normalization,19,12.6322,17.30188,17.684776,17.7805
snn32_seed7_forest_anomaly,warmup,valid_receiver_after_bad_tag,accept,accepted,prepare_both_model_inputs,19,4.0805,4.84924,4.933768,4.9549
snn32_seed7_forest_anomaly,warmup,valid_receiver_after_bad_tag,accept,accepted,verifier_audit_commit,19,0.0021,0.0028199999999999996,0.002964,0.003
snn32_seed7_forest_anomaly,warmup,valid_receiver_after_bad_tag,accept,accepted,verifier_audit_prepare,19,0.0056,0.00721,0.007282,0.0073
snn32_seed7_forest_anomaly,warmup,valid_receiver_after_bad_tag,accept,accepted,verifier_audit_record,19,0.0453,0.05321,0.054002,0.0542
snn32_seed7_forest_anomaly,warmup,valid_receiver_after_bad_tag,accept,accepted,verifier_authentication_total,19,6.4978,7.416309999999999,7.636702,7.6918
snn32_seed7_forest_anomaly,warmup,valid_receiver_after_bad_tag,accept,accepted,verifier_quality_check,19,4.6496,5.51641,5.551762,5.5606
snn32_seed7_forest_anomaly,warmup,valid_receiver_after_bad_tag,accept,accepted,window_hmac_verification_calculation,19,0.0183,0.02311,0.023182,0.0232
