condition,phase,path,decision,reason,category,count,p50_ms,p95_ms,p99_ms,max_ms,observations_with_registered_span,interpretation,accounting
forest_motion_forest_anomaly,condition_first_use,bad_tag_receiver,reject,invalid_tag,admission_orchestration_unisolated,1,0.0,0.0,0.0,0.0,0,Admission orchestration remainder not covered by named children.,per-observation exclusive interval; no sum-of-percentiles total
forest_motion_forest_anomaly,condition_first_use,bad_tag_receiver,reject,invalid_tag,anomaly_consumer,1,0.0,0.0,0.0,0.0,0,Anomaly consumer including feature scaling and frozen-threshold decision.,per-observation exclusive interval; no sum-of-percentiles total
forest_motion_forest_anomaly,condition_first_use,bad_tag_receiver,reject,invalid_tag,binary32_adapter,1,0.0,0.0,0.0,0.0,0,Canonical binary32 input adaptation before sender sealing.,per-observation exclusive interval; no sum-of-percentiles total
forest_motion_forest_anomaly,condition_first_use,bad_tag_receiver,reject,invalid_tag,credential_verification,1,0.0,0.0,0.0,0.0,0,Recorded independent credential-verification call(s).,per-observation exclusive interval; no sum-of-percentiles total
forest_motion_forest_anomaly,condition_first_use,bad_tag_receiver,reject,invalid_tag,in_memory_audit_measured,1,0.0337,0.0337,0.0337,0.0337,1,"Recorded audit record/prepare/commit spans, exclusive of their children; not all audit-related overhead and not durable storage.",per-observation exclusive interval; no sum-of-percentiles total
forest_motion_forest_anomaly,condition_first_use,bad_tag_receiver,reject,invalid_tag,local_admission_checks,1,0.0,0.0,0.0,0.0,0,"Measured local authorization/binding/consumption calls, excluding nested credential verification.",per-observation exclusive interval; no sum-of-percentiles total
forest_motion_forest_anomaly,condition_first_use,bad_tag_receiver,reject,invalid_tag,model_input_preprocessing,1,0.0,0.0,0.0,0.0,0,Shared model-input preparation; model-specific normalization remains in consumer timing.,per-observation exclusive interval; no sum-of-percentiles total
forest_motion_forest_anomaly,condition_first_use,bad_tag_receiver,reject,invalid_tag,motion_consumer,1,0.0,0.0,0.0,0.0,0,Motion consumer including normalization/tensor preparation/prediction decoding.,per-observation exclusive interval; no sum-of-percentiles total
forest_motion_forest_anomaly,condition_first_use,bad_tag_receiver,reject,invalid_tag,outer_orchestration_unisolated,1,0.0115,0.0115,0.0115,0.0115,1,Direct root/first-post-window remainder outside named child spans.,per-observation exclusive interval; no sum-of-percentiles total
forest_motion_forest_anomaly,condition_first_use,bad_tag_receiver,reject,invalid_tag,receiver_binding_sequence_state_unisolated,1,0.0846,0.0846,0.0846,0.0846,1,"Verifier remainder including binding, sequence checks, locks/state publication and observer work; NOT isolated sequence latency.",per-observation exclusive interval; no sum-of-percentiles total
forest_motion_forest_anomaly,condition_first_use,bad_tag_receiver,reject,invalid_tag,receiver_parsing,1,1.378,1.378,1.378,1.378,1,Envelope and binary parser call.,per-observation exclusive interval; no sum-of-percentiles total
forest_motion_forest_anomaly,condition_first_use,bad_tag_receiver,reject,invalid_tag,receiver_quality_check,1,0.0,0.0,0.0,0.0,0,Verifier quality-check call.,per-observation exclusive interval; no sum-of-percentiles total
forest_motion_forest_anomaly,condition_first_use,bad_tag_receiver,reject,invalid_tag,receiver_window_hmac,1,0.0174,0.0174,0.0174,0.0174,1,"Recorded verifier window-tag calculation, not complete authentication.",per-observation exclusive interval; no sum-of-percentiles total
forest_motion_forest_anomaly,condition_first_use,bad_tag_receiver,reject,invalid_tag,reconstruction,1,0.0,0.0,0.0,0.0,0,Actual recorded BCH reconstruction; includes any observer/GC delay.,per-observation exclusive interval; no sum-of-percentiles total
forest_motion_forest_anomaly,condition_first_use,bad_tag_receiver,reject,invalid_tag,release_conversion_unisolated,1,0.0,0.0,0.0,0.0,0,Accepted release remainder including conversion/dispatch/observer work outside consumer children.,per-observation exclusive interval; no sum-of-percentiles total
forest_motion_forest_anomaly,condition_first_use,bad_tag_receiver,reject,invalid_tag,sender_binding_unisolated,1,0.0,0.0,0.0,0.0,0,Sender seal remainder: binding/state/orchestration/observer work not separately timed.,per-observation exclusive interval; no sum-of-percentiles total
forest_motion_forest_anomaly,condition_first_use,bad_tag_receiver,reject,invalid_tag,sender_serialization_and_quality,1,0.0,0.0,0.0,0.0,0,Sender serialization including its quality validation; not separately timed.,per-observation exclusive interval; no sum-of-percentiles total
forest_motion_forest_anomaly,condition_first_use,bad_tag_receiver,reject,invalid_tag,sender_window_hmac,1,0.0,0.0,0.0,0.0,0,Recorded window-tag generation call.,per-observation exclusive interval; no sum-of-percentiles total
forest_motion_forest_anomaly,condition_first_use,bad_tag_receiver,reject,invalid_tag,session_establishment_unisolated,1,0.0,0.0,0.0,0.0,0,"Handshake/request/activation remainder, including unseparated HKDF/confirmation work and observer cost.",per-observation exclusive interval; no sum-of-percentiles total
forest_motion_forest_anomaly,condition_first_use,bad_tag_receiver,reject,invalid_tag,simulated_response_read,1,0.0,0.0,0.0,0.0,0,"Modeled response generation, not physical acquisition.",per-observation exclusive interval; no sum-of-percentiles total
forest_motion_forest_anomaly,condition_first_use,exact_replay_receiver,reject,duplicate_sequence,admission_orchestration_unisolated,1,0.0,0.0,0.0,0.0,0,Admission orchestration remainder not covered by named children.,per-observation exclusive interval; no sum-of-percentiles total
forest_motion_forest_anomaly,condition_first_use,exact_replay_receiver,reject,duplicate_sequence,anomaly_consumer,1,0.0,0.0,0.0,0.0,0,Anomaly consumer including feature scaling and frozen-threshold decision.,per-observation exclusive interval; no sum-of-percentiles total
forest_motion_forest_anomaly,condition_first_use,exact_replay_receiver,reject,duplicate_sequence,binary32_adapter,1,0.0,0.0,0.0,0.0,0,Canonical binary32 input adaptation before sender sealing.,per-observation exclusive interval; no sum-of-percentiles total
forest_motion_forest_anomaly,condition_first_use,exact_replay_receiver,reject,duplicate_sequence,credential_verification,1,0.0,0.0,0.0,0.0,0,Recorded independent credential-verification call(s).,per-observation exclusive interval; no sum-of-percentiles total
forest_motion_forest_anomaly,condition_first_use,exact_replay_receiver,reject,duplicate_sequence,in_memory_audit_measured,1,0.0483,0.0483,0.0483,0.0483,1,"Recorded audit record/prepare/commit spans, exclusive of their children; not all audit-related overhead and not durable storage.",per-observation exclusive interval; no sum-of-percentiles total
forest_motion_forest_anomaly,condition_first_use,exact_replay_receiver,reject,duplicate_sequence,local_admission_checks,1,0.0,0.0,0.0,0.0,0,"Measured local authorization/binding/consumption calls, excluding nested credential verification.",per-observation exclusive interval; no sum-of-percentiles total
forest_motion_forest_anomaly,condition_first_use,exact_replay_receiver,reject,duplicate_sequence,model_input_preprocessing,1,0.0,0.0,0.0,0.0,0,Shared model-input preparation; model-specific normalization remains in consumer timing.,per-observation exclusive interval; no sum-of-percentiles total
forest_motion_forest_anomaly,condition_first_use,exact_replay_receiver,reject,duplicate_sequence,motion_consumer,1,0.0,0.0,0.0,0.0,0,Motion consumer including normalization/tensor preparation/prediction decoding.,per-observation exclusive interval; no sum-of-percentiles total
forest_motion_forest_anomaly,condition_first_use,exact_replay_receiver,reject,duplicate_sequence,outer_orchestration_unisolated,1,0.009,0.009,0.009,0.009,1,Direct root/first-post-window remainder outside named child spans.,per-observation exclusive interval; no sum-of-percentiles total
forest_motion_forest_anomaly,condition_first_use,exact_replay_receiver,reject,duplicate_sequence,receiver_binding_sequence_state_unisolated,1,0.097,0.097,0.097,0.097,1,"Verifier remainder including binding, sequence checks, locks/state publication and observer work; NOT isolated sequence latency.",per-observation exclusive interval; no sum-of-percentiles total
forest_motion_forest_anomaly,condition_first_use,exact_replay_receiver,reject,duplicate_sequence,receiver_parsing,1,1.3427,1.3427,1.3427,1.3427,1,Envelope and binary parser call.,per-observation exclusive interval; no sum-of-percentiles total
forest_motion_forest_anomaly,condition_first_use,exact_replay_receiver,reject,duplicate_sequence,receiver_quality_check,1,3.3911,3.3911,3.3911,3.3911,1,Verifier quality-check call.,per-observation exclusive interval; no sum-of-percentiles total
forest_motion_forest_anomaly,condition_first_use,exact_replay_receiver,reject,duplicate_sequence,receiver_window_hmac,1,0.0318,0.0318,0.0318,0.0318,1,"Recorded verifier window-tag calculation, not complete authentication.",per-observation exclusive interval; no sum-of-percentiles total
forest_motion_forest_anomaly,condition_first_use,exact_replay_receiver,reject,duplicate_sequence,reconstruction,1,0.0,0.0,0.0,0.0,0,Actual recorded BCH reconstruction; includes any observer/GC delay.,per-observation exclusive interval; no sum-of-percentiles total
forest_motion_forest_anomaly,condition_first_use,exact_replay_receiver,reject,duplicate_sequence,release_conversion_unisolated,1,0.0,0.0,0.0,0.0,0,Accepted release remainder including conversion/dispatch/observer work outside consumer children.,per-observation exclusive interval; no sum-of-percentiles total
forest_motion_forest_anomaly,condition_first_use,exact_replay_receiver,reject,duplicate_sequence,sender_binding_unisolated,1,0.0,0.0,0.0,0.0,0,Sender seal remainder: binding/state/orchestration/observer work not separately timed.,per-observation exclusive interval; no sum-of-percentiles total
forest_motion_forest_anomaly,condition_first_use,exact_replay_receiver,reject,duplicate_sequence,sender_serialization_and_quality,1,0.0,0.0,0.0,0.0,0,Sender serialization including its quality validation; not separately timed.,per-observation exclusive interval; no sum-of-percentiles total
forest_motion_forest_anomaly,condition_first_use,exact_replay_receiver,reject,duplicate_sequence,sender_window_hmac,1,0.0,0.0,0.0,0.0,0,Recorded window-tag generation call.,per-observation exclusive interval; no sum-of-percentiles total
forest_motion_forest_anomaly,condition_first_use,exact_replay_receiver,reject,duplicate_sequence,session_establishment_unisolated,1,0.0,0.0,0.0,0.0,0,"Handshake/request/activation remainder, including unseparated HKDF/confirmation work and observer cost.",per-observation exclusive interval; no sum-of-percentiles total
forest_motion_forest_anomaly,condition_first_use,exact_replay_receiver,reject,duplicate_sequence,simulated_response_read,1,0.0,0.0,0.0,0.0,0,"Modeled response generation, not physical acquisition.",per-observation exclusive interval; no sum-of-percentiles total
forest_motion_forest_anomaly,condition_first_use,fresh_to_first_window,accept,accepted,admission_orchestration_unisolated,1,0.046,0.046,0.046,0.046,1,Admission orchestration remainder not covered by named children.,per-observation exclusive interval; no sum-of-percentiles total
forest_motion_forest_anomaly,condition_first_use,fresh_to_first_window,accept,accepted,anomaly_consumer,1,5.9194,5.9194,5.9194,5.9194,1,Anomaly consumer including feature scaling and frozen-threshold decision.,per-observation exclusive interval; no sum-of-percentiles total
forest_motion_forest_anomaly,condition_first_use,fresh_to_first_window,accept,accepted,binary32_adapter,1,1.0527,1.0527,1.0527,1.0527,1,Canonical binary32 input adaptation before sender sealing.,per-observation exclusive interval; no sum-of-percentiles total
forest_motion_forest_anomaly,condition_first_use,fresh_to_first_window,accept,accepted,credential_verification,1,0.0586,0.0586,0.0586,0.0586,1,Recorded independent credential-verification call(s).,per-observation exclusive interval; no sum-of-percentiles total
forest_motion_forest_anomaly,condition_first_use,fresh_to_first_window,accept,accepted,in_memory_audit_measured,1,0.1947,0.1947,0.1947,0.1947,1,"Recorded audit record/prepare/commit spans, exclusive of their children; not all audit-related overhead and not durable storage.",per-observation exclusive interval; no sum-of-percentiles total
forest_motion_forest_anomaly,condition_first_use,fresh_to_first_window,accept,accepted,local_admission_checks,1,0.0644,0.0644,0.0644,0.0644,1,"Measured local authorization/binding/consumption calls, excluding nested credential verification.",per-observation exclusive interval; no sum-of-percentiles total
forest_motion_forest_anomaly,condition_first_use,fresh_to_first_window,accept,accepted,model_input_preprocessing,1,3.382,3.382,3.382,3.382,1,Shared model-input preparation; model-specific normalization remains in consumer timing.,per-observation exclusive interval; no sum-of-percentiles total
forest_motion_forest_anomaly,condition_first_use,fresh_to_first_window,accept,accepted,motion_consumer,1,16.4015,16.4015,16.4015,16.4015,1,Motion consumer including normalization/tensor preparation/prediction decoding.,per-observation exclusive interval; no sum-of-percentiles total
forest_motion_forest_anomaly,condition_first_use,fresh_to_first_window,accept,accepted,outer_orchestration_unisolated,1,0.1246,0.1246,0.1246,0.1246,1,Direct root/first-post-window remainder outside named child spans.,per-observation exclusive interval; no sum-of-percentiles total
forest_motion_forest_anomaly,condition_first_use,fresh_to_first_window,accept,accepted,receiver_binding_sequence_state_unisolated,1,0.084,0.084,0.084,0.084,1,"Verifier remainder including binding, sequence checks, locks/state publication and observer work; NOT isolated sequence latency.",per-observation exclusive interval; no sum-of-percentiles total
forest_motion_forest_anomaly,condition_first_use,fresh_to_first_window,accept,accepted,receiver_parsing,1,1.5697,1.5697,1.5697,1.5697,1,Envelope and binary parser call.,per-observation exclusive interval; no sum-of-percentiles total
forest_motion_forest_anomaly,condition_first_use,fresh_to_first_window,accept,accepted,receiver_quality_check,1,4.3488,4.3488,4.3488,4.3488,1,Verifier quality-check call.,per-observation exclusive interval; no sum-of-percentiles total
forest_motion_forest_anomaly,condition_first_use,fresh_to_first_window,accept,accepted,receiver_window_hmac,1,0.0158,0.0158,0.0158,0.0158,1,"Recorded verifier window-tag calculation, not complete authentication.",per-observation exclusive interval; no sum-of-percentiles total
forest_motion_forest_anomaly,condition_first_use,fresh_to_first_window,accept,accepted,reconstruction,1,2.7048,2.7048,2.7048,2.7048,1,Actual recorded BCH reconstruction; includes any observer/GC delay.,per-observation exclusive interval; no sum-of-percentiles total
forest_motion_forest_anomaly,condition_first_use,fresh_to_first_window,accept,accepted,release_conversion_unisolated,1,0.5723,0.5723,0.5723,0.5723,1,Accepted release remainder including conversion/dispatch/observer work outside consumer children.,per-observation exclusive interval; no sum-of-percentiles total
forest_motion_forest_anomaly,condition_first_use,fresh_to_first_window,accept,accepted,sender_binding_unisolated,1,0.1127,0.1127,0.1127,0.1127,1,Sender seal remainder: binding/state/orchestration/observer work not separately timed.,per-observation exclusive interval; no sum-of-percentiles total
forest_motion_forest_anomaly,condition_first_use,fresh_to_first_window,accept,accepted,sender_serialization_and_quality,1,4.7677,4.7677,4.7677,4.7677,1,Sender serialization including its quality validation; not separately timed.,per-observation exclusive interval; no sum-of-percentiles total
forest_motion_forest_anomaly,condition_first_use,fresh_to_first_window,accept,accepted,sender_window_hmac,1,0.0136,0.0136,0.0136,0.0136,1,Recorded window-tag generation call.,per-observation exclusive interval; no sum-of-percentiles total
forest_motion_forest_anomaly,condition_first_use,fresh_to_first_window,accept,accepted,session_establishment_unisolated,1,0.4435,0.4435,0.4435,0.4435,1,"Handshake/request/activation remainder, including unseparated HKDF/confirmation work and observer cost.",per-observation exclusive interval; no sum-of-percentiles total
forest_motion_forest_anomaly,condition_first_use,fresh_to_first_window,accept,accepted,simulated_response_read,1,0.1479,0.1479,0.1479,0.1479,1,"Modeled response generation, not physical acquisition.",per-observation exclusive interval; no sum-of-percentiles total
forest_motion_forest_anomaly,condition_first_use,malformed_json_receiver,reject,malformed_message,admission_orchestration_unisolated,1,0.0,0.0,0.0,0.0,0,Admission orchestration remainder not covered by named children.,per-observation exclusive interval; no sum-of-percentiles total
forest_motion_forest_anomaly,condition_first_use,malformed_json_receiver,reject,malformed_message,anomaly_consumer,1,0.0,0.0,0.0,0.0,0,Anomaly consumer including feature scaling and frozen-threshold decision.,per-observation exclusive interval; no sum-of-percentiles total
forest_motion_forest_anomaly,condition_first_use,malformed_json_receiver,reject,malformed_message,binary32_adapter,1,0.0,0.0,0.0,0.0,0,Canonical binary32 input adaptation before sender sealing.,per-observation exclusive interval; no sum-of-percentiles total
forest_motion_forest_anomaly,condition_first_use,malformed_json_receiver,reject,malformed_message,credential_verification,1,0.0,0.0,0.0,0.0,0,Recorded independent credential-verification call(s).,per-observation exclusive interval; no sum-of-percentiles total
forest_motion_forest_anomaly,condition_first_use,malformed_json_receiver,reject,malformed_message,in_memory_audit_measured,1,0.0407,0.0407,0.0407,0.0407,1,"Recorded audit record/prepare/commit spans, exclusive of their children; not all audit-related overhead and not durable storage.",per-observation exclusive interval; no sum-of-percentiles total
forest_motion_forest_anomaly,condition_first_use,malformed_json_receiver,reject,malformed_message,local_admission_checks,1,0.0,0.0,0.0,0.0,0,"Measured local authorization/binding/consumption calls, excluding nested credential verification.",per-observation exclusive interval; no sum-of-percentiles total
forest_motion_forest_anomaly,condition_first_use,malformed_json_receiver,reject,malformed_message,model_input_preprocessing,1,0.0,0.0,0.0,0.0,0,Shared model-input preparation; model-specific normalization remains in consumer timing.,per-observation exclusive interval; no sum-of-percentiles total
forest_motion_forest_anomaly,condition_first_use,malformed_json_receiver,reject,malformed_message,motion_consumer,1,0.0,0.0,0.0,0.0,0,Motion consumer including normalization/tensor preparation/prediction decoding.,per-observation exclusive interval; no sum-of-percentiles total
forest_motion_forest_anomaly,condition_first_use,malformed_json_receiver,reject,malformed_message,outer_orchestration_unisolated,1,0.0061,0.0061,0.0061,0.0061,1,Direct root/first-post-window remainder outside named child spans.,per-observation exclusive interval; no sum-of-percentiles total
forest_motion_forest_anomaly,condition_first_use,malformed_json_receiver,reject,malformed_message,receiver_binding_sequence_state_unisolated,1,0.0334,0.0334,0.0334,0.0334,1,"Verifier remainder including binding, sequence checks, locks/state publication and observer work; NOT isolated sequence latency.",per-observation exclusive interval; no sum-of-percentiles total
forest_motion_forest_anomaly,condition_first_use,malformed_json_receiver,reject,malformed_message,receiver_parsing,1,0.0271,0.0271,0.0271,0.0271,1,Envelope and binary parser call.,per-observation exclusive interval; no sum-of-percentiles total
forest_motion_forest_anomaly,condition_first_use,malformed_json_receiver,reject,malformed_message,receiver_quality_check,1,0.0,0.0,0.0,0.0,0,Verifier quality-check call.,per-observation exclusive interval; no sum-of-percentiles total
forest_motion_forest_anomaly,condition_first_use,malformed_json_receiver,reject,malformed_message,receiver_window_hmac,1,0.0,0.0,0.0,0.0,0,"Recorded verifier window-tag calculation, not complete authentication.",per-observation exclusive interval; no sum-of-percentiles total
forest_motion_forest_anomaly,condition_first_use,malformed_json_receiver,reject,malformed_message,reconstruction,1,0.0,0.0,0.0,0.0,0,Actual recorded BCH reconstruction; includes any observer/GC delay.,per-observation exclusive interval; no sum-of-percentiles total
forest_motion_forest_anomaly,condition_first_use,malformed_json_receiver,reject,malformed_message,release_conversion_unisolated,1,0.0,0.0,0.0,0.0,0,Accepted release remainder including conversion/dispatch/observer work outside consumer children.,per-observation exclusive interval; no sum-of-percentiles total
forest_motion_forest_anomaly,condition_first_use,malformed_json_receiver,reject,malformed_message,sender_binding_unisolated,1,0.0,0.0,0.0,0.0,0,Sender seal remainder: binding/state/orchestration/observer work not separately timed.,per-observation exclusive interval; no sum-of-percentiles total
forest_motion_forest_anomaly,condition_first_use,malformed_json_receiver,reject,malformed_message,sender_serialization_and_quality,1,0.0,0.0,0.0,0.0,0,Sender serialization including its quality validation; not separately timed.,per-observation exclusive interval; no sum-of-percentiles total
forest_motion_forest_anomaly,condition_first_use,malformed_json_receiver,reject,malformed_message,sender_window_hmac,1,0.0,0.0,0.0,0.0,0,Recorded window-tag generation call.,per-observation exclusive interval; no sum-of-percentiles total
forest_motion_forest_anomaly,condition_first_use,malformed_json_receiver,reject,malformed_message,session_establishment_unisolated,1,0.0,0.0,0.0,0.0,0,"Handshake/request/activation remainder, including unseparated HKDF/confirmation work and observer cost.",per-observation exclusive interval; no sum-of-percentiles total
forest_motion_forest_anomaly,condition_first_use,malformed_json_receiver,reject,malformed_message,simulated_response_read,1,0.0,0.0,0.0,0.0,0,"Modeled response generation, not physical acquisition.",per-observation exclusive interval; no sum-of-percentiles total
forest_motion_forest_anomaly,condition_first_use,post_window_after_refusals,accept,accepted,admission_orchestration_unisolated,1,0.0,0.0,0.0,0.0,0,Admission orchestration remainder not covered by named children.,per-observation exclusive interval; no sum-of-percentiles total
forest_motion_forest_anomaly,condition_first_use,post_window_after_refusals,accept,accepted,anomaly_consumer,1,4.9236,4.9236,4.9236,4.9236,1,Anomaly consumer including feature scaling and frozen-threshold decision.,per-observation exclusive interval; no sum-of-percentiles total
forest_motion_forest_anomaly,condition_first_use,post_window_after_refusals,accept,accepted,binary32_adapter,1,0.7901,0.7901,0.7901,0.7901,1,Canonical binary32 input adaptation before sender sealing.,per-observation exclusive interval; no sum-of-percentiles total
forest_motion_forest_anomaly,condition_first_use,post_window_after_refusals,accept,accepted,credential_verification,1,0.0,0.0,0.0,0.0,0,Recorded independent credential-verification call(s).,per-observation exclusive interval; no sum-of-percentiles total
forest_motion_forest_anomaly,condition_first_use,post_window_after_refusals,accept,accepted,in_memory_audit_measured,1,0.0692,0.0692,0.0692,0.0692,1,"Recorded audit record/prepare/commit spans, exclusive of their children; not all audit-related overhead and not durable storage.",per-observation exclusive interval; no sum-of-percentiles total
forest_motion_forest_anomaly,condition_first_use,post_window_after_refusals,accept,accepted,local_admission_checks,1,0.0,0.0,0.0,0.0,0,"Measured local authorization/binding/consumption calls, excluding nested credential verification.",per-observation exclusive interval; no sum-of-percentiles total
forest_motion_forest_anomaly,condition_first_use,post_window_after_refusals,accept,accepted,model_input_preprocessing,1,3.2544,3.2544,3.2544,3.2544,1,Shared model-input preparation; model-specific normalization remains in consumer timing.,per-observation exclusive interval; no sum-of-percentiles total
forest_motion_forest_anomaly,condition_first_use,post_window_after_refusals,accept,accepted,motion_consumer,1,13.5374,13.5374,13.5374,13.5374,1,Motion consumer including normalization/tensor preparation/prediction decoding.,per-observation exclusive interval; no sum-of-percentiles total
forest_motion_forest_anomaly,condition_first_use,post_window_after_refusals,accept,accepted,outer_orchestration_unisolated,1,0.0936,0.0936,0.0936,0.0936,1,Direct root/first-post-window remainder outside named child spans.,per-observation exclusive interval; no sum-of-percentiles total
forest_motion_forest_anomaly,condition_first_use,post_window_after_refusals,accept,accepted,receiver_binding_sequence_state_unisolated,1,0.0808,0.0808,0.0808,0.0808,1,"Verifier remainder including binding, sequence checks, locks/state publication and observer work; NOT isolated sequence latency.",per-observation exclusive interval; no sum-of-percentiles total
forest_motion_forest_anomaly,condition_first_use,post_window_after_refusals,accept,accepted,receiver_parsing,1,1.1766,1.1766,1.1766,1.1766,1,Envelope and binary parser call.,per-observation exclusive interval; no sum-of-percentiles total
forest_motion_forest_anomaly,condition_first_use,post_window_after_refusals,accept,accepted,receiver_quality_check,1,3.5449,3.5449,3.5449,3.5449,1,Verifier quality-check call.,per-observation exclusive interval; no sum-of-percentiles total
forest_motion_forest_anomaly,condition_first_use,post_window_after_refusals,accept,accepted,receiver_window_hmac,1,0.0139,0.0139,0.0139,0.0139,1,"Recorded verifier window-tag calculation, not complete authentication.",per-observation exclusive interval; no sum-of-percentiles total
forest_motion_forest_anomaly,condition_first_use,post_window_after_refusals,accept,accepted,reconstruction,1,0.0,0.0,0.0,0.0,0,Actual recorded BCH reconstruction; includes any observer/GC delay.,per-observation exclusive interval; no sum-of-percentiles total
forest_motion_forest_anomaly,condition_first_use,post_window_after_refusals,accept,accepted,release_conversion_unisolated,1,0.534,0.534,0.534,0.534,1,Accepted release remainder including conversion/dispatch/observer work outside consumer children.,per-observation exclusive interval; no sum-of-percentiles total
forest_motion_forest_anomaly,condition_first_use,post_window_after_refusals,accept,accepted,sender_binding_unisolated,1,0.0938,0.0938,0.0938,0.0938,1,Sender seal remainder: binding/state/orchestration/observer work not separately timed.,per-observation exclusive interval; no sum-of-percentiles total
forest_motion_forest_anomaly,condition_first_use,post_window_after_refusals,accept,accepted,sender_serialization_and_quality,1,3.7249,3.7249,3.7249,3.7249,1,Sender serialization including its quality validation; not separately timed.,per-observation exclusive interval; no sum-of-percentiles total
forest_motion_forest_anomaly,condition_first_use,post_window_after_refusals,accept,accepted,sender_window_hmac,1,0.031,0.031,0.031,0.031,1,Recorded window-tag generation call.,per-observation exclusive interval; no sum-of-percentiles total
forest_motion_forest_anomaly,condition_first_use,post_window_after_refusals,accept,accepted,session_establishment_unisolated,1,0.0,0.0,0.0,0.0,0,"Handshake/request/activation remainder, including unseparated HKDF/confirmation work and observer cost.",per-observation exclusive interval; no sum-of-percentiles total
forest_motion_forest_anomaly,condition_first_use,post_window_after_refusals,accept,accepted,simulated_response_read,1,0.0,0.0,0.0,0.0,0,"Modeled response generation, not physical acquisition.",per-observation exclusive interval; no sum-of-percentiles total
forest_motion_forest_anomaly,condition_first_use,post_window_recurring,accept,accepted,admission_orchestration_unisolated,1,0.0,0.0,0.0,0.0,0,Admission orchestration remainder not covered by named children.,per-observation exclusive interval; no sum-of-percentiles total
forest_motion_forest_anomaly,condition_first_use,post_window_recurring,accept,accepted,anomaly_consumer,1,6.2318,6.2318,6.2318,6.2318,1,Anomaly consumer including feature scaling and frozen-threshold decision.,per-observation exclusive interval; no sum-of-percentiles total
forest_motion_forest_anomaly,condition_first_use,post_window_recurring,accept,accepted,binary32_adapter,1,1.0695,1.0695,1.0695,1.0695,1,Canonical binary32 input adaptation before sender sealing.,per-observation exclusive interval; no sum-of-percentiles total
forest_motion_forest_anomaly,condition_first_use,post_window_recurring,accept,accepted,credential_verification,1,0.0,0.0,0.0,0.0,0,Recorded independent credential-verification call(s).,per-observation exclusive interval; no sum-of-percentiles total
forest_motion_forest_anomaly,condition_first_use,post_window_recurring,accept,accepted,in_memory_audit_measured,1,0.1026,0.1026,0.1026,0.1026,1,"Recorded audit record/prepare/commit spans, exclusive of their children; not all audit-related overhead and not durable storage.",per-observation exclusive interval; no sum-of-percentiles total
forest_motion_forest_anomaly,condition_first_use,post_window_recurring,accept,accepted,local_admission_checks,1,0.0,0.0,0.0,0.0,0,"Measured local authorization/binding/consumption calls, excluding nested credential verification.",per-observation exclusive interval; no sum-of-percentiles total
forest_motion_forest_anomaly,condition_first_use,post_window_recurring,accept,accepted,model_input_preprocessing,1,3.4087,3.4087,3.4087,3.4087,1,Shared model-input preparation; model-specific normalization remains in consumer timing.,per-observation exclusive interval; no sum-of-percentiles total
forest_motion_forest_anomaly,condition_first_use,post_window_recurring,accept,accepted,motion_consumer,1,16.2124,16.2124,16.2124,16.2124,1,Motion consumer including normalization/tensor preparation/prediction decoding.,per-observation exclusive interval; no sum-of-percentiles total
forest_motion_forest_anomaly,condition_first_use,post_window_recurring,accept,accepted,outer_orchestration_unisolated,1,0.1368,0.1368,0.1368,0.1368,1,Direct root/first-post-window remainder outside named child spans.,per-observation exclusive interval; no sum-of-percentiles total
forest_motion_forest_anomaly,condition_first_use,post_window_recurring,accept,accepted,receiver_binding_sequence_state_unisolated,1,0.086,0.086,0.086,0.086,1,"Verifier remainder including binding, sequence checks, locks/state publication and observer work; NOT isolated sequence latency.",per-observation exclusive interval; no sum-of-percentiles total
forest_motion_forest_anomaly,condition_first_use,post_window_recurring,accept,accepted,receiver_parsing,1,1.5561,1.5561,1.5561,1.5561,1,Envelope and binary parser call.,per-observation exclusive interval; no sum-of-percentiles total
forest_motion_forest_anomaly,condition_first_use,post_window_recurring,accept,accepted,receiver_quality_check,1,4.2693,4.2693,4.2693,4.2693,1,Verifier quality-check call.,per-observation exclusive interval; no sum-of-percentiles total
forest_motion_forest_anomaly,condition_first_use,post_window_recurring,accept,accepted,receiver_window_hmac,1,0.0182,0.0182,0.0182,0.0182,1,"Recorded verifier window-tag calculation, not complete authentication.",per-observation exclusive interval; no sum-of-percentiles total
forest_motion_forest_anomaly,condition_first_use,post_window_recurring,accept,accepted,reconstruction,1,0.0,0.0,0.0,0.0,0,Actual recorded BCH reconstruction; includes any observer/GC delay.,per-observation exclusive interval; no sum-of-percentiles total
forest_motion_forest_anomaly,condition_first_use,post_window_recurring,accept,accepted,release_conversion_unisolated,1,0.5933,0.5933,0.5933,0.5933,1,Accepted release remainder including conversion/dispatch/observer work outside consumer children.,per-observation exclusive interval; no sum-of-percentiles total
forest_motion_forest_anomaly,condition_first_use,post_window_recurring,accept,accepted,sender_binding_unisolated,1,0.1426,0.1426,0.1426,0.1426,1,Sender seal remainder: binding/state/orchestration/observer work not separately timed.,per-observation exclusive interval; no sum-of-percentiles total
forest_motion_forest_anomaly,condition_first_use,post_window_recurring,accept,accepted,sender_serialization_and_quality,1,4.8375,4.8375,4.8375,4.8375,1,Sender serialization including its quality validation; not separately timed.,per-observation exclusive interval; no sum-of-percentiles total
forest_motion_forest_anomaly,condition_first_use,post_window_recurring,accept,accepted,sender_window_hmac,1,0.0404,0.0404,0.0404,0.0404,1,Recorded window-tag generation call.,per-observation exclusive interval; no sum-of-percentiles total
forest_motion_forest_anomaly,condition_first_use,post_window_recurring,accept,accepted,session_establishment_unisolated,1,0.0,0.0,0.0,0.0,0,"Handshake/request/activation remainder, including unseparated HKDF/confirmation work and observer cost.",per-observation exclusive interval; no sum-of-percentiles total
forest_motion_forest_anomaly,condition_first_use,post_window_recurring,accept,accepted,simulated_response_read,1,0.0,0.0,0.0,0.0,0,"Modeled response generation, not physical acquisition.",per-observation exclusive interval; no sum-of-percentiles total
forest_motion_forest_anomaly,condition_first_use,pre_tag_quality_refusal,reject,data_quality_failure,admission_orchestration_unisolated,1,0.0,0.0,0.0,0.0,0,Admission orchestration remainder not covered by named children.,per-observation exclusive interval; no sum-of-percentiles total
forest_motion_forest_anomaly,condition_first_use,pre_tag_quality_refusal,reject,data_quality_failure,anomaly_consumer,1,0.0,0.0,0.0,0.0,0,Anomaly consumer including feature scaling and frozen-threshold decision.,per-observation exclusive interval; no sum-of-percentiles total
forest_motion_forest_anomaly,condition_first_use,pre_tag_quality_refusal,reject,data_quality_failure,binary32_adapter,1,0.8439,0.8439,0.8439,0.8439,1,Canonical binary32 input adaptation before sender sealing.,per-observation exclusive interval; no sum-of-percentiles total
forest_motion_forest_anomaly,condition_first_use,pre_tag_quality_refusal,reject,data_quality_failure,credential_verification,1,0.0,0.0,0.0,0.0,0,Recorded independent credential-verification call(s).,per-observation exclusive interval; no sum-of-percentiles total
forest_motion_forest_anomaly,condition_first_use,pre_tag_quality_refusal,reject,data_quality_failure,in_memory_audit_measured,1,0.0371,0.0371,0.0371,0.0371,1,"Recorded audit record/prepare/commit spans, exclusive of their children; not all audit-related overhead and not durable storage.",per-observation exclusive interval; no sum-of-percentiles total
forest_motion_forest_anomaly,condition_first_use,pre_tag_quality_refusal,reject,data_quality_failure,local_admission_checks,1,0.0,0.0,0.0,0.0,0,"Measured local authorization/binding/consumption calls, excluding nested credential verification.",per-observation exclusive interval; no sum-of-percentiles total
forest_motion_forest_anomaly,condition_first_use,pre_tag_quality_refusal,reject,data_quality_failure,model_input_preprocessing,1,0.0,0.0,0.0,0.0,0,Shared model-input preparation; model-specific normalization remains in consumer timing.,per-observation exclusive interval; no sum-of-percentiles total
forest_motion_forest_anomaly,condition_first_use,pre_tag_quality_refusal,reject,data_quality_failure,motion_consumer,1,0.0,0.0,0.0,0.0,0,Motion consumer including normalization/tensor preparation/prediction decoding.,per-observation exclusive interval; no sum-of-percentiles total
forest_motion_forest_anomaly,condition_first_use,pre_tag_quality_refusal,reject,data_quality_failure,outer_orchestration_unisolated,1,0.0346,0.0346,0.0346,0.0346,1,Direct root/first-post-window remainder outside named child spans.,per-observation exclusive interval; no sum-of-percentiles total
forest_motion_forest_anomaly,condition_first_use,pre_tag_quality_refusal,reject,data_quality_failure,receiver_binding_sequence_state_unisolated,1,0.0,0.0,0.0,0.0,0,"Verifier remainder including binding, sequence checks, locks/state publication and observer work; NOT isolated sequence latency.",per-observation exclusive interval; no sum-of-percentiles total
forest_motion_forest_anomaly,condition_first_use,pre_tag_quality_refusal,reject,data_quality_failure,receiver_parsing,1,0.0,0.0,0.0,0.0,0,Envelope and binary parser call.,per-observation exclusive interval; no sum-of-percentiles total
forest_motion_forest_anomaly,condition_first_use,pre_tag_quality_refusal,reject,data_quality_failure,receiver_quality_check,1,0.0,0.0,0.0,0.0,0,Verifier quality-check call.,per-observation exclusive interval; no sum-of-percentiles total
forest_motion_forest_anomaly,condition_first_use,pre_tag_quality_refusal,reject,data_quality_failure,receiver_window_hmac,1,0.0,0.0,0.0,0.0,0,"Recorded verifier window-tag calculation, not complete authentication.",per-observation exclusive interval; no sum-of-percentiles total
forest_motion_forest_anomaly,condition_first_use,pre_tag_quality_refusal,reject,data_quality_failure,reconstruction,1,0.0,0.0,0.0,0.0,0,Actual recorded BCH reconstruction; includes any observer/GC delay.,per-observation exclusive interval; no sum-of-percentiles total
forest_motion_forest_anomaly,condition_first_use,pre_tag_quality_refusal,reject,data_quality_failure,release_conversion_unisolated,1,0.0,0.0,0.0,0.0,0,Accepted release remainder including conversion/dispatch/observer work outside consumer children.,per-observation exclusive interval; no sum-of-percentiles total
forest_motion_forest_anomaly,condition_first_use,pre_tag_quality_refusal,reject,data_quality_failure,sender_binding_unisolated,1,0.0542,0.0542,0.0542,0.0542,1,Sender seal remainder: binding/state/orchestration/observer work not separately timed.,per-observation exclusive interval; no sum-of-percentiles total
forest_motion_forest_anomaly,condition_first_use,pre_tag_quality_refusal,reject,data_quality_failure,sender_serialization_and_quality,1,0.3646,0.3646,0.3646,0.3646,1,Sender serialization including its quality validation; not separately timed.,per-observation exclusive interval; no sum-of-percentiles total
forest_motion_forest_anomaly,condition_first_use,pre_tag_quality_refusal,reject,data_quality_failure,sender_window_hmac,1,0.0,0.0,0.0,0.0,0,Recorded window-tag generation call.,per-observation exclusive interval; no sum-of-percentiles total
forest_motion_forest_anomaly,condition_first_use,pre_tag_quality_refusal,reject,data_quality_failure,session_establishment_unisolated,1,0.0,0.0,0.0,0.0,0,"Handshake/request/activation remainder, including unseparated HKDF/confirmation work and observer cost.",per-observation exclusive interval; no sum-of-percentiles total
forest_motion_forest_anomaly,condition_first_use,pre_tag_quality_refusal,reject,data_quality_failure,simulated_response_read,1,0.0,0.0,0.0,0.0,0,"Modeled response generation, not physical acquisition.",per-observation exclusive interval; no sum-of-percentiles total
forest_motion_forest_anomaly,condition_first_use,valid_receiver_after_bad_tag,accept,accepted,admission_orchestration_unisolated,1,0.0,0.0,0.0,0.0,0,Admission orchestration remainder not covered by named children.,per-observation exclusive interval; no sum-of-percentiles total
forest_motion_forest_anomaly,condition_first_use,valid_receiver_after_bad_tag,accept,accepted,anomaly_consumer,1,4.8058,4.8058,4.8058,4.8058,1,Anomaly consumer including feature scaling and frozen-threshold decision.,per-observation exclusive interval; no sum-of-percentiles total
forest_motion_forest_anomaly,condition_first_use,valid_receiver_after_bad_tag,accept,accepted,binary32_adapter,1,0.0,0.0,0.0,0.0,0,Canonical binary32 input adaptation before sender sealing.,per-observation exclusive interval; no sum-of-percentiles total
forest_motion_forest_anomaly,condition_first_use,valid_receiver_after_bad_tag,accept,accepted,credential_verification,1,0.0,0.0,0.0,0.0,0,Recorded independent credential-verification call(s).,per-observation exclusive interval; no sum-of-percentiles total
forest_motion_forest_anomaly,condition_first_use,valid_receiver_after_bad_tag,accept,accepted,in_memory_audit_measured,1,0.0377,0.0377,0.0377,0.0377,1,"Recorded audit record/prepare/commit spans, exclusive of their children; not all audit-related overhead and not durable storage.",per-observation exclusive interval; no sum-of-percentiles total
forest_motion_forest_anomaly,condition_first_use,valid_receiver_after_bad_tag,accept,accepted,local_admission_checks,1,0.0,0.0,0.0,0.0,0,"Measured local authorization/binding/consumption calls, excluding nested credential verification.",per-observation exclusive interval; no sum-of-percentiles total
forest_motion_forest_anomaly,condition_first_use,valid_receiver_after_bad_tag,accept,accepted,model_input_preprocessing,1,3.255,3.255,3.255,3.255,1,Shared model-input preparation; model-specific normalization remains in consumer timing.,per-observation exclusive interval; no sum-of-percentiles total
forest_motion_forest_anomaly,condition_first_use,valid_receiver_after_bad_tag,accept,accepted,motion_consumer,1,14.8892,14.8892,14.8892,14.8892,1,Motion consumer including normalization/tensor preparation/prediction decoding.,per-observation exclusive interval; no sum-of-percentiles total
forest_motion_forest_anomaly,condition_first_use,valid_receiver_after_bad_tag,accept,accepted,outer_orchestration_unisolated,1,0.0194,0.0194,0.0194,0.0194,1,Direct root/first-post-window remainder outside named child spans.,per-observation exclusive interval; no sum-of-percentiles total
forest_motion_forest_anomaly,condition_first_use,valid_receiver_after_bad_tag,accept,accepted,receiver_binding_sequence_state_unisolated,1,0.0739,0.0739,0.0739,0.0739,1,"Verifier remainder including binding, sequence checks, locks/state publication and observer work; NOT isolated sequence latency.",per-observation exclusive interval; no sum-of-percentiles total
forest_motion_forest_anomaly,condition_first_use,valid_receiver_after_bad_tag,accept,accepted,receiver_parsing,1,1.3293,1.3293,1.3293,1.3293,1,Envelope and binary parser call.,per-observation exclusive interval; no sum-of-percentiles total
forest_motion_forest_anomaly,condition_first_use,valid_receiver_after_bad_tag,accept,accepted,receiver_quality_check,1,4.2792,4.2792,4.2792,4.2792,1,Verifier quality-check call.,per-observation exclusive interval; no sum-of-percentiles total
forest_motion_forest_anomaly,condition_first_use,valid_receiver_after_bad_tag,accept,accepted,receiver_window_hmac,1,0.0154,0.0154,0.0154,0.0154,1,"Recorded verifier window-tag calculation, not complete authentication.",per-observation exclusive interval; no sum-of-percentiles total
forest_motion_forest_anomaly,condition_first_use,valid_receiver_after_bad_tag,accept,accepted,reconstruction,1,0.0,0.0,0.0,0.0,0,Actual recorded BCH reconstruction; includes any observer/GC delay.,per-observation exclusive interval; no sum-of-percentiles total
forest_motion_forest_anomaly,condition_first_use,valid_receiver_after_bad_tag,accept,accepted,release_conversion_unisolated,1,0.5168,0.5168,0.5168,0.5168,1,Accepted release remainder including conversion/dispatch/observer work outside consumer children.,per-observation exclusive interval; no sum-of-percentiles total
forest_motion_forest_anomaly,condition_first_use,valid_receiver_after_bad_tag,accept,accepted,sender_binding_unisolated,1,0.0,0.0,0.0,0.0,0,Sender seal remainder: binding/state/orchestration/observer work not separately timed.,per-observation exclusive interval; no sum-of-percentiles total
forest_motion_forest_anomaly,condition_first_use,valid_receiver_after_bad_tag,accept,accepted,sender_serialization_and_quality,1,0.0,0.0,0.0,0.0,0,Sender serialization including its quality validation; not separately timed.,per-observation exclusive interval; no sum-of-percentiles total
forest_motion_forest_anomaly,condition_first_use,valid_receiver_after_bad_tag,accept,accepted,sender_window_hmac,1,0.0,0.0,0.0,0.0,0,Recorded window-tag generation call.,per-observation exclusive interval; no sum-of-percentiles total
forest_motion_forest_anomaly,condition_first_use,valid_receiver_after_bad_tag,accept,accepted,session_establishment_unisolated,1,0.0,0.0,0.0,0.0,0,"Handshake/request/activation remainder, including unseparated HKDF/confirmation work and observer cost.",per-observation exclusive interval; no sum-of-percentiles total
forest_motion_forest_anomaly,condition_first_use,valid_receiver_after_bad_tag,accept,accepted,simulated_response_read,1,0.0,0.0,0.0,0.0,0,"Modeled response generation, not physical acquisition.",per-observation exclusive interval; no sum-of-percentiles total
forest_motion_forest_anomaly,measured,bad_tag_receiver,reject,invalid_tag,admission_orchestration_unisolated,599,0.0,0.0,0.0,0.0,0,Admission orchestration remainder not covered by named children.,per-observation exclusive interval; no sum-of-percentiles total
forest_motion_forest_anomaly,measured,bad_tag_receiver,reject,invalid_tag,anomaly_consumer,599,0.0,0.0,0.0,0.0,0,Anomaly consumer including feature scaling and frozen-threshold decision.,per-observation exclusive interval; no sum-of-percentiles total
forest_motion_forest_anomaly,measured,bad_tag_receiver,reject,invalid_tag,binary32_adapter,599,0.0,0.0,0.0,0.0,0,Canonical binary32 input adaptation before sender sealing.,per-observation exclusive interval; no sum-of-percentiles total
forest_motion_forest_anomaly,measured,bad_tag_receiver,reject,invalid_tag,credential_verification,599,0.0,0.0,0.0,0.0,0,Recorded independent credential-verification call(s).,per-observation exclusive interval; no sum-of-percentiles total
forest_motion_forest_anomaly,measured,bad_tag_receiver,reject,invalid_tag,in_memory_audit_measured,599,0.0327,0.05101,0.06601399999999999,0.1125,599,"Recorded audit record/prepare/commit spans, exclusive of their children; not all audit-related overhead and not durable storage.",per-observation exclusive interval; no sum-of-percentiles total
forest_motion_forest_anomaly,measured,bad_tag_receiver,reject,invalid_tag,local_admission_checks,599,0.0,0.0,0.0,0.0,0,"Measured local authorization/binding/consumption calls, excluding nested credential verification.",per-observation exclusive interval; no sum-of-percentiles total
forest_motion_forest_anomaly,measured,bad_tag_receiver,reject,invalid_tag,model_input_preprocessing,599,0.0,0.0,0.0,0.0,0,Shared model-input preparation; model-specific normalization remains in consumer timing.,per-observation exclusive interval; no sum-of-percentiles total
forest_motion_forest_anomaly,measured,bad_tag_receiver,reject,invalid_tag,motion_consumer,599,0.0,0.0,0.0,0.0,0,Motion consumer including normalization/tensor preparation/prediction decoding.,per-observation exclusive interval; no sum-of-percentiles total
forest_motion_forest_anomaly,measured,bad_tag_receiver,reject,invalid_tag,outer_orchestration_unisolated,599,0.0109,0.0166,0.021821999999999977,0.2551,599,Direct root/first-post-window remainder outside named child spans.,per-observation exclusive interval; no sum-of-percentiles total
forest_motion_forest_anomaly,measured,bad_tag_receiver,reject,invalid_tag,receiver_binding_sequence_state_unisolated,599,0.0837,0.13371,0.155214,0.4089,599,"Verifier remainder including binding, sequence checks, locks/state publication and observer work; NOT isolated sequence latency.",per-observation exclusive interval; no sum-of-percentiles total
forest_motion_forest_anomaly,measured,bad_tag_receiver,reject,invalid_tag,receiver_parsing,599,1.3204,1.76518,2.1419379999999997,2.5994,599,Envelope and binary parser call.,per-observation exclusive interval; no sum-of-percentiles total
forest_motion_forest_anomaly,measured,bad_tag_receiver,reject,invalid_tag,receiver_quality_check,599,0.0,0.0,0.0,0.0,0,Verifier quality-check call.,per-observation exclusive interval; no sum-of-percentiles total
forest_motion_forest_anomaly,measured,bad_tag_receiver,reject,invalid_tag,receiver_window_hmac,599,0.0166,0.029920000000000002,0.03962199999999998,0.1575,599,"Recorded verifier window-tag calculation, not complete authentication.",per-observation exclusive interval; no sum-of-percentiles total
forest_motion_forest_anomaly,measured,bad_tag_receiver,reject,invalid_tag,reconstruction,599,0.0,0.0,0.0,0.0,0,Actual recorded BCH reconstruction; includes any observer/GC delay.,per-observation exclusive interval; no sum-of-percentiles total
forest_motion_forest_anomaly,measured,bad_tag_receiver,reject,invalid_tag,release_conversion_unisolated,599,0.0,0.0,0.0,0.0,0,Accepted release remainder including conversion/dispatch/observer work outside consumer children.,per-observation exclusive interval; no sum-of-percentiles total
forest_motion_forest_anomaly,measured,bad_tag_receiver,reject,invalid_tag,sender_binding_unisolated,599,0.0,0.0,0.0,0.0,0,Sender seal remainder: binding/state/orchestration/observer work not separately timed.,per-observation exclusive interval; no sum-of-percentiles total
forest_motion_forest_anomaly,measured,bad_tag_receiver,reject,invalid_tag,sender_serialization_and_quality,599,0.0,0.0,0.0,0.0,0,Sender serialization including its quality validation; not separately timed.,per-observation exclusive interval; no sum-of-percentiles total
forest_motion_forest_anomaly,measured,bad_tag_receiver,reject,invalid_tag,sender_window_hmac,599,0.0,0.0,0.0,0.0,0,Recorded window-tag generation call.,per-observation exclusive interval; no sum-of-percentiles total
forest_motion_forest_anomaly,measured,bad_tag_receiver,reject,invalid_tag,session_establishment_unisolated,599,0.0,0.0,0.0,0.0,0,"Handshake/request/activation remainder, including unseparated HKDF/confirmation work and observer cost.",per-observation exclusive interval; no sum-of-percentiles total
forest_motion_forest_anomaly,measured,bad_tag_receiver,reject,invalid_tag,simulated_response_read,599,0.0,0.0,0.0,0.0,0,"Modeled response generation, not physical acquisition.",per-observation exclusive interval; no sum-of-percentiles total
forest_motion_forest_anomaly,measured,exact_replay_receiver,reject,duplicate_sequence,admission_orchestration_unisolated,599,0.0,0.0,0.0,0.0,0,Admission orchestration remainder not covered by named children.,per-observation exclusive interval; no sum-of-percentiles total
forest_motion_forest_anomaly,measured,exact_replay_receiver,reject,duplicate_sequence,anomaly_consumer,599,0.0,0.0,0.0,0.0,0,Anomaly consumer including feature scaling and frozen-threshold decision.,per-observation exclusive interval; no sum-of-percentiles total
forest_motion_forest_anomaly,measured,exact_replay_receiver,reject,duplicate_sequence,binary32_adapter,599,0.0,0.0,0.0,0.0,0,Canonical binary32 input adaptation before sender sealing.,per-observation exclusive interval; no sum-of-percentiles total
forest_motion_forest_anomaly,measured,exact_replay_receiver,reject,duplicate_sequence,credential_verification,599,0.0,0.0,0.0,0.0,0,Recorded independent credential-verification call(s).,per-observation exclusive interval; no sum-of-percentiles total
forest_motion_forest_anomaly,measured,exact_replay_receiver,reject,duplicate_sequence,in_memory_audit_measured,599,0.0469,0.06969000000000002,0.08702199999999999,3.0124,599,"Recorded audit record/prepare/commit spans, exclusive of their children; not all audit-related overhead and not durable storage.",per-observation exclusive interval; no sum-of-percentiles total
forest_motion_forest_anomaly,measured,exact_replay_receiver,reject,duplicate_sequence,local_admission_checks,599,0.0,0.0,0.0,0.0,0,"Measured local authorization/binding/consumption calls, excluding nested credential verification.",per-observation exclusive interval; no sum-of-percentiles total
forest_motion_forest_anomaly,measured,exact_replay_receiver,reject,duplicate_sequence,model_input_preprocessing,599,0.0,0.0,0.0,0.0,0,Shared model-input preparation; model-specific normalization remains in consumer timing.,per-observation exclusive interval; no sum-of-percentiles total
forest_motion_forest_anomaly,measured,exact_replay_receiver,reject,duplicate_sequence,motion_consumer,599,0.0,0.0,0.0,0.0,0,Motion consumer including normalization/tensor preparation/prediction decoding.,per-observation exclusive interval; no sum-of-percentiles total
forest_motion_forest_anomaly,measured,exact_replay_receiver,reject,duplicate_sequence,outer_orchestration_unisolated,599,0.0089,0.0149,0.017909999999999992,0.0371,599,Direct root/first-post-window remainder outside named child spans.,per-observation exclusive interval; no sum-of-percentiles total
forest_motion_forest_anomaly,measured,exact_replay_receiver,reject,duplicate_sequence,receiver_binding_sequence_state_unisolated,599,0.0954,0.16868000000000002,0.21236399999999986,0.2677,599,"Verifier remainder including binding, sequence checks, locks/state publication and observer work; NOT isolated sequence latency.",per-observation exclusive interval; no sum-of-percentiles total
forest_motion_forest_anomaly,measured,exact_replay_receiver,reject,duplicate_sequence,receiver_parsing,599,1.2782,3.80932,4.71017,283.6181,599,Envelope and binary parser call.,per-observation exclusive interval; no sum-of-percentiles total
forest_motion_forest_anomaly,measured,exact_replay_receiver,reject,duplicate_sequence,receiver_quality_check,599,3.2512,4.664340000000001,5.351296,5.9667,599,Verifier quality-check call.,per-observation exclusive interval; no sum-of-percentiles total
forest_motion_forest_anomaly,measured,exact_replay_receiver,reject,duplicate_sequence,receiver_window_hmac,599,0.0245,0.03951,0.046319999999999986,0.0583,599,"Recorded verifier window-tag calculation, not complete authentication.",per-observation exclusive interval; no sum-of-percentiles total
forest_motion_forest_anomaly,measured,exact_replay_receiver,reject,duplicate_sequence,reconstruction,599,0.0,0.0,0.0,0.0,0,Actual recorded BCH reconstruction; includes any observer/GC delay.,per-observation exclusive interval; no sum-of-percentiles total
forest_motion_forest_anomaly,measured,exact_replay_receiver,reject,duplicate_sequence,release_conversion_unisolated,599,0.0,0.0,0.0,0.0,0,Accepted release remainder including conversion/dispatch/observer work outside consumer children.,per-observation exclusive interval; no sum-of-percentiles total
forest_motion_forest_anomaly,measured,exact_replay_receiver,reject,duplicate_sequence,sender_binding_unisolated,599,0.0,0.0,0.0,0.0,0,Sender seal remainder: binding/state/orchestration/observer work not separately timed.,per-observation exclusive interval; no sum-of-percentiles total
forest_motion_forest_anomaly,measured,exact_replay_receiver,reject,duplicate_sequence,sender_serialization_and_quality,599,0.0,0.0,0.0,0.0,0,Sender serialization including its quality validation; not separately timed.,per-observation exclusive interval; no sum-of-percentiles total
forest_motion_forest_anomaly,measured,exact_replay_receiver,reject,duplicate_sequence,sender_window_hmac,599,0.0,0.0,0.0,0.0,0,Recorded window-tag generation call.,per-observation exclusive interval; no sum-of-percentiles total
forest_motion_forest_anomaly,measured,exact_replay_receiver,reject,duplicate_sequence,session_establishment_unisolated,599,0.0,0.0,0.0,0.0,0,"Handshake/request/activation remainder, including unseparated HKDF/confirmation work and observer cost.",per-observation exclusive interval; no sum-of-percentiles total
forest_motion_forest_anomaly,measured,exact_replay_receiver,reject,duplicate_sequence,simulated_response_read,599,0.0,0.0,0.0,0.0,0,"Modeled response generation, not physical acquisition.",per-observation exclusive interval; no sum-of-percentiles total
forest_motion_forest_anomaly,measured,fresh_to_first_window,accept,accepted,admission_orchestration_unisolated,599,0.0403,0.06075000000000001,0.06771999999999988,0.0919,599,Admission orchestration remainder not covered by named children.,per-observation exclusive interval; no sum-of-percentiles total
forest_motion_forest_anomaly,measured,fresh_to_first_window,accept,accepted,anomaly_consumer,599,5.7649,8.2136,9.162505999999999,39.3165,599,Anomaly consumer including feature scaling and frozen-threshold decision.,per-observation exclusive interval; no sum-of-percentiles total
forest_motion_forest_anomaly,measured,fresh_to_first_window,accept,accepted,binary32_adapter,599,0.996,1.36942,1.5480159999999998,3.0751,599,Canonical binary32 input adaptation before sender sealing.,per-observation exclusive interval; no sum-of-percentiles total
forest_motion_forest_anomaly,measured,fresh_to_first_window,accept,accepted,credential_verification,599,0.0476,0.07211,0.08314799999999996,0.1005,599,Recorded independent credential-verification call(s).,per-observation exclusive interval; no sum-of-percentiles total
forest_motion_forest_anomaly,measured,fresh_to_first_window,accept,accepted,in_memory_audit_measured,599,0.1721,0.26671,0.3028799999999999,0.3663,599,"Recorded audit record/prepare/commit spans, exclusive of their children; not all audit-related overhead and not durable storage.",per-observation exclusive interval; no sum-of-percentiles total
forest_motion_forest_anomaly,measured,fresh_to_first_window,accept,accepted,local_admission_checks,599,0.0521,0.08284000000000001,0.10020399999999992,0.2012,599,"Measured local authorization/binding/consumption calls, excluding nested credential verification.",per-observation exclusive interval; no sum-of-percentiles total
forest_motion_forest_anomaly,measured,fresh_to_first_window,accept,accepted,model_input_preprocessing,599,3.1895,4.9133,5.479321999999998,6.0597,599,Shared model-input preparation; model-specific normalization remains in consumer timing.,per-observation exclusive interval; no sum-of-percentiles total
forest_motion_forest_anomaly,measured,fresh_to_first_window,accept,accepted,motion_consumer,599,16.3623,22.98037,24.483094,37.9541,599,Motion consumer including normalization/tensor preparation/prediction decoding.,per-observation exclusive interval; no sum-of-percentiles total
forest_motion_forest_anomaly,measured,fresh_to_first_window,accept,accepted,outer_orchestration_unisolated,599,0.1068,0.21068000000000006,0.25414599999999987,1.3069,599,Direct root/first-post-window remainder outside named child spans.,per-observation exclusive interval; no sum-of-percentiles total
forest_motion_forest_anomaly,measured,fresh_to_first_window,accept,accepted,receiver_binding_sequence_state_unisolated,599,0.0771,0.13093,0.16337599999999994,0.3409,599,"Verifier remainder including binding, sequence checks, locks/state publication and observer work; NOT isolated sequence latency.",per-observation exclusive interval; no sum-of-percentiles total
forest_motion_forest_anomaly,measured,fresh_to_first_window,accept,accepted,receiver_parsing,599,1.5098,3.9624100000000015,5.429523999999997,245.0527,599,Envelope and binary parser call.,per-observation exclusive interval; no sum-of-percentiles total
forest_motion_forest_anomaly,measured,fresh_to_first_window,accept,accepted,receiver_quality_check,599,4.1337,5.58832,6.1184319999999985,7.1965,599,Verifier quality-check call.,per-observation exclusive interval; no sum-of-percentiles total
forest_motion_forest_anomaly,measured,fresh_to_first_window,accept,accepted,receiver_window_hmac,599,0.0151,0.026410000000000003,0.036905999999999994,0.0547,599,"Recorded verifier window-tag calculation, not complete authentication.",per-observation exclusive interval; no sum-of-percentiles total
forest_motion_forest_anomaly,measured,fresh_to_first_window,accept,accepted,reconstruction,599,3.0574,7.045060000000002,7.809998,26.6323,599,Actual recorded BCH reconstruction; includes any observer/GC delay.,per-observation exclusive interval; no sum-of-percentiles total
forest_motion_forest_anomaly,measured,fresh_to_first_window,accept,accepted,release_conversion_unisolated,599,0.5168,0.7948700000000001,0.9106319999999999,1.9179,599,Accepted release remainder including conversion/dispatch/observer work outside consumer children.,per-observation exclusive interval; no sum-of-percentiles total
forest_motion_forest_anomaly,measured,fresh_to_first_window,accept,accepted,sender_binding_unisolated,599,0.1075,0.17865,0.2199039999999999,0.3931,599,Sender seal remainder: binding/state/orchestration/observer work not separately timed.,per-observation exclusive interval; no sum-of-percentiles total
forest_motion_forest_anomaly,measured,fresh_to_first_window,accept,accepted,sender_serialization_and_quality,599,4.5243,6.03055,6.467998,8.7127,599,Sender serialization including its quality validation; not separately timed.,per-observation exclusive interval; no sum-of-percentiles total
forest_motion_forest_anomaly,measured,fresh_to_first_window,accept,accepted,sender_window_hmac,599,0.0163,0.032220000000000006,0.04400799999999999,0.0982,599,Recorded window-tag generation call.,per-observation exclusive interval; no sum-of-percentiles total
forest_motion_forest_anomaly,measured,fresh_to_first_window,accept,accepted,session_establishment_unisolated,599,0.357,0.55112,0.6121839999999997,0.9508,599,"Handshake/request/activation remainder, including unseparated HKDF/confirmation work and observer cost.",per-observation exclusive interval; no sum-of-percentiles total
forest_motion_forest_anomaly,measured,fresh_to_first_window,accept,accepted,simulated_response_read,599,0.142,0.20995,0.27722799999999986,0.5283,599,"Modeled response generation, not physical acquisition.",per-observation exclusive interval; no sum-of-percentiles total
forest_motion_forest_anomaly,measured,fresh_to_first_window,reject,failed_reconstruction,admission_orchestration_unisolated,1,0.0226,0.0226,0.0226,0.0226,1,Admission orchestration remainder not covered by named children.,per-observation exclusive interval; no sum-of-percentiles total
forest_motion_forest_anomaly,measured,fresh_to_first_window,reject,failed_reconstruction,anomaly_consumer,1,0.0,0.0,0.0,0.0,0,Anomaly consumer including feature scaling and frozen-threshold decision.,per-observation exclusive interval; no sum-of-percentiles total
forest_motion_forest_anomaly,measured,fresh_to_first_window,reject,failed_reconstruction,binary32_adapter,1,0.0,0.0,0.0,0.0,0,Canonical binary32 input adaptation before sender sealing.,per-observation exclusive interval; no sum-of-percentiles total
forest_motion_forest_anomaly,measured,fresh_to_first_window,reject,failed_reconstruction,credential_verification,1,0.0,0.0,0.0,0.0,0,Recorded independent credential-verification call(s).,per-observation exclusive interval; no sum-of-percentiles total
forest_motion_forest_anomaly,measured,fresh_to_first_window,reject,failed_reconstruction,in_memory_audit_measured,1,0.0375,0.0375,0.0375,0.0375,1,"Recorded audit record/prepare/commit spans, exclusive of their children; not all audit-related overhead and not durable storage.",per-observation exclusive interval; no sum-of-percentiles total
forest_motion_forest_anomaly,measured,fresh_to_first_window,reject,failed_reconstruction,local_admission_checks,1,0.0,0.0,0.0,0.0,0,"Measured local authorization/binding/consumption calls, excluding nested credential verification.",per-observation exclusive interval; no sum-of-percentiles total
forest_motion_forest_anomaly,measured,fresh_to_first_window,reject,failed_reconstruction,model_input_preprocessing,1,0.0,0.0,0.0,0.0,0,Shared model-input preparation; model-specific normalization remains in consumer timing.,per-observation exclusive interval; no sum-of-percentiles total
forest_motion_forest_anomaly,measured,fresh_to_first_window,reject,failed_reconstruction,motion_consumer,1,0.0,0.0,0.0,0.0,0,Motion consumer including normalization/tensor preparation/prediction decoding.,per-observation exclusive interval; no sum-of-percentiles total
forest_motion_forest_anomaly,measured,fresh_to_first_window,reject,failed_reconstruction,outer_orchestration_unisolated,1,0.0096,0.0096,0.0096,0.0096,1,Direct root/first-post-window remainder outside named child spans.,per-observation exclusive interval; no sum-of-percentiles total
forest_motion_forest_anomaly,measured,fresh_to_first_window,reject,failed_reconstruction,receiver_binding_sequence_state_unisolated,1,0.0,0.0,0.0,0.0,0,"Verifier remainder including binding, sequence checks, locks/state publication and observer work; NOT isolated sequence latency.",per-observation exclusive interval; no sum-of-percentiles total
forest_motion_forest_anomaly,measured,fresh_to_first_window,reject,failed_reconstruction,receiver_parsing,1,0.0,0.0,0.0,0.0,0,Envelope and binary parser call.,per-observation exclusive interval; no sum-of-percentiles total
forest_motion_forest_anomaly,measured,fresh_to_first_window,reject,failed_reconstruction,receiver_quality_check,1,0.0,0.0,0.0,0.0,0,Verifier quality-check call.,per-observation exclusive interval; no sum-of-percentiles total
forest_motion_forest_anomaly,measured,fresh_to_first_window,reject,failed_reconstruction,receiver_window_hmac,1,0.0,0.0,0.0,0.0,0,"Recorded verifier window-tag calculation, not complete authentication.",per-observation exclusive interval; no sum-of-percentiles total
forest_motion_forest_anomaly,measured,fresh_to_first_window,reject,failed_reconstruction,reconstruction,1,4.5945,4.5945,4.5945,4.5945,1,Actual recorded BCH reconstruction; includes any observer/GC delay.,per-observation exclusive interval; no sum-of-percentiles total
forest_motion_forest_anomaly,measured,fresh_to_first_window,reject,failed_reconstruction,release_conversion_unisolated,1,0.0,0.0,0.0,0.0,0,Accepted release remainder including conversion/dispatch/observer work outside consumer children.,per-observation exclusive interval; no sum-of-percentiles total
forest_motion_forest_anomaly,measured,fresh_to_first_window,reject,failed_reconstruction,sender_binding_unisolated,1,0.0,0.0,0.0,0.0,0,Sender seal remainder: binding/state/orchestration/observer work not separately timed.,per-observation exclusive interval; no sum-of-percentiles total
forest_motion_forest_anomaly,measured,fresh_to_first_window,reject,failed_reconstruction,sender_serialization_and_quality,1,0.0,0.0,0.0,0.0,0,Sender serialization including its quality validation; not separately timed.,per-observation exclusive interval; no sum-of-percentiles total
forest_motion_forest_anomaly,measured,fresh_to_first_window,reject,failed_reconstruction,sender_window_hmac,1,0.0,0.0,0.0,0.0,0,Recorded window-tag generation call.,per-observation exclusive interval; no sum-of-percentiles total
forest_motion_forest_anomaly,measured,fresh_to_first_window,reject,failed_reconstruction,session_establishment_unisolated,1,0.052,0.052,0.052,0.052,1,"Handshake/request/activation remainder, including unseparated HKDF/confirmation work and observer cost.",per-observation exclusive interval; no sum-of-percentiles total
forest_motion_forest_anomaly,measured,fresh_to_first_window,reject,failed_reconstruction,simulated_response_read,1,0.137,0.137,0.137,0.137,1,"Modeled response generation, not physical acquisition.",per-observation exclusive interval; no sum-of-percentiles total
forest_motion_forest_anomaly,measured,malformed_json_receiver,reject,malformed_message,admission_orchestration_unisolated,599,0.0,0.0,0.0,0.0,0,Admission orchestration remainder not covered by named children.,per-observation exclusive interval; no sum-of-percentiles total
forest_motion_forest_anomaly,measured,malformed_json_receiver,reject,malformed_message,anomaly_consumer,599,0.0,0.0,0.0,0.0,0,Anomaly consumer including feature scaling and frozen-threshold decision.,per-observation exclusive interval; no sum-of-percentiles total
forest_motion_forest_anomaly,measured,malformed_json_receiver,reject,malformed_message,binary32_adapter,599,0.0,0.0,0.0,0.0,0,Canonical binary32 input adaptation before sender sealing.,per-observation exclusive interval; no sum-of-percentiles total
forest_motion_forest_anomaly,measured,malformed_json_receiver,reject,malformed_message,credential_verification,599,0.0,0.0,0.0,0.0,0,Recorded independent credential-verification call(s).,per-observation exclusive interval; no sum-of-percentiles total
forest_motion_forest_anomaly,measured,malformed_json_receiver,reject,malformed_message,in_memory_audit_measured,599,0.0377,0.06277000000000002,0.08095599999999994,0.1146,599,"Recorded audit record/prepare/commit spans, exclusive of their children; not all audit-related overhead and not durable storage.",per-observation exclusive interval; no sum-of-percentiles total
forest_motion_forest_anomaly,measured,malformed_json_receiver,reject,malformed_message,local_admission_checks,599,0.0,0.0,0.0,0.0,0,"Measured local authorization/binding/consumption calls, excluding nested credential verification.",per-observation exclusive interval; no sum-of-percentiles total
forest_motion_forest_anomaly,measured,malformed_json_receiver,reject,malformed_message,model_input_preprocessing,599,0.0,0.0,0.0,0.0,0,Shared model-input preparation; model-specific normalization remains in consumer timing.,per-observation exclusive interval; no sum-of-percentiles total
forest_motion_forest_anomaly,measured,malformed_json_receiver,reject,malformed_message,motion_consumer,599,0.0,0.0,0.0,0.0,0,Motion consumer including normalization/tensor preparation/prediction decoding.,per-observation exclusive interval; no sum-of-percentiles total
forest_motion_forest_anomaly,measured,malformed_json_receiver,reject,malformed_message,outer_orchestration_unisolated,599,0.006,0.010010000000000002,0.012915999999999985,0.0202,599,Direct root/first-post-window remainder outside named child spans.,per-observation exclusive interval; no sum-of-percentiles total
forest_motion_forest_anomaly,measured,malformed_json_receiver,reject,malformed_message,receiver_binding_sequence_state_unisolated,599,0.0314,0.05241,0.06882399999999997,1.1768,599,"Verifier remainder including binding, sequence checks, locks/state publication and observer work; NOT isolated sequence latency.",per-observation exclusive interval; no sum-of-percentiles total
forest_motion_forest_anomaly,measured,malformed_json_receiver,reject,malformed_message,receiver_parsing,599,0.0251,0.041830000000000006,0.05481399999999999,0.2785,599,Envelope and binary parser call.,per-observation exclusive interval; no sum-of-percentiles total
forest_motion_forest_anomaly,measured,malformed_json_receiver,reject,malformed_message,receiver_quality_check,599,0.0,0.0,0.0,0.0,0,Verifier quality-check call.,per-observation exclusive interval; no sum-of-percentiles total
forest_motion_forest_anomaly,measured,malformed_json_receiver,reject,malformed_message,receiver_window_hmac,599,0.0,0.0,0.0,0.0,0,"Recorded verifier window-tag calculation, not complete authentication.",per-observation exclusive interval; no sum-of-percentiles total
forest_motion_forest_anomaly,measured,malformed_json_receiver,reject,malformed_message,reconstruction,599,0.0,0.0,0.0,0.0,0,Actual recorded BCH reconstruction; includes any observer/GC delay.,per-observation exclusive interval; no sum-of-percentiles total
forest_motion_forest_anomaly,measured,malformed_json_receiver,reject,malformed_message,release_conversion_unisolated,599,0.0,0.0,0.0,0.0,0,Accepted release remainder including conversion/dispatch/observer work outside consumer children.,per-observation exclusive interval; no sum-of-percentiles total
forest_motion_forest_anomaly,measured,malformed_json_receiver,reject,malformed_message,sender_binding_unisolated,599,0.0,0.0,0.0,0.0,0,Sender seal remainder: binding/state/orchestration/observer work not separately timed.,per-observation exclusive interval; no sum-of-percentiles total
forest_motion_forest_anomaly,measured,malformed_json_receiver,reject,malformed_message,sender_serialization_and_quality,599,0.0,0.0,0.0,0.0,0,Sender serialization including its quality validation; not separately timed.,per-observation exclusive interval; no sum-of-percentiles total
forest_motion_forest_anomaly,measured,malformed_json_receiver,reject,malformed_message,sender_window_hmac,599,0.0,0.0,0.0,0.0,0,Recorded window-tag generation call.,per-observation exclusive interval; no sum-of-percentiles total
forest_motion_forest_anomaly,measured,malformed_json_receiver,reject,malformed_message,session_establishment_unisolated,599,0.0,0.0,0.0,0.0,0,"Handshake/request/activation remainder, including unseparated HKDF/confirmation work and observer cost.",per-observation exclusive interval; no sum-of-percentiles total
forest_motion_forest_anomaly,measured,malformed_json_receiver,reject,malformed_message,simulated_response_read,599,0.0,0.0,0.0,0.0,0,"Modeled response generation, not physical acquisition.",per-observation exclusive interval; no sum-of-percentiles total
forest_motion_forest_anomaly,measured,post_window_after_refusals,accept,accepted,admission_orchestration_unisolated,599,0.0,0.0,0.0,0.0,0,Admission orchestration remainder not covered by named children.,per-observation exclusive interval; no sum-of-percentiles total
forest_motion_forest_anomaly,measured,post_window_after_refusals,accept,accepted,anomaly_consumer,599,4.3768,5.95794,7.6764179999999955,18.6365,599,Anomaly consumer including feature scaling and frozen-threshold decision.,per-observation exclusive interval; no sum-of-percentiles total
forest_motion_forest_anomaly,measured,post_window_after_refusals,accept,accepted,binary32_adapter,599,0.7487,1.10709,1.3059639999999997,1.7959,599,Canonical binary32 input adaptation before sender sealing.,per-observation exclusive interval; no sum-of-percentiles total
forest_motion_forest_anomaly,measured,post_window_after_refusals,accept,accepted,credential_verification,599,0.0,0.0,0.0,0.0,0,Recorded independent credential-verification call(s).,per-observation exclusive interval; no sum-of-percentiles total
forest_motion_forest_anomaly,measured,post_window_after_refusals,accept,accepted,in_memory_audit_measured,599,0.0632,0.09783000000000003,0.13446599999999995,0.2076,599,"Recorded audit record/prepare/commit spans, exclusive of their children; not all audit-related overhead and not durable storage.",per-observation exclusive interval; no sum-of-percentiles total
forest_motion_forest_anomaly,measured,post_window_after_refusals,accept,accepted,local_admission_checks,599,0.0,0.0,0.0,0.0,0,"Measured local authorization/binding/consumption calls, excluding nested credential verification.",per-observation exclusive interval; no sum-of-percentiles total
forest_motion_forest_anomaly,measured,post_window_after_refusals,accept,accepted,model_input_preprocessing,599,2.3741,3.86777,4.9103759999999985,5.924,599,Shared model-input preparation; model-specific normalization remains in consumer timing.,per-observation exclusive interval; no sum-of-percentiles total
forest_motion_forest_anomaly,measured,post_window_after_refusals,accept,accepted,motion_consumer,599,12.552,16.93405,21.435683999999995,37.398,599,Motion consumer including normalization/tensor preparation/prediction decoding.,per-observation exclusive interval; no sum-of-percentiles total
forest_motion_forest_anomaly,measured,post_window_after_refusals,accept,accepted,outer_orchestration_unisolated,599,0.0636,0.12651,0.17725199999999994,0.4569,599,Direct root/first-post-window remainder outside named child spans.,per-observation exclusive interval; no sum-of-percentiles total
forest_motion_forest_anomaly,measured,post_window_after_refusals,accept,accepted,receiver_binding_sequence_state_unisolated,599,0.0657,0.11038000000000002,0.15496599999999985,0.32,599,"Verifier remainder including binding, sequence checks, locks/state publication and observer work; NOT isolated sequence latency.",per-observation exclusive interval; no sum-of-percentiles total
forest_motion_forest_anomaly,measured,post_window_after_refusals,accept,accepted,receiver_parsing,599,1.1419,3.318330000000001,4.317579999999999,233.169,599,Envelope and binary parser call.,per-observation exclusive interval; no sum-of-percentiles total
forest_motion_forest_anomaly,measured,post_window_after_refusals,accept,accepted,receiver_quality_check,599,3.1882,4.55693,5.615696,7.4814,599,Verifier quality-check call.,per-observation exclusive interval; no sum-of-percentiles total
forest_motion_forest_anomaly,measured,post_window_after_refusals,accept,accepted,receiver_window_hmac,599,0.0138,0.025510000000000005,0.0391,0.1017,599,"Recorded verifier window-tag calculation, not complete authentication.",per-observation exclusive interval; no sum-of-percentiles total
forest_motion_forest_anomaly,measured,post_window_after_refusals,accept,accepted,reconstruction,599,0.0,0.0,0.0,0.0,0,Actual recorded BCH reconstruction; includes any observer/GC delay.,per-observation exclusive interval; no sum-of-percentiles total
forest_motion_forest_anomaly,measured,post_window_after_refusals,accept,accepted,release_conversion_unisolated,599,0.3946,0.6164100000000002,0.7160959999999997,0.8897,599,Accepted release remainder including conversion/dispatch/observer work outside consumer children.,per-observation exclusive interval; no sum-of-percentiles total
forest_motion_forest_anomaly,measured,post_window_after_refusals,accept,accepted,sender_binding_unisolated,599,0.0925,0.14205,0.18680799999999984,0.2928,599,Sender seal remainder: binding/state/orchestration/observer work not separately timed.,per-observation exclusive interval; no sum-of-percentiles total
forest_motion_forest_anomaly,measured,post_window_after_refusals,accept,accepted,sender_serialization_and_quality,599,3.5214,4.91925,5.956095999999998,9.1928,599,Sender serialization including its quality validation; not separately timed.,per-observation exclusive interval; no sum-of-percentiles total
forest_motion_forest_anomaly,measured,post_window_after_refusals,accept,accepted,sender_window_hmac,599,0.0195,0.0385,0.0466,0.1816,599,Recorded window-tag generation call.,per-observation exclusive interval; no sum-of-percentiles total
forest_motion_forest_anomaly,measured,post_window_after_refusals,accept,accepted,session_establishment_unisolated,599,0.0,0.0,0.0,0.0,0,"Handshake/request/activation remainder, including unseparated HKDF/confirmation work and observer cost.",per-observation exclusive interval; no sum-of-percentiles total
forest_motion_forest_anomaly,measured,post_window_after_refusals,accept,accepted,simulated_response_read,599,0.0,0.0,0.0,0.0,0,"Modeled response generation, not physical acquisition.",per-observation exclusive interval; no sum-of-percentiles total
forest_motion_forest_anomaly,measured,post_window_recurring,accept,accepted,admission_orchestration_unisolated,599,0.0,0.0,0.0,0.0,0,Admission orchestration remainder not covered by named children.,per-observation exclusive interval; no sum-of-percentiles total
forest_motion_forest_anomaly,measured,post_window_recurring,accept,accepted,anomaly_consumer,599,5.8374,8.19059,8.757347999999999,10.3369,599,Anomaly consumer including feature scaling and frozen-threshold decision.,per-observation exclusive interval; no sum-of-percentiles total
forest_motion_forest_anomaly,measured,post_window_recurring,accept,accepted,binary32_adapter,599,1.0212,1.49782,1.730138,4.975,599,Canonical binary32 input adaptation before sender sealing.,per-observation exclusive interval; no sum-of-percentiles total
forest_motion_forest_anomaly,measured,post_window_recurring,accept,accepted,credential_verification,599,0.0,0.0,0.0,0.0,0,Recorded independent credential-verification call(s).,per-observation exclusive interval; no sum-of-percentiles total
forest_motion_forest_anomaly,measured,post_window_recurring,accept,accepted,in_memory_audit_measured,599,0.0914,0.14724000000000004,0.1790839999999999,2.3224,599,"Recorded audit record/prepare/commit spans, exclusive of their children; not all audit-related overhead and not durable storage.",per-observation exclusive interval; no sum-of-percentiles total
forest_motion_forest_anomaly,measured,post_window_recurring,accept,accepted,local_admission_checks,599,0.0,0.0,0.0,0.0,0,"Measured local authorization/binding/consumption calls, excluding nested credential verification.",per-observation exclusive interval; no sum-of-percentiles total
forest_motion_forest_anomaly,measured,post_window_recurring,accept,accepted,model_input_preprocessing,599,3.2299,5.00264,5.54193,8.2874,599,Shared model-input preparation; model-specific normalization remains in consumer timing.,per-observation exclusive interval; no sum-of-percentiles total
forest_motion_forest_anomaly,measured,post_window_recurring,accept,accepted,motion_consumer,599,16.4137,23.26445,24.461297999999996,34.546,599,Motion consumer including normalization/tensor preparation/prediction decoding.,per-observation exclusive interval; no sum-of-percentiles total
forest_motion_forest_anomaly,measured,post_window_recurring,accept,accepted,outer_orchestration_unisolated,599,0.0982,0.18146000000000012,0.224104,1.6274,599,Direct root/first-post-window remainder outside named child spans.,per-observation exclusive interval; no sum-of-percentiles total
forest_motion_forest_anomaly,measured,post_window_recurring,accept,accepted,receiver_binding_sequence_state_unisolated,599,0.0889,0.14454,0.186414,0.4079,599,"Verifier remainder including binding, sequence checks, locks/state publication and observer work; NOT isolated sequence latency.",per-observation exclusive interval; no sum-of-percentiles total
forest_motion_forest_anomaly,measured,post_window_recurring,accept,accepted,receiver_parsing,599,1.5481,4.858200000000001,7.018543999999999,308.3156,599,Envelope and binary parser call.,per-observation exclusive interval; no sum-of-percentiles total
forest_motion_forest_anomaly,measured,post_window_recurring,accept,accepted,receiver_quality_check,599,4.2437,5.76401,6.583949999999998,9.9951,599,Verifier quality-check call.,per-observation exclusive interval; no sum-of-percentiles total
forest_motion_forest_anomaly,measured,post_window_recurring,accept,accepted,receiver_window_hmac,599,0.0182,0.033740000000000006,0.04963199999999997,0.0632,599,"Recorded verifier window-tag calculation, not complete authentication.",per-observation exclusive interval; no sum-of-percentiles total
forest_motion_forest_anomaly,measured,post_window_recurring,accept,accepted,reconstruction,599,0.0,0.0,0.0,0.0,0,Actual recorded BCH reconstruction; includes any observer/GC delay.,per-observation exclusive interval; no sum-of-percentiles total
forest_motion_forest_anomaly,measured,post_window_recurring,accept,accepted,release_conversion_unisolated,599,0.542,0.82637,0.977258,5.0638,599,Accepted release remainder including conversion/dispatch/observer work outside consumer children.,per-observation exclusive interval; no sum-of-percentiles total
forest_motion_forest_anomaly,measured,post_window_recurring,accept,accepted,sender_binding_unisolated,599,0.1277,0.21289000000000002,0.2543579999999993,0.7022,599,Sender seal remainder: binding/state/orchestration/observer work not separately timed.,per-observation exclusive interval; no sum-of-percentiles total
forest_motion_forest_anomaly,measured,post_window_recurring,accept,accepted,sender_serialization_and_quality,599,4.7335,6.48655,7.151155999999999,9.2077,599,Sender serialization including its quality validation; not separately timed.,per-observation exclusive interval; no sum-of-percentiles total
forest_motion_forest_anomaly,measured,post_window_recurring,accept,accepted,sender_window_hmac,599,0.0309,0.05691,0.064904,0.6276,599,Recorded window-tag generation call.,per-observation exclusive interval; no sum-of-percentiles total
forest_motion_forest_anomaly,measured,post_window_recurring,accept,accepted,session_establishment_unisolated,599,0.0,0.0,0.0,0.0,0,"Handshake/request/activation remainder, including unseparated HKDF/confirmation work and observer cost.",per-observation exclusive interval; no sum-of-percentiles total
forest_motion_forest_anomaly,measured,post_window_recurring,accept,accepted,simulated_response_read,599,0.0,0.0,0.0,0.0,0,"Modeled response generation, not physical acquisition.",per-observation exclusive interval; no sum-of-percentiles total
forest_motion_forest_anomaly,measured,pre_tag_quality_refusal,reject,data_quality_failure,admission_orchestration_unisolated,599,0.0,0.0,0.0,0.0,0,Admission orchestration remainder not covered by named children.,per-observation exclusive interval; no sum-of-percentiles total
forest_motion_forest_anomaly,measured,pre_tag_quality_refusal,reject,data_quality_failure,anomaly_consumer,599,0.0,0.0,0.0,0.0,0,Anomaly consumer including feature scaling and frozen-threshold decision.,per-observation exclusive interval; no sum-of-percentiles total
forest_motion_forest_anomaly,measured,pre_tag_quality_refusal,reject,data_quality_failure,binary32_adapter,599,0.7585,1.1601300000000003,1.4249,2.3762,599,Canonical binary32 input adaptation before sender sealing.,per-observation exclusive interval; no sum-of-percentiles total
forest_motion_forest_anomaly,measured,pre_tag_quality_refusal,reject,data_quality_failure,credential_verification,599,0.0,0.0,0.0,0.0,0,Recorded independent credential-verification call(s).,per-observation exclusive interval; no sum-of-percentiles total
forest_motion_forest_anomaly,measured,pre_tag_quality_refusal,reject,data_quality_failure,in_memory_audit_measured,599,0.0365,0.05881,0.07383399999999997,0.0971,599,"Recorded audit record/prepare/commit spans, exclusive of their children; not all audit-related overhead and not durable storage.",per-observation exclusive interval; no sum-of-percentiles total
forest_motion_forest_anomaly,measured,pre_tag_quality_refusal,reject,data_quality_failure,local_admission_checks,599,0.0,0.0,0.0,0.0,0,"Measured local authorization/binding/consumption calls, excluding nested credential verification.",per-observation exclusive interval; no sum-of-percentiles total
forest_motion_forest_anomaly,measured,pre_tag_quality_refusal,reject,data_quality_failure,model_input_preprocessing,599,0.0,0.0,0.0,0.0,0,Shared model-input preparation; model-specific normalization remains in consumer timing.,per-observation exclusive interval; no sum-of-percentiles total
forest_motion_forest_anomaly,measured,pre_tag_quality_refusal,reject,data_quality_failure,motion_consumer,599,0.0,0.0,0.0,0.0,0,Motion consumer including normalization/tensor preparation/prediction decoding.,per-observation exclusive interval; no sum-of-percentiles total
forest_motion_forest_anomaly,measured,pre_tag_quality_refusal,reject,data_quality_failure,outer_orchestration_unisolated,599,0.0336,0.060430000000000005,0.07831399999999998,0.2146,599,Direct root/first-post-window remainder outside named child spans.,per-observation exclusive interval; no sum-of-percentiles total
forest_motion_forest_anomaly,measured,pre_tag_quality_refusal,reject,data_quality_failure,receiver_binding_sequence_state_unisolated,599,0.0,0.0,0.0,0.0,0,"Verifier remainder including binding, sequence checks, locks/state publication and observer work; NOT isolated sequence latency.",per-observation exclusive interval; no sum-of-percentiles total
forest_motion_forest_anomaly,measured,pre_tag_quality_refusal,reject,data_quality_failure,receiver_parsing,599,0.0,0.0,0.0,0.0,0,Envelope and binary parser call.,per-observation exclusive interval; no sum-of-percentiles total
forest_motion_forest_anomaly,measured,pre_tag_quality_refusal,reject,data_quality_failure,receiver_quality_check,599,0.0,0.0,0.0,0.0,0,Verifier quality-check call.,per-observation exclusive interval; no sum-of-percentiles total
forest_motion_forest_anomaly,measured,pre_tag_quality_refusal,reject,data_quality_failure,receiver_window_hmac,599,0.0,0.0,0.0,0.0,0,"Recorded verifier window-tag calculation, not complete authentication.",per-observation exclusive interval; no sum-of-percentiles total
forest_motion_forest_anomaly,measured,pre_tag_quality_refusal,reject,data_quality_failure,reconstruction,599,0.0,0.0,0.0,0.0,0,Actual recorded BCH reconstruction; includes any observer/GC delay.,per-observation exclusive interval; no sum-of-percentiles total
forest_motion_forest_anomaly,measured,pre_tag_quality_refusal,reject,data_quality_failure,release_conversion_unisolated,599,0.0,0.0,0.0,0.0,0,Accepted release remainder including conversion/dispatch/observer work outside consumer children.,per-observation exclusive interval; no sum-of-percentiles total
forest_motion_forest_anomaly,measured,pre_tag_quality_refusal,reject,data_quality_failure,sender_binding_unisolated,599,0.0524,0.08174000000000002,0.10303399999999997,0.155,599,Sender seal remainder: binding/state/orchestration/observer work not separately timed.,per-observation exclusive interval; no sum-of-percentiles total
forest_motion_forest_anomaly,measured,pre_tag_quality_refusal,reject,data_quality_failure,sender_serialization_and_quality,599,0.3426,0.51148,0.6360859999999999,2.1126,599,Sender serialization including its quality validation; not separately timed.,per-observation exclusive interval; no sum-of-percentiles total
forest_motion_forest_anomaly,measured,pre_tag_quality_refusal,reject,data_quality_failure,sender_window_hmac,599,0.0,0.0,0.0,0.0,0,Recorded window-tag generation call.,per-observation exclusive interval; no sum-of-percentiles total
forest_motion_forest_anomaly,measured,pre_tag_quality_refusal,reject,data_quality_failure,session_establishment_unisolated,599,0.0,0.0,0.0,0.0,0,"Handshake/request/activation remainder, including unseparated HKDF/confirmation work and observer cost.",per-observation exclusive interval; no sum-of-percentiles total
forest_motion_forest_anomaly,measured,pre_tag_quality_refusal,reject,data_quality_failure,simulated_response_read,599,0.0,0.0,0.0,0.0,0,"Modeled response generation, not physical acquisition.",per-observation exclusive interval; no sum-of-percentiles total
forest_motion_forest_anomaly,measured,valid_receiver_after_bad_tag,accept,accepted,admission_orchestration_unisolated,599,0.0,0.0,0.0,0.0,0,Admission orchestration remainder not covered by named children.,per-observation exclusive interval; no sum-of-percentiles total
forest_motion_forest_anomaly,measured,valid_receiver_after_bad_tag,accept,accepted,anomaly_consumer,599,4.6785,6.80312,7.826197999999998,8.5014,599,Anomaly consumer including feature scaling and frozen-threshold decision.,per-observation exclusive interval; no sum-of-percentiles total
forest_motion_forest_anomaly,measured,valid_receiver_after_bad_tag,accept,accepted,binary32_adapter,599,0.0,0.0,0.0,0.0,0,Canonical binary32 input adaptation before sender sealing.,per-observation exclusive interval; no sum-of-percentiles total
forest_motion_forest_anomaly,measured,valid_receiver_after_bad_tag,accept,accepted,credential_verification,599,0.0,0.0,0.0,0.0,0,Recorded independent credential-verification call(s).,per-observation exclusive interval; no sum-of-percentiles total
forest_motion_forest_anomaly,measured,valid_receiver_after_bad_tag,accept,accepted,in_memory_audit_measured,599,0.0383,0.06094000000000001,0.06981399999999999,0.0832,599,"Recorded audit record/prepare/commit spans, exclusive of their children; not all audit-related overhead and not durable storage.",per-observation exclusive interval; no sum-of-percentiles total
forest_motion_forest_anomaly,measured,valid_receiver_after_bad_tag,accept,accepted,local_admission_checks,599,0.0,0.0,0.0,0.0,0,"Measured local authorization/binding/consumption calls, excluding nested credential verification.",per-observation exclusive interval; no sum-of-percentiles total
forest_motion_forest_anomaly,measured,valid_receiver_after_bad_tag,accept,accepted,model_input_preprocessing,599,3.2096,4.63516,4.962242,6.1345,599,Shared model-input preparation; model-specific normalization remains in consumer timing.,per-observation exclusive interval; no sum-of-percentiles total
forest_motion_forest_anomaly,measured,valid_receiver_after_bad_tag,accept,accepted,motion_consumer,599,15.2672,18.965190000000003,21.336606,26.8451,599,Motion consumer including normalization/tensor preparation/prediction decoding.,per-observation exclusive interval; no sum-of-percentiles total
forest_motion_forest_anomaly,measured,valid_receiver_after_bad_tag,accept,accepted,outer_orchestration_unisolated,599,0.0187,0.028410000000000005,0.0343,0.197,599,Direct root/first-post-window remainder outside named child spans.,per-observation exclusive interval; no sum-of-percentiles total
forest_motion_forest_anomaly,measured,valid_receiver_after_bad_tag,accept,accepted,receiver_binding_sequence_state_unisolated,599,0.0812,0.12404000000000001,0.15047399999999994,0.1792,599,"Verifier remainder including binding, sequence checks, locks/state publication and observer work; NOT isolated sequence latency.",per-observation exclusive interval; no sum-of-percentiles total
forest_motion_forest_anomaly,measured,valid_receiver_after_bad_tag,accept,accepted,receiver_parsing,599,1.3048,1.7795100000000001,2.0791459999999997,2.4615,599,Envelope and binary parser call.,per-observation exclusive interval; no sum-of-percentiles total
forest_motion_forest_anomaly,measured,valid_receiver_after_bad_tag,accept,accepted,receiver_quality_check,599,4.1823,5.52935,6.160463999999999,7.1187,599,Verifier quality-check call.,per-observation exclusive interval; no sum-of-percentiles total
forest_motion_forest_anomaly,measured,valid_receiver_after_bad_tag,accept,accepted,receiver_window_hmac,599,0.0155,0.025020000000000004,0.030835999999999877,0.0529,599,"Recorded verifier window-tag calculation, not complete authentication.",per-observation exclusive interval; no sum-of-percentiles total
forest_motion_forest_anomaly,measured,valid_receiver_after_bad_tag,accept,accepted,reconstruction,599,0.0,0.0,0.0,0.0,0,Actual recorded BCH reconstruction; includes any observer/GC delay.,per-observation exclusive interval; no sum-of-percentiles total
forest_motion_forest_anomaly,measured,valid_receiver_after_bad_tag,accept,accepted,release_conversion_unisolated,599,0.4884,0.68189,0.8173699999999999,1.1903,599,Accepted release remainder including conversion/dispatch/observer work outside consumer children.,per-observation exclusive interval; no sum-of-percentiles total
forest_motion_forest_anomaly,measured,valid_receiver_after_bad_tag,accept,accepted,sender_binding_unisolated,599,0.0,0.0,0.0,0.0,0,Sender seal remainder: binding/state/orchestration/observer work not separately timed.,per-observation exclusive interval; no sum-of-percentiles total
forest_motion_forest_anomaly,measured,valid_receiver_after_bad_tag,accept,accepted,sender_serialization_and_quality,599,0.0,0.0,0.0,0.0,0,Sender serialization including its quality validation; not separately timed.,per-observation exclusive interval; no sum-of-percentiles total
forest_motion_forest_anomaly,measured,valid_receiver_after_bad_tag,accept,accepted,sender_window_hmac,599,0.0,0.0,0.0,0.0,0,Recorded window-tag generation call.,per-observation exclusive interval; no sum-of-percentiles total
forest_motion_forest_anomaly,measured,valid_receiver_after_bad_tag,accept,accepted,session_establishment_unisolated,599,0.0,0.0,0.0,0.0,0,"Handshake/request/activation remainder, including unseparated HKDF/confirmation work and observer cost.",per-observation exclusive interval; no sum-of-percentiles total
forest_motion_forest_anomaly,measured,valid_receiver_after_bad_tag,accept,accepted,simulated_response_read,599,0.0,0.0,0.0,0.0,0,"Modeled response generation, not physical acquisition.",per-observation exclusive interval; no sum-of-percentiles total
forest_motion_forest_anomaly,warmup,bad_tag_receiver,reject,invalid_tag,admission_orchestration_unisolated,19,0.0,0.0,0.0,0.0,0,Admission orchestration remainder not covered by named children.,per-observation exclusive interval; no sum-of-percentiles total
forest_motion_forest_anomaly,warmup,bad_tag_receiver,reject,invalid_tag,anomaly_consumer,19,0.0,0.0,0.0,0.0,0,Anomaly consumer including feature scaling and frozen-threshold decision.,per-observation exclusive interval; no sum-of-percentiles total
forest_motion_forest_anomaly,warmup,bad_tag_receiver,reject,invalid_tag,binary32_adapter,19,0.0,0.0,0.0,0.0,0,Canonical binary32 input adaptation before sender sealing.,per-observation exclusive interval; no sum-of-percentiles total
forest_motion_forest_anomaly,warmup,bad_tag_receiver,reject,invalid_tag,credential_verification,19,0.0,0.0,0.0,0.0,0,Recorded independent credential-verification call(s).,per-observation exclusive interval; no sum-of-percentiles total
forest_motion_forest_anomaly,warmup,bad_tag_receiver,reject,invalid_tag,in_memory_audit_measured,19,0.0318,0.03912,0.039264,0.0393,19,"Recorded audit record/prepare/commit spans, exclusive of their children; not all audit-related overhead and not durable storage.",per-observation exclusive interval; no sum-of-percentiles total
forest_motion_forest_anomaly,warmup,bad_tag_receiver,reject,invalid_tag,local_admission_checks,19,0.0,0.0,0.0,0.0,0,"Measured local authorization/binding/consumption calls, excluding nested credential verification.",per-observation exclusive interval; no sum-of-percentiles total
forest_motion_forest_anomaly,warmup,bad_tag_receiver,reject,invalid_tag,model_input_preprocessing,19,0.0,0.0,0.0,0.0,0,Shared model-input preparation; model-specific normalization remains in consumer timing.,per-observation exclusive interval; no sum-of-percentiles total
forest_motion_forest_anomaly,warmup,bad_tag_receiver,reject,invalid_tag,motion_consumer,19,0.0,0.0,0.0,0.0,0,Motion consumer including normalization/tensor preparation/prediction decoding.,per-observation exclusive interval; no sum-of-percentiles total
forest_motion_forest_anomaly,warmup,bad_tag_receiver,reject,invalid_tag,outer_orchestration_unisolated,19,0.0102,0.01263,0.012846,0.0129,19,Direct root/first-post-window remainder outside named child spans.,per-observation exclusive interval; no sum-of-percentiles total
forest_motion_forest_anomaly,warmup,bad_tag_receiver,reject,invalid_tag,receiver_binding_sequence_state_unisolated,19,0.0791,0.09111999999999998,0.097744,0.0994,19,"Verifier remainder including binding, sequence checks, locks/state publication and observer work; NOT isolated sequence latency.",per-observation exclusive interval; no sum-of-percentiles total
forest_motion_forest_anomaly,warmup,bad_tag_receiver,reject,invalid_tag,receiver_parsing,19,1.3136,1.3649099999999998,1.429782,1.446,19,Envelope and binary parser call.,per-observation exclusive interval; no sum-of-percentiles total
forest_motion_forest_anomaly,warmup,bad_tag_receiver,reject,invalid_tag,receiver_quality_check,19,0.0,0.0,0.0,0.0,0,Verifier quality-check call.,per-observation exclusive interval; no sum-of-percentiles total
forest_motion_forest_anomaly,warmup,bad_tag_receiver,reject,invalid_tag,receiver_window_hmac,19,0.0157,0.02122999999999999,0.025046,0.026,19,"Recorded verifier window-tag calculation, not complete authentication.",per-observation exclusive interval; no sum-of-percentiles total
forest_motion_forest_anomaly,warmup,bad_tag_receiver,reject,invalid_tag,reconstruction,19,0.0,0.0,0.0,0.0,0,Actual recorded BCH reconstruction; includes any observer/GC delay.,per-observation exclusive interval; no sum-of-percentiles total
forest_motion_forest_anomaly,warmup,bad_tag_receiver,reject,invalid_tag,release_conversion_unisolated,19,0.0,0.0,0.0,0.0,0,Accepted release remainder including conversion/dispatch/observer work outside consumer children.,per-observation exclusive interval; no sum-of-percentiles total
forest_motion_forest_anomaly,warmup,bad_tag_receiver,reject,invalid_tag,sender_binding_unisolated,19,0.0,0.0,0.0,0.0,0,Sender seal remainder: binding/state/orchestration/observer work not separately timed.,per-observation exclusive interval; no sum-of-percentiles total
forest_motion_forest_anomaly,warmup,bad_tag_receiver,reject,invalid_tag,sender_serialization_and_quality,19,0.0,0.0,0.0,0.0,0,Sender serialization including its quality validation; not separately timed.,per-observation exclusive interval; no sum-of-percentiles total
forest_motion_forest_anomaly,warmup,bad_tag_receiver,reject,invalid_tag,sender_window_hmac,19,0.0,0.0,0.0,0.0,0,Recorded window-tag generation call.,per-observation exclusive interval; no sum-of-percentiles total
forest_motion_forest_anomaly,warmup,bad_tag_receiver,reject,invalid_tag,session_establishment_unisolated,19,0.0,0.0,0.0,0.0,0,"Handshake/request/activation remainder, including unseparated HKDF/confirmation work and observer cost.",per-observation exclusive interval; no sum-of-percentiles total
forest_motion_forest_anomaly,warmup,bad_tag_receiver,reject,invalid_tag,simulated_response_read,19,0.0,0.0,0.0,0.0,0,"Modeled response generation, not physical acquisition.",per-observation exclusive interval; no sum-of-percentiles total
forest_motion_forest_anomaly,warmup,exact_replay_receiver,reject,duplicate_sequence,admission_orchestration_unisolated,19,0.0,0.0,0.0,0.0,0,Admission orchestration remainder not covered by named children.,per-observation exclusive interval; no sum-of-percentiles total
forest_motion_forest_anomaly,warmup,exact_replay_receiver,reject,duplicate_sequence,anomaly_consumer,19,0.0,0.0,0.0,0.0,0,Anomaly consumer including feature scaling and frozen-threshold decision.,per-observation exclusive interval; no sum-of-percentiles total
forest_motion_forest_anomaly,warmup,exact_replay_receiver,reject,duplicate_sequence,binary32_adapter,19,0.0,0.0,0.0,0.0,0,Canonical binary32 input adaptation before sender sealing.,per-observation exclusive interval; no sum-of-percentiles total
forest_motion_forest_anomaly,warmup,exact_replay_receiver,reject,duplicate_sequence,credential_verification,19,0.0,0.0,0.0,0.0,0,Recorded independent credential-verification call(s).,per-observation exclusive interval; no sum-of-percentiles total
forest_motion_forest_anomaly,warmup,exact_replay_receiver,reject,duplicate_sequence,in_memory_audit_measured,19,0.0418,0.06405999999999998,0.070972,0.0727,19,"Recorded audit record/prepare/commit spans, exclusive of their children; not all audit-related overhead and not durable storage.",per-observation exclusive interval; no sum-of-percentiles total
forest_motion_forest_anomaly,warmup,exact_replay_receiver,reject,duplicate_sequence,local_admission_checks,19,0.0,0.0,0.0,0.0,0,"Measured local authorization/binding/consumption calls, excluding nested credential verification.",per-observation exclusive interval; no sum-of-percentiles total
forest_motion_forest_anomaly,warmup,exact_replay_receiver,reject,duplicate_sequence,model_input_preprocessing,19,0.0,0.0,0.0,0.0,0,Shared model-input preparation; model-specific normalization remains in consumer timing.,per-observation exclusive interval; no sum-of-percentiles total
forest_motion_forest_anomaly,warmup,exact_replay_receiver,reject,duplicate_sequence,motion_consumer,19,0.0,0.0,0.0,0.0,0,Motion consumer including normalization/tensor preparation/prediction decoding.,per-observation exclusive interval; no sum-of-percentiles total
forest_motion_forest_anomaly,warmup,exact_replay_receiver,reject,duplicate_sequence,outer_orchestration_unisolated,19,0.0085,0.0119,0.0119,0.0119,19,Direct root/first-post-window remainder outside named child spans.,per-observation exclusive interval; no sum-of-percentiles total
forest_motion_forest_anomaly,warmup,exact_replay_receiver,reject,duplicate_sequence,receiver_binding_sequence_state_unisolated,19,0.0864,0.11780999999999996,0.131562,0.135,19,"Verifier remainder including binding, sequence checks, locks/state publication and observer work; NOT isolated sequence latency.",per-observation exclusive interval; no sum-of-percentiles total
forest_motion_forest_anomaly,warmup,exact_replay_receiver,reject,duplicate_sequence,receiver_parsing,19,1.2237,1.9700899999999995,2.120498,2.1581,19,Envelope and binary parser call.,per-observation exclusive interval; no sum-of-percentiles total
forest_motion_forest_anomaly,warmup,exact_replay_receiver,reject,duplicate_sequence,receiver_quality_check,19,3.2431,3.5401899999999986,3.948358,4.0504,19,Verifier quality-check call.,per-observation exclusive interval; no sum-of-percentiles total
forest_motion_forest_anomaly,warmup,exact_replay_receiver,reject,duplicate_sequence,receiver_window_hmac,19,0.0253,0.03506999999999999,0.038454,0.0393,19,"Recorded verifier window-tag calculation, not complete authentication.",per-observation exclusive interval; no sum-of-percentiles total
forest_motion_forest_anomaly,warmup,exact_replay_receiver,reject,duplicate_sequence,reconstruction,19,0.0,0.0,0.0,0.0,0,Actual recorded BCH reconstruction; includes any observer/GC delay.,per-observation exclusive interval; no sum-of-percentiles total
forest_motion_forest_anomaly,warmup,exact_replay_receiver,reject,duplicate_sequence,release_conversion_unisolated,19,0.0,0.0,0.0,0.0,0,Accepted release remainder including conversion/dispatch/observer work outside consumer children.,per-observation exclusive interval; no sum-of-percentiles total
forest_motion_forest_anomaly,warmup,exact_replay_receiver,reject,duplicate_sequence,sender_binding_unisolated,19,0.0,0.0,0.0,0.0,0,Sender seal remainder: binding/state/orchestration/observer work not separately timed.,per-observation exclusive interval; no sum-of-percentiles total
forest_motion_forest_anomaly,warmup,exact_replay_receiver,reject,duplicate_sequence,sender_serialization_and_quality,19,0.0,0.0,0.0,0.0,0,Sender serialization including its quality validation; not separately timed.,per-observation exclusive interval; no sum-of-percentiles total
forest_motion_forest_anomaly,warmup,exact_replay_receiver,reject,duplicate_sequence,sender_window_hmac,19,0.0,0.0,0.0,0.0,0,Recorded window-tag generation call.,per-observation exclusive interval; no sum-of-percentiles total
forest_motion_forest_anomaly,warmup,exact_replay_receiver,reject,duplicate_sequence,session_establishment_unisolated,19,0.0,0.0,0.0,0.0,0,"Handshake/request/activation remainder, including unseparated HKDF/confirmation work and observer cost.",per-observation exclusive interval; no sum-of-percentiles total
forest_motion_forest_anomaly,warmup,exact_replay_receiver,reject,duplicate_sequence,simulated_response_read,19,0.0,0.0,0.0,0.0,0,"Modeled response generation, not physical acquisition.",per-observation exclusive interval; no sum-of-percentiles total
forest_motion_forest_anomaly,warmup,fresh_to_first_window,accept,accepted,admission_orchestration_unisolated,19,0.0397,0.04394,0.044948,0.0452,19,Admission orchestration remainder not covered by named children.,per-observation exclusive interval; no sum-of-percentiles total
forest_motion_forest_anomaly,warmup,fresh_to_first_window,accept,accepted,anomaly_consumer,19,5.6061,6.228069999999998,6.866494,7.0261,19,Anomaly consumer including feature scaling and frozen-threshold decision.,per-observation exclusive interval; no sum-of-percentiles total
forest_motion_forest_anomaly,warmup,fresh_to_first_window,accept,accepted,binary32_adapter,19,0.9921,1.0641299999999998,1.138506,1.1571,19,Canonical binary32 input adaptation before sender sealing.,per-observation exclusive interval; no sum-of-percentiles total
forest_motion_forest_anomaly,warmup,fresh_to_first_window,accept,accepted,credential_verification,19,0.0454,0.05868,0.059256,0.0594,19,Recorded independent credential-verification call(s).,per-observation exclusive interval; no sum-of-percentiles total
forest_motion_forest_anomaly,warmup,fresh_to_first_window,accept,accepted,in_memory_audit_measured,19,0.1701,0.18768,0.191136,0.192,19,"Recorded audit record/prepare/commit spans, exclusive of their children; not all audit-related overhead and not durable storage.",per-observation exclusive interval; no sum-of-percentiles total
forest_motion_forest_anomaly,warmup,fresh_to_first_window,accept,accepted,local_admission_checks,19,0.0514,0.05821999999999997,0.067724,0.0701,19,"Measured local authorization/binding/consumption calls, excluding nested credential verification.",per-observation exclusive interval; no sum-of-percentiles total
forest_motion_forest_anomaly,warmup,fresh_to_first_window,accept,accepted,model_input_preprocessing,19,3.124,3.6432099999999994,3.859282,3.9133,19,Shared model-input preparation; model-specific normalization remains in consumer timing.,per-observation exclusive interval; no sum-of-percentiles total
forest_motion_forest_anomaly,warmup,fresh_to_first_window,accept,accepted,motion_consumer,19,15.5216,19.26139,19.485238,19.5412,19,Motion consumer including normalization/tensor preparation/prediction decoding.,per-observation exclusive interval; no sum-of-percentiles total
forest_motion_forest_anomaly,warmup,fresh_to_first_window,accept,accepted,outer_orchestration_unisolated,19,0.1074,0.15953999999999996,0.169188,0.1716,19,Direct root/first-post-window remainder outside named child spans.,per-observation exclusive interval; no sum-of-percentiles total
forest_motion_forest_anomaly,warmup,fresh_to_first_window,accept,accepted,receiver_binding_sequence_state_unisolated,19,0.0781,0.08774999999999997,0.09603,0.0981,19,"Verifier remainder including binding, sequence checks, locks/state publication and observer work; NOT isolated sequence latency.",per-observation exclusive interval; no sum-of-percentiles total
forest_motion_forest_anomaly,warmup,fresh_to_first_window,accept,accepted,receiver_parsing,19,1.5361,4.16395,4.19167,4.1986,19,Envelope and binary parser call.,per-observation exclusive interval; no sum-of-percentiles total
forest_motion_forest_anomaly,warmup,fresh_to_first_window,accept,accepted,receiver_quality_check,19,4.075,4.57637,4.635914,4.6508,19,Verifier quality-check call.,per-observation exclusive interval; no sum-of-percentiles total
forest_motion_forest_anomaly,warmup,fresh_to_first_window,accept,accepted,receiver_window_hmac,19,0.0151,0.019409999999999993,0.021642,0.0222,19,"Recorded verifier window-tag calculation, not complete authentication.",per-observation exclusive interval; no sum-of-percentiles total
forest_motion_forest_anomaly,warmup,fresh_to_first_window,accept,accepted,reconstruction,19,2.4535,3.4411199999999993,3.818544,3.9129,19,Actual recorded BCH reconstruction; includes any observer/GC delay.,per-observation exclusive interval; no sum-of-percentiles total
forest_motion_forest_anomaly,warmup,fresh_to_first_window,accept,accepted,release_conversion_unisolated,19,0.5306,0.5950599999999999,0.621412,0.628,19,Accepted release remainder including conversion/dispatch/observer work outside consumer children.,per-observation exclusive interval; no sum-of-percentiles total
forest_motion_forest_anomaly,warmup,fresh_to_first_window,accept,accepted,sender_binding_unisolated,19,0.1029,0.13069999999999998,0.1343,0.1352,19,Sender seal remainder: binding/state/orchestration/observer work not separately timed.,per-observation exclusive interval; no sum-of-percentiles total
forest_motion_forest_anomaly,warmup,fresh_to_first_window,accept,accepted,sender_serialization_and_quality,19,4.4525,4.9548999999999985,5.45026,5.5741,19,Sender serialization including its quality validation; not separately timed.,per-observation exclusive interval; no sum-of-percentiles total
forest_motion_forest_anomaly,warmup,fresh_to_first_window,accept,accepted,sender_window_hmac,19,0.014,0.02125999999999999,0.025292,0.0263,19,Recorded window-tag generation call.,per-observation exclusive interval; no sum-of-percentiles total
forest_motion_forest_anomaly,warmup,fresh_to_first_window,accept,accepted,session_establishment_unisolated,19,0.3582,0.3902899999999999,0.405338,0.4091,19,"Handshake/request/activation remainder, including unseparated HKDF/confirmation work and observer cost.",per-observation exclusive interval; no sum-of-percentiles total
forest_motion_forest_anomaly,warmup,fresh_to_first_window,accept,accepted,simulated_response_read,19,0.1389,0.14815,0.14995,0.1504,19,"Modeled response generation, not physical acquisition.",per-observation exclusive interval; no sum-of-percentiles total
forest_motion_forest_anomaly,warmup,malformed_json_receiver,reject,malformed_message,admission_orchestration_unisolated,19,0.0,0.0,0.0,0.0,0,Admission orchestration remainder not covered by named children.,per-observation exclusive interval; no sum-of-percentiles total
forest_motion_forest_anomaly,warmup,malformed_json_receiver,reject,malformed_message,anomaly_consumer,19,0.0,0.0,0.0,0.0,0,Anomaly consumer including feature scaling and frozen-threshold decision.,per-observation exclusive interval; no sum-of-percentiles total
forest_motion_forest_anomaly,warmup,malformed_json_receiver,reject,malformed_message,binary32_adapter,19,0.0,0.0,0.0,0.0,0,Canonical binary32 input adaptation before sender sealing.,per-observation exclusive interval; no sum-of-percentiles total
forest_motion_forest_anomaly,warmup,malformed_json_receiver,reject,malformed_message,credential_verification,19,0.0,0.0,0.0,0.0,0,Recorded independent credential-verification call(s).,per-observation exclusive interval; no sum-of-percentiles total
forest_motion_forest_anomaly,warmup,malformed_json_receiver,reject,malformed_message,in_memory_audit_measured,19,0.0363,0.04057,0.041074,0.0412,19,"Recorded audit record/prepare/commit spans, exclusive of their children; not all audit-related overhead and not durable storage.",per-observation exclusive interval; no sum-of-percentiles total
forest_motion_forest_anomaly,warmup,malformed_json_receiver,reject,malformed_message,local_admission_checks,19,0.0,0.0,0.0,0.0,0,"Measured local authorization/binding/consumption calls, excluding nested credential verification.",per-observation exclusive interval; no sum-of-percentiles total
forest_motion_forest_anomaly,warmup,malformed_json_receiver,reject,malformed_message,model_input_preprocessing,19,0.0,0.0,0.0,0.0,0,Shared model-input preparation; model-specific normalization remains in consumer timing.,per-observation exclusive interval; no sum-of-percentiles total
forest_motion_forest_anomaly,warmup,malformed_json_receiver,reject,malformed_message,motion_consumer,19,0.0,0.0,0.0,0.0,0,Motion consumer including normalization/tensor preparation/prediction decoding.,per-observation exclusive interval; no sum-of-percentiles total
forest_motion_forest_anomaly,warmup,malformed_json_receiver,reject,malformed_message,outer_orchestration_unisolated,19,0.0059,0.006389999999999998,0.007038,0.0072,19,Direct root/first-post-window remainder outside named child spans.,per-observation exclusive interval; no sum-of-percentiles total
forest_motion_forest_anomaly,warmup,malformed_json_receiver,reject,malformed_message,receiver_binding_sequence_state_unisolated,19,0.0306,0.03251,0.034022,0.0344,19,"Verifier remainder including binding, sequence checks, locks/state publication and observer work; NOT isolated sequence latency.",per-observation exclusive interval; no sum-of-percentiles total
forest_motion_forest_anomaly,warmup,malformed_json_receiver,reject,malformed_message,receiver_parsing,19,0.024,0.02633,0.026546,0.0266,19,Envelope and binary parser call.,per-observation exclusive interval; no sum-of-percentiles total
forest_motion_forest_anomaly,warmup,malformed_json_receiver,reject,malformed_message,receiver_quality_check,19,0.0,0.0,0.0,0.0,0,Verifier quality-check call.,per-observation exclusive interval; no sum-of-percentiles total
forest_motion_forest_anomaly,warmup,malformed_json_receiver,reject,malformed_message,receiver_window_hmac,19,0.0,0.0,0.0,0.0,0,"Recorded verifier window-tag calculation, not complete authentication.",per-observation exclusive interval; no sum-of-percentiles total
forest_motion_forest_anomaly,warmup,malformed_json_receiver,reject,malformed_message,reconstruction,19,0.0,0.0,0.0,0.0,0,Actual recorded BCH reconstruction; includes any observer/GC delay.,per-observation exclusive interval; no sum-of-percentiles total
forest_motion_forest_anomaly,warmup,malformed_json_receiver,reject,malformed_message,release_conversion_unisolated,19,0.0,0.0,0.0,0.0,0,Accepted release remainder including conversion/dispatch/observer work outside consumer children.,per-observation exclusive interval; no sum-of-percentiles total
forest_motion_forest_anomaly,warmup,malformed_json_receiver,reject,malformed_message,sender_binding_unisolated,19,0.0,0.0,0.0,0.0,0,Sender seal remainder: binding/state/orchestration/observer work not separately timed.,per-observation exclusive interval; no sum-of-percentiles total
forest_motion_forest_anomaly,warmup,malformed_json_receiver,reject,malformed_message,sender_serialization_and_quality,19,0.0,0.0,0.0,0.0,0,Sender serialization including its quality validation; not separately timed.,per-observation exclusive interval; no sum-of-percentiles total
forest_motion_forest_anomaly,warmup,malformed_json_receiver,reject,malformed_message,sender_window_hmac,19,0.0,0.0,0.0,0.0,0,Recorded window-tag generation call.,per-observation exclusive interval; no sum-of-percentiles total
forest_motion_forest_anomaly,warmup,malformed_json_receiver,reject,malformed_message,session_establishment_unisolated,19,0.0,0.0,0.0,0.0,0,"Handshake/request/activation remainder, including unseparated HKDF/confirmation work and observer cost.",per-observation exclusive interval; no sum-of-percentiles total
forest_motion_forest_anomaly,warmup,malformed_json_receiver,reject,malformed_message,simulated_response_read,19,0.0,0.0,0.0,0.0,0,"Modeled response generation, not physical acquisition.",per-observation exclusive interval; no sum-of-percentiles total
forest_motion_forest_anomaly,warmup,post_window_after_refusals,accept,accepted,admission_orchestration_unisolated,19,0.0,0.0,0.0,0.0,0,Admission orchestration remainder not covered by named children.,per-observation exclusive interval; no sum-of-percentiles total
forest_motion_forest_anomaly,warmup,post_window_after_refusals,accept,accepted,anomaly_consumer,19,4.3755,4.597989999999999,4.780798,4.8265,19,Anomaly consumer including feature scaling and frozen-threshold decision.,per-observation exclusive interval; no sum-of-percentiles total
forest_motion_forest_anomaly,warmup,post_window_after_refusals,accept,accepted,binary32_adapter,19,0.7423,0.76744,0.769168,0.7696,19,Canonical binary32 input adaptation before sender sealing.,per-observation exclusive interval; no sum-of-percentiles total
forest_motion_forest_anomaly,warmup,post_window_after_refusals,accept,accepted,credential_verification,19,0.0,0.0,0.0,0.0,0,Recorded independent credential-verification call(s).,per-observation exclusive interval; no sum-of-percentiles total
forest_motion_forest_anomaly,warmup,post_window_after_refusals,accept,accepted,in_memory_audit_measured,19,0.0595,0.06997999999999999,0.074876,0.0761,19,"Recorded audit record/prepare/commit spans, exclusive of their children; not all audit-related overhead and not durable storage.",per-observation exclusive interval; no sum-of-percentiles total
forest_motion_forest_anomaly,warmup,post_window_after_refusals,accept,accepted,local_admission_checks,19,0.0,0.0,0.0,0.0,0,"Measured local authorization/binding/consumption calls, excluding nested credential verification.",per-observation exclusive interval; no sum-of-percentiles total
forest_motion_forest_anomaly,warmup,post_window_after_refusals,accept,accepted,model_input_preprocessing,19,2.3262,2.50367,2.513534,2.516,19,Shared model-input preparation; model-specific normalization remains in consumer timing.,per-observation exclusive interval; no sum-of-percentiles total
forest_motion_forest_anomaly,warmup,post_window_after_refusals,accept,accepted,motion_consumer,19,12.2463,13.285889999999998,13.849578,13.9905,19,Motion consumer including normalization/tensor preparation/prediction decoding.,per-observation exclusive interval; no sum-of-percentiles total
forest_motion_forest_anomaly,warmup,post_window_after_refusals,accept,accepted,outer_orchestration_unisolated,19,0.0569,0.08175999999999996,0.095872,0.0994,19,Direct root/first-post-window remainder outside named child spans.,per-observation exclusive interval; no sum-of-percentiles total
forest_motion_forest_anomaly,warmup,post_window_after_refusals,accept,accepted,receiver_binding_sequence_state_unisolated,19,0.058,0.07480999999999996,0.087842,0.0911,19,"Verifier remainder including binding, sequence checks, locks/state publication and observer work; NOT isolated sequence latency.",per-observation exclusive interval; no sum-of-percentiles total
forest_motion_forest_anomaly,warmup,post_window_after_refusals,accept,accepted,receiver_parsing,19,1.113,1.1798299999999995,1.338446,1.3781,19,Envelope and binary parser call.,per-observation exclusive interval; no sum-of-percentiles total
forest_motion_forest_anomaly,warmup,post_window_after_refusals,accept,accepted,receiver_quality_check,19,3.1398,3.3344199999999997,3.507364,3.5506,19,Verifier quality-check call.,per-observation exclusive interval; no sum-of-percentiles total
forest_motion_forest_anomaly,warmup,post_window_after_refusals,accept,accepted,receiver_window_hmac,19,0.0127,0.01622999999999998,0.022926000000000002,0.0246,19,"Recorded verifier window-tag calculation, not complete authentication.",per-observation exclusive interval; no sum-of-percentiles total
forest_motion_forest_anomaly,warmup,post_window_after_refusals,accept,accepted,reconstruction,19,0.0,0.0,0.0,0.0,0,Actual recorded BCH reconstruction; includes any observer/GC delay.,per-observation exclusive interval; no sum-of-percentiles total
forest_motion_forest_anomaly,warmup,post_window_after_refusals,accept,accepted,release_conversion_unisolated,19,0.4036,0.44693,0.449306,0.4499,19,Accepted release remainder including conversion/dispatch/observer work outside consumer children.,per-observation exclusive interval; no sum-of-percentiles total
forest_motion_forest_anomaly,warmup,post_window_after_refusals,accept,accepted,sender_binding_unisolated,19,0.0841,0.10125,0.10161,0.1017,19,Sender seal remainder: binding/state/orchestration/observer work not separately timed.,per-observation exclusive interval; no sum-of-percentiles total
forest_motion_forest_anomaly,warmup,post_window_after_refusals,accept,accepted,sender_serialization_and_quality,19,3.489,3.63202,3.635044,3.6358,19,Sender serialization including its quality validation; not separately timed.,per-observation exclusive interval; no sum-of-percentiles total
forest_motion_forest_anomaly,warmup,post_window_after_refusals,accept,accepted,sender_window_hmac,19,0.0172,0.02865999999999999,0.031252,0.0319,19,Recorded window-tag generation call.,per-observation exclusive interval; no sum-of-percentiles total
forest_motion_forest_anomaly,warmup,post_window_after_refusals,accept,accepted,session_establishment_unisolated,19,0.0,0.0,0.0,0.0,0,"Handshake/request/activation remainder, including unseparated HKDF/confirmation work and observer cost.",per-observation exclusive interval; no sum-of-percentiles total
forest_motion_forest_anomaly,warmup,post_window_after_refusals,accept,accepted,simulated_response_read,19,0.0,0.0,0.0,0.0,0,"Modeled response generation, not physical acquisition.",per-observation exclusive interval; no sum-of-percentiles total
forest_motion_forest_anomaly,warmup,post_window_recurring,accept,accepted,admission_orchestration_unisolated,19,0.0,0.0,0.0,0.0,0,Admission orchestration remainder not covered by named children.,per-observation exclusive interval; no sum-of-percentiles total
forest_motion_forest_anomaly,warmup,post_window_recurring,accept,accepted,anomaly_consumer,19,5.6335,6.09764,6.126008,6.1331,19,Anomaly consumer including feature scaling and frozen-threshold decision.,per-observation exclusive interval; no sum-of-percentiles total
forest_motion_forest_anomaly,warmup,post_window_recurring,accept,accepted,binary32_adapter,19,0.9908,1.1379499999999998,1.20887,1.2266,19,Canonical binary32 input adaptation before sender sealing.,per-observation exclusive interval; no sum-of-percentiles total
forest_motion_forest_anomaly,warmup,post_window_recurring,accept,accepted,credential_verification,19,0.0,0.0,0.0,0.0,0,Recorded independent credential-verification call(s).,per-observation exclusive interval; no sum-of-percentiles total
forest_motion_forest_anomaly,warmup,post_window_recurring,accept,accepted,in_memory_audit_measured,19,0.0923,0.11119999999999998,0.11624,0.1175,19,"Recorded audit record/prepare/commit spans, exclusive of their children; not all audit-related overhead and not durable storage.",per-observation exclusive interval; no sum-of-percentiles total
forest_motion_forest_anomaly,warmup,post_window_recurring,accept,accepted,local_admission_checks,19,0.0,0.0,0.0,0.0,0,"Measured local authorization/binding/consumption calls, excluding nested credential verification.",per-observation exclusive interval; no sum-of-percentiles total
forest_motion_forest_anomaly,warmup,post_window_recurring,accept,accepted,model_input_preprocessing,19,3.1142,4.0999099999999995,4.184942,4.2062,19,Shared model-input preparation; model-specific normalization remains in consumer timing.,per-observation exclusive interval; no sum-of-percentiles total
forest_motion_forest_anomaly,warmup,post_window_recurring,accept,accepted,motion_consumer,19,15.5828,17.01564,17.563128,17.7,19,Motion consumer including normalization/tensor preparation/prediction decoding.,per-observation exclusive interval; no sum-of-percentiles total
forest_motion_forest_anomaly,warmup,post_window_recurring,accept,accepted,outer_orchestration_unisolated,19,0.0823,0.14993,0.151586,0.152,19,Direct root/first-post-window remainder outside named child spans.,per-observation exclusive interval; no sum-of-percentiles total
forest_motion_forest_anomaly,warmup,post_window_recurring,accept,accepted,receiver_binding_sequence_state_unisolated,19,0.0807,0.10611999999999996,0.116344,0.1189,19,"Verifier remainder including binding, sequence checks, locks/state publication and observer work; NOT isolated sequence latency.",per-observation exclusive interval; no sum-of-percentiles total
forest_motion_forest_anomaly,warmup,post_window_recurring,accept,accepted,receiver_parsing,19,1.4905,1.711249999999999,2.02481,2.1032,19,Envelope and binary parser call.,per-observation exclusive interval; no sum-of-percentiles total
forest_motion_forest_anomaly,warmup,post_window_recurring,accept,accepted,receiver_quality_check,19,4.1066,4.701789999999998,5.218678,5.3479,19,Verifier quality-check call.,per-observation exclusive interval; no sum-of-percentiles total
forest_motion_forest_anomaly,warmup,post_window_recurring,accept,accepted,receiver_window_hmac,19,0.0169,0.025569999999999996,0.026794,0.0271,19,"Recorded verifier window-tag calculation, not complete authentication.",per-observation exclusive interval; no sum-of-percentiles total
forest_motion_forest_anomaly,warmup,post_window_recurring,accept,accepted,reconstruction,19,0.0,0.0,0.0,0.0,0,Actual recorded BCH reconstruction; includes any observer/GC delay.,per-observation exclusive interval; no sum-of-percentiles total
forest_motion_forest_anomaly,warmup,post_window_recurring,accept,accepted,release_conversion_unisolated,19,0.5169,0.6553499999999999,0.69243,0.7017,19,Accepted release remainder including conversion/dispatch/observer work outside consumer children.,per-observation exclusive interval; no sum-of-percentiles total
forest_motion_forest_anomaly,warmup,post_window_recurring,accept,accepted,sender_binding_unisolated,19,0.1254,0.15894999999999998,0.16795,0.1702,19,Sender seal remainder: binding/state/orchestration/observer work not separately timed.,per-observation exclusive interval; no sum-of-percentiles total
forest_motion_forest_anomaly,warmup,post_window_recurring,accept,accepted,sender_serialization_and_quality,19,4.6088,5.065149999999997,5.87767,6.0808,19,Sender serialization including its quality validation; not separately timed.,per-observation exclusive interval; no sum-of-percentiles total
forest_motion_forest_anomaly,warmup,post_window_recurring,accept,accepted,sender_window_hmac,19,0.0329,0.05209999999999999,0.05642,0.0575,19,Recorded window-tag generation call.,per-observation exclusive interval; no sum-of-percentiles total
forest_motion_forest_anomaly,warmup,post_window_recurring,accept,accepted,session_establishment_unisolated,19,0.0,0.0,0.0,0.0,0,"Handshake/request/activation remainder, including unseparated HKDF/confirmation work and observer cost.",per-observation exclusive interval; no sum-of-percentiles total
forest_motion_forest_anomaly,warmup,post_window_recurring,accept,accepted,simulated_response_read,19,0.0,0.0,0.0,0.0,0,"Modeled response generation, not physical acquisition.",per-observation exclusive interval; no sum-of-percentiles total
forest_motion_forest_anomaly,warmup,pre_tag_quality_refusal,reject,data_quality_failure,admission_orchestration_unisolated,19,0.0,0.0,0.0,0.0,0,Admission orchestration remainder not covered by named children.,per-observation exclusive interval; no sum-of-percentiles total
forest_motion_forest_anomaly,warmup,pre_tag_quality_refusal,reject,data_quality_failure,anomaly_consumer,19,0.0,0.0,0.0,0.0,0,Anomaly consumer including feature scaling and frozen-threshold decision.,per-observation exclusive interval; no sum-of-percentiles total
forest_motion_forest_anomaly,warmup,pre_tag_quality_refusal,reject,data_quality_failure,binary32_adapter,19,0.7598,0.8087899999999999,0.836798,0.8438,19,Canonical binary32 input adaptation before sender sealing.,per-observation exclusive interval; no sum-of-percentiles total
forest_motion_forest_anomaly,warmup,pre_tag_quality_refusal,reject,data_quality_failure,credential_verification,19,0.0,0.0,0.0,0.0,0,Recorded independent credential-verification call(s).,per-observation exclusive interval; no sum-of-percentiles total
forest_motion_forest_anomaly,warmup,pre_tag_quality_refusal,reject,data_quality_failure,in_memory_audit_measured,19,0.0354,0.039869999999999996,0.042534,0.0432,19,"Recorded audit record/prepare/commit spans, exclusive of their children; not all audit-related overhead and not durable storage.",per-observation exclusive interval; no sum-of-percentiles total
forest_motion_forest_anomaly,warmup,pre_tag_quality_refusal,reject,data_quality_failure,local_admission_checks,19,0.0,0.0,0.0,0.0,0,"Measured local authorization/binding/consumption calls, excluding nested credential verification.",per-observation exclusive interval; no sum-of-percentiles total
forest_motion_forest_anomaly,warmup,pre_tag_quality_refusal,reject,data_quality_failure,model_input_preprocessing,19,0.0,0.0,0.0,0.0,0,Shared model-input preparation; model-specific normalization remains in consumer timing.,per-observation exclusive interval; no sum-of-percentiles total
forest_motion_forest_anomaly,warmup,pre_tag_quality_refusal,reject,data_quality_failure,motion_consumer,19,0.0,0.0,0.0,0.0,0,Motion consumer including normalization/tensor preparation/prediction decoding.,per-observation exclusive interval; no sum-of-percentiles total
forest_motion_forest_anomaly,warmup,pre_tag_quality_refusal,reject,data_quality_failure,outer_orchestration_unisolated,19,0.0322,0.03486,0.035292,0.0354,19,Direct root/first-post-window remainder outside named child spans.,per-observation exclusive interval; no sum-of-percentiles total
forest_motion_forest_anomaly,warmup,pre_tag_quality_refusal,reject,data_quality_failure,receiver_binding_sequence_state_unisolated,19,0.0,0.0,0.0,0.0,0,"Verifier remainder including binding, sequence checks, locks/state publication and observer work; NOT isolated sequence latency.",per-observation exclusive interval; no sum-of-percentiles total
forest_motion_forest_anomaly,warmup,pre_tag_quality_refusal,reject,data_quality_failure,receiver_parsing,19,0.0,0.0,0.0,0.0,0,Envelope and binary parser call.,per-observation exclusive interval; no sum-of-percentiles total
forest_motion_forest_anomaly,warmup,pre_tag_quality_refusal,reject,data_quality_failure,receiver_quality_check,19,0.0,0.0,0.0,0.0,0,Verifier quality-check call.,per-observation exclusive interval; no sum-of-percentiles total
forest_motion_forest_anomaly,warmup,pre_tag_quality_refusal,reject,data_quality_failure,receiver_window_hmac,19,0.0,0.0,0.0,0.0,0,"Recorded verifier window-tag calculation, not complete authentication.",per-observation exclusive interval; no sum-of-percentiles total
forest_motion_forest_anomaly,warmup,pre_tag_quality_refusal,reject,data_quality_failure,reconstruction,19,0.0,0.0,0.0,0.0,0,Actual recorded BCH reconstruction; includes any observer/GC delay.,per-observation exclusive interval; no sum-of-percentiles total
forest_motion_forest_anomaly,warmup,pre_tag_quality_refusal,reject,data_quality_failure,release_conversion_unisolated,19,0.0,0.0,0.0,0.0,0,Accepted release remainder including conversion/dispatch/observer work outside consumer children.,per-observation exclusive interval; no sum-of-percentiles total
forest_motion_forest_anomaly,warmup,pre_tag_quality_refusal,reject,data_quality_failure,sender_binding_unisolated,19,0.0509,0.05782,0.057964,0.058,19,Sender seal remainder: binding/state/orchestration/observer work not separately timed.,per-observation exclusive interval; no sum-of-percentiles total
forest_motion_forest_anomaly,warmup,pre_tag_quality_refusal,reject,data_quality_failure,sender_serialization_and_quality,19,0.3364,0.35147999999999996,0.366456,0.3702,19,Sender serialization including its quality validation; not separately timed.,per-observation exclusive interval; no sum-of-percentiles total
forest_motion_forest_anomaly,warmup,pre_tag_quality_refusal,reject,data_quality_failure,sender_window_hmac,19,0.0,0.0,0.0,0.0,0,Recorded window-tag generation call.,per-observation exclusive interval; no sum-of-percentiles total
forest_motion_forest_anomaly,warmup,pre_tag_quality_refusal,reject,data_quality_failure,session_establishment_unisolated,19,0.0,0.0,0.0,0.0,0,"Handshake/request/activation remainder, including unseparated HKDF/confirmation work and observer cost.",per-observation exclusive interval; no sum-of-percentiles total
forest_motion_forest_anomaly,warmup,pre_tag_quality_refusal,reject,data_quality_failure,simulated_response_read,19,0.0,0.0,0.0,0.0,0,"Modeled response generation, not physical acquisition.",per-observation exclusive interval; no sum-of-percentiles total
forest_motion_forest_anomaly,warmup,valid_receiver_after_bad_tag,accept,accepted,admission_orchestration_unisolated,19,0.0,0.0,0.0,0.0,0,Admission orchestration remainder not covered by named children.,per-observation exclusive interval; no sum-of-percentiles total
forest_motion_forest_anomaly,warmup,valid_receiver_after_bad_tag,accept,accepted,anomaly_consumer,19,4.5806,5.531389999999996,7.136198000000001,7.5374,19,Anomaly consumer including feature scaling and frozen-threshold decision.,per-observation exclusive interval; no sum-of-percentiles total
forest_motion_forest_anomaly,warmup,valid_receiver_after_bad_tag,accept,accepted,binary32_adapter,19,0.0,0.0,0.0,0.0,0,Canonical binary32 input adaptation before sender sealing.,per-observation exclusive interval; no sum-of-percentiles total
forest_motion_forest_anomaly,warmup,valid_receiver_after_bad_tag,accept,accepted,credential_verification,19,0.0,0.0,0.0,0.0,0,Recorded independent credential-verification call(s).,per-observation exclusive interval; no sum-of-percentiles total
forest_motion_forest_anomaly,warmup,valid_receiver_after_bad_tag,accept,accepted,in_memory_audit_measured,19,0.036,0.04133999999999998,0.049548,0.0516,19,"Recorded audit record/prepare/commit spans, exclusive of their children; not all audit-related overhead and not durable storage.",per-observation exclusive interval; no sum-of-percentiles total
forest_motion_forest_anomaly,warmup,valid_receiver_after_bad_tag,accept,accepted,local_admission_checks,19,0.0,0.0,0.0,0.0,0,"Measured local authorization/binding/consumption calls, excluding nested credential verification.",per-observation exclusive interval; no sum-of-percentiles total
forest_motion_forest_anomaly,warmup,valid_receiver_after_bad_tag,accept,accepted,model_input_preprocessing,19,3.1633,3.5679099999999964,4.881262,5.2096,19,Shared model-input preparation; model-specific normalization remains in consumer timing.,per-observation exclusive interval; no sum-of-percentiles total
forest_motion_forest_anomaly,warmup,valid_receiver_after_bad_tag,accept,accepted,motion_consumer,19,14.7585,16.38111,16.608702,16.6656,19,Motion consumer including normalization/tensor preparation/prediction decoding.,per-observation exclusive interval; no sum-of-percentiles total
forest_motion_forest_anomaly,warmup,valid_receiver_after_bad_tag,accept,accepted,outer_orchestration_unisolated,19,0.0165,0.024279999999999993,0.027016,0.0277,19,Direct root/first-post-window remainder outside named child spans.,per-observation exclusive interval; no sum-of-percentiles total
forest_motion_forest_anomaly,warmup,valid_receiver_after_bad_tag,accept,accepted,receiver_binding_sequence_state_unisolated,19,0.0746,0.09971999999999995,0.119304,0.1242,19,"Verifier remainder including binding, sequence checks, locks/state publication and observer work; NOT isolated sequence latency.",per-observation exclusive interval; no sum-of-percentiles total
forest_motion_forest_anomaly,warmup,valid_receiver_after_bad_tag,accept,accepted,receiver_parsing,19,1.2891,1.40087,1.430174,1.4375,19,Envelope and binary parser call.,per-observation exclusive interval; no sum-of-percentiles total
forest_motion_forest_anomaly,warmup,valid_receiver_after_bad_tag,accept,accepted,receiver_quality_check,19,4.1799,4.94112,5.037024,5.061,19,Verifier quality-check call.,per-observation exclusive interval; no sum-of-percentiles total
forest_motion_forest_anomaly,warmup,valid_receiver_after_bad_tag,accept,accepted,receiver_window_hmac,19,0.0145,0.023159999999999997,0.024312,0.0246,19,"Recorded verifier window-tag calculation, not complete authentication.",per-observation exclusive interval; no sum-of-percentiles total
forest_motion_forest_anomaly,warmup,valid_receiver_after_bad_tag,accept,accepted,reconstruction,19,0.0,0.0,0.0,0.0,0,Actual recorded BCH reconstruction; includes any observer/GC delay.,per-observation exclusive interval; no sum-of-percentiles total
forest_motion_forest_anomaly,warmup,valid_receiver_after_bad_tag,accept,accepted,release_conversion_unisolated,19,0.479,0.5918699999999996,0.729894,0.7644,19,Accepted release remainder including conversion/dispatch/observer work outside consumer children.,per-observation exclusive interval; no sum-of-percentiles total
forest_motion_forest_anomaly,warmup,valid_receiver_after_bad_tag,accept,accepted,sender_binding_unisolated,19,0.0,0.0,0.0,0.0,0,Sender seal remainder: binding/state/orchestration/observer work not separately timed.,per-observation exclusive interval; no sum-of-percentiles total
forest_motion_forest_anomaly,warmup,valid_receiver_after_bad_tag,accept,accepted,sender_serialization_and_quality,19,0.0,0.0,0.0,0.0,0,Sender serialization including its quality validation; not separately timed.,per-observation exclusive interval; no sum-of-percentiles total
forest_motion_forest_anomaly,warmup,valid_receiver_after_bad_tag,accept,accepted,sender_window_hmac,19,0.0,0.0,0.0,0.0,0,Recorded window-tag generation call.,per-observation exclusive interval; no sum-of-percentiles total
forest_motion_forest_anomaly,warmup,valid_receiver_after_bad_tag,accept,accepted,session_establishment_unisolated,19,0.0,0.0,0.0,0.0,0,"Handshake/request/activation remainder, including unseparated HKDF/confirmation work and observer cost.",per-observation exclusive interval; no sum-of-percentiles total
forest_motion_forest_anomaly,warmup,valid_receiver_after_bad_tag,accept,accepted,simulated_response_read,19,0.0,0.0,0.0,0.0,0,"Modeled response generation, not physical acquisition.",per-observation exclusive interval; no sum-of-percentiles total
logistic_motion_forest_anomaly,condition_first_use,bad_tag_receiver,reject,invalid_tag,admission_orchestration_unisolated,1,0.0,0.0,0.0,0.0,0,Admission orchestration remainder not covered by named children.,per-observation exclusive interval; no sum-of-percentiles total
logistic_motion_forest_anomaly,condition_first_use,bad_tag_receiver,reject,invalid_tag,anomaly_consumer,1,0.0,0.0,0.0,0.0,0,Anomaly consumer including feature scaling and frozen-threshold decision.,per-observation exclusive interval; no sum-of-percentiles total
logistic_motion_forest_anomaly,condition_first_use,bad_tag_receiver,reject,invalid_tag,binary32_adapter,1,0.0,0.0,0.0,0.0,0,Canonical binary32 input adaptation before sender sealing.,per-observation exclusive interval; no sum-of-percentiles total
logistic_motion_forest_anomaly,condition_first_use,bad_tag_receiver,reject,invalid_tag,credential_verification,1,0.0,0.0,0.0,0.0,0,Recorded independent credential-verification call(s).,per-observation exclusive interval; no sum-of-percentiles total
logistic_motion_forest_anomaly,condition_first_use,bad_tag_receiver,reject,invalid_tag,in_memory_audit_measured,1,0.0569,0.0569,0.0569,0.0569,1,"Recorded audit record/prepare/commit spans, exclusive of their children; not all audit-related overhead and not durable storage.",per-observation exclusive interval; no sum-of-percentiles total
logistic_motion_forest_anomaly,condition_first_use,bad_tag_receiver,reject,invalid_tag,local_admission_checks,1,0.0,0.0,0.0,0.0,0,"Measured local authorization/binding/consumption calls, excluding nested credential verification.",per-observation exclusive interval; no sum-of-percentiles total
logistic_motion_forest_anomaly,condition_first_use,bad_tag_receiver,reject,invalid_tag,model_input_preprocessing,1,0.0,0.0,0.0,0.0,0,Shared model-input preparation; model-specific normalization remains in consumer timing.,per-observation exclusive interval; no sum-of-percentiles total
logistic_motion_forest_anomaly,condition_first_use,bad_tag_receiver,reject,invalid_tag,motion_consumer,1,0.0,0.0,0.0,0.0,0,Motion consumer including normalization/tensor preparation/prediction decoding.,per-observation exclusive interval; no sum-of-percentiles total
logistic_motion_forest_anomaly,condition_first_use,bad_tag_receiver,reject,invalid_tag,outer_orchestration_unisolated,1,0.0177,0.0177,0.0177,0.0177,1,Direct root/first-post-window remainder outside named child spans.,per-observation exclusive interval; no sum-of-percentiles total
logistic_motion_forest_anomaly,condition_first_use,bad_tag_receiver,reject,invalid_tag,receiver_binding_sequence_state_unisolated,1,0.1346,0.1346,0.1346,0.1346,1,"Verifier remainder including binding, sequence checks, locks/state publication and observer work; NOT isolated sequence latency.",per-observation exclusive interval; no sum-of-percentiles total
logistic_motion_forest_anomaly,condition_first_use,bad_tag_receiver,reject,invalid_tag,receiver_parsing,1,2.1103,2.1103,2.1103,2.1103,1,Envelope and binary parser call.,per-observation exclusive interval; no sum-of-percentiles total
logistic_motion_forest_anomaly,condition_first_use,bad_tag_receiver,reject,invalid_tag,receiver_quality_check,1,0.0,0.0,0.0,0.0,0,Verifier quality-check call.,per-observation exclusive interval; no sum-of-percentiles total
logistic_motion_forest_anomaly,condition_first_use,bad_tag_receiver,reject,invalid_tag,receiver_window_hmac,1,0.0251,0.0251,0.0251,0.0251,1,"Recorded verifier window-tag calculation, not complete authentication.",per-observation exclusive interval; no sum-of-percentiles total
logistic_motion_forest_anomaly,condition_first_use,bad_tag_receiver,reject,invalid_tag,reconstruction,1,0.0,0.0,0.0,0.0,0,Actual recorded BCH reconstruction; includes any observer/GC delay.,per-observation exclusive interval; no sum-of-percentiles total
logistic_motion_forest_anomaly,condition_first_use,bad_tag_receiver,reject,invalid_tag,release_conversion_unisolated,1,0.0,0.0,0.0,0.0,0,Accepted release remainder including conversion/dispatch/observer work outside consumer children.,per-observation exclusive interval; no sum-of-percentiles total
logistic_motion_forest_anomaly,condition_first_use,bad_tag_receiver,reject,invalid_tag,sender_binding_unisolated,1,0.0,0.0,0.0,0.0,0,Sender seal remainder: binding/state/orchestration/observer work not separately timed.,per-observation exclusive interval; no sum-of-percentiles total
logistic_motion_forest_anomaly,condition_first_use,bad_tag_receiver,reject,invalid_tag,sender_serialization_and_quality,1,0.0,0.0,0.0,0.0,0,Sender serialization including its quality validation; not separately timed.,per-observation exclusive interval; no sum-of-percentiles total
logistic_motion_forest_anomaly,condition_first_use,bad_tag_receiver,reject,invalid_tag,sender_window_hmac,1,0.0,0.0,0.0,0.0,0,Recorded window-tag generation call.,per-observation exclusive interval; no sum-of-percentiles total
logistic_motion_forest_anomaly,condition_first_use,bad_tag_receiver,reject,invalid_tag,session_establishment_unisolated,1,0.0,0.0,0.0,0.0,0,"Handshake/request/activation remainder, including unseparated HKDF/confirmation work and observer cost.",per-observation exclusive interval; no sum-of-percentiles total
logistic_motion_forest_anomaly,condition_first_use,bad_tag_receiver,reject,invalid_tag,simulated_response_read,1,0.0,0.0,0.0,0.0,0,"Modeled response generation, not physical acquisition.",per-observation exclusive interval; no sum-of-percentiles total
logistic_motion_forest_anomaly,condition_first_use,exact_replay_receiver,reject,duplicate_sequence,admission_orchestration_unisolated,1,0.0,0.0,0.0,0.0,0,Admission orchestration remainder not covered by named children.,per-observation exclusive interval; no sum-of-percentiles total
logistic_motion_forest_anomaly,condition_first_use,exact_replay_receiver,reject,duplicate_sequence,anomaly_consumer,1,0.0,0.0,0.0,0.0,0,Anomaly consumer including feature scaling and frozen-threshold decision.,per-observation exclusive interval; no sum-of-percentiles total
logistic_motion_forest_anomaly,condition_first_use,exact_replay_receiver,reject,duplicate_sequence,binary32_adapter,1,0.0,0.0,0.0,0.0,0,Canonical binary32 input adaptation before sender sealing.,per-observation exclusive interval; no sum-of-percentiles total
logistic_motion_forest_anomaly,condition_first_use,exact_replay_receiver,reject,duplicate_sequence,credential_verification,1,0.0,0.0,0.0,0.0,0,Recorded independent credential-verification call(s).,per-observation exclusive interval; no sum-of-percentiles total
logistic_motion_forest_anomaly,condition_first_use,exact_replay_receiver,reject,duplicate_sequence,in_memory_audit_measured,1,0.0578,0.0578,0.0578,0.0578,1,"Recorded audit record/prepare/commit spans, exclusive of their children; not all audit-related overhead and not durable storage.",per-observation exclusive interval; no sum-of-percentiles total
logistic_motion_forest_anomaly,condition_first_use,exact_replay_receiver,reject,duplicate_sequence,local_admission_checks,1,0.0,0.0,0.0,0.0,0,"Measured local authorization/binding/consumption calls, excluding nested credential verification.",per-observation exclusive interval; no sum-of-percentiles total
logistic_motion_forest_anomaly,condition_first_use,exact_replay_receiver,reject,duplicate_sequence,model_input_preprocessing,1,0.0,0.0,0.0,0.0,0,Shared model-input preparation; model-specific normalization remains in consumer timing.,per-observation exclusive interval; no sum-of-percentiles total
logistic_motion_forest_anomaly,condition_first_use,exact_replay_receiver,reject,duplicate_sequence,motion_consumer,1,0.0,0.0,0.0,0.0,0,Motion consumer including normalization/tensor preparation/prediction decoding.,per-observation exclusive interval; no sum-of-percentiles total
logistic_motion_forest_anomaly,condition_first_use,exact_replay_receiver,reject,duplicate_sequence,outer_orchestration_unisolated,1,0.012,0.012,0.012,0.012,1,Direct root/first-post-window remainder outside named child spans.,per-observation exclusive interval; no sum-of-percentiles total
logistic_motion_forest_anomaly,condition_first_use,exact_replay_receiver,reject,duplicate_sequence,receiver_binding_sequence_state_unisolated,1,0.119,0.119,0.119,0.119,1,"Verifier remainder including binding, sequence checks, locks/state publication and observer work; NOT isolated sequence latency.",per-observation exclusive interval; no sum-of-percentiles total
logistic_motion_forest_anomaly,condition_first_use,exact_replay_receiver,reject,duplicate_sequence,receiver_parsing,1,1.7165,1.7165,1.7165,1.7165,1,Envelope and binary parser call.,per-observation exclusive interval; no sum-of-percentiles total
logistic_motion_forest_anomaly,condition_first_use,exact_replay_receiver,reject,duplicate_sequence,receiver_quality_check,1,4.6123,4.6123,4.6123,4.6123,1,Verifier quality-check call.,per-observation exclusive interval; no sum-of-percentiles total
logistic_motion_forest_anomaly,condition_first_use,exact_replay_receiver,reject,duplicate_sequence,receiver_window_hmac,1,0.0232,0.0232,0.0232,0.0232,1,"Recorded verifier window-tag calculation, not complete authentication.",per-observation exclusive interval; no sum-of-percentiles total
logistic_motion_forest_anomaly,condition_first_use,exact_replay_receiver,reject,duplicate_sequence,reconstruction,1,0.0,0.0,0.0,0.0,0,Actual recorded BCH reconstruction; includes any observer/GC delay.,per-observation exclusive interval; no sum-of-percentiles total
logistic_motion_forest_anomaly,condition_first_use,exact_replay_receiver,reject,duplicate_sequence,release_conversion_unisolated,1,0.0,0.0,0.0,0.0,0,Accepted release remainder including conversion/dispatch/observer work outside consumer children.,per-observation exclusive interval; no sum-of-percentiles total
logistic_motion_forest_anomaly,condition_first_use,exact_replay_receiver,reject,duplicate_sequence,sender_binding_unisolated,1,0.0,0.0,0.0,0.0,0,Sender seal remainder: binding/state/orchestration/observer work not separately timed.,per-observation exclusive interval; no sum-of-percentiles total
logistic_motion_forest_anomaly,condition_first_use,exact_replay_receiver,reject,duplicate_sequence,sender_serialization_and_quality,1,0.0,0.0,0.0,0.0,0,Sender serialization including its quality validation; not separately timed.,per-observation exclusive interval; no sum-of-percentiles total
logistic_motion_forest_anomaly,condition_first_use,exact_replay_receiver,reject,duplicate_sequence,sender_window_hmac,1,0.0,0.0,0.0,0.0,0,Recorded window-tag generation call.,per-observation exclusive interval; no sum-of-percentiles total
logistic_motion_forest_anomaly,condition_first_use,exact_replay_receiver,reject,duplicate_sequence,session_establishment_unisolated,1,0.0,0.0,0.0,0.0,0,"Handshake/request/activation remainder, including unseparated HKDF/confirmation work and observer cost.",per-observation exclusive interval; no sum-of-percentiles total
logistic_motion_forest_anomaly,condition_first_use,exact_replay_receiver,reject,duplicate_sequence,simulated_response_read,1,0.0,0.0,0.0,0.0,0,"Modeled response generation, not physical acquisition.",per-observation exclusive interval; no sum-of-percentiles total
logistic_motion_forest_anomaly,condition_first_use,fresh_to_first_window,accept,accepted,admission_orchestration_unisolated,1,0.0741,0.0741,0.0741,0.0741,1,Admission orchestration remainder not covered by named children.,per-observation exclusive interval; no sum-of-percentiles total
logistic_motion_forest_anomaly,condition_first_use,fresh_to_first_window,accept,accepted,anomaly_consumer,1,10.0965,10.0965,10.0965,10.0965,1,Anomaly consumer including feature scaling and frozen-threshold decision.,per-observation exclusive interval; no sum-of-percentiles total
logistic_motion_forest_anomaly,condition_first_use,fresh_to_first_window,accept,accepted,binary32_adapter,1,1.6322,1.6322,1.6322,1.6322,1,Canonical binary32 input adaptation before sender sealing.,per-observation exclusive interval; no sum-of-percentiles total
logistic_motion_forest_anomaly,condition_first_use,fresh_to_first_window,accept,accepted,credential_verification,1,0.0664,0.0664,0.0664,0.0664,1,Recorded independent credential-verification call(s).,per-observation exclusive interval; no sum-of-percentiles total
logistic_motion_forest_anomaly,condition_first_use,fresh_to_first_window,accept,accepted,in_memory_audit_measured,1,0.293,0.293,0.293,0.293,1,"Recorded audit record/prepare/commit spans, exclusive of their children; not all audit-related overhead and not durable storage.",per-observation exclusive interval; no sum-of-percentiles total
logistic_motion_forest_anomaly,condition_first_use,fresh_to_first_window,accept,accepted,local_admission_checks,1,0.0996,0.0996,0.0996,0.0996,1,"Measured local authorization/binding/consumption calls, excluding nested credential verification.",per-observation exclusive interval; no sum-of-percentiles total
logistic_motion_forest_anomaly,condition_first_use,fresh_to_first_window,accept,accepted,model_input_preprocessing,1,6.0126,6.0126,6.0126,6.0126,1,Shared model-input preparation; model-specific normalization remains in consumer timing.,per-observation exclusive interval; no sum-of-percentiles total
logistic_motion_forest_anomaly,condition_first_use,fresh_to_first_window,accept,accepted,motion_consumer,1,0.8353,0.8353,0.8353,0.8353,1,Motion consumer including normalization/tensor preparation/prediction decoding.,per-observation exclusive interval; no sum-of-percentiles total
logistic_motion_forest_anomaly,condition_first_use,fresh_to_first_window,accept,accepted,outer_orchestration_unisolated,1,0.2302,0.2302,0.2302,0.2302,1,Direct root/first-post-window remainder outside named child spans.,per-observation exclusive interval; no sum-of-percentiles total
logistic_motion_forest_anomaly,condition_first_use,fresh_to_first_window,accept,accepted,receiver_binding_sequence_state_unisolated,1,0.123,0.123,0.123,0.123,1,"Verifier remainder including binding, sequence checks, locks/state publication and observer work; NOT isolated sequence latency.",per-observation exclusive interval; no sum-of-percentiles total
logistic_motion_forest_anomaly,condition_first_use,fresh_to_first_window,accept,accepted,receiver_parsing,1,2.5364,2.5364,2.5364,2.5364,1,Envelope and binary parser call.,per-observation exclusive interval; no sum-of-percentiles total
logistic_motion_forest_anomaly,condition_first_use,fresh_to_first_window,accept,accepted,receiver_quality_check,1,6.8046,6.8046,6.8046,6.8046,1,Verifier quality-check call.,per-observation exclusive interval; no sum-of-percentiles total
logistic_motion_forest_anomaly,condition_first_use,fresh_to_first_window,accept,accepted,receiver_window_hmac,1,0.0217,0.0217,0.0217,0.0217,1,"Recorded verifier window-tag calculation, not complete authentication.",per-observation exclusive interval; no sum-of-percentiles total
logistic_motion_forest_anomaly,condition_first_use,fresh_to_first_window,accept,accepted,reconstruction,1,3.3207,3.3207,3.3207,3.3207,1,Actual recorded BCH reconstruction; includes any observer/GC delay.,per-observation exclusive interval; no sum-of-percentiles total
logistic_motion_forest_anomaly,condition_first_use,fresh_to_first_window,accept,accepted,release_conversion_unisolated,1,0.9597,0.9597,0.9597,0.9597,1,Accepted release remainder including conversion/dispatch/observer work outside consumer children.,per-observation exclusive interval; no sum-of-percentiles total
logistic_motion_forest_anomaly,condition_first_use,fresh_to_first_window,accept,accepted,sender_binding_unisolated,1,0.1733,0.1733,0.1733,0.1733,1,Sender seal remainder: binding/state/orchestration/observer work not separately timed.,per-observation exclusive interval; no sum-of-percentiles total
logistic_motion_forest_anomaly,condition_first_use,fresh_to_first_window,accept,accepted,sender_serialization_and_quality,1,7.375,7.375,7.375,7.375,1,Sender serialization including its quality validation; not separately timed.,per-observation exclusive interval; no sum-of-percentiles total
logistic_motion_forest_anomaly,condition_first_use,fresh_to_first_window,accept,accepted,sender_window_hmac,1,0.0203,0.0203,0.0203,0.0203,1,Recorded window-tag generation call.,per-observation exclusive interval; no sum-of-percentiles total
logistic_motion_forest_anomaly,condition_first_use,fresh_to_first_window,accept,accepted,session_establishment_unisolated,1,0.6278,0.6278,0.6278,0.6278,1,"Handshake/request/activation remainder, including unseparated HKDF/confirmation work and observer cost.",per-observation exclusive interval; no sum-of-percentiles total
logistic_motion_forest_anomaly,condition_first_use,fresh_to_first_window,accept,accepted,simulated_response_read,1,0.3041,0.3041,0.3041,0.3041,1,"Modeled response generation, not physical acquisition.",per-observation exclusive interval; no sum-of-percentiles total
logistic_motion_forest_anomaly,condition_first_use,malformed_json_receiver,reject,malformed_message,admission_orchestration_unisolated,1,0.0,0.0,0.0,0.0,0,Admission orchestration remainder not covered by named children.,per-observation exclusive interval; no sum-of-percentiles total
logistic_motion_forest_anomaly,condition_first_use,malformed_json_receiver,reject,malformed_message,anomaly_consumer,1,0.0,0.0,0.0,0.0,0,Anomaly consumer including feature scaling and frozen-threshold decision.,per-observation exclusive interval; no sum-of-percentiles total
logistic_motion_forest_anomaly,condition_first_use,malformed_json_receiver,reject,malformed_message,binary32_adapter,1,0.0,0.0,0.0,0.0,0,Canonical binary32 input adaptation before sender sealing.,per-observation exclusive interval; no sum-of-percentiles total
logistic_motion_forest_anomaly,condition_first_use,malformed_json_receiver,reject,malformed_message,credential_verification,1,0.0,0.0,0.0,0.0,0,Recorded independent credential-verification call(s).,per-observation exclusive interval; no sum-of-percentiles total
logistic_motion_forest_anomaly,condition_first_use,malformed_json_receiver,reject,malformed_message,in_memory_audit_measured,1,0.0479,0.0479,0.0479,0.0479,1,"Recorded audit record/prepare/commit spans, exclusive of their children; not all audit-related overhead and not durable storage.",per-observation exclusive interval; no sum-of-percentiles total
logistic_motion_forest_anomaly,condition_first_use,malformed_json_receiver,reject,malformed_message,local_admission_checks,1,0.0,0.0,0.0,0.0,0,"Measured local authorization/binding/consumption calls, excluding nested credential verification.",per-observation exclusive interval; no sum-of-percentiles total
logistic_motion_forest_anomaly,condition_first_use,malformed_json_receiver,reject,malformed_message,model_input_preprocessing,1,0.0,0.0,0.0,0.0,0,Shared model-input preparation; model-specific normalization remains in consumer timing.,per-observation exclusive interval; no sum-of-percentiles total
logistic_motion_forest_anomaly,condition_first_use,malformed_json_receiver,reject,malformed_message,motion_consumer,1,0.0,0.0,0.0,0.0,0,Motion consumer including normalization/tensor preparation/prediction decoding.,per-observation exclusive interval; no sum-of-percentiles total
logistic_motion_forest_anomaly,condition_first_use,malformed_json_receiver,reject,malformed_message,outer_orchestration_unisolated,1,0.008,0.008,0.008,0.008,1,Direct root/first-post-window remainder outside named child spans.,per-observation exclusive interval; no sum-of-percentiles total
logistic_motion_forest_anomaly,condition_first_use,malformed_json_receiver,reject,malformed_message,receiver_binding_sequence_state_unisolated,1,0.0417,0.0417,0.0417,0.0417,1,"Verifier remainder including binding, sequence checks, locks/state publication and observer work; NOT isolated sequence latency.",per-observation exclusive interval; no sum-of-percentiles total
logistic_motion_forest_anomaly,condition_first_use,malformed_json_receiver,reject,malformed_message,receiver_parsing,1,0.0315,0.0315,0.0315,0.0315,1,Envelope and binary parser call.,per-observation exclusive interval; no sum-of-percentiles total
logistic_motion_forest_anomaly,condition_first_use,malformed_json_receiver,reject,malformed_message,receiver_quality_check,1,0.0,0.0,0.0,0.0,0,Verifier quality-check call.,per-observation exclusive interval; no sum-of-percentiles total
logistic_motion_forest_anomaly,condition_first_use,malformed_json_receiver,reject,malformed_message,receiver_window_hmac,1,0.0,0.0,0.0,0.0,0,"Recorded verifier window-tag calculation, not complete authentication.",per-observation exclusive interval; no sum-of-percentiles total
logistic_motion_forest_anomaly,condition_first_use,malformed_json_receiver,reject,malformed_message,reconstruction,1,0.0,0.0,0.0,0.0,0,Actual recorded BCH reconstruction; includes any observer/GC delay.,per-observation exclusive interval; no sum-of-percentiles total
logistic_motion_forest_anomaly,condition_first_use,malformed_json_receiver,reject,malformed_message,release_conversion_unisolated,1,0.0,0.0,0.0,0.0,0,Accepted release remainder including conversion/dispatch/observer work outside consumer children.,per-observation exclusive interval; no sum-of-percentiles total
logistic_motion_forest_anomaly,condition_first_use,malformed_json_receiver,reject,malformed_message,sender_binding_unisolated,1,0.0,0.0,0.0,0.0,0,Sender seal remainder: binding/state/orchestration/observer work not separately timed.,per-observation exclusive interval; no sum-of-percentiles total
logistic_motion_forest_anomaly,condition_first_use,malformed_json_receiver,reject,malformed_message,sender_serialization_and_quality,1,0.0,0.0,0.0,0.0,0,Sender serialization including its quality validation; not separately timed.,per-observation exclusive interval; no sum-of-percentiles total
logistic_motion_forest_anomaly,condition_first_use,malformed_json_receiver,reject,malformed_message,sender_window_hmac,1,0.0,0.0,0.0,0.0,0,Recorded window-tag generation call.,per-observation exclusive interval; no sum-of-percentiles total
logistic_motion_forest_anomaly,condition_first_use,malformed_json_receiver,reject,malformed_message,session_establishment_unisolated,1,0.0,0.0,0.0,0.0,0,"Handshake/request/activation remainder, including unseparated HKDF/confirmation work and observer cost.",per-observation exclusive interval; no sum-of-percentiles total
logistic_motion_forest_anomaly,condition_first_use,malformed_json_receiver,reject,malformed_message,simulated_response_read,1,0.0,0.0,0.0,0.0,0,"Modeled response generation, not physical acquisition.",per-observation exclusive interval; no sum-of-percentiles total
logistic_motion_forest_anomaly,condition_first_use,post_window_after_refusals,accept,accepted,admission_orchestration_unisolated,1,0.0,0.0,0.0,0.0,0,Admission orchestration remainder not covered by named children.,per-observation exclusive interval; no sum-of-percentiles total
logistic_motion_forest_anomaly,condition_first_use,post_window_after_refusals,accept,accepted,anomaly_consumer,1,6.2076,6.2076,6.2076,6.2076,1,Anomaly consumer including feature scaling and frozen-threshold decision.,per-observation exclusive interval; no sum-of-percentiles total
logistic_motion_forest_anomaly,condition_first_use,post_window_after_refusals,accept,accepted,binary32_adapter,1,1.0814,1.0814,1.0814,1.0814,1,Canonical binary32 input adaptation before sender sealing.,per-observation exclusive interval; no sum-of-percentiles total
logistic_motion_forest_anomaly,condition_first_use,post_window_after_refusals,accept,accepted,credential_verification,1,0.0,0.0,0.0,0.0,0,Recorded independent credential-verification call(s).,per-observation exclusive interval; no sum-of-percentiles total
logistic_motion_forest_anomaly,condition_first_use,post_window_after_refusals,accept,accepted,in_memory_audit_measured,1,0.0861,0.0861,0.0861,0.0861,1,"Recorded audit record/prepare/commit spans, exclusive of their children; not all audit-related overhead and not durable storage.",per-observation exclusive interval; no sum-of-percentiles total
logistic_motion_forest_anomaly,condition_first_use,post_window_after_refusals,accept,accepted,local_admission_checks,1,0.0,0.0,0.0,0.0,0,"Measured local authorization/binding/consumption calls, excluding nested credential verification.",per-observation exclusive interval; no sum-of-percentiles total
logistic_motion_forest_anomaly,condition_first_use,post_window_after_refusals,accept,accepted,model_input_preprocessing,1,3.1986,3.1986,3.1986,3.1986,1,Shared model-input preparation; model-specific normalization remains in consumer timing.,per-observation exclusive interval; no sum-of-percentiles total
logistic_motion_forest_anomaly,condition_first_use,post_window_after_refusals,accept,accepted,motion_consumer,1,0.5175,0.5175,0.5175,0.5175,1,Motion consumer including normalization/tensor preparation/prediction decoding.,per-observation exclusive interval; no sum-of-percentiles total
logistic_motion_forest_anomaly,condition_first_use,post_window_after_refusals,accept,accepted,outer_orchestration_unisolated,1,0.0645,0.0645,0.0645,0.0645,1,Direct root/first-post-window remainder outside named child spans.,per-observation exclusive interval; no sum-of-percentiles total
logistic_motion_forest_anomaly,condition_first_use,post_window_after_refusals,accept,accepted,receiver_binding_sequence_state_unisolated,1,0.0998,0.0998,0.0998,0.0998,1,"Verifier remainder including binding, sequence checks, locks/state publication and observer work; NOT isolated sequence latency.",per-observation exclusive interval; no sum-of-percentiles total
logistic_motion_forest_anomaly,condition_first_use,post_window_after_refusals,accept,accepted,receiver_parsing,1,1.6222,1.6222,1.6222,1.6222,1,Envelope and binary parser call.,per-observation exclusive interval; no sum-of-percentiles total
logistic_motion_forest_anomaly,condition_first_use,post_window_after_refusals,accept,accepted,receiver_quality_check,1,4.6209,4.6209,4.6209,4.6209,1,Verifier quality-check call.,per-observation exclusive interval; no sum-of-percentiles total
logistic_motion_forest_anomaly,condition_first_use,post_window_after_refusals,accept,accepted,receiver_window_hmac,1,0.0174,0.0174,0.0174,0.0174,1,"Recorded verifier window-tag calculation, not complete authentication.",per-observation exclusive interval; no sum-of-percentiles total
logistic_motion_forest_anomaly,condition_first_use,post_window_after_refusals,accept,accepted,reconstruction,1,0.0,0.0,0.0,0.0,0,Actual recorded BCH reconstruction; includes any observer/GC delay.,per-observation exclusive interval; no sum-of-percentiles total
logistic_motion_forest_anomaly,condition_first_use,post_window_after_refusals,accept,accepted,release_conversion_unisolated,1,0.6071,0.6071,0.6071,0.6071,1,Accepted release remainder including conversion/dispatch/observer work outside consumer children.,per-observation exclusive interval; no sum-of-percentiles total
logistic_motion_forest_anomaly,condition_first_use,post_window_after_refusals,accept,accepted,sender_binding_unisolated,1,0.1191,0.1191,0.1191,0.1191,1,Sender seal remainder: binding/state/orchestration/observer work not separately timed.,per-observation exclusive interval; no sum-of-percentiles total
logistic_motion_forest_anomaly,condition_first_use,post_window_after_refusals,accept,accepted,sender_serialization_and_quality,1,5.1097,5.1097,5.1097,5.1097,1,Sender serialization including its quality validation; not separately timed.,per-observation exclusive interval; no sum-of-percentiles total
logistic_motion_forest_anomaly,condition_first_use,post_window_after_refusals,accept,accepted,sender_window_hmac,1,0.022,0.022,0.022,0.022,1,Recorded window-tag generation call.,per-observation exclusive interval; no sum-of-percentiles total
logistic_motion_forest_anomaly,condition_first_use,post_window_after_refusals,accept,accepted,session_establishment_unisolated,1,0.0,0.0,0.0,0.0,0,"Handshake/request/activation remainder, including unseparated HKDF/confirmation work and observer cost.",per-observation exclusive interval; no sum-of-percentiles total
logistic_motion_forest_anomaly,condition_first_use,post_window_after_refusals,accept,accepted,simulated_response_read,1,0.0,0.0,0.0,0.0,0,"Modeled response generation, not physical acquisition.",per-observation exclusive interval; no sum-of-percentiles total
logistic_motion_forest_anomaly,condition_first_use,post_window_recurring,accept,accepted,admission_orchestration_unisolated,1,0.0,0.0,0.0,0.0,0,Admission orchestration remainder not covered by named children.,per-observation exclusive interval; no sum-of-percentiles total
logistic_motion_forest_anomaly,condition_first_use,post_window_recurring,accept,accepted,anomaly_consumer,1,10.0987,10.0987,10.0987,10.0987,1,Anomaly consumer including feature scaling and frozen-threshold decision.,per-observation exclusive interval; no sum-of-percentiles total
logistic_motion_forest_anomaly,condition_first_use,post_window_recurring,accept,accepted,binary32_adapter,1,1.6855,1.6855,1.6855,1.6855,1,Canonical binary32 input adaptation before sender sealing.,per-observation exclusive interval; no sum-of-percentiles total
logistic_motion_forest_anomaly,condition_first_use,post_window_recurring,accept,accepted,credential_verification,1,0.0,0.0,0.0,0.0,0,Recorded independent credential-verification call(s).,per-observation exclusive interval; no sum-of-percentiles total
logistic_motion_forest_anomaly,condition_first_use,post_window_recurring,accept,accepted,in_memory_audit_measured,1,0.1478,0.1478,0.1478,0.1478,1,"Recorded audit record/prepare/commit spans, exclusive of their children; not all audit-related overhead and not durable storage.",per-observation exclusive interval; no sum-of-percentiles total
logistic_motion_forest_anomaly,condition_first_use,post_window_recurring,accept,accepted,local_admission_checks,1,0.0,0.0,0.0,0.0,0,"Measured local authorization/binding/consumption calls, excluding nested credential verification.",per-observation exclusive interval; no sum-of-percentiles total
logistic_motion_forest_anomaly,condition_first_use,post_window_recurring,accept,accepted,model_input_preprocessing,1,6.1964,6.1964,6.1964,6.1964,1,Shared model-input preparation; model-specific normalization remains in consumer timing.,per-observation exclusive interval; no sum-of-percentiles total
logistic_motion_forest_anomaly,condition_first_use,post_window_recurring,accept,accepted,motion_consumer,1,0.8136,0.8136,0.8136,0.8136,1,Motion consumer including normalization/tensor preparation/prediction decoding.,per-observation exclusive interval; no sum-of-percentiles total
logistic_motion_forest_anomaly,condition_first_use,post_window_recurring,accept,accepted,outer_orchestration_unisolated,1,0.2176,0.2176,0.2176,0.2176,1,Direct root/first-post-window remainder outside named child spans.,per-observation exclusive interval; no sum-of-percentiles total
logistic_motion_forest_anomaly,condition_first_use,post_window_recurring,accept,accepted,receiver_binding_sequence_state_unisolated,1,0.1291,0.1291,0.1291,0.1291,1,"Verifier remainder including binding, sequence checks, locks/state publication and observer work; NOT isolated sequence latency.",per-observation exclusive interval; no sum-of-percentiles total
logistic_motion_forest_anomaly,condition_first_use,post_window_recurring,accept,accepted,receiver_parsing,1,2.443,2.443,2.443,2.443,1,Envelope and binary parser call.,per-observation exclusive interval; no sum-of-percentiles total
logistic_motion_forest_anomaly,condition_first_use,post_window_recurring,accept,accepted,receiver_quality_check,1,6.804,6.804,6.804,6.804,1,Verifier quality-check call.,per-observation exclusive interval; no sum-of-percentiles total
logistic_motion_forest_anomaly,condition_first_use,post_window_recurring,accept,accepted,receiver_window_hmac,1,0.0264,0.0264,0.0264,0.0264,1,"Recorded verifier window-tag calculation, not complete authentication.",per-observation exclusive interval; no sum-of-percentiles total
logistic_motion_forest_anomaly,condition_first_use,post_window_recurring,accept,accepted,reconstruction,1,0.0,0.0,0.0,0.0,0,Actual recorded BCH reconstruction; includes any observer/GC delay.,per-observation exclusive interval; no sum-of-percentiles total
logistic_motion_forest_anomaly,condition_first_use,post_window_recurring,accept,accepted,release_conversion_unisolated,1,0.8865,0.8865,0.8865,0.8865,1,Accepted release remainder including conversion/dispatch/observer work outside consumer children.,per-observation exclusive interval; no sum-of-percentiles total
logistic_motion_forest_anomaly,condition_first_use,post_window_recurring,accept,accepted,sender_binding_unisolated,1,0.2106,0.2106,0.2106,0.2106,1,Sender seal remainder: binding/state/orchestration/observer work not separately timed.,per-observation exclusive interval; no sum-of-percentiles total
logistic_motion_forest_anomaly,condition_first_use,post_window_recurring,accept,accepted,sender_serialization_and_quality,1,7.5219,7.5219,7.5219,7.5219,1,Sender serialization including its quality validation; not separately timed.,per-observation exclusive interval; no sum-of-percentiles total
logistic_motion_forest_anomaly,condition_first_use,post_window_recurring,accept,accepted,sender_window_hmac,1,0.0475,0.0475,0.0475,0.0475,1,Recorded window-tag generation call.,per-observation exclusive interval; no sum-of-percentiles total
logistic_motion_forest_anomaly,condition_first_use,post_window_recurring,accept,accepted,session_establishment_unisolated,1,0.0,0.0,0.0,0.0,0,"Handshake/request/activation remainder, including unseparated HKDF/confirmation work and observer cost.",per-observation exclusive interval; no sum-of-percentiles total
logistic_motion_forest_anomaly,condition_first_use,post_window_recurring,accept,accepted,simulated_response_read,1,0.0,0.0,0.0,0.0,0,"Modeled response generation, not physical acquisition.",per-observation exclusive interval; no sum-of-percentiles total
logistic_motion_forest_anomaly,condition_first_use,pre_tag_quality_refusal,reject,data_quality_failure,admission_orchestration_unisolated,1,0.0,0.0,0.0,0.0,0,Admission orchestration remainder not covered by named children.,per-observation exclusive interval; no sum-of-percentiles total
logistic_motion_forest_anomaly,condition_first_use,pre_tag_quality_refusal,reject,data_quality_failure,anomaly_consumer,1,0.0,0.0,0.0,0.0,0,Anomaly consumer including feature scaling and frozen-threshold decision.,per-observation exclusive interval; no sum-of-percentiles total
logistic_motion_forest_anomaly,condition_first_use,pre_tag_quality_refusal,reject,data_quality_failure,binary32_adapter,1,1.0886,1.0886,1.0886,1.0886,1,Canonical binary32 input adaptation before sender sealing.,per-observation exclusive interval; no sum-of-percentiles total
logistic_motion_forest_anomaly,condition_first_use,pre_tag_quality_refusal,reject,data_quality_failure,credential_verification,1,0.0,0.0,0.0,0.0,0,Recorded independent credential-verification call(s).,per-observation exclusive interval; no sum-of-percentiles total
logistic_motion_forest_anomaly,condition_first_use,pre_tag_quality_refusal,reject,data_quality_failure,in_memory_audit_measured,1,0.0489,0.0489,0.0489,0.0489,1,"Recorded audit record/prepare/commit spans, exclusive of their children; not all audit-related overhead and not durable storage.",per-observation exclusive interval; no sum-of-percentiles total
logistic_motion_forest_anomaly,condition_first_use,pre_tag_quality_refusal,reject,data_quality_failure,local_admission_checks,1,0.0,0.0,0.0,0.0,0,"Measured local authorization/binding/consumption calls, excluding nested credential verification.",per-observation exclusive interval; no sum-of-percentiles total
logistic_motion_forest_anomaly,condition_first_use,pre_tag_quality_refusal,reject,data_quality_failure,model_input_preprocessing,1,0.0,0.0,0.0,0.0,0,Shared model-input preparation; model-specific normalization remains in consumer timing.,per-observation exclusive interval; no sum-of-percentiles total
logistic_motion_forest_anomaly,condition_first_use,pre_tag_quality_refusal,reject,data_quality_failure,motion_consumer,1,0.0,0.0,0.0,0.0,0,Motion consumer including normalization/tensor preparation/prediction decoding.,per-observation exclusive interval; no sum-of-percentiles total
logistic_motion_forest_anomaly,condition_first_use,pre_tag_quality_refusal,reject,data_quality_failure,outer_orchestration_unisolated,1,0.0441,0.0441,0.0441,0.0441,1,Direct root/first-post-window remainder outside named child spans.,per-observation exclusive interval; no sum-of-percentiles total
logistic_motion_forest_anomaly,condition_first_use,pre_tag_quality_refusal,reject,data_quality_failure,receiver_binding_sequence_state_unisolated,1,0.0,0.0,0.0,0.0,0,"Verifier remainder including binding, sequence checks, locks/state publication and observer work; NOT isolated sequence latency.",per-observation exclusive interval; no sum-of-percentiles total
logistic_motion_forest_anomaly,condition_first_use,pre_tag_quality_refusal,reject,data_quality_failure,receiver_parsing,1,0.0,0.0,0.0,0.0,0,Envelope and binary parser call.,per-observation exclusive interval; no sum-of-percentiles total
logistic_motion_forest_anomaly,condition_first_use,pre_tag_quality_refusal,reject,data_quality_failure,receiver_quality_check,1,0.0,0.0,0.0,0.0,0,Verifier quality-check call.,per-observation exclusive interval; no sum-of-percentiles total
logistic_motion_forest_anomaly,condition_first_use,pre_tag_quality_refusal,reject,data_quality_failure,receiver_window_hmac,1,0.0,0.0,0.0,0.0,0,"Recorded verifier window-tag calculation, not complete authentication.",per-observation exclusive interval; no sum-of-percentiles total
logistic_motion_forest_anomaly,condition_first_use,pre_tag_quality_refusal,reject,data_quality_failure,reconstruction,1,0.0,0.0,0.0,0.0,0,Actual recorded BCH reconstruction; includes any observer/GC delay.,per-observation exclusive interval; no sum-of-percentiles total
logistic_motion_forest_anomaly,condition_first_use,pre_tag_quality_refusal,reject,data_quality_failure,release_conversion_unisolated,1,0.0,0.0,0.0,0.0,0,Accepted release remainder including conversion/dispatch/observer work outside consumer children.,per-observation exclusive interval; no sum-of-percentiles total
logistic_motion_forest_anomaly,condition_first_use,pre_tag_quality_refusal,reject,data_quality_failure,sender_binding_unisolated,1,0.066,0.066,0.066,0.066,1,Sender seal remainder: binding/state/orchestration/observer work not separately timed.,per-observation exclusive interval; no sum-of-percentiles total
logistic_motion_forest_anomaly,condition_first_use,pre_tag_quality_refusal,reject,data_quality_failure,sender_serialization_and_quality,1,0.4837,0.4837,0.4837,0.4837,1,Sender serialization including its quality validation; not separately timed.,per-observation exclusive interval; no sum-of-percentiles total
logistic_motion_forest_anomaly,condition_first_use,pre_tag_quality_refusal,reject,data_quality_failure,sender_window_hmac,1,0.0,0.0,0.0,0.0,0,Recorded window-tag generation call.,per-observation exclusive interval; no sum-of-percentiles total
logistic_motion_forest_anomaly,condition_first_use,pre_tag_quality_refusal,reject,data_quality_failure,session_establishment_unisolated,1,0.0,0.0,0.0,0.0,0,"Handshake/request/activation remainder, including unseparated HKDF/confirmation work and observer cost.",per-observation exclusive interval; no sum-of-percentiles total
logistic_motion_forest_anomaly,condition_first_use,pre_tag_quality_refusal,reject,data_quality_failure,simulated_response_read,1,0.0,0.0,0.0,0.0,0,"Modeled response generation, not physical acquisition.",per-observation exclusive interval; no sum-of-percentiles total
logistic_motion_forest_anomaly,condition_first_use,valid_receiver_after_bad_tag,accept,accepted,admission_orchestration_unisolated,1,0.0,0.0,0.0,0.0,0,Admission orchestration remainder not covered by named children.,per-observation exclusive interval; no sum-of-percentiles total
logistic_motion_forest_anomaly,condition_first_use,valid_receiver_after_bad_tag,accept,accepted,anomaly_consumer,1,7.5468,7.5468,7.5468,7.5468,1,Anomaly consumer including feature scaling and frozen-threshold decision.,per-observation exclusive interval; no sum-of-percentiles total
logistic_motion_forest_anomaly,condition_first_use,valid_receiver_after_bad_tag,accept,accepted,binary32_adapter,1,0.0,0.0,0.0,0.0,0,Canonical binary32 input adaptation before sender sealing.,per-observation exclusive interval; no sum-of-percentiles total
logistic_motion_forest_anomaly,condition_first_use,valid_receiver_after_bad_tag,accept,accepted,credential_verification,1,0.0,0.0,0.0,0.0,0,Recorded independent credential-verification call(s).,per-observation exclusive interval; no sum-of-percentiles total
logistic_motion_forest_anomaly,condition_first_use,valid_receiver_after_bad_tag,accept,accepted,in_memory_audit_measured,1,0.0645,0.0645,0.0645,0.0645,1,"Recorded audit record/prepare/commit spans, exclusive of their children; not all audit-related overhead and not durable storage.",per-observation exclusive interval; no sum-of-percentiles total
logistic_motion_forest_anomaly,condition_first_use,valid_receiver_after_bad_tag,accept,accepted,local_admission_checks,1,0.0,0.0,0.0,0.0,0,"Measured local authorization/binding/consumption calls, excluding nested credential verification.",per-observation exclusive interval; no sum-of-percentiles total
logistic_motion_forest_anomaly,condition_first_use,valid_receiver_after_bad_tag,accept,accepted,model_input_preprocessing,1,5.7598,5.7598,5.7598,5.7598,1,Shared model-input preparation; model-specific normalization remains in consumer timing.,per-observation exclusive interval; no sum-of-percentiles total
logistic_motion_forest_anomaly,condition_first_use,valid_receiver_after_bad_tag,accept,accepted,motion_consumer,1,0.8737,0.8737,0.8737,0.8737,1,Motion consumer including normalization/tensor preparation/prediction decoding.,per-observation exclusive interval; no sum-of-percentiles total
logistic_motion_forest_anomaly,condition_first_use,valid_receiver_after_bad_tag,accept,accepted,outer_orchestration_unisolated,1,0.0258,0.0258,0.0258,0.0258,1,Direct root/first-post-window remainder outside named child spans.,per-observation exclusive interval; no sum-of-percentiles total
logistic_motion_forest_anomaly,condition_first_use,valid_receiver_after_bad_tag,accept,accepted,receiver_binding_sequence_state_unisolated,1,0.1189,0.1189,0.1189,0.1189,1,"Verifier remainder including binding, sequence checks, locks/state publication and observer work; NOT isolated sequence latency.",per-observation exclusive interval; no sum-of-percentiles total
logistic_motion_forest_anomaly,condition_first_use,valid_receiver_after_bad_tag,accept,accepted,receiver_parsing,1,2.0603,2.0603,2.0603,2.0603,1,Envelope and binary parser call.,per-observation exclusive interval; no sum-of-percentiles total
logistic_motion_forest_anomaly,condition_first_use,valid_receiver_after_bad_tag,accept,accepted,receiver_quality_check,1,6.7477,6.7477,6.7477,6.7477,1,Verifier quality-check call.,per-observation exclusive interval; no sum-of-percentiles total
logistic_motion_forest_anomaly,condition_first_use,valid_receiver_after_bad_tag,accept,accepted,receiver_window_hmac,1,0.0231,0.0231,0.0231,0.0231,1,"Recorded verifier window-tag calculation, not complete authentication.",per-observation exclusive interval; no sum-of-percentiles total
logistic_motion_forest_anomaly,condition_first_use,valid_receiver_after_bad_tag,accept,accepted,reconstruction,1,0.0,0.0,0.0,0.0,0,Actual recorded BCH reconstruction; includes any observer/GC delay.,per-observation exclusive interval; no sum-of-percentiles total
logistic_motion_forest_anomaly,condition_first_use,valid_receiver_after_bad_tag,accept,accepted,release_conversion_unisolated,1,0.758,0.758,0.758,0.758,1,Accepted release remainder including conversion/dispatch/observer work outside consumer children.,per-observation exclusive interval; no sum-of-percentiles total
logistic_motion_forest_anomaly,condition_first_use,valid_receiver_after_bad_tag,accept,accepted,sender_binding_unisolated,1,0.0,0.0,0.0,0.0,0,Sender seal remainder: binding/state/orchestration/observer work not separately timed.,per-observation exclusive interval; no sum-of-percentiles total
logistic_motion_forest_anomaly,condition_first_use,valid_receiver_after_bad_tag,accept,accepted,sender_serialization_and_quality,1,0.0,0.0,0.0,0.0,0,Sender serialization including its quality validation; not separately timed.,per-observation exclusive interval; no sum-of-percentiles total
logistic_motion_forest_anomaly,condition_first_use,valid_receiver_after_bad_tag,accept,accepted,sender_window_hmac,1,0.0,0.0,0.0,0.0,0,Recorded window-tag generation call.,per-observation exclusive interval; no sum-of-percentiles total
logistic_motion_forest_anomaly,condition_first_use,valid_receiver_after_bad_tag,accept,accepted,session_establishment_unisolated,1,0.0,0.0,0.0,0.0,0,"Handshake/request/activation remainder, including unseparated HKDF/confirmation work and observer cost.",per-observation exclusive interval; no sum-of-percentiles total
logistic_motion_forest_anomaly,condition_first_use,valid_receiver_after_bad_tag,accept,accepted,simulated_response_read,1,0.0,0.0,0.0,0.0,0,"Modeled response generation, not physical acquisition.",per-observation exclusive interval; no sum-of-percentiles total
logistic_motion_forest_anomaly,measured,bad_tag_receiver,reject,invalid_tag,admission_orchestration_unisolated,599,0.0,0.0,0.0,0.0,0,Admission orchestration remainder not covered by named children.,per-observation exclusive interval; no sum-of-percentiles total
logistic_motion_forest_anomaly,measured,bad_tag_receiver,reject,invalid_tag,anomaly_consumer,599,0.0,0.0,0.0,0.0,0,Anomaly consumer including feature scaling and frozen-threshold decision.,per-observation exclusive interval; no sum-of-percentiles total
logistic_motion_forest_anomaly,measured,bad_tag_receiver,reject,invalid_tag,binary32_adapter,599,0.0,0.0,0.0,0.0,0,Canonical binary32 input adaptation before sender sealing.,per-observation exclusive interval; no sum-of-percentiles total
logistic_motion_forest_anomaly,measured,bad_tag_receiver,reject,invalid_tag,credential_verification,599,0.0,0.0,0.0,0.0,0,Recorded independent credential-verification call(s).,per-observation exclusive interval; no sum-of-percentiles total
logistic_motion_forest_anomaly,measured,bad_tag_receiver,reject,invalid_tag,in_memory_audit_measured,599,0.0328,0.04472000000000001,0.05955599999999995,0.0799,599,"Recorded audit record/prepare/commit spans, exclusive of their children; not all audit-related overhead and not durable storage.",per-observation exclusive interval; no sum-of-percentiles total
logistic_motion_forest_anomaly,measured,bad_tag_receiver,reject,invalid_tag,local_admission_checks,599,0.0,0.0,0.0,0.0,0,"Measured local authorization/binding/consumption calls, excluding nested credential verification.",per-observation exclusive interval; no sum-of-percentiles total
logistic_motion_forest_anomaly,measured,bad_tag_receiver,reject,invalid_tag,model_input_preprocessing,599,0.0,0.0,0.0,0.0,0,Shared model-input preparation; model-specific normalization remains in consumer timing.,per-observation exclusive interval; no sum-of-percentiles total
logistic_motion_forest_anomaly,measured,bad_tag_receiver,reject,invalid_tag,motion_consumer,599,0.0,0.0,0.0,0.0,0,Motion consumer including normalization/tensor preparation/prediction decoding.,per-observation exclusive interval; no sum-of-percentiles total
logistic_motion_forest_anomaly,measured,bad_tag_receiver,reject,invalid_tag,outer_orchestration_unisolated,599,0.0105,0.0156,0.020103999999999997,0.0399,599,Direct root/first-post-window remainder outside named child spans.,per-observation exclusive interval; no sum-of-percentiles total
logistic_motion_forest_anomaly,measured,bad_tag_receiver,reject,invalid_tag,receiver_binding_sequence_state_unisolated,599,0.0823,0.11486000000000002,0.14037599999999975,0.179,599,"Verifier remainder including binding, sequence checks, locks/state publication and observer work; NOT isolated sequence latency.",per-observation exclusive interval; no sum-of-percentiles total
logistic_motion_forest_anomaly,measured,bad_tag_receiver,reject,invalid_tag,receiver_parsing,599,1.3825,1.80954,1.8855879999999994,2.2146,599,Envelope and binary parser call.,per-observation exclusive interval; no sum-of-percentiles total
logistic_motion_forest_anomaly,measured,bad_tag_receiver,reject,invalid_tag,receiver_quality_check,599,0.0,0.0,0.0,0.0,0,Verifier quality-check call.,per-observation exclusive interval; no sum-of-percentiles total
logistic_motion_forest_anomaly,measured,bad_tag_receiver,reject,invalid_tag,receiver_window_hmac,599,0.0151,0.023140000000000008,0.03273799999999996,0.0439,599,"Recorded verifier window-tag calculation, not complete authentication.",per-observation exclusive interval; no sum-of-percentiles total
logistic_motion_forest_anomaly,measured,bad_tag_receiver,reject,invalid_tag,reconstruction,599,0.0,0.0,0.0,0.0,0,Actual recorded BCH reconstruction; includes any observer/GC delay.,per-observation exclusive interval; no sum-of-percentiles total
logistic_motion_forest_anomaly,measured,bad_tag_receiver,reject,invalid_tag,release_conversion_unisolated,599,0.0,0.0,0.0,0.0,0,Accepted release remainder including conversion/dispatch/observer work outside consumer children.,per-observation exclusive interval; no sum-of-percentiles total
logistic_motion_forest_anomaly,measured,bad_tag_receiver,reject,invalid_tag,sender_binding_unisolated,599,0.0,0.0,0.0,0.0,0,Sender seal remainder: binding/state/orchestration/observer work not separately timed.,per-observation exclusive interval; no sum-of-percentiles total
logistic_motion_forest_anomaly,measured,bad_tag_receiver,reject,invalid_tag,sender_serialization_and_quality,599,0.0,0.0,0.0,0.0,0,Sender serialization including its quality validation; not separately timed.,per-observation exclusive interval; no sum-of-percentiles total
logistic_motion_forest_anomaly,measured,bad_tag_receiver,reject,invalid_tag,sender_window_hmac,599,0.0,0.0,0.0,0.0,0,Recorded window-tag generation call.,per-observation exclusive interval; no sum-of-percentiles total
logistic_motion_forest_anomaly,measured,bad_tag_receiver,reject,invalid_tag,session_establishment_unisolated,599,0.0,0.0,0.0,0.0,0,"Handshake/request/activation remainder, including unseparated HKDF/confirmation work and observer cost.",per-observation exclusive interval; no sum-of-percentiles total
logistic_motion_forest_anomaly,measured,bad_tag_receiver,reject,invalid_tag,simulated_response_read,599,0.0,0.0,0.0,0.0,0,"Modeled response generation, not physical acquisition.",per-observation exclusive interval; no sum-of-percentiles total
logistic_motion_forest_anomaly,measured,exact_replay_receiver,reject,duplicate_sequence,admission_orchestration_unisolated,599,0.0,0.0,0.0,0.0,0,Admission orchestration remainder not covered by named children.,per-observation exclusive interval; no sum-of-percentiles total
logistic_motion_forest_anomaly,measured,exact_replay_receiver,reject,duplicate_sequence,anomaly_consumer,599,0.0,0.0,0.0,0.0,0,Anomaly consumer including feature scaling and frozen-threshold decision.,per-observation exclusive interval; no sum-of-percentiles total
logistic_motion_forest_anomaly,measured,exact_replay_receiver,reject,duplicate_sequence,binary32_adapter,599,0.0,0.0,0.0,0.0,0,Canonical binary32 input adaptation before sender sealing.,per-observation exclusive interval; no sum-of-percentiles total
logistic_motion_forest_anomaly,measured,exact_replay_receiver,reject,duplicate_sequence,credential_verification,599,0.0,0.0,0.0,0.0,0,Recorded independent credential-verification call(s).,per-observation exclusive interval; no sum-of-percentiles total
logistic_motion_forest_anomaly,measured,exact_replay_receiver,reject,duplicate_sequence,in_memory_audit_measured,599,0.0472,0.0721,0.08279999999999992,0.1011,599,"Recorded audit record/prepare/commit spans, exclusive of their children; not all audit-related overhead and not durable storage.",per-observation exclusive interval; no sum-of-percentiles total
logistic_motion_forest_anomaly,measured,exact_replay_receiver,reject,duplicate_sequence,local_admission_checks,599,0.0,0.0,0.0,0.0,0,"Measured local authorization/binding/consumption calls, excluding nested credential verification.",per-observation exclusive interval; no sum-of-percentiles total
logistic_motion_forest_anomaly,measured,exact_replay_receiver,reject,duplicate_sequence,model_input_preprocessing,599,0.0,0.0,0.0,0.0,0,Shared model-input preparation; model-specific normalization remains in consumer timing.,per-observation exclusive interval; no sum-of-percentiles total
logistic_motion_forest_anomaly,measured,exact_replay_receiver,reject,duplicate_sequence,motion_consumer,599,0.0,0.0,0.0,0.0,0,Motion consumer including normalization/tensor preparation/prediction decoding.,per-observation exclusive interval; no sum-of-percentiles total
logistic_motion_forest_anomaly,measured,exact_replay_receiver,reject,duplicate_sequence,outer_orchestration_unisolated,599,0.0098,0.014810000000000002,0.01881199999999999,0.0296,599,Direct root/first-post-window remainder outside named child spans.,per-observation exclusive interval; no sum-of-percentiles total
logistic_motion_forest_anomaly,measured,exact_replay_receiver,reject,duplicate_sequence,receiver_binding_sequence_state_unisolated,599,0.109,0.15263,0.20154999999999995,0.2831,599,"Verifier remainder including binding, sequence checks, locks/state publication and observer work; NOT isolated sequence latency.",per-observation exclusive interval; no sum-of-percentiles total
logistic_motion_forest_anomaly,measured,exact_replay_receiver,reject,duplicate_sequence,receiver_parsing,599,1.6237,4.67554,5.389992,219.9574,599,Envelope and binary parser call.,per-observation exclusive interval; no sum-of-percentiles total
logistic_motion_forest_anomaly,measured,exact_replay_receiver,reject,duplicate_sequence,receiver_quality_check,599,4.4324,5.69826,6.081067999999999,6.6752,599,Verifier quality-check call.,per-observation exclusive interval; no sum-of-percentiles total
logistic_motion_forest_anomaly,measured,exact_replay_receiver,reject,duplicate_sequence,receiver_window_hmac,599,0.0209,0.04093000000000001,0.046804,0.0554,599,"Recorded verifier window-tag calculation, not complete authentication.",per-observation exclusive interval; no sum-of-percentiles total
logistic_motion_forest_anomaly,measured,exact_replay_receiver,reject,duplicate_sequence,reconstruction,599,0.0,0.0,0.0,0.0,0,Actual recorded BCH reconstruction; includes any observer/GC delay.,per-observation exclusive interval; no sum-of-percentiles total
logistic_motion_forest_anomaly,measured,exact_replay_receiver,reject,duplicate_sequence,release_conversion_unisolated,599,0.0,0.0,0.0,0.0,0,Accepted release remainder including conversion/dispatch/observer work outside consumer children.,per-observation exclusive interval; no sum-of-percentiles total
logistic_motion_forest_anomaly,measured,exact_replay_receiver,reject,duplicate_sequence,sender_binding_unisolated,599,0.0,0.0,0.0,0.0,0,Sender seal remainder: binding/state/orchestration/observer work not separately timed.,per-observation exclusive interval; no sum-of-percentiles total
logistic_motion_forest_anomaly,measured,exact_replay_receiver,reject,duplicate_sequence,sender_serialization_and_quality,599,0.0,0.0,0.0,0.0,0,Sender serialization including its quality validation; not separately timed.,per-observation exclusive interval; no sum-of-percentiles total
logistic_motion_forest_anomaly,measured,exact_replay_receiver,reject,duplicate_sequence,sender_window_hmac,599,0.0,0.0,0.0,0.0,0,Recorded window-tag generation call.,per-observation exclusive interval; no sum-of-percentiles total
logistic_motion_forest_anomaly,measured,exact_replay_receiver,reject,duplicate_sequence,session_establishment_unisolated,599,0.0,0.0,0.0,0.0,0,"Handshake/request/activation remainder, including unseparated HKDF/confirmation work and observer cost.",per-observation exclusive interval; no sum-of-percentiles total
logistic_motion_forest_anomaly,measured,exact_replay_receiver,reject,duplicate_sequence,simulated_response_read,599,0.0,0.0,0.0,0.0,0,"Modeled response generation, not physical acquisition.",per-observation exclusive interval; no sum-of-percentiles total
logistic_motion_forest_anomaly,measured,fresh_to_first_window,accept,accepted,admission_orchestration_unisolated,599,0.0445,0.05823000000000003,0.07224599999999996,0.101,599,Admission orchestration remainder not covered by named children.,per-observation exclusive interval; no sum-of-percentiles total
logistic_motion_forest_anomaly,measured,fresh_to_first_window,accept,accepted,anomaly_consumer,599,5.9245,7.726570000000001,8.45726,9.1588,599,Anomaly consumer including feature scaling and frozen-threshold decision.,per-observation exclusive interval; no sum-of-percentiles total
logistic_motion_forest_anomaly,measured,fresh_to_first_window,accept,accepted,binary32_adapter,599,1.0817,1.37109,1.5229579999999998,2.3044,599,Canonical binary32 input adaptation before sender sealing.,per-observation exclusive interval; no sum-of-percentiles total
logistic_motion_forest_anomaly,measured,fresh_to_first_window,accept,accepted,credential_verification,599,0.0455,0.06652,0.07833199999999997,0.0967,599,Recorded independent credential-verification call(s).,per-observation exclusive interval; no sum-of-percentiles total
logistic_motion_forest_anomaly,measured,fresh_to_first_window,accept,accepted,in_memory_audit_measured,599,0.1859,0.24700000000000003,0.302824,0.3978,599,"Recorded audit record/prepare/commit spans, exclusive of their children; not all audit-related overhead and not durable storage.",per-observation exclusive interval; no sum-of-percentiles total
logistic_motion_forest_anomaly,measured,fresh_to_first_window,accept,accepted,local_admission_checks,599,0.0577,0.07673,0.08793399999999997,0.1124,599,"Measured local authorization/binding/consumption calls, excluding nested credential verification.",per-observation exclusive interval; no sum-of-percentiles total
logistic_motion_forest_anomaly,measured,fresh_to_first_window,accept,accepted,model_input_preprocessing,599,3.2439,4.31328,5.317231999999999,6.3712,599,Shared model-input preparation; model-specific normalization remains in consumer timing.,per-observation exclusive interval; no sum-of-percentiles total
logistic_motion_forest_anomaly,measured,fresh_to_first_window,accept,accepted,motion_consumer,599,0.4908,0.7405100000000001,0.9438819999999999,1.3439,599,Motion consumer including normalization/tensor preparation/prediction decoding.,per-observation exclusive interval; no sum-of-percentiles total
logistic_motion_forest_anomaly,measured,fresh_to_first_window,accept,accepted,outer_orchestration_unisolated,599,0.0906,0.14686000000000002,0.2650099999999997,0.3263,599,Direct root/first-post-window remainder outside named child spans.,per-observation exclusive interval; no sum-of-percentiles total
logistic_motion_forest_anomaly,measured,fresh_to_first_window,accept,accepted,receiver_binding_sequence_state_unisolated,599,0.0775,0.11434000000000001,0.149414,0.1843,599,"Verifier remainder including binding, sequence checks, locks/state publication and observer work; NOT isolated sequence latency.",per-observation exclusive interval; no sum-of-percentiles total
logistic_motion_forest_anomaly,measured,fresh_to_first_window,accept,accepted,receiver_parsing,599,1.5982,3.843820000000001,4.813027999999999,308.3492,599,Envelope and binary parser call.,per-observation exclusive interval; no sum-of-percentiles total
logistic_motion_forest_anomaly,measured,fresh_to_first_window,accept,accepted,receiver_quality_check,599,4.3871,5.53509,5.893447999999999,6.5499,599,Verifier quality-check call.,per-observation exclusive interval; no sum-of-percentiles total
logistic_motion_forest_anomaly,measured,fresh_to_first_window,accept,accepted,receiver_window_hmac,599,0.0155,0.023220000000000005,0.03023399999999997,0.0409,599,"Recorded verifier window-tag calculation, not complete authentication.",per-observation exclusive interval; no sum-of-percentiles total
logistic_motion_forest_anomaly,measured,fresh_to_first_window,accept,accepted,reconstruction,599,2.7018,3.63683,4.290935999999994,10.2129,599,Actual recorded BCH reconstruction; includes any observer/GC delay.,per-observation exclusive interval; no sum-of-percentiles total
logistic_motion_forest_anomaly,measured,fresh_to_first_window,accept,accepted,release_conversion_unisolated,599,0.5171,0.68811,0.9687679999999995,1.0889,599,Accepted release remainder including conversion/dispatch/observer work outside consumer children.,per-observation exclusive interval; no sum-of-percentiles total
logistic_motion_forest_anomaly,measured,fresh_to_first_window,accept,accepted,sender_binding_unisolated,599,0.1131,0.16073000000000007,0.20016599999999996,0.3076,599,Sender seal remainder: binding/state/orchestration/observer work not separately timed.,per-observation exclusive interval; no sum-of-percentiles total
logistic_motion_forest_anomaly,measured,fresh_to_first_window,accept,accepted,sender_serialization_and_quality,599,4.8638,6.06698,6.525481999999999,7.2027,599,Sender serialization including its quality validation; not separately timed.,per-observation exclusive interval; no sum-of-percentiles total
logistic_motion_forest_anomaly,measured,fresh_to_first_window,accept,accepted,sender_window_hmac,599,0.0155,0.026760000000000013,0.037713999999999984,0.048,599,Recorded window-tag generation call.,per-observation exclusive interval; no sum-of-percentiles total
logistic_motion_forest_anomaly,measured,fresh_to_first_window,accept,accepted,session_establishment_unisolated,599,0.3877,0.50142,0.599718,0.7406,599,"Handshake/request/activation remainder, including unseparated HKDF/confirmation work and observer cost.",per-observation exclusive interval; no sum-of-percentiles total
logistic_motion_forest_anomaly,measured,fresh_to_first_window,accept,accepted,simulated_response_read,599,0.1831,0.23471000000000006,0.27348599999999995,0.3122,599,"Modeled response generation, not physical acquisition.",per-observation exclusive interval; no sum-of-percentiles total
logistic_motion_forest_anomaly,measured,fresh_to_first_window,reject,failed_reconstruction,admission_orchestration_unisolated,1,0.0298,0.0298,0.0298,0.0298,1,Admission orchestration remainder not covered by named children.,per-observation exclusive interval; no sum-of-percentiles total
logistic_motion_forest_anomaly,measured,fresh_to_first_window,reject,failed_reconstruction,anomaly_consumer,1,0.0,0.0,0.0,0.0,0,Anomaly consumer including feature scaling and frozen-threshold decision.,per-observation exclusive interval; no sum-of-percentiles total
logistic_motion_forest_anomaly,measured,fresh_to_first_window,reject,failed_reconstruction,binary32_adapter,1,0.0,0.0,0.0,0.0,0,Canonical binary32 input adaptation before sender sealing.,per-observation exclusive interval; no sum-of-percentiles total
logistic_motion_forest_anomaly,measured,fresh_to_first_window,reject,failed_reconstruction,credential_verification,1,0.0,0.0,0.0,0.0,0,Recorded independent credential-verification call(s).,per-observation exclusive interval; no sum-of-percentiles total
logistic_motion_forest_anomaly,measured,fresh_to_first_window,reject,failed_reconstruction,in_memory_audit_measured,1,0.0421,0.0421,0.0421,0.0421,1,"Recorded audit record/prepare/commit spans, exclusive of their children; not all audit-related overhead and not durable storage.",per-observation exclusive interval; no sum-of-percentiles total
logistic_motion_forest_anomaly,measured,fresh_to_first_window,reject,failed_reconstruction,local_admission_checks,1,0.0,0.0,0.0,0.0,0,"Measured local authorization/binding/consumption calls, excluding nested credential verification.",per-observation exclusive interval; no sum-of-percentiles total
logistic_motion_forest_anomaly,measured,fresh_to_first_window,reject,failed_reconstruction,model_input_preprocessing,1,0.0,0.0,0.0,0.0,0,Shared model-input preparation; model-specific normalization remains in consumer timing.,per-observation exclusive interval; no sum-of-percentiles total
logistic_motion_forest_anomaly,measured,fresh_to_first_window,reject,failed_reconstruction,motion_consumer,1,0.0,0.0,0.0,0.0,0,Motion consumer including normalization/tensor preparation/prediction decoding.,per-observation exclusive interval; no sum-of-percentiles total
logistic_motion_forest_anomaly,measured,fresh_to_first_window,reject,failed_reconstruction,outer_orchestration_unisolated,1,0.012,0.012,0.012,0.012,1,Direct root/first-post-window remainder outside named child spans.,per-observation exclusive interval; no sum-of-percentiles total
logistic_motion_forest_anomaly,measured,fresh_to_first_window,reject,failed_reconstruction,receiver_binding_sequence_state_unisolated,1,0.0,0.0,0.0,0.0,0,"Verifier remainder including binding, sequence checks, locks/state publication and observer work; NOT isolated sequence latency.",per-observation exclusive interval; no sum-of-percentiles total
logistic_motion_forest_anomaly,measured,fresh_to_first_window,reject,failed_reconstruction,receiver_parsing,1,0.0,0.0,0.0,0.0,0,Envelope and binary parser call.,per-observation exclusive interval; no sum-of-percentiles total
logistic_motion_forest_anomaly,measured,fresh_to_first_window,reject,failed_reconstruction,receiver_quality_check,1,0.0,0.0,0.0,0.0,0,Verifier quality-check call.,per-observation exclusive interval; no sum-of-percentiles total
logistic_motion_forest_anomaly,measured,fresh_to_first_window,reject,failed_reconstruction,receiver_window_hmac,1,0.0,0.0,0.0,0.0,0,"Recorded verifier window-tag calculation, not complete authentication.",per-observation exclusive interval; no sum-of-percentiles total
logistic_motion_forest_anomaly,measured,fresh_to_first_window,reject,failed_reconstruction,reconstruction,1,2.6057,2.6057,2.6057,2.6057,1,Actual recorded BCH reconstruction; includes any observer/GC delay.,per-observation exclusive interval; no sum-of-percentiles total
logistic_motion_forest_anomaly,measured,fresh_to_first_window,reject,failed_reconstruction,release_conversion_unisolated,1,0.0,0.0,0.0,0.0,0,Accepted release remainder including conversion/dispatch/observer work outside consumer children.,per-observation exclusive interval; no sum-of-percentiles total
logistic_motion_forest_anomaly,measured,fresh_to_first_window,reject,failed_reconstruction,sender_binding_unisolated,1,0.0,0.0,0.0,0.0,0,Sender seal remainder: binding/state/orchestration/observer work not separately timed.,per-observation exclusive interval; no sum-of-percentiles total
logistic_motion_forest_anomaly,measured,fresh_to_first_window,reject,failed_reconstruction,sender_serialization_and_quality,1,0.0,0.0,0.0,0.0,0,Sender serialization including its quality validation; not separately timed.,per-observation exclusive interval; no sum-of-percentiles total
logistic_motion_forest_anomaly,measured,fresh_to_first_window,reject,failed_reconstruction,sender_window_hmac,1,0.0,0.0,0.0,0.0,0,Recorded window-tag generation call.,per-observation exclusive interval; no sum-of-percentiles total
logistic_motion_forest_anomaly,measured,fresh_to_first_window,reject,failed_reconstruction,session_establishment_unisolated,1,0.0662,0.0662,0.0662,0.0662,1,"Handshake/request/activation remainder, including unseparated HKDF/confirmation work and observer cost.",per-observation exclusive interval; no sum-of-percentiles total
logistic_motion_forest_anomaly,measured,fresh_to_first_window,reject,failed_reconstruction,simulated_response_read,1,0.1944,0.1944,0.1944,0.1944,1,"Modeled response generation, not physical acquisition.",per-observation exclusive interval; no sum-of-percentiles total
logistic_motion_forest_anomaly,measured,malformed_json_receiver,reject,malformed_message,admission_orchestration_unisolated,599,0.0,0.0,0.0,0.0,0,Admission orchestration remainder not covered by named children.,per-observation exclusive interval; no sum-of-percentiles total
logistic_motion_forest_anomaly,measured,malformed_json_receiver,reject,malformed_message,anomaly_consumer,599,0.0,0.0,0.0,0.0,0,Anomaly consumer including feature scaling and frozen-threshold decision.,per-observation exclusive interval; no sum-of-percentiles total
logistic_motion_forest_anomaly,measured,malformed_json_receiver,reject,malformed_message,binary32_adapter,599,0.0,0.0,0.0,0.0,0,Canonical binary32 input adaptation before sender sealing.,per-observation exclusive interval; no sum-of-percentiles total
logistic_motion_forest_anomaly,measured,malformed_json_receiver,reject,malformed_message,credential_verification,599,0.0,0.0,0.0,0.0,0,Recorded independent credential-verification call(s).,per-observation exclusive interval; no sum-of-percentiles total
logistic_motion_forest_anomaly,measured,malformed_json_receiver,reject,malformed_message,in_memory_audit_measured,599,0.0433,0.061040000000000004,0.076606,0.111,599,"Recorded audit record/prepare/commit spans, exclusive of their children; not all audit-related overhead and not durable storage.",per-observation exclusive interval; no sum-of-percentiles total
logistic_motion_forest_anomaly,measured,malformed_json_receiver,reject,malformed_message,local_admission_checks,599,0.0,0.0,0.0,0.0,0,"Measured local authorization/binding/consumption calls, excluding nested credential verification.",per-observation exclusive interval; no sum-of-percentiles total
logistic_motion_forest_anomaly,measured,malformed_json_receiver,reject,malformed_message,model_input_preprocessing,599,0.0,0.0,0.0,0.0,0,Shared model-input preparation; model-specific normalization remains in consumer timing.,per-observation exclusive interval; no sum-of-percentiles total
logistic_motion_forest_anomaly,measured,malformed_json_receiver,reject,malformed_message,motion_consumer,599,0.0,0.0,0.0,0.0,0,Motion consumer including normalization/tensor preparation/prediction decoding.,per-observation exclusive interval; no sum-of-percentiles total
logistic_motion_forest_anomaly,measured,malformed_json_receiver,reject,malformed_message,outer_orchestration_unisolated,599,0.0072,0.0097,0.012909999999999991,0.0161,599,Direct root/first-post-window remainder outside named child spans.,per-observation exclusive interval; no sum-of-percentiles total
logistic_motion_forest_anomaly,measured,malformed_json_receiver,reject,malformed_message,receiver_binding_sequence_state_unisolated,599,0.038,0.0511,0.059704,0.1169,599,"Verifier remainder including binding, sequence checks, locks/state publication and observer work; NOT isolated sequence latency.",per-observation exclusive interval; no sum-of-percentiles total
logistic_motion_forest_anomaly,measured,malformed_json_receiver,reject,malformed_message,receiver_parsing,599,0.0313,0.04281,0.049804,0.2987,599,Envelope and binary parser call.,per-observation exclusive interval; no sum-of-percentiles total
logistic_motion_forest_anomaly,measured,malformed_json_receiver,reject,malformed_message,receiver_quality_check,599,0.0,0.0,0.0,0.0,0,Verifier quality-check call.,per-observation exclusive interval; no sum-of-percentiles total
logistic_motion_forest_anomaly,measured,malformed_json_receiver,reject,malformed_message,receiver_window_hmac,599,0.0,0.0,0.0,0.0,0,"Recorded verifier window-tag calculation, not complete authentication.",per-observation exclusive interval; no sum-of-percentiles total
logistic_motion_forest_anomaly,measured,malformed_json_receiver,reject,malformed_message,reconstruction,599,0.0,0.0,0.0,0.0,0,Actual recorded BCH reconstruction; includes any observer/GC delay.,per-observation exclusive interval; no sum-of-percentiles total
logistic_motion_forest_anomaly,measured,malformed_json_receiver,reject,malformed_message,release_conversion_unisolated,599,0.0,0.0,0.0,0.0,0,Accepted release remainder including conversion/dispatch/observer work outside consumer children.,per-observation exclusive interval; no sum-of-percentiles total
logistic_motion_forest_anomaly,measured,malformed_json_receiver,reject,malformed_message,sender_binding_unisolated,599,0.0,0.0,0.0,0.0,0,Sender seal remainder: binding/state/orchestration/observer work not separately timed.,per-observation exclusive interval; no sum-of-percentiles total
logistic_motion_forest_anomaly,measured,malformed_json_receiver,reject,malformed_message,sender_serialization_and_quality,599,0.0,0.0,0.0,0.0,0,Sender serialization including its quality validation; not separately timed.,per-observation exclusive interval; no sum-of-percentiles total
logistic_motion_forest_anomaly,measured,malformed_json_receiver,reject,malformed_message,sender_window_hmac,599,0.0,0.0,0.0,0.0,0,Recorded window-tag generation call.,per-observation exclusive interval; no sum-of-percentiles total
logistic_motion_forest_anomaly,measured,malformed_json_receiver,reject,malformed_message,session_establishment_unisolated,599,0.0,0.0,0.0,0.0,0,"Handshake/request/activation remainder, including unseparated HKDF/confirmation work and observer cost.",per-observation exclusive interval; no sum-of-percentiles total
logistic_motion_forest_anomaly,measured,malformed_json_receiver,reject,malformed_message,simulated_response_read,599,0.0,0.0,0.0,0.0,0,"Modeled response generation, not physical acquisition.",per-observation exclusive interval; no sum-of-percentiles total
logistic_motion_forest_anomaly,measured,post_window_after_refusals,accept,accepted,admission_orchestration_unisolated,599,0.0,0.0,0.0,0.0,0,Admission orchestration remainder not covered by named children.,per-observation exclusive interval; no sum-of-percentiles total
logistic_motion_forest_anomaly,measured,post_window_after_refusals,accept,accepted,anomaly_consumer,599,5.6009,6.7449400000000015,8.024863999999997,9.9707,599,Anomaly consumer including feature scaling and frozen-threshold decision.,per-observation exclusive interval; no sum-of-percentiles total
logistic_motion_forest_anomaly,measured,post_window_after_refusals,accept,accepted,binary32_adapter,599,1.058,1.30501,1.4644119999999994,1.8248,599,Canonical binary32 input adaptation before sender sealing.,per-observation exclusive interval; no sum-of-percentiles total
logistic_motion_forest_anomaly,measured,post_window_after_refusals,accept,accepted,credential_verification,599,0.0,0.0,0.0,0.0,0,Recorded independent credential-verification call(s).,per-observation exclusive interval; no sum-of-percentiles total
logistic_motion_forest_anomaly,measured,post_window_after_refusals,accept,accepted,in_memory_audit_measured,599,0.075,0.09921,0.12853999999999996,0.1432,599,"Recorded audit record/prepare/commit spans, exclusive of their children; not all audit-related overhead and not durable storage.",per-observation exclusive interval; no sum-of-percentiles total
logistic_motion_forest_anomaly,measured,post_window_after_refusals,accept,accepted,local_admission_checks,599,0.0,0.0,0.0,0.0,0,"Measured local authorization/binding/consumption calls, excluding nested credential verification.",per-observation exclusive interval; no sum-of-percentiles total
logistic_motion_forest_anomaly,measured,post_window_after_refusals,accept,accepted,model_input_preprocessing,599,3.1672,3.8985900000000013,4.977731999999998,6.3075,599,Shared model-input preparation; model-specific normalization remains in consumer timing.,per-observation exclusive interval; no sum-of-percentiles total
logistic_motion_forest_anomaly,measured,post_window_after_refusals,accept,accepted,motion_consumer,599,0.4643,0.69955,0.8370899999999999,1.195,599,Motion consumer including normalization/tensor preparation/prediction decoding.,per-observation exclusive interval; no sum-of-percentiles total
logistic_motion_forest_anomaly,measured,post_window_after_refusals,accept,accepted,outer_orchestration_unisolated,599,0.0612,0.11182,0.1742999999999999,0.2662,599,Direct root/first-post-window remainder outside named child spans.,per-observation exclusive interval; no sum-of-percentiles total
logistic_motion_forest_anomaly,measured,post_window_after_refusals,accept,accepted,receiver_binding_sequence_state_unisolated,599,0.0762,0.10451,0.13374799999999995,0.154,599,"Verifier remainder including binding, sequence checks, locks/state publication and observer work; NOT isolated sequence latency.",per-observation exclusive interval; no sum-of-percentiles total
logistic_motion_forest_anomaly,measured,post_window_after_refusals,accept,accepted,receiver_parsing,599,1.5389,4.68353,5.345964,230.3613,599,Envelope and binary parser call.,per-observation exclusive interval; no sum-of-percentiles total
logistic_motion_forest_anomaly,measured,post_window_after_refusals,accept,accepted,receiver_quality_check,599,4.3435,5.184770000000001,5.582231999999999,6.6221,599,Verifier quality-check call.,per-observation exclusive interval; no sum-of-percentiles total
logistic_motion_forest_anomaly,measured,post_window_after_refusals,accept,accepted,receiver_window_hmac,599,0.0158,0.0228,0.032904,0.2181,599,"Recorded verifier window-tag calculation, not complete authentication.",per-observation exclusive interval; no sum-of-percentiles total
logistic_motion_forest_anomaly,measured,post_window_after_refusals,accept,accepted,reconstruction,599,0.0,0.0,0.0,0.0,0,Actual recorded BCH reconstruction; includes any observer/GC delay.,per-observation exclusive interval; no sum-of-percentiles total
logistic_motion_forest_anomaly,measured,post_window_after_refusals,accept,accepted,release_conversion_unisolated,599,0.515,0.6571900000000002,0.8831159999999996,1.0917,599,Accepted release remainder including conversion/dispatch/observer work outside consumer children.,per-observation exclusive interval; no sum-of-percentiles total
logistic_motion_forest_anomaly,measured,post_window_after_refusals,accept,accepted,sender_binding_unisolated,599,0.1102,0.14757000000000003,0.18602399999999997,0.2297,599,Sender seal remainder: binding/state/orchestration/observer work not separately timed.,per-observation exclusive interval; no sum-of-percentiles total
logistic_motion_forest_anomaly,measured,post_window_after_refusals,accept,accepted,sender_serialization_and_quality,599,4.8491,5.88278,6.4798,7.6818,599,Sender serialization including its quality validation; not separately timed.,per-observation exclusive interval; no sum-of-percentiles total
logistic_motion_forest_anomaly,measured,post_window_after_refusals,accept,accepted,sender_window_hmac,599,0.0199,0.037430000000000005,0.04572199999999998,0.0557,599,Recorded window-tag generation call.,per-observation exclusive interval; no sum-of-percentiles total
logistic_motion_forest_anomaly,measured,post_window_after_refusals,accept,accepted,session_establishment_unisolated,599,0.0,0.0,0.0,0.0,0,"Handshake/request/activation remainder, including unseparated HKDF/confirmation work and observer cost.",per-observation exclusive interval; no sum-of-percentiles total
logistic_motion_forest_anomaly,measured,post_window_after_refusals,accept,accepted,simulated_response_read,599,0.0,0.0,0.0,0.0,0,"Modeled response generation, not physical acquisition.",per-observation exclusive interval; no sum-of-percentiles total
logistic_motion_forest_anomaly,measured,post_window_recurring,accept,accepted,admission_orchestration_unisolated,599,0.0,0.0,0.0,0.0,0,Admission orchestration remainder not covered by named children.,per-observation exclusive interval; no sum-of-percentiles total
logistic_motion_forest_anomaly,measured,post_window_recurring,accept,accepted,anomaly_consumer,599,5.8616,7.74604,8.275037999999999,8.8326,599,Anomaly consumer including feature scaling and frozen-threshold decision.,per-observation exclusive interval; no sum-of-percentiles total
logistic_motion_forest_anomaly,measured,post_window_recurring,accept,accepted,binary32_adapter,599,1.0718,1.38919,1.5173299999999998,1.9114,599,Canonical binary32 input adaptation before sender sealing.,per-observation exclusive interval; no sum-of-percentiles total
logistic_motion_forest_anomaly,measured,post_window_recurring,accept,accepted,credential_verification,599,0.0,0.0,0.0,0.0,0,Recorded independent credential-verification call(s).,per-observation exclusive interval; no sum-of-percentiles total
logistic_motion_forest_anomaly,measured,post_window_recurring,accept,accepted,in_memory_audit_measured,599,0.0865,0.12452000000000003,0.14995399999999995,0.2512,599,"Recorded audit record/prepare/commit spans, exclusive of their children; not all audit-related overhead and not durable storage.",per-observation exclusive interval; no sum-of-percentiles total
logistic_motion_forest_anomaly,measured,post_window_recurring,accept,accepted,local_admission_checks,599,0.0,0.0,0.0,0.0,0,"Measured local authorization/binding/consumption calls, excluding nested credential verification.",per-observation exclusive interval; no sum-of-percentiles total
logistic_motion_forest_anomaly,measured,post_window_recurring,accept,accepted,model_input_preprocessing,599,3.2149,4.31291,5.252626,5.5232,599,Shared model-input preparation; model-specific normalization remains in consumer timing.,per-observation exclusive interval; no sum-of-percentiles total
logistic_motion_forest_anomaly,measured,post_window_recurring,accept,accepted,motion_consumer,599,0.4636,0.7235700000000002,0.896207999999999,1.019,599,Motion consumer including normalization/tensor preparation/prediction decoding.,per-observation exclusive interval; no sum-of-percentiles total
logistic_motion_forest_anomaly,measured,post_window_recurring,accept,accepted,outer_orchestration_unisolated,599,0.0688,0.12499000000000002,0.257146,0.5432,599,Direct root/first-post-window remainder outside named child spans.,per-observation exclusive interval; no sum-of-percentiles total
logistic_motion_forest_anomaly,measured,post_window_recurring,accept,accepted,receiver_binding_sequence_state_unisolated,599,0.0822,0.11626000000000002,0.1420039999999999,0.181,599,"Verifier remainder including binding, sequence checks, locks/state publication and observer work; NOT isolated sequence latency.",per-observation exclusive interval; no sum-of-percentiles total
logistic_motion_forest_anomaly,measured,post_window_recurring,accept,accepted,receiver_parsing,599,1.5759,4.500420000000001,5.814899999999999,243.0856,599,Envelope and binary parser call.,per-observation exclusive interval; no sum-of-percentiles total
logistic_motion_forest_anomaly,measured,post_window_recurring,accept,accepted,receiver_quality_check,599,4.4111,5.68348,5.978648,6.8339,599,Verifier quality-check call.,per-observation exclusive interval; no sum-of-percentiles total
logistic_motion_forest_anomaly,measured,post_window_recurring,accept,accepted,receiver_window_hmac,599,0.0163,0.0257,0.0353,0.0718,599,"Recorded verifier window-tag calculation, not complete authentication.",per-observation exclusive interval; no sum-of-percentiles total
logistic_motion_forest_anomaly,measured,post_window_recurring,accept,accepted,reconstruction,599,0.0,0.0,0.0,0.0,0,Actual recorded BCH reconstruction; includes any observer/GC delay.,per-observation exclusive interval; no sum-of-percentiles total
logistic_motion_forest_anomaly,measured,post_window_recurring,accept,accepted,release_conversion_unisolated,599,0.5231,0.70011,0.9164719999999997,0.9796,599,Accepted release remainder including conversion/dispatch/observer work outside consumer children.,per-observation exclusive interval; no sum-of-percentiles total
logistic_motion_forest_anomaly,measured,post_window_recurring,accept,accepted,sender_binding_unisolated,599,0.1206,0.17183000000000004,0.21025799999999986,0.2354,599,Sender seal remainder: binding/state/orchestration/observer work not separately timed.,per-observation exclusive interval; no sum-of-percentiles total
logistic_motion_forest_anomaly,measured,post_window_recurring,accept,accepted,sender_serialization_and_quality,599,4.9135,6.31727,6.657743999999998,7.1497,599,Sender serialization including its quality validation; not separately timed.,per-observation exclusive interval; no sum-of-percentiles total
logistic_motion_forest_anomaly,measured,post_window_recurring,accept,accepted,sender_window_hmac,599,0.0232,0.04773000000000001,0.059102,0.2336,599,Recorded window-tag generation call.,per-observation exclusive interval; no sum-of-percentiles total
logistic_motion_forest_anomaly,measured,post_window_recurring,accept,accepted,session_establishment_unisolated,599,0.0,0.0,0.0,0.0,0,"Handshake/request/activation remainder, including unseparated HKDF/confirmation work and observer cost.",per-observation exclusive interval; no sum-of-percentiles total
logistic_motion_forest_anomaly,measured,post_window_recurring,accept,accepted,simulated_response_read,599,0.0,0.0,0.0,0.0,0,"Modeled response generation, not physical acquisition.",per-observation exclusive interval; no sum-of-percentiles total
logistic_motion_forest_anomaly,measured,pre_tag_quality_refusal,reject,data_quality_failure,admission_orchestration_unisolated,599,0.0,0.0,0.0,0.0,0,Admission orchestration remainder not covered by named children.,per-observation exclusive interval; no sum-of-percentiles total
logistic_motion_forest_anomaly,measured,pre_tag_quality_refusal,reject,data_quality_failure,anomaly_consumer,599,0.0,0.0,0.0,0.0,0,Anomaly consumer including feature scaling and frozen-threshold decision.,per-observation exclusive interval; no sum-of-percentiles total
logistic_motion_forest_anomaly,measured,pre_tag_quality_refusal,reject,data_quality_failure,binary32_adapter,599,1.0689,1.3762700000000003,1.5552059999999996,1.6939,599,Canonical binary32 input adaptation before sender sealing.,per-observation exclusive interval; no sum-of-percentiles total
logistic_motion_forest_anomaly,measured,pre_tag_quality_refusal,reject,data_quality_failure,credential_verification,599,0.0,0.0,0.0,0.0,0,Recorded independent credential-verification call(s).,per-observation exclusive interval; no sum-of-percentiles total
logistic_motion_forest_anomaly,measured,pre_tag_quality_refusal,reject,data_quality_failure,in_memory_audit_measured,599,0.0441,0.05825000000000002,0.07514799999999995,0.0862,599,"Recorded audit record/prepare/commit spans, exclusive of their children; not all audit-related overhead and not durable storage.",per-observation exclusive interval; no sum-of-percentiles total
logistic_motion_forest_anomaly,measured,pre_tag_quality_refusal,reject,data_quality_failure,local_admission_checks,599,0.0,0.0,0.0,0.0,0,"Measured local authorization/binding/consumption calls, excluding nested credential verification.",per-observation exclusive interval; no sum-of-percentiles total
logistic_motion_forest_anomaly,measured,pre_tag_quality_refusal,reject,data_quality_failure,model_input_preprocessing,599,0.0,0.0,0.0,0.0,0,Shared model-input preparation; model-specific normalization remains in consumer timing.,per-observation exclusive interval; no sum-of-percentiles total
logistic_motion_forest_anomaly,measured,pre_tag_quality_refusal,reject,data_quality_failure,motion_consumer,599,0.0,0.0,0.0,0.0,0,Motion consumer including normalization/tensor preparation/prediction decoding.,per-observation exclusive interval; no sum-of-percentiles total
logistic_motion_forest_anomaly,measured,pre_tag_quality_refusal,reject,data_quality_failure,outer_orchestration_unisolated,599,0.0441,0.06041,0.07805399999999996,0.0954,599,Direct root/first-post-window remainder outside named child spans.,per-observation exclusive interval; no sum-of-percentiles total
logistic_motion_forest_anomaly,measured,pre_tag_quality_refusal,reject,data_quality_failure,receiver_binding_sequence_state_unisolated,599,0.0,0.0,0.0,0.0,0,"Verifier remainder including binding, sequence checks, locks/state publication and observer work; NOT isolated sequence latency.",per-observation exclusive interval; no sum-of-percentiles total
logistic_motion_forest_anomaly,measured,pre_tag_quality_refusal,reject,data_quality_failure,receiver_parsing,599,0.0,0.0,0.0,0.0,0,Envelope and binary parser call.,per-observation exclusive interval; no sum-of-percentiles total
logistic_motion_forest_anomaly,measured,pre_tag_quality_refusal,reject,data_quality_failure,receiver_quality_check,599,0.0,0.0,0.0,0.0,0,Verifier quality-check call.,per-observation exclusive interval; no sum-of-percentiles total
logistic_motion_forest_anomaly,measured,pre_tag_quality_refusal,reject,data_quality_failure,receiver_window_hmac,599,0.0,0.0,0.0,0.0,0,"Recorded verifier window-tag calculation, not complete authentication.",per-observation exclusive interval; no sum-of-percentiles total
logistic_motion_forest_anomaly,measured,pre_tag_quality_refusal,reject,data_quality_failure,reconstruction,599,0.0,0.0,0.0,0.0,0,Actual recorded BCH reconstruction; includes any observer/GC delay.,per-observation exclusive interval; no sum-of-percentiles total
logistic_motion_forest_anomaly,measured,pre_tag_quality_refusal,reject,data_quality_failure,release_conversion_unisolated,599,0.0,0.0,0.0,0.0,0,Accepted release remainder including conversion/dispatch/observer work outside consumer children.,per-observation exclusive interval; no sum-of-percentiles total
logistic_motion_forest_anomaly,measured,pre_tag_quality_refusal,reject,data_quality_failure,sender_binding_unisolated,599,0.0628,0.08603,0.10740999999999999,0.1345,599,Sender seal remainder: binding/state/orchestration/observer work not separately timed.,per-observation exclusive interval; no sum-of-percentiles total
logistic_motion_forest_anomaly,measured,pre_tag_quality_refusal,reject,data_quality_failure,sender_serialization_and_quality,599,0.4783,0.60401,0.663708,1.0593,599,Sender serialization including its quality validation; not separately timed.,per-observation exclusive interval; no sum-of-percentiles total
logistic_motion_forest_anomaly,measured,pre_tag_quality_refusal,reject,data_quality_failure,sender_window_hmac,599,0.0,0.0,0.0,0.0,0,Recorded window-tag generation call.,per-observation exclusive interval; no sum-of-percentiles total
logistic_motion_forest_anomaly,measured,pre_tag_quality_refusal,reject,data_quality_failure,session_establishment_unisolated,599,0.0,0.0,0.0,0.0,0,"Handshake/request/activation remainder, including unseparated HKDF/confirmation work and observer cost.",per-observation exclusive interval; no sum-of-percentiles total
logistic_motion_forest_anomaly,measured,pre_tag_quality_refusal,reject,data_quality_failure,simulated_response_read,599,0.0,0.0,0.0,0.0,0,"Modeled response generation, not physical acquisition.",per-observation exclusive interval; no sum-of-percentiles total
logistic_motion_forest_anomaly,measured,valid_receiver_after_bad_tag,accept,accepted,admission_orchestration_unisolated,599,0.0,0.0,0.0,0.0,0,Admission orchestration remainder not covered by named children.,per-observation exclusive interval; no sum-of-percentiles total
logistic_motion_forest_anomaly,measured,valid_receiver_after_bad_tag,accept,accepted,anomaly_consumer,599,5.9124,7.82736,8.378128,8.9851,599,Anomaly consumer including feature scaling and frozen-threshold decision.,per-observation exclusive interval; no sum-of-percentiles total
logistic_motion_forest_anomaly,measured,valid_receiver_after_bad_tag,accept,accepted,binary32_adapter,599,0.0,0.0,0.0,0.0,0,Canonical binary32 input adaptation before sender sealing.,per-observation exclusive interval; no sum-of-percentiles total
logistic_motion_forest_anomaly,measured,valid_receiver_after_bad_tag,accept,accepted,credential_verification,599,0.0,0.0,0.0,0.0,0,Recorded independent credential-verification call(s).,per-observation exclusive interval; no sum-of-percentiles total
logistic_motion_forest_anomaly,measured,valid_receiver_after_bad_tag,accept,accepted,in_memory_audit_measured,599,0.0379,0.05321,0.066402,0.1035,599,"Recorded audit record/prepare/commit spans, exclusive of their children; not all audit-related overhead and not durable storage.",per-observation exclusive interval; no sum-of-percentiles total
logistic_motion_forest_anomaly,measured,valid_receiver_after_bad_tag,accept,accepted,local_admission_checks,599,0.0,0.0,0.0,0.0,0,"Measured local authorization/binding/consumption calls, excluding nested credential verification.",per-observation exclusive interval; no sum-of-percentiles total
logistic_motion_forest_anomaly,measured,valid_receiver_after_bad_tag,accept,accepted,model_input_preprocessing,599,3.2414,4.48283,5.103868,5.5006,599,Shared model-input preparation; model-specific normalization remains in consumer timing.,per-observation exclusive interval; no sum-of-percentiles total
logistic_motion_forest_anomaly,measured,valid_receiver_after_bad_tag,accept,accepted,motion_consumer,599,0.4731,0.73689,0.8523019999999998,0.9753,599,Motion consumer including normalization/tensor preparation/prediction decoding.,per-observation exclusive interval; no sum-of-percentiles total
logistic_motion_forest_anomaly,measured,valid_receiver_after_bad_tag,accept,accepted,outer_orchestration_unisolated,599,0.0173,0.026810000000000004,0.03662999999999997,0.0418,599,Direct root/first-post-window remainder outside named child spans.,per-observation exclusive interval; no sum-of-percentiles total
logistic_motion_forest_anomaly,measured,valid_receiver_after_bad_tag,accept,accepted,receiver_binding_sequence_state_unisolated,599,0.0773,0.1121,0.136416,0.1625,599,"Verifier remainder including binding, sequence checks, locks/state publication and observer work; NOT isolated sequence latency.",per-observation exclusive interval; no sum-of-percentiles total
logistic_motion_forest_anomaly,measured,valid_receiver_after_bad_tag,accept,accepted,receiver_parsing,599,1.3711,1.7913,1.8953599999999984,2.9258,599,Envelope and binary parser call.,per-observation exclusive interval; no sum-of-percentiles total
logistic_motion_forest_anomaly,measured,valid_receiver_after_bad_tag,accept,accepted,receiver_quality_check,599,4.4149,5.77368,5.988853999999999,6.6269,599,Verifier quality-check call.,per-observation exclusive interval; no sum-of-percentiles total
logistic_motion_forest_anomaly,measured,valid_receiver_after_bad_tag,accept,accepted,receiver_window_hmac,599,0.0148,0.0208,0.0267,0.0388,599,"Recorded verifier window-tag calculation, not complete authentication.",per-observation exclusive interval; no sum-of-percentiles total
logistic_motion_forest_anomaly,measured,valid_receiver_after_bad_tag,accept,accepted,reconstruction,599,0.0,0.0,0.0,0.0,0,Actual recorded BCH reconstruction; includes any observer/GC delay.,per-observation exclusive interval; no sum-of-percentiles total
logistic_motion_forest_anomaly,measured,valid_receiver_after_bad_tag,accept,accepted,release_conversion_unisolated,599,0.4975,0.6736500000000001,0.8308819999999999,1.8266,599,Accepted release remainder including conversion/dispatch/observer work outside consumer children.,per-observation exclusive interval; no sum-of-percentiles total
logistic_motion_forest_anomaly,measured,valid_receiver_after_bad_tag,accept,accepted,sender_binding_unisolated,599,0.0,0.0,0.0,0.0,0,Sender seal remainder: binding/state/orchestration/observer work not separately timed.,per-observation exclusive interval; no sum-of-percentiles total
logistic_motion_forest_anomaly,measured,valid_receiver_after_bad_tag,accept,accepted,sender_serialization_and_quality,599,0.0,0.0,0.0,0.0,0,Sender serialization including its quality validation; not separately timed.,per-observation exclusive interval; no sum-of-percentiles total
logistic_motion_forest_anomaly,measured,valid_receiver_after_bad_tag,accept,accepted,sender_window_hmac,599,0.0,0.0,0.0,0.0,0,Recorded window-tag generation call.,per-observation exclusive interval; no sum-of-percentiles total
logistic_motion_forest_anomaly,measured,valid_receiver_after_bad_tag,accept,accepted,session_establishment_unisolated,599,0.0,0.0,0.0,0.0,0,"Handshake/request/activation remainder, including unseparated HKDF/confirmation work and observer cost.",per-observation exclusive interval; no sum-of-percentiles total
logistic_motion_forest_anomaly,measured,valid_receiver_after_bad_tag,accept,accepted,simulated_response_read,599,0.0,0.0,0.0,0.0,0,"Modeled response generation, not physical acquisition.",per-observation exclusive interval; no sum-of-percentiles total
logistic_motion_forest_anomaly,warmup,bad_tag_receiver,reject,invalid_tag,admission_orchestration_unisolated,19,0.0,0.0,0.0,0.0,0,Admission orchestration remainder not covered by named children.,per-observation exclusive interval; no sum-of-percentiles total
logistic_motion_forest_anomaly,warmup,bad_tag_receiver,reject,invalid_tag,anomaly_consumer,19,0.0,0.0,0.0,0.0,0,Anomaly consumer including feature scaling and frozen-threshold decision.,per-observation exclusive interval; no sum-of-percentiles total
logistic_motion_forest_anomaly,warmup,bad_tag_receiver,reject,invalid_tag,binary32_adapter,19,0.0,0.0,0.0,0.0,0,Canonical binary32 input adaptation before sender sealing.,per-observation exclusive interval; no sum-of-percentiles total
logistic_motion_forest_anomaly,warmup,bad_tag_receiver,reject,invalid_tag,credential_verification,19,0.0,0.0,0.0,0.0,0,Recorded independent credential-verification call(s).,per-observation exclusive interval; no sum-of-percentiles total
logistic_motion_forest_anomaly,warmup,bad_tag_receiver,reject,invalid_tag,in_memory_audit_measured,19,0.0412,0.04959999999999993,0.07480000000000002,0.0811,19,"Recorded audit record/prepare/commit spans, exclusive of their children; not all audit-related overhead and not durable storage.",per-observation exclusive interval; no sum-of-percentiles total
logistic_motion_forest_anomaly,warmup,bad_tag_receiver,reject,invalid_tag,local_admission_checks,19,0.0,0.0,0.0,0.0,0,"Measured local authorization/binding/consumption calls, excluding nested credential verification.",per-observation exclusive interval; no sum-of-percentiles total
logistic_motion_forest_anomaly,warmup,bad_tag_receiver,reject,invalid_tag,model_input_preprocessing,19,0.0,0.0,0.0,0.0,0,Shared model-input preparation; model-specific normalization remains in consumer timing.,per-observation exclusive interval; no sum-of-percentiles total
logistic_motion_forest_anomaly,warmup,bad_tag_receiver,reject,invalid_tag,motion_consumer,19,0.0,0.0,0.0,0.0,0,Motion consumer including normalization/tensor preparation/prediction decoding.,per-observation exclusive interval; no sum-of-percentiles total
logistic_motion_forest_anomaly,warmup,bad_tag_receiver,reject,invalid_tag,outer_orchestration_unisolated,19,0.0123,0.01483999999999998,0.021608000000000002,0.0233,19,Direct root/first-post-window remainder outside named child spans.,per-observation exclusive interval; no sum-of-percentiles total
logistic_motion_forest_anomaly,warmup,bad_tag_receiver,reject,invalid_tag,receiver_binding_sequence_state_unisolated,19,0.0998,0.12046999999999985,0.16993400000000003,0.1823,19,"Verifier remainder including binding, sequence checks, locks/state publication and observer work; NOT isolated sequence latency.",per-observation exclusive interval; no sum-of-percentiles total
logistic_motion_forest_anomaly,warmup,bad_tag_receiver,reject,invalid_tag,receiver_parsing,19,1.78,1.8765899999999993,2.087478,2.1402,19,Envelope and binary parser call.,per-observation exclusive interval; no sum-of-percentiles total
logistic_motion_forest_anomaly,warmup,bad_tag_receiver,reject,invalid_tag,receiver_quality_check,19,0.0,0.0,0.0,0.0,0,Verifier quality-check call.,per-observation exclusive interval; no sum-of-percentiles total
logistic_motion_forest_anomaly,warmup,bad_tag_receiver,reject,invalid_tag,receiver_window_hmac,19,0.0187,0.02363999999999996,0.036888000000000004,0.0402,19,"Recorded verifier window-tag calculation, not complete authentication.",per-observation exclusive interval; no sum-of-percentiles total
logistic_motion_forest_anomaly,warmup,bad_tag_receiver,reject,invalid_tag,reconstruction,19,0.0,0.0,0.0,0.0,0,Actual recorded BCH reconstruction; includes any observer/GC delay.,per-observation exclusive interval; no sum-of-percentiles total
logistic_motion_forest_anomaly,warmup,bad_tag_receiver,reject,invalid_tag,release_conversion_unisolated,19,0.0,0.0,0.0,0.0,0,Accepted release remainder including conversion/dispatch/observer work outside consumer children.,per-observation exclusive interval; no sum-of-percentiles total
logistic_motion_forest_anomaly,warmup,bad_tag_receiver,reject,invalid_tag,sender_binding_unisolated,19,0.0,0.0,0.0,0.0,0,Sender seal remainder: binding/state/orchestration/observer work not separately timed.,per-observation exclusive interval; no sum-of-percentiles total
logistic_motion_forest_anomaly,warmup,bad_tag_receiver,reject,invalid_tag,sender_serialization_and_quality,19,0.0,0.0,0.0,0.0,0,Sender serialization including its quality validation; not separately timed.,per-observation exclusive interval; no sum-of-percentiles total
logistic_motion_forest_anomaly,warmup,bad_tag_receiver,reject,invalid_tag,sender_window_hmac,19,0.0,0.0,0.0,0.0,0,Recorded window-tag generation call.,per-observation exclusive interval; no sum-of-percentiles total
logistic_motion_forest_anomaly,warmup,bad_tag_receiver,reject,invalid_tag,session_establishment_unisolated,19,0.0,0.0,0.0,0.0,0,"Handshake/request/activation remainder, including unseparated HKDF/confirmation work and observer cost.",per-observation exclusive interval; no sum-of-percentiles total
logistic_motion_forest_anomaly,warmup,bad_tag_receiver,reject,invalid_tag,simulated_response_read,19,0.0,0.0,0.0,0.0,0,"Modeled response generation, not physical acquisition.",per-observation exclusive interval; no sum-of-percentiles total
logistic_motion_forest_anomaly,warmup,exact_replay_receiver,reject,duplicate_sequence,admission_orchestration_unisolated,19,0.0,0.0,0.0,0.0,0,Admission orchestration remainder not covered by named children.,per-observation exclusive interval; no sum-of-percentiles total
logistic_motion_forest_anomaly,warmup,exact_replay_receiver,reject,duplicate_sequence,anomaly_consumer,19,0.0,0.0,0.0,0.0,0,Anomaly consumer including feature scaling and frozen-threshold decision.,per-observation exclusive interval; no sum-of-percentiles total
logistic_motion_forest_anomaly,warmup,exact_replay_receiver,reject,duplicate_sequence,binary32_adapter,19,0.0,0.0,0.0,0.0,0,Canonical binary32 input adaptation before sender sealing.,per-observation exclusive interval; no sum-of-percentiles total
logistic_motion_forest_anomaly,warmup,exact_replay_receiver,reject,duplicate_sequence,credential_verification,19,0.0,0.0,0.0,0.0,0,Recorded independent credential-verification call(s).,per-observation exclusive interval; no sum-of-percentiles total
logistic_motion_forest_anomaly,warmup,exact_replay_receiver,reject,duplicate_sequence,in_memory_audit_measured,19,0.0589,0.07519999999999999,0.08024,0.0815,19,"Recorded audit record/prepare/commit spans, exclusive of their children; not all audit-related overhead and not durable storage.",per-observation exclusive interval; no sum-of-percentiles total
logistic_motion_forest_anomaly,warmup,exact_replay_receiver,reject,duplicate_sequence,local_admission_checks,19,0.0,0.0,0.0,0.0,0,"Measured local authorization/binding/consumption calls, excluding nested credential verification.",per-observation exclusive interval; no sum-of-percentiles total
logistic_motion_forest_anomaly,warmup,exact_replay_receiver,reject,duplicate_sequence,model_input_preprocessing,19,0.0,0.0,0.0,0.0,0,Shared model-input preparation; model-specific normalization remains in consumer timing.,per-observation exclusive interval; no sum-of-percentiles total
logistic_motion_forest_anomaly,warmup,exact_replay_receiver,reject,duplicate_sequence,motion_consumer,19,0.0,0.0,0.0,0.0,0,Motion consumer including normalization/tensor preparation/prediction decoding.,per-observation exclusive interval; no sum-of-percentiles total
logistic_motion_forest_anomaly,warmup,exact_replay_receiver,reject,duplicate_sequence,outer_orchestration_unisolated,19,0.012,0.020619999999999965,0.03228400000000001,0.0352,19,Direct root/first-post-window remainder outside named child spans.,per-observation exclusive interval; no sum-of-percentiles total
logistic_motion_forest_anomaly,warmup,exact_replay_receiver,reject,duplicate_sequence,receiver_binding_sequence_state_unisolated,19,0.1374,0.16291999999999995,0.178184,0.182,19,"Verifier remainder including binding, sequence checks, locks/state publication and observer work; NOT isolated sequence latency.",per-observation exclusive interval; no sum-of-percentiles total
logistic_motion_forest_anomaly,warmup,exact_replay_receiver,reject,duplicate_sequence,receiver_parsing,19,2.059,2.2198499999999997,2.30517,2.3265,19,Envelope and binary parser call.,per-observation exclusive interval; no sum-of-percentiles total
logistic_motion_forest_anomaly,warmup,exact_replay_receiver,reject,duplicate_sequence,receiver_quality_check,19,5.7155,5.89949,5.961338,5.9768,19,Verifier quality-check call.,per-observation exclusive interval; no sum-of-percentiles total
logistic_motion_forest_anomaly,warmup,exact_replay_receiver,reject,duplicate_sequence,receiver_window_hmac,19,0.0244,0.04363999999999998,0.050408,0.0521,19,"Recorded verifier window-tag calculation, not complete authentication.",per-observation exclusive interval; no sum-of-percentiles total
logistic_motion_forest_anomaly,warmup,exact_replay_receiver,reject,duplicate_sequence,reconstruction,19,0.0,0.0,0.0,0.0,0,Actual recorded BCH reconstruction; includes any observer/GC delay.,per-observation exclusive interval; no sum-of-percentiles total
logistic_motion_forest_anomaly,warmup,exact_replay_receiver,reject,duplicate_sequence,release_conversion_unisolated,19,0.0,0.0,0.0,0.0,0,Accepted release remainder including conversion/dispatch/observer work outside consumer children.,per-observation exclusive interval; no sum-of-percentiles total
logistic_motion_forest_anomaly,warmup,exact_replay_receiver,reject,duplicate_sequence,sender_binding_unisolated,19,0.0,0.0,0.0,0.0,0,Sender seal remainder: binding/state/orchestration/observer work not separately timed.,per-observation exclusive interval; no sum-of-percentiles total
logistic_motion_forest_anomaly,warmup,exact_replay_receiver,reject,duplicate_sequence,sender_serialization_and_quality,19,0.0,0.0,0.0,0.0,0,Sender serialization including its quality validation; not separately timed.,per-observation exclusive interval; no sum-of-percentiles total
logistic_motion_forest_anomaly,warmup,exact_replay_receiver,reject,duplicate_sequence,sender_window_hmac,19,0.0,0.0,0.0,0.0,0,Recorded window-tag generation call.,per-observation exclusive interval; no sum-of-percentiles total
logistic_motion_forest_anomaly,warmup,exact_replay_receiver,reject,duplicate_sequence,session_establishment_unisolated,19,0.0,0.0,0.0,0.0,0,"Handshake/request/activation remainder, including unseparated HKDF/confirmation work and observer cost.",per-observation exclusive interval; no sum-of-percentiles total
logistic_motion_forest_anomaly,warmup,exact_replay_receiver,reject,duplicate_sequence,simulated_response_read,19,0.0,0.0,0.0,0.0,0,"Modeled response generation, not physical acquisition.",per-observation exclusive interval; no sum-of-percentiles total
logistic_motion_forest_anomaly,warmup,fresh_to_first_window,accept,accepted,admission_orchestration_unisolated,19,0.0524,0.06615,0.06723,0.0675,19,Admission orchestration remainder not covered by named children.,per-observation exclusive interval; no sum-of-percentiles total
logistic_motion_forest_anomaly,warmup,fresh_to_first_window,accept,accepted,anomaly_consumer,19,7.4827,8.336779999999997,9.008396,9.1763,19,Anomaly consumer including feature scaling and frozen-threshold decision.,per-observation exclusive interval; no sum-of-percentiles total
logistic_motion_forest_anomaly,warmup,fresh_to_first_window,accept,accepted,binary32_adapter,19,1.369,1.52104,1.555168,1.5637,19,Canonical binary32 input adaptation before sender sealing.,per-observation exclusive interval; no sum-of-percentiles total
logistic_motion_forest_anomaly,warmup,fresh_to_first_window,accept,accepted,credential_verification,19,0.052,0.0874,0.0874,0.0874,19,Recorded independent credential-verification call(s).,per-observation exclusive interval; no sum-of-percentiles total
logistic_motion_forest_anomaly,warmup,fresh_to_first_window,accept,accepted,in_memory_audit_measured,19,0.2361,0.26010999999999984,0.313462,0.3268,19,"Recorded audit record/prepare/commit spans, exclusive of their children; not all audit-related overhead and not durable storage.",per-observation exclusive interval; no sum-of-percentiles total
logistic_motion_forest_anomaly,warmup,fresh_to_first_window,accept,accepted,local_admission_checks,19,0.0714,0.09115999999999996,0.107432,0.1115,19,"Measured local authorization/binding/consumption calls, excluding nested credential verification.",per-observation exclusive interval; no sum-of-percentiles total
logistic_motion_forest_anomaly,warmup,fresh_to_first_window,accept,accepted,model_input_preprocessing,19,3.999,4.541979999999997,5.470636,5.7028,19,Shared model-input preparation; model-specific normalization remains in consumer timing.,per-observation exclusive interval; no sum-of-percentiles total
logistic_motion_forest_anomaly,warmup,fresh_to_first_window,accept,accepted,motion_consumer,19,0.5957,0.8046299999999996,0.925086,0.9552,19,Motion consumer including normalization/tensor preparation/prediction decoding.,per-observation exclusive interval; no sum-of-percentiles total
logistic_motion_forest_anomaly,warmup,fresh_to_first_window,accept,accepted,outer_orchestration_unisolated,19,0.1077,0.14739999999999973,0.23668000000000003,0.259,19,Direct root/first-post-window remainder outside named child spans.,per-observation exclusive interval; no sum-of-percentiles total
logistic_motion_forest_anomaly,warmup,fresh_to_first_window,accept,accepted,receiver_binding_sequence_state_unisolated,19,0.0993,0.11491999999999986,0.16330400000000003,0.1754,19,"Verifier remainder including binding, sequence checks, locks/state publication and observer work; NOT isolated sequence latency.",per-observation exclusive interval; no sum-of-percentiles total
logistic_motion_forest_anomaly,warmup,fresh_to_first_window,accept,accepted,receiver_parsing,19,2.0482,5.1207699999999985,5.609434,5.7316,19,Envelope and binary parser call.,per-observation exclusive interval; no sum-of-percentiles total
logistic_motion_forest_anomaly,warmup,fresh_to_first_window,accept,accepted,receiver_quality_check,19,5.6332,6.298929999999998,6.797386,6.922,19,Verifier quality-check call.,per-observation exclusive interval; no sum-of-percentiles total
logistic_motion_forest_anomaly,warmup,fresh_to_first_window,accept,accepted,receiver_window_hmac,19,0.0204,0.024669999999999977,0.03237400000000001,0.0343,19,"Recorded verifier window-tag calculation, not complete authentication.",per-observation exclusive interval; no sum-of-percentiles total
logistic_motion_forest_anomaly,warmup,fresh_to_first_window,accept,accepted,reconstruction,19,3.3432,4.04573,4.144586,4.1693,19,Actual recorded BCH reconstruction; includes any observer/GC delay.,per-observation exclusive interval; no sum-of-percentiles total
logistic_motion_forest_anomaly,warmup,fresh_to_first_window,accept,accepted,release_conversion_unisolated,19,0.6265,0.7339099999999995,0.889502,0.9284,19,Accepted release remainder including conversion/dispatch/observer work outside consumer children.,per-observation exclusive interval; no sum-of-percentiles total
logistic_motion_forest_anomaly,warmup,fresh_to_first_window,accept,accepted,sender_binding_unisolated,19,0.1382,0.16310999999999987,0.20998200000000003,0.2217,19,Sender seal remainder: binding/state/orchestration/observer work not separately timed.,per-observation exclusive interval; no sum-of-percentiles total
logistic_motion_forest_anomaly,warmup,fresh_to_first_window,accept,accepted,sender_serialization_and_quality,19,6.2223,6.737319999999999,7.076584,7.1614,19,Sender serialization including its quality validation; not separately timed.,per-observation exclusive interval; no sum-of-percentiles total
logistic_motion_forest_anomaly,warmup,fresh_to_first_window,accept,accepted,sender_window_hmac,19,0.0187,0.027159999999999976,0.035512,0.0376,19,Recorded window-tag generation call.,per-observation exclusive interval; no sum-of-percentiles total
logistic_motion_forest_anomaly,warmup,fresh_to_first_window,accept,accepted,session_establishment_unisolated,19,0.4813,0.5653499999999998,0.64203,0.6612,19,"Handshake/request/activation remainder, including unseparated HKDF/confirmation work and observer cost.",per-observation exclusive interval; no sum-of-percentiles total
logistic_motion_forest_anomaly,warmup,fresh_to_first_window,accept,accepted,simulated_response_read,19,0.1908,0.27976,0.280192,0.2803,19,"Modeled response generation, not physical acquisition.",per-observation exclusive interval; no sum-of-percentiles total
logistic_motion_forest_anomaly,warmup,malformed_json_receiver,reject,malformed_message,admission_orchestration_unisolated,19,0.0,0.0,0.0,0.0,0,Admission orchestration remainder not covered by named children.,per-observation exclusive interval; no sum-of-percentiles total
logistic_motion_forest_anomaly,warmup,malformed_json_receiver,reject,malformed_message,anomaly_consumer,19,0.0,0.0,0.0,0.0,0,Anomaly consumer including feature scaling and frozen-threshold decision.,per-observation exclusive interval; no sum-of-percentiles total
logistic_motion_forest_anomaly,warmup,malformed_json_receiver,reject,malformed_message,binary32_adapter,19,0.0,0.0,0.0,0.0,0,Canonical binary32 input adaptation before sender sealing.,per-observation exclusive interval; no sum-of-percentiles total
logistic_motion_forest_anomaly,warmup,malformed_json_receiver,reject,malformed_message,credential_verification,19,0.0,0.0,0.0,0.0,0,Recorded independent credential-verification call(s).,per-observation exclusive interval; no sum-of-percentiles total
logistic_motion_forest_anomaly,warmup,malformed_json_receiver,reject,malformed_message,in_memory_audit_measured,19,0.0541,0.06180999999999998,0.067642,0.0691,19,"Recorded audit record/prepare/commit spans, exclusive of their children; not all audit-related overhead and not durable storage.",per-observation exclusive interval; no sum-of-percentiles total
logistic_motion_forest_anomaly,warmup,malformed_json_receiver,reject,malformed_message,local_admission_checks,19,0.0,0.0,0.0,0.0,0,"Measured local authorization/binding/consumption calls, excluding nested credential verification.",per-observation exclusive interval; no sum-of-percentiles total
logistic_motion_forest_anomaly,warmup,malformed_json_receiver,reject,malformed_message,model_input_preprocessing,19,0.0,0.0,0.0,0.0,0,Shared model-input preparation; model-specific normalization remains in consumer timing.,per-observation exclusive interval; no sum-of-percentiles total
logistic_motion_forest_anomaly,warmup,malformed_json_receiver,reject,malformed_message,motion_consumer,19,0.0,0.0,0.0,0.0,0,Motion consumer including normalization/tensor preparation/prediction decoding.,per-observation exclusive interval; no sum-of-percentiles total
logistic_motion_forest_anomaly,warmup,malformed_json_receiver,reject,malformed_message,outer_orchestration_unisolated,19,0.009,0.010249999999999995,0.01205,0.0125,19,Direct root/first-post-window remainder outside named child spans.,per-observation exclusive interval; no sum-of-percentiles total
logistic_motion_forest_anomaly,warmup,malformed_json_receiver,reject,malformed_message,receiver_binding_sequence_state_unisolated,19,0.0486,0.06334,0.063628,0.0637,19,"Verifier remainder including binding, sequence checks, locks/state publication and observer work; NOT isolated sequence latency.",per-observation exclusive interval; no sum-of-percentiles total
logistic_motion_forest_anomaly,warmup,malformed_json_receiver,reject,malformed_message,receiver_parsing,19,0.0372,0.04069999999999999,0.04214,0.0425,19,Envelope and binary parser call.,per-observation exclusive interval; no sum-of-percentiles total
logistic_motion_forest_anomaly,warmup,malformed_json_receiver,reject,malformed_message,receiver_quality_check,19,0.0,0.0,0.0,0.0,0,Verifier quality-check call.,per-observation exclusive interval; no sum-of-percentiles total
logistic_motion_forest_anomaly,warmup,malformed_json_receiver,reject,malformed_message,receiver_window_hmac,19,0.0,0.0,0.0,0.0,0,"Recorded verifier window-tag calculation, not complete authentication.",per-observation exclusive interval; no sum-of-percentiles total
logistic_motion_forest_anomaly,warmup,malformed_json_receiver,reject,malformed_message,reconstruction,19,0.0,0.0,0.0,0.0,0,Actual recorded BCH reconstruction; includes any observer/GC delay.,per-observation exclusive interval; no sum-of-percentiles total
logistic_motion_forest_anomaly,warmup,malformed_json_receiver,reject,malformed_message,release_conversion_unisolated,19,0.0,0.0,0.0,0.0,0,Accepted release remainder including conversion/dispatch/observer work outside consumer children.,per-observation exclusive interval; no sum-of-percentiles total
logistic_motion_forest_anomaly,warmup,malformed_json_receiver,reject,malformed_message,sender_binding_unisolated,19,0.0,0.0,0.0,0.0,0,Sender seal remainder: binding/state/orchestration/observer work not separately timed.,per-observation exclusive interval; no sum-of-percentiles total
logistic_motion_forest_anomaly,warmup,malformed_json_receiver,reject,malformed_message,sender_serialization_and_quality,19,0.0,0.0,0.0,0.0,0,Sender serialization including its quality validation; not separately timed.,per-observation exclusive interval; no sum-of-percentiles total
logistic_motion_forest_anomaly,warmup,malformed_json_receiver,reject,malformed_message,sender_window_hmac,19,0.0,0.0,0.0,0.0,0,Recorded window-tag generation call.,per-observation exclusive interval; no sum-of-percentiles total
logistic_motion_forest_anomaly,warmup,malformed_json_receiver,reject,malformed_message,session_establishment_unisolated,19,0.0,0.0,0.0,0.0,0,"Handshake/request/activation remainder, including unseparated HKDF/confirmation work and observer cost.",per-observation exclusive interval; no sum-of-percentiles total
logistic_motion_forest_anomaly,warmup,malformed_json_receiver,reject,malformed_message,simulated_response_read,19,0.0,0.0,0.0,0.0,0,"Modeled response generation, not physical acquisition.",per-observation exclusive interval; no sum-of-percentiles total
logistic_motion_forest_anomaly,warmup,post_window_after_refusals,accept,accepted,admission_orchestration_unisolated,19,0.0,0.0,0.0,0.0,0,Admission orchestration remainder not covered by named children.,per-observation exclusive interval; no sum-of-percentiles total
logistic_motion_forest_anomaly,warmup,post_window_after_refusals,accept,accepted,anomaly_consumer,19,5.7987,6.871929999999998,7.407826,7.5418,19,Anomaly consumer including feature scaling and frozen-threshold decision.,per-observation exclusive interval; no sum-of-percentiles total
logistic_motion_forest_anomaly,warmup,post_window_after_refusals,accept,accepted,binary32_adapter,19,1.15,1.4980999999999998,1.5449,1.5566,19,Canonical binary32 input adaptation before sender sealing.,per-observation exclusive interval; no sum-of-percentiles total
logistic_motion_forest_anomaly,warmup,post_window_after_refusals,accept,accepted,credential_verification,19,0.0,0.0,0.0,0.0,0,Recorded independent credential-verification call(s).,per-observation exclusive interval; no sum-of-percentiles total
logistic_motion_forest_anomaly,warmup,post_window_after_refusals,accept,accepted,in_memory_audit_measured,19,0.0859,0.11519999999999997,0.12672,0.1296,19,"Recorded audit record/prepare/commit spans, exclusive of their children; not all audit-related overhead and not durable storage.",per-observation exclusive interval; no sum-of-percentiles total
logistic_motion_forest_anomaly,warmup,post_window_after_refusals,accept,accepted,local_admission_checks,19,0.0,0.0,0.0,0.0,0,"Measured local authorization/binding/consumption calls, excluding nested credential verification.",per-observation exclusive interval; no sum-of-percentiles total
logistic_motion_forest_anomaly,warmup,post_window_after_refusals,accept,accepted,model_input_preprocessing,19,3.1719,3.7343999999999977,4.5624,4.7694,19,Shared model-input preparation; model-specific normalization remains in consumer timing.,per-observation exclusive interval; no sum-of-percentiles total
logistic_motion_forest_anomaly,warmup,post_window_after_refusals,accept,accepted,motion_consumer,19,0.4824,0.58888,0.600256,0.6031,19,Motion consumer including normalization/tensor preparation/prediction decoding.,per-observation exclusive interval; no sum-of-percentiles total
logistic_motion_forest_anomaly,warmup,post_window_after_refusals,accept,accepted,outer_orchestration_unisolated,19,0.0673,0.11371999999999992,0.145544,0.1535,19,Direct root/first-post-window remainder outside named child spans.,per-observation exclusive interval; no sum-of-percentiles total
logistic_motion_forest_anomaly,warmup,post_window_after_refusals,accept,accepted,receiver_binding_sequence_state_unisolated,19,0.0846,0.12986999999999999,0.133974,0.135,19,"Verifier remainder including binding, sequence checks, locks/state publication and observer work; NOT isolated sequence latency.",per-observation exclusive interval; no sum-of-percentiles total
logistic_motion_forest_anomaly,warmup,post_window_after_refusals,accept,accepted,receiver_parsing,19,1.576,2.1136699999999995,2.253854,2.2889,19,Envelope and binary parser call.,per-observation exclusive interval; no sum-of-percentiles total
logistic_motion_forest_anomaly,warmup,post_window_after_refusals,accept,accepted,receiver_quality_check,19,4.389,6.61576,6.641392,6.6478,19,Verifier quality-check call.,per-observation exclusive interval; no sum-of-percentiles total
logistic_motion_forest_anomaly,warmup,post_window_after_refusals,accept,accepted,receiver_window_hmac,19,0.0176,0.028179999999999993,0.030916,0.0316,19,"Recorded verifier window-tag calculation, not complete authentication.",per-observation exclusive interval; no sum-of-percentiles total
logistic_motion_forest_anomaly,warmup,post_window_after_refusals,accept,accepted,reconstruction,19,0.0,0.0,0.0,0.0,0,Actual recorded BCH reconstruction; includes any observer/GC delay.,per-observation exclusive interval; no sum-of-percentiles total
logistic_motion_forest_anomaly,warmup,post_window_after_refusals,accept,accepted,release_conversion_unisolated,19,0.4895,0.80597,0.809354,0.8102,19,Accepted release remainder including conversion/dispatch/observer work outside consumer children.,per-observation exclusive interval; no sum-of-percentiles total
logistic_motion_forest_anomaly,warmup,post_window_after_refusals,accept,accepted,sender_binding_unisolated,19,0.1336,0.19751999999999997,0.208464,0.2112,19,Sender seal remainder: binding/state/orchestration/observer work not separately timed.,per-observation exclusive interval; no sum-of-percentiles total
logistic_motion_forest_anomaly,warmup,post_window_after_refusals,accept,accepted,sender_serialization_and_quality,19,4.907,6.954139999999999,7.115708,7.1561,19,Sender serialization including its quality validation; not separately timed.,per-observation exclusive interval; no sum-of-percentiles total
logistic_motion_forest_anomaly,warmup,post_window_after_refusals,accept,accepted,sender_window_hmac,19,0.0227,0.03446,0.034892,0.035,19,Recorded window-tag generation call.,per-observation exclusive interval; no sum-of-percentiles total
logistic_motion_forest_anomaly,warmup,post_window_after_refusals,accept,accepted,session_establishment_unisolated,19,0.0,0.0,0.0,0.0,0,"Handshake/request/activation remainder, including unseparated HKDF/confirmation work and observer cost.",per-observation exclusive interval; no sum-of-percentiles total
logistic_motion_forest_anomaly,warmup,post_window_after_refusals,accept,accepted,simulated_response_read,19,0.0,0.0,0.0,0.0,0,"Modeled response generation, not physical acquisition.",per-observation exclusive interval; no sum-of-percentiles total
logistic_motion_forest_anomaly,warmup,post_window_recurring,accept,accepted,admission_orchestration_unisolated,19,0.0,0.0,0.0,0.0,0,Admission orchestration remainder not covered by named children.,per-observation exclusive interval; no sum-of-percentiles total
logistic_motion_forest_anomaly,warmup,post_window_recurring,accept,accepted,anomaly_consumer,19,7.5398,8.241349999999997,9.49307,9.806,19,Anomaly consumer including feature scaling and frozen-threshold decision.,per-observation exclusive interval; no sum-of-percentiles total
logistic_motion_forest_anomaly,warmup,post_window_recurring,accept,accepted,binary32_adapter,19,1.384,1.4875999999999998,1.59848,1.6262,19,Canonical binary32 input adaptation before sender sealing.,per-observation exclusive interval; no sum-of-percentiles total
logistic_motion_forest_anomaly,warmup,post_window_recurring,accept,accepted,credential_verification,19,0.0,0.0,0.0,0.0,0,Recorded independent credential-verification call(s).,per-observation exclusive interval; no sum-of-percentiles total
logistic_motion_forest_anomaly,warmup,post_window_recurring,accept,accepted,in_memory_audit_measured,19,0.1016,0.1206999999999999,0.15598,0.1648,19,"Recorded audit record/prepare/commit spans, exclusive of their children; not all audit-related overhead and not durable storage.",per-observation exclusive interval; no sum-of-percentiles total
logistic_motion_forest_anomaly,warmup,post_window_recurring,accept,accepted,local_admission_checks,19,0.0,0.0,0.0,0.0,0,"Measured local authorization/binding/consumption calls, excluding nested credential verification.",per-observation exclusive interval; no sum-of-percentiles total
logistic_motion_forest_anomaly,warmup,post_window_recurring,accept,accepted,model_input_preprocessing,19,4.1295,4.605559999999997,5.524712,5.7545,19,Shared model-input preparation; model-specific normalization remains in consumer timing.,per-observation exclusive interval; no sum-of-percentiles total
logistic_motion_forest_anomaly,warmup,post_window_recurring,accept,accepted,motion_consumer,19,0.5745,0.7841399999999997,0.856428,0.8745,19,Motion consumer including normalization/tensor preparation/prediction decoding.,per-observation exclusive interval; no sum-of-percentiles total
logistic_motion_forest_anomaly,warmup,post_window_recurring,accept,accepted,outer_orchestration_unisolated,19,0.0807,0.13985999999999965,0.25549200000000005,0.2844,19,Direct root/first-post-window remainder outside named child spans.,per-observation exclusive interval; no sum-of-percentiles total
logistic_motion_forest_anomaly,warmup,post_window_recurring,accept,accepted,receiver_binding_sequence_state_unisolated,19,0.0965,0.12017999999999987,0.163236,0.174,19,"Verifier remainder including binding, sequence checks, locks/state publication and observer work; NOT isolated sequence latency.",per-observation exclusive interval; no sum-of-percentiles total
logistic_motion_forest_anomaly,warmup,post_window_recurring,accept,accepted,receiver_parsing,19,1.9613,2.0965299999999987,2.502826,2.6044,19,Envelope and binary parser call.,per-observation exclusive interval; no sum-of-percentiles total
logistic_motion_forest_anomaly,warmup,post_window_recurring,accept,accepted,receiver_quality_check,19,5.6174,6.22255,6.32299,6.3481,19,Verifier quality-check call.,per-observation exclusive interval; no sum-of-percentiles total
logistic_motion_forest_anomaly,warmup,post_window_recurring,accept,accepted,receiver_window_hmac,19,0.0194,0.023159999999999955,0.037272000000000007,0.0408,19,"Recorded verifier window-tag calculation, not complete authentication.",per-observation exclusive interval; no sum-of-percentiles total
logistic_motion_forest_anomaly,warmup,post_window_recurring,accept,accepted,reconstruction,19,0.0,0.0,0.0,0.0,0,Actual recorded BCH reconstruction; includes any observer/GC delay.,per-observation exclusive interval; no sum-of-percentiles total
logistic_motion_forest_anomaly,warmup,post_window_recurring,accept,accepted,release_conversion_unisolated,19,0.6437,0.7081499999999995,0.84747,0.8823,19,Accepted release remainder including conversion/dispatch/observer work outside consumer children.,per-observation exclusive interval; no sum-of-percentiles total
logistic_motion_forest_anomaly,warmup,post_window_recurring,accept,accepted,sender_binding_unisolated,19,0.1463,0.16590999999999986,0.211342,0.2227,19,Sender seal remainder: binding/state/orchestration/observer work not separately timed.,per-observation exclusive interval; no sum-of-percentiles total
logistic_motion_forest_anomaly,warmup,post_window_recurring,accept,accepted,sender_serialization_and_quality,19,6.2669,6.70353,6.854226,6.8919,19,Sender serialization including its quality validation; not separately timed.,per-observation exclusive interval; no sum-of-percentiles total
logistic_motion_forest_anomaly,warmup,post_window_recurring,accept,accepted,sender_window_hmac,19,0.025,0.040129999999999964,0.053306000000000006,0.0566,19,Recorded window-tag generation call.,per-observation exclusive interval; no sum-of-percentiles total
logistic_motion_forest_anomaly,warmup,post_window_recurring,accept,accepted,session_establishment_unisolated,19,0.0,0.0,0.0,0.0,0,"Handshake/request/activation remainder, including unseparated HKDF/confirmation work and observer cost.",per-observation exclusive interval; no sum-of-percentiles total
logistic_motion_forest_anomaly,warmup,post_window_recurring,accept,accepted,simulated_response_read,19,0.0,0.0,0.0,0.0,0,"Modeled response generation, not physical acquisition.",per-observation exclusive interval; no sum-of-percentiles total
logistic_motion_forest_anomaly,warmup,pre_tag_quality_refusal,reject,data_quality_failure,admission_orchestration_unisolated,19,0.0,0.0,0.0,0.0,0,Admission orchestration remainder not covered by named children.,per-observation exclusive interval; no sum-of-percentiles total
logistic_motion_forest_anomaly,warmup,pre_tag_quality_refusal,reject,data_quality_failure,anomaly_consumer,19,0.0,0.0,0.0,0.0,0,Anomaly consumer including feature scaling and frozen-threshold decision.,per-observation exclusive interval; no sum-of-percentiles total
logistic_motion_forest_anomaly,warmup,pre_tag_quality_refusal,reject,data_quality_failure,binary32_adapter,19,1.289,1.5770799999999996,1.745416,1.7875,19,Canonical binary32 input adaptation before sender sealing.,per-observation exclusive interval; no sum-of-percentiles total
logistic_motion_forest_anomaly,warmup,pre_tag_quality_refusal,reject,data_quality_failure,credential_verification,19,0.0,0.0,0.0,0.0,0,Recorded independent credential-verification call(s).,per-observation exclusive interval; no sum-of-percentiles total
logistic_motion_forest_anomaly,warmup,pre_tag_quality_refusal,reject,data_quality_failure,in_memory_audit_measured,19,0.0553,0.07965999999999995,0.096652,0.1009,19,"Recorded audit record/prepare/commit spans, exclusive of their children; not all audit-related overhead and not durable storage.",per-observation exclusive interval; no sum-of-percentiles total
logistic_motion_forest_anomaly,warmup,pre_tag_quality_refusal,reject,data_quality_failure,local_admission_checks,19,0.0,0.0,0.0,0.0,0,"Measured local authorization/binding/consumption calls, excluding nested credential verification.",per-observation exclusive interval; no sum-of-percentiles total
logistic_motion_forest_anomaly,warmup,pre_tag_quality_refusal,reject,data_quality_failure,model_input_preprocessing,19,0.0,0.0,0.0,0.0,0,Shared model-input preparation; model-specific normalization remains in consumer timing.,per-observation exclusive interval; no sum-of-percentiles total
logistic_motion_forest_anomaly,warmup,pre_tag_quality_refusal,reject,data_quality_failure,motion_consumer,19,0.0,0.0,0.0,0.0,0,Motion consumer including normalization/tensor preparation/prediction decoding.,per-observation exclusive interval; no sum-of-percentiles total
logistic_motion_forest_anomaly,warmup,pre_tag_quality_refusal,reject,data_quality_failure,outer_orchestration_unisolated,19,0.0535,0.07460999999999998,0.079002,0.0801,19,Direct root/first-post-window remainder outside named child spans.,per-observation exclusive interval; no sum-of-percentiles total
logistic_motion_forest_anomaly,warmup,pre_tag_quality_refusal,reject,data_quality_failure,receiver_binding_sequence_state_unisolated,19,0.0,0.0,0.0,0.0,0,"Verifier remainder including binding, sequence checks, locks/state publication and observer work; NOT isolated sequence latency.",per-observation exclusive interval; no sum-of-percentiles total
logistic_motion_forest_anomaly,warmup,pre_tag_quality_refusal,reject,data_quality_failure,receiver_parsing,19,0.0,0.0,0.0,0.0,0,Envelope and binary parser call.,per-observation exclusive interval; no sum-of-percentiles total
logistic_motion_forest_anomaly,warmup,pre_tag_quality_refusal,reject,data_quality_failure,receiver_quality_check,19,0.0,0.0,0.0,0.0,0,Verifier quality-check call.,per-observation exclusive interval; no sum-of-percentiles total
logistic_motion_forest_anomaly,warmup,pre_tag_quality_refusal,reject,data_quality_failure,receiver_window_hmac,19,0.0,0.0,0.0,0.0,0,"Recorded verifier window-tag calculation, not complete authentication.",per-observation exclusive interval; no sum-of-percentiles total
logistic_motion_forest_anomaly,warmup,pre_tag_quality_refusal,reject,data_quality_failure,reconstruction,19,0.0,0.0,0.0,0.0,0,Actual recorded BCH reconstruction; includes any observer/GC delay.,per-observation exclusive interval; no sum-of-percentiles total
logistic_motion_forest_anomaly,warmup,pre_tag_quality_refusal,reject,data_quality_failure,release_conversion_unisolated,19,0.0,0.0,0.0,0.0,0,Accepted release remainder including conversion/dispatch/observer work outside consumer children.,per-observation exclusive interval; no sum-of-percentiles total
logistic_motion_forest_anomaly,warmup,pre_tag_quality_refusal,reject,data_quality_failure,sender_binding_unisolated,19,0.0765,0.12167999999999997,0.129456,0.1314,19,Sender seal remainder: binding/state/orchestration/observer work not separately timed.,per-observation exclusive interval; no sum-of-percentiles total
logistic_motion_forest_anomaly,warmup,pre_tag_quality_refusal,reject,data_quality_failure,sender_serialization_and_quality,19,0.6015,0.6810299999999998,0.756846,0.7758,19,Sender serialization including its quality validation; not separately timed.,per-observation exclusive interval; no sum-of-percentiles total
logistic_motion_forest_anomaly,warmup,pre_tag_quality_refusal,reject,data_quality_failure,sender_window_hmac,19,0.0,0.0,0.0,0.0,0,Recorded window-tag generation call.,per-observation exclusive interval; no sum-of-percentiles total
logistic_motion_forest_anomaly,warmup,pre_tag_quality_refusal,reject,data_quality_failure,session_establishment_unisolated,19,0.0,0.0,0.0,0.0,0,"Handshake/request/activation remainder, including unseparated HKDF/confirmation work and observer cost.",per-observation exclusive interval; no sum-of-percentiles total
logistic_motion_forest_anomaly,warmup,pre_tag_quality_refusal,reject,data_quality_failure,simulated_response_read,19,0.0,0.0,0.0,0.0,0,"Modeled response generation, not physical acquisition.",per-observation exclusive interval; no sum-of-percentiles total
logistic_motion_forest_anomaly,warmup,valid_receiver_after_bad_tag,accept,accepted,admission_orchestration_unisolated,19,0.0,0.0,0.0,0.0,0,Admission orchestration remainder not covered by named children.,per-observation exclusive interval; no sum-of-percentiles total
logistic_motion_forest_anomaly,warmup,valid_receiver_after_bad_tag,accept,accepted,anomaly_consumer,19,7.3067,7.81907,7.889414,7.907,19,Anomaly consumer including feature scaling and frozen-threshold decision.,per-observation exclusive interval; no sum-of-percentiles total
logistic_motion_forest_anomaly,warmup,valid_receiver_after_bad_tag,accept,accepted,binary32_adapter,19,0.0,0.0,0.0,0.0,0,Canonical binary32 input adaptation before sender sealing.,per-observation exclusive interval; no sum-of-percentiles total
logistic_motion_forest_anomaly,warmup,valid_receiver_after_bad_tag,accept,accepted,credential_verification,19,0.0,0.0,0.0,0.0,0,Recorded independent credential-verification call(s).,per-observation exclusive interval; no sum-of-percentiles total
logistic_motion_forest_anomaly,warmup,valid_receiver_after_bad_tag,accept,accepted,in_memory_audit_measured,19,0.0474,0.060699999999999955,0.07654,0.0805,19,"Recorded audit record/prepare/commit spans, exclusive of their children; not all audit-related overhead and not durable storage.",per-observation exclusive interval; no sum-of-percentiles total
logistic_motion_forest_anomaly,warmup,valid_receiver_after_bad_tag,accept,accepted,local_admission_checks,19,0.0,0.0,0.0,0.0,0,"Measured local authorization/binding/consumption calls, excluding nested credential verification.",per-observation exclusive interval; no sum-of-percentiles total
logistic_motion_forest_anomaly,warmup,valid_receiver_after_bad_tag,accept,accepted,model_input_preprocessing,19,4.1069,4.6251399999999965,5.927908,6.2536,19,Shared model-input preparation; model-specific normalization remains in consumer timing.,per-observation exclusive interval; no sum-of-percentiles total
logistic_motion_forest_anomaly,warmup,valid_receiver_after_bad_tag,accept,accepted,motion_consumer,19,0.5562,0.7361599999999995,0.902912,0.9446,19,Motion consumer including normalization/tensor preparation/prediction decoding.,per-observation exclusive interval; no sum-of-percentiles total
logistic_motion_forest_anomaly,warmup,valid_receiver_after_bad_tag,accept,accepted,outer_orchestration_unisolated,19,0.0208,0.029309999999999992,0.031542,0.0321,19,Direct root/first-post-window remainder outside named child spans.,per-observation exclusive interval; no sum-of-percentiles total
logistic_motion_forest_anomaly,warmup,valid_receiver_after_bad_tag,accept,accepted,receiver_binding_sequence_state_unisolated,19,0.0963,0.11959999999999997,0.13184,0.1349,19,"Verifier remainder including binding, sequence checks, locks/state publication and observer work; NOT isolated sequence latency.",per-observation exclusive interval; no sum-of-percentiles total
logistic_motion_forest_anomaly,warmup,valid_receiver_after_bad_tag,accept,accepted,receiver_parsing,19,1.7648,1.8626499999999995,2.02069,2.0602,19,Envelope and binary parser call.,per-observation exclusive interval; no sum-of-percentiles total
logistic_motion_forest_anomaly,warmup,valid_receiver_after_bad_tag,accept,accepted,receiver_quality_check,19,5.713,6.042999999999999,6.24748,6.2986,19,Verifier quality-check call.,per-observation exclusive interval; no sum-of-percentiles total
logistic_motion_forest_anomaly,warmup,valid_receiver_after_bad_tag,accept,accepted,receiver_window_hmac,19,0.0184,0.021819999999999982,0.027724000000000002,0.0292,19,"Recorded verifier window-tag calculation, not complete authentication.",per-observation exclusive interval; no sum-of-percentiles total
logistic_motion_forest_anomaly,warmup,valid_receiver_after_bad_tag,accept,accepted,reconstruction,19,0.0,0.0,0.0,0.0,0,Actual recorded BCH reconstruction; includes any observer/GC delay.,per-observation exclusive interval; no sum-of-percentiles total
logistic_motion_forest_anomaly,warmup,valid_receiver_after_bad_tag,accept,accepted,release_conversion_unisolated,19,0.626,0.6781799999999999,0.728436,0.741,19,Accepted release remainder including conversion/dispatch/observer work outside consumer children.,per-observation exclusive interval; no sum-of-percentiles total
logistic_motion_forest_anomaly,warmup,valid_receiver_after_bad_tag,accept,accepted,sender_binding_unisolated,19,0.0,0.0,0.0,0.0,0,Sender seal remainder: binding/state/orchestration/observer work not separately timed.,per-observation exclusive interval; no sum-of-percentiles total
logistic_motion_forest_anomaly,warmup,valid_receiver_after_bad_tag,accept,accepted,sender_serialization_and_quality,19,0.0,0.0,0.0,0.0,0,Sender serialization including its quality validation; not separately timed.,per-observation exclusive interval; no sum-of-percentiles total
logistic_motion_forest_anomaly,warmup,valid_receiver_after_bad_tag,accept,accepted,sender_window_hmac,19,0.0,0.0,0.0,0.0,0,Recorded window-tag generation call.,per-observation exclusive interval; no sum-of-percentiles total
logistic_motion_forest_anomaly,warmup,valid_receiver_after_bad_tag,accept,accepted,session_establishment_unisolated,19,0.0,0.0,0.0,0.0,0,"Handshake/request/activation remainder, including unseparated HKDF/confirmation work and observer cost.",per-observation exclusive interval; no sum-of-percentiles total
logistic_motion_forest_anomaly,warmup,valid_receiver_after_bad_tag,accept,accepted,simulated_response_read,19,0.0,0.0,0.0,0.0,0,"Modeled response generation, not physical acquisition.",per-observation exclusive interval; no sum-of-percentiles total
logistic_motion_logistic_anomaly,condition_first_use,bad_tag_receiver,reject,invalid_tag,admission_orchestration_unisolated,1,0.0,0.0,0.0,0.0,0,Admission orchestration remainder not covered by named children.,per-observation exclusive interval; no sum-of-percentiles total
logistic_motion_logistic_anomaly,condition_first_use,bad_tag_receiver,reject,invalid_tag,anomaly_consumer,1,0.0,0.0,0.0,0.0,0,Anomaly consumer including feature scaling and frozen-threshold decision.,per-observation exclusive interval; no sum-of-percentiles total
logistic_motion_logistic_anomaly,condition_first_use,bad_tag_receiver,reject,invalid_tag,binary32_adapter,1,0.0,0.0,0.0,0.0,0,Canonical binary32 input adaptation before sender sealing.,per-observation exclusive interval; no sum-of-percentiles total
logistic_motion_logistic_anomaly,condition_first_use,bad_tag_receiver,reject,invalid_tag,credential_verification,1,0.0,0.0,0.0,0.0,0,Recorded independent credential-verification call(s).,per-observation exclusive interval; no sum-of-percentiles total
logistic_motion_logistic_anomaly,condition_first_use,bad_tag_receiver,reject,invalid_tag,in_memory_audit_measured,1,0.0312,0.0312,0.0312,0.0312,1,"Recorded audit record/prepare/commit spans, exclusive of their children; not all audit-related overhead and not durable storage.",per-observation exclusive interval; no sum-of-percentiles total
logistic_motion_logistic_anomaly,condition_first_use,bad_tag_receiver,reject,invalid_tag,local_admission_checks,1,0.0,0.0,0.0,0.0,0,"Measured local authorization/binding/consumption calls, excluding nested credential verification.",per-observation exclusive interval; no sum-of-percentiles total
logistic_motion_logistic_anomaly,condition_first_use,bad_tag_receiver,reject,invalid_tag,model_input_preprocessing,1,0.0,0.0,0.0,0.0,0,Shared model-input preparation; model-specific normalization remains in consumer timing.,per-observation exclusive interval; no sum-of-percentiles total
logistic_motion_logistic_anomaly,condition_first_use,bad_tag_receiver,reject,invalid_tag,motion_consumer,1,0.0,0.0,0.0,0.0,0,Motion consumer including normalization/tensor preparation/prediction decoding.,per-observation exclusive interval; no sum-of-percentiles total
logistic_motion_logistic_anomaly,condition_first_use,bad_tag_receiver,reject,invalid_tag,outer_orchestration_unisolated,1,0.0102,0.0102,0.0102,0.0102,1,Direct root/first-post-window remainder outside named child spans.,per-observation exclusive interval; no sum-of-percentiles total
logistic_motion_logistic_anomaly,condition_first_use,bad_tag_receiver,reject,invalid_tag,receiver_binding_sequence_state_unisolated,1,0.0792,0.0792,0.0792,0.0792,1,"Verifier remainder including binding, sequence checks, locks/state publication and observer work; NOT isolated sequence latency.",per-observation exclusive interval; no sum-of-percentiles total
logistic_motion_logistic_anomaly,condition_first_use,bad_tag_receiver,reject,invalid_tag,receiver_parsing,1,1.2109,1.2109,1.2109,1.2109,1,Envelope and binary parser call.,per-observation exclusive interval; no sum-of-percentiles total
logistic_motion_logistic_anomaly,condition_first_use,bad_tag_receiver,reject,invalid_tag,receiver_quality_check,1,0.0,0.0,0.0,0.0,0,Verifier quality-check call.,per-observation exclusive interval; no sum-of-percentiles total
logistic_motion_logistic_anomaly,condition_first_use,bad_tag_receiver,reject,invalid_tag,receiver_window_hmac,1,0.0159,0.0159,0.0159,0.0159,1,"Recorded verifier window-tag calculation, not complete authentication.",per-observation exclusive interval; no sum-of-percentiles total
logistic_motion_logistic_anomaly,condition_first_use,bad_tag_receiver,reject,invalid_tag,reconstruction,1,0.0,0.0,0.0,0.0,0,Actual recorded BCH reconstruction; includes any observer/GC delay.,per-observation exclusive interval; no sum-of-percentiles total
logistic_motion_logistic_anomaly,condition_first_use,bad_tag_receiver,reject,invalid_tag,release_conversion_unisolated,1,0.0,0.0,0.0,0.0,0,Accepted release remainder including conversion/dispatch/observer work outside consumer children.,per-observation exclusive interval; no sum-of-percentiles total
logistic_motion_logistic_anomaly,condition_first_use,bad_tag_receiver,reject,invalid_tag,sender_binding_unisolated,1,0.0,0.0,0.0,0.0,0,Sender seal remainder: binding/state/orchestration/observer work not separately timed.,per-observation exclusive interval; no sum-of-percentiles total
logistic_motion_logistic_anomaly,condition_first_use,bad_tag_receiver,reject,invalid_tag,sender_serialization_and_quality,1,0.0,0.0,0.0,0.0,0,Sender serialization including its quality validation; not separately timed.,per-observation exclusive interval; no sum-of-percentiles total
logistic_motion_logistic_anomaly,condition_first_use,bad_tag_receiver,reject,invalid_tag,sender_window_hmac,1,0.0,0.0,0.0,0.0,0,Recorded window-tag generation call.,per-observation exclusive interval; no sum-of-percentiles total
logistic_motion_logistic_anomaly,condition_first_use,bad_tag_receiver,reject,invalid_tag,session_establishment_unisolated,1,0.0,0.0,0.0,0.0,0,"Handshake/request/activation remainder, including unseparated HKDF/confirmation work and observer cost.",per-observation exclusive interval; no sum-of-percentiles total
logistic_motion_logistic_anomaly,condition_first_use,bad_tag_receiver,reject,invalid_tag,simulated_response_read,1,0.0,0.0,0.0,0.0,0,"Modeled response generation, not physical acquisition.",per-observation exclusive interval; no sum-of-percentiles total
logistic_motion_logistic_anomaly,condition_first_use,exact_replay_receiver,reject,duplicate_sequence,admission_orchestration_unisolated,1,0.0,0.0,0.0,0.0,0,Admission orchestration remainder not covered by named children.,per-observation exclusive interval; no sum-of-percentiles total
logistic_motion_logistic_anomaly,condition_first_use,exact_replay_receiver,reject,duplicate_sequence,anomaly_consumer,1,0.0,0.0,0.0,0.0,0,Anomaly consumer including feature scaling and frozen-threshold decision.,per-observation exclusive interval; no sum-of-percentiles total
logistic_motion_logistic_anomaly,condition_first_use,exact_replay_receiver,reject,duplicate_sequence,binary32_adapter,1,0.0,0.0,0.0,0.0,0,Canonical binary32 input adaptation before sender sealing.,per-observation exclusive interval; no sum-of-percentiles total
logistic_motion_logistic_anomaly,condition_first_use,exact_replay_receiver,reject,duplicate_sequence,credential_verification,1,0.0,0.0,0.0,0.0,0,Recorded independent credential-verification call(s).,per-observation exclusive interval; no sum-of-percentiles total
logistic_motion_logistic_anomaly,condition_first_use,exact_replay_receiver,reject,duplicate_sequence,in_memory_audit_measured,1,0.0461,0.0461,0.0461,0.0461,1,"Recorded audit record/prepare/commit spans, exclusive of their children; not all audit-related overhead and not durable storage.",per-observation exclusive interval; no sum-of-percentiles total
logistic_motion_logistic_anomaly,condition_first_use,exact_replay_receiver,reject,duplicate_sequence,local_admission_checks,1,0.0,0.0,0.0,0.0,0,"Measured local authorization/binding/consumption calls, excluding nested credential verification.",per-observation exclusive interval; no sum-of-percentiles total
logistic_motion_logistic_anomaly,condition_first_use,exact_replay_receiver,reject,duplicate_sequence,model_input_preprocessing,1,0.0,0.0,0.0,0.0,0,Shared model-input preparation; model-specific normalization remains in consumer timing.,per-observation exclusive interval; no sum-of-percentiles total
logistic_motion_logistic_anomaly,condition_first_use,exact_replay_receiver,reject,duplicate_sequence,motion_consumer,1,0.0,0.0,0.0,0.0,0,Motion consumer including normalization/tensor preparation/prediction decoding.,per-observation exclusive interval; no sum-of-percentiles total
logistic_motion_logistic_anomaly,condition_first_use,exact_replay_receiver,reject,duplicate_sequence,outer_orchestration_unisolated,1,0.0122,0.0122,0.0122,0.0122,1,Direct root/first-post-window remainder outside named child spans.,per-observation exclusive interval; no sum-of-percentiles total
logistic_motion_logistic_anomaly,condition_first_use,exact_replay_receiver,reject,duplicate_sequence,receiver_binding_sequence_state_unisolated,1,0.1312,0.1312,0.1312,0.1312,1,"Verifier remainder including binding, sequence checks, locks/state publication and observer work; NOT isolated sequence latency.",per-observation exclusive interval; no sum-of-percentiles total
logistic_motion_logistic_anomaly,condition_first_use,exact_replay_receiver,reject,duplicate_sequence,receiver_parsing,1,1.4107,1.4107,1.4107,1.4107,1,Envelope and binary parser call.,per-observation exclusive interval; no sum-of-percentiles total
logistic_motion_logistic_anomaly,condition_first_use,exact_replay_receiver,reject,duplicate_sequence,receiver_quality_check,1,5.2822,5.2822,5.2822,5.2822,1,Verifier quality-check call.,per-observation exclusive interval; no sum-of-percentiles total
logistic_motion_logistic_anomaly,condition_first_use,exact_replay_receiver,reject,duplicate_sequence,receiver_window_hmac,1,0.0193,0.0193,0.0193,0.0193,1,"Recorded verifier window-tag calculation, not complete authentication.",per-observation exclusive interval; no sum-of-percentiles total
logistic_motion_logistic_anomaly,condition_first_use,exact_replay_receiver,reject,duplicate_sequence,reconstruction,1,0.0,0.0,0.0,0.0,0,Actual recorded BCH reconstruction; includes any observer/GC delay.,per-observation exclusive interval; no sum-of-percentiles total
logistic_motion_logistic_anomaly,condition_first_use,exact_replay_receiver,reject,duplicate_sequence,release_conversion_unisolated,1,0.0,0.0,0.0,0.0,0,Accepted release remainder including conversion/dispatch/observer work outside consumer children.,per-observation exclusive interval; no sum-of-percentiles total
logistic_motion_logistic_anomaly,condition_first_use,exact_replay_receiver,reject,duplicate_sequence,sender_binding_unisolated,1,0.0,0.0,0.0,0.0,0,Sender seal remainder: binding/state/orchestration/observer work not separately timed.,per-observation exclusive interval; no sum-of-percentiles total
logistic_motion_logistic_anomaly,condition_first_use,exact_replay_receiver,reject,duplicate_sequence,sender_serialization_and_quality,1,0.0,0.0,0.0,0.0,0,Sender serialization including its quality validation; not separately timed.,per-observation exclusive interval; no sum-of-percentiles total
logistic_motion_logistic_anomaly,condition_first_use,exact_replay_receiver,reject,duplicate_sequence,sender_window_hmac,1,0.0,0.0,0.0,0.0,0,Recorded window-tag generation call.,per-observation exclusive interval; no sum-of-percentiles total
logistic_motion_logistic_anomaly,condition_first_use,exact_replay_receiver,reject,duplicate_sequence,session_establishment_unisolated,1,0.0,0.0,0.0,0.0,0,"Handshake/request/activation remainder, including unseparated HKDF/confirmation work and observer cost.",per-observation exclusive interval; no sum-of-percentiles total
logistic_motion_logistic_anomaly,condition_first_use,exact_replay_receiver,reject,duplicate_sequence,simulated_response_read,1,0.0,0.0,0.0,0.0,0,"Modeled response generation, not physical acquisition.",per-observation exclusive interval; no sum-of-percentiles total
logistic_motion_logistic_anomaly,condition_first_use,fresh_to_first_window,accept,accepted,admission_orchestration_unisolated,1,0.0483,0.0483,0.0483,0.0483,1,Admission orchestration remainder not covered by named children.,per-observation exclusive interval; no sum-of-percentiles total
logistic_motion_logistic_anomaly,condition_first_use,fresh_to_first_window,accept,accepted,anomaly_consumer,1,0.4295,0.4295,0.4295,0.4295,1,Anomaly consumer including feature scaling and frozen-threshold decision.,per-observation exclusive interval; no sum-of-percentiles total
logistic_motion_logistic_anomaly,condition_first_use,fresh_to_first_window,accept,accepted,binary32_adapter,1,0.9293,0.9293,0.9293,0.9293,1,Canonical binary32 input adaptation before sender sealing.,per-observation exclusive interval; no sum-of-percentiles total
logistic_motion_logistic_anomaly,condition_first_use,fresh_to_first_window,accept,accepted,credential_verification,1,0.0665,0.0665,0.0665,0.0665,1,Recorded independent credential-verification call(s).,per-observation exclusive interval; no sum-of-percentiles total
logistic_motion_logistic_anomaly,condition_first_use,fresh_to_first_window,accept,accepted,in_memory_audit_measured,1,0.1898,0.1898,0.1898,0.1898,1,"Recorded audit record/prepare/commit spans, exclusive of their children; not all audit-related overhead and not durable storage.",per-observation exclusive interval; no sum-of-percentiles total
logistic_motion_logistic_anomaly,condition_first_use,fresh_to_first_window,accept,accepted,local_admission_checks,1,0.0616,0.0616,0.0616,0.0616,1,"Measured local authorization/binding/consumption calls, excluding nested credential verification.",per-observation exclusive interval; no sum-of-percentiles total
logistic_motion_logistic_anomaly,condition_first_use,fresh_to_first_window,accept,accepted,model_input_preprocessing,1,3.6907,3.6907,3.6907,3.6907,1,Shared model-input preparation; model-specific normalization remains in consumer timing.,per-observation exclusive interval; no sum-of-percentiles total
logistic_motion_logistic_anomaly,condition_first_use,fresh_to_first_window,accept,accepted,motion_consumer,1,5.0487,5.0487,5.0487,5.0487,1,Motion consumer including normalization/tensor preparation/prediction decoding.,per-observation exclusive interval; no sum-of-percentiles total
logistic_motion_logistic_anomaly,condition_first_use,fresh_to_first_window,accept,accepted,outer_orchestration_unisolated,1,0.1177,0.1177,0.1177,0.1177,1,Direct root/first-post-window remainder outside named child spans.,per-observation exclusive interval; no sum-of-percentiles total
logistic_motion_logistic_anomaly,condition_first_use,fresh_to_first_window,accept,accepted,receiver_binding_sequence_state_unisolated,1,0.1259,0.1259,0.1259,0.1259,1,"Verifier remainder including binding, sequence checks, locks/state publication and observer work; NOT isolated sequence latency.",per-observation exclusive interval; no sum-of-percentiles total
logistic_motion_logistic_anomaly,condition_first_use,fresh_to_first_window,accept,accepted,receiver_parsing,1,3.5097,3.5097,3.5097,3.5097,1,Envelope and binary parser call.,per-observation exclusive interval; no sum-of-percentiles total
logistic_motion_logistic_anomaly,condition_first_use,fresh_to_first_window,accept,accepted,receiver_quality_check,1,4.3342,4.3342,4.3342,4.3342,1,Verifier quality-check call.,per-observation exclusive interval; no sum-of-percentiles total
logistic_motion_logistic_anomaly,condition_first_use,fresh_to_first_window,accept,accepted,receiver_window_hmac,1,0.0278,0.0278,0.0278,0.0278,1,"Recorded verifier window-tag calculation, not complete authentication.",per-observation exclusive interval; no sum-of-percentiles total
logistic_motion_logistic_anomaly,condition_first_use,fresh_to_first_window,accept,accepted,reconstruction,1,2704.7969,2704.7969,2704.7969,2704.7969,1,Actual recorded BCH reconstruction; includes any observer/GC delay.,per-observation exclusive interval; no sum-of-percentiles total
logistic_motion_logistic_anomaly,condition_first_use,fresh_to_first_window,accept,accepted,release_conversion_unisolated,1,0.6204,0.6204,0.6204,0.6204,1,Accepted release remainder including conversion/dispatch/observer work outside consumer children.,per-observation exclusive interval; no sum-of-percentiles total
logistic_motion_logistic_anomaly,condition_first_use,fresh_to_first_window,accept,accepted,sender_binding_unisolated,1,0.1432,0.1432,0.1432,0.1432,1,Sender seal remainder: binding/state/orchestration/observer work not separately timed.,per-observation exclusive interval; no sum-of-percentiles total
logistic_motion_logistic_anomaly,condition_first_use,fresh_to_first_window,accept,accepted,sender_serialization_and_quality,1,4.5801,4.5801,4.5801,4.5801,1,Sender serialization including its quality validation; not separately timed.,per-observation exclusive interval; no sum-of-percentiles total
logistic_motion_logistic_anomaly,condition_first_use,fresh_to_first_window,accept,accepted,sender_window_hmac,1,0.0222,0.0222,0.0222,0.0222,1,Recorded window-tag generation call.,per-observation exclusive interval; no sum-of-percentiles total
logistic_motion_logistic_anomaly,condition_first_use,fresh_to_first_window,accept,accepted,session_establishment_unisolated,1,0.4457,0.4457,0.4457,0.4457,1,"Handshake/request/activation remainder, including unseparated HKDF/confirmation work and observer cost.",per-observation exclusive interval; no sum-of-percentiles total
logistic_motion_logistic_anomaly,condition_first_use,fresh_to_first_window,accept,accepted,simulated_response_read,1,0.1327,0.1327,0.1327,0.1327,1,"Modeled response generation, not physical acquisition.",per-observation exclusive interval; no sum-of-percentiles total
logistic_motion_logistic_anomaly,condition_first_use,malformed_json_receiver,reject,malformed_message,admission_orchestration_unisolated,1,0.0,0.0,0.0,0.0,0,Admission orchestration remainder not covered by named children.,per-observation exclusive interval; no sum-of-percentiles total
logistic_motion_logistic_anomaly,condition_first_use,malformed_json_receiver,reject,malformed_message,anomaly_consumer,1,0.0,0.0,0.0,0.0,0,Anomaly consumer including feature scaling and frozen-threshold decision.,per-observation exclusive interval; no sum-of-percentiles total
logistic_motion_logistic_anomaly,condition_first_use,malformed_json_receiver,reject,malformed_message,binary32_adapter,1,0.0,0.0,0.0,0.0,0,Canonical binary32 input adaptation before sender sealing.,per-observation exclusive interval; no sum-of-percentiles total
logistic_motion_logistic_anomaly,condition_first_use,malformed_json_receiver,reject,malformed_message,credential_verification,1,0.0,0.0,0.0,0.0,0,Recorded independent credential-verification call(s).,per-observation exclusive interval; no sum-of-percentiles total
logistic_motion_logistic_anomaly,condition_first_use,malformed_json_receiver,reject,malformed_message,in_memory_audit_measured,1,0.0593,0.0593,0.0593,0.0593,1,"Recorded audit record/prepare/commit spans, exclusive of their children; not all audit-related overhead and not durable storage.",per-observation exclusive interval; no sum-of-percentiles total
logistic_motion_logistic_anomaly,condition_first_use,malformed_json_receiver,reject,malformed_message,local_admission_checks,1,0.0,0.0,0.0,0.0,0,"Measured local authorization/binding/consumption calls, excluding nested credential verification.",per-observation exclusive interval; no sum-of-percentiles total
logistic_motion_logistic_anomaly,condition_first_use,malformed_json_receiver,reject,malformed_message,model_input_preprocessing,1,0.0,0.0,0.0,0.0,0,Shared model-input preparation; model-specific normalization remains in consumer timing.,per-observation exclusive interval; no sum-of-percentiles total
logistic_motion_logistic_anomaly,condition_first_use,malformed_json_receiver,reject,malformed_message,motion_consumer,1,0.0,0.0,0.0,0.0,0,Motion consumer including normalization/tensor preparation/prediction decoding.,per-observation exclusive interval; no sum-of-percentiles total
logistic_motion_logistic_anomaly,condition_first_use,malformed_json_receiver,reject,malformed_message,outer_orchestration_unisolated,1,0.0215,0.0215,0.0215,0.0215,1,Direct root/first-post-window remainder outside named child spans.,per-observation exclusive interval; no sum-of-percentiles total
logistic_motion_logistic_anomaly,condition_first_use,malformed_json_receiver,reject,malformed_message,receiver_binding_sequence_state_unisolated,1,0.0571,0.0571,0.0571,0.0571,1,"Verifier remainder including binding, sequence checks, locks/state publication and observer work; NOT isolated sequence latency.",per-observation exclusive interval; no sum-of-percentiles total
logistic_motion_logistic_anomaly,condition_first_use,malformed_json_receiver,reject,malformed_message,receiver_parsing,1,0.0411,0.0411,0.0411,0.0411,1,Envelope and binary parser call.,per-observation exclusive interval; no sum-of-percentiles total
logistic_motion_logistic_anomaly,condition_first_use,malformed_json_receiver,reject,malformed_message,receiver_quality_check,1,0.0,0.0,0.0,0.0,0,Verifier quality-check call.,per-observation exclusive interval; no sum-of-percentiles total
logistic_motion_logistic_anomaly,condition_first_use,malformed_json_receiver,reject,malformed_message,receiver_window_hmac,1,0.0,0.0,0.0,0.0,0,"Recorded verifier window-tag calculation, not complete authentication.",per-observation exclusive interval; no sum-of-percentiles total
logistic_motion_logistic_anomaly,condition_first_use,malformed_json_receiver,reject,malformed_message,reconstruction,1,0.0,0.0,0.0,0.0,0,Actual recorded BCH reconstruction; includes any observer/GC delay.,per-observation exclusive interval; no sum-of-percentiles total
logistic_motion_logistic_anomaly,condition_first_use,malformed_json_receiver,reject,malformed_message,release_conversion_unisolated,1,0.0,0.0,0.0,0.0,0,Accepted release remainder including conversion/dispatch/observer work outside consumer children.,per-observation exclusive interval; no sum-of-percentiles total
logistic_motion_logistic_anomaly,condition_first_use,malformed_json_receiver,reject,malformed_message,sender_binding_unisolated,1,0.0,0.0,0.0,0.0,0,Sender seal remainder: binding/state/orchestration/observer work not separately timed.,per-observation exclusive interval; no sum-of-percentiles total
logistic_motion_logistic_anomaly,condition_first_use,malformed_json_receiver,reject,malformed_message,sender_serialization_and_quality,1,0.0,0.0,0.0,0.0,0,Sender serialization including its quality validation; not separately timed.,per-observation exclusive interval; no sum-of-percentiles total
logistic_motion_logistic_anomaly,condition_first_use,malformed_json_receiver,reject,malformed_message,sender_window_hmac,1,0.0,0.0,0.0,0.0,0,Recorded window-tag generation call.,per-observation exclusive interval; no sum-of-percentiles total
logistic_motion_logistic_anomaly,condition_first_use,malformed_json_receiver,reject,malformed_message,session_establishment_unisolated,1,0.0,0.0,0.0,0.0,0,"Handshake/request/activation remainder, including unseparated HKDF/confirmation work and observer cost.",per-observation exclusive interval; no sum-of-percentiles total
logistic_motion_logistic_anomaly,condition_first_use,malformed_json_receiver,reject,malformed_message,simulated_response_read,1,0.0,0.0,0.0,0.0,0,"Modeled response generation, not physical acquisition.",per-observation exclusive interval; no sum-of-percentiles total
logistic_motion_logistic_anomaly,condition_first_use,post_window_after_refusals,accept,accepted,admission_orchestration_unisolated,1,0.0,0.0,0.0,0.0,0,Admission orchestration remainder not covered by named children.,per-observation exclusive interval; no sum-of-percentiles total
logistic_motion_logistic_anomaly,condition_first_use,post_window_after_refusals,accept,accepted,anomaly_consumer,1,0.3708,0.3708,0.3708,0.3708,1,Anomaly consumer including feature scaling and frozen-threshold decision.,per-observation exclusive interval; no sum-of-percentiles total
logistic_motion_logistic_anomaly,condition_first_use,post_window_after_refusals,accept,accepted,binary32_adapter,1,1.6447,1.6447,1.6447,1.6447,1,Canonical binary32 input adaptation before sender sealing.,per-observation exclusive interval; no sum-of-percentiles total
logistic_motion_logistic_anomaly,condition_first_use,post_window_after_refusals,accept,accepted,credential_verification,1,0.0,0.0,0.0,0.0,0,Recorded independent credential-verification call(s).,per-observation exclusive interval; no sum-of-percentiles total
logistic_motion_logistic_anomaly,condition_first_use,post_window_after_refusals,accept,accepted,in_memory_audit_measured,1,0.0612,0.0612,0.0612,0.0612,1,"Recorded audit record/prepare/commit spans, exclusive of their children; not all audit-related overhead and not durable storage.",per-observation exclusive interval; no sum-of-percentiles total
logistic_motion_logistic_anomaly,condition_first_use,post_window_after_refusals,accept,accepted,local_admission_checks,1,0.0,0.0,0.0,0.0,0,"Measured local authorization/binding/consumption calls, excluding nested credential verification.",per-observation exclusive interval; no sum-of-percentiles total
logistic_motion_logistic_anomaly,condition_first_use,post_window_after_refusals,accept,accepted,model_input_preprocessing,1,3.0909,3.0909,3.0909,3.0909,1,Shared model-input preparation; model-specific normalization remains in consumer timing.,per-observation exclusive interval; no sum-of-percentiles total
logistic_motion_logistic_anomaly,condition_first_use,post_window_after_refusals,accept,accepted,motion_consumer,1,0.4352,0.4352,0.4352,0.4352,1,Motion consumer including normalization/tensor preparation/prediction decoding.,per-observation exclusive interval; no sum-of-percentiles total
logistic_motion_logistic_anomaly,condition_first_use,post_window_after_refusals,accept,accepted,outer_orchestration_unisolated,1,0.0558,0.0558,0.0558,0.0558,1,Direct root/first-post-window remainder outside named child spans.,per-observation exclusive interval; no sum-of-percentiles total
logistic_motion_logistic_anomaly,condition_first_use,post_window_after_refusals,accept,accepted,receiver_binding_sequence_state_unisolated,1,0.0656,0.0656,0.0656,0.0656,1,"Verifier remainder including binding, sequence checks, locks/state publication and observer work; NOT isolated sequence latency.",per-observation exclusive interval; no sum-of-percentiles total
logistic_motion_logistic_anomaly,condition_first_use,post_window_after_refusals,accept,accepted,receiver_parsing,1,1.2024,1.2024,1.2024,1.2024,1,Envelope and binary parser call.,per-observation exclusive interval; no sum-of-percentiles total
logistic_motion_logistic_anomaly,condition_first_use,post_window_after_refusals,accept,accepted,receiver_quality_check,1,4.1595,4.1595,4.1595,4.1595,1,Verifier quality-check call.,per-observation exclusive interval; no sum-of-percentiles total
logistic_motion_logistic_anomaly,condition_first_use,post_window_after_refusals,accept,accepted,receiver_window_hmac,1,0.0142,0.0142,0.0142,0.0142,1,"Recorded verifier window-tag calculation, not complete authentication.",per-observation exclusive interval; no sum-of-percentiles total
logistic_motion_logistic_anomaly,condition_first_use,post_window_after_refusals,accept,accepted,reconstruction,1,0.0,0.0,0.0,0.0,0,Actual recorded BCH reconstruction; includes any observer/GC delay.,per-observation exclusive interval; no sum-of-percentiles total
logistic_motion_logistic_anomaly,condition_first_use,post_window_after_refusals,accept,accepted,release_conversion_unisolated,1,0.4642,0.4642,0.4642,0.4642,1,Accepted release remainder including conversion/dispatch/observer work outside consumer children.,per-observation exclusive interval; no sum-of-percentiles total
logistic_motion_logistic_anomaly,condition_first_use,post_window_after_refusals,accept,accepted,sender_binding_unisolated,1,0.1071,0.1071,0.1071,0.1071,1,Sender seal remainder: binding/state/orchestration/observer work not separately timed.,per-observation exclusive interval; no sum-of-percentiles total
logistic_motion_logistic_anomaly,condition_first_use,post_window_after_refusals,accept,accepted,sender_serialization_and_quality,1,7.2981,7.2981,7.2981,7.2981,1,Sender serialization including its quality validation; not separately timed.,per-observation exclusive interval; no sum-of-percentiles total
logistic_motion_logistic_anomaly,condition_first_use,post_window_after_refusals,accept,accepted,sender_window_hmac,1,0.0171,0.0171,0.0171,0.0171,1,Recorded window-tag generation call.,per-observation exclusive interval; no sum-of-percentiles total
logistic_motion_logistic_anomaly,condition_first_use,post_window_after_refusals,accept,accepted,session_establishment_unisolated,1,0.0,0.0,0.0,0.0,0,"Handshake/request/activation remainder, including unseparated HKDF/confirmation work and observer cost.",per-observation exclusive interval; no sum-of-percentiles total
logistic_motion_logistic_anomaly,condition_first_use,post_window_after_refusals,accept,accepted,simulated_response_read,1,0.0,0.0,0.0,0.0,0,"Modeled response generation, not physical acquisition.",per-observation exclusive interval; no sum-of-percentiles total
logistic_motion_logistic_anomaly,condition_first_use,post_window_recurring,accept,accepted,admission_orchestration_unisolated,1,0.0,0.0,0.0,0.0,0,Admission orchestration remainder not covered by named children.,per-observation exclusive interval; no sum-of-percentiles total
logistic_motion_logistic_anomaly,condition_first_use,post_window_recurring,accept,accepted,anomaly_consumer,1,0.5743,0.5743,0.5743,0.5743,1,Anomaly consumer including feature scaling and frozen-threshold decision.,per-observation exclusive interval; no sum-of-percentiles total
logistic_motion_logistic_anomaly,condition_first_use,post_window_recurring,accept,accepted,binary32_adapter,1,1.1743,1.1743,1.1743,1.1743,1,Canonical binary32 input adaptation before sender sealing.,per-observation exclusive interval; no sum-of-percentiles total
logistic_motion_logistic_anomaly,condition_first_use,post_window_recurring,accept,accepted,credential_verification,1,0.0,0.0,0.0,0.0,0,Recorded independent credential-verification call(s).,per-observation exclusive interval; no sum-of-percentiles total
logistic_motion_logistic_anomaly,condition_first_use,post_window_recurring,accept,accepted,in_memory_audit_measured,1,0.1339,0.1339,0.1339,0.1339,1,"Recorded audit record/prepare/commit spans, exclusive of their children; not all audit-related overhead and not durable storage.",per-observation exclusive interval; no sum-of-percentiles total
logistic_motion_logistic_anomaly,condition_first_use,post_window_recurring,accept,accepted,local_admission_checks,1,0.0,0.0,0.0,0.0,0,"Measured local authorization/binding/consumption calls, excluding nested credential verification.",per-observation exclusive interval; no sum-of-percentiles total
logistic_motion_logistic_anomaly,condition_first_use,post_window_recurring,accept,accepted,model_input_preprocessing,1,3.5052,3.5052,3.5052,3.5052,1,Shared model-input preparation; model-specific normalization remains in consumer timing.,per-observation exclusive interval; no sum-of-percentiles total
logistic_motion_logistic_anomaly,condition_first_use,post_window_recurring,accept,accepted,motion_consumer,1,0.4246,0.4246,0.4246,0.4246,1,Motion consumer including normalization/tensor preparation/prediction decoding.,per-observation exclusive interval; no sum-of-percentiles total
logistic_motion_logistic_anomaly,condition_first_use,post_window_recurring,accept,accepted,outer_orchestration_unisolated,1,0.0949,0.0949,0.0949,0.0949,1,Direct root/first-post-window remainder outside named child spans.,per-observation exclusive interval; no sum-of-percentiles total
logistic_motion_logistic_anomaly,condition_first_use,post_window_recurring,accept,accepted,receiver_binding_sequence_state_unisolated,1,0.1279,0.1279,0.1279,0.1279,1,"Verifier remainder including binding, sequence checks, locks/state publication and observer work; NOT isolated sequence latency.",per-observation exclusive interval; no sum-of-percentiles total
logistic_motion_logistic_anomaly,condition_first_use,post_window_recurring,accept,accepted,receiver_parsing,1,2.1161,2.1161,2.1161,2.1161,1,Envelope and binary parser call.,per-observation exclusive interval; no sum-of-percentiles total
logistic_motion_logistic_anomaly,condition_first_use,post_window_recurring,accept,accepted,receiver_quality_check,1,6.2342,6.2342,6.2342,6.2342,1,Verifier quality-check call.,per-observation exclusive interval; no sum-of-percentiles total
logistic_motion_logistic_anomaly,condition_first_use,post_window_recurring,accept,accepted,receiver_window_hmac,1,0.0262,0.0262,0.0262,0.0262,1,"Recorded verifier window-tag calculation, not complete authentication.",per-observation exclusive interval; no sum-of-percentiles total
logistic_motion_logistic_anomaly,condition_first_use,post_window_recurring,accept,accepted,reconstruction,1,0.0,0.0,0.0,0.0,0,Actual recorded BCH reconstruction; includes any observer/GC delay.,per-observation exclusive interval; no sum-of-percentiles total
logistic_motion_logistic_anomaly,condition_first_use,post_window_recurring,accept,accepted,release_conversion_unisolated,1,0.6704,0.6704,0.6704,0.6704,1,Accepted release remainder including conversion/dispatch/observer work outside consumer children.,per-observation exclusive interval; no sum-of-percentiles total
logistic_motion_logistic_anomaly,condition_first_use,post_window_recurring,accept,accepted,sender_binding_unisolated,1,0.225,0.225,0.225,0.225,1,Sender seal remainder: binding/state/orchestration/observer work not separately timed.,per-observation exclusive interval; no sum-of-percentiles total
logistic_motion_logistic_anomaly,condition_first_use,post_window_recurring,accept,accepted,sender_serialization_and_quality,1,6.4991,6.4991,6.4991,6.4991,1,Sender serialization including its quality validation; not separately timed.,per-observation exclusive interval; no sum-of-percentiles total
logistic_motion_logistic_anomaly,condition_first_use,post_window_recurring,accept,accepted,sender_window_hmac,1,0.0502,0.0502,0.0502,0.0502,1,Recorded window-tag generation call.,per-observation exclusive interval; no sum-of-percentiles total
logistic_motion_logistic_anomaly,condition_first_use,post_window_recurring,accept,accepted,session_establishment_unisolated,1,0.0,0.0,0.0,0.0,0,"Handshake/request/activation remainder, including unseparated HKDF/confirmation work and observer cost.",per-observation exclusive interval; no sum-of-percentiles total
logistic_motion_logistic_anomaly,condition_first_use,post_window_recurring,accept,accepted,simulated_response_read,1,0.0,0.0,0.0,0.0,0,"Modeled response generation, not physical acquisition.",per-observation exclusive interval; no sum-of-percentiles total
logistic_motion_logistic_anomaly,condition_first_use,pre_tag_quality_refusal,reject,data_quality_failure,admission_orchestration_unisolated,1,0.0,0.0,0.0,0.0,0,Admission orchestration remainder not covered by named children.,per-observation exclusive interval; no sum-of-percentiles total
logistic_motion_logistic_anomaly,condition_first_use,pre_tag_quality_refusal,reject,data_quality_failure,anomaly_consumer,1,0.0,0.0,0.0,0.0,0,Anomaly consumer including feature scaling and frozen-threshold decision.,per-observation exclusive interval; no sum-of-percentiles total
logistic_motion_logistic_anomaly,condition_first_use,pre_tag_quality_refusal,reject,data_quality_failure,binary32_adapter,1,1.5856,1.5856,1.5856,1.5856,1,Canonical binary32 input adaptation before sender sealing.,per-observation exclusive interval; no sum-of-percentiles total
logistic_motion_logistic_anomaly,condition_first_use,pre_tag_quality_refusal,reject,data_quality_failure,credential_verification,1,0.0,0.0,0.0,0.0,0,Recorded independent credential-verification call(s).,per-observation exclusive interval; no sum-of-percentiles total
logistic_motion_logistic_anomaly,condition_first_use,pre_tag_quality_refusal,reject,data_quality_failure,in_memory_audit_measured,1,0.0632,0.0632,0.0632,0.0632,1,"Recorded audit record/prepare/commit spans, exclusive of their children; not all audit-related overhead and not durable storage.",per-observation exclusive interval; no sum-of-percentiles total
logistic_motion_logistic_anomaly,condition_first_use,pre_tag_quality_refusal,reject,data_quality_failure,local_admission_checks,1,0.0,0.0,0.0,0.0,0,"Measured local authorization/binding/consumption calls, excluding nested credential verification.",per-observation exclusive interval; no sum-of-percentiles total
logistic_motion_logistic_anomaly,condition_first_use,pre_tag_quality_refusal,reject,data_quality_failure,model_input_preprocessing,1,0.0,0.0,0.0,0.0,0,Shared model-input preparation; model-specific normalization remains in consumer timing.,per-observation exclusive interval; no sum-of-percentiles total
logistic_motion_logistic_anomaly,condition_first_use,pre_tag_quality_refusal,reject,data_quality_failure,motion_consumer,1,0.0,0.0,0.0,0.0,0,Motion consumer including normalization/tensor preparation/prediction decoding.,per-observation exclusive interval; no sum-of-percentiles total
logistic_motion_logistic_anomaly,condition_first_use,pre_tag_quality_refusal,reject,data_quality_failure,outer_orchestration_unisolated,1,0.0624,0.0624,0.0624,0.0624,1,Direct root/first-post-window remainder outside named child spans.,per-observation exclusive interval; no sum-of-percentiles total
logistic_motion_logistic_anomaly,condition_first_use,pre_tag_quality_refusal,reject,data_quality_failure,receiver_binding_sequence_state_unisolated,1,0.0,0.0,0.0,0.0,0,"Verifier remainder including binding, sequence checks, locks/state publication and observer work; NOT isolated sequence latency.",per-observation exclusive interval; no sum-of-percentiles total
logistic_motion_logistic_anomaly,condition_first_use,pre_tag_quality_refusal,reject,data_quality_failure,receiver_parsing,1,0.0,0.0,0.0,0.0,0,Envelope and binary parser call.,per-observation exclusive interval; no sum-of-percentiles total
logistic_motion_logistic_anomaly,condition_first_use,pre_tag_quality_refusal,reject,data_quality_failure,receiver_quality_check,1,0.0,0.0,0.0,0.0,0,Verifier quality-check call.,per-observation exclusive interval; no sum-of-percentiles total
logistic_motion_logistic_anomaly,condition_first_use,pre_tag_quality_refusal,reject,data_quality_failure,receiver_window_hmac,1,0.0,0.0,0.0,0.0,0,"Recorded verifier window-tag calculation, not complete authentication.",per-observation exclusive interval; no sum-of-percentiles total
logistic_motion_logistic_anomaly,condition_first_use,pre_tag_quality_refusal,reject,data_quality_failure,reconstruction,1,0.0,0.0,0.0,0.0,0,Actual recorded BCH reconstruction; includes any observer/GC delay.,per-observation exclusive interval; no sum-of-percentiles total
logistic_motion_logistic_anomaly,condition_first_use,pre_tag_quality_refusal,reject,data_quality_failure,release_conversion_unisolated,1,0.0,0.0,0.0,0.0,0,Accepted release remainder including conversion/dispatch/observer work outside consumer children.,per-observation exclusive interval; no sum-of-percentiles total
logistic_motion_logistic_anomaly,condition_first_use,pre_tag_quality_refusal,reject,data_quality_failure,sender_binding_unisolated,1,0.0938,0.0938,0.0938,0.0938,1,Sender seal remainder: binding/state/orchestration/observer work not separately timed.,per-observation exclusive interval; no sum-of-percentiles total
logistic_motion_logistic_anomaly,condition_first_use,pre_tag_quality_refusal,reject,data_quality_failure,sender_serialization_and_quality,1,0.7021,0.7021,0.7021,0.7021,1,Sender serialization including its quality validation; not separately timed.,per-observation exclusive interval; no sum-of-percentiles total
logistic_motion_logistic_anomaly,condition_first_use,pre_tag_quality_refusal,reject,data_quality_failure,sender_window_hmac,1,0.0,0.0,0.0,0.0,0,Recorded window-tag generation call.,per-observation exclusive interval; no sum-of-percentiles total
logistic_motion_logistic_anomaly,condition_first_use,pre_tag_quality_refusal,reject,data_quality_failure,session_establishment_unisolated,1,0.0,0.0,0.0,0.0,0,"Handshake/request/activation remainder, including unseparated HKDF/confirmation work and observer cost.",per-observation exclusive interval; no sum-of-percentiles total
logistic_motion_logistic_anomaly,condition_first_use,pre_tag_quality_refusal,reject,data_quality_failure,simulated_response_read,1,0.0,0.0,0.0,0.0,0,"Modeled response generation, not physical acquisition.",per-observation exclusive interval; no sum-of-percentiles total
logistic_motion_logistic_anomaly,condition_first_use,valid_receiver_after_bad_tag,accept,accepted,admission_orchestration_unisolated,1,0.0,0.0,0.0,0.0,0,Admission orchestration remainder not covered by named children.,per-observation exclusive interval; no sum-of-percentiles total
logistic_motion_logistic_anomaly,condition_first_use,valid_receiver_after_bad_tag,accept,accepted,anomaly_consumer,1,0.3346,0.3346,0.3346,0.3346,1,Anomaly consumer including feature scaling and frozen-threshold decision.,per-observation exclusive interval; no sum-of-percentiles total
logistic_motion_logistic_anomaly,condition_first_use,valid_receiver_after_bad_tag,accept,accepted,binary32_adapter,1,0.0,0.0,0.0,0.0,0,Canonical binary32 input adaptation before sender sealing.,per-observation exclusive interval; no sum-of-percentiles total
logistic_motion_logistic_anomaly,condition_first_use,valid_receiver_after_bad_tag,accept,accepted,credential_verification,1,0.0,0.0,0.0,0.0,0,Recorded independent credential-verification call(s).,per-observation exclusive interval; no sum-of-percentiles total
logistic_motion_logistic_anomaly,condition_first_use,valid_receiver_after_bad_tag,accept,accepted,in_memory_audit_measured,1,0.0398,0.0398,0.0398,0.0398,1,"Recorded audit record/prepare/commit spans, exclusive of their children; not all audit-related overhead and not durable storage.",per-observation exclusive interval; no sum-of-percentiles total
logistic_motion_logistic_anomaly,condition_first_use,valid_receiver_after_bad_tag,accept,accepted,local_admission_checks,1,0.0,0.0,0.0,0.0,0,"Measured local authorization/binding/consumption calls, excluding nested credential verification.",per-observation exclusive interval; no sum-of-percentiles total
logistic_motion_logistic_anomaly,condition_first_use,valid_receiver_after_bad_tag,accept,accepted,model_input_preprocessing,1,3.1797,3.1797,3.1797,3.1797,1,Shared model-input preparation; model-specific normalization remains in consumer timing.,per-observation exclusive interval; no sum-of-percentiles total
logistic_motion_logistic_anomaly,condition_first_use,valid_receiver_after_bad_tag,accept,accepted,motion_consumer,1,0.5072,0.5072,0.5072,0.5072,1,Motion consumer including normalization/tensor preparation/prediction decoding.,per-observation exclusive interval; no sum-of-percentiles total
logistic_motion_logistic_anomaly,condition_first_use,valid_receiver_after_bad_tag,accept,accepted,outer_orchestration_unisolated,1,0.0178,0.0178,0.0178,0.0178,1,Direct root/first-post-window remainder outside named child spans.,per-observation exclusive interval; no sum-of-percentiles total
logistic_motion_logistic_anomaly,condition_first_use,valid_receiver_after_bad_tag,accept,accepted,receiver_binding_sequence_state_unisolated,1,0.0919,0.0919,0.0919,0.0919,1,"Verifier remainder including binding, sequence checks, locks/state publication and observer work; NOT isolated sequence latency.",per-observation exclusive interval; no sum-of-percentiles total
logistic_motion_logistic_anomaly,condition_first_use,valid_receiver_after_bad_tag,accept,accepted,receiver_parsing,1,1.2704,1.2704,1.2704,1.2704,1,Envelope and binary parser call.,per-observation exclusive interval; no sum-of-percentiles total
logistic_motion_logistic_anomaly,condition_first_use,valid_receiver_after_bad_tag,accept,accepted,receiver_quality_check,1,4.206,4.206,4.206,4.206,1,Verifier quality-check call.,per-observation exclusive interval; no sum-of-percentiles total
logistic_motion_logistic_anomaly,condition_first_use,valid_receiver_after_bad_tag,accept,accepted,receiver_window_hmac,1,0.019,0.019,0.019,0.019,1,"Recorded verifier window-tag calculation, not complete authentication.",per-observation exclusive interval; no sum-of-percentiles total
logistic_motion_logistic_anomaly,condition_first_use,valid_receiver_after_bad_tag,accept,accepted,reconstruction,1,0.0,0.0,0.0,0.0,0,Actual recorded BCH reconstruction; includes any observer/GC delay.,per-observation exclusive interval; no sum-of-percentiles total
logistic_motion_logistic_anomaly,condition_first_use,valid_receiver_after_bad_tag,accept,accepted,release_conversion_unisolated,1,0.4643,0.4643,0.4643,0.4643,1,Accepted release remainder including conversion/dispatch/observer work outside consumer children.,per-observation exclusive interval; no sum-of-percentiles total
logistic_motion_logistic_anomaly,condition_first_use,valid_receiver_after_bad_tag,accept,accepted,sender_binding_unisolated,1,0.0,0.0,0.0,0.0,0,Sender seal remainder: binding/state/orchestration/observer work not separately timed.,per-observation exclusive interval; no sum-of-percentiles total
logistic_motion_logistic_anomaly,condition_first_use,valid_receiver_after_bad_tag,accept,accepted,sender_serialization_and_quality,1,0.0,0.0,0.0,0.0,0,Sender serialization including its quality validation; not separately timed.,per-observation exclusive interval; no sum-of-percentiles total
logistic_motion_logistic_anomaly,condition_first_use,valid_receiver_after_bad_tag,accept,accepted,sender_window_hmac,1,0.0,0.0,0.0,0.0,0,Recorded window-tag generation call.,per-observation exclusive interval; no sum-of-percentiles total
logistic_motion_logistic_anomaly,condition_first_use,valid_receiver_after_bad_tag,accept,accepted,session_establishment_unisolated,1,0.0,0.0,0.0,0.0,0,"Handshake/request/activation remainder, including unseparated HKDF/confirmation work and observer cost.",per-observation exclusive interval; no sum-of-percentiles total
logistic_motion_logistic_anomaly,condition_first_use,valid_receiver_after_bad_tag,accept,accepted,simulated_response_read,1,0.0,0.0,0.0,0.0,0,"Modeled response generation, not physical acquisition.",per-observation exclusive interval; no sum-of-percentiles total
logistic_motion_logistic_anomaly,measured,bad_tag_receiver,reject,invalid_tag,admission_orchestration_unisolated,599,0.0,0.0,0.0,0.0,0,Admission orchestration remainder not covered by named children.,per-observation exclusive interval; no sum-of-percentiles total
logistic_motion_logistic_anomaly,measured,bad_tag_receiver,reject,invalid_tag,anomaly_consumer,599,0.0,0.0,0.0,0.0,0,Anomaly consumer including feature scaling and frozen-threshold decision.,per-observation exclusive interval; no sum-of-percentiles total
logistic_motion_logistic_anomaly,measured,bad_tag_receiver,reject,invalid_tag,binary32_adapter,599,0.0,0.0,0.0,0.0,0,Canonical binary32 input adaptation before sender sealing.,per-observation exclusive interval; no sum-of-percentiles total
logistic_motion_logistic_anomaly,measured,bad_tag_receiver,reject,invalid_tag,credential_verification,599,0.0,0.0,0.0,0.0,0,Recorded independent credential-verification call(s).,per-observation exclusive interval; no sum-of-percentiles total
logistic_motion_logistic_anomaly,measured,bad_tag_receiver,reject,invalid_tag,in_memory_audit_measured,599,0.0334,0.0575,0.06925599999999994,0.1391,599,"Recorded audit record/prepare/commit spans, exclusive of their children; not all audit-related overhead and not durable storage.",per-observation exclusive interval; no sum-of-percentiles total
logistic_motion_logistic_anomaly,measured,bad_tag_receiver,reject,invalid_tag,local_admission_checks,599,0.0,0.0,0.0,0.0,0,"Measured local authorization/binding/consumption calls, excluding nested credential verification.",per-observation exclusive interval; no sum-of-percentiles total
logistic_motion_logistic_anomaly,measured,bad_tag_receiver,reject,invalid_tag,model_input_preprocessing,599,0.0,0.0,0.0,0.0,0,Shared model-input preparation; model-specific normalization remains in consumer timing.,per-observation exclusive interval; no sum-of-percentiles total
logistic_motion_logistic_anomaly,measured,bad_tag_receiver,reject,invalid_tag,motion_consumer,599,0.0,0.0,0.0,0.0,0,Motion consumer including normalization/tensor preparation/prediction decoding.,per-observation exclusive interval; no sum-of-percentiles total
logistic_motion_logistic_anomaly,measured,bad_tag_receiver,reject,invalid_tag,outer_orchestration_unisolated,599,0.0092,0.015710000000000002,0.0186,0.0215,599,Direct root/first-post-window remainder outside named child spans.,per-observation exclusive interval; no sum-of-percentiles total
logistic_motion_logistic_anomaly,measured,bad_tag_receiver,reject,invalid_tag,receiver_binding_sequence_state_unisolated,599,0.0814,0.14103,0.16332799999999997,0.1843,599,"Verifier remainder including binding, sequence checks, locks/state publication and observer work; NOT isolated sequence latency.",per-observation exclusive interval; no sum-of-percentiles total
logistic_motion_logistic_anomaly,measured,bad_tag_receiver,reject,invalid_tag,receiver_parsing,599,1.4152,2.1999,2.785514,3.0396,599,Envelope and binary parser call.,per-observation exclusive interval; no sum-of-percentiles total
logistic_motion_logistic_anomaly,measured,bad_tag_receiver,reject,invalid_tag,receiver_quality_check,599,0.0,0.0,0.0,0.0,0,Verifier quality-check call.,per-observation exclusive interval; no sum-of-percentiles total
logistic_motion_logistic_anomaly,measured,bad_tag_receiver,reject,invalid_tag,receiver_window_hmac,599,0.0148,0.026610000000000005,0.032203999999999997,0.0891,599,"Recorded verifier window-tag calculation, not complete authentication.",per-observation exclusive interval; no sum-of-percentiles total
logistic_motion_logistic_anomaly,measured,bad_tag_receiver,reject,invalid_tag,reconstruction,599,0.0,0.0,0.0,0.0,0,Actual recorded BCH reconstruction; includes any observer/GC delay.,per-observation exclusive interval; no sum-of-percentiles total
logistic_motion_logistic_anomaly,measured,bad_tag_receiver,reject,invalid_tag,release_conversion_unisolated,599,0.0,0.0,0.0,0.0,0,Accepted release remainder including conversion/dispatch/observer work outside consumer children.,per-observation exclusive interval; no sum-of-percentiles total
logistic_motion_logistic_anomaly,measured,bad_tag_receiver,reject,invalid_tag,sender_binding_unisolated,599,0.0,0.0,0.0,0.0,0,Sender seal remainder: binding/state/orchestration/observer work not separately timed.,per-observation exclusive interval; no sum-of-percentiles total
logistic_motion_logistic_anomaly,measured,bad_tag_receiver,reject,invalid_tag,sender_serialization_and_quality,599,0.0,0.0,0.0,0.0,0,Sender serialization including its quality validation; not separately timed.,per-observation exclusive interval; no sum-of-percentiles total
logistic_motion_logistic_anomaly,measured,bad_tag_receiver,reject,invalid_tag,sender_window_hmac,599,0.0,0.0,0.0,0.0,0,Recorded window-tag generation call.,per-observation exclusive interval; no sum-of-percentiles total
logistic_motion_logistic_anomaly,measured,bad_tag_receiver,reject,invalid_tag,session_establishment_unisolated,599,0.0,0.0,0.0,0.0,0,"Handshake/request/activation remainder, including unseparated HKDF/confirmation work and observer cost.",per-observation exclusive interval; no sum-of-percentiles total
logistic_motion_logistic_anomaly,measured,bad_tag_receiver,reject,invalid_tag,simulated_response_read,599,0.0,0.0,0.0,0.0,0,"Modeled response generation, not physical acquisition.",per-observation exclusive interval; no sum-of-percentiles total
logistic_motion_logistic_anomaly,measured,exact_replay_receiver,reject,duplicate_sequence,admission_orchestration_unisolated,599,0.0,0.0,0.0,0.0,0,Admission orchestration remainder not covered by named children.,per-observation exclusive interval; no sum-of-percentiles total
logistic_motion_logistic_anomaly,measured,exact_replay_receiver,reject,duplicate_sequence,anomaly_consumer,599,0.0,0.0,0.0,0.0,0,Anomaly consumer including feature scaling and frozen-threshold decision.,per-observation exclusive interval; no sum-of-percentiles total
logistic_motion_logistic_anomaly,measured,exact_replay_receiver,reject,duplicate_sequence,binary32_adapter,599,0.0,0.0,0.0,0.0,0,Canonical binary32 input adaptation before sender sealing.,per-observation exclusive interval; no sum-of-percentiles total
logistic_motion_logistic_anomaly,measured,exact_replay_receiver,reject,duplicate_sequence,credential_verification,599,0.0,0.0,0.0,0.0,0,Recorded independent credential-verification call(s).,per-observation exclusive interval; no sum-of-percentiles total
logistic_motion_logistic_anomaly,measured,exact_replay_receiver,reject,duplicate_sequence,in_memory_audit_measured,599,0.0455,0.07117000000000001,0.084902,0.1019,599,"Recorded audit record/prepare/commit spans, exclusive of their children; not all audit-related overhead and not durable storage.",per-observation exclusive interval; no sum-of-percentiles total
logistic_motion_logistic_anomaly,measured,exact_replay_receiver,reject,duplicate_sequence,local_admission_checks,599,0.0,0.0,0.0,0.0,0,"Measured local authorization/binding/consumption calls, excluding nested credential verification.",per-observation exclusive interval; no sum-of-percentiles total
logistic_motion_logistic_anomaly,measured,exact_replay_receiver,reject,duplicate_sequence,model_input_preprocessing,599,0.0,0.0,0.0,0.0,0,Shared model-input preparation; model-specific normalization remains in consumer timing.,per-observation exclusive interval; no sum-of-percentiles total
logistic_motion_logistic_anomaly,measured,exact_replay_receiver,reject,duplicate_sequence,motion_consumer,599,0.0,0.0,0.0,0.0,0,Motion consumer including normalization/tensor preparation/prediction decoding.,per-observation exclusive interval; no sum-of-percentiles total
logistic_motion_logistic_anomaly,measured,exact_replay_receiver,reject,duplicate_sequence,outer_orchestration_unisolated,599,0.0092,0.014810000000000002,0.017902,0.0369,599,Direct root/first-post-window remainder outside named child spans.,per-observation exclusive interval; no sum-of-percentiles total
logistic_motion_logistic_anomaly,measured,exact_replay_receiver,reject,duplicate_sequence,receiver_binding_sequence_state_unisolated,599,0.1056,0.17361,0.21000399999999972,0.4014,599,"Verifier remainder including binding, sequence checks, locks/state publication and observer work; NOT isolated sequence latency.",per-observation exclusive interval; no sum-of-percentiles total
logistic_motion_logistic_anomaly,measured,exact_replay_receiver,reject,duplicate_sequence,receiver_parsing,599,1.6124,4.029320000000001,4.772251999999999,207.9354,599,Envelope and binary parser call.,per-observation exclusive interval; no sum-of-percentiles total
logistic_motion_logistic_anomaly,measured,exact_replay_receiver,reject,duplicate_sequence,receiver_quality_check,599,4.4978,6.642500000000002,8.622102,9.4344,599,Verifier quality-check call.,per-observation exclusive interval; no sum-of-percentiles total
logistic_motion_logistic_anomaly,measured,exact_replay_receiver,reject,duplicate_sequence,receiver_window_hmac,599,0.0192,0.03302000000000001,0.04401799999999999,0.0577,599,"Recorded verifier window-tag calculation, not complete authentication.",per-observation exclusive interval; no sum-of-percentiles total
logistic_motion_logistic_anomaly,measured,exact_replay_receiver,reject,duplicate_sequence,reconstruction,599,0.0,0.0,0.0,0.0,0,Actual recorded BCH reconstruction; includes any observer/GC delay.,per-observation exclusive interval; no sum-of-percentiles total
logistic_motion_logistic_anomaly,measured,exact_replay_receiver,reject,duplicate_sequence,release_conversion_unisolated,599,0.0,0.0,0.0,0.0,0,Accepted release remainder including conversion/dispatch/observer work outside consumer children.,per-observation exclusive interval; no sum-of-percentiles total
logistic_motion_logistic_anomaly,measured,exact_replay_receiver,reject,duplicate_sequence,sender_binding_unisolated,599,0.0,0.0,0.0,0.0,0,Sender seal remainder: binding/state/orchestration/observer work not separately timed.,per-observation exclusive interval; no sum-of-percentiles total
logistic_motion_logistic_anomaly,measured,exact_replay_receiver,reject,duplicate_sequence,sender_serialization_and_quality,599,0.0,0.0,0.0,0.0,0,Sender serialization including its quality validation; not separately timed.,per-observation exclusive interval; no sum-of-percentiles total
logistic_motion_logistic_anomaly,measured,exact_replay_receiver,reject,duplicate_sequence,sender_window_hmac,599,0.0,0.0,0.0,0.0,0,Recorded window-tag generation call.,per-observation exclusive interval; no sum-of-percentiles total
logistic_motion_logistic_anomaly,measured,exact_replay_receiver,reject,duplicate_sequence,session_establishment_unisolated,599,0.0,0.0,0.0,0.0,0,"Handshake/request/activation remainder, including unseparated HKDF/confirmation work and observer cost.",per-observation exclusive interval; no sum-of-percentiles total
logistic_motion_logistic_anomaly,measured,exact_replay_receiver,reject,duplicate_sequence,simulated_response_read,599,0.0,0.0,0.0,0.0,0,"Modeled response generation, not physical acquisition.",per-observation exclusive interval; no sum-of-percentiles total
logistic_motion_logistic_anomaly,measured,fresh_to_first_window,accept,accepted,admission_orchestration_unisolated,599,0.0401,0.0595,0.07196599999999995,0.1155,599,Admission orchestration remainder not covered by named children.,per-observation exclusive interval; no sum-of-percentiles total
logistic_motion_logistic_anomaly,measured,fresh_to_first_window,accept,accepted,anomaly_consumer,599,0.3534,0.60295,0.7080879999999998,1.0198,599,Anomaly consumer including feature scaling and frozen-threshold decision.,per-observation exclusive interval; no sum-of-percentiles total
logistic_motion_logistic_anomaly,measured,fresh_to_first_window,accept,accepted,binary32_adapter,599,1.029,1.56681,1.7286779999999993,1.9995,599,Canonical binary32 input adaptation before sender sealing.,per-observation exclusive interval; no sum-of-percentiles total
logistic_motion_logistic_anomaly,measured,fresh_to_first_window,accept,accepted,credential_verification,599,0.0409,0.06361,0.07703399999999998,0.0937,599,Recorded independent credential-verification call(s).,per-observation exclusive interval; no sum-of-percentiles total
logistic_motion_logistic_anomaly,measured,fresh_to_first_window,accept,accepted,in_memory_audit_measured,599,0.1746,0.2823300000000001,0.3112179999999999,0.377,599,"Recorded audit record/prepare/commit spans, exclusive of their children; not all audit-related overhead and not durable storage.",per-observation exclusive interval; no sum-of-percentiles total
logistic_motion_logistic_anomaly,measured,fresh_to_first_window,accept,accepted,local_admission_checks,599,0.0535,0.08500000000000003,0.09546999999999994,0.1525,599,"Measured local authorization/binding/consumption calls, excluding nested credential verification.",per-observation exclusive interval; no sum-of-percentiles total
logistic_motion_logistic_anomaly,measured,fresh_to_first_window,accept,accepted,model_input_preprocessing,599,3.3416,5.429380000000002,6.5274579999999975,7.2358,599,Shared model-input preparation; model-specific normalization remains in consumer timing.,per-observation exclusive interval; no sum-of-percentiles total
logistic_motion_logistic_anomaly,measured,fresh_to_first_window,accept,accepted,motion_consumer,599,0.4658,0.8002500000000001,0.9914339999999993,1.7834,599,Motion consumer including normalization/tensor preparation/prediction decoding.,per-observation exclusive interval; no sum-of-percentiles total
logistic_motion_logistic_anomaly,measured,fresh_to_first_window,accept,accepted,outer_orchestration_unisolated,599,0.0829,0.13835,0.1978059999999997,0.7005,599,Direct root/first-post-window remainder outside named child spans.,per-observation exclusive interval; no sum-of-percentiles total
logistic_motion_logistic_anomaly,measured,fresh_to_first_window,accept,accepted,receiver_binding_sequence_state_unisolated,599,0.0768,0.13023000000000007,0.17129599999999992,0.2097,599,"Verifier remainder including binding, sequence checks, locks/state publication and observer work; NOT isolated sequence latency.",per-observation exclusive interval; no sum-of-percentiles total
logistic_motion_logistic_anomaly,measured,fresh_to_first_window,accept,accepted,receiver_parsing,599,1.6171,3.786780000000001,5.3859379999999994,256.923,599,Envelope and binary parser call.,per-observation exclusive interval; no sum-of-percentiles total
logistic_motion_logistic_anomaly,measured,fresh_to_first_window,accept,accepted,receiver_quality_check,599,4.4904,6.789350000000001,9.099693999999998,9.684,599,Verifier quality-check call.,per-observation exclusive interval; no sum-of-percentiles total
logistic_motion_logistic_anomaly,measured,fresh_to_first_window,accept,accepted,receiver_window_hmac,599,0.0155,0.0278,0.040507999999999995,0.1508,599,"Recorded verifier window-tag calculation, not complete authentication.",per-observation exclusive interval; no sum-of-percentiles total
logistic_motion_logistic_anomaly,measured,fresh_to_first_window,accept,accepted,reconstruction,599,2.5245,3.82139,4.313733999999999,19.1144,599,Actual recorded BCH reconstruction; includes any observer/GC delay.,per-observation exclusive interval; no sum-of-percentiles total
logistic_motion_logistic_anomaly,measured,fresh_to_first_window,accept,accepted,release_conversion_unisolated,599,0.5133,0.83414,1.0179459999999998,1.4622,599,Accepted release remainder including conversion/dispatch/observer work outside consumer children.,per-observation exclusive interval; no sum-of-percentiles total
logistic_motion_logistic_anomaly,measured,fresh_to_first_window,accept,accepted,sender_binding_unisolated,599,0.1091,0.18935000000000013,0.23621,0.2924,599,Sender seal remainder: binding/state/orchestration/observer work not separately timed.,per-observation exclusive interval; no sum-of-percentiles total
logistic_motion_logistic_anomaly,measured,fresh_to_first_window,accept,accepted,sender_serialization_and_quality,599,4.8418,7.654730000000002,9.349971999999996,9.9223,599,Sender serialization including its quality validation; not separately timed.,per-observation exclusive interval; no sum-of-percentiles total
logistic_motion_logistic_anomaly,measured,fresh_to_first_window,accept,accepted,sender_window_hmac,599,0.0156,0.030510000000000002,0.04472999999999997,0.0664,599,Recorded window-tag generation call.,per-observation exclusive interval; no sum-of-percentiles total
logistic_motion_logistic_anomaly,measured,fresh_to_first_window,accept,accepted,session_establishment_unisolated,599,0.3557,0.54886,0.6060239999999998,0.6814,599,"Handshake/request/activation remainder, including unseparated HKDF/confirmation work and observer cost.",per-observation exclusive interval; no sum-of-percentiles total
logistic_motion_logistic_anomaly,measured,fresh_to_first_window,accept,accepted,simulated_response_read,599,0.1983,0.25714,0.319706,0.3421,599,"Modeled response generation, not physical acquisition.",per-observation exclusive interval; no sum-of-percentiles total
logistic_motion_logistic_anomaly,measured,fresh_to_first_window,reject,failed_reconstruction,admission_orchestration_unisolated,1,0.0326,0.0326,0.0326,0.0326,1,Admission orchestration remainder not covered by named children.,per-observation exclusive interval; no sum-of-percentiles total
logistic_motion_logistic_anomaly,measured,fresh_to_first_window,reject,failed_reconstruction,anomaly_consumer,1,0.0,0.0,0.0,0.0,0,Anomaly consumer including feature scaling and frozen-threshold decision.,per-observation exclusive interval; no sum-of-percentiles total
logistic_motion_logistic_anomaly,measured,fresh_to_first_window,reject,failed_reconstruction,binary32_adapter,1,0.0,0.0,0.0,0.0,0,Canonical binary32 input adaptation before sender sealing.,per-observation exclusive interval; no sum-of-percentiles total
logistic_motion_logistic_anomaly,measured,fresh_to_first_window,reject,failed_reconstruction,credential_verification,1,0.0,0.0,0.0,0.0,0,Recorded independent credential-verification call(s).,per-observation exclusive interval; no sum-of-percentiles total
logistic_motion_logistic_anomaly,measured,fresh_to_first_window,reject,failed_reconstruction,in_memory_audit_measured,1,0.0581,0.0581,0.0581,0.0581,1,"Recorded audit record/prepare/commit spans, exclusive of their children; not all audit-related overhead and not durable storage.",per-observation exclusive interval; no sum-of-percentiles total
logistic_motion_logistic_anomaly,measured,fresh_to_first_window,reject,failed_reconstruction,local_admission_checks,1,0.0,0.0,0.0,0.0,0,"Measured local authorization/binding/consumption calls, excluding nested credential verification.",per-observation exclusive interval; no sum-of-percentiles total
logistic_motion_logistic_anomaly,measured,fresh_to_first_window,reject,failed_reconstruction,model_input_preprocessing,1,0.0,0.0,0.0,0.0,0,Shared model-input preparation; model-specific normalization remains in consumer timing.,per-observation exclusive interval; no sum-of-percentiles total
logistic_motion_logistic_anomaly,measured,fresh_to_first_window,reject,failed_reconstruction,motion_consumer,1,0.0,0.0,0.0,0.0,0,Motion consumer including normalization/tensor preparation/prediction decoding.,per-observation exclusive interval; no sum-of-percentiles total
logistic_motion_logistic_anomaly,measured,fresh_to_first_window,reject,failed_reconstruction,outer_orchestration_unisolated,1,0.0143,0.0143,0.0143,0.0143,1,Direct root/first-post-window remainder outside named child spans.,per-observation exclusive interval; no sum-of-percentiles total
logistic_motion_logistic_anomaly,measured,fresh_to_first_window,reject,failed_reconstruction,receiver_binding_sequence_state_unisolated,1,0.0,0.0,0.0,0.0,0,"Verifier remainder including binding, sequence checks, locks/state publication and observer work; NOT isolated sequence latency.",per-observation exclusive interval; no sum-of-percentiles total
logistic_motion_logistic_anomaly,measured,fresh_to_first_window,reject,failed_reconstruction,receiver_parsing,1,0.0,0.0,0.0,0.0,0,Envelope and binary parser call.,per-observation exclusive interval; no sum-of-percentiles total
logistic_motion_logistic_anomaly,measured,fresh_to_first_window,reject,failed_reconstruction,receiver_quality_check,1,0.0,0.0,0.0,0.0,0,Verifier quality-check call.,per-observation exclusive interval; no sum-of-percentiles total
logistic_motion_logistic_anomaly,measured,fresh_to_first_window,reject,failed_reconstruction,receiver_window_hmac,1,0.0,0.0,0.0,0.0,0,"Recorded verifier window-tag calculation, not complete authentication.",per-observation exclusive interval; no sum-of-percentiles total
logistic_motion_logistic_anomaly,measured,fresh_to_first_window,reject,failed_reconstruction,reconstruction,1,3.3116,3.3116,3.3116,3.3116,1,Actual recorded BCH reconstruction; includes any observer/GC delay.,per-observation exclusive interval; no sum-of-percentiles total
logistic_motion_logistic_anomaly,measured,fresh_to_first_window,reject,failed_reconstruction,release_conversion_unisolated,1,0.0,0.0,0.0,0.0,0,Accepted release remainder including conversion/dispatch/observer work outside consumer children.,per-observation exclusive interval; no sum-of-percentiles total
logistic_motion_logistic_anomaly,measured,fresh_to_first_window,reject,failed_reconstruction,sender_binding_unisolated,1,0.0,0.0,0.0,0.0,0,Sender seal remainder: binding/state/orchestration/observer work not separately timed.,per-observation exclusive interval; no sum-of-percentiles total
logistic_motion_logistic_anomaly,measured,fresh_to_first_window,reject,failed_reconstruction,sender_serialization_and_quality,1,0.0,0.0,0.0,0.0,0,Sender serialization including its quality validation; not separately timed.,per-observation exclusive interval; no sum-of-percentiles total
logistic_motion_logistic_anomaly,measured,fresh_to_first_window,reject,failed_reconstruction,sender_window_hmac,1,0.0,0.0,0.0,0.0,0,Recorded window-tag generation call.,per-observation exclusive interval; no sum-of-percentiles total
logistic_motion_logistic_anomaly,measured,fresh_to_first_window,reject,failed_reconstruction,session_establishment_unisolated,1,0.0813,0.0813,0.0813,0.0813,1,"Handshake/request/activation remainder, including unseparated HKDF/confirmation work and observer cost.",per-observation exclusive interval; no sum-of-percentiles total
logistic_motion_logistic_anomaly,measured,fresh_to_first_window,reject,failed_reconstruction,simulated_response_read,1,0.2064,0.2064,0.2064,0.2064,1,"Modeled response generation, not physical acquisition.",per-observation exclusive interval; no sum-of-percentiles total
logistic_motion_logistic_anomaly,measured,malformed_json_receiver,reject,malformed_message,admission_orchestration_unisolated,599,0.0,0.0,0.0,0.0,0,Admission orchestration remainder not covered by named children.,per-observation exclusive interval; no sum-of-percentiles total
logistic_motion_logistic_anomaly,measured,malformed_json_receiver,reject,malformed_message,anomaly_consumer,599,0.0,0.0,0.0,0.0,0,Anomaly consumer including feature scaling and frozen-threshold decision.,per-observation exclusive interval; no sum-of-percentiles total
logistic_motion_logistic_anomaly,measured,malformed_json_receiver,reject,malformed_message,binary32_adapter,599,0.0,0.0,0.0,0.0,0,Canonical binary32 input adaptation before sender sealing.,per-observation exclusive interval; no sum-of-percentiles total
logistic_motion_logistic_anomaly,measured,malformed_json_receiver,reject,malformed_message,credential_verification,599,0.0,0.0,0.0,0.0,0,Recorded independent credential-verification call(s).,per-observation exclusive interval; no sum-of-percentiles total
logistic_motion_logistic_anomaly,measured,malformed_json_receiver,reject,malformed_message,in_memory_audit_measured,599,0.0426,0.07,0.08011199999999999,0.1117,599,"Recorded audit record/prepare/commit spans, exclusive of their children; not all audit-related overhead and not durable storage.",per-observation exclusive interval; no sum-of-percentiles total
logistic_motion_logistic_anomaly,measured,malformed_json_receiver,reject,malformed_message,local_admission_checks,599,0.0,0.0,0.0,0.0,0,"Measured local authorization/binding/consumption calls, excluding nested credential verification.",per-observation exclusive interval; no sum-of-percentiles total
logistic_motion_logistic_anomaly,measured,malformed_json_receiver,reject,malformed_message,model_input_preprocessing,599,0.0,0.0,0.0,0.0,0,Shared model-input preparation; model-specific normalization remains in consumer timing.,per-observation exclusive interval; no sum-of-percentiles total
logistic_motion_logistic_anomaly,measured,malformed_json_receiver,reject,malformed_message,motion_consumer,599,0.0,0.0,0.0,0.0,0,Motion consumer including normalization/tensor preparation/prediction decoding.,per-observation exclusive interval; no sum-of-percentiles total
logistic_motion_logistic_anomaly,measured,malformed_json_receiver,reject,malformed_message,outer_orchestration_unisolated,599,0.0071,0.011910000000000002,0.014307999999999993,0.1354,599,Direct root/first-post-window remainder outside named child spans.,per-observation exclusive interval; no sum-of-percentiles total
logistic_motion_logistic_anomaly,measured,malformed_json_receiver,reject,malformed_message,receiver_binding_sequence_state_unisolated,599,0.038,0.06060000000000002,0.072802,0.4006,599,"Verifier remainder including binding, sequence checks, locks/state publication and observer work; NOT isolated sequence latency.",per-observation exclusive interval; no sum-of-percentiles total
logistic_motion_logistic_anomaly,measured,malformed_json_receiver,reject,malformed_message,receiver_parsing,599,0.0297,0.04421,0.051217999999999986,0.0694,599,Envelope and binary parser call.,per-observation exclusive interval; no sum-of-percentiles total
logistic_motion_logistic_anomaly,measured,malformed_json_receiver,reject,malformed_message,receiver_quality_check,599,0.0,0.0,0.0,0.0,0,Verifier quality-check call.,per-observation exclusive interval; no sum-of-percentiles total
logistic_motion_logistic_anomaly,measured,malformed_json_receiver,reject,malformed_message,receiver_window_hmac,599,0.0,0.0,0.0,0.0,0,"Recorded verifier window-tag calculation, not complete authentication.",per-observation exclusive interval; no sum-of-percentiles total
logistic_motion_logistic_anomaly,measured,malformed_json_receiver,reject,malformed_message,reconstruction,599,0.0,0.0,0.0,0.0,0,Actual recorded BCH reconstruction; includes any observer/GC delay.,per-observation exclusive interval; no sum-of-percentiles total
logistic_motion_logistic_anomaly,measured,malformed_json_receiver,reject,malformed_message,release_conversion_unisolated,599,0.0,0.0,0.0,0.0,0,Accepted release remainder including conversion/dispatch/observer work outside consumer children.,per-observation exclusive interval; no sum-of-percentiles total
logistic_motion_logistic_anomaly,measured,malformed_json_receiver,reject,malformed_message,sender_binding_unisolated,599,0.0,0.0,0.0,0.0,0,Sender seal remainder: binding/state/orchestration/observer work not separately timed.,per-observation exclusive interval; no sum-of-percentiles total
logistic_motion_logistic_anomaly,measured,malformed_json_receiver,reject,malformed_message,sender_serialization_and_quality,599,0.0,0.0,0.0,0.0,0,Sender serialization including its quality validation; not separately timed.,per-observation exclusive interval; no sum-of-percentiles total
logistic_motion_logistic_anomaly,measured,malformed_json_receiver,reject,malformed_message,sender_window_hmac,599,0.0,0.0,0.0,0.0,0,Recorded window-tag generation call.,per-observation exclusive interval; no sum-of-percentiles total
logistic_motion_logistic_anomaly,measured,malformed_json_receiver,reject,malformed_message,session_establishment_unisolated,599,0.0,0.0,0.0,0.0,0,"Handshake/request/activation remainder, including unseparated HKDF/confirmation work and observer cost.",per-observation exclusive interval; no sum-of-percentiles total
logistic_motion_logistic_anomaly,measured,malformed_json_receiver,reject,malformed_message,simulated_response_read,599,0.0,0.0,0.0,0.0,0,"Modeled response generation, not physical acquisition.",per-observation exclusive interval; no sum-of-percentiles total
logistic_motion_logistic_anomaly,measured,post_window_after_refusals,accept,accepted,admission_orchestration_unisolated,599,0.0,0.0,0.0,0.0,0,Admission orchestration remainder not covered by named children.,per-observation exclusive interval; no sum-of-percentiles total
logistic_motion_logistic_anomaly,measured,post_window_after_refusals,accept,accepted,anomaly_consumer,599,0.3444,0.4710200000000003,0.6300899999999999,0.7087,599,Anomaly consumer including feature scaling and frozen-threshold decision.,per-observation exclusive interval; no sum-of-percentiles total
logistic_motion_logistic_anomaly,measured,post_window_after_refusals,accept,accepted,binary32_adapter,599,1.0766,1.5668500000000003,2.1678379999999997,2.9322,599,Canonical binary32 input adaptation before sender sealing.,per-observation exclusive interval; no sum-of-percentiles total
logistic_motion_logistic_anomaly,measured,post_window_after_refusals,accept,accepted,credential_verification,599,0.0,0.0,0.0,0.0,0,Recorded independent credential-verification call(s).,per-observation exclusive interval; no sum-of-percentiles total
logistic_motion_logistic_anomaly,measured,post_window_after_refusals,accept,accepted,in_memory_audit_measured,599,0.0757,0.10919000000000001,0.14697399999999994,0.1981,599,"Recorded audit record/prepare/commit spans, exclusive of their children; not all audit-related overhead and not durable storage.",per-observation exclusive interval; no sum-of-percentiles total
logistic_motion_logistic_anomaly,measured,post_window_after_refusals,accept,accepted,local_admission_checks,599,0.0,0.0,0.0,0.0,0,"Measured local authorization/binding/consumption calls, excluding nested credential verification.",per-observation exclusive interval; no sum-of-percentiles total
logistic_motion_logistic_anomaly,measured,post_window_after_refusals,accept,accepted,model_input_preprocessing,599,3.2691,4.551110000000002,6.235109999999998,6.9438,599,Shared model-input preparation; model-specific normalization remains in consumer timing.,per-observation exclusive interval; no sum-of-percentiles total
logistic_motion_logistic_anomaly,measured,post_window_after_refusals,accept,accepted,motion_consumer,599,0.4422,0.6767300000000002,0.848424,1.0699,599,Motion consumer including normalization/tensor preparation/prediction decoding.,per-observation exclusive interval; no sum-of-percentiles total
logistic_motion_logistic_anomaly,measured,post_window_after_refusals,accept,accepted,outer_orchestration_unisolated,599,0.0597,0.09195000000000003,0.1497079999999998,0.1854,599,Direct root/first-post-window remainder outside named child spans.,per-observation exclusive interval; no sum-of-percentiles total
logistic_motion_logistic_anomaly,measured,post_window_after_refusals,accept,accepted,receiver_binding_sequence_state_unisolated,599,0.0763,0.11386000000000002,0.16107999999999995,0.2059,599,"Verifier remainder including binding, sequence checks, locks/state publication and observer work; NOT isolated sequence latency.",per-observation exclusive interval; no sum-of-percentiles total
logistic_motion_logistic_anomaly,measured,post_window_after_refusals,accept,accepted,receiver_parsing,599,1.5658,4.490780000000003,6.000227999999998,206.0447,599,Envelope and binary parser call.,per-observation exclusive interval; no sum-of-percentiles total
logistic_motion_logistic_anomaly,measured,post_window_after_refusals,accept,accepted,receiver_quality_check,599,4.4786,5.839910000000001,8.080931999999999,9.1288,599,Verifier quality-check call.,per-observation exclusive interval; no sum-of-percentiles total
logistic_motion_logistic_anomaly,measured,post_window_after_refusals,accept,accepted,receiver_window_hmac,599,0.0156,0.0249,0.03340799999999999,0.0471,599,"Recorded verifier window-tag calculation, not complete authentication.",per-observation exclusive interval; no sum-of-percentiles total
logistic_motion_logistic_anomaly,measured,post_window_after_refusals,accept,accepted,reconstruction,599,0.0,0.0,0.0,0.0,0,Actual recorded BCH reconstruction; includes any observer/GC delay.,per-observation exclusive interval; no sum-of-percentiles total
logistic_motion_logistic_anomaly,measured,post_window_after_refusals,accept,accepted,release_conversion_unisolated,599,0.5227,0.7215500000000001,0.914636,1.0168,599,Accepted release remainder including conversion/dispatch/observer work outside consumer children.,per-observation exclusive interval; no sum-of-percentiles total
logistic_motion_logistic_anomaly,measured,post_window_after_refusals,accept,accepted,sender_binding_unisolated,599,0.1082,0.16859000000000002,0.21197199999999994,0.6186,599,Sender seal remainder: binding/state/orchestration/observer work not separately timed.,per-observation exclusive interval; no sum-of-percentiles total
logistic_motion_logistic_anomaly,measured,post_window_after_refusals,accept,accepted,sender_serialization_and_quality,599,4.9637,6.82923,9.748237999999995,10.9024,599,Sender serialization including its quality validation; not separately timed.,per-observation exclusive interval; no sum-of-percentiles total
logistic_motion_logistic_anomaly,measured,post_window_after_refusals,accept,accepted,sender_window_hmac,599,0.019,0.03431,0.04821599999999999,0.0796,599,Recorded window-tag generation call.,per-observation exclusive interval; no sum-of-percentiles total
logistic_motion_logistic_anomaly,measured,post_window_after_refusals,accept,accepted,session_establishment_unisolated,599,0.0,0.0,0.0,0.0,0,"Handshake/request/activation remainder, including unseparated HKDF/confirmation work and observer cost.",per-observation exclusive interval; no sum-of-percentiles total
logistic_motion_logistic_anomaly,measured,post_window_after_refusals,accept,accepted,simulated_response_read,599,0.0,0.0,0.0,0.0,0,"Modeled response generation, not physical acquisition.",per-observation exclusive interval; no sum-of-percentiles total
logistic_motion_logistic_anomaly,measured,post_window_recurring,accept,accepted,admission_orchestration_unisolated,599,0.0,0.0,0.0,0.0,0,Admission orchestration remainder not covered by named children.,per-observation exclusive interval; no sum-of-percentiles total
logistic_motion_logistic_anomaly,measured,post_window_recurring,accept,accepted,anomaly_consumer,599,0.3486,0.5709800000000002,0.7054759999999998,1.027,599,Anomaly consumer including feature scaling and frozen-threshold decision.,per-observation exclusive interval; no sum-of-percentiles total
logistic_motion_logistic_anomaly,measured,post_window_recurring,accept,accepted,binary32_adapter,599,1.0924,1.8043600000000004,2.2365619999999997,2.6999,599,Canonical binary32 input adaptation before sender sealing.,per-observation exclusive interval; no sum-of-percentiles total
logistic_motion_logistic_anomaly,measured,post_window_recurring,accept,accepted,credential_verification,599,0.0,0.0,0.0,0.0,0,Recorded independent credential-verification call(s).,per-observation exclusive interval; no sum-of-percentiles total
logistic_motion_logistic_anomaly,measured,post_window_recurring,accept,accepted,in_memory_audit_measured,599,0.0852,0.14943,0.18372999999999998,0.296,599,"Recorded audit record/prepare/commit spans, exclusive of their children; not all audit-related overhead and not durable storage.",per-observation exclusive interval; no sum-of-percentiles total
logistic_motion_logistic_anomaly,measured,post_window_recurring,accept,accepted,local_admission_checks,599,0.0,0.0,0.0,0.0,0,"Measured local authorization/binding/consumption calls, excluding nested credential verification.",per-observation exclusive interval; no sum-of-percentiles total
logistic_motion_logistic_anomaly,measured,post_window_recurring,accept,accepted,model_input_preprocessing,599,3.3057,5.208840000000001,6.660746,7.3297,599,Shared model-input preparation; model-specific normalization remains in consumer timing.,per-observation exclusive interval; no sum-of-percentiles total
logistic_motion_logistic_anomaly,measured,post_window_recurring,accept,accepted,motion_consumer,599,0.4359,0.77118,0.9888259999999999,1.7238,599,Motion consumer including normalization/tensor preparation/prediction decoding.,per-observation exclusive interval; no sum-of-percentiles total
logistic_motion_logistic_anomaly,measured,post_window_recurring,accept,accepted,outer_orchestration_unisolated,599,0.0641,0.11273,0.13894399999999987,0.1668,599,Direct root/first-post-window remainder outside named child spans.,per-observation exclusive interval; no sum-of-percentiles total
logistic_motion_logistic_anomaly,measured,post_window_recurring,accept,accepted,receiver_binding_sequence_state_unisolated,599,0.0799,0.1458,0.16701799999999997,0.2388,599,"Verifier remainder including binding, sequence checks, locks/state publication and observer work; NOT isolated sequence latency.",per-observation exclusive interval; no sum-of-percentiles total
logistic_motion_logistic_anomaly,measured,post_window_recurring,accept,accepted,receiver_parsing,599,1.6147,3.78743,5.598297999999994,272.2584,599,Envelope and binary parser call.,per-observation exclusive interval; no sum-of-percentiles total
logistic_motion_logistic_anomaly,measured,post_window_recurring,accept,accepted,receiver_quality_check,599,4.5545,7.19776,9.147063999999999,9.7761,599,Verifier quality-check call.,per-observation exclusive interval; no sum-of-percentiles total
logistic_motion_logistic_anomaly,measured,post_window_recurring,accept,accepted,receiver_window_hmac,599,0.0162,0.028710000000000003,0.03720999999999999,0.0803,599,"Recorded verifier window-tag calculation, not complete authentication.",per-observation exclusive interval; no sum-of-percentiles total
logistic_motion_logistic_anomaly,measured,post_window_recurring,accept,accepted,reconstruction,599,0.0,0.0,0.0,0.0,0,Actual recorded BCH reconstruction; includes any observer/GC delay.,per-observation exclusive interval; no sum-of-percentiles total
logistic_motion_logistic_anomaly,measured,post_window_recurring,accept,accepted,release_conversion_unisolated,599,0.522,0.8029500000000006,1.015406,1.3853,599,Accepted release remainder including conversion/dispatch/observer work outside consumer children.,per-observation exclusive interval; no sum-of-percentiles total
logistic_motion_logistic_anomaly,measured,post_window_recurring,accept,accepted,sender_binding_unisolated,599,0.1169,0.21251,0.2521279999999998,0.6898,599,Sender seal remainder: binding/state/orchestration/observer work not separately timed.,per-observation exclusive interval; no sum-of-percentiles total
logistic_motion_logistic_anomaly,measured,post_window_recurring,accept,accepted,sender_serialization_and_quality,599,5.0466,8.471580000000008,9.841204,11.4623,599,Sender serialization including its quality validation; not separately timed.,per-observation exclusive interval; no sum-of-percentiles total
logistic_motion_logistic_anomaly,measured,post_window_recurring,accept,accepted,sender_window_hmac,599,0.0206,0.04571000000000002,0.06541,0.1005,599,Recorded window-tag generation call.,per-observation exclusive interval; no sum-of-percentiles total
logistic_motion_logistic_anomaly,measured,post_window_recurring,accept,accepted,session_establishment_unisolated,599,0.0,0.0,0.0,0.0,0,"Handshake/request/activation remainder, including unseparated HKDF/confirmation work and observer cost.",per-observation exclusive interval; no sum-of-percentiles total
logistic_motion_logistic_anomaly,measured,post_window_recurring,accept,accepted,simulated_response_read,599,0.0,0.0,0.0,0.0,0,"Modeled response generation, not physical acquisition.",per-observation exclusive interval; no sum-of-percentiles total
logistic_motion_logistic_anomaly,measured,pre_tag_quality_refusal,reject,data_quality_failure,admission_orchestration_unisolated,599,0.0,0.0,0.0,0.0,0,Admission orchestration remainder not covered by named children.,per-observation exclusive interval; no sum-of-percentiles total
logistic_motion_logistic_anomaly,measured,pre_tag_quality_refusal,reject,data_quality_failure,anomaly_consumer,599,0.0,0.0,0.0,0.0,0,Anomaly consumer including feature scaling and frozen-threshold decision.,per-observation exclusive interval; no sum-of-percentiles total
logistic_motion_logistic_anomaly,measured,pre_tag_quality_refusal,reject,data_quality_failure,binary32_adapter,599,1.0885,1.5831500000000003,2.1588679999999996,2.4584,599,Canonical binary32 input adaptation before sender sealing.,per-observation exclusive interval; no sum-of-percentiles total
logistic_motion_logistic_anomaly,measured,pre_tag_quality_refusal,reject,data_quality_failure,credential_verification,599,0.0,0.0,0.0,0.0,0,Recorded independent credential-verification call(s).,per-observation exclusive interval; no sum-of-percentiles total
logistic_motion_logistic_anomaly,measured,pre_tag_quality_refusal,reject,data_quality_failure,in_memory_audit_measured,599,0.0444,0.06782,0.08445399999999996,0.0899,599,"Recorded audit record/prepare/commit spans, exclusive of their children; not all audit-related overhead and not durable storage.",per-observation exclusive interval; no sum-of-percentiles total
logistic_motion_logistic_anomaly,measured,pre_tag_quality_refusal,reject,data_quality_failure,local_admission_checks,599,0.0,0.0,0.0,0.0,0,"Measured local authorization/binding/consumption calls, excluding nested credential verification.",per-observation exclusive interval; no sum-of-percentiles total
logistic_motion_logistic_anomaly,measured,pre_tag_quality_refusal,reject,data_quality_failure,model_input_preprocessing,599,0.0,0.0,0.0,0.0,0,Shared model-input preparation; model-specific normalization remains in consumer timing.,per-observation exclusive interval; no sum-of-percentiles total
logistic_motion_logistic_anomaly,measured,pre_tag_quality_refusal,reject,data_quality_failure,motion_consumer,599,0.0,0.0,0.0,0.0,0,Motion consumer including normalization/tensor preparation/prediction decoding.,per-observation exclusive interval; no sum-of-percentiles total
logistic_motion_logistic_anomaly,measured,pre_tag_quality_refusal,reject,data_quality_failure,outer_orchestration_unisolated,599,0.0439,0.06745000000000001,0.08601199999999999,0.0967,599,Direct root/first-post-window remainder outside named child spans.,per-observation exclusive interval; no sum-of-percentiles total
logistic_motion_logistic_anomaly,measured,pre_tag_quality_refusal,reject,data_quality_failure,receiver_binding_sequence_state_unisolated,599,0.0,0.0,0.0,0.0,0,"Verifier remainder including binding, sequence checks, locks/state publication and observer work; NOT isolated sequence latency.",per-observation exclusive interval; no sum-of-percentiles total
logistic_motion_logistic_anomaly,measured,pre_tag_quality_refusal,reject,data_quality_failure,receiver_parsing,599,0.0,0.0,0.0,0.0,0,Envelope and binary parser call.,per-observation exclusive interval; no sum-of-percentiles total
logistic_motion_logistic_anomaly,measured,pre_tag_quality_refusal,reject,data_quality_failure,receiver_quality_check,599,0.0,0.0,0.0,0.0,0,Verifier quality-check call.,per-observation exclusive interval; no sum-of-percentiles total
logistic_motion_logistic_anomaly,measured,pre_tag_quality_refusal,reject,data_quality_failure,receiver_window_hmac,599,0.0,0.0,0.0,0.0,0,"Recorded verifier window-tag calculation, not complete authentication.",per-observation exclusive interval; no sum-of-percentiles total
logistic_motion_logistic_anomaly,measured,pre_tag_quality_refusal,reject,data_quality_failure,reconstruction,599,0.0,0.0,0.0,0.0,0,Actual recorded BCH reconstruction; includes any observer/GC delay.,per-observation exclusive interval; no sum-of-percentiles total
logistic_motion_logistic_anomaly,measured,pre_tag_quality_refusal,reject,data_quality_failure,release_conversion_unisolated,599,0.0,0.0,0.0,0.0,0,Accepted release remainder including conversion/dispatch/observer work outside consumer children.,per-observation exclusive interval; no sum-of-percentiles total
logistic_motion_logistic_anomaly,measured,pre_tag_quality_refusal,reject,data_quality_failure,sender_binding_unisolated,599,0.0613,0.09291,0.11575799999999994,0.1317,599,Sender seal remainder: binding/state/orchestration/observer work not separately timed.,per-observation exclusive interval; no sum-of-percentiles total
logistic_motion_logistic_anomaly,measured,pre_tag_quality_refusal,reject,data_quality_failure,sender_serialization_and_quality,599,0.488,0.6961,0.9301839999999999,1.0208,599,Sender serialization including its quality validation; not separately timed.,per-observation exclusive interval; no sum-of-percentiles total
logistic_motion_logistic_anomaly,measured,pre_tag_quality_refusal,reject,data_quality_failure,sender_window_hmac,599,0.0,0.0,0.0,0.0,0,Recorded window-tag generation call.,per-observation exclusive interval; no sum-of-percentiles total
logistic_motion_logistic_anomaly,measured,pre_tag_quality_refusal,reject,data_quality_failure,session_establishment_unisolated,599,0.0,0.0,0.0,0.0,0,"Handshake/request/activation remainder, including unseparated HKDF/confirmation work and observer cost.",per-observation exclusive interval; no sum-of-percentiles total
logistic_motion_logistic_anomaly,measured,pre_tag_quality_refusal,reject,data_quality_failure,simulated_response_read,599,0.0,0.0,0.0,0.0,0,"Modeled response generation, not physical acquisition.",per-observation exclusive interval; no sum-of-percentiles total
logistic_motion_logistic_anomaly,measured,valid_receiver_after_bad_tag,accept,accepted,admission_orchestration_unisolated,599,0.0,0.0,0.0,0.0,0,Admission orchestration remainder not covered by named children.,per-observation exclusive interval; no sum-of-percentiles total
logistic_motion_logistic_anomaly,measured,valid_receiver_after_bad_tag,accept,accepted,anomaly_consumer,599,0.3479,0.58244,0.6832959999999999,0.8417,599,Anomaly consumer including feature scaling and frozen-threshold decision.,per-observation exclusive interval; no sum-of-percentiles total
logistic_motion_logistic_anomaly,measured,valid_receiver_after_bad_tag,accept,accepted,binary32_adapter,599,0.0,0.0,0.0,0.0,0,Canonical binary32 input adaptation before sender sealing.,per-observation exclusive interval; no sum-of-percentiles total
logistic_motion_logistic_anomaly,measured,valid_receiver_after_bad_tag,accept,accepted,credential_verification,599,0.0,0.0,0.0,0.0,0,Recorded independent credential-verification call(s).,per-observation exclusive interval; no sum-of-percentiles total
logistic_motion_logistic_anomaly,measured,valid_receiver_after_bad_tag,accept,accepted,in_memory_audit_measured,599,0.0392,0.06734000000000001,0.077208,0.1104,599,"Recorded audit record/prepare/commit spans, exclusive of their children; not all audit-related overhead and not durable storage.",per-observation exclusive interval; no sum-of-percentiles total
logistic_motion_logistic_anomaly,measured,valid_receiver_after_bad_tag,accept,accepted,local_admission_checks,599,0.0,0.0,0.0,0.0,0,"Measured local authorization/binding/consumption calls, excluding nested credential verification.",per-observation exclusive interval; no sum-of-percentiles total
logistic_motion_logistic_anomaly,measured,valid_receiver_after_bad_tag,accept,accepted,model_input_preprocessing,599,3.3163,5.0079600000000015,6.654563999999999,6.8697,599,Shared model-input preparation; model-specific normalization remains in consumer timing.,per-observation exclusive interval; no sum-of-percentiles total
logistic_motion_logistic_anomaly,measured,valid_receiver_after_bad_tag,accept,accepted,motion_consumer,599,0.4405,0.7383000000000001,0.9065119999999995,1.3679,599,Motion consumer including normalization/tensor preparation/prediction decoding.,per-observation exclusive interval; no sum-of-percentiles total
logistic_motion_logistic_anomaly,measured,valid_receiver_after_bad_tag,accept,accepted,outer_orchestration_unisolated,599,0.0164,0.027910000000000004,0.031903999999999995,0.0362,599,Direct root/first-post-window remainder outside named child spans.,per-observation exclusive interval; no sum-of-percentiles total
logistic_motion_logistic_anomaly,measured,valid_receiver_after_bad_tag,accept,accepted,receiver_binding_sequence_state_unisolated,599,0.0774,0.136,0.158008,0.1846,599,"Verifier remainder including binding, sequence checks, locks/state publication and observer work; NOT isolated sequence latency.",per-observation exclusive interval; no sum-of-percentiles total
logistic_motion_logistic_anomaly,measured,valid_receiver_after_bad_tag,accept,accepted,receiver_parsing,599,1.4074,2.27488,2.9160259999999996,3.2588,599,Envelope and binary parser call.,per-observation exclusive interval; no sum-of-percentiles total
logistic_motion_logistic_anomaly,measured,valid_receiver_after_bad_tag,accept,accepted,receiver_quality_check,599,4.5506,7.345360000000005,9.06499,10.6123,599,Verifier quality-check call.,per-observation exclusive interval; no sum-of-percentiles total
logistic_motion_logistic_anomaly,measured,valid_receiver_after_bad_tag,accept,accepted,receiver_window_hmac,599,0.015,0.026220000000000004,0.03170599999999999,0.0414,599,"Recorded verifier window-tag calculation, not complete authentication.",per-observation exclusive interval; no sum-of-percentiles total
logistic_motion_logistic_anomaly,measured,valid_receiver_after_bad_tag,accept,accepted,reconstruction,599,0.0,0.0,0.0,0.0,0,Actual recorded BCH reconstruction; includes any observer/GC delay.,per-observation exclusive interval; no sum-of-percentiles total
logistic_motion_logistic_anomaly,measured,valid_receiver_after_bad_tag,accept,accepted,release_conversion_unisolated,599,0.4995,0.8604800000000001,1.0038939999999998,1.3253,599,Accepted release remainder including conversion/dispatch/observer work outside consumer children.,per-observation exclusive interval; no sum-of-percentiles total
logistic_motion_logistic_anomaly,measured,valid_receiver_after_bad_tag,accept,accepted,sender_binding_unisolated,599,0.0,0.0,0.0,0.0,0,Sender seal remainder: binding/state/orchestration/observer work not separately timed.,per-observation exclusive interval; no sum-of-percentiles total
logistic_motion_logistic_anomaly,measured,valid_receiver_after_bad_tag,accept,accepted,sender_serialization_and_quality,599,0.0,0.0,0.0,0.0,0,Sender serialization including its quality validation; not separately timed.,per-observation exclusive interval; no sum-of-percentiles total
logistic_motion_logistic_anomaly,measured,valid_receiver_after_bad_tag,accept,accepted,sender_window_hmac,599,0.0,0.0,0.0,0.0,0,Recorded window-tag generation call.,per-observation exclusive interval; no sum-of-percentiles total
logistic_motion_logistic_anomaly,measured,valid_receiver_after_bad_tag,accept,accepted,session_establishment_unisolated,599,0.0,0.0,0.0,0.0,0,"Handshake/request/activation remainder, including unseparated HKDF/confirmation work and observer cost.",per-observation exclusive interval; no sum-of-percentiles total
logistic_motion_logistic_anomaly,measured,valid_receiver_after_bad_tag,accept,accepted,simulated_response_read,599,0.0,0.0,0.0,0.0,0,"Modeled response generation, not physical acquisition.",per-observation exclusive interval; no sum-of-percentiles total
logistic_motion_logistic_anomaly,warmup,bad_tag_receiver,reject,invalid_tag,admission_orchestration_unisolated,19,0.0,0.0,0.0,0.0,0,Admission orchestration remainder not covered by named children.,per-observation exclusive interval; no sum-of-percentiles total
logistic_motion_logistic_anomaly,warmup,bad_tag_receiver,reject,invalid_tag,anomaly_consumer,19,0.0,0.0,0.0,0.0,0,Anomaly consumer including feature scaling and frozen-threshold decision.,per-observation exclusive interval; no sum-of-percentiles total
logistic_motion_logistic_anomaly,warmup,bad_tag_receiver,reject,invalid_tag,binary32_adapter,19,0.0,0.0,0.0,0.0,0,Canonical binary32 input adaptation before sender sealing.,per-observation exclusive interval; no sum-of-percentiles total
logistic_motion_logistic_anomaly,warmup,bad_tag_receiver,reject,invalid_tag,credential_verification,19,0.0,0.0,0.0,0.0,0,Recorded independent credential-verification call(s).,per-observation exclusive interval; no sum-of-percentiles total
logistic_motion_logistic_anomaly,warmup,bad_tag_receiver,reject,invalid_tag,in_memory_audit_measured,19,0.0332,0.05478,0.055356,0.0555,19,"Recorded audit record/prepare/commit spans, exclusive of their children; not all audit-related overhead and not durable storage.",per-observation exclusive interval; no sum-of-percentiles total
logistic_motion_logistic_anomaly,warmup,bad_tag_receiver,reject,invalid_tag,local_admission_checks,19,0.0,0.0,0.0,0.0,0,"Measured local authorization/binding/consumption calls, excluding nested credential verification.",per-observation exclusive interval; no sum-of-percentiles total
logistic_motion_logistic_anomaly,warmup,bad_tag_receiver,reject,invalid_tag,model_input_preprocessing,19,0.0,0.0,0.0,0.0,0,Shared model-input preparation; model-specific normalization remains in consumer timing.,per-observation exclusive interval; no sum-of-percentiles total
logistic_motion_logistic_anomaly,warmup,bad_tag_receiver,reject,invalid_tag,motion_consumer,19,0.0,0.0,0.0,0.0,0,Motion consumer including normalization/tensor preparation/prediction decoding.,per-observation exclusive interval; no sum-of-percentiles total
logistic_motion_logistic_anomaly,warmup,bad_tag_receiver,reject,invalid_tag,outer_orchestration_unisolated,19,0.0101,0.014349999999999998,0.01471,0.0148,19,Direct root/first-post-window remainder outside named child spans.,per-observation exclusive interval; no sum-of-percentiles total
logistic_motion_logistic_anomaly,warmup,bad_tag_receiver,reject,invalid_tag,receiver_binding_sequence_state_unisolated,19,0.0848,0.13016999999999998,0.132834,0.1335,19,"Verifier remainder including binding, sequence checks, locks/state publication and observer work; NOT isolated sequence latency.",per-observation exclusive interval; no sum-of-percentiles total
logistic_motion_logistic_anomaly,warmup,bad_tag_receiver,reject,invalid_tag,receiver_parsing,19,1.4053,2.4117599999999997,2.548272,2.5824,19,Envelope and binary parser call.,per-observation exclusive interval; no sum-of-percentiles total
logistic_motion_logistic_anomaly,warmup,bad_tag_receiver,reject,invalid_tag,receiver_quality_check,19,0.0,0.0,0.0,0.0,0,Verifier quality-check call.,per-observation exclusive interval; no sum-of-percentiles total
logistic_motion_logistic_anomaly,warmup,bad_tag_receiver,reject,invalid_tag,receiver_window_hmac,19,0.0174,0.02436,0.024792,0.0249,19,"Recorded verifier window-tag calculation, not complete authentication.",per-observation exclusive interval; no sum-of-percentiles total
logistic_motion_logistic_anomaly,warmup,bad_tag_receiver,reject,invalid_tag,reconstruction,19,0.0,0.0,0.0,0.0,0,Actual recorded BCH reconstruction; includes any observer/GC delay.,per-observation exclusive interval; no sum-of-percentiles total
logistic_motion_logistic_anomaly,warmup,bad_tag_receiver,reject,invalid_tag,release_conversion_unisolated,19,0.0,0.0,0.0,0.0,0,Accepted release remainder including conversion/dispatch/observer work outside consumer children.,per-observation exclusive interval; no sum-of-percentiles total
logistic_motion_logistic_anomaly,warmup,bad_tag_receiver,reject,invalid_tag,sender_binding_unisolated,19,0.0,0.0,0.0,0.0,0,Sender seal remainder: binding/state/orchestration/observer work not separately timed.,per-observation exclusive interval; no sum-of-percentiles total
logistic_motion_logistic_anomaly,warmup,bad_tag_receiver,reject,invalid_tag,sender_serialization_and_quality,19,0.0,0.0,0.0,0.0,0,Sender serialization including its quality validation; not separately timed.,per-observation exclusive interval; no sum-of-percentiles total
logistic_motion_logistic_anomaly,warmup,bad_tag_receiver,reject,invalid_tag,sender_window_hmac,19,0.0,0.0,0.0,0.0,0,Recorded window-tag generation call.,per-observation exclusive interval; no sum-of-percentiles total
logistic_motion_logistic_anomaly,warmup,bad_tag_receiver,reject,invalid_tag,session_establishment_unisolated,19,0.0,0.0,0.0,0.0,0,"Handshake/request/activation remainder, including unseparated HKDF/confirmation work and observer cost.",per-observation exclusive interval; no sum-of-percentiles total
logistic_motion_logistic_anomaly,warmup,bad_tag_receiver,reject,invalid_tag,simulated_response_read,19,0.0,0.0,0.0,0.0,0,"Modeled response generation, not physical acquisition.",per-observation exclusive interval; no sum-of-percentiles total
logistic_motion_logistic_anomaly,warmup,exact_replay_receiver,reject,duplicate_sequence,admission_orchestration_unisolated,19,0.0,0.0,0.0,0.0,0,Admission orchestration remainder not covered by named children.,per-observation exclusive interval; no sum-of-percentiles total
logistic_motion_logistic_anomaly,warmup,exact_replay_receiver,reject,duplicate_sequence,anomaly_consumer,19,0.0,0.0,0.0,0.0,0,Anomaly consumer including feature scaling and frozen-threshold decision.,per-observation exclusive interval; no sum-of-percentiles total
logistic_motion_logistic_anomaly,warmup,exact_replay_receiver,reject,duplicate_sequence,binary32_adapter,19,0.0,0.0,0.0,0.0,0,Canonical binary32 input adaptation before sender sealing.,per-observation exclusive interval; no sum-of-percentiles total
logistic_motion_logistic_anomaly,warmup,exact_replay_receiver,reject,duplicate_sequence,credential_verification,19,0.0,0.0,0.0,0.0,0,Recorded independent credential-verification call(s).,per-observation exclusive interval; no sum-of-percentiles total
logistic_motion_logistic_anomaly,warmup,exact_replay_receiver,reject,duplicate_sequence,in_memory_audit_measured,19,0.0466,0.07432,0.075184,0.0754,19,"Recorded audit record/prepare/commit spans, exclusive of their children; not all audit-related overhead and not durable storage.",per-observation exclusive interval; no sum-of-percentiles total
logistic_motion_logistic_anomaly,warmup,exact_replay_receiver,reject,duplicate_sequence,local_admission_checks,19,0.0,0.0,0.0,0.0,0,"Measured local authorization/binding/consumption calls, excluding nested credential verification.",per-observation exclusive interval; no sum-of-percentiles total
logistic_motion_logistic_anomaly,warmup,exact_replay_receiver,reject,duplicate_sequence,model_input_preprocessing,19,0.0,0.0,0.0,0.0,0,Shared model-input preparation; model-specific normalization remains in consumer timing.,per-observation exclusive interval; no sum-of-percentiles total
logistic_motion_logistic_anomaly,warmup,exact_replay_receiver,reject,duplicate_sequence,motion_consumer,19,0.0,0.0,0.0,0.0,0,Motion consumer including normalization/tensor preparation/prediction decoding.,per-observation exclusive interval; no sum-of-percentiles total
logistic_motion_logistic_anomaly,warmup,exact_replay_receiver,reject,duplicate_sequence,outer_orchestration_unisolated,19,0.0095,0.01474,0.015028,0.0151,19,Direct root/first-post-window remainder outside named child spans.,per-observation exclusive interval; no sum-of-percentiles total
logistic_motion_logistic_anomaly,warmup,exact_replay_receiver,reject,duplicate_sequence,receiver_binding_sequence_state_unisolated,19,0.1066,0.17254999999999998,0.18011,0.182,19,"Verifier remainder including binding, sequence checks, locks/state publication and observer work; NOT isolated sequence latency.",per-observation exclusive interval; no sum-of-percentiles total
logistic_motion_logistic_anomaly,warmup,exact_replay_receiver,reject,duplicate_sequence,receiver_parsing,19,1.5197,2.5020099999999994,2.615122,2.6434,19,Envelope and binary parser call.,per-observation exclusive interval; no sum-of-percentiles total
logistic_motion_logistic_anomaly,warmup,exact_replay_receiver,reject,duplicate_sequence,receiver_quality_check,19,4.4544,6.795659999999996,8.066172,8.3838,19,Verifier quality-check call.,per-observation exclusive interval; no sum-of-percentiles total
logistic_motion_logistic_anomaly,warmup,exact_replay_receiver,reject,duplicate_sequence,receiver_window_hmac,19,0.0197,0.038929999999999985,0.044906,0.0464,19,"Recorded verifier window-tag calculation, not complete authentication.",per-observation exclusive interval; no sum-of-percentiles total
logistic_motion_logistic_anomaly,warmup,exact_replay_receiver,reject,duplicate_sequence,reconstruction,19,0.0,0.0,0.0,0.0,0,Actual recorded BCH reconstruction; includes any observer/GC delay.,per-observation exclusive interval; no sum-of-percentiles total
logistic_motion_logistic_anomaly,warmup,exact_replay_receiver,reject,duplicate_sequence,release_conversion_unisolated,19,0.0,0.0,0.0,0.0,0,Accepted release remainder including conversion/dispatch/observer work outside consumer children.,per-observation exclusive interval; no sum-of-percentiles total
logistic_motion_logistic_anomaly,warmup,exact_replay_receiver,reject,duplicate_sequence,sender_binding_unisolated,19,0.0,0.0,0.0,0.0,0,Sender seal remainder: binding/state/orchestration/observer work not separately timed.,per-observation exclusive interval; no sum-of-percentiles total
logistic_motion_logistic_anomaly,warmup,exact_replay_receiver,reject,duplicate_sequence,sender_serialization_and_quality,19,0.0,0.0,0.0,0.0,0,Sender serialization including its quality validation; not separately timed.,per-observation exclusive interval; no sum-of-percentiles total
logistic_motion_logistic_anomaly,warmup,exact_replay_receiver,reject,duplicate_sequence,sender_window_hmac,19,0.0,0.0,0.0,0.0,0,Recorded window-tag generation call.,per-observation exclusive interval; no sum-of-percentiles total
logistic_motion_logistic_anomaly,warmup,exact_replay_receiver,reject,duplicate_sequence,session_establishment_unisolated,19,0.0,0.0,0.0,0.0,0,"Handshake/request/activation remainder, including unseparated HKDF/confirmation work and observer cost.",per-observation exclusive interval; no sum-of-percentiles total
logistic_motion_logistic_anomaly,warmup,exact_replay_receiver,reject,duplicate_sequence,simulated_response_read,19,0.0,0.0,0.0,0.0,0,"Modeled response generation, not physical acquisition.",per-observation exclusive interval; no sum-of-percentiles total
logistic_motion_logistic_anomaly,warmup,fresh_to_first_window,accept,accepted,admission_orchestration_unisolated,19,0.0446,0.05552999999999998,0.059346,0.0603,19,Admission orchestration remainder not covered by named children.,per-observation exclusive interval; no sum-of-percentiles total
logistic_motion_logistic_anomaly,warmup,fresh_to_first_window,accept,accepted,anomaly_consumer,19,0.3633,0.64345,0.65821,0.6619,19,Anomaly consumer including feature scaling and frozen-threshold decision.,per-observation exclusive interval; no sum-of-percentiles total
logistic_motion_logistic_anomaly,warmup,fresh_to_first_window,accept,accepted,binary32_adapter,19,0.9692,1.7297599999999997,1.792112,1.8077,19,Canonical binary32 input adaptation before sender sealing.,per-observation exclusive interval; no sum-of-percentiles total
logistic_motion_logistic_anomaly,warmup,fresh_to_first_window,accept,accepted,credential_verification,19,0.0486,0.06986999999999997,0.077574,0.0795,19,Recorded independent credential-verification call(s).,per-observation exclusive interval; no sum-of-percentiles total
logistic_motion_logistic_anomaly,warmup,fresh_to_first_window,accept,accepted,in_memory_audit_measured,19,0.2017,0.28295999999999993,0.307152,0.3132,19,"Recorded audit record/prepare/commit spans, exclusive of their children; not all audit-related overhead and not durable storage.",per-observation exclusive interval; no sum-of-percentiles total
logistic_motion_logistic_anomaly,warmup,fresh_to_first_window,accept,accepted,local_admission_checks,19,0.0534,0.07923999999999998,0.086728,0.0886,19,"Measured local authorization/binding/consumption calls, excluding nested credential verification.",per-observation exclusive interval; no sum-of-percentiles total
logistic_motion_logistic_anomaly,warmup,fresh_to_first_window,accept,accepted,model_input_preprocessing,19,3.3572,6.03083,6.172166,6.2075,19,Shared model-input preparation; model-specific normalization remains in consumer timing.,per-observation exclusive interval; no sum-of-percentiles total
logistic_motion_logistic_anomaly,warmup,fresh_to_first_window,accept,accepted,motion_consumer,19,0.541,0.8051499999999997,0.93799,0.9712,19,Motion consumer including normalization/tensor preparation/prediction decoding.,per-observation exclusive interval; no sum-of-percentiles total
logistic_motion_logistic_anomaly,warmup,fresh_to_first_window,accept,accepted,outer_orchestration_unisolated,19,0.0904,0.12946,0.131332,0.1318,19,Direct root/first-post-window remainder outside named child spans.,per-observation exclusive interval; no sum-of-percentiles total
logistic_motion_logistic_anomaly,warmup,fresh_to_first_window,accept,accepted,receiver_binding_sequence_state_unisolated,19,0.098,0.13662999999999995,0.160606,0.1666,19,"Verifier remainder including binding, sequence checks, locks/state publication and observer work; NOT isolated sequence latency.",per-observation exclusive interval; no sum-of-percentiles total
logistic_motion_logistic_anomaly,warmup,fresh_to_first_window,accept,accepted,receiver_parsing,19,2.6971,4.458699999999999,4.80214,4.888,19,Envelope and binary parser call.,per-observation exclusive interval; no sum-of-percentiles total
logistic_motion_logistic_anomaly,warmup,fresh_to_first_window,accept,accepted,receiver_quality_check,19,5.0515,8.05256,8.131472,8.1512,19,Verifier quality-check call.,per-observation exclusive interval; no sum-of-percentiles total
logistic_motion_logistic_anomaly,warmup,fresh_to_first_window,accept,accepted,receiver_window_hmac,19,0.0187,0.03516,0.036312,0.0366,19,"Recorded verifier window-tag calculation, not complete authentication.",per-observation exclusive interval; no sum-of-percentiles total
logistic_motion_logistic_anomaly,warmup,fresh_to_first_window,accept,accepted,reconstruction,19,3.5804,4.9748399999999995,5.407848,5.5161,19,Actual recorded BCH reconstruction; includes any observer/GC delay.,per-observation exclusive interval; no sum-of-percentiles total
logistic_motion_logistic_anomaly,warmup,fresh_to_first_window,accept,accepted,release_conversion_unisolated,19,0.4759,0.86347,0.881254,0.8857,19,Accepted release remainder including conversion/dispatch/observer work outside consumer children.,per-observation exclusive interval; no sum-of-percentiles total
logistic_motion_logistic_anomaly,warmup,fresh_to_first_window,accept,accepted,sender_binding_unisolated,19,0.1535,0.21239,0.216638,0.2177,19,Sender seal remainder: binding/state/orchestration/observer work not separately timed.,per-observation exclusive interval; no sum-of-percentiles total
logistic_motion_logistic_anomaly,warmup,fresh_to_first_window,accept,accepted,sender_serialization_and_quality,19,5.1551,8.44738,8.486116,8.4958,19,Sender serialization including its quality validation; not separately timed.,per-observation exclusive interval; no sum-of-percentiles total
logistic_motion_logistic_anomaly,warmup,fresh_to_first_window,accept,accepted,sender_window_hmac,19,0.0238,0.033339999999999974,0.042268,0.0445,19,Recorded window-tag generation call.,per-observation exclusive interval; no sum-of-percentiles total
logistic_motion_logistic_anomaly,warmup,fresh_to_first_window,accept,accepted,session_establishment_unisolated,19,0.3612,0.5282999999999998,0.60246,0.621,19,"Handshake/request/activation remainder, including unseparated HKDF/confirmation work and observer cost.",per-observation exclusive interval; no sum-of-percentiles total
logistic_motion_logistic_anomaly,warmup,fresh_to_first_window,accept,accepted,simulated_response_read,19,0.1911,0.25988999999999984,0.310938,0.3237,19,"Modeled response generation, not physical acquisition.",per-observation exclusive interval; no sum-of-percentiles total
logistic_motion_logistic_anomaly,warmup,malformed_json_receiver,reject,malformed_message,admission_orchestration_unisolated,19,0.0,0.0,0.0,0.0,0,Admission orchestration remainder not covered by named children.,per-observation exclusive interval; no sum-of-percentiles total
logistic_motion_logistic_anomaly,warmup,malformed_json_receiver,reject,malformed_message,anomaly_consumer,19,0.0,0.0,0.0,0.0,0,Anomaly consumer including feature scaling and frozen-threshold decision.,per-observation exclusive interval; no sum-of-percentiles total
logistic_motion_logistic_anomaly,warmup,malformed_json_receiver,reject,malformed_message,binary32_adapter,19,0.0,0.0,0.0,0.0,0,Canonical binary32 input adaptation before sender sealing.,per-observation exclusive interval; no sum-of-percentiles total
logistic_motion_logistic_anomaly,warmup,malformed_json_receiver,reject,malformed_message,credential_verification,19,0.0,0.0,0.0,0.0,0,Recorded independent credential-verification call(s).,per-observation exclusive interval; no sum-of-percentiles total
logistic_motion_logistic_anomaly,warmup,malformed_json_receiver,reject,malformed_message,in_memory_audit_measured,19,0.044,0.07125999999999999,0.074572,0.0754,19,"Recorded audit record/prepare/commit spans, exclusive of their children; not all audit-related overhead and not durable storage.",per-observation exclusive interval; no sum-of-percentiles total
logistic_motion_logistic_anomaly,warmup,malformed_json_receiver,reject,malformed_message,local_admission_checks,19,0.0,0.0,0.0,0.0,0,"Measured local authorization/binding/consumption calls, excluding nested credential verification.",per-observation exclusive interval; no sum-of-percentiles total
logistic_motion_logistic_anomaly,warmup,malformed_json_receiver,reject,malformed_message,model_input_preprocessing,19,0.0,0.0,0.0,0.0,0,Shared model-input preparation; model-specific normalization remains in consumer timing.,per-observation exclusive interval; no sum-of-percentiles total
logistic_motion_logistic_anomaly,warmup,malformed_json_receiver,reject,malformed_message,motion_consumer,19,0.0,0.0,0.0,0.0,0,Motion consumer including normalization/tensor preparation/prediction decoding.,per-observation exclusive interval; no sum-of-percentiles total
logistic_motion_logistic_anomaly,warmup,malformed_json_receiver,reject,malformed_message,outer_orchestration_unisolated,19,0.0071,0.010849999999999997,0.01193,0.0122,19,Direct root/first-post-window remainder outside named child spans.,per-observation exclusive interval; no sum-of-percentiles total
logistic_motion_logistic_anomaly,warmup,malformed_json_receiver,reject,malformed_message,receiver_binding_sequence_state_unisolated,19,0.0379,0.05694999999999999,0.06235,0.0637,19,"Verifier remainder including binding, sequence checks, locks/state publication and observer work; NOT isolated sequence latency.",per-observation exclusive interval; no sum-of-percentiles total
logistic_motion_logistic_anomaly,warmup,malformed_json_receiver,reject,malformed_message,receiver_parsing,19,0.0342,0.044529999999999986,0.048346,0.0493,19,Envelope and binary parser call.,per-observation exclusive interval; no sum-of-percentiles total
logistic_motion_logistic_anomaly,warmup,malformed_json_receiver,reject,malformed_message,receiver_quality_check,19,0.0,0.0,0.0,0.0,0,Verifier quality-check call.,per-observation exclusive interval; no sum-of-percentiles total
logistic_motion_logistic_anomaly,warmup,malformed_json_receiver,reject,malformed_message,receiver_window_hmac,19,0.0,0.0,0.0,0.0,0,"Recorded verifier window-tag calculation, not complete authentication.",per-observation exclusive interval; no sum-of-percentiles total
logistic_motion_logistic_anomaly,warmup,malformed_json_receiver,reject,malformed_message,reconstruction,19,0.0,0.0,0.0,0.0,0,Actual recorded BCH reconstruction; includes any observer/GC delay.,per-observation exclusive interval; no sum-of-percentiles total
logistic_motion_logistic_anomaly,warmup,malformed_json_receiver,reject,malformed_message,release_conversion_unisolated,19,0.0,0.0,0.0,0.0,0,Accepted release remainder including conversion/dispatch/observer work outside consumer children.,per-observation exclusive interval; no sum-of-percentiles total
logistic_motion_logistic_anomaly,warmup,malformed_json_receiver,reject,malformed_message,sender_binding_unisolated,19,0.0,0.0,0.0,0.0,0,Sender seal remainder: binding/state/orchestration/observer work not separately timed.,per-observation exclusive interval; no sum-of-percentiles total
logistic_motion_logistic_anomaly,warmup,malformed_json_receiver,reject,malformed_message,sender_serialization_and_quality,19,0.0,0.0,0.0,0.0,0,Sender serialization including its quality validation; not separately timed.,per-observation exclusive interval; no sum-of-percentiles total
logistic_motion_logistic_anomaly,warmup,malformed_json_receiver,reject,malformed_message,sender_window_hmac,19,0.0,0.0,0.0,0.0,0,Recorded window-tag generation call.,per-observation exclusive interval; no sum-of-percentiles total
logistic_motion_logistic_anomaly,warmup,malformed_json_receiver,reject,malformed_message,session_establishment_unisolated,19,0.0,0.0,0.0,0.0,0,"Handshake/request/activation remainder, including unseparated HKDF/confirmation work and observer cost.",per-observation exclusive interval; no sum-of-percentiles total
logistic_motion_logistic_anomaly,warmup,malformed_json_receiver,reject,malformed_message,simulated_response_read,19,0.0,0.0,0.0,0.0,0,"Modeled response generation, not physical acquisition.",per-observation exclusive interval; no sum-of-percentiles total
logistic_motion_logistic_anomaly,warmup,post_window_after_refusals,accept,accepted,admission_orchestration_unisolated,19,0.0,0.0,0.0,0.0,0,Admission orchestration remainder not covered by named children.,per-observation exclusive interval; no sum-of-percentiles total
logistic_motion_logistic_anomaly,warmup,post_window_after_refusals,accept,accepted,anomaly_consumer,19,0.355,0.4537299999999999,0.486346,0.4945,19,Anomaly consumer including feature scaling and frozen-threshold decision.,per-observation exclusive interval; no sum-of-percentiles total
logistic_motion_logistic_anomaly,warmup,post_window_after_refusals,accept,accepted,binary32_adapter,19,1.0919,1.8543899999999998,1.952958,1.9776,19,Canonical binary32 input adaptation before sender sealing.,per-observation exclusive interval; no sum-of-percentiles total
logistic_motion_logistic_anomaly,warmup,post_window_after_refusals,accept,accepted,credential_verification,19,0.0,0.0,0.0,0.0,0,Recorded independent credential-verification call(s).,per-observation exclusive interval; no sum-of-percentiles total
logistic_motion_logistic_anomaly,warmup,post_window_after_refusals,accept,accepted,in_memory_audit_measured,19,0.0776,0.12364999999999998,0.13049,0.1322,19,"Recorded audit record/prepare/commit spans, exclusive of their children; not all audit-related overhead and not durable storage.",per-observation exclusive interval; no sum-of-percentiles total
logistic_motion_logistic_anomaly,warmup,post_window_after_refusals,accept,accepted,local_admission_checks,19,0.0,0.0,0.0,0.0,0,"Measured local authorization/binding/consumption calls, excluding nested credential verification.",per-observation exclusive interval; no sum-of-percentiles total
logistic_motion_logistic_anomaly,warmup,post_window_after_refusals,accept,accepted,model_input_preprocessing,19,3.3899,6.07335,6.09387,6.099,19,Shared model-input preparation; model-specific normalization remains in consumer timing.,per-observation exclusive interval; no sum-of-percentiles total
logistic_motion_logistic_anomaly,warmup,post_window_after_refusals,accept,accepted,motion_consumer,19,0.5043,1.05547,1.084774,1.0921,19,Motion consumer including normalization/tensor preparation/prediction decoding.,per-observation exclusive interval; no sum-of-percentiles total
logistic_motion_logistic_anomaly,warmup,post_window_after_refusals,accept,accepted,outer_orchestration_unisolated,19,0.067,0.09072999999999995,0.103906,0.1072,19,Direct root/first-post-window remainder outside named child spans.,per-observation exclusive interval; no sum-of-percentiles total
logistic_motion_logistic_anomaly,warmup,post_window_after_refusals,accept,accepted,receiver_binding_sequence_state_unisolated,19,0.0829,0.14526,0.147852,0.1485,19,"Verifier remainder including binding, sequence checks, locks/state publication and observer work; NOT isolated sequence latency.",per-observation exclusive interval; no sum-of-percentiles total
logistic_motion_logistic_anomaly,warmup,post_window_after_refusals,accept,accepted,receiver_parsing,19,1.455,2.7468899999999996,2.848338,2.8737,19,Envelope and binary parser call.,per-observation exclusive interval; no sum-of-percentiles total
logistic_motion_logistic_anomaly,warmup,post_window_after_refusals,accept,accepted,receiver_quality_check,19,4.4626,8.3548,8.53912,8.5852,19,Verifier quality-check call.,per-observation exclusive interval; no sum-of-percentiles total
logistic_motion_logistic_anomaly,warmup,post_window_after_refusals,accept,accepted,receiver_window_hmac,19,0.0149,0.028229999999999977,0.035646,0.0375,19,"Recorded verifier window-tag calculation, not complete authentication.",per-observation exclusive interval; no sum-of-percentiles total
logistic_motion_logistic_anomaly,warmup,post_window_after_refusals,accept,accepted,reconstruction,19,0.0,0.0,0.0,0.0,0,Actual recorded BCH reconstruction; includes any observer/GC delay.,per-observation exclusive interval; no sum-of-percentiles total
logistic_motion_logistic_anomaly,warmup,post_window_after_refusals,accept,accepted,release_conversion_unisolated,19,0.4799,0.8522599999999999,0.885812,0.8942,19,Accepted release remainder including conversion/dispatch/observer work outside consumer children.,per-observation exclusive interval; no sum-of-percentiles total
logistic_motion_logistic_anomaly,warmup,post_window_after_refusals,accept,accepted,sender_binding_unisolated,19,0.1126,0.18318999999999996,0.193198,0.1957,19,Sender seal remainder: binding/state/orchestration/observer work not separately timed.,per-observation exclusive interval; no sum-of-percentiles total
logistic_motion_logistic_anomaly,warmup,post_window_after_refusals,accept,accepted,sender_serialization_and_quality,19,5.1022,7.100689999999997,8.395178,8.7188,19,Sender serialization including its quality validation; not separately timed.,per-observation exclusive interval; no sum-of-percentiles total
logistic_motion_logistic_anomaly,warmup,post_window_after_refusals,accept,accepted,sender_window_hmac,19,0.0228,0.04456999999999998,0.052994,0.0551,19,Recorded window-tag generation call.,per-observation exclusive interval; no sum-of-percentiles total
logistic_motion_logistic_anomaly,warmup,post_window_after_refusals,accept,accepted,session_establishment_unisolated,19,0.0,0.0,0.0,0.0,0,"Handshake/request/activation remainder, including unseparated HKDF/confirmation work and observer cost.",per-observation exclusive interval; no sum-of-percentiles total
logistic_motion_logistic_anomaly,warmup,post_window_after_refusals,accept,accepted,simulated_response_read,19,0.0,0.0,0.0,0.0,0,"Modeled response generation, not physical acquisition.",per-observation exclusive interval; no sum-of-percentiles total
logistic_motion_logistic_anomaly,warmup,post_window_recurring,accept,accepted,admission_orchestration_unisolated,19,0.0,0.0,0.0,0.0,0,Admission orchestration remainder not covered by named children.,per-observation exclusive interval; no sum-of-percentiles total
logistic_motion_logistic_anomaly,warmup,post_window_recurring,accept,accepted,anomaly_consumer,19,0.3666,0.6097099999999999,0.655862,0.6674,19,Anomaly consumer including feature scaling and frozen-threshold decision.,per-observation exclusive interval; no sum-of-percentiles total
logistic_motion_logistic_anomaly,warmup,post_window_recurring,accept,accepted,binary32_adapter,19,1.052,1.8034599999999998,1.883812,1.9039,19,Canonical binary32 input adaptation before sender sealing.,per-observation exclusive interval; no sum-of-percentiles total
logistic_motion_logistic_anomaly,warmup,post_window_recurring,accept,accepted,credential_verification,19,0.0,0.0,0.0,0.0,0,Recorded independent credential-verification call(s).,per-observation exclusive interval; no sum-of-percentiles total
logistic_motion_logistic_anomaly,warmup,post_window_recurring,accept,accepted,in_memory_audit_measured,19,0.0874,0.1607599999999997,0.26271200000000006,0.2882,19,"Recorded audit record/prepare/commit spans, exclusive of their children; not all audit-related overhead and not durable storage.",per-observation exclusive interval; no sum-of-percentiles total
logistic_motion_logistic_anomaly,warmup,post_window_recurring,accept,accepted,local_admission_checks,19,0.0,0.0,0.0,0.0,0,"Measured local authorization/binding/consumption calls, excluding nested credential verification.",per-observation exclusive interval; no sum-of-percentiles total
logistic_motion_logistic_anomaly,warmup,post_window_recurring,accept,accepted,model_input_preprocessing,19,3.4513,5.60947,5.652454,5.6632,19,Shared model-input preparation; model-specific normalization remains in consumer timing.,per-observation exclusive interval; no sum-of-percentiles total
logistic_motion_logistic_anomaly,warmup,post_window_recurring,accept,accepted,motion_consumer,19,0.4594,0.76252,0.772744,0.7753,19,Motion consumer including normalization/tensor preparation/prediction decoding.,per-observation exclusive interval; no sum-of-percentiles total
logistic_motion_logistic_anomaly,warmup,post_window_recurring,accept,accepted,outer_orchestration_unisolated,19,0.0699,0.10637999999999997,0.117756,0.1206,19,Direct root/first-post-window remainder outside named child spans.,per-observation exclusive interval; no sum-of-percentiles total
logistic_motion_logistic_anomaly,warmup,post_window_recurring,accept,accepted,receiver_binding_sequence_state_unisolated,19,0.087,0.13705999999999993,0.157652,0.1628,19,"Verifier remainder including binding, sequence checks, locks/state publication and observer work; NOT isolated sequence latency.",per-observation exclusive interval; no sum-of-percentiles total
logistic_motion_logistic_anomaly,warmup,post_window_recurring,accept,accepted,receiver_parsing,19,1.5645,2.4724799999999996,2.614896,2.6505,19,Envelope and binary parser call.,per-observation exclusive interval; no sum-of-percentiles total
logistic_motion_logistic_anomaly,warmup,post_window_recurring,accept,accepted,receiver_quality_check,19,4.877,7.80617,7.920434,7.949,19,Verifier quality-check call.,per-observation exclusive interval; no sum-of-percentiles total
logistic_motion_logistic_anomaly,warmup,post_window_recurring,accept,accepted,receiver_window_hmac,19,0.0166,0.024879999999999996,0.026176,0.0265,19,"Recorded verifier window-tag calculation, not complete authentication.",per-observation exclusive interval; no sum-of-percentiles total
logistic_motion_logistic_anomaly,warmup,post_window_recurring,accept,accepted,reconstruction,19,0.0,0.0,0.0,0.0,0,Actual recorded BCH reconstruction; includes any observer/GC delay.,per-observation exclusive interval; no sum-of-percentiles total
logistic_motion_logistic_anomaly,warmup,post_window_recurring,accept,accepted,release_conversion_unisolated,19,0.491,0.8344,0.83512,0.8353,19,Accepted release remainder including conversion/dispatch/observer work outside consumer children.,per-observation exclusive interval; no sum-of-percentiles total
logistic_motion_logistic_anomaly,warmup,post_window_recurring,accept,accepted,sender_binding_unisolated,19,0.1258,0.19374999999999998,0.20203,0.2041,19,Sender seal remainder: binding/state/orchestration/observer work not separately timed.,per-observation exclusive interval; no sum-of-percentiles total
logistic_motion_logistic_anomaly,warmup,post_window_recurring,accept,accepted,sender_serialization_and_quality,19,4.9458,8.35336,8.417152,8.4331,19,Sender serialization including its quality validation; not separately timed.,per-observation exclusive interval; no sum-of-percentiles total
logistic_motion_logistic_anomaly,warmup,post_window_recurring,accept,accepted,sender_window_hmac,19,0.0214,0.03934999999999996,0.05051,0.0533,19,Recorded window-tag generation call.,per-observation exclusive interval; no sum-of-percentiles total
logistic_motion_logistic_anomaly,warmup,post_window_recurring,accept,accepted,session_establishment_unisolated,19,0.0,0.0,0.0,0.0,0,"Handshake/request/activation remainder, including unseparated HKDF/confirmation work and observer cost.",per-observation exclusive interval; no sum-of-percentiles total
logistic_motion_logistic_anomaly,warmup,post_window_recurring,accept,accepted,simulated_response_read,19,0.0,0.0,0.0,0.0,0,"Modeled response generation, not physical acquisition.",per-observation exclusive interval; no sum-of-percentiles total
logistic_motion_logistic_anomaly,warmup,pre_tag_quality_refusal,reject,data_quality_failure,admission_orchestration_unisolated,19,0.0,0.0,0.0,0.0,0,Admission orchestration remainder not covered by named children.,per-observation exclusive interval; no sum-of-percentiles total
logistic_motion_logistic_anomaly,warmup,pre_tag_quality_refusal,reject,data_quality_failure,anomaly_consumer,19,0.0,0.0,0.0,0.0,0,Anomaly consumer including feature scaling and frozen-threshold decision.,per-observation exclusive interval; no sum-of-percentiles total
logistic_motion_logistic_anomaly,warmup,pre_tag_quality_refusal,reject,data_quality_failure,binary32_adapter,19,1.0954,1.6873799999999992,1.899636,1.9527,19,Canonical binary32 input adaptation before sender sealing.,per-observation exclusive interval; no sum-of-percentiles total
logistic_motion_logistic_anomaly,warmup,pre_tag_quality_refusal,reject,data_quality_failure,credential_verification,19,0.0,0.0,0.0,0.0,0,Recorded independent credential-verification call(s).,per-observation exclusive interval; no sum-of-percentiles total
logistic_motion_logistic_anomaly,warmup,pre_tag_quality_refusal,reject,data_quality_failure,in_memory_audit_measured,19,0.0447,0.07383999999999999,0.080608,0.0823,19,"Recorded audit record/prepare/commit spans, exclusive of their children; not all audit-related overhead and not durable storage.",per-observation exclusive interval; no sum-of-percentiles total
logistic_motion_logistic_anomaly,warmup,pre_tag_quality_refusal,reject,data_quality_failure,local_admission_checks,19,0.0,0.0,0.0,0.0,0,"Measured local authorization/binding/consumption calls, excluding nested credential verification.",per-observation exclusive interval; no sum-of-percentiles total
logistic_motion_logistic_anomaly,warmup,pre_tag_quality_refusal,reject,data_quality_failure,model_input_preprocessing,19,0.0,0.0,0.0,0.0,0,Shared model-input preparation; model-specific normalization remains in consumer timing.,per-observation exclusive interval; no sum-of-percentiles total
logistic_motion_logistic_anomaly,warmup,pre_tag_quality_refusal,reject,data_quality_failure,motion_consumer,19,0.0,0.0,0.0,0.0,0,Motion consumer including normalization/tensor preparation/prediction decoding.,per-observation exclusive interval; no sum-of-percentiles total
logistic_motion_logistic_anomaly,warmup,pre_tag_quality_refusal,reject,data_quality_failure,outer_orchestration_unisolated,19,0.042,0.07301,0.074522,0.0749,19,Direct root/first-post-window remainder outside named child spans.,per-observation exclusive interval; no sum-of-percentiles total
logistic_motion_logistic_anomaly,warmup,pre_tag_quality_refusal,reject,data_quality_failure,receiver_binding_sequence_state_unisolated,19,0.0,0.0,0.0,0.0,0,"Verifier remainder including binding, sequence checks, locks/state publication and observer work; NOT isolated sequence latency.",per-observation exclusive interval; no sum-of-percentiles total
logistic_motion_logistic_anomaly,warmup,pre_tag_quality_refusal,reject,data_quality_failure,receiver_parsing,19,0.0,0.0,0.0,0.0,0,Envelope and binary parser call.,per-observation exclusive interval; no sum-of-percentiles total
logistic_motion_logistic_anomaly,warmup,pre_tag_quality_refusal,reject,data_quality_failure,receiver_quality_check,19,0.0,0.0,0.0,0.0,0,Verifier quality-check call.,per-observation exclusive interval; no sum-of-percentiles total
logistic_motion_logistic_anomaly,warmup,pre_tag_quality_refusal,reject,data_quality_failure,receiver_window_hmac,19,0.0,0.0,0.0,0.0,0,"Recorded verifier window-tag calculation, not complete authentication.",per-observation exclusive interval; no sum-of-percentiles total
logistic_motion_logistic_anomaly,warmup,pre_tag_quality_refusal,reject,data_quality_failure,reconstruction,19,0.0,0.0,0.0,0.0,0,Actual recorded BCH reconstruction; includes any observer/GC delay.,per-observation exclusive interval; no sum-of-percentiles total
logistic_motion_logistic_anomaly,warmup,pre_tag_quality_refusal,reject,data_quality_failure,release_conversion_unisolated,19,0.0,0.0,0.0,0.0,0,Accepted release remainder including conversion/dispatch/observer work outside consumer children.,per-observation exclusive interval; no sum-of-percentiles total
logistic_motion_logistic_anomaly,warmup,pre_tag_quality_refusal,reject,data_quality_failure,sender_binding_unisolated,19,0.0653,0.10465999999999998,0.113012,0.1151,19,Sender seal remainder: binding/state/orchestration/observer work not separately timed.,per-observation exclusive interval; no sum-of-percentiles total
logistic_motion_logistic_anomaly,warmup,pre_tag_quality_refusal,reject,data_quality_failure,sender_serialization_and_quality,19,0.4784,0.8389599999999999,0.894832,0.9088,19,Sender serialization including its quality validation; not separately timed.,per-observation exclusive interval; no sum-of-percentiles total
logistic_motion_logistic_anomaly,warmup,pre_tag_quality_refusal,reject,data_quality_failure,sender_window_hmac,19,0.0,0.0,0.0,0.0,0,Recorded window-tag generation call.,per-observation exclusive interval; no sum-of-percentiles total
logistic_motion_logistic_anomaly,warmup,pre_tag_quality_refusal,reject,data_quality_failure,session_establishment_unisolated,19,0.0,0.0,0.0,0.0,0,"Handshake/request/activation remainder, including unseparated HKDF/confirmation work and observer cost.",per-observation exclusive interval; no sum-of-percentiles total
logistic_motion_logistic_anomaly,warmup,pre_tag_quality_refusal,reject,data_quality_failure,simulated_response_read,19,0.0,0.0,0.0,0.0,0,"Modeled response generation, not physical acquisition.",per-observation exclusive interval; no sum-of-percentiles total
logistic_motion_logistic_anomaly,warmup,valid_receiver_after_bad_tag,accept,accepted,admission_orchestration_unisolated,19,0.0,0.0,0.0,0.0,0,Admission orchestration remainder not covered by named children.,per-observation exclusive interval; no sum-of-percentiles total
logistic_motion_logistic_anomaly,warmup,valid_receiver_after_bad_tag,accept,accepted,anomaly_consumer,19,0.3594,0.57127,0.583294,0.5863,19,Anomaly consumer including feature scaling and frozen-threshold decision.,per-observation exclusive interval; no sum-of-percentiles total
logistic_motion_logistic_anomaly,warmup,valid_receiver_after_bad_tag,accept,accepted,binary32_adapter,19,0.0,0.0,0.0,0.0,0,Canonical binary32 input adaptation before sender sealing.,per-observation exclusive interval; no sum-of-percentiles total
logistic_motion_logistic_anomaly,warmup,valid_receiver_after_bad_tag,accept,accepted,credential_verification,19,0.0,0.0,0.0,0.0,0,Recorded independent credential-verification call(s).,per-observation exclusive interval; no sum-of-percentiles total
logistic_motion_logistic_anomaly,warmup,valid_receiver_after_bad_tag,accept,accepted,in_memory_audit_measured,19,0.0393,0.058019999999999995,0.059604,0.06,19,"Recorded audit record/prepare/commit spans, exclusive of their children; not all audit-related overhead and not durable storage.",per-observation exclusive interval; no sum-of-percentiles total
logistic_motion_logistic_anomaly,warmup,valid_receiver_after_bad_tag,accept,accepted,local_admission_checks,19,0.0,0.0,0.0,0.0,0,"Measured local authorization/binding/consumption calls, excluding nested credential verification.",per-observation exclusive interval; no sum-of-percentiles total
logistic_motion_logistic_anomaly,warmup,valid_receiver_after_bad_tag,accept,accepted,model_input_preprocessing,19,3.4713,5.295999999999998,6.0988,6.2995,19,Shared model-input preparation; model-specific normalization remains in consumer timing.,per-observation exclusive interval; no sum-of-percentiles total
logistic_motion_logistic_anomaly,warmup,valid_receiver_after_bad_tag,accept,accepted,motion_consumer,19,0.5128,0.6569199999999998,0.689464,0.6976,19,Motion consumer including normalization/tensor preparation/prediction decoding.,per-observation exclusive interval; no sum-of-percentiles total
logistic_motion_logistic_anomaly,warmup,valid_receiver_after_bad_tag,accept,accepted,outer_orchestration_unisolated,19,0.0182,0.02548999999999998,0.031898,0.0335,19,Direct root/first-post-window remainder outside named child spans.,per-observation exclusive interval; no sum-of-percentiles total
logistic_motion_logistic_anomaly,warmup,valid_receiver_after_bad_tag,accept,accepted,receiver_binding_sequence_state_unisolated,19,0.0936,0.1187599999999999,0.153032,0.1616,19,"Verifier remainder including binding, sequence checks, locks/state publication and observer work; NOT isolated sequence latency.",per-observation exclusive interval; no sum-of-percentiles total
logistic_motion_logistic_anomaly,warmup,valid_receiver_after_bad_tag,accept,accepted,receiver_parsing,19,1.4864,2.0717499999999984,2.53075,2.6455,19,Envelope and binary parser call.,per-observation exclusive interval; no sum-of-percentiles total
logistic_motion_logistic_anomaly,warmup,valid_receiver_after_bad_tag,accept,accepted,receiver_quality_check,19,4.8591,6.184479999999998,6.787696,6.9385,19,Verifier quality-check call.,per-observation exclusive interval; no sum-of-percentiles total
logistic_motion_logistic_anomaly,warmup,valid_receiver_after_bad_tag,accept,accepted,receiver_window_hmac,19,0.0155,0.026839999999999992,0.029288,0.0299,19,"Recorded verifier window-tag calculation, not complete authentication.",per-observation exclusive interval; no sum-of-percentiles total
logistic_motion_logistic_anomaly,warmup,valid_receiver_after_bad_tag,accept,accepted,reconstruction,19,0.0,0.0,0.0,0.0,0,Actual recorded BCH reconstruction; includes any observer/GC delay.,per-observation exclusive interval; no sum-of-percentiles total
logistic_motion_logistic_anomaly,warmup,valid_receiver_after_bad_tag,accept,accepted,release_conversion_unisolated,19,0.521,0.8231599999999999,0.843752,0.8489,19,Accepted release remainder including conversion/dispatch/observer work outside consumer children.,per-observation exclusive interval; no sum-of-percentiles total
logistic_motion_logistic_anomaly,warmup,valid_receiver_after_bad_tag,accept,accepted,sender_binding_unisolated,19,0.0,0.0,0.0,0.0,0,Sender seal remainder: binding/state/orchestration/observer work not separately timed.,per-observation exclusive interval; no sum-of-percentiles total
logistic_motion_logistic_anomaly,warmup,valid_receiver_after_bad_tag,accept,accepted,sender_serialization_and_quality,19,0.0,0.0,0.0,0.0,0,Sender serialization including its quality validation; not separately timed.,per-observation exclusive interval; no sum-of-percentiles total
logistic_motion_logistic_anomaly,warmup,valid_receiver_after_bad_tag,accept,accepted,sender_window_hmac,19,0.0,0.0,0.0,0.0,0,Recorded window-tag generation call.,per-observation exclusive interval; no sum-of-percentiles total
logistic_motion_logistic_anomaly,warmup,valid_receiver_after_bad_tag,accept,accepted,session_establishment_unisolated,19,0.0,0.0,0.0,0.0,0,"Handshake/request/activation remainder, including unseparated HKDF/confirmation work and observer cost.",per-observation exclusive interval; no sum-of-percentiles total
logistic_motion_logistic_anomaly,warmup,valid_receiver_after_bad_tag,accept,accepted,simulated_response_read,19,0.0,0.0,0.0,0.0,0,"Modeled response generation, not physical acquisition.",per-observation exclusive interval; no sum-of-percentiles total
snn32_seed17_forest_anomaly,condition_first_use,bad_tag_receiver,reject,invalid_tag,admission_orchestration_unisolated,1,0.0,0.0,0.0,0.0,0,Admission orchestration remainder not covered by named children.,per-observation exclusive interval; no sum-of-percentiles total
snn32_seed17_forest_anomaly,condition_first_use,bad_tag_receiver,reject,invalid_tag,anomaly_consumer,1,0.0,0.0,0.0,0.0,0,Anomaly consumer including feature scaling and frozen-threshold decision.,per-observation exclusive interval; no sum-of-percentiles total
snn32_seed17_forest_anomaly,condition_first_use,bad_tag_receiver,reject,invalid_tag,binary32_adapter,1,0.0,0.0,0.0,0.0,0,Canonical binary32 input adaptation before sender sealing.,per-observation exclusive interval; no sum-of-percentiles total
snn32_seed17_forest_anomaly,condition_first_use,bad_tag_receiver,reject,invalid_tag,credential_verification,1,0.0,0.0,0.0,0.0,0,Recorded independent credential-verification call(s).,per-observation exclusive interval; no sum-of-percentiles total
snn32_seed17_forest_anomaly,condition_first_use,bad_tag_receiver,reject,invalid_tag,in_memory_audit_measured,1,0.0444,0.0444,0.0444,0.0444,1,"Recorded audit record/prepare/commit spans, exclusive of their children; not all audit-related overhead and not durable storage.",per-observation exclusive interval; no sum-of-percentiles total
snn32_seed17_forest_anomaly,condition_first_use,bad_tag_receiver,reject,invalid_tag,local_admission_checks,1,0.0,0.0,0.0,0.0,0,"Measured local authorization/binding/consumption calls, excluding nested credential verification.",per-observation exclusive interval; no sum-of-percentiles total
snn32_seed17_forest_anomaly,condition_first_use,bad_tag_receiver,reject,invalid_tag,model_input_preprocessing,1,0.0,0.0,0.0,0.0,0,Shared model-input preparation; model-specific normalization remains in consumer timing.,per-observation exclusive interval; no sum-of-percentiles total
snn32_seed17_forest_anomaly,condition_first_use,bad_tag_receiver,reject,invalid_tag,motion_consumer,1,0.0,0.0,0.0,0.0,0,Motion consumer including normalization/tensor preparation/prediction decoding.,per-observation exclusive interval; no sum-of-percentiles total
snn32_seed17_forest_anomaly,condition_first_use,bad_tag_receiver,reject,invalid_tag,outer_orchestration_unisolated,1,0.0124,0.0124,0.0124,0.0124,1,Direct root/first-post-window remainder outside named child spans.,per-observation exclusive interval; no sum-of-percentiles total
snn32_seed17_forest_anomaly,condition_first_use,bad_tag_receiver,reject,invalid_tag,receiver_binding_sequence_state_unisolated,1,0.1023,0.1023,0.1023,0.1023,1,"Verifier remainder including binding, sequence checks, locks/state publication and observer work; NOT isolated sequence latency.",per-observation exclusive interval; no sum-of-percentiles total
snn32_seed17_forest_anomaly,condition_first_use,bad_tag_receiver,reject,invalid_tag,receiver_parsing,1,1.65,1.65,1.65,1.65,1,Envelope and binary parser call.,per-observation exclusive interval; no sum-of-percentiles total
snn32_seed17_forest_anomaly,condition_first_use,bad_tag_receiver,reject,invalid_tag,receiver_quality_check,1,0.0,0.0,0.0,0.0,0,Verifier quality-check call.,per-observation exclusive interval; no sum-of-percentiles total
snn32_seed17_forest_anomaly,condition_first_use,bad_tag_receiver,reject,invalid_tag,receiver_window_hmac,1,0.0178,0.0178,0.0178,0.0178,1,"Recorded verifier window-tag calculation, not complete authentication.",per-observation exclusive interval; no sum-of-percentiles total
snn32_seed17_forest_anomaly,condition_first_use,bad_tag_receiver,reject,invalid_tag,reconstruction,1,0.0,0.0,0.0,0.0,0,Actual recorded BCH reconstruction; includes any observer/GC delay.,per-observation exclusive interval; no sum-of-percentiles total
snn32_seed17_forest_anomaly,condition_first_use,bad_tag_receiver,reject,invalid_tag,release_conversion_unisolated,1,0.0,0.0,0.0,0.0,0,Accepted release remainder including conversion/dispatch/observer work outside consumer children.,per-observation exclusive interval; no sum-of-percentiles total
snn32_seed17_forest_anomaly,condition_first_use,bad_tag_receiver,reject,invalid_tag,sender_binding_unisolated,1,0.0,0.0,0.0,0.0,0,Sender seal remainder: binding/state/orchestration/observer work not separately timed.,per-observation exclusive interval; no sum-of-percentiles total
snn32_seed17_forest_anomaly,condition_first_use,bad_tag_receiver,reject,invalid_tag,sender_serialization_and_quality,1,0.0,0.0,0.0,0.0,0,Sender serialization including its quality validation; not separately timed.,per-observation exclusive interval; no sum-of-percentiles total
snn32_seed17_forest_anomaly,condition_first_use,bad_tag_receiver,reject,invalid_tag,sender_window_hmac,1,0.0,0.0,0.0,0.0,0,Recorded window-tag generation call.,per-observation exclusive interval; no sum-of-percentiles total
snn32_seed17_forest_anomaly,condition_first_use,bad_tag_receiver,reject,invalid_tag,session_establishment_unisolated,1,0.0,0.0,0.0,0.0,0,"Handshake/request/activation remainder, including unseparated HKDF/confirmation work and observer cost.",per-observation exclusive interval; no sum-of-percentiles total
snn32_seed17_forest_anomaly,condition_first_use,bad_tag_receiver,reject,invalid_tag,simulated_response_read,1,0.0,0.0,0.0,0.0,0,"Modeled response generation, not physical acquisition.",per-observation exclusive interval; no sum-of-percentiles total
snn32_seed17_forest_anomaly,condition_first_use,exact_replay_receiver,reject,duplicate_sequence,admission_orchestration_unisolated,1,0.0,0.0,0.0,0.0,0,Admission orchestration remainder not covered by named children.,per-observation exclusive interval; no sum-of-percentiles total
snn32_seed17_forest_anomaly,condition_first_use,exact_replay_receiver,reject,duplicate_sequence,anomaly_consumer,1,0.0,0.0,0.0,0.0,0,Anomaly consumer including feature scaling and frozen-threshold decision.,per-observation exclusive interval; no sum-of-percentiles total
snn32_seed17_forest_anomaly,condition_first_use,exact_replay_receiver,reject,duplicate_sequence,binary32_adapter,1,0.0,0.0,0.0,0.0,0,Canonical binary32 input adaptation before sender sealing.,per-observation exclusive interval; no sum-of-percentiles total
snn32_seed17_forest_anomaly,condition_first_use,exact_replay_receiver,reject,duplicate_sequence,credential_verification,1,0.0,0.0,0.0,0.0,0,Recorded independent credential-verification call(s).,per-observation exclusive interval; no sum-of-percentiles total
snn32_seed17_forest_anomaly,condition_first_use,exact_replay_receiver,reject,duplicate_sequence,in_memory_audit_measured,1,0.0679,0.0679,0.0679,0.0679,1,"Recorded audit record/prepare/commit spans, exclusive of their children; not all audit-related overhead and not durable storage.",per-observation exclusive interval; no sum-of-percentiles total
snn32_seed17_forest_anomaly,condition_first_use,exact_replay_receiver,reject,duplicate_sequence,local_admission_checks,1,0.0,0.0,0.0,0.0,0,"Measured local authorization/binding/consumption calls, excluding nested credential verification.",per-observation exclusive interval; no sum-of-percentiles total
snn32_seed17_forest_anomaly,condition_first_use,exact_replay_receiver,reject,duplicate_sequence,model_input_preprocessing,1,0.0,0.0,0.0,0.0,0,Shared model-input preparation; model-specific normalization remains in consumer timing.,per-observation exclusive interval; no sum-of-percentiles total
snn32_seed17_forest_anomaly,condition_first_use,exact_replay_receiver,reject,duplicate_sequence,motion_consumer,1,0.0,0.0,0.0,0.0,0,Motion consumer including normalization/tensor preparation/prediction decoding.,per-observation exclusive interval; no sum-of-percentiles total
snn32_seed17_forest_anomaly,condition_first_use,exact_replay_receiver,reject,duplicate_sequence,outer_orchestration_unisolated,1,0.01,0.01,0.01,0.01,1,Direct root/first-post-window remainder outside named child spans.,per-observation exclusive interval; no sum-of-percentiles total
snn32_seed17_forest_anomaly,condition_first_use,exact_replay_receiver,reject,duplicate_sequence,receiver_binding_sequence_state_unisolated,1,0.0963,0.0963,0.0963,0.0963,1,"Verifier remainder including binding, sequence checks, locks/state publication and observer work; NOT isolated sequence latency.",per-observation exclusive interval; no sum-of-percentiles total
snn32_seed17_forest_anomaly,condition_first_use,exact_replay_receiver,reject,duplicate_sequence,receiver_parsing,1,5.8152,5.8152,5.8152,5.8152,1,Envelope and binary parser call.,per-observation exclusive interval; no sum-of-percentiles total
snn32_seed17_forest_anomaly,condition_first_use,exact_replay_receiver,reject,duplicate_sequence,receiver_quality_check,1,2.5863,2.5863,2.5863,2.5863,1,Verifier quality-check call.,per-observation exclusive interval; no sum-of-percentiles total
snn32_seed17_forest_anomaly,condition_first_use,exact_replay_receiver,reject,duplicate_sequence,receiver_window_hmac,1,0.0194,0.0194,0.0194,0.0194,1,"Recorded verifier window-tag calculation, not complete authentication.",per-observation exclusive interval; no sum-of-percentiles total
snn32_seed17_forest_anomaly,condition_first_use,exact_replay_receiver,reject,duplicate_sequence,reconstruction,1,0.0,0.0,0.0,0.0,0,Actual recorded BCH reconstruction; includes any observer/GC delay.,per-observation exclusive interval; no sum-of-percentiles total
snn32_seed17_forest_anomaly,condition_first_use,exact_replay_receiver,reject,duplicate_sequence,release_conversion_unisolated,1,0.0,0.0,0.0,0.0,0,Accepted release remainder including conversion/dispatch/observer work outside consumer children.,per-observation exclusive interval; no sum-of-percentiles total
snn32_seed17_forest_anomaly,condition_first_use,exact_replay_receiver,reject,duplicate_sequence,sender_binding_unisolated,1,0.0,0.0,0.0,0.0,0,Sender seal remainder: binding/state/orchestration/observer work not separately timed.,per-observation exclusive interval; no sum-of-percentiles total
snn32_seed17_forest_anomaly,condition_first_use,exact_replay_receiver,reject,duplicate_sequence,sender_serialization_and_quality,1,0.0,0.0,0.0,0.0,0,Sender serialization including its quality validation; not separately timed.,per-observation exclusive interval; no sum-of-percentiles total
snn32_seed17_forest_anomaly,condition_first_use,exact_replay_receiver,reject,duplicate_sequence,sender_window_hmac,1,0.0,0.0,0.0,0.0,0,Recorded window-tag generation call.,per-observation exclusive interval; no sum-of-percentiles total
snn32_seed17_forest_anomaly,condition_first_use,exact_replay_receiver,reject,duplicate_sequence,session_establishment_unisolated,1,0.0,0.0,0.0,0.0,0,"Handshake/request/activation remainder, including unseparated HKDF/confirmation work and observer cost.",per-observation exclusive interval; no sum-of-percentiles total
snn32_seed17_forest_anomaly,condition_first_use,exact_replay_receiver,reject,duplicate_sequence,simulated_response_read,1,0.0,0.0,0.0,0.0,0,"Modeled response generation, not physical acquisition.",per-observation exclusive interval; no sum-of-percentiles total
snn32_seed17_forest_anomaly,condition_first_use,fresh_to_first_window,accept,accepted,admission_orchestration_unisolated,1,0.056,0.056,0.056,0.056,1,Admission orchestration remainder not covered by named children.,per-observation exclusive interval; no sum-of-percentiles total
snn32_seed17_forest_anomaly,condition_first_use,fresh_to_first_window,accept,accepted,anomaly_consumer,1,8.3,8.3,8.3,8.3,1,Anomaly consumer including feature scaling and frozen-threshold decision.,per-observation exclusive interval; no sum-of-percentiles total
snn32_seed17_forest_anomaly,condition_first_use,fresh_to_first_window,accept,accepted,binary32_adapter,1,1.3172,1.3172,1.3172,1.3172,1,Canonical binary32 input adaptation before sender sealing.,per-observation exclusive interval; no sum-of-percentiles total
snn32_seed17_forest_anomaly,condition_first_use,fresh_to_first_window,accept,accepted,credential_verification,1,0.056,0.056,0.056,0.056,1,Recorded independent credential-verification call(s).,per-observation exclusive interval; no sum-of-percentiles total
snn32_seed17_forest_anomaly,condition_first_use,fresh_to_first_window,accept,accepted,in_memory_audit_measured,1,0.3104,0.3104,0.3104,0.3104,1,"Recorded audit record/prepare/commit spans, exclusive of their children; not all audit-related overhead and not durable storage.",per-observation exclusive interval; no sum-of-percentiles total
snn32_seed17_forest_anomaly,condition_first_use,fresh_to_first_window,accept,accepted,local_admission_checks,1,0.0799,0.0799,0.0799,0.0799,1,"Measured local authorization/binding/consumption calls, excluding nested credential verification.",per-observation exclusive interval; no sum-of-percentiles total
snn32_seed17_forest_anomaly,condition_first_use,fresh_to_first_window,accept,accepted,model_input_preprocessing,1,5.4131,5.4131,5.4131,5.4131,1,Shared model-input preparation; model-specific normalization remains in consumer timing.,per-observation exclusive interval; no sum-of-percentiles total
snn32_seed17_forest_anomaly,condition_first_use,fresh_to_first_window,accept,accepted,motion_consumer,1,18.044,18.044,18.044,18.044,1,Motion consumer including normalization/tensor preparation/prediction decoding.,per-observation exclusive interval; no sum-of-percentiles total
snn32_seed17_forest_anomaly,condition_first_use,fresh_to_first_window,accept,accepted,outer_orchestration_unisolated,1,0.1897,0.1897,0.1897,0.1897,1,Direct root/first-post-window remainder outside named child spans.,per-observation exclusive interval; no sum-of-percentiles total
snn32_seed17_forest_anomaly,condition_first_use,fresh_to_first_window,accept,accepted,receiver_binding_sequence_state_unisolated,1,0.1207,0.1207,0.1207,0.1207,1,"Verifier remainder including binding, sequence checks, locks/state publication and observer work; NOT isolated sequence latency.",per-observation exclusive interval; no sum-of-percentiles total
snn32_seed17_forest_anomaly,condition_first_use,fresh_to_first_window,accept,accepted,receiver_parsing,1,2.132,2.132,2.132,2.132,1,Envelope and binary parser call.,per-observation exclusive interval; no sum-of-percentiles total
snn32_seed17_forest_anomaly,condition_first_use,fresh_to_first_window,accept,accepted,receiver_quality_check,1,5.7527,5.7527,5.7527,5.7527,1,Verifier quality-check call.,per-observation exclusive interval; no sum-of-percentiles total
snn32_seed17_forest_anomaly,condition_first_use,fresh_to_first_window,accept,accepted,receiver_window_hmac,1,0.0231,0.0231,0.0231,0.0231,1,"Recorded verifier window-tag calculation, not complete authentication.",per-observation exclusive interval; no sum-of-percentiles total
snn32_seed17_forest_anomaly,condition_first_use,fresh_to_first_window,accept,accepted,reconstruction,1,7.1571,7.1571,7.1571,7.1571,1,Actual recorded BCH reconstruction; includes any observer/GC delay.,per-observation exclusive interval; no sum-of-percentiles total
snn32_seed17_forest_anomaly,condition_first_use,fresh_to_first_window,accept,accepted,release_conversion_unisolated,1,0.6974,0.6974,0.6974,0.6974,1,Accepted release remainder including conversion/dispatch/observer work outside consumer children.,per-observation exclusive interval; no sum-of-percentiles total
snn32_seed17_forest_anomaly,condition_first_use,fresh_to_first_window,accept,accepted,sender_binding_unisolated,1,0.1934,0.1934,0.1934,0.1934,1,Sender seal remainder: binding/state/orchestration/observer work not separately timed.,per-observation exclusive interval; no sum-of-percentiles total
snn32_seed17_forest_anomaly,condition_first_use,fresh_to_first_window,accept,accepted,sender_serialization_and_quality,1,6.1229,6.1229,6.1229,6.1229,1,Sender serialization including its quality validation; not separately timed.,per-observation exclusive interval; no sum-of-percentiles total
snn32_seed17_forest_anomaly,condition_first_use,fresh_to_first_window,accept,accepted,sender_window_hmac,1,0.028,0.028,0.028,0.028,1,Recorded window-tag generation call.,per-observation exclusive interval; no sum-of-percentiles total
snn32_seed17_forest_anomaly,condition_first_use,fresh_to_first_window,accept,accepted,session_establishment_unisolated,1,0.5214,0.5214,0.5214,0.5214,1,"Handshake/request/activation remainder, including unseparated HKDF/confirmation work and observer cost.",per-observation exclusive interval; no sum-of-percentiles total
snn32_seed17_forest_anomaly,condition_first_use,fresh_to_first_window,accept,accepted,simulated_response_read,1,0.1829,0.1829,0.1829,0.1829,1,"Modeled response generation, not physical acquisition.",per-observation exclusive interval; no sum-of-percentiles total
snn32_seed17_forest_anomaly,condition_first_use,malformed_json_receiver,reject,malformed_message,admission_orchestration_unisolated,1,0.0,0.0,0.0,0.0,0,Admission orchestration remainder not covered by named children.,per-observation exclusive interval; no sum-of-percentiles total
snn32_seed17_forest_anomaly,condition_first_use,malformed_json_receiver,reject,malformed_message,anomaly_consumer,1,0.0,0.0,0.0,0.0,0,Anomaly consumer including feature scaling and frozen-threshold decision.,per-observation exclusive interval; no sum-of-percentiles total
snn32_seed17_forest_anomaly,condition_first_use,malformed_json_receiver,reject,malformed_message,binary32_adapter,1,0.0,0.0,0.0,0.0,0,Canonical binary32 input adaptation before sender sealing.,per-observation exclusive interval; no sum-of-percentiles total
snn32_seed17_forest_anomaly,condition_first_use,malformed_json_receiver,reject,malformed_message,credential_verification,1,0.0,0.0,0.0,0.0,0,Recorded independent credential-verification call(s).,per-observation exclusive interval; no sum-of-percentiles total
snn32_seed17_forest_anomaly,condition_first_use,malformed_json_receiver,reject,malformed_message,in_memory_audit_measured,1,0.0349,0.0349,0.0349,0.0349,1,"Recorded audit record/prepare/commit spans, exclusive of their children; not all audit-related overhead and not durable storage.",per-observation exclusive interval; no sum-of-percentiles total
snn32_seed17_forest_anomaly,condition_first_use,malformed_json_receiver,reject,malformed_message,local_admission_checks,1,0.0,0.0,0.0,0.0,0,"Measured local authorization/binding/consumption calls, excluding nested credential verification.",per-observation exclusive interval; no sum-of-percentiles total
snn32_seed17_forest_anomaly,condition_first_use,malformed_json_receiver,reject,malformed_message,model_input_preprocessing,1,0.0,0.0,0.0,0.0,0,Shared model-input preparation; model-specific normalization remains in consumer timing.,per-observation exclusive interval; no sum-of-percentiles total
snn32_seed17_forest_anomaly,condition_first_use,malformed_json_receiver,reject,malformed_message,motion_consumer,1,0.0,0.0,0.0,0.0,0,Motion consumer including normalization/tensor preparation/prediction decoding.,per-observation exclusive interval; no sum-of-percentiles total
snn32_seed17_forest_anomaly,condition_first_use,malformed_json_receiver,reject,malformed_message,outer_orchestration_unisolated,1,0.0049,0.0049,0.0049,0.0049,1,Direct root/first-post-window remainder outside named child spans.,per-observation exclusive interval; no sum-of-percentiles total
snn32_seed17_forest_anomaly,condition_first_use,malformed_json_receiver,reject,malformed_message,receiver_binding_sequence_state_unisolated,1,0.0269,0.0269,0.0269,0.0269,1,"Verifier remainder including binding, sequence checks, locks/state publication and observer work; NOT isolated sequence latency.",per-observation exclusive interval; no sum-of-percentiles total
snn32_seed17_forest_anomaly,condition_first_use,malformed_json_receiver,reject,malformed_message,receiver_parsing,1,0.0227,0.0227,0.0227,0.0227,1,Envelope and binary parser call.,per-observation exclusive interval; no sum-of-percentiles total
snn32_seed17_forest_anomaly,condition_first_use,malformed_json_receiver,reject,malformed_message,receiver_quality_check,1,0.0,0.0,0.0,0.0,0,Verifier quality-check call.,per-observation exclusive interval; no sum-of-percentiles total
snn32_seed17_forest_anomaly,condition_first_use,malformed_json_receiver,reject,malformed_message,receiver_window_hmac,1,0.0,0.0,0.0,0.0,0,"Recorded verifier window-tag calculation, not complete authentication.",per-observation exclusive interval; no sum-of-percentiles total
snn32_seed17_forest_anomaly,condition_first_use,malformed_json_receiver,reject,malformed_message,reconstruction,1,0.0,0.0,0.0,0.0,0,Actual recorded BCH reconstruction; includes any observer/GC delay.,per-observation exclusive interval; no sum-of-percentiles total
snn32_seed17_forest_anomaly,condition_first_use,malformed_json_receiver,reject,malformed_message,release_conversion_unisolated,1,0.0,0.0,0.0,0.0,0,Accepted release remainder including conversion/dispatch/observer work outside consumer children.,per-observation exclusive interval; no sum-of-percentiles total
snn32_seed17_forest_anomaly,condition_first_use,malformed_json_receiver,reject,malformed_message,sender_binding_unisolated,1,0.0,0.0,0.0,0.0,0,Sender seal remainder: binding/state/orchestration/observer work not separately timed.,per-observation exclusive interval; no sum-of-percentiles total
snn32_seed17_forest_anomaly,condition_first_use,malformed_json_receiver,reject,malformed_message,sender_serialization_and_quality,1,0.0,0.0,0.0,0.0,0,Sender serialization including its quality validation; not separately timed.,per-observation exclusive interval; no sum-of-percentiles total
snn32_seed17_forest_anomaly,condition_first_use,malformed_json_receiver,reject,malformed_message,sender_window_hmac,1,0.0,0.0,0.0,0.0,0,Recorded window-tag generation call.,per-observation exclusive interval; no sum-of-percentiles total
snn32_seed17_forest_anomaly,condition_first_use,malformed_json_receiver,reject,malformed_message,session_establishment_unisolated,1,0.0,0.0,0.0,0.0,0,"Handshake/request/activation remainder, including unseparated HKDF/confirmation work and observer cost.",per-observation exclusive interval; no sum-of-percentiles total
snn32_seed17_forest_anomaly,condition_first_use,malformed_json_receiver,reject,malformed_message,simulated_response_read,1,0.0,0.0,0.0,0.0,0,"Modeled response generation, not physical acquisition.",per-observation exclusive interval; no sum-of-percentiles total
snn32_seed17_forest_anomaly,condition_first_use,post_window_after_refusals,accept,accepted,admission_orchestration_unisolated,1,0.0,0.0,0.0,0.0,0,Admission orchestration remainder not covered by named children.,per-observation exclusive interval; no sum-of-percentiles total
snn32_seed17_forest_anomaly,condition_first_use,post_window_after_refusals,accept,accepted,anomaly_consumer,1,5.929,5.929,5.929,5.929,1,Anomaly consumer including feature scaling and frozen-threshold decision.,per-observation exclusive interval; no sum-of-percentiles total
snn32_seed17_forest_anomaly,condition_first_use,post_window_after_refusals,accept,accepted,binary32_adapter,1,0.5906,0.5906,0.5906,0.5906,1,Canonical binary32 input adaptation before sender sealing.,per-observation exclusive interval; no sum-of-percentiles total
snn32_seed17_forest_anomaly,condition_first_use,post_window_after_refusals,accept,accepted,credential_verification,1,0.0,0.0,0.0,0.0,0,Recorded independent credential-verification call(s).,per-observation exclusive interval; no sum-of-percentiles total
snn32_seed17_forest_anomaly,condition_first_use,post_window_after_refusals,accept,accepted,in_memory_audit_measured,1,0.0759,0.0759,0.0759,0.0759,1,"Recorded audit record/prepare/commit spans, exclusive of their children; not all audit-related overhead and not durable storage.",per-observation exclusive interval; no sum-of-percentiles total
snn32_seed17_forest_anomaly,condition_first_use,post_window_after_refusals,accept,accepted,local_admission_checks,1,0.0,0.0,0.0,0.0,0,"Measured local authorization/binding/consumption calls, excluding nested credential verification.",per-observation exclusive interval; no sum-of-percentiles total
snn32_seed17_forest_anomaly,condition_first_use,post_window_after_refusals,accept,accepted,model_input_preprocessing,1,3.6232,3.6232,3.6232,3.6232,1,Shared model-input preparation; model-specific normalization remains in consumer timing.,per-observation exclusive interval; no sum-of-percentiles total
snn32_seed17_forest_anomaly,condition_first_use,post_window_after_refusals,accept,accepted,motion_consumer,1,12.2525,12.2525,12.2525,12.2525,1,Motion consumer including normalization/tensor preparation/prediction decoding.,per-observation exclusive interval; no sum-of-percentiles total
snn32_seed17_forest_anomaly,condition_first_use,post_window_after_refusals,accept,accepted,outer_orchestration_unisolated,1,0.0844,0.0844,0.0844,0.0844,1,Direct root/first-post-window remainder outside named child spans.,per-observation exclusive interval; no sum-of-percentiles total
snn32_seed17_forest_anomaly,condition_first_use,post_window_after_refusals,accept,accepted,receiver_binding_sequence_state_unisolated,1,0.0701,0.0701,0.0701,0.0701,1,"Verifier remainder including binding, sequence checks, locks/state publication and observer work; NOT isolated sequence latency.",per-observation exclusive interval; no sum-of-percentiles total
snn32_seed17_forest_anomaly,condition_first_use,post_window_after_refusals,accept,accepted,receiver_parsing,1,1.3545,1.3545,1.3545,1.3545,1,Envelope and binary parser call.,per-observation exclusive interval; no sum-of-percentiles total
snn32_seed17_forest_anomaly,condition_first_use,post_window_after_refusals,accept,accepted,receiver_quality_check,1,3.9604,3.9604,3.9604,3.9604,1,Verifier quality-check call.,per-observation exclusive interval; no sum-of-percentiles total
snn32_seed17_forest_anomaly,condition_first_use,post_window_after_refusals,accept,accepted,receiver_window_hmac,1,0.0134,0.0134,0.0134,0.0134,1,"Recorded verifier window-tag calculation, not complete authentication.",per-observation exclusive interval; no sum-of-percentiles total
snn32_seed17_forest_anomaly,condition_first_use,post_window_after_refusals,accept,accepted,reconstruction,1,0.0,0.0,0.0,0.0,0,Actual recorded BCH reconstruction; includes any observer/GC delay.,per-observation exclusive interval; no sum-of-percentiles total
snn32_seed17_forest_anomaly,condition_first_use,post_window_after_refusals,accept,accepted,release_conversion_unisolated,1,0.4622,0.4622,0.4622,0.4622,1,Accepted release remainder including conversion/dispatch/observer work outside consumer children.,per-observation exclusive interval; no sum-of-percentiles total
snn32_seed17_forest_anomaly,condition_first_use,post_window_after_refusals,accept,accepted,sender_binding_unisolated,1,0.1123,0.1123,0.1123,0.1123,1,Sender seal remainder: binding/state/orchestration/observer work not separately timed.,per-observation exclusive interval; no sum-of-percentiles total
snn32_seed17_forest_anomaly,condition_first_use,post_window_after_refusals,accept,accepted,sender_serialization_and_quality,1,3.905,3.905,3.905,3.905,1,Sender serialization including its quality validation; not separately timed.,per-observation exclusive interval; no sum-of-percentiles total
snn32_seed17_forest_anomaly,condition_first_use,post_window_after_refusals,accept,accepted,sender_window_hmac,1,0.0178,0.0178,0.0178,0.0178,1,Recorded window-tag generation call.,per-observation exclusive interval; no sum-of-percentiles total
snn32_seed17_forest_anomaly,condition_first_use,post_window_after_refusals,accept,accepted,session_establishment_unisolated,1,0.0,0.0,0.0,0.0,0,"Handshake/request/activation remainder, including unseparated HKDF/confirmation work and observer cost.",per-observation exclusive interval; no sum-of-percentiles total
snn32_seed17_forest_anomaly,condition_first_use,post_window_after_refusals,accept,accepted,simulated_response_read,1,0.0,0.0,0.0,0.0,0,"Modeled response generation, not physical acquisition.",per-observation exclusive interval; no sum-of-percentiles total
snn32_seed17_forest_anomaly,condition_first_use,post_window_recurring,accept,accepted,admission_orchestration_unisolated,1,0.0,0.0,0.0,0.0,0,Admission orchestration remainder not covered by named children.,per-observation exclusive interval; no sum-of-percentiles total
snn32_seed17_forest_anomaly,condition_first_use,post_window_recurring,accept,accepted,anomaly_consumer,1,8.1521,8.1521,8.1521,8.1521,1,Anomaly consumer including feature scaling and frozen-threshold decision.,per-observation exclusive interval; no sum-of-percentiles total
snn32_seed17_forest_anomaly,condition_first_use,post_window_recurring,accept,accepted,binary32_adapter,1,1.3642,1.3642,1.3642,1.3642,1,Canonical binary32 input adaptation before sender sealing.,per-observation exclusive interval; no sum-of-percentiles total
snn32_seed17_forest_anomaly,condition_first_use,post_window_recurring,accept,accepted,credential_verification,1,0.0,0.0,0.0,0.0,0,Recorded independent credential-verification call(s).,per-observation exclusive interval; no sum-of-percentiles total
snn32_seed17_forest_anomaly,condition_first_use,post_window_recurring,accept,accepted,in_memory_audit_measured,1,0.155,0.155,0.155,0.155,1,"Recorded audit record/prepare/commit spans, exclusive of their children; not all audit-related overhead and not durable storage.",per-observation exclusive interval; no sum-of-percentiles total
snn32_seed17_forest_anomaly,condition_first_use,post_window_recurring,accept,accepted,local_admission_checks,1,0.0,0.0,0.0,0.0,0,"Measured local authorization/binding/consumption calls, excluding nested credential verification.",per-observation exclusive interval; no sum-of-percentiles total
snn32_seed17_forest_anomaly,condition_first_use,post_window_recurring,accept,accepted,model_input_preprocessing,1,5.1488,5.1488,5.1488,5.1488,1,Shared model-input preparation; model-specific normalization remains in consumer timing.,per-observation exclusive interval; no sum-of-percentiles total
snn32_seed17_forest_anomaly,condition_first_use,post_window_recurring,accept,accepted,motion_consumer,1,17.5018,17.5018,17.5018,17.5018,1,Motion consumer including normalization/tensor preparation/prediction decoding.,per-observation exclusive interval; no sum-of-percentiles total
snn32_seed17_forest_anomaly,condition_first_use,post_window_recurring,accept,accepted,outer_orchestration_unisolated,1,0.121,0.121,0.121,0.121,1,Direct root/first-post-window remainder outside named child spans.,per-observation exclusive interval; no sum-of-percentiles total
snn32_seed17_forest_anomaly,condition_first_use,post_window_recurring,accept,accepted,receiver_binding_sequence_state_unisolated,1,0.1286,0.1286,0.1286,0.1286,1,"Verifier remainder including binding, sequence checks, locks/state publication and observer work; NOT isolated sequence latency.",per-observation exclusive interval; no sum-of-percentiles total
snn32_seed17_forest_anomaly,condition_first_use,post_window_recurring,accept,accepted,receiver_parsing,1,2.1366,2.1366,2.1366,2.1366,1,Envelope and binary parser call.,per-observation exclusive interval; no sum-of-percentiles total
snn32_seed17_forest_anomaly,condition_first_use,post_window_recurring,accept,accepted,receiver_quality_check,1,5.6146,5.6146,5.6146,5.6146,1,Verifier quality-check call.,per-observation exclusive interval; no sum-of-percentiles total
snn32_seed17_forest_anomaly,condition_first_use,post_window_recurring,accept,accepted,receiver_window_hmac,1,0.0289,0.0289,0.0289,0.0289,1,"Recorded verifier window-tag calculation, not complete authentication.",per-observation exclusive interval; no sum-of-percentiles total
snn32_seed17_forest_anomaly,condition_first_use,post_window_recurring,accept,accepted,reconstruction,1,0.0,0.0,0.0,0.0,0,Actual recorded BCH reconstruction; includes any observer/GC delay.,per-observation exclusive interval; no sum-of-percentiles total
snn32_seed17_forest_anomaly,condition_first_use,post_window_recurring,accept,accepted,release_conversion_unisolated,1,0.7388,0.7388,0.7388,0.7388,1,Accepted release remainder including conversion/dispatch/observer work outside consumer children.,per-observation exclusive interval; no sum-of-percentiles total
snn32_seed17_forest_anomaly,condition_first_use,post_window_recurring,accept,accepted,sender_binding_unisolated,1,0.208,0.208,0.208,0.208,1,Sender seal remainder: binding/state/orchestration/observer work not separately timed.,per-observation exclusive interval; no sum-of-percentiles total
snn32_seed17_forest_anomaly,condition_first_use,post_window_recurring,accept,accepted,sender_serialization_and_quality,1,6.1792,6.1792,6.1792,6.1792,1,Sender serialization including its quality validation; not separately timed.,per-observation exclusive interval; no sum-of-percentiles total
snn32_seed17_forest_anomaly,condition_first_use,post_window_recurring,accept,accepted,sender_window_hmac,1,0.0536,0.0536,0.0536,0.0536,1,Recorded window-tag generation call.,per-observation exclusive interval; no sum-of-percentiles total
snn32_seed17_forest_anomaly,condition_first_use,post_window_recurring,accept,accepted,session_establishment_unisolated,1,0.0,0.0,0.0,0.0,0,"Handshake/request/activation remainder, including unseparated HKDF/confirmation work and observer cost.",per-observation exclusive interval; no sum-of-percentiles total
snn32_seed17_forest_anomaly,condition_first_use,post_window_recurring,accept,accepted,simulated_response_read,1,0.0,0.0,0.0,0.0,0,"Modeled response generation, not physical acquisition.",per-observation exclusive interval; no sum-of-percentiles total
snn32_seed17_forest_anomaly,condition_first_use,pre_tag_quality_refusal,reject,data_quality_failure,admission_orchestration_unisolated,1,0.0,0.0,0.0,0.0,0,Admission orchestration remainder not covered by named children.,per-observation exclusive interval; no sum-of-percentiles total
snn32_seed17_forest_anomaly,condition_first_use,pre_tag_quality_refusal,reject,data_quality_failure,anomaly_consumer,1,0.0,0.0,0.0,0.0,0,Anomaly consumer including feature scaling and frozen-threshold decision.,per-observation exclusive interval; no sum-of-percentiles total
snn32_seed17_forest_anomaly,condition_first_use,pre_tag_quality_refusal,reject,data_quality_failure,binary32_adapter,1,0.5968,0.5968,0.5968,0.5968,1,Canonical binary32 input adaptation before sender sealing.,per-observation exclusive interval; no sum-of-percentiles total
snn32_seed17_forest_anomaly,condition_first_use,pre_tag_quality_refusal,reject,data_quality_failure,credential_verification,1,0.0,0.0,0.0,0.0,0,Recorded independent credential-verification call(s).,per-observation exclusive interval; no sum-of-percentiles total
snn32_seed17_forest_anomaly,condition_first_use,pre_tag_quality_refusal,reject,data_quality_failure,in_memory_audit_measured,1,0.0289,0.0289,0.0289,0.0289,1,"Recorded audit record/prepare/commit spans, exclusive of their children; not all audit-related overhead and not durable storage.",per-observation exclusive interval; no sum-of-percentiles total
snn32_seed17_forest_anomaly,condition_first_use,pre_tag_quality_refusal,reject,data_quality_failure,local_admission_checks,1,0.0,0.0,0.0,0.0,0,"Measured local authorization/binding/consumption calls, excluding nested credential verification.",per-observation exclusive interval; no sum-of-percentiles total
snn32_seed17_forest_anomaly,condition_first_use,pre_tag_quality_refusal,reject,data_quality_failure,model_input_preprocessing,1,0.0,0.0,0.0,0.0,0,Shared model-input preparation; model-specific normalization remains in consumer timing.,per-observation exclusive interval; no sum-of-percentiles total
snn32_seed17_forest_anomaly,condition_first_use,pre_tag_quality_refusal,reject,data_quality_failure,motion_consumer,1,0.0,0.0,0.0,0.0,0,Motion consumer including normalization/tensor preparation/prediction decoding.,per-observation exclusive interval; no sum-of-percentiles total
snn32_seed17_forest_anomaly,condition_first_use,pre_tag_quality_refusal,reject,data_quality_failure,outer_orchestration_unisolated,1,0.0258,0.0258,0.0258,0.0258,1,Direct root/first-post-window remainder outside named child spans.,per-observation exclusive interval; no sum-of-percentiles total
snn32_seed17_forest_anomaly,condition_first_use,pre_tag_quality_refusal,reject,data_quality_failure,receiver_binding_sequence_state_unisolated,1,0.0,0.0,0.0,0.0,0,"Verifier remainder including binding, sequence checks, locks/state publication and observer work; NOT isolated sequence latency.",per-observation exclusive interval; no sum-of-percentiles total
snn32_seed17_forest_anomaly,condition_first_use,pre_tag_quality_refusal,reject,data_quality_failure,receiver_parsing,1,0.0,0.0,0.0,0.0,0,Envelope and binary parser call.,per-observation exclusive interval; no sum-of-percentiles total
snn32_seed17_forest_anomaly,condition_first_use,pre_tag_quality_refusal,reject,data_quality_failure,receiver_quality_check,1,0.0,0.0,0.0,0.0,0,Verifier quality-check call.,per-observation exclusive interval; no sum-of-percentiles total
snn32_seed17_forest_anomaly,condition_first_use,pre_tag_quality_refusal,reject,data_quality_failure,receiver_window_hmac,1,0.0,0.0,0.0,0.0,0,"Recorded verifier window-tag calculation, not complete authentication.",per-observation exclusive interval; no sum-of-percentiles total
snn32_seed17_forest_anomaly,condition_first_use,pre_tag_quality_refusal,reject,data_quality_failure,reconstruction,1,0.0,0.0,0.0,0.0,0,Actual recorded BCH reconstruction; includes any observer/GC delay.,per-observation exclusive interval; no sum-of-percentiles total
snn32_seed17_forest_anomaly,condition_first_use,pre_tag_quality_refusal,reject,data_quality_failure,release_conversion_unisolated,1,0.0,0.0,0.0,0.0,0,Accepted release remainder including conversion/dispatch/observer work outside consumer children.,per-observation exclusive interval; no sum-of-percentiles total
snn32_seed17_forest_anomaly,condition_first_use,pre_tag_quality_refusal,reject,data_quality_failure,sender_binding_unisolated,1,0.0415,0.0415,0.0415,0.0415,1,Sender seal remainder: binding/state/orchestration/observer work not separately timed.,per-observation exclusive interval; no sum-of-percentiles total
snn32_seed17_forest_anomaly,condition_first_use,pre_tag_quality_refusal,reject,data_quality_failure,sender_serialization_and_quality,1,0.2887,0.2887,0.2887,0.2887,1,Sender serialization including its quality validation; not separately timed.,per-observation exclusive interval; no sum-of-percentiles total
snn32_seed17_forest_anomaly,condition_first_use,pre_tag_quality_refusal,reject,data_quality_failure,sender_window_hmac,1,0.0,0.0,0.0,0.0,0,Recorded window-tag generation call.,per-observation exclusive interval; no sum-of-percentiles total
snn32_seed17_forest_anomaly,condition_first_use,pre_tag_quality_refusal,reject,data_quality_failure,session_establishment_unisolated,1,0.0,0.0,0.0,0.0,0,"Handshake/request/activation remainder, including unseparated HKDF/confirmation work and observer cost.",per-observation exclusive interval; no sum-of-percentiles total
snn32_seed17_forest_anomaly,condition_first_use,pre_tag_quality_refusal,reject,data_quality_failure,simulated_response_read,1,0.0,0.0,0.0,0.0,0,"Modeled response generation, not physical acquisition.",per-observation exclusive interval; no sum-of-percentiles total
snn32_seed17_forest_anomaly,condition_first_use,valid_receiver_after_bad_tag,accept,accepted,admission_orchestration_unisolated,1,0.0,0.0,0.0,0.0,0,Admission orchestration remainder not covered by named children.,per-observation exclusive interval; no sum-of-percentiles total
snn32_seed17_forest_anomaly,condition_first_use,valid_receiver_after_bad_tag,accept,accepted,anomaly_consumer,1,7.9883,7.9883,7.9883,7.9883,1,Anomaly consumer including feature scaling and frozen-threshold decision.,per-observation exclusive interval; no sum-of-percentiles total
snn32_seed17_forest_anomaly,condition_first_use,valid_receiver_after_bad_tag,accept,accepted,binary32_adapter,1,0.0,0.0,0.0,0.0,0,Canonical binary32 input adaptation before sender sealing.,per-observation exclusive interval; no sum-of-percentiles total
snn32_seed17_forest_anomaly,condition_first_use,valid_receiver_after_bad_tag,accept,accepted,credential_verification,1,0.0,0.0,0.0,0.0,0,Recorded independent credential-verification call(s).,per-observation exclusive interval; no sum-of-percentiles total
snn32_seed17_forest_anomaly,condition_first_use,valid_receiver_after_bad_tag,accept,accepted,in_memory_audit_measured,1,0.0484,0.0484,0.0484,0.0484,1,"Recorded audit record/prepare/commit spans, exclusive of their children; not all audit-related overhead and not durable storage.",per-observation exclusive interval; no sum-of-percentiles total
snn32_seed17_forest_anomaly,condition_first_use,valid_receiver_after_bad_tag,accept,accepted,local_admission_checks,1,0.0,0.0,0.0,0.0,0,"Measured local authorization/binding/consumption calls, excluding nested credential verification.",per-observation exclusive interval; no sum-of-percentiles total
snn32_seed17_forest_anomaly,condition_first_use,valid_receiver_after_bad_tag,accept,accepted,model_input_preprocessing,1,4.6155,4.6155,4.6155,4.6155,1,Shared model-input preparation; model-specific normalization remains in consumer timing.,per-observation exclusive interval; no sum-of-percentiles total
snn32_seed17_forest_anomaly,condition_first_use,valid_receiver_after_bad_tag,accept,accepted,motion_consumer,1,16.641,16.641,16.641,16.641,1,Motion consumer including normalization/tensor preparation/prediction decoding.,per-observation exclusive interval; no sum-of-percentiles total
snn32_seed17_forest_anomaly,condition_first_use,valid_receiver_after_bad_tag,accept,accepted,outer_orchestration_unisolated,1,0.027,0.027,0.027,0.027,1,Direct root/first-post-window remainder outside named child spans.,per-observation exclusive interval; no sum-of-percentiles total
snn32_seed17_forest_anomaly,condition_first_use,valid_receiver_after_bad_tag,accept,accepted,receiver_binding_sequence_state_unisolated,1,0.0957,0.0957,0.0957,0.0957,1,"Verifier remainder including binding, sequence checks, locks/state publication and observer work; NOT isolated sequence latency.",per-observation exclusive interval; no sum-of-percentiles total
snn32_seed17_forest_anomaly,condition_first_use,valid_receiver_after_bad_tag,accept,accepted,receiver_parsing,1,1.6211,1.6211,1.6211,1.6211,1,Envelope and binary parser call.,per-observation exclusive interval; no sum-of-percentiles total
snn32_seed17_forest_anomaly,condition_first_use,valid_receiver_after_bad_tag,accept,accepted,receiver_quality_check,1,5.2514,5.2514,5.2514,5.2514,1,Verifier quality-check call.,per-observation exclusive interval; no sum-of-percentiles total
snn32_seed17_forest_anomaly,condition_first_use,valid_receiver_after_bad_tag,accept,accepted,receiver_window_hmac,1,0.0164,0.0164,0.0164,0.0164,1,"Recorded verifier window-tag calculation, not complete authentication.",per-observation exclusive interval; no sum-of-percentiles total
snn32_seed17_forest_anomaly,condition_first_use,valid_receiver_after_bad_tag,accept,accepted,reconstruction,1,0.0,0.0,0.0,0.0,0,Actual recorded BCH reconstruction; includes any observer/GC delay.,per-observation exclusive interval; no sum-of-percentiles total
snn32_seed17_forest_anomaly,condition_first_use,valid_receiver_after_bad_tag,accept,accepted,release_conversion_unisolated,1,0.627,0.627,0.627,0.627,1,Accepted release remainder including conversion/dispatch/observer work outside consumer children.,per-observation exclusive interval; no sum-of-percentiles total
snn32_seed17_forest_anomaly,condition_first_use,valid_receiver_after_bad_tag,accept,accepted,sender_binding_unisolated,1,0.0,0.0,0.0,0.0,0,Sender seal remainder: binding/state/orchestration/observer work not separately timed.,per-observation exclusive interval; no sum-of-percentiles total
snn32_seed17_forest_anomaly,condition_first_use,valid_receiver_after_bad_tag,accept,accepted,sender_serialization_and_quality,1,0.0,0.0,0.0,0.0,0,Sender serialization including its quality validation; not separately timed.,per-observation exclusive interval; no sum-of-percentiles total
snn32_seed17_forest_anomaly,condition_first_use,valid_receiver_after_bad_tag,accept,accepted,sender_window_hmac,1,0.0,0.0,0.0,0.0,0,Recorded window-tag generation call.,per-observation exclusive interval; no sum-of-percentiles total
snn32_seed17_forest_anomaly,condition_first_use,valid_receiver_after_bad_tag,accept,accepted,session_establishment_unisolated,1,0.0,0.0,0.0,0.0,0,"Handshake/request/activation remainder, including unseparated HKDF/confirmation work and observer cost.",per-observation exclusive interval; no sum-of-percentiles total
snn32_seed17_forest_anomaly,condition_first_use,valid_receiver_after_bad_tag,accept,accepted,simulated_response_read,1,0.0,0.0,0.0,0.0,0,"Modeled response generation, not physical acquisition.",per-observation exclusive interval; no sum-of-percentiles total
snn32_seed17_forest_anomaly,measured,bad_tag_receiver,reject,invalid_tag,admission_orchestration_unisolated,599,0.0,0.0,0.0,0.0,0,Admission orchestration remainder not covered by named children.,per-observation exclusive interval; no sum-of-percentiles total
snn32_seed17_forest_anomaly,measured,bad_tag_receiver,reject,invalid_tag,anomaly_consumer,599,0.0,0.0,0.0,0.0,0,Anomaly consumer including feature scaling and frozen-threshold decision.,per-observation exclusive interval; no sum-of-percentiles total
snn32_seed17_forest_anomaly,measured,bad_tag_receiver,reject,invalid_tag,binary32_adapter,599,0.0,0.0,0.0,0.0,0,Canonical binary32 input adaptation before sender sealing.,per-observation exclusive interval; no sum-of-percentiles total
snn32_seed17_forest_anomaly,measured,bad_tag_receiver,reject,invalid_tag,credential_verification,599,0.0,0.0,0.0,0.0,0,Recorded independent credential-verification call(s).,per-observation exclusive interval; no sum-of-percentiles total
snn32_seed17_forest_anomaly,measured,bad_tag_receiver,reject,invalid_tag,in_memory_audit_measured,599,0.0454,0.05691,0.06874199999999996,0.0928,599,"Recorded audit record/prepare/commit spans, exclusive of their children; not all audit-related overhead and not durable storage.",per-observation exclusive interval; no sum-of-percentiles total
snn32_seed17_forest_anomaly,measured,bad_tag_receiver,reject,invalid_tag,local_admission_checks,599,0.0,0.0,0.0,0.0,0,"Measured local authorization/binding/consumption calls, excluding nested credential verification.",per-observation exclusive interval; no sum-of-percentiles total
snn32_seed17_forest_anomaly,measured,bad_tag_receiver,reject,invalid_tag,model_input_preprocessing,599,0.0,0.0,0.0,0.0,0,Shared model-input preparation; model-specific normalization remains in consumer timing.,per-observation exclusive interval; no sum-of-percentiles total
snn32_seed17_forest_anomaly,measured,bad_tag_receiver,reject,invalid_tag,motion_consumer,599,0.0,0.0,0.0,0.0,0,Motion consumer including normalization/tensor preparation/prediction decoding.,per-observation exclusive interval; no sum-of-percentiles total
snn32_seed17_forest_anomaly,measured,bad_tag_receiver,reject,invalid_tag,outer_orchestration_unisolated,599,0.0139,0.017410000000000005,0.02360599999999999,0.0318,599,Direct root/first-post-window remainder outside named child spans.,per-observation exclusive interval; no sum-of-percentiles total
snn32_seed17_forest_anomaly,measured,bad_tag_receiver,reject,invalid_tag,receiver_binding_sequence_state_unisolated,599,0.1091,0.14158000000000004,0.16986999999999994,0.1958,599,"Verifier remainder including binding, sequence checks, locks/state publication and observer work; NOT isolated sequence latency.",per-observation exclusive interval; no sum-of-percentiles total
snn32_seed17_forest_anomaly,measured,bad_tag_receiver,reject,invalid_tag,receiver_parsing,599,1.6573,1.77091,1.9129839999999991,2.2257,599,Envelope and binary parser call.,per-observation exclusive interval; no sum-of-percentiles total
snn32_seed17_forest_anomaly,measured,bad_tag_receiver,reject,invalid_tag,receiver_quality_check,599,0.0,0.0,0.0,0.0,0,Verifier quality-check call.,per-observation exclusive interval; no sum-of-percentiles total
snn32_seed17_forest_anomaly,measured,bad_tag_receiver,reject,invalid_tag,receiver_window_hmac,599,0.0202,0.0282,0.033402,0.0637,599,"Recorded verifier window-tag calculation, not complete authentication.",per-observation exclusive interval; no sum-of-percentiles total
snn32_seed17_forest_anomaly,measured,bad_tag_receiver,reject,invalid_tag,reconstruction,599,0.0,0.0,0.0,0.0,0,Actual recorded BCH reconstruction; includes any observer/GC delay.,per-observation exclusive interval; no sum-of-percentiles total
snn32_seed17_forest_anomaly,measured,bad_tag_receiver,reject,invalid_tag,release_conversion_unisolated,599,0.0,0.0,0.0,0.0,0,Accepted release remainder including conversion/dispatch/observer work outside consumer children.,per-observation exclusive interval; no sum-of-percentiles total
snn32_seed17_forest_anomaly,measured,bad_tag_receiver,reject,invalid_tag,sender_binding_unisolated,599,0.0,0.0,0.0,0.0,0,Sender seal remainder: binding/state/orchestration/observer work not separately timed.,per-observation exclusive interval; no sum-of-percentiles total
snn32_seed17_forest_anomaly,measured,bad_tag_receiver,reject,invalid_tag,sender_serialization_and_quality,599,0.0,0.0,0.0,0.0,0,Sender serialization including its quality validation; not separately timed.,per-observation exclusive interval; no sum-of-percentiles total
snn32_seed17_forest_anomaly,measured,bad_tag_receiver,reject,invalid_tag,sender_window_hmac,599,0.0,0.0,0.0,0.0,0,Recorded window-tag generation call.,per-observation exclusive interval; no sum-of-percentiles total
snn32_seed17_forest_anomaly,measured,bad_tag_receiver,reject,invalid_tag,session_establishment_unisolated,599,0.0,0.0,0.0,0.0,0,"Handshake/request/activation remainder, including unseparated HKDF/confirmation work and observer cost.",per-observation exclusive interval; no sum-of-percentiles total
snn32_seed17_forest_anomaly,measured,bad_tag_receiver,reject,invalid_tag,simulated_response_read,599,0.0,0.0,0.0,0.0,0,"Modeled response generation, not physical acquisition.",per-observation exclusive interval; no sum-of-percentiles total
snn32_seed17_forest_anomaly,measured,exact_replay_receiver,reject,duplicate_sequence,admission_orchestration_unisolated,599,0.0,0.0,0.0,0.0,0,Admission orchestration remainder not covered by named children.,per-observation exclusive interval; no sum-of-percentiles total
snn32_seed17_forest_anomaly,measured,exact_replay_receiver,reject,duplicate_sequence,anomaly_consumer,599,0.0,0.0,0.0,0.0,0,Anomaly consumer including feature scaling and frozen-threshold decision.,per-observation exclusive interval; no sum-of-percentiles total
snn32_seed17_forest_anomaly,measured,exact_replay_receiver,reject,duplicate_sequence,binary32_adapter,599,0.0,0.0,0.0,0.0,0,Canonical binary32 input adaptation before sender sealing.,per-observation exclusive interval; no sum-of-percentiles total
snn32_seed17_forest_anomaly,measured,exact_replay_receiver,reject,duplicate_sequence,credential_verification,599,0.0,0.0,0.0,0.0,0,Recorded independent credential-verification call(s).,per-observation exclusive interval; no sum-of-percentiles total
snn32_seed17_forest_anomaly,measured,exact_replay_receiver,reject,duplicate_sequence,in_memory_audit_measured,599,0.0627,0.0824,0.09093199999999997,0.1067,599,"Recorded audit record/prepare/commit spans, exclusive of their children; not all audit-related overhead and not durable storage.",per-observation exclusive interval; no sum-of-percentiles total
snn32_seed17_forest_anomaly,measured,exact_replay_receiver,reject,duplicate_sequence,local_admission_checks,599,0.0,0.0,0.0,0.0,0,"Measured local authorization/binding/consumption calls, excluding nested credential verification.",per-observation exclusive interval; no sum-of-percentiles total
snn32_seed17_forest_anomaly,measured,exact_replay_receiver,reject,duplicate_sequence,model_input_preprocessing,599,0.0,0.0,0.0,0.0,0,Shared model-input preparation; model-specific normalization remains in consumer timing.,per-observation exclusive interval; no sum-of-percentiles total
snn32_seed17_forest_anomaly,measured,exact_replay_receiver,reject,duplicate_sequence,motion_consumer,599,0.0,0.0,0.0,0.0,0,Motion consumer including normalization/tensor preparation/prediction decoding.,per-observation exclusive interval; no sum-of-percentiles total
snn32_seed17_forest_anomaly,measured,exact_replay_receiver,reject,duplicate_sequence,outer_orchestration_unisolated,599,0.0123,0.0173,0.021211999999999988,0.0283,599,Direct root/first-post-window remainder outside named child spans.,per-observation exclusive interval; no sum-of-percentiles total
snn32_seed17_forest_anomaly,measured,exact_replay_receiver,reject,duplicate_sequence,receiver_binding_sequence_state_unisolated,599,0.1393,0.20641000000000007,0.23291,0.2591,599,"Verifier remainder including binding, sequence checks, locks/state publication and observer work; NOT isolated sequence latency.",per-observation exclusive interval; no sum-of-percentiles total
snn32_seed17_forest_anomaly,measured,exact_replay_receiver,reject,duplicate_sequence,receiver_parsing,599,1.9482,4.823500000000004,6.438207999999995,321.1405,599,Envelope and binary parser call.,per-observation exclusive interval; no sum-of-percentiles total
snn32_seed17_forest_anomaly,measured,exact_replay_receiver,reject,duplicate_sequence,receiver_quality_check,599,5.0508,5.42995,5.526956,6.2351,599,Verifier quality-check call.,per-observation exclusive interval; no sum-of-percentiles total
snn32_seed17_forest_anomaly,measured,exact_replay_receiver,reject,duplicate_sequence,receiver_window_hmac,599,0.0263,0.04131,0.045019999999999984,0.059,599,"Recorded verifier window-tag calculation, not complete authentication.",per-observation exclusive interval; no sum-of-percentiles total
snn32_seed17_forest_anomaly,measured,exact_replay_receiver,reject,duplicate_sequence,reconstruction,599,0.0,0.0,0.0,0.0,0,Actual recorded BCH reconstruction; includes any observer/GC delay.,per-observation exclusive interval; no sum-of-percentiles total
snn32_seed17_forest_anomaly,measured,exact_replay_receiver,reject,duplicate_sequence,release_conversion_unisolated,599,0.0,0.0,0.0,0.0,0,Accepted release remainder including conversion/dispatch/observer work outside consumer children.,per-observation exclusive interval; no sum-of-percentiles total
snn32_seed17_forest_anomaly,measured,exact_replay_receiver,reject,duplicate_sequence,sender_binding_unisolated,599,0.0,0.0,0.0,0.0,0,Sender seal remainder: binding/state/orchestration/observer work not separately timed.,per-observation exclusive interval; no sum-of-percentiles total
snn32_seed17_forest_anomaly,measured,exact_replay_receiver,reject,duplicate_sequence,sender_serialization_and_quality,599,0.0,0.0,0.0,0.0,0,Sender serialization including its quality validation; not separately timed.,per-observation exclusive interval; no sum-of-percentiles total
snn32_seed17_forest_anomaly,measured,exact_replay_receiver,reject,duplicate_sequence,sender_window_hmac,599,0.0,0.0,0.0,0.0,0,Recorded window-tag generation call.,per-observation exclusive interval; no sum-of-percentiles total
snn32_seed17_forest_anomaly,measured,exact_replay_receiver,reject,duplicate_sequence,session_establishment_unisolated,599,0.0,0.0,0.0,0.0,0,"Handshake/request/activation remainder, including unseparated HKDF/confirmation work and observer cost.",per-observation exclusive interval; no sum-of-percentiles total
snn32_seed17_forest_anomaly,measured,exact_replay_receiver,reject,duplicate_sequence,simulated_response_read,599,0.0,0.0,0.0,0.0,0,"Modeled response generation, not physical acquisition.",per-observation exclusive interval; no sum-of-percentiles total
snn32_seed17_forest_anomaly,measured,fresh_to_first_window,accept,accepted,admission_orchestration_unisolated,599,0.0588,0.06981,0.0755,0.0806,599,Admission orchestration remainder not covered by named children.,per-observation exclusive interval; no sum-of-percentiles total
snn32_seed17_forest_anomaly,measured,fresh_to_first_window,accept,accepted,anomaly_consumer,599,8.392,8.92714,9.252534,12.6849,599,Anomaly consumer including feature scaling and frozen-threshold decision.,per-observation exclusive interval; no sum-of-percentiles total
snn32_seed17_forest_anomaly,measured,fresh_to_first_window,accept,accepted,binary32_adapter,599,1.3483,1.46225,1.532316,1.5955,599,Canonical binary32 input adaptation before sender sealing.,per-observation exclusive interval; no sum-of-percentiles total
snn32_seed17_forest_anomaly,measured,fresh_to_first_window,accept,accepted,credential_verification,599,0.0625,0.07781,0.08924599999999995,0.0988,599,Recorded independent credential-verification call(s).,per-observation exclusive interval; no sum-of-percentiles total
snn32_seed17_forest_anomaly,measured,fresh_to_first_window,accept,accepted,in_memory_audit_measured,599,0.2564,0.29931,0.331108,0.3736,599,"Recorded audit record/prepare/commit spans, exclusive of their children; not all audit-related overhead and not durable storage.",per-observation exclusive interval; no sum-of-percentiles total
snn32_seed17_forest_anomaly,measured,fresh_to_first_window,accept,accepted,local_admission_checks,599,0.0814,0.08941,0.09941999999999998,0.1128,599,"Measured local authorization/binding/consumption calls, excluding nested credential verification.",per-observation exclusive interval; no sum-of-percentiles total
snn32_seed17_forest_anomaly,measured,fresh_to_first_window,accept,accepted,model_input_preprocessing,599,4.8256,5.15157,5.342228,11.4841,599,Shared model-input preparation; model-specific normalization remains in consumer timing.,per-observation exclusive interval; no sum-of-percentiles total
snn32_seed17_forest_anomaly,measured,fresh_to_first_window,accept,accepted,motion_consumer,599,17.7173,19.08886,19.924766,34.2052,599,Motion consumer including normalization/tensor preparation/prediction decoding.,per-observation exclusive interval; no sum-of-percentiles total
snn32_seed17_forest_anomaly,measured,fresh_to_first_window,accept,accepted,outer_orchestration_unisolated,599,0.1688,0.24988000000000002,0.289604,0.3664,599,Direct root/first-post-window remainder outside named child spans.,per-observation exclusive interval; no sum-of-percentiles total
snn32_seed17_forest_anomaly,measured,fresh_to_first_window,accept,accepted,receiver_binding_sequence_state_unisolated,599,0.1122,0.1471,0.166606,0.1919,599,"Verifier remainder including binding, sequence checks, locks/state publication and observer work; NOT isolated sequence latency.",per-observation exclusive interval; no sum-of-percentiles total
snn32_seed17_forest_anomaly,measured,fresh_to_first_window,accept,accepted,receiver_parsing,599,2.0995,5.290880000000002,7.904801999999999,339.2936,599,Envelope and binary parser call.,per-observation exclusive interval; no sum-of-percentiles total
snn32_seed17_forest_anomaly,measured,fresh_to_first_window,accept,accepted,receiver_quality_check,599,5.3958,5.71601,6.0321019999999965,11.7003,599,Verifier quality-check call.,per-observation exclusive interval; no sum-of-percentiles total
snn32_seed17_forest_anomaly,measured,fresh_to_first_window,accept,accepted,receiver_window_hmac,599,0.0225,0.03141,0.050902,0.0684,599,"Recorded verifier window-tag calculation, not complete authentication.",per-observation exclusive interval; no sum-of-percentiles total
snn32_seed17_forest_anomaly,measured,fresh_to_first_window,accept,accepted,reconstruction,599,7.2859,7.90399,8.453059999999999,36.3883,599,Actual recorded BCH reconstruction; includes any observer/GC delay.,per-observation exclusive interval; no sum-of-percentiles total
snn32_seed17_forest_anomaly,measured,fresh_to_first_window,accept,accepted,release_conversion_unisolated,599,0.715,0.8768,0.9296859999999999,0.9885,599,Accepted release remainder including conversion/dispatch/observer work outside consumer children.,per-observation exclusive interval; no sum-of-percentiles total
snn32_seed17_forest_anomaly,measured,fresh_to_first_window,accept,accepted,sender_binding_unisolated,599,0.1632,0.20814,0.23893599999999998,0.3527,599,Sender seal remainder: binding/state/orchestration/observer work not separately timed.,per-observation exclusive interval; no sum-of-percentiles total
snn32_seed17_forest_anomaly,measured,fresh_to_first_window,accept,accepted,sender_serialization_and_quality,599,5.97,6.23202,6.469584,13.224,599,Sender serialization including its quality validation; not separately timed.,per-observation exclusive interval; no sum-of-percentiles total
snn32_seed17_forest_anomaly,measured,fresh_to_first_window,accept,accepted,sender_window_hmac,599,0.0236,0.03771,0.0474,0.2343,599,Recorded window-tag generation call.,per-observation exclusive interval; no sum-of-percentiles total
snn32_seed17_forest_anomaly,measured,fresh_to_first_window,accept,accepted,session_establishment_unisolated,599,0.5272,0.58052,0.6220959999999999,0.6644,599,"Handshake/request/activation remainder, including unseparated HKDF/confirmation work and observer cost.",per-observation exclusive interval; no sum-of-percentiles total
snn32_seed17_forest_anomaly,measured,fresh_to_first_window,accept,accepted,simulated_response_read,599,0.195,0.24014,0.25925599999999993,0.3519,599,"Modeled response generation, not physical acquisition.",per-observation exclusive interval; no sum-of-percentiles total
snn32_seed17_forest_anomaly,measured,fresh_to_first_window,reject,failed_reconstruction,admission_orchestration_unisolated,1,0.0198,0.0198,0.0198,0.0198,1,Admission orchestration remainder not covered by named children.,per-observation exclusive interval; no sum-of-percentiles total
snn32_seed17_forest_anomaly,measured,fresh_to_first_window,reject,failed_reconstruction,anomaly_consumer,1,0.0,0.0,0.0,0.0,0,Anomaly consumer including feature scaling and frozen-threshold decision.,per-observation exclusive interval; no sum-of-percentiles total
snn32_seed17_forest_anomaly,measured,fresh_to_first_window,reject,failed_reconstruction,binary32_adapter,1,0.0,0.0,0.0,0.0,0,Canonical binary32 input adaptation before sender sealing.,per-observation exclusive interval; no sum-of-percentiles total
snn32_seed17_forest_anomaly,measured,fresh_to_first_window,reject,failed_reconstruction,credential_verification,1,0.0,0.0,0.0,0.0,0,Recorded independent credential-verification call(s).,per-observation exclusive interval; no sum-of-percentiles total
snn32_seed17_forest_anomaly,measured,fresh_to_first_window,reject,failed_reconstruction,in_memory_audit_measured,1,0.0339,0.0339,0.0339,0.0339,1,"Recorded audit record/prepare/commit spans, exclusive of their children; not all audit-related overhead and not durable storage.",per-observation exclusive interval; no sum-of-percentiles total
snn32_seed17_forest_anomaly,measured,fresh_to_first_window,reject,failed_reconstruction,local_admission_checks,1,0.0,0.0,0.0,0.0,0,"Measured local authorization/binding/consumption calls, excluding nested credential verification.",per-observation exclusive interval; no sum-of-percentiles total
snn32_seed17_forest_anomaly,measured,fresh_to_first_window,reject,failed_reconstruction,model_input_preprocessing,1,0.0,0.0,0.0,0.0,0,Shared model-input preparation; model-specific normalization remains in consumer timing.,per-observation exclusive interval; no sum-of-percentiles total
snn32_seed17_forest_anomaly,measured,fresh_to_first_window,reject,failed_reconstruction,motion_consumer,1,0.0,0.0,0.0,0.0,0,Motion consumer including normalization/tensor preparation/prediction decoding.,per-observation exclusive interval; no sum-of-percentiles total
snn32_seed17_forest_anomaly,measured,fresh_to_first_window,reject,failed_reconstruction,outer_orchestration_unisolated,1,0.0094,0.0094,0.0094,0.0094,1,Direct root/first-post-window remainder outside named child spans.,per-observation exclusive interval; no sum-of-percentiles total
snn32_seed17_forest_anomaly,measured,fresh_to_first_window,reject,failed_reconstruction,receiver_binding_sequence_state_unisolated,1,0.0,0.0,0.0,0.0,0,"Verifier remainder including binding, sequence checks, locks/state publication and observer work; NOT isolated sequence latency.",per-observation exclusive interval; no sum-of-percentiles total
snn32_seed17_forest_anomaly,measured,fresh_to_first_window,reject,failed_reconstruction,receiver_parsing,1,0.0,0.0,0.0,0.0,0,Envelope and binary parser call.,per-observation exclusive interval; no sum-of-percentiles total
snn32_seed17_forest_anomaly,measured,fresh_to_first_window,reject,failed_reconstruction,receiver_quality_check,1,0.0,0.0,0.0,0.0,0,Verifier quality-check call.,per-observation exclusive interval; no sum-of-percentiles total
snn32_seed17_forest_anomaly,measured,fresh_to_first_window,reject,failed_reconstruction,receiver_window_hmac,1,0.0,0.0,0.0,0.0,0,"Recorded verifier window-tag calculation, not complete authentication.",per-observation exclusive interval; no sum-of-percentiles total
snn32_seed17_forest_anomaly,measured,fresh_to_first_window,reject,failed_reconstruction,reconstruction,1,3.4955,3.4955,3.4955,3.4955,1,Actual recorded BCH reconstruction; includes any observer/GC delay.,per-observation exclusive interval; no sum-of-percentiles total
snn32_seed17_forest_anomaly,measured,fresh_to_first_window,reject,failed_reconstruction,release_conversion_unisolated,1,0.0,0.0,0.0,0.0,0,Accepted release remainder including conversion/dispatch/observer work outside consumer children.,per-observation exclusive interval; no sum-of-percentiles total
snn32_seed17_forest_anomaly,measured,fresh_to_first_window,reject,failed_reconstruction,sender_binding_unisolated,1,0.0,0.0,0.0,0.0,0,Sender seal remainder: binding/state/orchestration/observer work not separately timed.,per-observation exclusive interval; no sum-of-percentiles total
snn32_seed17_forest_anomaly,measured,fresh_to_first_window,reject,failed_reconstruction,sender_serialization_and_quality,1,0.0,0.0,0.0,0.0,0,Sender serialization including its quality validation; not separately timed.,per-observation exclusive interval; no sum-of-percentiles total
snn32_seed17_forest_anomaly,measured,fresh_to_first_window,reject,failed_reconstruction,sender_window_hmac,1,0.0,0.0,0.0,0.0,0,Recorded window-tag generation call.,per-observation exclusive interval; no sum-of-percentiles total
snn32_seed17_forest_anomaly,measured,fresh_to_first_window,reject,failed_reconstruction,session_establishment_unisolated,1,0.0482,0.0482,0.0482,0.0482,1,"Handshake/request/activation remainder, including unseparated HKDF/confirmation work and observer cost.",per-observation exclusive interval; no sum-of-percentiles total
snn32_seed17_forest_anomaly,measured,fresh_to_first_window,reject,failed_reconstruction,simulated_response_read,1,0.1291,0.1291,0.1291,0.1291,1,"Modeled response generation, not physical acquisition.",per-observation exclusive interval; no sum-of-percentiles total
snn32_seed17_forest_anomaly,measured,malformed_json_receiver,reject,malformed_message,admission_orchestration_unisolated,599,0.0,0.0,0.0,0.0,0,Admission orchestration remainder not covered by named children.,per-observation exclusive interval; no sum-of-percentiles total
snn32_seed17_forest_anomaly,measured,malformed_json_receiver,reject,malformed_message,anomaly_consumer,599,0.0,0.0,0.0,0.0,0,Anomaly consumer including feature scaling and frozen-threshold decision.,per-observation exclusive interval; no sum-of-percentiles total
snn32_seed17_forest_anomaly,measured,malformed_json_receiver,reject,malformed_message,binary32_adapter,599,0.0,0.0,0.0,0.0,0,Canonical binary32 input adaptation before sender sealing.,per-observation exclusive interval; no sum-of-percentiles total
snn32_seed17_forest_anomaly,measured,malformed_json_receiver,reject,malformed_message,credential_verification,599,0.0,0.0,0.0,0.0,0,Recorded independent credential-verification call(s).,per-observation exclusive interval; no sum-of-percentiles total
snn32_seed17_forest_anomaly,measured,malformed_json_receiver,reject,malformed_message,in_memory_audit_measured,599,0.0527,0.06834000000000001,0.08181799999999999,0.0895,599,"Recorded audit record/prepare/commit spans, exclusive of their children; not all audit-related overhead and not durable storage.",per-observation exclusive interval; no sum-of-percentiles total
snn32_seed17_forest_anomaly,measured,malformed_json_receiver,reject,malformed_message,local_admission_checks,599,0.0,0.0,0.0,0.0,0,"Measured local authorization/binding/consumption calls, excluding nested credential verification.",per-observation exclusive interval; no sum-of-percentiles total
snn32_seed17_forest_anomaly,measured,malformed_json_receiver,reject,malformed_message,model_input_preprocessing,599,0.0,0.0,0.0,0.0,0,Shared model-input preparation; model-specific normalization remains in consumer timing.,per-observation exclusive interval; no sum-of-percentiles total
snn32_seed17_forest_anomaly,measured,malformed_json_receiver,reject,malformed_message,motion_consumer,599,0.0,0.0,0.0,0.0,0,Motion consumer including normalization/tensor preparation/prediction decoding.,per-observation exclusive interval; no sum-of-percentiles total
snn32_seed17_forest_anomaly,measured,malformed_json_receiver,reject,malformed_message,outer_orchestration_unisolated,599,0.009,0.011920000000000004,0.015601999999999998,0.0242,599,Direct root/first-post-window remainder outside named child spans.,per-observation exclusive interval; no sum-of-percentiles total
snn32_seed17_forest_anomaly,measured,malformed_json_receiver,reject,malformed_message,receiver_binding_sequence_state_unisolated,599,0.048,0.057650000000000014,0.06652999999999996,0.0796,599,"Verifier remainder including binding, sequence checks, locks/state publication and observer work; NOT isolated sequence latency.",per-observation exclusive interval; no sum-of-percentiles total
snn32_seed17_forest_anomaly,measured,malformed_json_receiver,reject,malformed_message,receiver_parsing,599,0.0355,0.0477,0.0557,0.0855,599,Envelope and binary parser call.,per-observation exclusive interval; no sum-of-percentiles total
snn32_seed17_forest_anomaly,measured,malformed_json_receiver,reject,malformed_message,receiver_quality_check,599,0.0,0.0,0.0,0.0,0,Verifier quality-check call.,per-observation exclusive interval; no sum-of-percentiles total
snn32_seed17_forest_anomaly,measured,malformed_json_receiver,reject,malformed_message,receiver_window_hmac,599,0.0,0.0,0.0,0.0,0,"Recorded verifier window-tag calculation, not complete authentication.",per-observation exclusive interval; no sum-of-percentiles total
snn32_seed17_forest_anomaly,measured,malformed_json_receiver,reject,malformed_message,reconstruction,599,0.0,0.0,0.0,0.0,0,Actual recorded BCH reconstruction; includes any observer/GC delay.,per-observation exclusive interval; no sum-of-percentiles total
snn32_seed17_forest_anomaly,measured,malformed_json_receiver,reject,malformed_message,release_conversion_unisolated,599,0.0,0.0,0.0,0.0,0,Accepted release remainder including conversion/dispatch/observer work outside consumer children.,per-observation exclusive interval; no sum-of-percentiles total
snn32_seed17_forest_anomaly,measured,malformed_json_receiver,reject,malformed_message,sender_binding_unisolated,599,0.0,0.0,0.0,0.0,0,Sender seal remainder: binding/state/orchestration/observer work not separately timed.,per-observation exclusive interval; no sum-of-percentiles total
snn32_seed17_forest_anomaly,measured,malformed_json_receiver,reject,malformed_message,sender_serialization_and_quality,599,0.0,0.0,0.0,0.0,0,Sender serialization including its quality validation; not separately timed.,per-observation exclusive interval; no sum-of-percentiles total
snn32_seed17_forest_anomaly,measured,malformed_json_receiver,reject,malformed_message,sender_window_hmac,599,0.0,0.0,0.0,0.0,0,Recorded window-tag generation call.,per-observation exclusive interval; no sum-of-percentiles total
snn32_seed17_forest_anomaly,measured,malformed_json_receiver,reject,malformed_message,session_establishment_unisolated,599,0.0,0.0,0.0,0.0,0,"Handshake/request/activation remainder, including unseparated HKDF/confirmation work and observer cost.",per-observation exclusive interval; no sum-of-percentiles total
snn32_seed17_forest_anomaly,measured,malformed_json_receiver,reject,malformed_message,simulated_response_read,599,0.0,0.0,0.0,0.0,0,"Modeled response generation, not physical acquisition.",per-observation exclusive interval; no sum-of-percentiles total
snn32_seed17_forest_anomaly,measured,post_window_after_refusals,accept,accepted,admission_orchestration_unisolated,599,0.0,0.0,0.0,0.0,0,Admission orchestration remainder not covered by named children.,per-observation exclusive interval; no sum-of-percentiles total
snn32_seed17_forest_anomaly,measured,post_window_after_refusals,accept,accepted,anomaly_consumer,599,5.9133,6.48075,7.806329999999998,11.0605,599,Anomaly consumer including feature scaling and frozen-threshold decision.,per-observation exclusive interval; no sum-of-percentiles total
snn32_seed17_forest_anomaly,measured,post_window_after_refusals,accept,accepted,binary32_adapter,599,1.1336,1.2919,1.32553,1.3688,599,Canonical binary32 input adaptation before sender sealing.,per-observation exclusive interval; no sum-of-percentiles total
snn32_seed17_forest_anomaly,measured,post_window_after_refusals,accept,accepted,credential_verification,599,0.0,0.0,0.0,0.0,0,Recorded independent credential-verification call(s).,per-observation exclusive interval; no sum-of-percentiles total
snn32_seed17_forest_anomaly,measured,post_window_after_refusals,accept,accepted,in_memory_audit_measured,599,0.0796,0.10513,0.11863199999999997,0.1458,599,"Recorded audit record/prepare/commit spans, exclusive of their children; not all audit-related overhead and not durable storage.",per-observation exclusive interval; no sum-of-percentiles total
snn32_seed17_forest_anomaly,measured,post_window_after_refusals,accept,accepted,local_admission_checks,599,0.0,0.0,0.0,0.0,0,"Measured local authorization/binding/consumption calls, excluding nested credential verification.",per-observation exclusive interval; no sum-of-percentiles total
snn32_seed17_forest_anomaly,measured,post_window_after_refusals,accept,accepted,model_input_preprocessing,599,3.4936,4.336660000000001,4.701475999999998,5.4904,599,Shared model-input preparation; model-specific normalization remains in consumer timing.,per-observation exclusive interval; no sum-of-percentiles total
snn32_seed17_forest_anomaly,measured,post_window_after_refusals,accept,accepted,motion_consumer,599,12.5029,14.337910000000003,17.05248,22.0997,599,Motion consumer including normalization/tensor preparation/prediction decoding.,per-observation exclusive interval; no sum-of-percentiles total
snn32_seed17_forest_anomaly,measured,post_window_after_refusals,accept,accepted,outer_orchestration_unisolated,599,0.1041,0.17085000000000003,0.19782599999999997,0.2911,599,Direct root/first-post-window remainder outside named child spans.,per-observation exclusive interval; no sum-of-percentiles total
snn32_seed17_forest_anomaly,measured,post_window_after_refusals,accept,accepted,receiver_binding_sequence_state_unisolated,599,0.079,0.10372,0.12331199999999999,0.1588,599,"Verifier remainder including binding, sequence checks, locks/state publication and observer work; NOT isolated sequence latency.",per-observation exclusive interval; no sum-of-percentiles total
snn32_seed17_forest_anomaly,measured,post_window_after_refusals,accept,accepted,receiver_parsing,599,1.5453,4.96095,6.498763999999992,291.8053,599,Envelope and binary parser call.,per-observation exclusive interval; no sum-of-percentiles total
snn32_seed17_forest_anomaly,measured,post_window_after_refusals,accept,accepted,receiver_quality_check,599,3.9703,5.10558,5.306308,5.5924,599,Verifier quality-check call.,per-observation exclusive interval; no sum-of-percentiles total
snn32_seed17_forest_anomaly,measured,post_window_after_refusals,accept,accepted,receiver_window_hmac,599,0.0155,0.0251,0.033223999999999976,0.042,599,"Recorded verifier window-tag calculation, not complete authentication.",per-observation exclusive interval; no sum-of-percentiles total
snn32_seed17_forest_anomaly,measured,post_window_after_refusals,accept,accepted,reconstruction,599,0.0,0.0,0.0,0.0,0,Actual recorded BCH reconstruction; includes any observer/GC delay.,per-observation exclusive interval; no sum-of-percentiles total
snn32_seed17_forest_anomaly,measured,post_window_after_refusals,accept,accepted,release_conversion_unisolated,599,0.5607,0.73336,0.8310199999999998,0.9208,599,Accepted release remainder including conversion/dispatch/observer work outside consumer children.,per-observation exclusive interval; no sum-of-percentiles total
snn32_seed17_forest_anomaly,measured,post_window_after_refusals,accept,accepted,sender_binding_unisolated,599,0.12,0.15384,0.1715019999999999,0.1978,599,Sender seal remainder: binding/state/orchestration/observer work not separately timed.,per-observation exclusive interval; no sum-of-percentiles total
snn32_seed17_forest_anomaly,measured,post_window_after_refusals,accept,accepted,sender_serialization_and_quality,599,4.8737,5.80103,5.914274,6.1745,599,Sender serialization including its quality validation; not separately timed.,per-observation exclusive interval; no sum-of-percentiles total
snn32_seed17_forest_anomaly,measured,post_window_after_refusals,accept,accepted,sender_window_hmac,599,0.0208,0.03761,0.041515999999999983,0.0523,599,Recorded window-tag generation call.,per-observation exclusive interval; no sum-of-percentiles total
snn32_seed17_forest_anomaly,measured,post_window_after_refusals,accept,accepted,session_establishment_unisolated,599,0.0,0.0,0.0,0.0,0,"Handshake/request/activation remainder, including unseparated HKDF/confirmation work and observer cost.",per-observation exclusive interval; no sum-of-percentiles total
snn32_seed17_forest_anomaly,measured,post_window_after_refusals,accept,accepted,simulated_response_read,599,0.0,0.0,0.0,0.0,0,"Modeled response generation, not physical acquisition.",per-observation exclusive interval; no sum-of-percentiles total
snn32_seed17_forest_anomaly,measured,post_window_recurring,accept,accepted,admission_orchestration_unisolated,599,0.0,0.0,0.0,0.0,0,Admission orchestration remainder not covered by named children.,per-observation exclusive interval; no sum-of-percentiles total
snn32_seed17_forest_anomaly,measured,post_window_recurring,accept,accepted,anomaly_consumer,599,8.295,8.80292,9.040062,12.9165,599,Anomaly consumer including feature scaling and frozen-threshold decision.,per-observation exclusive interval; no sum-of-percentiles total
snn32_seed17_forest_anomaly,measured,post_window_recurring,accept,accepted,binary32_adapter,599,1.3531,1.46554,1.525956,3.5684,599,Canonical binary32 input adaptation before sender sealing.,per-observation exclusive interval; no sum-of-percentiles total
snn32_seed17_forest_anomaly,measured,post_window_recurring,accept,accepted,credential_verification,599,0.0,0.0,0.0,0.0,0,Recorded independent credential-verification call(s).,per-observation exclusive interval; no sum-of-percentiles total
snn32_seed17_forest_anomaly,measured,post_window_recurring,accept,accepted,in_memory_audit_measured,599,0.1168,0.15552,0.18433599999999997,0.7072,599,"Recorded audit record/prepare/commit spans, exclusive of their children; not all audit-related overhead and not durable storage.",per-observation exclusive interval; no sum-of-percentiles total
snn32_seed17_forest_anomaly,measured,post_window_recurring,accept,accepted,local_admission_checks,599,0.0,0.0,0.0,0.0,0,"Measured local authorization/binding/consumption calls, excluding nested credential verification.",per-observation exclusive interval; no sum-of-percentiles total
snn32_seed17_forest_anomaly,measured,post_window_recurring,accept,accepted,model_input_preprocessing,599,4.8289,5.1961,5.459478,11.9306,599,Shared model-input preparation; model-specific normalization remains in consumer timing.,per-observation exclusive interval; no sum-of-percentiles total
snn32_seed17_forest_anomaly,measured,post_window_recurring,accept,accepted,motion_consumer,599,17.7145,18.92966,19.611463999999998,28.2323,599,Motion consumer including normalization/tensor preparation/prediction decoding.,per-observation exclusive interval; no sum-of-percentiles total
snn32_seed17_forest_anomaly,measured,post_window_recurring,accept,accepted,outer_orchestration_unisolated,599,0.1409,0.22127000000000002,0.272702,1.5366,599,Direct root/first-post-window remainder outside named child spans.,per-observation exclusive interval; no sum-of-percentiles total
snn32_seed17_forest_anomaly,measured,post_window_recurring,accept,accepted,receiver_binding_sequence_state_unisolated,599,0.1164,0.15292,0.17270799999999992,0.2035,599,"Verifier remainder including binding, sequence checks, locks/state publication and observer work; NOT isolated sequence latency.",per-observation exclusive interval; no sum-of-percentiles total
snn32_seed17_forest_anomaly,measured,post_window_recurring,accept,accepted,receiver_parsing,599,2.0426,4.8933600000000075,7.496258,333.9718,599,Envelope and binary parser call.,per-observation exclusive interval; no sum-of-percentiles total
snn32_seed17_forest_anomaly,measured,post_window_recurring,accept,accepted,receiver_quality_check,599,5.4303,5.71499,5.960464,11.962,599,Verifier quality-check call.,per-observation exclusive interval; no sum-of-percentiles total
snn32_seed17_forest_anomaly,measured,post_window_recurring,accept,accepted,receiver_window_hmac,599,0.0245,0.035320000000000004,0.04376199999999994,0.0781,599,"Recorded verifier window-tag calculation, not complete authentication.",per-observation exclusive interval; no sum-of-percentiles total
snn32_seed17_forest_anomaly,measured,post_window_recurring,accept,accepted,reconstruction,599,0.0,0.0,0.0,0.0,0,Actual recorded BCH reconstruction; includes any observer/GC delay.,per-observation exclusive interval; no sum-of-percentiles total
snn32_seed17_forest_anomaly,measured,post_window_recurring,accept,accepted,release_conversion_unisolated,599,0.7203,0.878,0.948734,1.0189,599,Accepted release remainder including conversion/dispatch/observer work outside consumer children.,per-observation exclusive interval; no sum-of-percentiles total
snn32_seed17_forest_anomaly,measured,post_window_recurring,accept,accepted,sender_binding_unisolated,599,0.1742,0.219,0.247502,1.5527,599,Sender seal remainder: binding/state/orchestration/observer work not separately timed.,per-observation exclusive interval; no sum-of-percentiles total
snn32_seed17_forest_anomaly,measured,post_window_recurring,accept,accepted,sender_serialization_and_quality,599,6.0483,6.30283,6.562558,11.2442,599,Sender serialization including its quality validation; not separately timed.,per-observation exclusive interval; no sum-of-percentiles total
snn32_seed17_forest_anomaly,measured,post_window_recurring,accept,accepted,sender_window_hmac,599,0.0311,0.051350000000000014,0.07406399999999994,0.0996,599,Recorded window-tag generation call.,per-observation exclusive interval; no sum-of-percentiles total
snn32_seed17_forest_anomaly,measured,post_window_recurring,accept,accepted,session_establishment_unisolated,599,0.0,0.0,0.0,0.0,0,"Handshake/request/activation remainder, including unseparated HKDF/confirmation work and observer cost.",per-observation exclusive interval; no sum-of-percentiles total
snn32_seed17_forest_anomaly,measured,post_window_recurring,accept,accepted,simulated_response_read,599,0.0,0.0,0.0,0.0,0,"Modeled response generation, not physical acquisition.",per-observation exclusive interval; no sum-of-percentiles total
snn32_seed17_forest_anomaly,measured,pre_tag_quality_refusal,reject,data_quality_failure,admission_orchestration_unisolated,599,0.0,0.0,0.0,0.0,0,Admission orchestration remainder not covered by named children.,per-observation exclusive interval; no sum-of-percentiles total
snn32_seed17_forest_anomaly,measured,pre_tag_quality_refusal,reject,data_quality_failure,anomaly_consumer,599,0.0,0.0,0.0,0.0,0,Anomaly consumer including feature scaling and frozen-threshold decision.,per-observation exclusive interval; no sum-of-percentiles total
snn32_seed17_forest_anomaly,measured,pre_tag_quality_refusal,reject,data_quality_failure,binary32_adapter,599,1.1923,1.35661,1.4070959999999997,1.4972,599,Canonical binary32 input adaptation before sender sealing.,per-observation exclusive interval; no sum-of-percentiles total
snn32_seed17_forest_anomaly,measured,pre_tag_quality_refusal,reject,data_quality_failure,credential_verification,599,0.0,0.0,0.0,0.0,0,Recorded independent credential-verification call(s).,per-observation exclusive interval; no sum-of-percentiles total
snn32_seed17_forest_anomaly,measured,pre_tag_quality_refusal,reject,data_quality_failure,in_memory_audit_measured,599,0.0507,0.06474,0.07391999999999999,0.0846,599,"Recorded audit record/prepare/commit spans, exclusive of their children; not all audit-related overhead and not durable storage.",per-observation exclusive interval; no sum-of-percentiles total
snn32_seed17_forest_anomaly,measured,pre_tag_quality_refusal,reject,data_quality_failure,local_admission_checks,599,0.0,0.0,0.0,0.0,0,"Measured local authorization/binding/consumption calls, excluding nested credential verification.",per-observation exclusive interval; no sum-of-percentiles total
snn32_seed17_forest_anomaly,measured,pre_tag_quality_refusal,reject,data_quality_failure,model_input_preprocessing,599,0.0,0.0,0.0,0.0,0,Shared model-input preparation; model-specific normalization remains in consumer timing.,per-observation exclusive interval; no sum-of-percentiles total
snn32_seed17_forest_anomaly,measured,pre_tag_quality_refusal,reject,data_quality_failure,motion_consumer,599,0.0,0.0,0.0,0.0,0,Motion consumer including normalization/tensor preparation/prediction decoding.,per-observation exclusive interval; no sum-of-percentiles total
snn32_seed17_forest_anomaly,measured,pre_tag_quality_refusal,reject,data_quality_failure,outer_orchestration_unisolated,599,0.0534,0.0699,0.08053199999999996,0.1078,599,Direct root/first-post-window remainder outside named child spans.,per-observation exclusive interval; no sum-of-percentiles total
snn32_seed17_forest_anomaly,measured,pre_tag_quality_refusal,reject,data_quality_failure,receiver_binding_sequence_state_unisolated,599,0.0,0.0,0.0,0.0,0,"Verifier remainder including binding, sequence checks, locks/state publication and observer work; NOT isolated sequence latency.",per-observation exclusive interval; no sum-of-percentiles total
snn32_seed17_forest_anomaly,measured,pre_tag_quality_refusal,reject,data_quality_failure,receiver_parsing,599,0.0,0.0,0.0,0.0,0,Envelope and binary parser call.,per-observation exclusive interval; no sum-of-percentiles total
snn32_seed17_forest_anomaly,measured,pre_tag_quality_refusal,reject,data_quality_failure,receiver_quality_check,599,0.0,0.0,0.0,0.0,0,Verifier quality-check call.,per-observation exclusive interval; no sum-of-percentiles total
snn32_seed17_forest_anomaly,measured,pre_tag_quality_refusal,reject,data_quality_failure,receiver_window_hmac,599,0.0,0.0,0.0,0.0,0,"Recorded verifier window-tag calculation, not complete authentication.",per-observation exclusive interval; no sum-of-percentiles total
snn32_seed17_forest_anomaly,measured,pre_tag_quality_refusal,reject,data_quality_failure,reconstruction,599,0.0,0.0,0.0,0.0,0,Actual recorded BCH reconstruction; includes any observer/GC delay.,per-observation exclusive interval; no sum-of-percentiles total
snn32_seed17_forest_anomaly,measured,pre_tag_quality_refusal,reject,data_quality_failure,release_conversion_unisolated,599,0.0,0.0,0.0,0.0,0,Accepted release remainder including conversion/dispatch/observer work outside consumer children.,per-observation exclusive interval; no sum-of-percentiles total
snn32_seed17_forest_anomaly,measured,pre_tag_quality_refusal,reject,data_quality_failure,sender_binding_unisolated,599,0.0716,0.0893,0.10251599999999998,0.3962,599,Sender seal remainder: binding/state/orchestration/observer work not separately timed.,per-observation exclusive interval; no sum-of-percentiles total
snn32_seed17_forest_anomaly,measured,pre_tag_quality_refusal,reject,data_quality_failure,sender_serialization_and_quality,599,0.5184,0.59013,0.6298419999999999,0.6902,599,Sender serialization including its quality validation; not separately timed.,per-observation exclusive interval; no sum-of-percentiles total
snn32_seed17_forest_anomaly,measured,pre_tag_quality_refusal,reject,data_quality_failure,sender_window_hmac,599,0.0,0.0,0.0,0.0,0,Recorded window-tag generation call.,per-observation exclusive interval; no sum-of-percentiles total
snn32_seed17_forest_anomaly,measured,pre_tag_quality_refusal,reject,data_quality_failure,session_establishment_unisolated,599,0.0,0.0,0.0,0.0,0,"Handshake/request/activation remainder, including unseparated HKDF/confirmation work and observer cost.",per-observation exclusive interval; no sum-of-percentiles total
snn32_seed17_forest_anomaly,measured,pre_tag_quality_refusal,reject,data_quality_failure,simulated_response_read,599,0.0,0.0,0.0,0.0,0,"Modeled response generation, not physical acquisition.",per-observation exclusive interval; no sum-of-percentiles total
snn32_seed17_forest_anomaly,measured,valid_receiver_after_bad_tag,accept,accepted,admission_orchestration_unisolated,599,0.0,0.0,0.0,0.0,0,Admission orchestration remainder not covered by named children.,per-observation exclusive interval; no sum-of-percentiles total
snn32_seed17_forest_anomaly,measured,valid_receiver_after_bad_tag,accept,accepted,anomaly_consumer,599,7.6181,8.07277,8.398384,10.0415,599,Anomaly consumer including feature scaling and frozen-threshold decision.,per-observation exclusive interval; no sum-of-percentiles total
snn32_seed17_forest_anomaly,measured,valid_receiver_after_bad_tag,accept,accepted,binary32_adapter,599,0.0,0.0,0.0,0.0,0,Canonical binary32 input adaptation before sender sealing.,per-observation exclusive interval; no sum-of-percentiles total
snn32_seed17_forest_anomaly,measured,valid_receiver_after_bad_tag,accept,accepted,credential_verification,599,0.0,0.0,0.0,0.0,0,Recorded independent credential-verification call(s).,per-observation exclusive interval; no sum-of-percentiles total
snn32_seed17_forest_anomaly,measured,valid_receiver_after_bad_tag,accept,accepted,in_memory_audit_measured,599,0.051,0.06444000000000001,0.0714,0.1125,599,"Recorded audit record/prepare/commit spans, exclusive of their children; not all audit-related overhead and not durable storage.",per-observation exclusive interval; no sum-of-percentiles total
snn32_seed17_forest_anomaly,measured,valid_receiver_after_bad_tag,accept,accepted,local_admission_checks,599,0.0,0.0,0.0,0.0,0,"Measured local authorization/binding/consumption calls, excluding nested credential verification.",per-observation exclusive interval; no sum-of-percentiles total
snn32_seed17_forest_anomaly,measured,valid_receiver_after_bad_tag,accept,accepted,model_input_preprocessing,599,4.5292,4.878700000000001,5.33319,11.6982,599,Shared model-input preparation; model-specific normalization remains in consumer timing.,per-observation exclusive interval; no sum-of-percentiles total
snn32_seed17_forest_anomaly,measured,valid_receiver_after_bad_tag,accept,accepted,motion_consumer,599,16.4941,17.48691,18.365061999999995,20.3497,599,Motion consumer including normalization/tensor preparation/prediction decoding.,per-observation exclusive interval; no sum-of-percentiles total
snn32_seed17_forest_anomaly,measured,valid_receiver_after_bad_tag,accept,accepted,outer_orchestration_unisolated,599,0.0249,0.032720000000000006,0.03771999999999998,0.0407,599,Direct root/first-post-window remainder outside named child spans.,per-observation exclusive interval; no sum-of-percentiles total
snn32_seed17_forest_anomaly,measured,valid_receiver_after_bad_tag,accept,accepted,receiver_binding_sequence_state_unisolated,599,0.0998,0.124,0.147414,0.5086,599,"Verifier remainder including binding, sequence checks, locks/state publication and observer work; NOT isolated sequence latency.",per-observation exclusive interval; no sum-of-percentiles total
snn32_seed17_forest_anomaly,measured,valid_receiver_after_bad_tag,accept,accepted,receiver_parsing,599,1.6307,1.71887,1.91022,2.3323,599,Envelope and binary parser call.,per-observation exclusive interval; no sum-of-percentiles total
snn32_seed17_forest_anomaly,measured,valid_receiver_after_bad_tag,accept,accepted,receiver_quality_check,599,5.2241,5.46021,5.737912,7.633,599,Verifier quality-check call.,per-observation exclusive interval; no sum-of-percentiles total
snn32_seed17_forest_anomaly,measured,valid_receiver_after_bad_tag,accept,accepted,receiver_window_hmac,599,0.0181,0.024410000000000005,0.0288,0.0582,599,"Recorded verifier window-tag calculation, not complete authentication.",per-observation exclusive interval; no sum-of-percentiles total
snn32_seed17_forest_anomaly,measured,valid_receiver_after_bad_tag,accept,accepted,reconstruction,599,0.0,0.0,0.0,0.0,0,Actual recorded BCH reconstruction; includes any observer/GC delay.,per-observation exclusive interval; no sum-of-percentiles total
snn32_seed17_forest_anomaly,measured,valid_receiver_after_bad_tag,accept,accepted,release_conversion_unisolated,599,0.632,0.75509,0.8462919999999998,0.9579,599,Accepted release remainder including conversion/dispatch/observer work outside consumer children.,per-observation exclusive interval; no sum-of-percentiles total
snn32_seed17_forest_anomaly,measured,valid_receiver_after_bad_tag,accept,accepted,sender_binding_unisolated,599,0.0,0.0,0.0,0.0,0,Sender seal remainder: binding/state/orchestration/observer work not separately timed.,per-observation exclusive interval; no sum-of-percentiles total
snn32_seed17_forest_anomaly,measured,valid_receiver_after_bad_tag,accept,accepted,sender_serialization_and_quality,599,0.0,0.0,0.0,0.0,0,Sender serialization including its quality validation; not separately timed.,per-observation exclusive interval; no sum-of-percentiles total
snn32_seed17_forest_anomaly,measured,valid_receiver_after_bad_tag,accept,accepted,sender_window_hmac,599,0.0,0.0,0.0,0.0,0,Recorded window-tag generation call.,per-observation exclusive interval; no sum-of-percentiles total
snn32_seed17_forest_anomaly,measured,valid_receiver_after_bad_tag,accept,accepted,session_establishment_unisolated,599,0.0,0.0,0.0,0.0,0,"Handshake/request/activation remainder, including unseparated HKDF/confirmation work and observer cost.",per-observation exclusive interval; no sum-of-percentiles total
snn32_seed17_forest_anomaly,measured,valid_receiver_after_bad_tag,accept,accepted,simulated_response_read,599,0.0,0.0,0.0,0.0,0,"Modeled response generation, not physical acquisition.",per-observation exclusive interval; no sum-of-percentiles total
snn32_seed17_forest_anomaly,warmup,bad_tag_receiver,reject,invalid_tag,admission_orchestration_unisolated,19,0.0,0.0,0.0,0.0,0,Admission orchestration remainder not covered by named children.,per-observation exclusive interval; no sum-of-percentiles total
snn32_seed17_forest_anomaly,warmup,bad_tag_receiver,reject,invalid_tag,anomaly_consumer,19,0.0,0.0,0.0,0.0,0,Anomaly consumer including feature scaling and frozen-threshold decision.,per-observation exclusive interval; no sum-of-percentiles total
snn32_seed17_forest_anomaly,warmup,bad_tag_receiver,reject,invalid_tag,binary32_adapter,19,0.0,0.0,0.0,0.0,0,Canonical binary32 input adaptation before sender sealing.,per-observation exclusive interval; no sum-of-percentiles total
snn32_seed17_forest_anomaly,warmup,bad_tag_receiver,reject,invalid_tag,credential_verification,19,0.0,0.0,0.0,0.0,0,Recorded independent credential-verification call(s).,per-observation exclusive interval; no sum-of-percentiles total
snn32_seed17_forest_anomaly,warmup,bad_tag_receiver,reject,invalid_tag,in_memory_audit_measured,19,0.046,0.05510999999999996,0.068862,0.0723,19,"Recorded audit record/prepare/commit spans, exclusive of their children; not all audit-related overhead and not durable storage.",per-observation exclusive interval; no sum-of-percentiles total
snn32_seed17_forest_anomaly,warmup,bad_tag_receiver,reject,invalid_tag,local_admission_checks,19,0.0,0.0,0.0,0.0,0,"Measured local authorization/binding/consumption calls, excluding nested credential verification.",per-observation exclusive interval; no sum-of-percentiles total
snn32_seed17_forest_anomaly,warmup,bad_tag_receiver,reject,invalid_tag,model_input_preprocessing,19,0.0,0.0,0.0,0.0,0,Shared model-input preparation; model-specific normalization remains in consumer timing.,per-observation exclusive interval; no sum-of-percentiles total
snn32_seed17_forest_anomaly,warmup,bad_tag_receiver,reject,invalid_tag,motion_consumer,19,0.0,0.0,0.0,0.0,0,Motion consumer including normalization/tensor preparation/prediction decoding.,per-observation exclusive interval; no sum-of-percentiles total
snn32_seed17_forest_anomaly,warmup,bad_tag_receiver,reject,invalid_tag,outer_orchestration_unisolated,19,0.0144,0.01655,0.01691,0.017,19,Direct root/first-post-window remainder outside named child spans.,per-observation exclusive interval; no sum-of-percentiles total
snn32_seed17_forest_anomaly,warmup,bad_tag_receiver,reject,invalid_tag,receiver_binding_sequence_state_unisolated,19,0.111,0.13031,0.131102,0.1313,19,"Verifier remainder including binding, sequence checks, locks/state publication and observer work; NOT isolated sequence latency.",per-observation exclusive interval; no sum-of-percentiles total
snn32_seed17_forest_anomaly,warmup,bad_tag_receiver,reject,invalid_tag,receiver_parsing,19,1.6803,1.72733,1.746266,1.751,19,Envelope and binary parser call.,per-observation exclusive interval; no sum-of-percentiles total
snn32_seed17_forest_anomaly,warmup,bad_tag_receiver,reject,invalid_tag,receiver_quality_check,19,0.0,0.0,0.0,0.0,0,Verifier quality-check call.,per-observation exclusive interval; no sum-of-percentiles total
snn32_seed17_forest_anomaly,warmup,bad_tag_receiver,reject,invalid_tag,receiver_window_hmac,19,0.0201,0.026059999999999993,0.028652,0.0293,19,"Recorded verifier window-tag calculation, not complete authentication.",per-observation exclusive interval; no sum-of-percentiles total
snn32_seed17_forest_anomaly,warmup,bad_tag_receiver,reject,invalid_tag,reconstruction,19,0.0,0.0,0.0,0.0,0,Actual recorded BCH reconstruction; includes any observer/GC delay.,per-observation exclusive interval; no sum-of-percentiles total
snn32_seed17_forest_anomaly,warmup,bad_tag_receiver,reject,invalid_tag,release_conversion_unisolated,19,0.0,0.0,0.0,0.0,0,Accepted release remainder including conversion/dispatch/observer work outside consumer children.,per-observation exclusive interval; no sum-of-percentiles total
snn32_seed17_forest_anomaly,warmup,bad_tag_receiver,reject,invalid_tag,sender_binding_unisolated,19,0.0,0.0,0.0,0.0,0,Sender seal remainder: binding/state/orchestration/observer work not separately timed.,per-observation exclusive interval; no sum-of-percentiles total
snn32_seed17_forest_anomaly,warmup,bad_tag_receiver,reject,invalid_tag,sender_serialization_and_quality,19,0.0,0.0,0.0,0.0,0,Sender serialization including its quality validation; not separately timed.,per-observation exclusive interval; no sum-of-percentiles total
snn32_seed17_forest_anomaly,warmup,bad_tag_receiver,reject,invalid_tag,sender_window_hmac,19,0.0,0.0,0.0,0.0,0,Recorded window-tag generation call.,per-observation exclusive interval; no sum-of-percentiles total
snn32_seed17_forest_anomaly,warmup,bad_tag_receiver,reject,invalid_tag,session_establishment_unisolated,19,0.0,0.0,0.0,0.0,0,"Handshake/request/activation remainder, including unseparated HKDF/confirmation work and observer cost.",per-observation exclusive interval; no sum-of-percentiles total
snn32_seed17_forest_anomaly,warmup,bad_tag_receiver,reject,invalid_tag,simulated_response_read,19,0.0,0.0,0.0,0.0,0,"Modeled response generation, not physical acquisition.",per-observation exclusive interval; no sum-of-percentiles total
snn32_seed17_forest_anomaly,warmup,exact_replay_receiver,reject,duplicate_sequence,admission_orchestration_unisolated,19,0.0,0.0,0.0,0.0,0,Admission orchestration remainder not covered by named children.,per-observation exclusive interval; no sum-of-percentiles total
snn32_seed17_forest_anomaly,warmup,exact_replay_receiver,reject,duplicate_sequence,anomaly_consumer,19,0.0,0.0,0.0,0.0,0,Anomaly consumer including feature scaling and frozen-threshold decision.,per-observation exclusive interval; no sum-of-percentiles total
snn32_seed17_forest_anomaly,warmup,exact_replay_receiver,reject,duplicate_sequence,binary32_adapter,19,0.0,0.0,0.0,0.0,0,Canonical binary32 input adaptation before sender sealing.,per-observation exclusive interval; no sum-of-percentiles total
snn32_seed17_forest_anomaly,warmup,exact_replay_receiver,reject,duplicate_sequence,credential_verification,19,0.0,0.0,0.0,0.0,0,Recorded independent credential-verification call(s).,per-observation exclusive interval; no sum-of-percentiles total
snn32_seed17_forest_anomaly,warmup,exact_replay_receiver,reject,duplicate_sequence,in_memory_audit_measured,19,0.0662,0.07885,0.08065,0.0811,19,"Recorded audit record/prepare/commit spans, exclusive of their children; not all audit-related overhead and not durable storage.",per-observation exclusive interval; no sum-of-percentiles total
snn32_seed17_forest_anomaly,warmup,exact_replay_receiver,reject,duplicate_sequence,local_admission_checks,19,0.0,0.0,0.0,0.0,0,"Measured local authorization/binding/consumption calls, excluding nested credential verification.",per-observation exclusive interval; no sum-of-percentiles total
snn32_seed17_forest_anomaly,warmup,exact_replay_receiver,reject,duplicate_sequence,model_input_preprocessing,19,0.0,0.0,0.0,0.0,0,Shared model-input preparation; model-specific normalization remains in consumer timing.,per-observation exclusive interval; no sum-of-percentiles total
snn32_seed17_forest_anomaly,warmup,exact_replay_receiver,reject,duplicate_sequence,motion_consumer,19,0.0,0.0,0.0,0.0,0,Motion consumer including normalization/tensor preparation/prediction decoding.,per-observation exclusive interval; no sum-of-percentiles total
snn32_seed17_forest_anomaly,warmup,exact_replay_receiver,reject,duplicate_sequence,outer_orchestration_unisolated,19,0.0127,0.01611,0.016902,0.0171,19,Direct root/first-post-window remainder outside named child spans.,per-observation exclusive interval; no sum-of-percentiles total
snn32_seed17_forest_anomaly,warmup,exact_replay_receiver,reject,duplicate_sequence,receiver_binding_sequence_state_unisolated,19,0.1448,0.19656999999999997,0.203554,0.2053,19,"Verifier remainder including binding, sequence checks, locks/state publication and observer work; NOT isolated sequence latency.",per-observation exclusive interval; no sum-of-percentiles total
snn32_seed17_forest_anomaly,warmup,exact_replay_receiver,reject,duplicate_sequence,receiver_parsing,19,2.0006,6.242779999999998,6.817196,6.9608,19,Envelope and binary parser call.,per-observation exclusive interval; no sum-of-percentiles total
snn32_seed17_forest_anomaly,warmup,exact_replay_receiver,reject,duplicate_sequence,receiver_quality_check,19,5.2451,5.4049,5.52586,5.5561,19,Verifier quality-check call.,per-observation exclusive interval; no sum-of-percentiles total
snn32_seed17_forest_anomaly,warmup,exact_replay_receiver,reject,duplicate_sequence,receiver_window_hmac,19,0.0286,0.04197999999999999,0.043996,0.0445,19,"Recorded verifier window-tag calculation, not complete authentication.",per-observation exclusive interval; no sum-of-percentiles total
snn32_seed17_forest_anomaly,warmup,exact_replay_receiver,reject,duplicate_sequence,reconstruction,19,0.0,0.0,0.0,0.0,0,Actual recorded BCH reconstruction; includes any observer/GC delay.,per-observation exclusive interval; no sum-of-percentiles total
snn32_seed17_forest_anomaly,warmup,exact_replay_receiver,reject,duplicate_sequence,release_conversion_unisolated,19,0.0,0.0,0.0,0.0,0,Accepted release remainder including conversion/dispatch/observer work outside consumer children.,per-observation exclusive interval; no sum-of-percentiles total
snn32_seed17_forest_anomaly,warmup,exact_replay_receiver,reject,duplicate_sequence,sender_binding_unisolated,19,0.0,0.0,0.0,0.0,0,Sender seal remainder: binding/state/orchestration/observer work not separately timed.,per-observation exclusive interval; no sum-of-percentiles total
snn32_seed17_forest_anomaly,warmup,exact_replay_receiver,reject,duplicate_sequence,sender_serialization_and_quality,19,0.0,0.0,0.0,0.0,0,Sender serialization including its quality validation; not separately timed.,per-observation exclusive interval; no sum-of-percentiles total
snn32_seed17_forest_anomaly,warmup,exact_replay_receiver,reject,duplicate_sequence,sender_window_hmac,19,0.0,0.0,0.0,0.0,0,Recorded window-tag generation call.,per-observation exclusive interval; no sum-of-percentiles total
snn32_seed17_forest_anomaly,warmup,exact_replay_receiver,reject,duplicate_sequence,session_establishment_unisolated,19,0.0,0.0,0.0,0.0,0,"Handshake/request/activation remainder, including unseparated HKDF/confirmation work and observer cost.",per-observation exclusive interval; no sum-of-percentiles total
snn32_seed17_forest_anomaly,warmup,exact_replay_receiver,reject,duplicate_sequence,simulated_response_read,19,0.0,0.0,0.0,0.0,0,"Modeled response generation, not physical acquisition.",per-observation exclusive interval; no sum-of-percentiles total
snn32_seed17_forest_anomaly,warmup,fresh_to_first_window,accept,accepted,admission_orchestration_unisolated,19,0.0616,0.07251999999999996,0.084904,0.088,19,Admission orchestration remainder not covered by named children.,per-observation exclusive interval; no sum-of-percentiles total
snn32_seed17_forest_anomaly,warmup,fresh_to_first_window,accept,accepted,anomaly_consumer,19,8.5921,8.91247,8.981374,8.9986,19,Anomaly consumer including feature scaling and frozen-threshold decision.,per-observation exclusive interval; no sum-of-percentiles total
snn32_seed17_forest_anomaly,warmup,fresh_to_first_window,accept,accepted,binary32_adapter,19,1.3615,1.4775399999999996,1.672228,1.7209,19,Canonical binary32 input adaptation before sender sealing.,per-observation exclusive interval; no sum-of-percentiles total
snn32_seed17_forest_anomaly,warmup,fresh_to_first_window,accept,accepted,credential_verification,19,0.0656,0.07860999999999999,0.085882,0.0877,19,Recorded independent credential-verification call(s).,per-observation exclusive interval; no sum-of-percentiles total
snn32_seed17_forest_anomaly,warmup,fresh_to_first_window,accept,accepted,in_memory_audit_measured,19,0.2612,0.32087999999999983,0.379056,0.3936,19,"Recorded audit record/prepare/commit spans, exclusive of their children; not all audit-related overhead and not durable storage.",per-observation exclusive interval; no sum-of-percentiles total
snn32_seed17_forest_anomaly,warmup,fresh_to_first_window,accept,accepted,local_admission_checks,19,0.0851,0.08972999999999999,0.094266,0.0954,19,"Measured local authorization/binding/consumption calls, excluding nested credential verification.",per-observation exclusive interval; no sum-of-percentiles total
snn32_seed17_forest_anomaly,warmup,fresh_to_first_window,accept,accepted,model_input_preprocessing,19,4.8799,5.06631,5.069982,5.0709,19,Shared model-input preparation; model-specific normalization remains in consumer timing.,per-observation exclusive interval; no sum-of-percentiles total
snn32_seed17_forest_anomaly,warmup,fresh_to_first_window,accept,accepted,motion_consumer,19,17.927,18.63895,18.65731,18.6619,19,Motion consumer including normalization/tensor preparation/prediction decoding.,per-observation exclusive interval; no sum-of-percentiles total
snn32_seed17_forest_anomaly,warmup,fresh_to_first_window,accept,accepted,outer_orchestration_unisolated,19,0.1851,0.25022,0.261884,0.2648,19,Direct root/first-post-window remainder outside named child spans.,per-observation exclusive interval; no sum-of-percentiles total
snn32_seed17_forest_anomaly,warmup,fresh_to_first_window,accept,accepted,receiver_binding_sequence_state_unisolated,19,0.1109,0.11982999999999996,0.127246,0.1291,19,"Verifier remainder including binding, sequence checks, locks/state publication and observer work; NOT isolated sequence latency.",per-observation exclusive interval; no sum-of-percentiles total
snn32_seed17_forest_anomaly,warmup,fresh_to_first_window,accept,accepted,receiver_parsing,19,2.1455,2.2946,2.33852,2.3495,19,Envelope and binary parser call.,per-observation exclusive interval; no sum-of-percentiles total
snn32_seed17_forest_anomaly,warmup,fresh_to_first_window,accept,accepted,receiver_quality_check,19,5.4245,5.66845,5.69689,5.704,19,Verifier quality-check call.,per-observation exclusive interval; no sum-of-percentiles total
snn32_seed17_forest_anomaly,warmup,fresh_to_first_window,accept,accepted,receiver_window_hmac,19,0.0233,0.027959999999999992,0.030552,0.0312,19,"Recorded verifier window-tag calculation, not complete authentication.",per-observation exclusive interval; no sum-of-percentiles total
snn32_seed17_forest_anomaly,warmup,fresh_to_first_window,accept,accepted,reconstruction,19,7.3043,10.907319999999931,34.414744000000006,40.2916,19,Actual recorded BCH reconstruction; includes any observer/GC delay.,per-observation exclusive interval; no sum-of-percentiles total
snn32_seed17_forest_anomaly,warmup,fresh_to_first_window,accept,accepted,release_conversion_unisolated,19,0.7144,0.81367,0.816334,0.817,19,Accepted release remainder including conversion/dispatch/observer work outside consumer children.,per-observation exclusive interval; no sum-of-percentiles total
snn32_seed17_forest_anomaly,warmup,fresh_to_first_window,accept,accepted,sender_binding_unisolated,19,0.1675,0.19804999999999992,0.22649,0.2336,19,Sender seal remainder: binding/state/orchestration/observer work not separately timed.,per-observation exclusive interval; no sum-of-percentiles total
snn32_seed17_forest_anomaly,warmup,fresh_to_first_window,accept,accepted,sender_serialization_and_quality,19,5.9552,6.327419999999997,7.133964,7.3356,19,Sender serialization including its quality validation; not separately timed.,per-observation exclusive interval; no sum-of-percentiles total
snn32_seed17_forest_anomaly,warmup,fresh_to_first_window,accept,accepted,sender_window_hmac,19,0.0253,0.03930999999999999,0.042982,0.0439,19,Recorded window-tag generation call.,per-observation exclusive interval; no sum-of-percentiles total
snn32_seed17_forest_anomaly,warmup,fresh_to_first_window,accept,accepted,session_establishment_unisolated,19,0.5487,0.8174499999999949,2.554450000000001,2.9887,19,"Handshake/request/activation remainder, including unseparated HKDF/confirmation work and observer cost.",per-observation exclusive interval; no sum-of-percentiles total
snn32_seed17_forest_anomaly,warmup,fresh_to_first_window,accept,accepted,simulated_response_read,19,0.1907,0.24621,0.247002,0.2472,19,"Modeled response generation, not physical acquisition.",per-observation exclusive interval; no sum-of-percentiles total
snn32_seed17_forest_anomaly,warmup,malformed_json_receiver,reject,malformed_message,admission_orchestration_unisolated,19,0.0,0.0,0.0,0.0,0,Admission orchestration remainder not covered by named children.,per-observation exclusive interval; no sum-of-percentiles total
snn32_seed17_forest_anomaly,warmup,malformed_json_receiver,reject,malformed_message,anomaly_consumer,19,0.0,0.0,0.0,0.0,0,Anomaly consumer including feature scaling and frozen-threshold decision.,per-observation exclusive interval; no sum-of-percentiles total
snn32_seed17_forest_anomaly,warmup,malformed_json_receiver,reject,malformed_message,binary32_adapter,19,0.0,0.0,0.0,0.0,0,Canonical binary32 input adaptation before sender sealing.,per-observation exclusive interval; no sum-of-percentiles total
snn32_seed17_forest_anomaly,warmup,malformed_json_receiver,reject,malformed_message,credential_verification,19,0.0,0.0,0.0,0.0,0,Recorded independent credential-verification call(s).,per-observation exclusive interval; no sum-of-percentiles total
snn32_seed17_forest_anomaly,warmup,malformed_json_receiver,reject,malformed_message,in_memory_audit_measured,19,0.0549,0.07581999999999998,0.080284,0.0814,19,"Recorded audit record/prepare/commit spans, exclusive of their children; not all audit-related overhead and not durable storage.",per-observation exclusive interval; no sum-of-percentiles total
snn32_seed17_forest_anomaly,warmup,malformed_json_receiver,reject,malformed_message,local_admission_checks,19,0.0,0.0,0.0,0.0,0,"Measured local authorization/binding/consumption calls, excluding nested credential verification.",per-observation exclusive interval; no sum-of-percentiles total
snn32_seed17_forest_anomaly,warmup,malformed_json_receiver,reject,malformed_message,model_input_preprocessing,19,0.0,0.0,0.0,0.0,0,Shared model-input preparation; model-specific normalization remains in consumer timing.,per-observation exclusive interval; no sum-of-percentiles total
snn32_seed17_forest_anomaly,warmup,malformed_json_receiver,reject,malformed_message,motion_consumer,19,0.0,0.0,0.0,0.0,0,Motion consumer including normalization/tensor preparation/prediction decoding.,per-observation exclusive interval; no sum-of-percentiles total
snn32_seed17_forest_anomaly,warmup,malformed_json_receiver,reject,malformed_message,outer_orchestration_unisolated,19,0.0093,0.010279999999999997,0.010856,0.011,19,Direct root/first-post-window remainder outside named child spans.,per-observation exclusive interval; no sum-of-percentiles total
snn32_seed17_forest_anomaly,warmup,malformed_json_receiver,reject,malformed_message,receiver_binding_sequence_state_unisolated,19,0.0496,0.06272,0.063584,0.0638,19,"Verifier remainder including binding, sequence checks, locks/state publication and observer work; NOT isolated sequence latency.",per-observation exclusive interval; no sum-of-percentiles total
snn32_seed17_forest_anomaly,warmup,malformed_json_receiver,reject,malformed_message,receiver_parsing,19,0.0357,0.04349999999999998,0.04926,0.0507,19,Envelope and binary parser call.,per-observation exclusive interval; no sum-of-percentiles total
snn32_seed17_forest_anomaly,warmup,malformed_json_receiver,reject,malformed_message,receiver_quality_check,19,0.0,0.0,0.0,0.0,0,Verifier quality-check call.,per-observation exclusive interval; no sum-of-percentiles total
snn32_seed17_forest_anomaly,warmup,malformed_json_receiver,reject,malformed_message,receiver_window_hmac,19,0.0,0.0,0.0,0.0,0,"Recorded verifier window-tag calculation, not complete authentication.",per-observation exclusive interval; no sum-of-percentiles total
snn32_seed17_forest_anomaly,warmup,malformed_json_receiver,reject,malformed_message,reconstruction,19,0.0,0.0,0.0,0.0,0,Actual recorded BCH reconstruction; includes any observer/GC delay.,per-observation exclusive interval; no sum-of-percentiles total
snn32_seed17_forest_anomaly,warmup,malformed_json_receiver,reject,malformed_message,release_conversion_unisolated,19,0.0,0.0,0.0,0.0,0,Accepted release remainder including conversion/dispatch/observer work outside consumer children.,per-observation exclusive interval; no sum-of-percentiles total
snn32_seed17_forest_anomaly,warmup,malformed_json_receiver,reject,malformed_message,sender_binding_unisolated,19,0.0,0.0,0.0,0.0,0,Sender seal remainder: binding/state/orchestration/observer work not separately timed.,per-observation exclusive interval; no sum-of-percentiles total
snn32_seed17_forest_anomaly,warmup,malformed_json_receiver,reject,malformed_message,sender_serialization_and_quality,19,0.0,0.0,0.0,0.0,0,Sender serialization including its quality validation; not separately timed.,per-observation exclusive interval; no sum-of-percentiles total
snn32_seed17_forest_anomaly,warmup,malformed_json_receiver,reject,malformed_message,sender_window_hmac,19,0.0,0.0,0.0,0.0,0,Recorded window-tag generation call.,per-observation exclusive interval; no sum-of-percentiles total
snn32_seed17_forest_anomaly,warmup,malformed_json_receiver,reject,malformed_message,session_establishment_unisolated,19,0.0,0.0,0.0,0.0,0,"Handshake/request/activation remainder, including unseparated HKDF/confirmation work and observer cost.",per-observation exclusive interval; no sum-of-percentiles total
snn32_seed17_forest_anomaly,warmup,malformed_json_receiver,reject,malformed_message,simulated_response_read,19,0.0,0.0,0.0,0.0,0,"Modeled response generation, not physical acquisition.",per-observation exclusive interval; no sum-of-percentiles total
snn32_seed17_forest_anomaly,warmup,post_window_after_refusals,accept,accepted,admission_orchestration_unisolated,19,0.0,0.0,0.0,0.0,0,Admission orchestration remainder not covered by named children.,per-observation exclusive interval; no sum-of-percentiles total
snn32_seed17_forest_anomaly,warmup,post_window_after_refusals,accept,accepted,anomaly_consumer,19,5.9674,7.6682999999999995,8.0139,8.1003,19,Anomaly consumer including feature scaling and frozen-threshold decision.,per-observation exclusive interval; no sum-of-percentiles total
snn32_seed17_forest_anomaly,warmup,post_window_after_refusals,accept,accepted,binary32_adapter,19,1.2489,1.27911,1.279902,1.2801,19,Canonical binary32 input adaptation before sender sealing.,per-observation exclusive interval; no sum-of-percentiles total
snn32_seed17_forest_anomaly,warmup,post_window_after_refusals,accept,accepted,credential_verification,19,0.0,0.0,0.0,0.0,0,Recorded independent credential-verification call(s).,per-observation exclusive interval; no sum-of-percentiles total
snn32_seed17_forest_anomaly,warmup,post_window_after_refusals,accept,accepted,in_memory_audit_measured,19,0.0921,0.11870999999999993,0.143262,0.1494,19,"Recorded audit record/prepare/commit spans, exclusive of their children; not all audit-related overhead and not durable storage.",per-observation exclusive interval; no sum-of-percentiles total
snn32_seed17_forest_anomaly,warmup,post_window_after_refusals,accept,accepted,local_admission_checks,19,0.0,0.0,0.0,0.0,0,"Measured local authorization/binding/consumption calls, excluding nested credential verification.",per-observation exclusive interval; no sum-of-percentiles total
snn32_seed17_forest_anomaly,warmup,post_window_after_refusals,accept,accepted,model_input_preprocessing,19,3.5644,4.69563,4.793766,4.8183,19,Shared model-input preparation; model-specific normalization remains in consumer timing.,per-observation exclusive interval; no sum-of-percentiles total
snn32_seed17_forest_anomaly,warmup,post_window_after_refusals,accept,accepted,motion_consumer,19,12.5521,16.353499999999997,17.84606,18.2192,19,Motion consumer including normalization/tensor preparation/prediction decoding.,per-observation exclusive interval; no sum-of-percentiles total
snn32_seed17_forest_anomaly,warmup,post_window_after_refusals,accept,accepted,outer_orchestration_unisolated,19,0.1045,0.15089999999999998,0.16314,0.1662,19,Direct root/first-post-window remainder outside named child spans.,per-observation exclusive interval; no sum-of-percentiles total
snn32_seed17_forest_anomaly,warmup,post_window_after_refusals,accept,accepted,receiver_binding_sequence_state_unisolated,19,0.0841,0.11,0.11144,0.1118,19,"Verifier remainder including binding, sequence checks, locks/state publication and observer work; NOT isolated sequence latency.",per-observation exclusive interval; no sum-of-percentiles total
snn32_seed17_forest_anomaly,warmup,post_window_after_refusals,accept,accepted,receiver_parsing,19,1.6771,1.9342999999999997,1.99766,2.0135,19,Envelope and binary parser call.,per-observation exclusive interval; no sum-of-percentiles total
snn32_seed17_forest_anomaly,warmup,post_window_after_refusals,accept,accepted,receiver_quality_check,19,4.3287,5.27381,5.352362,5.372,19,Verifier quality-check call.,per-observation exclusive interval; no sum-of-percentiles total
snn32_seed17_forest_anomaly,warmup,post_window_after_refusals,accept,accepted,receiver_window_hmac,19,0.0161,0.0257,0.0257,0.0257,19,"Recorded verifier window-tag calculation, not complete authentication.",per-observation exclusive interval; no sum-of-percentiles total
snn32_seed17_forest_anomaly,warmup,post_window_after_refusals,accept,accepted,reconstruction,19,0.0,0.0,0.0,0.0,0,Actual recorded BCH reconstruction; includes any observer/GC delay.,per-observation exclusive interval; no sum-of-percentiles total
snn32_seed17_forest_anomaly,warmup,post_window_after_refusals,accept,accepted,release_conversion_unisolated,19,0.5189,0.7399899999999999,0.788158,0.8002,19,Accepted release remainder including conversion/dispatch/observer work outside consumer children.,per-observation exclusive interval; no sum-of-percentiles total
snn32_seed17_forest_anomaly,warmup,post_window_after_refusals,accept,accepted,sender_binding_unisolated,19,0.1339,0.16855999999999993,0.190592,0.1961,19,Sender seal remainder: binding/state/orchestration/observer work not separately timed.,per-observation exclusive interval; no sum-of-percentiles total
snn32_seed17_forest_anomaly,warmup,post_window_after_refusals,accept,accepted,sender_serialization_and_quality,19,5.4882,5.88312,6.014304,6.0471,19,Sender serialization including its quality validation; not separately timed.,per-observation exclusive interval; no sum-of-percentiles total
snn32_seed17_forest_anomaly,warmup,post_window_after_refusals,accept,accepted,sender_window_hmac,19,0.0217,0.03918999999999995,0.05639800000000001,0.0607,19,Recorded window-tag generation call.,per-observation exclusive interval; no sum-of-percentiles total
snn32_seed17_forest_anomaly,warmup,post_window_after_refusals,accept,accepted,session_establishment_unisolated,19,0.0,0.0,0.0,0.0,0,"Handshake/request/activation remainder, including unseparated HKDF/confirmation work and observer cost.",per-observation exclusive interval; no sum-of-percentiles total
snn32_seed17_forest_anomaly,warmup,post_window_after_refusals,accept,accepted,simulated_response_read,19,0.0,0.0,0.0,0.0,0,"Modeled response generation, not physical acquisition.",per-observation exclusive interval; no sum-of-percentiles total
snn32_seed17_forest_anomaly,warmup,post_window_recurring,accept,accepted,admission_orchestration_unisolated,19,0.0,0.0,0.0,0.0,0,Admission orchestration remainder not covered by named children.,per-observation exclusive interval; no sum-of-percentiles total
snn32_seed17_forest_anomaly,warmup,post_window_recurring,accept,accepted,anomaly_consumer,19,8.3388,9.13931,9.188342,9.2006,19,Anomaly consumer including feature scaling and frozen-threshold decision.,per-observation exclusive interval; no sum-of-percentiles total
snn32_seed17_forest_anomaly,warmup,post_window_recurring,accept,accepted,binary32_adapter,19,1.3476,1.43543,1.439246,1.4402,19,Canonical binary32 input adaptation before sender sealing.,per-observation exclusive interval; no sum-of-percentiles total
snn32_seed17_forest_anomaly,warmup,post_window_recurring,accept,accepted,credential_verification,19,0.0,0.0,0.0,0.0,0,Recorded independent credential-verification call(s).,per-observation exclusive interval; no sum-of-percentiles total
snn32_seed17_forest_anomaly,warmup,post_window_recurring,accept,accepted,in_memory_audit_measured,19,0.124,0.16652,0.168104,0.1685,19,"Recorded audit record/prepare/commit spans, exclusive of their children; not all audit-related overhead and not durable storage.",per-observation exclusive interval; no sum-of-percentiles total
snn32_seed17_forest_anomaly,warmup,post_window_recurring,accept,accepted,local_admission_checks,19,0.0,0.0,0.0,0.0,0,"Measured local authorization/binding/consumption calls, excluding nested credential verification.",per-observation exclusive interval; no sum-of-percentiles total
snn32_seed17_forest_anomaly,warmup,post_window_recurring,accept,accepted,model_input_preprocessing,19,4.85,5.00053,5.069866,5.0872,19,Shared model-input preparation; model-specific normalization remains in consumer timing.,per-observation exclusive interval; no sum-of-percentiles total
snn32_seed17_forest_anomaly,warmup,post_window_recurring,accept,accepted,motion_consumer,19,17.7321,19.35717,19.530474,19.5738,19,Motion consumer including normalization/tensor preparation/prediction decoding.,per-observation exclusive interval; no sum-of-percentiles total
snn32_seed17_forest_anomaly,warmup,post_window_recurring,accept,accepted,outer_orchestration_unisolated,19,0.1457,0.20497999999999994,0.225716,0.2309,19,Direct root/first-post-window remainder outside named child spans.,per-observation exclusive interval; no sum-of-percentiles total
snn32_seed17_forest_anomaly,warmup,post_window_recurring,accept,accepted,receiver_binding_sequence_state_unisolated,19,0.1185,0.14791999999999997,0.156704,0.1589,19,"Verifier remainder including binding, sequence checks, locks/state publication and observer work; NOT isolated sequence latency.",per-observation exclusive interval; no sum-of-percentiles total
snn32_seed17_forest_anomaly,warmup,post_window_recurring,accept,accepted,receiver_parsing,19,2.0573,2.16546,2.208372,2.2191,19,Envelope and binary parser call.,per-observation exclusive interval; no sum-of-percentiles total
snn32_seed17_forest_anomaly,warmup,post_window_recurring,accept,accepted,receiver_quality_check,19,5.4252,5.53696,5.592112,5.6059,19,Verifier quality-check call.,per-observation exclusive interval; no sum-of-percentiles total
snn32_seed17_forest_anomaly,warmup,post_window_recurring,accept,accepted,receiver_window_hmac,19,0.0268,0.03237999999999999,0.034396,0.0349,19,"Recorded verifier window-tag calculation, not complete authentication.",per-observation exclusive interval; no sum-of-percentiles total
snn32_seed17_forest_anomaly,warmup,post_window_recurring,accept,accepted,reconstruction,19,0.0,0.0,0.0,0.0,0,Actual recorded BCH reconstruction; includes any observer/GC delay.,per-observation exclusive interval; no sum-of-percentiles total
snn32_seed17_forest_anomaly,warmup,post_window_recurring,accept,accepted,release_conversion_unisolated,19,0.7116,0.7788,0.7896,0.7923,19,Accepted release remainder including conversion/dispatch/observer work outside consumer children.,per-observation exclusive interval; no sum-of-percentiles total
snn32_seed17_forest_anomaly,warmup,post_window_recurring,accept,accepted,sender_binding_unisolated,19,0.1841,0.20995,0.21175,0.2122,19,Sender seal remainder: binding/state/orchestration/observer work not separately timed.,per-observation exclusive interval; no sum-of-percentiles total
snn32_seed17_forest_anomaly,warmup,post_window_recurring,accept,accepted,sender_serialization_and_quality,19,6.0914,6.3105,6.3249,6.3285,19,Sender serialization including its quality validation; not separately timed.,per-observation exclusive interval; no sum-of-percentiles total
snn32_seed17_forest_anomaly,warmup,post_window_recurring,accept,accepted,sender_window_hmac,19,0.039,0.05525999999999998,0.060012,0.0612,19,Recorded window-tag generation call.,per-observation exclusive interval; no sum-of-percentiles total
snn32_seed17_forest_anomaly,warmup,post_window_recurring,accept,accepted,session_establishment_unisolated,19,0.0,0.0,0.0,0.0,0,"Handshake/request/activation remainder, including unseparated HKDF/confirmation work and observer cost.",per-observation exclusive interval; no sum-of-percentiles total
snn32_seed17_forest_anomaly,warmup,post_window_recurring,accept,accepted,simulated_response_read,19,0.0,0.0,0.0,0.0,0,"Modeled response generation, not physical acquisition.",per-observation exclusive interval; no sum-of-percentiles total
snn32_seed17_forest_anomaly,warmup,pre_tag_quality_refusal,reject,data_quality_failure,admission_orchestration_unisolated,19,0.0,0.0,0.0,0.0,0,Admission orchestration remainder not covered by named children.,per-observation exclusive interval; no sum-of-percentiles total
snn32_seed17_forest_anomaly,warmup,pre_tag_quality_refusal,reject,data_quality_failure,anomaly_consumer,19,0.0,0.0,0.0,0.0,0,Anomaly consumer including feature scaling and frozen-threshold decision.,per-observation exclusive interval; no sum-of-percentiles total
snn32_seed17_forest_anomaly,warmup,pre_tag_quality_refusal,reject,data_quality_failure,binary32_adapter,19,1.2878,1.34232,1.350384,1.3524,19,Canonical binary32 input adaptation before sender sealing.,per-observation exclusive interval; no sum-of-percentiles total
snn32_seed17_forest_anomaly,warmup,pre_tag_quality_refusal,reject,data_quality_failure,credential_verification,19,0.0,0.0,0.0,0.0,0,Recorded independent credential-verification call(s).,per-observation exclusive interval; no sum-of-percentiles total
snn32_seed17_forest_anomaly,warmup,pre_tag_quality_refusal,reject,data_quality_failure,in_memory_audit_measured,19,0.0524,0.05871999999999997,0.071104,0.0742,19,"Recorded audit record/prepare/commit spans, exclusive of their children; not all audit-related overhead and not durable storage.",per-observation exclusive interval; no sum-of-percentiles total
snn32_seed17_forest_anomaly,warmup,pre_tag_quality_refusal,reject,data_quality_failure,local_admission_checks,19,0.0,0.0,0.0,0.0,0,"Measured local authorization/binding/consumption calls, excluding nested credential verification.",per-observation exclusive interval; no sum-of-percentiles total
snn32_seed17_forest_anomaly,warmup,pre_tag_quality_refusal,reject,data_quality_failure,model_input_preprocessing,19,0.0,0.0,0.0,0.0,0,Shared model-input preparation; model-specific normalization remains in consumer timing.,per-observation exclusive interval; no sum-of-percentiles total
snn32_seed17_forest_anomaly,warmup,pre_tag_quality_refusal,reject,data_quality_failure,motion_consumer,19,0.0,0.0,0.0,0.0,0,Motion consumer including normalization/tensor preparation/prediction decoding.,per-observation exclusive interval; no sum-of-percentiles total
snn32_seed17_forest_anomaly,warmup,pre_tag_quality_refusal,reject,data_quality_failure,outer_orchestration_unisolated,19,0.0549,0.059739999999999974,0.070108,0.0727,19,Direct root/first-post-window remainder outside named child spans.,per-observation exclusive interval; no sum-of-percentiles total
snn32_seed17_forest_anomaly,warmup,pre_tag_quality_refusal,reject,data_quality_failure,receiver_binding_sequence_state_unisolated,19,0.0,0.0,0.0,0.0,0,"Verifier remainder including binding, sequence checks, locks/state publication and observer work; NOT isolated sequence latency.",per-observation exclusive interval; no sum-of-percentiles total
snn32_seed17_forest_anomaly,warmup,pre_tag_quality_refusal,reject,data_quality_failure,receiver_parsing,19,0.0,0.0,0.0,0.0,0,Envelope and binary parser call.,per-observation exclusive interval; no sum-of-percentiles total
snn32_seed17_forest_anomaly,warmup,pre_tag_quality_refusal,reject,data_quality_failure,receiver_quality_check,19,0.0,0.0,0.0,0.0,0,Verifier quality-check call.,per-observation exclusive interval; no sum-of-percentiles total
snn32_seed17_forest_anomaly,warmup,pre_tag_quality_refusal,reject,data_quality_failure,receiver_window_hmac,19,0.0,0.0,0.0,0.0,0,"Recorded verifier window-tag calculation, not complete authentication.",per-observation exclusive interval; no sum-of-percentiles total
snn32_seed17_forest_anomaly,warmup,pre_tag_quality_refusal,reject,data_quality_failure,reconstruction,19,0.0,0.0,0.0,0.0,0,Actual recorded BCH reconstruction; includes any observer/GC delay.,per-observation exclusive interval; no sum-of-percentiles total
snn32_seed17_forest_anomaly,warmup,pre_tag_quality_refusal,reject,data_quality_failure,release_conversion_unisolated,19,0.0,0.0,0.0,0.0,0,Accepted release remainder including conversion/dispatch/observer work outside consumer children.,per-observation exclusive interval; no sum-of-percentiles total
snn32_seed17_forest_anomaly,warmup,pre_tag_quality_refusal,reject,data_quality_failure,sender_binding_unisolated,19,0.0728,0.08372999999999996,0.096906,0.1002,19,Sender seal remainder: binding/state/orchestration/observer work not separately timed.,per-observation exclusive interval; no sum-of-percentiles total
snn32_seed17_forest_anomaly,warmup,pre_tag_quality_refusal,reject,data_quality_failure,sender_serialization_and_quality,19,0.5584,0.59178,0.600276,0.6024,19,Sender serialization including its quality validation; not separately timed.,per-observation exclusive interval; no sum-of-percentiles total
snn32_seed17_forest_anomaly,warmup,pre_tag_quality_refusal,reject,data_quality_failure,sender_window_hmac,19,0.0,0.0,0.0,0.0,0,Recorded window-tag generation call.,per-observation exclusive interval; no sum-of-percentiles total
snn32_seed17_forest_anomaly,warmup,pre_tag_quality_refusal,reject,data_quality_failure,session_establishment_unisolated,19,0.0,0.0,0.0,0.0,0,"Handshake/request/activation remainder, including unseparated HKDF/confirmation work and observer cost.",per-observation exclusive interval; no sum-of-percentiles total
snn32_seed17_forest_anomaly,warmup,pre_tag_quality_refusal,reject,data_quality_failure,simulated_response_read,19,0.0,0.0,0.0,0.0,0,"Modeled response generation, not physical acquisition.",per-observation exclusive interval; no sum-of-percentiles total
snn32_seed17_forest_anomaly,warmup,valid_receiver_after_bad_tag,accept,accepted,admission_orchestration_unisolated,19,0.0,0.0,0.0,0.0,0,Admission orchestration remainder not covered by named children.,per-observation exclusive interval; no sum-of-percentiles total
snn32_seed17_forest_anomaly,warmup,valid_receiver_after_bad_tag,accept,accepted,anomaly_consumer,19,7.7293,8.17609,8.209138,8.2174,19,Anomaly consumer including feature scaling and frozen-threshold decision.,per-observation exclusive interval; no sum-of-percentiles total
snn32_seed17_forest_anomaly,warmup,valid_receiver_after_bad_tag,accept,accepted,binary32_adapter,19,0.0,0.0,0.0,0.0,0,Canonical binary32 input adaptation before sender sealing.,per-observation exclusive interval; no sum-of-percentiles total
snn32_seed17_forest_anomaly,warmup,valid_receiver_after_bad_tag,accept,accepted,credential_verification,19,0.0,0.0,0.0,0.0,0,Recorded independent credential-verification call(s).,per-observation exclusive interval; no sum-of-percentiles total
snn32_seed17_forest_anomaly,warmup,valid_receiver_after_bad_tag,accept,accepted,in_memory_audit_measured,19,0.0521,0.06223,0.062446,0.0625,19,"Recorded audit record/prepare/commit spans, exclusive of their children; not all audit-related overhead and not durable storage.",per-observation exclusive interval; no sum-of-percentiles total
snn32_seed17_forest_anomaly,warmup,valid_receiver_after_bad_tag,accept,accepted,local_admission_checks,19,0.0,0.0,0.0,0.0,0,"Measured local authorization/binding/consumption calls, excluding nested credential verification.",per-observation exclusive interval; no sum-of-percentiles total
snn32_seed17_forest_anomaly,warmup,valid_receiver_after_bad_tag,accept,accepted,model_input_preprocessing,19,4.5613,4.86933,4.896906,4.9038,19,Shared model-input preparation; model-specific normalization remains in consumer timing.,per-observation exclusive interval; no sum-of-percentiles total
snn32_seed17_forest_anomaly,warmup,valid_receiver_after_bad_tag,accept,accepted,motion_consumer,19,16.6106,17.73057,17.814594,17.8356,19,Motion consumer including normalization/tensor preparation/prediction decoding.,per-observation exclusive interval; no sum-of-percentiles total
snn32_seed17_forest_anomaly,warmup,valid_receiver_after_bad_tag,accept,accepted,outer_orchestration_unisolated,19,0.0256,0.03055,0.03091,0.031,19,Direct root/first-post-window remainder outside named child spans.,per-observation exclusive interval; no sum-of-percentiles total
snn32_seed17_forest_anomaly,warmup,valid_receiver_after_bad_tag,accept,accepted,receiver_binding_sequence_state_unisolated,19,0.0982,0.13360999999999995,0.158162,0.1643,19,"Verifier remainder including binding, sequence checks, locks/state publication and observer work; NOT isolated sequence latency.",per-observation exclusive interval; no sum-of-percentiles total
snn32_seed17_forest_anomaly,warmup,valid_receiver_after_bad_tag,accept,accepted,receiver_parsing,19,1.6341,1.69345,1.70965,1.7137,19,Envelope and binary parser call.,per-observation exclusive interval; no sum-of-percentiles total
snn32_seed17_forest_anomaly,warmup,valid_receiver_after_bad_tag,accept,accepted,receiver_quality_check,19,5.2345,5.34765,5.36961,5.3751,19,Verifier quality-check call.,per-observation exclusive interval; no sum-of-percentiles total
snn32_seed17_forest_anomaly,warmup,valid_receiver_after_bad_tag,accept,accepted,receiver_window_hmac,19,0.0177,0.028679999999999935,0.05013600000000001,0.0555,19,"Recorded verifier window-tag calculation, not complete authentication.",per-observation exclusive interval; no sum-of-percentiles total
snn32_seed17_forest_anomaly,warmup,valid_receiver_after_bad_tag,accept,accepted,reconstruction,19,0.0,0.0,0.0,0.0,0,Actual recorded BCH reconstruction; includes any observer/GC delay.,per-observation exclusive interval; no sum-of-percentiles total
snn32_seed17_forest_anomaly,warmup,valid_receiver_after_bad_tag,accept,accepted,release_conversion_unisolated,19,0.6413,0.7163099999999999,0.743022,0.7497,19,Accepted release remainder including conversion/dispatch/observer work outside consumer children.,per-observation exclusive interval; no sum-of-percentiles total
snn32_seed17_forest_anomaly,warmup,valid_receiver_after_bad_tag,accept,accepted,sender_binding_unisolated,19,0.0,0.0,0.0,0.0,0,Sender seal remainder: binding/state/orchestration/observer work not separately timed.,per-observation exclusive interval; no sum-of-percentiles total
snn32_seed17_forest_anomaly,warmup,valid_receiver_after_bad_tag,accept,accepted,sender_serialization_and_quality,19,0.0,0.0,0.0,0.0,0,Sender serialization including its quality validation; not separately timed.,per-observation exclusive interval; no sum-of-percentiles total
snn32_seed17_forest_anomaly,warmup,valid_receiver_after_bad_tag,accept,accepted,sender_window_hmac,19,0.0,0.0,0.0,0.0,0,Recorded window-tag generation call.,per-observation exclusive interval; no sum-of-percentiles total
snn32_seed17_forest_anomaly,warmup,valid_receiver_after_bad_tag,accept,accepted,session_establishment_unisolated,19,0.0,0.0,0.0,0.0,0,"Handshake/request/activation remainder, including unseparated HKDF/confirmation work and observer cost.",per-observation exclusive interval; no sum-of-percentiles total
snn32_seed17_forest_anomaly,warmup,valid_receiver_after_bad_tag,accept,accepted,simulated_response_read,19,0.0,0.0,0.0,0.0,0,"Modeled response generation, not physical acquisition.",per-observation exclusive interval; no sum-of-percentiles total
snn32_seed27_forest_anomaly,condition_first_use,bad_tag_receiver,reject,invalid_tag,admission_orchestration_unisolated,1,0.0,0.0,0.0,0.0,0,Admission orchestration remainder not covered by named children.,per-observation exclusive interval; no sum-of-percentiles total
snn32_seed27_forest_anomaly,condition_first_use,bad_tag_receiver,reject,invalid_tag,anomaly_consumer,1,0.0,0.0,0.0,0.0,0,Anomaly consumer including feature scaling and frozen-threshold decision.,per-observation exclusive interval; no sum-of-percentiles total
snn32_seed27_forest_anomaly,condition_first_use,bad_tag_receiver,reject,invalid_tag,binary32_adapter,1,0.0,0.0,0.0,0.0,0,Canonical binary32 input adaptation before sender sealing.,per-observation exclusive interval; no sum-of-percentiles total
snn32_seed27_forest_anomaly,condition_first_use,bad_tag_receiver,reject,invalid_tag,credential_verification,1,0.0,0.0,0.0,0.0,0,Recorded independent credential-verification call(s).,per-observation exclusive interval; no sum-of-percentiles total
snn32_seed27_forest_anomaly,condition_first_use,bad_tag_receiver,reject,invalid_tag,in_memory_audit_measured,1,0.0405,0.0405,0.0405,0.0405,1,"Recorded audit record/prepare/commit spans, exclusive of their children; not all audit-related overhead and not durable storage.",per-observation exclusive interval; no sum-of-percentiles total
snn32_seed27_forest_anomaly,condition_first_use,bad_tag_receiver,reject,invalid_tag,local_admission_checks,1,0.0,0.0,0.0,0.0,0,"Measured local authorization/binding/consumption calls, excluding nested credential verification.",per-observation exclusive interval; no sum-of-percentiles total
snn32_seed27_forest_anomaly,condition_first_use,bad_tag_receiver,reject,invalid_tag,model_input_preprocessing,1,0.0,0.0,0.0,0.0,0,Shared model-input preparation; model-specific normalization remains in consumer timing.,per-observation exclusive interval; no sum-of-percentiles total
snn32_seed27_forest_anomaly,condition_first_use,bad_tag_receiver,reject,invalid_tag,motion_consumer,1,0.0,0.0,0.0,0.0,0,Motion consumer including normalization/tensor preparation/prediction decoding.,per-observation exclusive interval; no sum-of-percentiles total
snn32_seed27_forest_anomaly,condition_first_use,bad_tag_receiver,reject,invalid_tag,outer_orchestration_unisolated,1,0.0139,0.0139,0.0139,0.0139,1,Direct root/first-post-window remainder outside named child spans.,per-observation exclusive interval; no sum-of-percentiles total
snn32_seed27_forest_anomaly,condition_first_use,bad_tag_receiver,reject,invalid_tag,receiver_binding_sequence_state_unisolated,1,0.1048,0.1048,0.1048,0.1048,1,"Verifier remainder including binding, sequence checks, locks/state publication and observer work; NOT isolated sequence latency.",per-observation exclusive interval; no sum-of-percentiles total
snn32_seed27_forest_anomaly,condition_first_use,bad_tag_receiver,reject,invalid_tag,receiver_parsing,1,1.5076,1.5076,1.5076,1.5076,1,Envelope and binary parser call.,per-observation exclusive interval; no sum-of-percentiles total
snn32_seed27_forest_anomaly,condition_first_use,bad_tag_receiver,reject,invalid_tag,receiver_quality_check,1,0.0,0.0,0.0,0.0,0,Verifier quality-check call.,per-observation exclusive interval; no sum-of-percentiles total
snn32_seed27_forest_anomaly,condition_first_use,bad_tag_receiver,reject,invalid_tag,receiver_window_hmac,1,0.0213,0.0213,0.0213,0.0213,1,"Recorded verifier window-tag calculation, not complete authentication.",per-observation exclusive interval; no sum-of-percentiles total
snn32_seed27_forest_anomaly,condition_first_use,bad_tag_receiver,reject,invalid_tag,reconstruction,1,0.0,0.0,0.0,0.0,0,Actual recorded BCH reconstruction; includes any observer/GC delay.,per-observation exclusive interval; no sum-of-percentiles total
snn32_seed27_forest_anomaly,condition_first_use,bad_tag_receiver,reject,invalid_tag,release_conversion_unisolated,1,0.0,0.0,0.0,0.0,0,Accepted release remainder including conversion/dispatch/observer work outside consumer children.,per-observation exclusive interval; no sum-of-percentiles total
snn32_seed27_forest_anomaly,condition_first_use,bad_tag_receiver,reject,invalid_tag,sender_binding_unisolated,1,0.0,0.0,0.0,0.0,0,Sender seal remainder: binding/state/orchestration/observer work not separately timed.,per-observation exclusive interval; no sum-of-percentiles total
snn32_seed27_forest_anomaly,condition_first_use,bad_tag_receiver,reject,invalid_tag,sender_serialization_and_quality,1,0.0,0.0,0.0,0.0,0,Sender serialization including its quality validation; not separately timed.,per-observation exclusive interval; no sum-of-percentiles total
snn32_seed27_forest_anomaly,condition_first_use,bad_tag_receiver,reject,invalid_tag,sender_window_hmac,1,0.0,0.0,0.0,0.0,0,Recorded window-tag generation call.,per-observation exclusive interval; no sum-of-percentiles total
snn32_seed27_forest_anomaly,condition_first_use,bad_tag_receiver,reject,invalid_tag,session_establishment_unisolated,1,0.0,0.0,0.0,0.0,0,"Handshake/request/activation remainder, including unseparated HKDF/confirmation work and observer cost.",per-observation exclusive interval; no sum-of-percentiles total
snn32_seed27_forest_anomaly,condition_first_use,bad_tag_receiver,reject,invalid_tag,simulated_response_read,1,0.0,0.0,0.0,0.0,0,"Modeled response generation, not physical acquisition.",per-observation exclusive interval; no sum-of-percentiles total
snn32_seed27_forest_anomaly,condition_first_use,exact_replay_receiver,reject,duplicate_sequence,admission_orchestration_unisolated,1,0.0,0.0,0.0,0.0,0,Admission orchestration remainder not covered by named children.,per-observation exclusive interval; no sum-of-percentiles total
snn32_seed27_forest_anomaly,condition_first_use,exact_replay_receiver,reject,duplicate_sequence,anomaly_consumer,1,0.0,0.0,0.0,0.0,0,Anomaly consumer including feature scaling and frozen-threshold decision.,per-observation exclusive interval; no sum-of-percentiles total
snn32_seed27_forest_anomaly,condition_first_use,exact_replay_receiver,reject,duplicate_sequence,binary32_adapter,1,0.0,0.0,0.0,0.0,0,Canonical binary32 input adaptation before sender sealing.,per-observation exclusive interval; no sum-of-percentiles total
snn32_seed27_forest_anomaly,condition_first_use,exact_replay_receiver,reject,duplicate_sequence,credential_verification,1,0.0,0.0,0.0,0.0,0,Recorded independent credential-verification call(s).,per-observation exclusive interval; no sum-of-percentiles total
snn32_seed27_forest_anomaly,condition_first_use,exact_replay_receiver,reject,duplicate_sequence,in_memory_audit_measured,1,0.0623,0.0623,0.0623,0.0623,1,"Recorded audit record/prepare/commit spans, exclusive of their children; not all audit-related overhead and not durable storage.",per-observation exclusive interval; no sum-of-percentiles total
snn32_seed27_forest_anomaly,condition_first_use,exact_replay_receiver,reject,duplicate_sequence,local_admission_checks,1,0.0,0.0,0.0,0.0,0,"Measured local authorization/binding/consumption calls, excluding nested credential verification.",per-observation exclusive interval; no sum-of-percentiles total
snn32_seed27_forest_anomaly,condition_first_use,exact_replay_receiver,reject,duplicate_sequence,model_input_preprocessing,1,0.0,0.0,0.0,0.0,0,Shared model-input preparation; model-specific normalization remains in consumer timing.,per-observation exclusive interval; no sum-of-percentiles total
snn32_seed27_forest_anomaly,condition_first_use,exact_replay_receiver,reject,duplicate_sequence,motion_consumer,1,0.0,0.0,0.0,0.0,0,Motion consumer including normalization/tensor preparation/prediction decoding.,per-observation exclusive interval; no sum-of-percentiles total
snn32_seed27_forest_anomaly,condition_first_use,exact_replay_receiver,reject,duplicate_sequence,outer_orchestration_unisolated,1,0.0108,0.0108,0.0108,0.0108,1,Direct root/first-post-window remainder outside named child spans.,per-observation exclusive interval; no sum-of-percentiles total
snn32_seed27_forest_anomaly,condition_first_use,exact_replay_receiver,reject,duplicate_sequence,receiver_binding_sequence_state_unisolated,1,0.1389,0.1389,0.1389,0.1389,1,"Verifier remainder including binding, sequence checks, locks/state publication and observer work; NOT isolated sequence latency.",per-observation exclusive interval; no sum-of-percentiles total
snn32_seed27_forest_anomaly,condition_first_use,exact_replay_receiver,reject,duplicate_sequence,receiver_parsing,1,1.8432,1.8432,1.8432,1.8432,1,Envelope and binary parser call.,per-observation exclusive interval; no sum-of-percentiles total
snn32_seed27_forest_anomaly,condition_first_use,exact_replay_receiver,reject,duplicate_sequence,receiver_quality_check,1,4.3643,4.3643,4.3643,4.3643,1,Verifier quality-check call.,per-observation exclusive interval; no sum-of-percentiles total
snn32_seed27_forest_anomaly,condition_first_use,exact_replay_receiver,reject,duplicate_sequence,receiver_window_hmac,1,0.0268,0.0268,0.0268,0.0268,1,"Recorded verifier window-tag calculation, not complete authentication.",per-observation exclusive interval; no sum-of-percentiles total
snn32_seed27_forest_anomaly,condition_first_use,exact_replay_receiver,reject,duplicate_sequence,reconstruction,1,0.0,0.0,0.0,0.0,0,Actual recorded BCH reconstruction; includes any observer/GC delay.,per-observation exclusive interval; no sum-of-percentiles total
snn32_seed27_forest_anomaly,condition_first_use,exact_replay_receiver,reject,duplicate_sequence,release_conversion_unisolated,1,0.0,0.0,0.0,0.0,0,Accepted release remainder including conversion/dispatch/observer work outside consumer children.,per-observation exclusive interval; no sum-of-percentiles total
snn32_seed27_forest_anomaly,condition_first_use,exact_replay_receiver,reject,duplicate_sequence,sender_binding_unisolated,1,0.0,0.0,0.0,0.0,0,Sender seal remainder: binding/state/orchestration/observer work not separately timed.,per-observation exclusive interval; no sum-of-percentiles total
snn32_seed27_forest_anomaly,condition_first_use,exact_replay_receiver,reject,duplicate_sequence,sender_serialization_and_quality,1,0.0,0.0,0.0,0.0,0,Sender serialization including its quality validation; not separately timed.,per-observation exclusive interval; no sum-of-percentiles total
snn32_seed27_forest_anomaly,condition_first_use,exact_replay_receiver,reject,duplicate_sequence,sender_window_hmac,1,0.0,0.0,0.0,0.0,0,Recorded window-tag generation call.,per-observation exclusive interval; no sum-of-percentiles total
snn32_seed27_forest_anomaly,condition_first_use,exact_replay_receiver,reject,duplicate_sequence,session_establishment_unisolated,1,0.0,0.0,0.0,0.0,0,"Handshake/request/activation remainder, including unseparated HKDF/confirmation work and observer cost.",per-observation exclusive interval; no sum-of-percentiles total
snn32_seed27_forest_anomaly,condition_first_use,exact_replay_receiver,reject,duplicate_sequence,simulated_response_read,1,0.0,0.0,0.0,0.0,0,"Modeled response generation, not physical acquisition.",per-observation exclusive interval; no sum-of-percentiles total
snn32_seed27_forest_anomaly,condition_first_use,fresh_to_first_window,accept,accepted,admission_orchestration_unisolated,1,0.0678,0.0678,0.0678,0.0678,1,Admission orchestration remainder not covered by named children.,per-observation exclusive interval; no sum-of-percentiles total
snn32_seed27_forest_anomaly,condition_first_use,fresh_to_first_window,accept,accepted,anomaly_consumer,1,8.9709,8.9709,8.9709,8.9709,1,Anomaly consumer including feature scaling and frozen-threshold decision.,per-observation exclusive interval; no sum-of-percentiles total
snn32_seed27_forest_anomaly,condition_first_use,fresh_to_first_window,accept,accepted,binary32_adapter,1,1.4486,1.4486,1.4486,1.4486,1,Canonical binary32 input adaptation before sender sealing.,per-observation exclusive interval; no sum-of-percentiles total
snn32_seed27_forest_anomaly,condition_first_use,fresh_to_first_window,accept,accepted,credential_verification,1,0.0692,0.0692,0.0692,0.0692,1,Recorded independent credential-verification call(s).,per-observation exclusive interval; no sum-of-percentiles total
snn32_seed27_forest_anomaly,condition_first_use,fresh_to_first_window,accept,accepted,in_memory_audit_measured,1,0.3171,0.3171,0.3171,0.3171,1,"Recorded audit record/prepare/commit spans, exclusive of their children; not all audit-related overhead and not durable storage.",per-observation exclusive interval; no sum-of-percentiles total
snn32_seed27_forest_anomaly,condition_first_use,fresh_to_first_window,accept,accepted,local_admission_checks,1,0.0869,0.0869,0.0869,0.0869,1,"Measured local authorization/binding/consumption calls, excluding nested credential verification.",per-observation exclusive interval; no sum-of-percentiles total
snn32_seed27_forest_anomaly,condition_first_use,fresh_to_first_window,accept,accepted,model_input_preprocessing,1,5.5839,5.5839,5.5839,5.5839,1,Shared model-input preparation; model-specific normalization remains in consumer timing.,per-observation exclusive interval; no sum-of-percentiles total
snn32_seed27_forest_anomaly,condition_first_use,fresh_to_first_window,accept,accepted,motion_consumer,1,18.8805,18.8805,18.8805,18.8805,1,Motion consumer including normalization/tensor preparation/prediction decoding.,per-observation exclusive interval; no sum-of-percentiles total
snn32_seed27_forest_anomaly,condition_first_use,fresh_to_first_window,accept,accepted,outer_orchestration_unisolated,1,0.2897,0.2897,0.2897,0.2897,1,Direct root/first-post-window remainder outside named child spans.,per-observation exclusive interval; no sum-of-percentiles total
snn32_seed27_forest_anomaly,condition_first_use,fresh_to_first_window,accept,accepted,receiver_binding_sequence_state_unisolated,1,0.1602,0.1602,0.1602,0.1602,1,"Verifier remainder including binding, sequence checks, locks/state publication and observer work; NOT isolated sequence latency.",per-observation exclusive interval; no sum-of-percentiles total
snn32_seed27_forest_anomaly,condition_first_use,fresh_to_first_window,accept,accepted,receiver_parsing,1,2.2814,2.2814,2.2814,2.2814,1,Envelope and binary parser call.,per-observation exclusive interval; no sum-of-percentiles total
snn32_seed27_forest_anomaly,condition_first_use,fresh_to_first_window,accept,accepted,receiver_quality_check,1,5.8363,5.8363,5.8363,5.8363,1,Verifier quality-check call.,per-observation exclusive interval; no sum-of-percentiles total
snn32_seed27_forest_anomaly,condition_first_use,fresh_to_first_window,accept,accepted,receiver_window_hmac,1,0.0277,0.0277,0.0277,0.0277,1,"Recorded verifier window-tag calculation, not complete authentication.",per-observation exclusive interval; no sum-of-percentiles total
snn32_seed27_forest_anomaly,condition_first_use,fresh_to_first_window,accept,accepted,reconstruction,1,7.3726,7.3726,7.3726,7.3726,1,Actual recorded BCH reconstruction; includes any observer/GC delay.,per-observation exclusive interval; no sum-of-percentiles total
snn32_seed27_forest_anomaly,condition_first_use,fresh_to_first_window,accept,accepted,release_conversion_unisolated,1,0.8871,0.8871,0.8871,0.8871,1,Accepted release remainder including conversion/dispatch/observer work outside consumer children.,per-observation exclusive interval; no sum-of-percentiles total
snn32_seed27_forest_anomaly,condition_first_use,fresh_to_first_window,accept,accepted,sender_binding_unisolated,1,0.1939,0.1939,0.1939,0.1939,1,Sender seal remainder: binding/state/orchestration/observer work not separately timed.,per-observation exclusive interval; no sum-of-percentiles total
snn32_seed27_forest_anomaly,condition_first_use,fresh_to_first_window,accept,accepted,sender_serialization_and_quality,1,6.1656,6.1656,6.1656,6.1656,1,Sender serialization including its quality validation; not separately timed.,per-observation exclusive interval; no sum-of-percentiles total
snn32_seed27_forest_anomaly,condition_first_use,fresh_to_first_window,accept,accepted,sender_window_hmac,1,0.032,0.032,0.032,0.032,1,Recorded window-tag generation call.,per-observation exclusive interval; no sum-of-percentiles total
snn32_seed27_forest_anomaly,condition_first_use,fresh_to_first_window,accept,accepted,session_establishment_unisolated,1,0.5806,0.5806,0.5806,0.5806,1,"Handshake/request/activation remainder, including unseparated HKDF/confirmation work and observer cost.",per-observation exclusive interval; no sum-of-percentiles total
snn32_seed27_forest_anomaly,condition_first_use,fresh_to_first_window,accept,accepted,simulated_response_read,1,0.2117,0.2117,0.2117,0.2117,1,"Modeled response generation, not physical acquisition.",per-observation exclusive interval; no sum-of-percentiles total
snn32_seed27_forest_anomaly,condition_first_use,malformed_json_receiver,reject,malformed_message,admission_orchestration_unisolated,1,0.0,0.0,0.0,0.0,0,Admission orchestration remainder not covered by named children.,per-observation exclusive interval; no sum-of-percentiles total
snn32_seed27_forest_anomaly,condition_first_use,malformed_json_receiver,reject,malformed_message,anomaly_consumer,1,0.0,0.0,0.0,0.0,0,Anomaly consumer including feature scaling and frozen-threshold decision.,per-observation exclusive interval; no sum-of-percentiles total
snn32_seed27_forest_anomaly,condition_first_use,malformed_json_receiver,reject,malformed_message,binary32_adapter,1,0.0,0.0,0.0,0.0,0,Canonical binary32 input adaptation before sender sealing.,per-observation exclusive interval; no sum-of-percentiles total
snn32_seed27_forest_anomaly,condition_first_use,malformed_json_receiver,reject,malformed_message,credential_verification,1,0.0,0.0,0.0,0.0,0,Recorded independent credential-verification call(s).,per-observation exclusive interval; no sum-of-percentiles total
snn32_seed27_forest_anomaly,condition_first_use,malformed_json_receiver,reject,malformed_message,in_memory_audit_measured,1,0.0462,0.0462,0.0462,0.0462,1,"Recorded audit record/prepare/commit spans, exclusive of their children; not all audit-related overhead and not durable storage.",per-observation exclusive interval; no sum-of-percentiles total
snn32_seed27_forest_anomaly,condition_first_use,malformed_json_receiver,reject,malformed_message,local_admission_checks,1,0.0,0.0,0.0,0.0,0,"Measured local authorization/binding/consumption calls, excluding nested credential verification.",per-observation exclusive interval; no sum-of-percentiles total
snn32_seed27_forest_anomaly,condition_first_use,malformed_json_receiver,reject,malformed_message,model_input_preprocessing,1,0.0,0.0,0.0,0.0,0,Shared model-input preparation; model-specific normalization remains in consumer timing.,per-observation exclusive interval; no sum-of-percentiles total
snn32_seed27_forest_anomaly,condition_first_use,malformed_json_receiver,reject,malformed_message,motion_consumer,1,0.0,0.0,0.0,0.0,0,Motion consumer including normalization/tensor preparation/prediction decoding.,per-observation exclusive interval; no sum-of-percentiles total
snn32_seed27_forest_anomaly,condition_first_use,malformed_json_receiver,reject,malformed_message,outer_orchestration_unisolated,1,0.0071,0.0071,0.0071,0.0071,1,Direct root/first-post-window remainder outside named child spans.,per-observation exclusive interval; no sum-of-percentiles total
snn32_seed27_forest_anomaly,condition_first_use,malformed_json_receiver,reject,malformed_message,receiver_binding_sequence_state_unisolated,1,0.0381,0.0381,0.0381,0.0381,1,"Verifier remainder including binding, sequence checks, locks/state publication and observer work; NOT isolated sequence latency.",per-observation exclusive interval; no sum-of-percentiles total
snn32_seed27_forest_anomaly,condition_first_use,malformed_json_receiver,reject,malformed_message,receiver_parsing,1,0.03,0.03,0.03,0.03,1,Envelope and binary parser call.,per-observation exclusive interval; no sum-of-percentiles total
snn32_seed27_forest_anomaly,condition_first_use,malformed_json_receiver,reject,malformed_message,receiver_quality_check,1,0.0,0.0,0.0,0.0,0,Verifier quality-check call.,per-observation exclusive interval; no sum-of-percentiles total
snn32_seed27_forest_anomaly,condition_first_use,malformed_json_receiver,reject,malformed_message,receiver_window_hmac,1,0.0,0.0,0.0,0.0,0,"Recorded verifier window-tag calculation, not complete authentication.",per-observation exclusive interval; no sum-of-percentiles total
snn32_seed27_forest_anomaly,condition_first_use,malformed_json_receiver,reject,malformed_message,reconstruction,1,0.0,0.0,0.0,0.0,0,Actual recorded BCH reconstruction; includes any observer/GC delay.,per-observation exclusive interval; no sum-of-percentiles total
snn32_seed27_forest_anomaly,condition_first_use,malformed_json_receiver,reject,malformed_message,release_conversion_unisolated,1,0.0,0.0,0.0,0.0,0,Accepted release remainder including conversion/dispatch/observer work outside consumer children.,per-observation exclusive interval; no sum-of-percentiles total
snn32_seed27_forest_anomaly,condition_first_use,malformed_json_receiver,reject,malformed_message,sender_binding_unisolated,1,0.0,0.0,0.0,0.0,0,Sender seal remainder: binding/state/orchestration/observer work not separately timed.,per-observation exclusive interval; no sum-of-percentiles total
snn32_seed27_forest_anomaly,condition_first_use,malformed_json_receiver,reject,malformed_message,sender_serialization_and_quality,1,0.0,0.0,0.0,0.0,0,Sender serialization including its quality validation; not separately timed.,per-observation exclusive interval; no sum-of-percentiles total
snn32_seed27_forest_anomaly,condition_first_use,malformed_json_receiver,reject,malformed_message,sender_window_hmac,1,0.0,0.0,0.0,0.0,0,Recorded window-tag generation call.,per-observation exclusive interval; no sum-of-percentiles total
snn32_seed27_forest_anomaly,condition_first_use,malformed_json_receiver,reject,malformed_message,session_establishment_unisolated,1,0.0,0.0,0.0,0.0,0,"Handshake/request/activation remainder, including unseparated HKDF/confirmation work and observer cost.",per-observation exclusive interval; no sum-of-percentiles total
snn32_seed27_forest_anomaly,condition_first_use,malformed_json_receiver,reject,malformed_message,simulated_response_read,1,0.0,0.0,0.0,0.0,0,"Modeled response generation, not physical acquisition.",per-observation exclusive interval; no sum-of-percentiles total
snn32_seed27_forest_anomaly,condition_first_use,post_window_after_refusals,accept,accepted,admission_orchestration_unisolated,1,0.0,0.0,0.0,0.0,0,Admission orchestration remainder not covered by named children.,per-observation exclusive interval; no sum-of-percentiles total
snn32_seed27_forest_anomaly,condition_first_use,post_window_after_refusals,accept,accepted,anomaly_consumer,1,6.232,6.232,6.232,6.232,1,Anomaly consumer including feature scaling and frozen-threshold decision.,per-observation exclusive interval; no sum-of-percentiles total
snn32_seed27_forest_anomaly,condition_first_use,post_window_after_refusals,accept,accepted,binary32_adapter,1,0.9349,0.9349,0.9349,0.9349,1,Canonical binary32 input adaptation before sender sealing.,per-observation exclusive interval; no sum-of-percentiles total
snn32_seed27_forest_anomaly,condition_first_use,post_window_after_refusals,accept,accepted,credential_verification,1,0.0,0.0,0.0,0.0,0,Recorded independent credential-verification call(s).,per-observation exclusive interval; no sum-of-percentiles total
snn32_seed27_forest_anomaly,condition_first_use,post_window_after_refusals,accept,accepted,in_memory_audit_measured,1,0.0709,0.0709,0.0709,0.0709,1,"Recorded audit record/prepare/commit spans, exclusive of their children; not all audit-related overhead and not durable storage.",per-observation exclusive interval; no sum-of-percentiles total
snn32_seed27_forest_anomaly,condition_first_use,post_window_after_refusals,accept,accepted,local_admission_checks,1,0.0,0.0,0.0,0.0,0,"Measured local authorization/binding/consumption calls, excluding nested credential verification.",per-observation exclusive interval; no sum-of-percentiles total
snn32_seed27_forest_anomaly,condition_first_use,post_window_after_refusals,accept,accepted,model_input_preprocessing,1,3.47,3.47,3.47,3.47,1,Shared model-input preparation; model-specific normalization remains in consumer timing.,per-observation exclusive interval; no sum-of-percentiles total
snn32_seed27_forest_anomaly,condition_first_use,post_window_after_refusals,accept,accepted,motion_consumer,1,12.3177,12.3177,12.3177,12.3177,1,Motion consumer including normalization/tensor preparation/prediction decoding.,per-observation exclusive interval; no sum-of-percentiles total
snn32_seed27_forest_anomaly,condition_first_use,post_window_after_refusals,accept,accepted,outer_orchestration_unisolated,1,0.1383,0.1383,0.1383,0.1383,1,Direct root/first-post-window remainder outside named child spans.,per-observation exclusive interval; no sum-of-percentiles total
snn32_seed27_forest_anomaly,condition_first_use,post_window_after_refusals,accept,accepted,receiver_binding_sequence_state_unisolated,1,0.0835,0.0835,0.0835,0.0835,1,"Verifier remainder including binding, sequence checks, locks/state publication and observer work; NOT isolated sequence latency.",per-observation exclusive interval; no sum-of-percentiles total
snn32_seed27_forest_anomaly,condition_first_use,post_window_after_refusals,accept,accepted,receiver_parsing,1,1.3828,1.3828,1.3828,1.3828,1,Envelope and binary parser call.,per-observation exclusive interval; no sum-of-percentiles total
snn32_seed27_forest_anomaly,condition_first_use,post_window_after_refusals,accept,accepted,receiver_quality_check,1,3.9706,3.9706,3.9706,3.9706,1,Verifier quality-check call.,per-observation exclusive interval; no sum-of-percentiles total
snn32_seed27_forest_anomaly,condition_first_use,post_window_after_refusals,accept,accepted,receiver_window_hmac,1,0.0134,0.0134,0.0134,0.0134,1,"Recorded verifier window-tag calculation, not complete authentication.",per-observation exclusive interval; no sum-of-percentiles total
snn32_seed27_forest_anomaly,condition_first_use,post_window_after_refusals,accept,accepted,reconstruction,1,0.0,0.0,0.0,0.0,0,Actual recorded BCH reconstruction; includes any observer/GC delay.,per-observation exclusive interval; no sum-of-percentiles total
snn32_seed27_forest_anomaly,condition_first_use,post_window_after_refusals,accept,accepted,release_conversion_unisolated,1,0.5933,0.5933,0.5933,0.5933,1,Accepted release remainder including conversion/dispatch/observer work outside consumer children.,per-observation exclusive interval; no sum-of-percentiles total
snn32_seed27_forest_anomaly,condition_first_use,post_window_after_refusals,accept,accepted,sender_binding_unisolated,1,0.1006,0.1006,0.1006,0.1006,1,Sender seal remainder: binding/state/orchestration/observer work not separately timed.,per-observation exclusive interval; no sum-of-percentiles total
snn32_seed27_forest_anomaly,condition_first_use,post_window_after_refusals,accept,accepted,sender_serialization_and_quality,1,4.3242,4.3242,4.3242,4.3242,1,Sender serialization including its quality validation; not separately timed.,per-observation exclusive interval; no sum-of-percentiles total
snn32_seed27_forest_anomaly,condition_first_use,post_window_after_refusals,accept,accepted,sender_window_hmac,1,0.0187,0.0187,0.0187,0.0187,1,Recorded window-tag generation call.,per-observation exclusive interval; no sum-of-percentiles total
snn32_seed27_forest_anomaly,condition_first_use,post_window_after_refusals,accept,accepted,session_establishment_unisolated,1,0.0,0.0,0.0,0.0,0,"Handshake/request/activation remainder, including unseparated HKDF/confirmation work and observer cost.",per-observation exclusive interval; no sum-of-percentiles total
snn32_seed27_forest_anomaly,condition_first_use,post_window_after_refusals,accept,accepted,simulated_response_read,1,0.0,0.0,0.0,0.0,0,"Modeled response generation, not physical acquisition.",per-observation exclusive interval; no sum-of-percentiles total
snn32_seed27_forest_anomaly,condition_first_use,post_window_recurring,accept,accepted,admission_orchestration_unisolated,1,0.0,0.0,0.0,0.0,0,Admission orchestration remainder not covered by named children.,per-observation exclusive interval; no sum-of-percentiles total
snn32_seed27_forest_anomaly,condition_first_use,post_window_recurring,accept,accepted,anomaly_consumer,1,7.2628,7.2628,7.2628,7.2628,1,Anomaly consumer including feature scaling and frozen-threshold decision.,per-observation exclusive interval; no sum-of-percentiles total
snn32_seed27_forest_anomaly,condition_first_use,post_window_recurring,accept,accepted,binary32_adapter,1,1.4242,1.4242,1.4242,1.4242,1,Canonical binary32 input adaptation before sender sealing.,per-observation exclusive interval; no sum-of-percentiles total
snn32_seed27_forest_anomaly,condition_first_use,post_window_recurring,accept,accepted,credential_verification,1,0.0,0.0,0.0,0.0,0,Recorded independent credential-verification call(s).,per-observation exclusive interval; no sum-of-percentiles total
snn32_seed27_forest_anomaly,condition_first_use,post_window_recurring,accept,accepted,in_memory_audit_measured,1,0.1473,0.1473,0.1473,0.1473,1,"Recorded audit record/prepare/commit spans, exclusive of their children; not all audit-related overhead and not durable storage.",per-observation exclusive interval; no sum-of-percentiles total
snn32_seed27_forest_anomaly,condition_first_use,post_window_recurring,accept,accepted,local_admission_checks,1,0.0,0.0,0.0,0.0,0,"Measured local authorization/binding/consumption calls, excluding nested credential verification.",per-observation exclusive interval; no sum-of-percentiles total
snn32_seed27_forest_anomaly,condition_first_use,post_window_recurring,accept,accepted,model_input_preprocessing,1,4.9589,4.9589,4.9589,4.9589,1,Shared model-input preparation; model-specific normalization remains in consumer timing.,per-observation exclusive interval; no sum-of-percentiles total
snn32_seed27_forest_anomaly,condition_first_use,post_window_recurring,accept,accepted,motion_consumer,1,18.1365,18.1365,18.1365,18.1365,1,Motion consumer including normalization/tensor preparation/prediction decoding.,per-observation exclusive interval; no sum-of-percentiles total
snn32_seed27_forest_anomaly,condition_first_use,post_window_recurring,accept,accepted,outer_orchestration_unisolated,1,0.1937,0.1937,0.1937,0.1937,1,Direct root/first-post-window remainder outside named child spans.,per-observation exclusive interval; no sum-of-percentiles total
snn32_seed27_forest_anomaly,condition_first_use,post_window_recurring,accept,accepted,receiver_binding_sequence_state_unisolated,1,0.178,0.178,0.178,0.178,1,"Verifier remainder including binding, sequence checks, locks/state publication and observer work; NOT isolated sequence latency.",per-observation exclusive interval; no sum-of-percentiles total
snn32_seed27_forest_anomaly,condition_first_use,post_window_recurring,accept,accepted,receiver_parsing,1,2.3043,2.3043,2.3043,2.3043,1,Envelope and binary parser call.,per-observation exclusive interval; no sum-of-percentiles total
snn32_seed27_forest_anomaly,condition_first_use,post_window_recurring,accept,accepted,receiver_quality_check,1,5.9757,5.9757,5.9757,5.9757,1,Verifier quality-check call.,per-observation exclusive interval; no sum-of-percentiles total
snn32_seed27_forest_anomaly,condition_first_use,post_window_recurring,accept,accepted,receiver_window_hmac,1,0.0376,0.0376,0.0376,0.0376,1,"Recorded verifier window-tag calculation, not complete authentication.",per-observation exclusive interval; no sum-of-percentiles total
snn32_seed27_forest_anomaly,condition_first_use,post_window_recurring,accept,accepted,reconstruction,1,0.0,0.0,0.0,0.0,0,Actual recorded BCH reconstruction; includes any observer/GC delay.,per-observation exclusive interval; no sum-of-percentiles total
snn32_seed27_forest_anomaly,condition_first_use,post_window_recurring,accept,accepted,release_conversion_unisolated,1,0.8192,0.8192,0.8192,0.8192,1,Accepted release remainder including conversion/dispatch/observer work outside consumer children.,per-observation exclusive interval; no sum-of-percentiles total
snn32_seed27_forest_anomaly,condition_first_use,post_window_recurring,accept,accepted,sender_binding_unisolated,1,0.2171,0.2171,0.2171,0.2171,1,Sender seal remainder: binding/state/orchestration/observer work not separately timed.,per-observation exclusive interval; no sum-of-percentiles total
snn32_seed27_forest_anomaly,condition_first_use,post_window_recurring,accept,accepted,sender_serialization_and_quality,1,6.4376,6.4376,6.4376,6.4376,1,Sender serialization including its quality validation; not separately timed.,per-observation exclusive interval; no sum-of-percentiles total
snn32_seed27_forest_anomaly,condition_first_use,post_window_recurring,accept,accepted,sender_window_hmac,1,0.047,0.047,0.047,0.047,1,Recorded window-tag generation call.,per-observation exclusive interval; no sum-of-percentiles total
snn32_seed27_forest_anomaly,condition_first_use,post_window_recurring,accept,accepted,session_establishment_unisolated,1,0.0,0.0,0.0,0.0,0,"Handshake/request/activation remainder, including unseparated HKDF/confirmation work and observer cost.",per-observation exclusive interval; no sum-of-percentiles total
snn32_seed27_forest_anomaly,condition_first_use,post_window_recurring,accept,accepted,simulated_response_read,1,0.0,0.0,0.0,0.0,0,"Modeled response generation, not physical acquisition.",per-observation exclusive interval; no sum-of-percentiles total
snn32_seed27_forest_anomaly,condition_first_use,pre_tag_quality_refusal,reject,data_quality_failure,admission_orchestration_unisolated,1,0.0,0.0,0.0,0.0,0,Admission orchestration remainder not covered by named children.,per-observation exclusive interval; no sum-of-percentiles total
snn32_seed27_forest_anomaly,condition_first_use,pre_tag_quality_refusal,reject,data_quality_failure,anomaly_consumer,1,0.0,0.0,0.0,0.0,0,Anomaly consumer including feature scaling and frozen-threshold decision.,per-observation exclusive interval; no sum-of-percentiles total
snn32_seed27_forest_anomaly,condition_first_use,pre_tag_quality_refusal,reject,data_quality_failure,binary32_adapter,1,0.9587,0.9587,0.9587,0.9587,1,Canonical binary32 input adaptation before sender sealing.,per-observation exclusive interval; no sum-of-percentiles total
snn32_seed27_forest_anomaly,condition_first_use,pre_tag_quality_refusal,reject,data_quality_failure,credential_verification,1,0.0,0.0,0.0,0.0,0,Recorded independent credential-verification call(s).,per-observation exclusive interval; no sum-of-percentiles total
snn32_seed27_forest_anomaly,condition_first_use,pre_tag_quality_refusal,reject,data_quality_failure,in_memory_audit_measured,1,0.0399,0.0399,0.0399,0.0399,1,"Recorded audit record/prepare/commit spans, exclusive of their children; not all audit-related overhead and not durable storage.",per-observation exclusive interval; no sum-of-percentiles total
snn32_seed27_forest_anomaly,condition_first_use,pre_tag_quality_refusal,reject,data_quality_failure,local_admission_checks,1,0.0,0.0,0.0,0.0,0,"Measured local authorization/binding/consumption calls, excluding nested credential verification.",per-observation exclusive interval; no sum-of-percentiles total
snn32_seed27_forest_anomaly,condition_first_use,pre_tag_quality_refusal,reject,data_quality_failure,model_input_preprocessing,1,0.0,0.0,0.0,0.0,0,Shared model-input preparation; model-specific normalization remains in consumer timing.,per-observation exclusive interval; no sum-of-percentiles total
snn32_seed27_forest_anomaly,condition_first_use,pre_tag_quality_refusal,reject,data_quality_failure,motion_consumer,1,0.0,0.0,0.0,0.0,0,Motion consumer including normalization/tensor preparation/prediction decoding.,per-observation exclusive interval; no sum-of-percentiles total
snn32_seed27_forest_anomaly,condition_first_use,pre_tag_quality_refusal,reject,data_quality_failure,outer_orchestration_unisolated,1,0.0493,0.0493,0.0493,0.0493,1,Direct root/first-post-window remainder outside named child spans.,per-observation exclusive interval; no sum-of-percentiles total
snn32_seed27_forest_anomaly,condition_first_use,pre_tag_quality_refusal,reject,data_quality_failure,receiver_binding_sequence_state_unisolated,1,0.0,0.0,0.0,0.0,0,"Verifier remainder including binding, sequence checks, locks/state publication and observer work; NOT isolated sequence latency.",per-observation exclusive interval; no sum-of-percentiles total
snn32_seed27_forest_anomaly,condition_first_use,pre_tag_quality_refusal,reject,data_quality_failure,receiver_parsing,1,0.0,0.0,0.0,0.0,0,Envelope and binary parser call.,per-observation exclusive interval; no sum-of-percentiles total
snn32_seed27_forest_anomaly,condition_first_use,pre_tag_quality_refusal,reject,data_quality_failure,receiver_quality_check,1,0.0,0.0,0.0,0.0,0,Verifier quality-check call.,per-observation exclusive interval; no sum-of-percentiles total
snn32_seed27_forest_anomaly,condition_first_use,pre_tag_quality_refusal,reject,data_quality_failure,receiver_window_hmac,1,0.0,0.0,0.0,0.0,0,"Recorded verifier window-tag calculation, not complete authentication.",per-observation exclusive interval; no sum-of-percentiles total
snn32_seed27_forest_anomaly,condition_first_use,pre_tag_quality_refusal,reject,data_quality_failure,reconstruction,1,0.0,0.0,0.0,0.0,0,Actual recorded BCH reconstruction; includes any observer/GC delay.,per-observation exclusive interval; no sum-of-percentiles total
snn32_seed27_forest_anomaly,condition_first_use,pre_tag_quality_refusal,reject,data_quality_failure,release_conversion_unisolated,1,0.0,0.0,0.0,0.0,0,Accepted release remainder including conversion/dispatch/observer work outside consumer children.,per-observation exclusive interval; no sum-of-percentiles total
snn32_seed27_forest_anomaly,condition_first_use,pre_tag_quality_refusal,reject,data_quality_failure,sender_binding_unisolated,1,0.0605,0.0605,0.0605,0.0605,1,Sender seal remainder: binding/state/orchestration/observer work not separately timed.,per-observation exclusive interval; no sum-of-percentiles total
snn32_seed27_forest_anomaly,condition_first_use,pre_tag_quality_refusal,reject,data_quality_failure,sender_serialization_and_quality,1,0.4423,0.4423,0.4423,0.4423,1,Sender serialization including its quality validation; not separately timed.,per-observation exclusive interval; no sum-of-percentiles total
snn32_seed27_forest_anomaly,condition_first_use,pre_tag_quality_refusal,reject,data_quality_failure,sender_window_hmac,1,0.0,0.0,0.0,0.0,0,Recorded window-tag generation call.,per-observation exclusive interval; no sum-of-percentiles total
snn32_seed27_forest_anomaly,condition_first_use,pre_tag_quality_refusal,reject,data_quality_failure,session_establishment_unisolated,1,0.0,0.0,0.0,0.0,0,"Handshake/request/activation remainder, including unseparated HKDF/confirmation work and observer cost.",per-observation exclusive interval; no sum-of-percentiles total
snn32_seed27_forest_anomaly,condition_first_use,pre_tag_quality_refusal,reject,data_quality_failure,simulated_response_read,1,0.0,0.0,0.0,0.0,0,"Modeled response generation, not physical acquisition.",per-observation exclusive interval; no sum-of-percentiles total
snn32_seed27_forest_anomaly,condition_first_use,valid_receiver_after_bad_tag,accept,accepted,admission_orchestration_unisolated,1,0.0,0.0,0.0,0.0,0,Admission orchestration remainder not covered by named children.,per-observation exclusive interval; no sum-of-percentiles total
snn32_seed27_forest_anomaly,condition_first_use,valid_receiver_after_bad_tag,accept,accepted,anomaly_consumer,1,7.3701,7.3701,7.3701,7.3701,1,Anomaly consumer including feature scaling and frozen-threshold decision.,per-observation exclusive interval; no sum-of-percentiles total
snn32_seed27_forest_anomaly,condition_first_use,valid_receiver_after_bad_tag,accept,accepted,binary32_adapter,1,0.0,0.0,0.0,0.0,0,Canonical binary32 input adaptation before sender sealing.,per-observation exclusive interval; no sum-of-percentiles total
snn32_seed27_forest_anomaly,condition_first_use,valid_receiver_after_bad_tag,accept,accepted,credential_verification,1,0.0,0.0,0.0,0.0,0,Recorded independent credential-verification call(s).,per-observation exclusive interval; no sum-of-percentiles total
snn32_seed27_forest_anomaly,condition_first_use,valid_receiver_after_bad_tag,accept,accepted,in_memory_audit_measured,1,0.0508,0.0508,0.0508,0.0508,1,"Recorded audit record/prepare/commit spans, exclusive of their children; not all audit-related overhead and not durable storage.",per-observation exclusive interval; no sum-of-percentiles total
snn32_seed27_forest_anomaly,condition_first_use,valid_receiver_after_bad_tag,accept,accepted,local_admission_checks,1,0.0,0.0,0.0,0.0,0,"Measured local authorization/binding/consumption calls, excluding nested credential verification.",per-observation exclusive interval; no sum-of-percentiles total
snn32_seed27_forest_anomaly,condition_first_use,valid_receiver_after_bad_tag,accept,accepted,model_input_preprocessing,1,4.221,4.221,4.221,4.221,1,Shared model-input preparation; model-specific normalization remains in consumer timing.,per-observation exclusive interval; no sum-of-percentiles total
snn32_seed27_forest_anomaly,condition_first_use,valid_receiver_after_bad_tag,accept,accepted,motion_consumer,1,15.3559,15.3559,15.3559,15.3559,1,Motion consumer including normalization/tensor preparation/prediction decoding.,per-observation exclusive interval; no sum-of-percentiles total
snn32_seed27_forest_anomaly,condition_first_use,valid_receiver_after_bad_tag,accept,accepted,outer_orchestration_unisolated,1,0.0265,0.0265,0.0265,0.0265,1,Direct root/first-post-window remainder outside named child spans.,per-observation exclusive interval; no sum-of-percentiles total
snn32_seed27_forest_anomaly,condition_first_use,valid_receiver_after_bad_tag,accept,accepted,receiver_binding_sequence_state_unisolated,1,0.0948,0.0948,0.0948,0.0948,1,"Verifier remainder including binding, sequence checks, locks/state publication and observer work; NOT isolated sequence latency.",per-observation exclusive interval; no sum-of-percentiles total
snn32_seed27_forest_anomaly,condition_first_use,valid_receiver_after_bad_tag,accept,accepted,receiver_parsing,1,1.5073,1.5073,1.5073,1.5073,1,Envelope and binary parser call.,per-observation exclusive interval; no sum-of-percentiles total
snn32_seed27_forest_anomaly,condition_first_use,valid_receiver_after_bad_tag,accept,accepted,receiver_quality_check,1,4.8234,4.8234,4.8234,4.8234,1,Verifier quality-check call.,per-observation exclusive interval; no sum-of-percentiles total
snn32_seed27_forest_anomaly,condition_first_use,valid_receiver_after_bad_tag,accept,accepted,receiver_window_hmac,1,0.0195,0.0195,0.0195,0.0195,1,"Recorded verifier window-tag calculation, not complete authentication.",per-observation exclusive interval; no sum-of-percentiles total
snn32_seed27_forest_anomaly,condition_first_use,valid_receiver_after_bad_tag,accept,accepted,reconstruction,1,0.0,0.0,0.0,0.0,0,Actual recorded BCH reconstruction; includes any observer/GC delay.,per-observation exclusive interval; no sum-of-percentiles total
snn32_seed27_forest_anomaly,condition_first_use,valid_receiver_after_bad_tag,accept,accepted,release_conversion_unisolated,1,0.7627,0.7627,0.7627,0.7627,1,Accepted release remainder including conversion/dispatch/observer work outside consumer children.,per-observation exclusive interval; no sum-of-percentiles total
snn32_seed27_forest_anomaly,condition_first_use,valid_receiver_after_bad_tag,accept,accepted,sender_binding_unisolated,1,0.0,0.0,0.0,0.0,0,Sender seal remainder: binding/state/orchestration/observer work not separately timed.,per-observation exclusive interval; no sum-of-percentiles total
snn32_seed27_forest_anomaly,condition_first_use,valid_receiver_after_bad_tag,accept,accepted,sender_serialization_and_quality,1,0.0,0.0,0.0,0.0,0,Sender serialization including its quality validation; not separately timed.,per-observation exclusive interval; no sum-of-percentiles total
snn32_seed27_forest_anomaly,condition_first_use,valid_receiver_after_bad_tag,accept,accepted,sender_window_hmac,1,0.0,0.0,0.0,0.0,0,Recorded window-tag generation call.,per-observation exclusive interval; no sum-of-percentiles total
snn32_seed27_forest_anomaly,condition_first_use,valid_receiver_after_bad_tag,accept,accepted,session_establishment_unisolated,1,0.0,0.0,0.0,0.0,0,"Handshake/request/activation remainder, including unseparated HKDF/confirmation work and observer cost.",per-observation exclusive interval; no sum-of-percentiles total
snn32_seed27_forest_anomaly,condition_first_use,valid_receiver_after_bad_tag,accept,accepted,simulated_response_read,1,0.0,0.0,0.0,0.0,0,"Modeled response generation, not physical acquisition.",per-observation exclusive interval; no sum-of-percentiles total
snn32_seed27_forest_anomaly,measured,bad_tag_receiver,reject,invalid_tag,admission_orchestration_unisolated,599,0.0,0.0,0.0,0.0,0,Admission orchestration remainder not covered by named children.,per-observation exclusive interval; no sum-of-percentiles total
snn32_seed27_forest_anomaly,measured,bad_tag_receiver,reject,invalid_tag,anomaly_consumer,599,0.0,0.0,0.0,0.0,0,Anomaly consumer including feature scaling and frozen-threshold decision.,per-observation exclusive interval; no sum-of-percentiles total
snn32_seed27_forest_anomaly,measured,bad_tag_receiver,reject,invalid_tag,binary32_adapter,599,0.0,0.0,0.0,0.0,0,Canonical binary32 input adaptation before sender sealing.,per-observation exclusive interval; no sum-of-percentiles total
snn32_seed27_forest_anomaly,measured,bad_tag_receiver,reject,invalid_tag,credential_verification,599,0.0,0.0,0.0,0.0,0,Recorded independent credential-verification call(s).,per-observation exclusive interval; no sum-of-percentiles total
snn32_seed27_forest_anomaly,measured,bad_tag_receiver,reject,invalid_tag,in_memory_audit_measured,599,0.0367,0.060320000000000006,0.06675199999999995,0.3291,599,"Recorded audit record/prepare/commit spans, exclusive of their children; not all audit-related overhead and not durable storage.",per-observation exclusive interval; no sum-of-percentiles total
snn32_seed27_forest_anomaly,measured,bad_tag_receiver,reject,invalid_tag,local_admission_checks,599,0.0,0.0,0.0,0.0,0,"Measured local authorization/binding/consumption calls, excluding nested credential verification.",per-observation exclusive interval; no sum-of-percentiles total
snn32_seed27_forest_anomaly,measured,bad_tag_receiver,reject,invalid_tag,model_input_preprocessing,599,0.0,0.0,0.0,0.0,0,Shared model-input preparation; model-specific normalization remains in consumer timing.,per-observation exclusive interval; no sum-of-percentiles total
snn32_seed27_forest_anomaly,measured,bad_tag_receiver,reject,invalid_tag,motion_consumer,599,0.0,0.0,0.0,0.0,0,Motion consumer including normalization/tensor preparation/prediction decoding.,per-observation exclusive interval; no sum-of-percentiles total
snn32_seed27_forest_anomaly,measured,bad_tag_receiver,reject,invalid_tag,outer_orchestration_unisolated,599,0.0115,0.0176,0.0237,0.053,599,Direct root/first-post-window remainder outside named child spans.,per-observation exclusive interval; no sum-of-percentiles total
snn32_seed27_forest_anomaly,measured,bad_tag_receiver,reject,invalid_tag,receiver_binding_sequence_state_unisolated,599,0.0919,0.1485,0.17124999999999993,0.1898,599,"Verifier remainder including binding, sequence checks, locks/state publication and observer work; NOT isolated sequence latency.",per-observation exclusive interval; no sum-of-percentiles total
snn32_seed27_forest_anomaly,measured,bad_tag_receiver,reject,invalid_tag,receiver_parsing,599,1.5268,1.91003,2.64953,3.0715,599,Envelope and binary parser call.,per-observation exclusive interval; no sum-of-percentiles total
snn32_seed27_forest_anomaly,measured,bad_tag_receiver,reject,invalid_tag,receiver_quality_check,599,0.0,0.0,0.0,0.0,0,Verifier quality-check call.,per-observation exclusive interval; no sum-of-percentiles total
snn32_seed27_forest_anomaly,measured,bad_tag_receiver,reject,invalid_tag,receiver_window_hmac,599,0.0171,0.0286,0.033102,0.0699,599,"Recorded verifier window-tag calculation, not complete authentication.",per-observation exclusive interval; no sum-of-percentiles total
snn32_seed27_forest_anomaly,measured,bad_tag_receiver,reject,invalid_tag,reconstruction,599,0.0,0.0,0.0,0.0,0,Actual recorded BCH reconstruction; includes any observer/GC delay.,per-observation exclusive interval; no sum-of-percentiles total
snn32_seed27_forest_anomaly,measured,bad_tag_receiver,reject,invalid_tag,release_conversion_unisolated,599,0.0,0.0,0.0,0.0,0,Accepted release remainder including conversion/dispatch/observer work outside consumer children.,per-observation exclusive interval; no sum-of-percentiles total
snn32_seed27_forest_anomaly,measured,bad_tag_receiver,reject,invalid_tag,sender_binding_unisolated,599,0.0,0.0,0.0,0.0,0,Sender seal remainder: binding/state/orchestration/observer work not separately timed.,per-observation exclusive interval; no sum-of-percentiles total
snn32_seed27_forest_anomaly,measured,bad_tag_receiver,reject,invalid_tag,sender_serialization_and_quality,599,0.0,0.0,0.0,0.0,0,Sender serialization including its quality validation; not separately timed.,per-observation exclusive interval; no sum-of-percentiles total
snn32_seed27_forest_anomaly,measured,bad_tag_receiver,reject,invalid_tag,sender_window_hmac,599,0.0,0.0,0.0,0.0,0,Recorded window-tag generation call.,per-observation exclusive interval; no sum-of-percentiles total
snn32_seed27_forest_anomaly,measured,bad_tag_receiver,reject,invalid_tag,session_establishment_unisolated,599,0.0,0.0,0.0,0.0,0,"Handshake/request/activation remainder, including unseparated HKDF/confirmation work and observer cost.",per-observation exclusive interval; no sum-of-percentiles total
snn32_seed27_forest_anomaly,measured,bad_tag_receiver,reject,invalid_tag,simulated_response_read,599,0.0,0.0,0.0,0.0,0,"Modeled response generation, not physical acquisition.",per-observation exclusive interval; no sum-of-percentiles total
snn32_seed27_forest_anomaly,measured,exact_replay_receiver,reject,duplicate_sequence,admission_orchestration_unisolated,599,0.0,0.0,0.0,0.0,0,Admission orchestration remainder not covered by named children.,per-observation exclusive interval; no sum-of-percentiles total
snn32_seed27_forest_anomaly,measured,exact_replay_receiver,reject,duplicate_sequence,anomaly_consumer,599,0.0,0.0,0.0,0.0,0,Anomaly consumer including feature scaling and frozen-threshold decision.,per-observation exclusive interval; no sum-of-percentiles total
snn32_seed27_forest_anomaly,measured,exact_replay_receiver,reject,duplicate_sequence,binary32_adapter,599,0.0,0.0,0.0,0.0,0,Canonical binary32 input adaptation before sender sealing.,per-observation exclusive interval; no sum-of-percentiles total
snn32_seed27_forest_anomaly,measured,exact_replay_receiver,reject,duplicate_sequence,credential_verification,599,0.0,0.0,0.0,0.0,0,Recorded independent credential-verification call(s).,per-observation exclusive interval; no sum-of-percentiles total
snn32_seed27_forest_anomaly,measured,exact_replay_receiver,reject,duplicate_sequence,in_memory_audit_measured,599,0.0436,0.08094000000000001,0.09221599999999998,0.1008,599,"Recorded audit record/prepare/commit spans, exclusive of their children; not all audit-related overhead and not durable storage.",per-observation exclusive interval; no sum-of-percentiles total
snn32_seed27_forest_anomaly,measured,exact_replay_receiver,reject,duplicate_sequence,local_admission_checks,599,0.0,0.0,0.0,0.0,0,"Measured local authorization/binding/consumption calls, excluding nested credential verification.",per-observation exclusive interval; no sum-of-percentiles total
snn32_seed27_forest_anomaly,measured,exact_replay_receiver,reject,duplicate_sequence,model_input_preprocessing,599,0.0,0.0,0.0,0.0,0,Shared model-input preparation; model-specific normalization remains in consumer timing.,per-observation exclusive interval; no sum-of-percentiles total
snn32_seed27_forest_anomaly,measured,exact_replay_receiver,reject,duplicate_sequence,motion_consumer,599,0.0,0.0,0.0,0.0,0,Motion consumer including normalization/tensor preparation/prediction decoding.,per-observation exclusive interval; no sum-of-percentiles total
snn32_seed27_forest_anomaly,measured,exact_replay_receiver,reject,duplicate_sequence,outer_orchestration_unisolated,599,0.0085,0.016210000000000002,0.01931199999999999,0.025,599,Direct root/first-post-window remainder outside named child spans.,per-observation exclusive interval; no sum-of-percentiles total
snn32_seed27_forest_anomaly,measured,exact_replay_receiver,reject,duplicate_sequence,receiver_binding_sequence_state_unisolated,599,0.0932,0.18877000000000002,0.2328999999999999,0.2857,599,"Verifier remainder including binding, sequence checks, locks/state publication and observer work; NOT isolated sequence latency.",per-observation exclusive interval; no sum-of-percentiles total
snn32_seed27_forest_anomaly,measured,exact_replay_receiver,reject,duplicate_sequence,receiver_parsing,599,1.3178,4.77151,6.863807999999998,321.5311,599,Envelope and binary parser call.,per-observation exclusive interval; no sum-of-percentiles total
snn32_seed27_forest_anomaly,measured,exact_replay_receiver,reject,duplicate_sequence,receiver_quality_check,599,3.3427,5.34803,5.504532,6.2493,599,Verifier quality-check call.,per-observation exclusive interval; no sum-of-percentiles total
snn32_seed27_forest_anomaly,measured,exact_replay_receiver,reject,duplicate_sequence,receiver_window_hmac,599,0.0207,0.04182000000000001,0.048207999999999994,0.0709,599,"Recorded verifier window-tag calculation, not complete authentication.",per-observation exclusive interval; no sum-of-percentiles total
snn32_seed27_forest_anomaly,measured,exact_replay_receiver,reject,duplicate_sequence,reconstruction,599,0.0,0.0,0.0,0.0,0,Actual recorded BCH reconstruction; includes any observer/GC delay.,per-observation exclusive interval; no sum-of-percentiles total
snn32_seed27_forest_anomaly,measured,exact_replay_receiver,reject,duplicate_sequence,release_conversion_unisolated,599,0.0,0.0,0.0,0.0,0,Accepted release remainder including conversion/dispatch/observer work outside consumer children.,per-observation exclusive interval; no sum-of-percentiles total
snn32_seed27_forest_anomaly,measured,exact_replay_receiver,reject,duplicate_sequence,sender_binding_unisolated,599,0.0,0.0,0.0,0.0,0,Sender seal remainder: binding/state/orchestration/observer work not separately timed.,per-observation exclusive interval; no sum-of-percentiles total
snn32_seed27_forest_anomaly,measured,exact_replay_receiver,reject,duplicate_sequence,sender_serialization_and_quality,599,0.0,0.0,0.0,0.0,0,Sender serialization including its quality validation; not separately timed.,per-observation exclusive interval; no sum-of-percentiles total
snn32_seed27_forest_anomaly,measured,exact_replay_receiver,reject,duplicate_sequence,sender_window_hmac,599,0.0,0.0,0.0,0.0,0,Recorded window-tag generation call.,per-observation exclusive interval; no sum-of-percentiles total
snn32_seed27_forest_anomaly,measured,exact_replay_receiver,reject,duplicate_sequence,session_establishment_unisolated,599,0.0,0.0,0.0,0.0,0,"Handshake/request/activation remainder, including unseparated HKDF/confirmation work and observer cost.",per-observation exclusive interval; no sum-of-percentiles total
snn32_seed27_forest_anomaly,measured,exact_replay_receiver,reject,duplicate_sequence,simulated_response_read,599,0.0,0.0,0.0,0.0,0,"Modeled response generation, not physical acquisition.",per-observation exclusive interval; no sum-of-percentiles total
snn32_seed27_forest_anomaly,measured,fresh_to_first_window,accept,accepted,admission_orchestration_unisolated,599,0.0387,0.0684,0.079904,0.0835,599,Admission orchestration remainder not covered by named children.,per-observation exclusive interval; no sum-of-percentiles total
snn32_seed27_forest_anomaly,measured,fresh_to_first_window,accept,accepted,anomaly_consumer,599,6.6402,10.63221,11.348633999999999,17.108,599,Anomaly consumer including feature scaling and frozen-threshold decision.,per-observation exclusive interval; no sum-of-percentiles total
snn32_seed27_forest_anomaly,measured,fresh_to_first_window,accept,accepted,binary32_adapter,599,0.9913,1.44708,1.51763,1.8774,599,Canonical binary32 input adaptation before sender sealing.,per-observation exclusive interval; no sum-of-percentiles total
snn32_seed27_forest_anomaly,measured,fresh_to_first_window,accept,accepted,credential_verification,599,0.0425,0.07521,0.08183599999999996,0.0961,599,Recorded independent credential-verification call(s).,per-observation exclusive interval; no sum-of-percentiles total
snn32_seed27_forest_anomaly,measured,fresh_to_first_window,accept,accepted,in_memory_audit_measured,599,0.1802,0.2974300000000001,0.3592619999999999,0.3807,599,"Recorded audit record/prepare/commit spans, exclusive of their children; not all audit-related overhead and not durable storage.",per-observation exclusive interval; no sum-of-percentiles total
snn32_seed27_forest_anomaly,measured,fresh_to_first_window,accept,accepted,local_admission_checks,599,0.0506,0.0864,0.09621999999999999,0.1057,599,"Measured local authorization/binding/consumption calls, excluding nested credential verification.",per-observation exclusive interval; no sum-of-percentiles total
snn32_seed27_forest_anomaly,measured,fresh_to_first_window,accept,accepted,model_input_preprocessing,599,3.8672,6.43754,6.812963999999999,7.2998,599,Shared model-input preparation; model-specific normalization remains in consumer timing.,per-observation exclusive interval; no sum-of-percentiles total
snn32_seed27_forest_anomaly,measured,fresh_to_first_window,accept,accepted,motion_consumer,599,12.9374,19.9633,20.910135999999998,34.381,599,Motion consumer including normalization/tensor preparation/prediction decoding.,per-observation exclusive interval; no sum-of-percentiles total
snn32_seed27_forest_anomaly,measured,fresh_to_first_window,accept,accepted,outer_orchestration_unisolated,599,0.1158,0.24305,0.2859339999999999,0.3384,599,Direct root/first-post-window remainder outside named child spans.,per-observation exclusive interval; no sum-of-percentiles total
snn32_seed27_forest_anomaly,measured,fresh_to_first_window,accept,accepted,receiver_binding_sequence_state_unisolated,599,0.0935,0.15031,0.17733599999999997,0.5285,599,"Verifier remainder including binding, sequence checks, locks/state publication and observer work; NOT isolated sequence latency.",per-observation exclusive interval; no sum-of-percentiles total
snn32_seed27_forest_anomaly,measured,fresh_to_first_window,accept,accepted,receiver_parsing,599,1.8551,3.985180000000001,6.160519999999999,336.2343,599,Envelope and binary parser call.,per-observation exclusive interval; no sum-of-percentiles total
snn32_seed27_forest_anomaly,measured,fresh_to_first_window,accept,accepted,receiver_quality_check,599,5.0443,8.193240000000001,9.33945,10.5555,599,Verifier quality-check call.,per-observation exclusive interval; no sum-of-percentiles total
snn32_seed27_forest_anomaly,measured,fresh_to_first_window,accept,accepted,receiver_window_hmac,599,0.0177,0.030930000000000006,0.04110599999999999,0.1082,599,"Recorded verifier window-tag calculation, not complete authentication.",per-observation exclusive interval; no sum-of-percentiles total
snn32_seed27_forest_anomaly,measured,fresh_to_first_window,accept,accepted,reconstruction,599,2.6111,7.531500000000001,7.97809,8.9845,599,Actual recorded BCH reconstruction; includes any observer/GC delay.,per-observation exclusive interval; no sum-of-percentiles total
snn32_seed27_forest_anomaly,measured,fresh_to_first_window,accept,accepted,release_conversion_unisolated,599,0.6171,0.9861400000000001,1.132564,1.5306,599,Accepted release remainder including conversion/dispatch/observer work outside consumer children.,per-observation exclusive interval; no sum-of-percentiles total
snn32_seed27_forest_anomaly,measured,fresh_to_first_window,accept,accepted,sender_binding_unisolated,599,0.1197,0.21163,0.24834799999999993,0.3308,599,Sender seal remainder: binding/state/orchestration/observer work not separately timed.,per-observation exclusive interval; no sum-of-percentiles total
snn32_seed27_forest_anomaly,measured,fresh_to_first_window,accept,accepted,sender_serialization_and_quality,599,5.0625,7.139280000000002,8.860873999999997,11.0595,599,Sender serialization including its quality validation; not separately timed.,per-observation exclusive interval; no sum-of-percentiles total
snn32_seed27_forest_anomaly,measured,fresh_to_first_window,accept,accepted,sender_window_hmac,599,0.0183,0.0371,0.048204,0.0696,599,Recorded window-tag generation call.,per-observation exclusive interval; no sum-of-percentiles total
snn32_seed27_forest_anomaly,measured,fresh_to_first_window,accept,accepted,session_establishment_unisolated,599,0.3433,0.57016,0.6211119999999998,0.7244,599,"Handshake/request/activation remainder, including unseparated HKDF/confirmation work and observer cost.",per-observation exclusive interval; no sum-of-percentiles total
snn32_seed27_forest_anomaly,measured,fresh_to_first_window,accept,accepted,simulated_response_read,599,0.1465,0.21234,0.24494599999999997,0.2745,599,"Modeled response generation, not physical acquisition.",per-observation exclusive interval; no sum-of-percentiles total
snn32_seed27_forest_anomaly,measured,fresh_to_first_window,reject,failed_reconstruction,admission_orchestration_unisolated,1,0.0238,0.0238,0.0238,0.0238,1,Admission orchestration remainder not covered by named children.,per-observation exclusive interval; no sum-of-percentiles total
snn32_seed27_forest_anomaly,measured,fresh_to_first_window,reject,failed_reconstruction,anomaly_consumer,1,0.0,0.0,0.0,0.0,0,Anomaly consumer including feature scaling and frozen-threshold decision.,per-observation exclusive interval; no sum-of-percentiles total
snn32_seed27_forest_anomaly,measured,fresh_to_first_window,reject,failed_reconstruction,binary32_adapter,1,0.0,0.0,0.0,0.0,0,Canonical binary32 input adaptation before sender sealing.,per-observation exclusive interval; no sum-of-percentiles total
snn32_seed27_forest_anomaly,measured,fresh_to_first_window,reject,failed_reconstruction,credential_verification,1,0.0,0.0,0.0,0.0,0,Recorded independent credential-verification call(s).,per-observation exclusive interval; no sum-of-percentiles total
snn32_seed27_forest_anomaly,measured,fresh_to_first_window,reject,failed_reconstruction,in_memory_audit_measured,1,0.0381,0.0381,0.0381,0.0381,1,"Recorded audit record/prepare/commit spans, exclusive of their children; not all audit-related overhead and not durable storage.",per-observation exclusive interval; no sum-of-percentiles total
snn32_seed27_forest_anomaly,measured,fresh_to_first_window,reject,failed_reconstruction,local_admission_checks,1,0.0,0.0,0.0,0.0,0,"Measured local authorization/binding/consumption calls, excluding nested credential verification.",per-observation exclusive interval; no sum-of-percentiles total
snn32_seed27_forest_anomaly,measured,fresh_to_first_window,reject,failed_reconstruction,model_input_preprocessing,1,0.0,0.0,0.0,0.0,0,Shared model-input preparation; model-specific normalization remains in consumer timing.,per-observation exclusive interval; no sum-of-percentiles total
snn32_seed27_forest_anomaly,measured,fresh_to_first_window,reject,failed_reconstruction,motion_consumer,1,0.0,0.0,0.0,0.0,0,Motion consumer including normalization/tensor preparation/prediction decoding.,per-observation exclusive interval; no sum-of-percentiles total
snn32_seed27_forest_anomaly,measured,fresh_to_first_window,reject,failed_reconstruction,outer_orchestration_unisolated,1,0.0097,0.0097,0.0097,0.0097,1,Direct root/first-post-window remainder outside named child spans.,per-observation exclusive interval; no sum-of-percentiles total
snn32_seed27_forest_anomaly,measured,fresh_to_first_window,reject,failed_reconstruction,receiver_binding_sequence_state_unisolated,1,0.0,0.0,0.0,0.0,0,"Verifier remainder including binding, sequence checks, locks/state publication and observer work; NOT isolated sequence latency.",per-observation exclusive interval; no sum-of-percentiles total
snn32_seed27_forest_anomaly,measured,fresh_to_first_window,reject,failed_reconstruction,receiver_parsing,1,0.0,0.0,0.0,0.0,0,Envelope and binary parser call.,per-observation exclusive interval; no sum-of-percentiles total
snn32_seed27_forest_anomaly,measured,fresh_to_first_window,reject,failed_reconstruction,receiver_quality_check,1,0.0,0.0,0.0,0.0,0,Verifier quality-check call.,per-observation exclusive interval; no sum-of-percentiles total
snn32_seed27_forest_anomaly,measured,fresh_to_first_window,reject,failed_reconstruction,receiver_window_hmac,1,0.0,0.0,0.0,0.0,0,"Recorded verifier window-tag calculation, not complete authentication.",per-observation exclusive interval; no sum-of-percentiles total
snn32_seed27_forest_anomaly,measured,fresh_to_first_window,reject,failed_reconstruction,reconstruction,1,2.4197,2.4197,2.4197,2.4197,1,Actual recorded BCH reconstruction; includes any observer/GC delay.,per-observation exclusive interval; no sum-of-percentiles total
snn32_seed27_forest_anomaly,measured,fresh_to_first_window,reject,failed_reconstruction,release_conversion_unisolated,1,0.0,0.0,0.0,0.0,0,Accepted release remainder including conversion/dispatch/observer work outside consumer children.,per-observation exclusive interval; no sum-of-percentiles total
snn32_seed27_forest_anomaly,measured,fresh_to_first_window,reject,failed_reconstruction,sender_binding_unisolated,1,0.0,0.0,0.0,0.0,0,Sender seal remainder: binding/state/orchestration/observer work not separately timed.,per-observation exclusive interval; no sum-of-percentiles total
snn32_seed27_forest_anomaly,measured,fresh_to_first_window,reject,failed_reconstruction,sender_serialization_and_quality,1,0.0,0.0,0.0,0.0,0,Sender serialization including its quality validation; not separately timed.,per-observation exclusive interval; no sum-of-percentiles total
snn32_seed27_forest_anomaly,measured,fresh_to_first_window,reject,failed_reconstruction,sender_window_hmac,1,0.0,0.0,0.0,0.0,0,Recorded window-tag generation call.,per-observation exclusive interval; no sum-of-percentiles total
snn32_seed27_forest_anomaly,measured,fresh_to_first_window,reject,failed_reconstruction,session_establishment_unisolated,1,0.0542,0.0542,0.0542,0.0542,1,"Handshake/request/activation remainder, including unseparated HKDF/confirmation work and observer cost.",per-observation exclusive interval; no sum-of-percentiles total
snn32_seed27_forest_anomaly,measured,fresh_to_first_window,reject,failed_reconstruction,simulated_response_read,1,0.1523,0.1523,0.1523,0.1523,1,"Modeled response generation, not physical acquisition.",per-observation exclusive interval; no sum-of-percentiles total
snn32_seed27_forest_anomaly,measured,malformed_json_receiver,reject,malformed_message,admission_orchestration_unisolated,599,0.0,0.0,0.0,0.0,0,Admission orchestration remainder not covered by named children.,per-observation exclusive interval; no sum-of-percentiles total
snn32_seed27_forest_anomaly,measured,malformed_json_receiver,reject,malformed_message,anomaly_consumer,599,0.0,0.0,0.0,0.0,0,Anomaly consumer including feature scaling and frozen-threshold decision.,per-observation exclusive interval; no sum-of-percentiles total
snn32_seed27_forest_anomaly,measured,malformed_json_receiver,reject,malformed_message,binary32_adapter,599,0.0,0.0,0.0,0.0,0,Canonical binary32 input adaptation before sender sealing.,per-observation exclusive interval; no sum-of-percentiles total
snn32_seed27_forest_anomaly,measured,malformed_json_receiver,reject,malformed_message,credential_verification,599,0.0,0.0,0.0,0.0,0,Recorded independent credential-verification call(s).,per-observation exclusive interval; no sum-of-percentiles total
snn32_seed27_forest_anomaly,measured,malformed_json_receiver,reject,malformed_message,in_memory_audit_measured,599,0.0377,0.06772,0.08131199999999998,0.0933,599,"Recorded audit record/prepare/commit spans, exclusive of their children; not all audit-related overhead and not durable storage.",per-observation exclusive interval; no sum-of-percentiles total
snn32_seed27_forest_anomaly,measured,malformed_json_receiver,reject,malformed_message,local_admission_checks,599,0.0,0.0,0.0,0.0,0,"Measured local authorization/binding/consumption calls, excluding nested credential verification.",per-observation exclusive interval; no sum-of-percentiles total
snn32_seed27_forest_anomaly,measured,malformed_json_receiver,reject,malformed_message,model_input_preprocessing,599,0.0,0.0,0.0,0.0,0,Shared model-input preparation; model-specific normalization remains in consumer timing.,per-observation exclusive interval; no sum-of-percentiles total
snn32_seed27_forest_anomaly,measured,malformed_json_receiver,reject,malformed_message,motion_consumer,599,0.0,0.0,0.0,0.0,0,Motion consumer including normalization/tensor preparation/prediction decoding.,per-observation exclusive interval; no sum-of-percentiles total
snn32_seed27_forest_anomaly,measured,malformed_json_receiver,reject,malformed_message,outer_orchestration_unisolated,599,0.0061,0.010310000000000001,0.013409999999999991,0.0247,599,Direct root/first-post-window remainder outside named child spans.,per-observation exclusive interval; no sum-of-percentiles total
snn32_seed27_forest_anomaly,measured,malformed_json_receiver,reject,malformed_message,receiver_binding_sequence_state_unisolated,599,0.0321,0.0544,0.06431599999999998,0.0798,599,"Verifier remainder including binding, sequence checks, locks/state publication and observer work; NOT isolated sequence latency.",per-observation exclusive interval; no sum-of-percentiles total
snn32_seed27_forest_anomaly,measured,malformed_json_receiver,reject,malformed_message,receiver_parsing,599,0.0261,0.0464,0.05040599999999999,0.056,599,Envelope and binary parser call.,per-observation exclusive interval; no sum-of-percentiles total
snn32_seed27_forest_anomaly,measured,malformed_json_receiver,reject,malformed_message,receiver_quality_check,599,0.0,0.0,0.0,0.0,0,Verifier quality-check call.,per-observation exclusive interval; no sum-of-percentiles total
snn32_seed27_forest_anomaly,measured,malformed_json_receiver,reject,malformed_message,receiver_window_hmac,599,0.0,0.0,0.0,0.0,0,"Recorded verifier window-tag calculation, not complete authentication.",per-observation exclusive interval; no sum-of-percentiles total
snn32_seed27_forest_anomaly,measured,malformed_json_receiver,reject,malformed_message,reconstruction,599,0.0,0.0,0.0,0.0,0,Actual recorded BCH reconstruction; includes any observer/GC delay.,per-observation exclusive interval; no sum-of-percentiles total
snn32_seed27_forest_anomaly,measured,malformed_json_receiver,reject,malformed_message,release_conversion_unisolated,599,0.0,0.0,0.0,0.0,0,Accepted release remainder including conversion/dispatch/observer work outside consumer children.,per-observation exclusive interval; no sum-of-percentiles total
snn32_seed27_forest_anomaly,measured,malformed_json_receiver,reject,malformed_message,sender_binding_unisolated,599,0.0,0.0,0.0,0.0,0,Sender seal remainder: binding/state/orchestration/observer work not separately timed.,per-observation exclusive interval; no sum-of-percentiles total
snn32_seed27_forest_anomaly,measured,malformed_json_receiver,reject,malformed_message,sender_serialization_and_quality,599,0.0,0.0,0.0,0.0,0,Sender serialization including its quality validation; not separately timed.,per-observation exclusive interval; no sum-of-percentiles total
snn32_seed27_forest_anomaly,measured,malformed_json_receiver,reject,malformed_message,sender_window_hmac,599,0.0,0.0,0.0,0.0,0,Recorded window-tag generation call.,per-observation exclusive interval; no sum-of-percentiles total
snn32_seed27_forest_anomaly,measured,malformed_json_receiver,reject,malformed_message,session_establishment_unisolated,599,0.0,0.0,0.0,0.0,0,"Handshake/request/activation remainder, including unseparated HKDF/confirmation work and observer cost.",per-observation exclusive interval; no sum-of-percentiles total
snn32_seed27_forest_anomaly,measured,malformed_json_receiver,reject,malformed_message,simulated_response_read,599,0.0,0.0,0.0,0.0,0,"Modeled response generation, not physical acquisition.",per-observation exclusive interval; no sum-of-percentiles total
snn32_seed27_forest_anomaly,measured,post_window_after_refusals,accept,accepted,admission_orchestration_unisolated,599,0.0,0.0,0.0,0.0,0,Admission orchestration remainder not covered by named children.,per-observation exclusive interval; no sum-of-percentiles total
snn32_seed27_forest_anomaly,measured,post_window_after_refusals,accept,accepted,anomaly_consumer,599,4.4257,6.3579,7.669754,8.3316,599,Anomaly consumer including feature scaling and frozen-threshold decision.,per-observation exclusive interval; no sum-of-percentiles total
snn32_seed27_forest_anomaly,measured,post_window_after_refusals,accept,accepted,binary32_adapter,599,0.7877,1.26421,1.307926,1.5646,599,Canonical binary32 input adaptation before sender sealing.,per-observation exclusive interval; no sum-of-percentiles total
snn32_seed27_forest_anomaly,measured,post_window_after_refusals,accept,accepted,credential_verification,599,0.0,0.0,0.0,0.0,0,Recorded independent credential-verification call(s).,per-observation exclusive interval; no sum-of-percentiles total
snn32_seed27_forest_anomaly,measured,post_window_after_refusals,accept,accepted,in_memory_audit_measured,599,0.0648,0.09962,0.12631399999999998,0.1625,599,"Recorded audit record/prepare/commit spans, exclusive of their children; not all audit-related overhead and not durable storage.",per-observation exclusive interval; no sum-of-percentiles total
snn32_seed27_forest_anomaly,measured,post_window_after_refusals,accept,accepted,local_admission_checks,599,0.0,0.0,0.0,0.0,0,"Measured local authorization/binding/consumption calls, excluding nested credential verification.",per-observation exclusive interval; no sum-of-percentiles total
snn32_seed27_forest_anomaly,measured,post_window_after_refusals,accept,accepted,model_input_preprocessing,599,2.4912,4.09269,4.6104119999999975,5.0247,599,Shared model-input preparation; model-specific normalization remains in consumer timing.,per-observation exclusive interval; no sum-of-percentiles total
snn32_seed27_forest_anomaly,measured,post_window_after_refusals,accept,accepted,motion_consumer,599,8.3577,13.2475,15.722693999999997,18.4423,599,Motion consumer including normalization/tensor preparation/prediction decoding.,per-observation exclusive interval; no sum-of-percentiles total
snn32_seed27_forest_anomaly,measured,post_window_after_refusals,accept,accepted,outer_orchestration_unisolated,599,0.0556,0.16775,0.1954859999999999,0.2416,599,Direct root/first-post-window remainder outside named child spans.,per-observation exclusive interval; no sum-of-percentiles total
snn32_seed27_forest_anomaly,measured,post_window_after_refusals,accept,accepted,receiver_binding_sequence_state_unisolated,599,0.0656,0.10406000000000001,0.13433999999999988,0.1934,599,"Verifier remainder including binding, sequence checks, locks/state publication and observer work; NOT isolated sequence latency.",per-observation exclusive interval; no sum-of-percentiles total
snn32_seed27_forest_anomaly,measured,post_window_after_refusals,accept,accepted,receiver_parsing,599,1.2298,3.7377100000000003,5.968795999999999,330.3864,599,Envelope and binary parser call.,per-observation exclusive interval; no sum-of-percentiles total
snn32_seed27_forest_anomaly,measured,post_window_after_refusals,accept,accepted,receiver_quality_check,599,3.4006,4.83178,5.363316,7.9281,599,Verifier quality-check call.,per-observation exclusive interval; no sum-of-percentiles total
snn32_seed27_forest_anomaly,measured,post_window_after_refusals,accept,accepted,receiver_window_hmac,599,0.0135,0.025820000000000003,0.03754999999999996,0.0637,599,"Recorded verifier window-tag calculation, not complete authentication.",per-observation exclusive interval; no sum-of-percentiles total
snn32_seed27_forest_anomaly,measured,post_window_after_refusals,accept,accepted,reconstruction,599,0.0,0.0,0.0,0.0,0,Actual recorded BCH reconstruction; includes any observer/GC delay.,per-observation exclusive interval; no sum-of-percentiles total
snn32_seed27_forest_anomaly,measured,post_window_after_refusals,accept,accepted,release_conversion_unisolated,599,0.4073,0.68243,0.8181319999999994,0.9063,599,Accepted release remainder including conversion/dispatch/observer work outside consumer children.,per-observation exclusive interval; no sum-of-percentiles total
snn32_seed27_forest_anomaly,measured,post_window_after_refusals,accept,accepted,sender_binding_unisolated,599,0.0932,0.14643000000000003,0.17825199999999994,0.2269,599,Sender seal remainder: binding/state/orchestration/observer work not separately timed.,per-observation exclusive interval; no sum-of-percentiles total
snn32_seed27_forest_anomaly,measured,post_window_after_refusals,accept,accepted,sender_serialization_and_quality,599,3.7455,5.709300000000001,5.896415999999999,8.072,599,Sender serialization including its quality validation; not separately timed.,per-observation exclusive interval; no sum-of-percentiles total
snn32_seed27_forest_anomaly,measured,post_window_after_refusals,accept,accepted,sender_window_hmac,599,0.0176,0.03711,0.04671599999999999,0.066,599,Recorded window-tag generation call.,per-observation exclusive interval; no sum-of-percentiles total
snn32_seed27_forest_anomaly,measured,post_window_after_refusals,accept,accepted,session_establishment_unisolated,599,0.0,0.0,0.0,0.0,0,"Handshake/request/activation remainder, including unseparated HKDF/confirmation work and observer cost.",per-observation exclusive interval; no sum-of-percentiles total
snn32_seed27_forest_anomaly,measured,post_window_after_refusals,accept,accepted,simulated_response_read,599,0.0,0.0,0.0,0.0,0,"Modeled response generation, not physical acquisition.",per-observation exclusive interval; no sum-of-percentiles total
snn32_seed27_forest_anomaly,measured,post_window_recurring,accept,accepted,admission_orchestration_unisolated,599,0.0,0.0,0.0,0.0,0,Admission orchestration remainder not covered by named children.,per-observation exclusive interval; no sum-of-percentiles total
snn32_seed27_forest_anomaly,measured,post_window_recurring,accept,accepted,anomaly_consumer,599,6.4499,9.57433,10.542448,11.662,599,Anomaly consumer including feature scaling and frozen-threshold decision.,per-observation exclusive interval; no sum-of-percentiles total
snn32_seed27_forest_anomaly,measured,post_window_recurring,accept,accepted,binary32_adapter,599,1.1868,1.96658,2.2577719999999992,4.2083,599,Canonical binary32 input adaptation before sender sealing.,per-observation exclusive interval; no sum-of-percentiles total
snn32_seed27_forest_anomaly,measured,post_window_recurring,accept,accepted,credential_verification,599,0.0,0.0,0.0,0.0,0,Recorded independent credential-verification call(s).,per-observation exclusive interval; no sum-of-percentiles total
snn32_seed27_forest_anomaly,measured,post_window_recurring,accept,accepted,in_memory_audit_measured,599,0.1069,0.16272000000000006,0.19353999999999988,0.5288,599,"Recorded audit record/prepare/commit spans, exclusive of their children; not all audit-related overhead and not durable storage.",per-observation exclusive interval; no sum-of-percentiles total
snn32_seed27_forest_anomaly,measured,post_window_recurring,accept,accepted,local_admission_checks,599,0.0,0.0,0.0,0.0,0,"Measured local authorization/binding/consumption calls, excluding nested credential verification.",per-observation exclusive interval; no sum-of-percentiles total
snn32_seed27_forest_anomaly,measured,post_window_recurring,accept,accepted,model_input_preprocessing,599,3.7878,6.19188,6.654177999999998,8.3422,599,Shared model-input preparation; model-specific normalization remains in consumer timing.,per-observation exclusive interval; no sum-of-percentiles total
snn32_seed27_forest_anomaly,measured,post_window_recurring,accept,accepted,motion_consumer,599,12.5786,19.12734,20.479974,21.7354,599,Motion consumer including normalization/tensor preparation/prediction decoding.,per-observation exclusive interval; no sum-of-percentiles total
snn32_seed27_forest_anomaly,measured,post_window_recurring,accept,accepted,outer_orchestration_unisolated,599,0.0943,0.2025,0.24672799999999998,0.2784,599,Direct root/first-post-window remainder outside named child spans.,per-observation exclusive interval; no sum-of-percentiles total
snn32_seed27_forest_anomaly,measured,post_window_recurring,accept,accepted,receiver_binding_sequence_state_unisolated,599,0.0976,0.1575,0.18315799999999985,0.2302,599,"Verifier remainder including binding, sequence checks, locks/state publication and observer work; NOT isolated sequence latency.",per-observation exclusive interval; no sum-of-percentiles total
snn32_seed27_forest_anomaly,measured,post_window_recurring,accept,accepted,receiver_parsing,599,1.8947,4.416010000000001,6.255851999999999,268.8781,599,Envelope and binary parser call.,per-observation exclusive interval; no sum-of-percentiles total
snn32_seed27_forest_anomaly,measured,post_window_recurring,accept,accepted,receiver_quality_check,599,5.102,8.48581,8.960155999999998,10.4553,599,Verifier quality-check call.,per-observation exclusive interval; no sum-of-percentiles total
snn32_seed27_forest_anomaly,measured,post_window_recurring,accept,accepted,receiver_window_hmac,599,0.0195,0.0346,0.039945999999999954,0.0685,599,"Recorded verifier window-tag calculation, not complete authentication.",per-observation exclusive interval; no sum-of-percentiles total
snn32_seed27_forest_anomaly,measured,post_window_recurring,accept,accepted,reconstruction,599,0.0,0.0,0.0,0.0,0,Actual recorded BCH reconstruction; includes any observer/GC delay.,per-observation exclusive interval; no sum-of-percentiles total
snn32_seed27_forest_anomaly,measured,post_window_recurring,accept,accepted,release_conversion_unisolated,599,0.6244,0.95264,1.1275319999999998,1.4193,599,Accepted release remainder including conversion/dispatch/observer work outside consumer children.,per-observation exclusive interval; no sum-of-percentiles total
snn32_seed27_forest_anomaly,measured,post_window_recurring,accept,accepted,sender_binding_unisolated,599,0.1474,0.23112000000000002,0.26697399999999993,0.5061,599,Sender seal remainder: binding/state/orchestration/observer work not separately timed.,per-observation exclusive interval; no sum-of-percentiles total
snn32_seed27_forest_anomaly,measured,post_window_recurring,accept,accepted,sender_serialization_and_quality,599,5.5907,9.34362,9.683606,10.4489,599,Sender serialization including its quality validation; not separately timed.,per-observation exclusive interval; no sum-of-percentiles total
snn32_seed27_forest_anomaly,measured,post_window_recurring,accept,accepted,sender_window_hmac,599,0.0302,0.057770000000000016,0.07271999999999998,0.0973,599,Recorded window-tag generation call.,per-observation exclusive interval; no sum-of-percentiles total
snn32_seed27_forest_anomaly,measured,post_window_recurring,accept,accepted,session_establishment_unisolated,599,0.0,0.0,0.0,0.0,0,"Handshake/request/activation remainder, including unseparated HKDF/confirmation work and observer cost.",per-observation exclusive interval; no sum-of-percentiles total
snn32_seed27_forest_anomaly,measured,post_window_recurring,accept,accepted,simulated_response_read,599,0.0,0.0,0.0,0.0,0,"Modeled response generation, not physical acquisition.",per-observation exclusive interval; no sum-of-percentiles total
snn32_seed27_forest_anomaly,measured,pre_tag_quality_refusal,reject,data_quality_failure,admission_orchestration_unisolated,599,0.0,0.0,0.0,0.0,0,Admission orchestration remainder not covered by named children.,per-observation exclusive interval; no sum-of-percentiles total
snn32_seed27_forest_anomaly,measured,pre_tag_quality_refusal,reject,data_quality_failure,anomaly_consumer,599,0.0,0.0,0.0,0.0,0,Anomaly consumer including feature scaling and frozen-threshold decision.,per-observation exclusive interval; no sum-of-percentiles total
snn32_seed27_forest_anomaly,measured,pre_tag_quality_refusal,reject,data_quality_failure,binary32_adapter,599,0.8004,1.3310700000000002,1.4727019999999997,2.0189,599,Canonical binary32 input adaptation before sender sealing.,per-observation exclusive interval; no sum-of-percentiles total
snn32_seed27_forest_anomaly,measured,pre_tag_quality_refusal,reject,data_quality_failure,credential_verification,599,0.0,0.0,0.0,0.0,0,Recorded independent credential-verification call(s).,per-observation exclusive interval; no sum-of-percentiles total
snn32_seed27_forest_anomaly,measured,pre_tag_quality_refusal,reject,data_quality_failure,in_memory_audit_measured,599,0.0377,0.06095000000000001,0.07702399999999997,0.1071,599,"Recorded audit record/prepare/commit spans, exclusive of their children; not all audit-related overhead and not durable storage.",per-observation exclusive interval; no sum-of-percentiles total
snn32_seed27_forest_anomaly,measured,pre_tag_quality_refusal,reject,data_quality_failure,local_admission_checks,599,0.0,0.0,0.0,0.0,0,"Measured local authorization/binding/consumption calls, excluding nested credential verification.",per-observation exclusive interval; no sum-of-percentiles total
snn32_seed27_forest_anomaly,measured,pre_tag_quality_refusal,reject,data_quality_failure,model_input_preprocessing,599,0.0,0.0,0.0,0.0,0,Shared model-input preparation; model-specific normalization remains in consumer timing.,per-observation exclusive interval; no sum-of-percentiles total
snn32_seed27_forest_anomaly,measured,pre_tag_quality_refusal,reject,data_quality_failure,motion_consumer,599,0.0,0.0,0.0,0.0,0,Motion consumer including normalization/tensor preparation/prediction decoding.,per-observation exclusive interval; no sum-of-percentiles total
snn32_seed27_forest_anomaly,measured,pre_tag_quality_refusal,reject,data_quality_failure,outer_orchestration_unisolated,599,0.0349,0.06521,0.08567199999999994,0.1561,599,Direct root/first-post-window remainder outside named child spans.,per-observation exclusive interval; no sum-of-percentiles total
snn32_seed27_forest_anomaly,measured,pre_tag_quality_refusal,reject,data_quality_failure,receiver_binding_sequence_state_unisolated,599,0.0,0.0,0.0,0.0,0,"Verifier remainder including binding, sequence checks, locks/state publication and observer work; NOT isolated sequence latency.",per-observation exclusive interval; no sum-of-percentiles total
snn32_seed27_forest_anomaly,measured,pre_tag_quality_refusal,reject,data_quality_failure,receiver_parsing,599,0.0,0.0,0.0,0.0,0,Envelope and binary parser call.,per-observation exclusive interval; no sum-of-percentiles total
snn32_seed27_forest_anomaly,measured,pre_tag_quality_refusal,reject,data_quality_failure,receiver_quality_check,599,0.0,0.0,0.0,0.0,0,Verifier quality-check call.,per-observation exclusive interval; no sum-of-percentiles total
snn32_seed27_forest_anomaly,measured,pre_tag_quality_refusal,reject,data_quality_failure,receiver_window_hmac,599,0.0,0.0,0.0,0.0,0,"Recorded verifier window-tag calculation, not complete authentication.",per-observation exclusive interval; no sum-of-percentiles total
snn32_seed27_forest_anomaly,measured,pre_tag_quality_refusal,reject,data_quality_failure,reconstruction,599,0.0,0.0,0.0,0.0,0,Actual recorded BCH reconstruction; includes any observer/GC delay.,per-observation exclusive interval; no sum-of-percentiles total
snn32_seed27_forest_anomaly,measured,pre_tag_quality_refusal,reject,data_quality_failure,release_conversion_unisolated,599,0.0,0.0,0.0,0.0,0,Accepted release remainder including conversion/dispatch/observer work outside consumer children.,per-observation exclusive interval; no sum-of-percentiles total
snn32_seed27_forest_anomaly,measured,pre_tag_quality_refusal,reject,data_quality_failure,sender_binding_unisolated,599,0.0529,0.08513,0.10511999999999999,0.2755,599,Sender seal remainder: binding/state/orchestration/observer work not separately timed.,per-observation exclusive interval; no sum-of-percentiles total
snn32_seed27_forest_anomaly,measured,pre_tag_quality_refusal,reject,data_quality_failure,sender_serialization_and_quality,599,0.3593,0.57704,0.621006,0.6593,599,Sender serialization including its quality validation; not separately timed.,per-observation exclusive interval; no sum-of-percentiles total
snn32_seed27_forest_anomaly,measured,pre_tag_quality_refusal,reject,data_quality_failure,sender_window_hmac,599,0.0,0.0,0.0,0.0,0,Recorded window-tag generation call.,per-observation exclusive interval; no sum-of-percentiles total
snn32_seed27_forest_anomaly,measured,pre_tag_quality_refusal,reject,data_quality_failure,session_establishment_unisolated,599,0.0,0.0,0.0,0.0,0,"Handshake/request/activation remainder, including unseparated HKDF/confirmation work and observer cost.",per-observation exclusive interval; no sum-of-percentiles total
snn32_seed27_forest_anomaly,measured,pre_tag_quality_refusal,reject,data_quality_failure,simulated_response_read,599,0.0,0.0,0.0,0.0,0,"Modeled response generation, not physical acquisition.",per-observation exclusive interval; no sum-of-percentiles total
snn32_seed27_forest_anomaly,measured,valid_receiver_after_bad_tag,accept,accepted,admission_orchestration_unisolated,599,0.0,0.0,0.0,0.0,0,Admission orchestration remainder not covered by named children.,per-observation exclusive interval; no sum-of-percentiles total
snn32_seed27_forest_anomaly,measured,valid_receiver_after_bad_tag,accept,accepted,anomaly_consumer,599,5.2302,7.93063,8.29096,14.7523,599,Anomaly consumer including feature scaling and frozen-threshold decision.,per-observation exclusive interval; no sum-of-percentiles total
snn32_seed27_forest_anomaly,measured,valid_receiver_after_bad_tag,accept,accepted,binary32_adapter,599,0.0,0.0,0.0,0.0,0,Canonical binary32 input adaptation before sender sealing.,per-observation exclusive interval; no sum-of-percentiles total
snn32_seed27_forest_anomaly,measured,valid_receiver_after_bad_tag,accept,accepted,credential_verification,599,0.0,0.0,0.0,0.0,0,Recorded independent credential-verification call(s).,per-observation exclusive interval; no sum-of-percentiles total
snn32_seed27_forest_anomaly,measured,valid_receiver_after_bad_tag,accept,accepted,in_memory_audit_measured,599,0.0423,0.06484000000000001,0.07351799999999999,0.0934,599,"Recorded audit record/prepare/commit spans, exclusive of their children; not all audit-related overhead and not durable storage.",per-observation exclusive interval; no sum-of-percentiles total
snn32_seed27_forest_anomaly,measured,valid_receiver_after_bad_tag,accept,accepted,local_admission_checks,599,0.0,0.0,0.0,0.0,0,"Measured local authorization/binding/consumption calls, excluding nested credential verification.",per-observation exclusive interval; no sum-of-percentiles total
snn32_seed27_forest_anomaly,measured,valid_receiver_after_bad_tag,accept,accepted,model_input_preprocessing,599,3.5438,4.91558,5.999949999999999,6.8495,599,Shared model-input preparation; model-specific normalization remains in consumer timing.,per-observation exclusive interval; no sum-of-percentiles total
snn32_seed27_forest_anomaly,measured,valid_receiver_after_bad_tag,accept,accepted,motion_consumer,599,10.8667,17.03266,17.965629999999997,20.2751,599,Motion consumer including normalization/tensor preparation/prediction decoding.,per-observation exclusive interval; no sum-of-percentiles total
snn32_seed27_forest_anomaly,measured,valid_receiver_after_bad_tag,accept,accepted,outer_orchestration_unisolated,599,0.0184,0.0334,0.03954999999999995,0.0525,599,Direct root/first-post-window remainder outside named child spans.,per-observation exclusive interval; no sum-of-percentiles total
snn32_seed27_forest_anomaly,measured,valid_receiver_after_bad_tag,accept,accepted,receiver_binding_sequence_state_unisolated,599,0.0853,0.13111000000000003,0.155004,0.1777,599,"Verifier remainder including binding, sequence checks, locks/state publication and observer work; NOT isolated sequence latency.",per-observation exclusive interval; no sum-of-percentiles total
snn32_seed27_forest_anomaly,measured,valid_receiver_after_bad_tag,accept,accepted,receiver_parsing,599,1.5181,1.8710500000000003,2.658082,2.8298,599,Envelope and binary parser call.,per-observation exclusive interval; no sum-of-percentiles total
snn32_seed27_forest_anomaly,measured,valid_receiver_after_bad_tag,accept,accepted,receiver_quality_check,599,4.7844,5.58526,8.118628,9.063,599,Verifier quality-check call.,per-observation exclusive interval; no sum-of-percentiles total
snn32_seed27_forest_anomaly,measured,valid_receiver_after_bad_tag,accept,accepted,receiver_window_hmac,599,0.0162,0.026,0.0291,0.1055,599,"Recorded verifier window-tag calculation, not complete authentication.",per-observation exclusive interval; no sum-of-percentiles total
snn32_seed27_forest_anomaly,measured,valid_receiver_after_bad_tag,accept,accepted,reconstruction,599,0.0,0.0,0.0,0.0,0,Actual recorded BCH reconstruction; includes any observer/GC delay.,per-observation exclusive interval; no sum-of-percentiles total
snn32_seed27_forest_anomaly,measured,valid_receiver_after_bad_tag,accept,accepted,release_conversion_unisolated,599,0.5439,0.7855900000000001,0.902524,1.2485,599,Accepted release remainder including conversion/dispatch/observer work outside consumer children.,per-observation exclusive interval; no sum-of-percentiles total
snn32_seed27_forest_anomaly,measured,valid_receiver_after_bad_tag,accept,accepted,sender_binding_unisolated,599,0.0,0.0,0.0,0.0,0,Sender seal remainder: binding/state/orchestration/observer work not separately timed.,per-observation exclusive interval; no sum-of-percentiles total
snn32_seed27_forest_anomaly,measured,valid_receiver_after_bad_tag,accept,accepted,sender_serialization_and_quality,599,0.0,0.0,0.0,0.0,0,Sender serialization including its quality validation; not separately timed.,per-observation exclusive interval; no sum-of-percentiles total
snn32_seed27_forest_anomaly,measured,valid_receiver_after_bad_tag,accept,accepted,sender_window_hmac,599,0.0,0.0,0.0,0.0,0,Recorded window-tag generation call.,per-observation exclusive interval; no sum-of-percentiles total
snn32_seed27_forest_anomaly,measured,valid_receiver_after_bad_tag,accept,accepted,session_establishment_unisolated,599,0.0,0.0,0.0,0.0,0,"Handshake/request/activation remainder, including unseparated HKDF/confirmation work and observer cost.",per-observation exclusive interval; no sum-of-percentiles total
snn32_seed27_forest_anomaly,measured,valid_receiver_after_bad_tag,accept,accepted,simulated_response_read,599,0.0,0.0,0.0,0.0,0,"Modeled response generation, not physical acquisition.",per-observation exclusive interval; no sum-of-percentiles total
snn32_seed27_forest_anomaly,warmup,bad_tag_receiver,reject,invalid_tag,admission_orchestration_unisolated,19,0.0,0.0,0.0,0.0,0,Admission orchestration remainder not covered by named children.,per-observation exclusive interval; no sum-of-percentiles total
snn32_seed27_forest_anomaly,warmup,bad_tag_receiver,reject,invalid_tag,anomaly_consumer,19,0.0,0.0,0.0,0.0,0,Anomaly consumer including feature scaling and frozen-threshold decision.,per-observation exclusive interval; no sum-of-percentiles total
snn32_seed27_forest_anomaly,warmup,bad_tag_receiver,reject,invalid_tag,binary32_adapter,19,0.0,0.0,0.0,0.0,0,Canonical binary32 input adaptation before sender sealing.,per-observation exclusive interval; no sum-of-percentiles total
snn32_seed27_forest_anomaly,warmup,bad_tag_receiver,reject,invalid_tag,credential_verification,19,0.0,0.0,0.0,0.0,0,Recorded independent credential-verification call(s).,per-observation exclusive interval; no sum-of-percentiles total
snn32_seed27_forest_anomaly,warmup,bad_tag_receiver,reject,invalid_tag,in_memory_audit_measured,19,0.0442,0.058439999999999936,0.081048,0.0867,19,"Recorded audit record/prepare/commit spans, exclusive of their children; not all audit-related overhead and not durable storage.",per-observation exclusive interval; no sum-of-percentiles total
snn32_seed27_forest_anomaly,warmup,bad_tag_receiver,reject,invalid_tag,local_admission_checks,19,0.0,0.0,0.0,0.0,0,"Measured local authorization/binding/consumption calls, excluding nested credential verification.",per-observation exclusive interval; no sum-of-percentiles total
snn32_seed27_forest_anomaly,warmup,bad_tag_receiver,reject,invalid_tag,model_input_preprocessing,19,0.0,0.0,0.0,0.0,0,Shared model-input preparation; model-specific normalization remains in consumer timing.,per-observation exclusive interval; no sum-of-percentiles total
snn32_seed27_forest_anomaly,warmup,bad_tag_receiver,reject,invalid_tag,motion_consumer,19,0.0,0.0,0.0,0.0,0,Motion consumer including normalization/tensor preparation/prediction decoding.,per-observation exclusive interval; no sum-of-percentiles total
snn32_seed27_forest_anomaly,warmup,bad_tag_receiver,reject,invalid_tag,outer_orchestration_unisolated,19,0.0138,0.015969999999999988,0.020074,0.0211,19,Direct root/first-post-window remainder outside named child spans.,per-observation exclusive interval; no sum-of-percentiles total
snn32_seed27_forest_anomaly,warmup,bad_tag_receiver,reject,invalid_tag,receiver_binding_sequence_state_unisolated,19,0.1081,0.12471999999999993,0.148624,0.1546,19,"Verifier remainder including binding, sequence checks, locks/state publication and observer work; NOT isolated sequence latency.",per-observation exclusive interval; no sum-of-percentiles total
snn32_seed27_forest_anomaly,warmup,bad_tag_receiver,reject,invalid_tag,receiver_parsing,19,1.6553,1.70953,1.739986,1.7476,19,Envelope and binary parser call.,per-observation exclusive interval; no sum-of-percentiles total
snn32_seed27_forest_anomaly,warmup,bad_tag_receiver,reject,invalid_tag,receiver_quality_check,19,0.0,0.0,0.0,0.0,0,Verifier quality-check call.,per-observation exclusive interval; no sum-of-percentiles total
snn32_seed27_forest_anomaly,warmup,bad_tag_receiver,reject,invalid_tag,receiver_window_hmac,19,0.0181,0.025909999999999996,0.026702,0.0269,19,"Recorded verifier window-tag calculation, not complete authentication.",per-observation exclusive interval; no sum-of-percentiles total
snn32_seed27_forest_anomaly,warmup,bad_tag_receiver,reject,invalid_tag,reconstruction,19,0.0,0.0,0.0,0.0,0,Actual recorded BCH reconstruction; includes any observer/GC delay.,per-observation exclusive interval; no sum-of-percentiles total
snn32_seed27_forest_anomaly,warmup,bad_tag_receiver,reject,invalid_tag,release_conversion_unisolated,19,0.0,0.0,0.0,0.0,0,Accepted release remainder including conversion/dispatch/observer work outside consumer children.,per-observation exclusive interval; no sum-of-percentiles total
snn32_seed27_forest_anomaly,warmup,bad_tag_receiver,reject,invalid_tag,sender_binding_unisolated,19,0.0,0.0,0.0,0.0,0,Sender seal remainder: binding/state/orchestration/observer work not separately timed.,per-observation exclusive interval; no sum-of-percentiles total
snn32_seed27_forest_anomaly,warmup,bad_tag_receiver,reject,invalid_tag,sender_serialization_and_quality,19,0.0,0.0,0.0,0.0,0,Sender serialization including its quality validation; not separately timed.,per-observation exclusive interval; no sum-of-percentiles total
snn32_seed27_forest_anomaly,warmup,bad_tag_receiver,reject,invalid_tag,sender_window_hmac,19,0.0,0.0,0.0,0.0,0,Recorded window-tag generation call.,per-observation exclusive interval; no sum-of-percentiles total
snn32_seed27_forest_anomaly,warmup,bad_tag_receiver,reject,invalid_tag,session_establishment_unisolated,19,0.0,0.0,0.0,0.0,0,"Handshake/request/activation remainder, including unseparated HKDF/confirmation work and observer cost.",per-observation exclusive interval; no sum-of-percentiles total
snn32_seed27_forest_anomaly,warmup,bad_tag_receiver,reject,invalid_tag,simulated_response_read,19,0.0,0.0,0.0,0.0,0,"Modeled response generation, not physical acquisition.",per-observation exclusive interval; no sum-of-percentiles total
snn32_seed27_forest_anomaly,warmup,exact_replay_receiver,reject,duplicate_sequence,admission_orchestration_unisolated,19,0.0,0.0,0.0,0.0,0,Admission orchestration remainder not covered by named children.,per-observation exclusive interval; no sum-of-percentiles total
snn32_seed27_forest_anomaly,warmup,exact_replay_receiver,reject,duplicate_sequence,anomaly_consumer,19,0.0,0.0,0.0,0.0,0,Anomaly consumer including feature scaling and frozen-threshold decision.,per-observation exclusive interval; no sum-of-percentiles total
snn32_seed27_forest_anomaly,warmup,exact_replay_receiver,reject,duplicate_sequence,binary32_adapter,19,0.0,0.0,0.0,0.0,0,Canonical binary32 input adaptation before sender sealing.,per-observation exclusive interval; no sum-of-percentiles total
snn32_seed27_forest_anomaly,warmup,exact_replay_receiver,reject,duplicate_sequence,credential_verification,19,0.0,0.0,0.0,0.0,0,Recorded independent credential-verification call(s).,per-observation exclusive interval; no sum-of-percentiles total
snn32_seed27_forest_anomaly,warmup,exact_replay_receiver,reject,duplicate_sequence,in_memory_audit_measured,19,0.0606,0.07933999999999998,0.083948,0.0851,19,"Recorded audit record/prepare/commit spans, exclusive of their children; not all audit-related overhead and not durable storage.",per-observation exclusive interval; no sum-of-percentiles total
snn32_seed27_forest_anomaly,warmup,exact_replay_receiver,reject,duplicate_sequence,local_admission_checks,19,0.0,0.0,0.0,0.0,0,"Measured local authorization/binding/consumption calls, excluding nested credential verification.",per-observation exclusive interval; no sum-of-percentiles total
snn32_seed27_forest_anomaly,warmup,exact_replay_receiver,reject,duplicate_sequence,model_input_preprocessing,19,0.0,0.0,0.0,0.0,0,Shared model-input preparation; model-specific normalization remains in consumer timing.,per-observation exclusive interval; no sum-of-percentiles total
snn32_seed27_forest_anomaly,warmup,exact_replay_receiver,reject,duplicate_sequence,motion_consumer,19,0.0,0.0,0.0,0.0,0,Motion consumer including normalization/tensor preparation/prediction decoding.,per-observation exclusive interval; no sum-of-percentiles total
snn32_seed27_forest_anomaly,warmup,exact_replay_receiver,reject,duplicate_sequence,outer_orchestration_unisolated,19,0.0123,0.015499999999999998,0.01622,0.0164,19,Direct root/first-post-window remainder outside named child spans.,per-observation exclusive interval; no sum-of-percentiles total
snn32_seed27_forest_anomaly,warmup,exact_replay_receiver,reject,duplicate_sequence,receiver_binding_sequence_state_unisolated,19,0.1411,0.18319999999999997,0.19256,0.1949,19,"Verifier remainder including binding, sequence checks, locks/state publication and observer work; NOT isolated sequence latency.",per-observation exclusive interval; no sum-of-percentiles total
snn32_seed27_forest_anomaly,warmup,exact_replay_receiver,reject,duplicate_sequence,receiver_parsing,19,1.8988,2.1774099999999996,2.357482,2.4025,19,Envelope and binary parser call.,per-observation exclusive interval; no sum-of-percentiles total
snn32_seed27_forest_anomaly,warmup,exact_replay_receiver,reject,duplicate_sequence,receiver_quality_check,19,4.8849,5.37748,5.450056,5.4682,19,Verifier quality-check call.,per-observation exclusive interval; no sum-of-percentiles total
snn32_seed27_forest_anomaly,warmup,exact_replay_receiver,reject,duplicate_sequence,receiver_window_hmac,19,0.0247,0.04164,0.041928,0.042,19,"Recorded verifier window-tag calculation, not complete authentication.",per-observation exclusive interval; no sum-of-percentiles total
snn32_seed27_forest_anomaly,warmup,exact_replay_receiver,reject,duplicate_sequence,reconstruction,19,0.0,0.0,0.0,0.0,0,Actual recorded BCH reconstruction; includes any observer/GC delay.,per-observation exclusive interval; no sum-of-percentiles total
snn32_seed27_forest_anomaly,warmup,exact_replay_receiver,reject,duplicate_sequence,release_conversion_unisolated,19,0.0,0.0,0.0,0.0,0,Accepted release remainder including conversion/dispatch/observer work outside consumer children.,per-observation exclusive interval; no sum-of-percentiles total
snn32_seed27_forest_anomaly,warmup,exact_replay_receiver,reject,duplicate_sequence,sender_binding_unisolated,19,0.0,0.0,0.0,0.0,0,Sender seal remainder: binding/state/orchestration/observer work not separately timed.,per-observation exclusive interval; no sum-of-percentiles total
snn32_seed27_forest_anomaly,warmup,exact_replay_receiver,reject,duplicate_sequence,sender_serialization_and_quality,19,0.0,0.0,0.0,0.0,0,Sender serialization including its quality validation; not separately timed.,per-observation exclusive interval; no sum-of-percentiles total
snn32_seed27_forest_anomaly,warmup,exact_replay_receiver,reject,duplicate_sequence,sender_window_hmac,19,0.0,0.0,0.0,0.0,0,Recorded window-tag generation call.,per-observation exclusive interval; no sum-of-percentiles total
snn32_seed27_forest_anomaly,warmup,exact_replay_receiver,reject,duplicate_sequence,session_establishment_unisolated,19,0.0,0.0,0.0,0.0,0,"Handshake/request/activation remainder, including unseparated HKDF/confirmation work and observer cost.",per-observation exclusive interval; no sum-of-percentiles total
snn32_seed27_forest_anomaly,warmup,exact_replay_receiver,reject,duplicate_sequence,simulated_response_read,19,0.0,0.0,0.0,0.0,0,"Modeled response generation, not physical acquisition.",per-observation exclusive interval; no sum-of-percentiles total
snn32_seed27_forest_anomaly,warmup,fresh_to_first_window,accept,accepted,admission_orchestration_unisolated,19,0.0574,0.06533999999999998,0.071388,0.0729,19,Admission orchestration remainder not covered by named children.,per-observation exclusive interval; no sum-of-percentiles total
snn32_seed27_forest_anomaly,warmup,fresh_to_first_window,accept,accepted,anomaly_consumer,19,8.5447,8.80107,8.851974,8.8647,19,Anomaly consumer including feature scaling and frozen-threshold decision.,per-observation exclusive interval; no sum-of-percentiles total
snn32_seed27_forest_anomaly,warmup,fresh_to_first_window,accept,accepted,binary32_adapter,19,1.3474,1.44457,1.478914,1.4875,19,Canonical binary32 input adaptation before sender sealing.,per-observation exclusive interval; no sum-of-percentiles total
snn32_seed27_forest_anomaly,warmup,fresh_to_first_window,accept,accepted,credential_verification,19,0.059,0.0749,0.07634,0.0767,19,Recorded independent credential-verification call(s).,per-observation exclusive interval; no sum-of-percentiles total
snn32_seed27_forest_anomaly,warmup,fresh_to_first_window,accept,accepted,in_memory_audit_measured,19,0.2593,0.2971299999999999,0.344146,0.3559,19,"Recorded audit record/prepare/commit spans, exclusive of their children; not all audit-related overhead and not durable storage.",per-observation exclusive interval; no sum-of-percentiles total
snn32_seed27_forest_anomaly,warmup,fresh_to_first_window,accept,accepted,local_admission_checks,19,0.0804,0.08709,0.087738,0.0879,19,"Measured local authorization/binding/consumption calls, excluding nested credential verification.",per-observation exclusive interval; no sum-of-percentiles total
snn32_seed27_forest_anomaly,warmup,fresh_to_first_window,accept,accepted,model_input_preprocessing,19,4.853,5.04168,5.114976,5.1333,19,Shared model-input preparation; model-specific normalization remains in consumer timing.,per-observation exclusive interval; no sum-of-percentiles total
snn32_seed27_forest_anomaly,warmup,fresh_to_first_window,accept,accepted,motion_consumer,19,17.8279,18.29091,18.329862,18.3396,19,Motion consumer including normalization/tensor preparation/prediction decoding.,per-observation exclusive interval; no sum-of-percentiles total
snn32_seed27_forest_anomaly,warmup,fresh_to_first_window,accept,accepted,outer_orchestration_unisolated,19,0.1866,0.27045,0.27729,0.279,19,Direct root/first-post-window remainder outside named child spans.,per-observation exclusive interval; no sum-of-percentiles total
snn32_seed27_forest_anomaly,warmup,fresh_to_first_window,accept,accepted,receiver_binding_sequence_state_unisolated,19,0.1118,0.14916,0.153912,0.1551,19,"Verifier remainder including binding, sequence checks, locks/state publication and observer work; NOT isolated sequence latency.",per-observation exclusive interval; no sum-of-percentiles total
snn32_seed27_forest_anomaly,warmup,fresh_to_first_window,accept,accepted,receiver_parsing,19,2.0879,2.29216,2.301232,2.3035,19,Envelope and binary parser call.,per-observation exclusive interval; no sum-of-percentiles total
snn32_seed27_forest_anomaly,warmup,fresh_to_first_window,accept,accepted,receiver_quality_check,19,5.4625,5.63498,5.639876,5.6411,19,Verifier quality-check call.,per-observation exclusive interval; no sum-of-percentiles total
snn32_seed27_forest_anomaly,warmup,fresh_to_first_window,accept,accepted,receiver_window_hmac,19,0.024,0.026719999999999997,0.027584,0.0278,19,"Recorded verifier window-tag calculation, not complete authentication.",per-observation exclusive interval; no sum-of-percentiles total
snn32_seed27_forest_anomaly,warmup,fresh_to_first_window,accept,accepted,reconstruction,19,7.3893,7.72263,7.765326,7.776,19,Actual recorded BCH reconstruction; includes any observer/GC delay.,per-observation exclusive interval; no sum-of-percentiles total
snn32_seed27_forest_anomaly,warmup,fresh_to_first_window,accept,accepted,release_conversion_unisolated,19,0.7531,0.85356,0.859752,0.8613,19,Accepted release remainder including conversion/dispatch/observer work outside consumer children.,per-observation exclusive interval; no sum-of-percentiles total
snn32_seed27_forest_anomaly,warmup,fresh_to_first_window,accept,accepted,sender_binding_unisolated,19,0.1666,0.19282999999999997,0.202406,0.2048,19,Sender seal remainder: binding/state/orchestration/observer work not separately timed.,per-observation exclusive interval; no sum-of-percentiles total
snn32_seed27_forest_anomaly,warmup,fresh_to_first_window,accept,accepted,sender_serialization_and_quality,19,6.0036,6.197289999999999,6.393058,6.442,19,Sender serialization including its quality validation; not separately timed.,per-observation exclusive interval; no sum-of-percentiles total
snn32_seed27_forest_anomaly,warmup,fresh_to_first_window,accept,accepted,sender_window_hmac,19,0.0241,0.051369999999999985,0.056914,0.0583,19,Recorded window-tag generation call.,per-observation exclusive interval; no sum-of-percentiles total
snn32_seed27_forest_anomaly,warmup,fresh_to_first_window,accept,accepted,session_establishment_unisolated,19,0.5268,0.5802199999999998,0.604124,0.6101,19,"Handshake/request/activation remainder, including unseparated HKDF/confirmation work and observer cost.",per-observation exclusive interval; no sum-of-percentiles total
snn32_seed27_forest_anomaly,warmup,fresh_to_first_window,accept,accepted,simulated_response_read,19,0.1937,0.24341999999999997,0.252204,0.2544,19,"Modeled response generation, not physical acquisition.",per-observation exclusive interval; no sum-of-percentiles total
snn32_seed27_forest_anomaly,warmup,malformed_json_receiver,reject,malformed_message,admission_orchestration_unisolated,19,0.0,0.0,0.0,0.0,0,Admission orchestration remainder not covered by named children.,per-observation exclusive interval; no sum-of-percentiles total
snn32_seed27_forest_anomaly,warmup,malformed_json_receiver,reject,malformed_message,anomaly_consumer,19,0.0,0.0,0.0,0.0,0,Anomaly consumer including feature scaling and frozen-threshold decision.,per-observation exclusive interval; no sum-of-percentiles total
snn32_seed27_forest_anomaly,warmup,malformed_json_receiver,reject,malformed_message,binary32_adapter,19,0.0,0.0,0.0,0.0,0,Canonical binary32 input adaptation before sender sealing.,per-observation exclusive interval; no sum-of-percentiles total
snn32_seed27_forest_anomaly,warmup,malformed_json_receiver,reject,malformed_message,credential_verification,19,0.0,0.0,0.0,0.0,0,Recorded independent credential-verification call(s).,per-observation exclusive interval; no sum-of-percentiles total
snn32_seed27_forest_anomaly,warmup,malformed_json_receiver,reject,malformed_message,in_memory_audit_measured,19,0.05,0.06606999999999999,0.073054,0.0748,19,"Recorded audit record/prepare/commit spans, exclusive of their children; not all audit-related overhead and not durable storage.",per-observation exclusive interval; no sum-of-percentiles total
snn32_seed27_forest_anomaly,warmup,malformed_json_receiver,reject,malformed_message,local_admission_checks,19,0.0,0.0,0.0,0.0,0,"Measured local authorization/binding/consumption calls, excluding nested credential verification.",per-observation exclusive interval; no sum-of-percentiles total
snn32_seed27_forest_anomaly,warmup,malformed_json_receiver,reject,malformed_message,model_input_preprocessing,19,0.0,0.0,0.0,0.0,0,Shared model-input preparation; model-specific normalization remains in consumer timing.,per-observation exclusive interval; no sum-of-percentiles total
snn32_seed27_forest_anomaly,warmup,malformed_json_receiver,reject,malformed_message,motion_consumer,19,0.0,0.0,0.0,0.0,0,Motion consumer including normalization/tensor preparation/prediction decoding.,per-observation exclusive interval; no sum-of-percentiles total
snn32_seed27_forest_anomaly,warmup,malformed_json_receiver,reject,malformed_message,outer_orchestration_unisolated,19,0.0087,0.010119999999999995,0.011704,0.0121,19,Direct root/first-post-window remainder outside named child spans.,per-observation exclusive interval; no sum-of-percentiles total
snn32_seed27_forest_anomaly,warmup,malformed_json_receiver,reject,malformed_message,receiver_binding_sequence_state_unisolated,19,0.0468,0.059109999999999975,0.066382,0.0682,19,"Verifier remainder including binding, sequence checks, locks/state publication and observer work; NOT isolated sequence latency.",per-observation exclusive interval; no sum-of-percentiles total
snn32_seed27_forest_anomaly,warmup,malformed_json_receiver,reject,malformed_message,receiver_parsing,19,0.0329,0.04382,0.043964,0.044,19,Envelope and binary parser call.,per-observation exclusive interval; no sum-of-percentiles total
snn32_seed27_forest_anomaly,warmup,malformed_json_receiver,reject,malformed_message,receiver_quality_check,19,0.0,0.0,0.0,0.0,0,Verifier quality-check call.,per-observation exclusive interval; no sum-of-percentiles total
snn32_seed27_forest_anomaly,warmup,malformed_json_receiver,reject,malformed_message,receiver_window_hmac,19,0.0,0.0,0.0,0.0,0,"Recorded verifier window-tag calculation, not complete authentication.",per-observation exclusive interval; no sum-of-percentiles total
snn32_seed27_forest_anomaly,warmup,malformed_json_receiver,reject,malformed_message,reconstruction,19,0.0,0.0,0.0,0.0,0,Actual recorded BCH reconstruction; includes any observer/GC delay.,per-observation exclusive interval; no sum-of-percentiles total
snn32_seed27_forest_anomaly,warmup,malformed_json_receiver,reject,malformed_message,release_conversion_unisolated,19,0.0,0.0,0.0,0.0,0,Accepted release remainder including conversion/dispatch/observer work outside consumer children.,per-observation exclusive interval; no sum-of-percentiles total
snn32_seed27_forest_anomaly,warmup,malformed_json_receiver,reject,malformed_message,sender_binding_unisolated,19,0.0,0.0,0.0,0.0,0,Sender seal remainder: binding/state/orchestration/observer work not separately timed.,per-observation exclusive interval; no sum-of-percentiles total
snn32_seed27_forest_anomaly,warmup,malformed_json_receiver,reject,malformed_message,sender_serialization_and_quality,19,0.0,0.0,0.0,0.0,0,Sender serialization including its quality validation; not separately timed.,per-observation exclusive interval; no sum-of-percentiles total
snn32_seed27_forest_anomaly,warmup,malformed_json_receiver,reject,malformed_message,sender_window_hmac,19,0.0,0.0,0.0,0.0,0,Recorded window-tag generation call.,per-observation exclusive interval; no sum-of-percentiles total
snn32_seed27_forest_anomaly,warmup,malformed_json_receiver,reject,malformed_message,session_establishment_unisolated,19,0.0,0.0,0.0,0.0,0,"Handshake/request/activation remainder, including unseparated HKDF/confirmation work and observer cost.",per-observation exclusive interval; no sum-of-percentiles total
snn32_seed27_forest_anomaly,warmup,malformed_json_receiver,reject,malformed_message,simulated_response_read,19,0.0,0.0,0.0,0.0,0,"Modeled response generation, not physical acquisition.",per-observation exclusive interval; no sum-of-percentiles total
snn32_seed27_forest_anomaly,warmup,post_window_after_refusals,accept,accepted,admission_orchestration_unisolated,19,0.0,0.0,0.0,0.0,0,Admission orchestration remainder not covered by named children.,per-observation exclusive interval; no sum-of-percentiles total
snn32_seed27_forest_anomaly,warmup,post_window_after_refusals,accept,accepted,anomaly_consumer,19,5.8972,6.612359999999999,6.886392,6.9549,19,Anomaly consumer including feature scaling and frozen-threshold decision.,per-observation exclusive interval; no sum-of-percentiles total
snn32_seed27_forest_anomaly,warmup,post_window_after_refusals,accept,accepted,binary32_adapter,19,1.1316,1.25679,1.292718,1.3017,19,Canonical binary32 input adaptation before sender sealing.,per-observation exclusive interval; no sum-of-percentiles total
snn32_seed27_forest_anomaly,warmup,post_window_after_refusals,accept,accepted,credential_verification,19,0.0,0.0,0.0,0.0,0,Recorded independent credential-verification call(s).,per-observation exclusive interval; no sum-of-percentiles total
snn32_seed27_forest_anomaly,warmup,post_window_after_refusals,accept,accepted,in_memory_audit_measured,19,0.0733,0.11039999999999998,0.11616,0.1176,19,"Recorded audit record/prepare/commit spans, exclusive of their children; not all audit-related overhead and not durable storage.",per-observation exclusive interval; no sum-of-percentiles total
snn32_seed27_forest_anomaly,warmup,post_window_after_refusals,accept,accepted,local_admission_checks,19,0.0,0.0,0.0,0.0,0,"Measured local authorization/binding/consumption calls, excluding nested credential verification.",per-observation exclusive interval; no sum-of-percentiles total
snn32_seed27_forest_anomaly,warmup,post_window_after_refusals,accept,accepted,model_input_preprocessing,19,3.5744,3.8977599999999994,4.063072,4.1044,19,Shared model-input preparation; model-specific normalization remains in consumer timing.,per-observation exclusive interval; no sum-of-percentiles total
snn32_seed27_forest_anomaly,warmup,post_window_after_refusals,accept,accepted,motion_consumer,19,12.4802,13.394109999999998,14.006182,14.1592,19,Motion consumer including normalization/tensor preparation/prediction decoding.,per-observation exclusive interval; no sum-of-percentiles total
snn32_seed27_forest_anomaly,warmup,post_window_after_refusals,accept,accepted,outer_orchestration_unisolated,19,0.1178,0.17303999999999997,0.180528,0.1824,19,Direct root/first-post-window remainder outside named child spans.,per-observation exclusive interval; no sum-of-percentiles total
snn32_seed27_forest_anomaly,warmup,post_window_after_refusals,accept,accepted,receiver_binding_sequence_state_unisolated,19,0.0764,0.10783999999999999,0.114608,0.1163,19,"Verifier remainder including binding, sequence checks, locks/state publication and observer work; NOT isolated sequence latency.",per-observation exclusive interval; no sum-of-percentiles total
snn32_seed27_forest_anomaly,warmup,post_window_after_refusals,accept,accepted,receiver_parsing,19,1.4812,1.78265,1.81685,1.8254,19,Envelope and binary parser call.,per-observation exclusive interval; no sum-of-percentiles total
snn32_seed27_forest_anomaly,warmup,post_window_after_refusals,accept,accepted,receiver_quality_check,19,3.9609,4.840189999999999,5.019398,5.0642,19,Verifier quality-check call.,per-observation exclusive interval; no sum-of-percentiles total
snn32_seed27_forest_anomaly,warmup,post_window_after_refusals,accept,accepted,receiver_window_hmac,19,0.0148,0.023899999999999998,0.02462,0.0248,19,"Recorded verifier window-tag calculation, not complete authentication.",per-observation exclusive interval; no sum-of-percentiles total
snn32_seed27_forest_anomaly,warmup,post_window_after_refusals,accept,accepted,reconstruction,19,0.0,0.0,0.0,0.0,0,Actual recorded BCH reconstruction; includes any observer/GC delay.,per-observation exclusive interval; no sum-of-percentiles total
snn32_seed27_forest_anomaly,warmup,post_window_after_refusals,accept,accepted,release_conversion_unisolated,19,0.5758,0.7481599999999995,0.894752,0.9314,19,Accepted release remainder including conversion/dispatch/observer work outside consumer children.,per-observation exclusive interval; no sum-of-percentiles total
snn32_seed27_forest_anomaly,warmup,post_window_after_refusals,accept,accepted,sender_binding_unisolated,19,0.1179,0.14494999999999997,0.15755,0.1607,19,Sender seal remainder: binding/state/orchestration/observer work not separately timed.,per-observation exclusive interval; no sum-of-percentiles total
snn32_seed27_forest_anomaly,warmup,post_window_after_refusals,accept,accepted,sender_serialization_and_quality,19,4.9423,5.55923,5.642246,5.663,19,Sender serialization including its quality validation; not separately timed.,per-observation exclusive interval; no sum-of-percentiles total
snn32_seed27_forest_anomaly,warmup,post_window_after_refusals,accept,accepted,sender_window_hmac,19,0.0198,0.033699999999999994,0.0373,0.0382,19,Recorded window-tag generation call.,per-observation exclusive interval; no sum-of-percentiles total
snn32_seed27_forest_anomaly,warmup,post_window_after_refusals,accept,accepted,session_establishment_unisolated,19,0.0,0.0,0.0,0.0,0,"Handshake/request/activation remainder, including unseparated HKDF/confirmation work and observer cost.",per-observation exclusive interval; no sum-of-percentiles total
snn32_seed27_forest_anomaly,warmup,post_window_after_refusals,accept,accepted,simulated_response_read,19,0.0,0.0,0.0,0.0,0,"Modeled response generation, not physical acquisition.",per-observation exclusive interval; no sum-of-percentiles total
snn32_seed27_forest_anomaly,warmup,post_window_recurring,accept,accepted,admission_orchestration_unisolated,19,0.0,0.0,0.0,0.0,0,Admission orchestration remainder not covered by named children.,per-observation exclusive interval; no sum-of-percentiles total
snn32_seed27_forest_anomaly,warmup,post_window_recurring,accept,accepted,anomaly_consumer,19,8.3103,8.80927,9.061774,9.1249,19,Anomaly consumer including feature scaling and frozen-threshold decision.,per-observation exclusive interval; no sum-of-percentiles total
snn32_seed27_forest_anomaly,warmup,post_window_recurring,accept,accepted,binary32_adapter,19,1.3614,1.46903,1.492286,1.4981,19,Canonical binary32 input adaptation before sender sealing.,per-observation exclusive interval; no sum-of-percentiles total
snn32_seed27_forest_anomaly,warmup,post_window_recurring,accept,accepted,credential_verification,19,0.0,0.0,0.0,0.0,0,Recorded independent credential-verification call(s).,per-observation exclusive interval; no sum-of-percentiles total
snn32_seed27_forest_anomaly,warmup,post_window_recurring,accept,accepted,in_memory_audit_measured,19,0.1163,0.15448999999999996,0.159458,0.1607,19,"Recorded audit record/prepare/commit spans, exclusive of their children; not all audit-related overhead and not durable storage.",per-observation exclusive interval; no sum-of-percentiles total
snn32_seed27_forest_anomaly,warmup,post_window_recurring,accept,accepted,local_admission_checks,19,0.0,0.0,0.0,0.0,0,"Measured local authorization/binding/consumption calls, excluding nested credential verification.",per-observation exclusive interval; no sum-of-percentiles total
snn32_seed27_forest_anomaly,warmup,post_window_recurring,accept,accepted,model_input_preprocessing,19,4.7942,4.99596,5.103672,5.1306,19,Shared model-input preparation; model-specific normalization remains in consumer timing.,per-observation exclusive interval; no sum-of-percentiles total
snn32_seed27_forest_anomaly,warmup,post_window_recurring,accept,accepted,motion_consumer,19,17.7894,18.548649999999995,19.33885,19.5364,19,Motion consumer including normalization/tensor preparation/prediction decoding.,per-observation exclusive interval; no sum-of-percentiles total
snn32_seed27_forest_anomaly,warmup,post_window_recurring,accept,accepted,outer_orchestration_unisolated,19,0.1322,0.1757299999999999,0.212666,0.2219,19,Direct root/first-post-window remainder outside named child spans.,per-observation exclusive interval; no sum-of-percentiles total
snn32_seed27_forest_anomaly,warmup,post_window_recurring,accept,accepted,receiver_binding_sequence_state_unisolated,19,0.1175,0.1861599999999996,0.3190720000000001,0.3523,19,"Verifier remainder including binding, sequence checks, locks/state publication and observer work; NOT isolated sequence latency.",per-observation exclusive interval; no sum-of-percentiles total
snn32_seed27_forest_anomaly,warmup,post_window_recurring,accept,accepted,receiver_parsing,19,2.0921,7.196529999999999,7.620826,7.7269,19,Envelope and binary parser call.,per-observation exclusive interval; no sum-of-percentiles total
snn32_seed27_forest_anomaly,warmup,post_window_recurring,accept,accepted,receiver_quality_check,19,5.4497,5.60737,5.674114,5.6908,19,Verifier quality-check call.,per-observation exclusive interval; no sum-of-percentiles total
snn32_seed27_forest_anomaly,warmup,post_window_recurring,accept,accepted,receiver_window_hmac,19,0.0253,0.0643,0.06574,0.0661,19,"Recorded verifier window-tag calculation, not complete authentication.",per-observation exclusive interval; no sum-of-percentiles total
snn32_seed27_forest_anomaly,warmup,post_window_recurring,accept,accepted,reconstruction,19,0.0,0.0,0.0,0.0,0,Actual recorded BCH reconstruction; includes any observer/GC delay.,per-observation exclusive interval; no sum-of-percentiles total
snn32_seed27_forest_anomaly,warmup,post_window_recurring,accept,accepted,release_conversion_unisolated,19,0.6952,0.9008,0.92024,0.9251,19,Accepted release remainder including conversion/dispatch/observer work outside consumer children.,per-observation exclusive interval; no sum-of-percentiles total
snn32_seed27_forest_anomaly,warmup,post_window_recurring,accept,accepted,sender_binding_unisolated,19,0.176,0.20793999999999996,0.214708,0.2164,19,Sender seal remainder: binding/state/orchestration/observer work not separately timed.,per-observation exclusive interval; no sum-of-percentiles total
snn32_seed27_forest_anomaly,warmup,post_window_recurring,accept,accepted,sender_serialization_and_quality,19,6.0357,6.27016,6.274912,6.2761,19,Sender serialization including its quality validation; not separately timed.,per-observation exclusive interval; no sum-of-percentiles total
snn32_seed27_forest_anomaly,warmup,post_window_recurring,accept,accepted,sender_window_hmac,19,0.0302,0.05652999999999999,0.058906,0.0595,19,Recorded window-tag generation call.,per-observation exclusive interval; no sum-of-percentiles total
snn32_seed27_forest_anomaly,warmup,post_window_recurring,accept,accepted,session_establishment_unisolated,19,0.0,0.0,0.0,0.0,0,"Handshake/request/activation remainder, including unseparated HKDF/confirmation work and observer cost.",per-observation exclusive interval; no sum-of-percentiles total
snn32_seed27_forest_anomaly,warmup,post_window_recurring,accept,accepted,simulated_response_read,19,0.0,0.0,0.0,0.0,0,"Modeled response generation, not physical acquisition.",per-observation exclusive interval; no sum-of-percentiles total
snn32_seed27_forest_anomaly,warmup,pre_tag_quality_refusal,reject,data_quality_failure,admission_orchestration_unisolated,19,0.0,0.0,0.0,0.0,0,Admission orchestration remainder not covered by named children.,per-observation exclusive interval; no sum-of-percentiles total
snn32_seed27_forest_anomaly,warmup,pre_tag_quality_refusal,reject,data_quality_failure,anomaly_consumer,19,0.0,0.0,0.0,0.0,0,Anomaly consumer including feature scaling and frozen-threshold decision.,per-observation exclusive interval; no sum-of-percentiles total
snn32_seed27_forest_anomaly,warmup,pre_tag_quality_refusal,reject,data_quality_failure,binary32_adapter,19,1.1785,1.32668,1.351016,1.3571,19,Canonical binary32 input adaptation before sender sealing.,per-observation exclusive interval; no sum-of-percentiles total
snn32_seed27_forest_anomaly,warmup,pre_tag_quality_refusal,reject,data_quality_failure,credential_verification,19,0.0,0.0,0.0,0.0,0,Recorded independent credential-verification call(s).,per-observation exclusive interval; no sum-of-percentiles total
snn32_seed27_forest_anomaly,warmup,pre_tag_quality_refusal,reject,data_quality_failure,in_memory_audit_measured,19,0.0534,0.06614,0.068588,0.0692,19,"Recorded audit record/prepare/commit spans, exclusive of their children; not all audit-related overhead and not durable storage.",per-observation exclusive interval; no sum-of-percentiles total
snn32_seed27_forest_anomaly,warmup,pre_tag_quality_refusal,reject,data_quality_failure,local_admission_checks,19,0.0,0.0,0.0,0.0,0,"Measured local authorization/binding/consumption calls, excluding nested credential verification.",per-observation exclusive interval; no sum-of-percentiles total
snn32_seed27_forest_anomaly,warmup,pre_tag_quality_refusal,reject,data_quality_failure,model_input_preprocessing,19,0.0,0.0,0.0,0.0,0,Shared model-input preparation; model-specific normalization remains in consumer timing.,per-observation exclusive interval; no sum-of-percentiles total
snn32_seed27_forest_anomaly,warmup,pre_tag_quality_refusal,reject,data_quality_failure,motion_consumer,19,0.0,0.0,0.0,0.0,0,Motion consumer including normalization/tensor preparation/prediction decoding.,per-observation exclusive interval; no sum-of-percentiles total
snn32_seed27_forest_anomaly,warmup,pre_tag_quality_refusal,reject,data_quality_failure,outer_orchestration_unisolated,19,0.0516,0.07128999999999999,0.074818,0.0757,19,Direct root/first-post-window remainder outside named child spans.,per-observation exclusive interval; no sum-of-percentiles total
snn32_seed27_forest_anomaly,warmup,pre_tag_quality_refusal,reject,data_quality_failure,receiver_binding_sequence_state_unisolated,19,0.0,0.0,0.0,0.0,0,"Verifier remainder including binding, sequence checks, locks/state publication and observer work; NOT isolated sequence latency.",per-observation exclusive interval; no sum-of-percentiles total
snn32_seed27_forest_anomaly,warmup,pre_tag_quality_refusal,reject,data_quality_failure,receiver_parsing,19,0.0,0.0,0.0,0.0,0,Envelope and binary parser call.,per-observation exclusive interval; no sum-of-percentiles total
snn32_seed27_forest_anomaly,warmup,pre_tag_quality_refusal,reject,data_quality_failure,receiver_quality_check,19,0.0,0.0,0.0,0.0,0,Verifier quality-check call.,per-observation exclusive interval; no sum-of-percentiles total
snn32_seed27_forest_anomaly,warmup,pre_tag_quality_refusal,reject,data_quality_failure,receiver_window_hmac,19,0.0,0.0,0.0,0.0,0,"Recorded verifier window-tag calculation, not complete authentication.",per-observation exclusive interval; no sum-of-percentiles total
snn32_seed27_forest_anomaly,warmup,pre_tag_quality_refusal,reject,data_quality_failure,reconstruction,19,0.0,0.0,0.0,0.0,0,Actual recorded BCH reconstruction; includes any observer/GC delay.,per-observation exclusive interval; no sum-of-percentiles total
snn32_seed27_forest_anomaly,warmup,pre_tag_quality_refusal,reject,data_quality_failure,release_conversion_unisolated,19,0.0,0.0,0.0,0.0,0,Accepted release remainder including conversion/dispatch/observer work outside consumer children.,per-observation exclusive interval; no sum-of-percentiles total
snn32_seed27_forest_anomaly,warmup,pre_tag_quality_refusal,reject,data_quality_failure,sender_binding_unisolated,19,0.0699,0.09544,0.097168,0.0976,19,Sender seal remainder: binding/state/orchestration/observer work not separately timed.,per-observation exclusive interval; no sum-of-percentiles total
snn32_seed27_forest_anomaly,warmup,pre_tag_quality_refusal,reject,data_quality_failure,sender_serialization_and_quality,19,0.5164,0.5736299999999999,0.607686,0.6162,19,Sender serialization including its quality validation; not separately timed.,per-observation exclusive interval; no sum-of-percentiles total
snn32_seed27_forest_anomaly,warmup,pre_tag_quality_refusal,reject,data_quality_failure,sender_window_hmac,19,0.0,0.0,0.0,0.0,0,Recorded window-tag generation call.,per-observation exclusive interval; no sum-of-percentiles total
snn32_seed27_forest_anomaly,warmup,pre_tag_quality_refusal,reject,data_quality_failure,session_establishment_unisolated,19,0.0,0.0,0.0,0.0,0,"Handshake/request/activation remainder, including unseparated HKDF/confirmation work and observer cost.",per-observation exclusive interval; no sum-of-percentiles total
snn32_seed27_forest_anomaly,warmup,pre_tag_quality_refusal,reject,data_quality_failure,simulated_response_read,19,0.0,0.0,0.0,0.0,0,"Modeled response generation, not physical acquisition.",per-observation exclusive interval; no sum-of-percentiles total
snn32_seed27_forest_anomaly,warmup,valid_receiver_after_bad_tag,accept,accepted,admission_orchestration_unisolated,19,0.0,0.0,0.0,0.0,0,Admission orchestration remainder not covered by named children.,per-observation exclusive interval; no sum-of-percentiles total
snn32_seed27_forest_anomaly,warmup,valid_receiver_after_bad_tag,accept,accepted,anomaly_consumer,19,7.4942,8.00958,8.038956,8.0463,19,Anomaly consumer including feature scaling and frozen-threshold decision.,per-observation exclusive interval; no sum-of-percentiles total
snn32_seed27_forest_anomaly,warmup,valid_receiver_after_bad_tag,accept,accepted,binary32_adapter,19,0.0,0.0,0.0,0.0,0,Canonical binary32 input adaptation before sender sealing.,per-observation exclusive interval; no sum-of-percentiles total
snn32_seed27_forest_anomaly,warmup,valid_receiver_after_bad_tag,accept,accepted,credential_verification,19,0.0,0.0,0.0,0.0,0,Recorded independent credential-verification call(s).,per-observation exclusive interval; no sum-of-percentiles total
snn32_seed27_forest_anomaly,warmup,valid_receiver_after_bad_tag,accept,accepted,in_memory_audit_measured,19,0.0484,0.07038,0.072396,0.0729,19,"Recorded audit record/prepare/commit spans, exclusive of their children; not all audit-related overhead and not durable storage.",per-observation exclusive interval; no sum-of-percentiles total
snn32_seed27_forest_anomaly,warmup,valid_receiver_after_bad_tag,accept,accepted,local_admission_checks,19,0.0,0.0,0.0,0.0,0,"Measured local authorization/binding/consumption calls, excluding nested credential verification.",per-observation exclusive interval; no sum-of-percentiles total
snn32_seed27_forest_anomaly,warmup,valid_receiver_after_bad_tag,accept,accepted,model_input_preprocessing,19,4.5146,4.8722,4.92836,4.9424,19,Shared model-input preparation; model-specific normalization remains in consumer timing.,per-observation exclusive interval; no sum-of-percentiles total
snn32_seed27_forest_anomaly,warmup,valid_receiver_after_bad_tag,accept,accepted,motion_consumer,19,16.4692,17.46745,17.52973,17.5453,19,Motion consumer including normalization/tensor preparation/prediction decoding.,per-observation exclusive interval; no sum-of-percentiles total
snn32_seed27_forest_anomaly,warmup,valid_receiver_after_bad_tag,accept,accepted,outer_orchestration_unisolated,19,0.0238,0.03382,0.034684,0.0349,19,Direct root/first-post-window remainder outside named child spans.,per-observation exclusive interval; no sum-of-percentiles total
snn32_seed27_forest_anomaly,warmup,valid_receiver_after_bad_tag,accept,accepted,receiver_binding_sequence_state_unisolated,19,0.0989,0.15372,0.154584,0.1548,19,"Verifier remainder including binding, sequence checks, locks/state publication and observer work; NOT isolated sequence latency.",per-observation exclusive interval; no sum-of-percentiles total
snn32_seed27_forest_anomaly,warmup,valid_receiver_after_bad_tag,accept,accepted,receiver_parsing,19,1.6186,1.69819,1.701718,1.7026,19,Envelope and binary parser call.,per-observation exclusive interval; no sum-of-percentiles total
snn32_seed27_forest_anomaly,warmup,valid_receiver_after_bad_tag,accept,accepted,receiver_quality_check,19,5.2072,5.37961,5.381122,5.3815,19,Verifier quality-check call.,per-observation exclusive interval; no sum-of-percentiles total
snn32_seed27_forest_anomaly,warmup,valid_receiver_after_bad_tag,accept,accepted,receiver_window_hmac,19,0.0181,0.025159999999999995,0.026312,0.0266,19,"Recorded verifier window-tag calculation, not complete authentication.",per-observation exclusive interval; no sum-of-percentiles total
snn32_seed27_forest_anomaly,warmup,valid_receiver_after_bad_tag,accept,accepted,reconstruction,19,0.0,0.0,0.0,0.0,0,Actual recorded BCH reconstruction; includes any observer/GC delay.,per-observation exclusive interval; no sum-of-percentiles total
snn32_seed27_forest_anomaly,warmup,valid_receiver_after_bad_tag,accept,accepted,release_conversion_unisolated,19,0.6475,0.7581799999999999,0.799076,0.8093,19,Accepted release remainder including conversion/dispatch/observer work outside consumer children.,per-observation exclusive interval; no sum-of-percentiles total
snn32_seed27_forest_anomaly,warmup,valid_receiver_after_bad_tag,accept,accepted,sender_binding_unisolated,19,0.0,0.0,0.0,0.0,0,Sender seal remainder: binding/state/orchestration/observer work not separately timed.,per-observation exclusive interval; no sum-of-percentiles total
snn32_seed27_forest_anomaly,warmup,valid_receiver_after_bad_tag,accept,accepted,sender_serialization_and_quality,19,0.0,0.0,0.0,0.0,0,Sender serialization including its quality validation; not separately timed.,per-observation exclusive interval; no sum-of-percentiles total
snn32_seed27_forest_anomaly,warmup,valid_receiver_after_bad_tag,accept,accepted,sender_window_hmac,19,0.0,0.0,0.0,0.0,0,Recorded window-tag generation call.,per-observation exclusive interval; no sum-of-percentiles total
snn32_seed27_forest_anomaly,warmup,valid_receiver_after_bad_tag,accept,accepted,session_establishment_unisolated,19,0.0,0.0,0.0,0.0,0,"Handshake/request/activation remainder, including unseparated HKDF/confirmation work and observer cost.",per-observation exclusive interval; no sum-of-percentiles total
snn32_seed27_forest_anomaly,warmup,valid_receiver_after_bad_tag,accept,accepted,simulated_response_read,19,0.0,0.0,0.0,0.0,0,"Modeled response generation, not physical acquisition.",per-observation exclusive interval; no sum-of-percentiles total
snn32_seed7_forest_anomaly,condition_first_use,bad_tag_receiver,reject,invalid_tag,admission_orchestration_unisolated,1,0.0,0.0,0.0,0.0,0,Admission orchestration remainder not covered by named children.,per-observation exclusive interval; no sum-of-percentiles total
snn32_seed7_forest_anomaly,condition_first_use,bad_tag_receiver,reject,invalid_tag,anomaly_consumer,1,0.0,0.0,0.0,0.0,0,Anomaly consumer including feature scaling and frozen-threshold decision.,per-observation exclusive interval; no sum-of-percentiles total
snn32_seed7_forest_anomaly,condition_first_use,bad_tag_receiver,reject,invalid_tag,binary32_adapter,1,0.0,0.0,0.0,0.0,0,Canonical binary32 input adaptation before sender sealing.,per-observation exclusive interval; no sum-of-percentiles total
snn32_seed7_forest_anomaly,condition_first_use,bad_tag_receiver,reject,invalid_tag,credential_verification,1,0.0,0.0,0.0,0.0,0,Recorded independent credential-verification call(s).,per-observation exclusive interval; no sum-of-percentiles total
snn32_seed7_forest_anomaly,condition_first_use,bad_tag_receiver,reject,invalid_tag,in_memory_audit_measured,1,0.0639,0.0639,0.0639,0.0639,1,"Recorded audit record/prepare/commit spans, exclusive of their children; not all audit-related overhead and not durable storage.",per-observation exclusive interval; no sum-of-percentiles total
snn32_seed7_forest_anomaly,condition_first_use,bad_tag_receiver,reject,invalid_tag,local_admission_checks,1,0.0,0.0,0.0,0.0,0,"Measured local authorization/binding/consumption calls, excluding nested credential verification.",per-observation exclusive interval; no sum-of-percentiles total
snn32_seed7_forest_anomaly,condition_first_use,bad_tag_receiver,reject,invalid_tag,model_input_preprocessing,1,0.0,0.0,0.0,0.0,0,Shared model-input preparation; model-specific normalization remains in consumer timing.,per-observation exclusive interval; no sum-of-percentiles total
snn32_seed7_forest_anomaly,condition_first_use,bad_tag_receiver,reject,invalid_tag,motion_consumer,1,0.0,0.0,0.0,0.0,0,Motion consumer including normalization/tensor preparation/prediction decoding.,per-observation exclusive interval; no sum-of-percentiles total
snn32_seed7_forest_anomaly,condition_first_use,bad_tag_receiver,reject,invalid_tag,outer_orchestration_unisolated,1,0.0144,0.0144,0.0144,0.0144,1,Direct root/first-post-window remainder outside named child spans.,per-observation exclusive interval; no sum-of-percentiles total
snn32_seed7_forest_anomaly,condition_first_use,bad_tag_receiver,reject,invalid_tag,receiver_binding_sequence_state_unisolated,1,0.1305,0.1305,0.1305,0.1305,1,"Verifier remainder including binding, sequence checks, locks/state publication and observer work; NOT isolated sequence latency.",per-observation exclusive interval; no sum-of-percentiles total
snn32_seed7_forest_anomaly,condition_first_use,bad_tag_receiver,reject,invalid_tag,receiver_parsing,1,2.0328,2.0328,2.0328,2.0328,1,Envelope and binary parser call.,per-observation exclusive interval; no sum-of-percentiles total
snn32_seed7_forest_anomaly,condition_first_use,bad_tag_receiver,reject,invalid_tag,receiver_quality_check,1,0.0,0.0,0.0,0.0,0,Verifier quality-check call.,per-observation exclusive interval; no sum-of-percentiles total
snn32_seed7_forest_anomaly,condition_first_use,bad_tag_receiver,reject,invalid_tag,receiver_window_hmac,1,0.0266,0.0266,0.0266,0.0266,1,"Recorded verifier window-tag calculation, not complete authentication.",per-observation exclusive interval; no sum-of-percentiles total
snn32_seed7_forest_anomaly,condition_first_use,bad_tag_receiver,reject,invalid_tag,reconstruction,1,0.0,0.0,0.0,0.0,0,Actual recorded BCH reconstruction; includes any observer/GC delay.,per-observation exclusive interval; no sum-of-percentiles total
snn32_seed7_forest_anomaly,condition_first_use,bad_tag_receiver,reject,invalid_tag,release_conversion_unisolated,1,0.0,0.0,0.0,0.0,0,Accepted release remainder including conversion/dispatch/observer work outside consumer children.,per-observation exclusive interval; no sum-of-percentiles total
snn32_seed7_forest_anomaly,condition_first_use,bad_tag_receiver,reject,invalid_tag,sender_binding_unisolated,1,0.0,0.0,0.0,0.0,0,Sender seal remainder: binding/state/orchestration/observer work not separately timed.,per-observation exclusive interval; no sum-of-percentiles total
snn32_seed7_forest_anomaly,condition_first_use,bad_tag_receiver,reject,invalid_tag,sender_serialization_and_quality,1,0.0,0.0,0.0,0.0,0,Sender serialization including its quality validation; not separately timed.,per-observation exclusive interval; no sum-of-percentiles total
snn32_seed7_forest_anomaly,condition_first_use,bad_tag_receiver,reject,invalid_tag,sender_window_hmac,1,0.0,0.0,0.0,0.0,0,Recorded window-tag generation call.,per-observation exclusive interval; no sum-of-percentiles total
snn32_seed7_forest_anomaly,condition_first_use,bad_tag_receiver,reject,invalid_tag,session_establishment_unisolated,1,0.0,0.0,0.0,0.0,0,"Handshake/request/activation remainder, including unseparated HKDF/confirmation work and observer cost.",per-observation exclusive interval; no sum-of-percentiles total
snn32_seed7_forest_anomaly,condition_first_use,bad_tag_receiver,reject,invalid_tag,simulated_response_read,1,0.0,0.0,0.0,0.0,0,"Modeled response generation, not physical acquisition.",per-observation exclusive interval; no sum-of-percentiles total
snn32_seed7_forest_anomaly,condition_first_use,exact_replay_receiver,reject,duplicate_sequence,admission_orchestration_unisolated,1,0.0,0.0,0.0,0.0,0,Admission orchestration remainder not covered by named children.,per-observation exclusive interval; no sum-of-percentiles total
snn32_seed7_forest_anomaly,condition_first_use,exact_replay_receiver,reject,duplicate_sequence,anomaly_consumer,1,0.0,0.0,0.0,0.0,0,Anomaly consumer including feature scaling and frozen-threshold decision.,per-observation exclusive interval; no sum-of-percentiles total
snn32_seed7_forest_anomaly,condition_first_use,exact_replay_receiver,reject,duplicate_sequence,binary32_adapter,1,0.0,0.0,0.0,0.0,0,Canonical binary32 input adaptation before sender sealing.,per-observation exclusive interval; no sum-of-percentiles total
snn32_seed7_forest_anomaly,condition_first_use,exact_replay_receiver,reject,duplicate_sequence,credential_verification,1,0.0,0.0,0.0,0.0,0,Recorded independent credential-verification call(s).,per-observation exclusive interval; no sum-of-percentiles total
snn32_seed7_forest_anomaly,condition_first_use,exact_replay_receiver,reject,duplicate_sequence,in_memory_audit_measured,1,0.046,0.046,0.046,0.046,1,"Recorded audit record/prepare/commit spans, exclusive of their children; not all audit-related overhead and not durable storage.",per-observation exclusive interval; no sum-of-percentiles total
snn32_seed7_forest_anomaly,condition_first_use,exact_replay_receiver,reject,duplicate_sequence,local_admission_checks,1,0.0,0.0,0.0,0.0,0,"Measured local authorization/binding/consumption calls, excluding nested credential verification.",per-observation exclusive interval; no sum-of-percentiles total
snn32_seed7_forest_anomaly,condition_first_use,exact_replay_receiver,reject,duplicate_sequence,model_input_preprocessing,1,0.0,0.0,0.0,0.0,0,Shared model-input preparation; model-specific normalization remains in consumer timing.,per-observation exclusive interval; no sum-of-percentiles total
snn32_seed7_forest_anomaly,condition_first_use,exact_replay_receiver,reject,duplicate_sequence,motion_consumer,1,0.0,0.0,0.0,0.0,0,Motion consumer including normalization/tensor preparation/prediction decoding.,per-observation exclusive interval; no sum-of-percentiles total
snn32_seed7_forest_anomaly,condition_first_use,exact_replay_receiver,reject,duplicate_sequence,outer_orchestration_unisolated,1,0.0077,0.0077,0.0077,0.0077,1,Direct root/first-post-window remainder outside named child spans.,per-observation exclusive interval; no sum-of-percentiles total
snn32_seed7_forest_anomaly,condition_first_use,exact_replay_receiver,reject,duplicate_sequence,receiver_binding_sequence_state_unisolated,1,0.0897,0.0897,0.0897,0.0897,1,"Verifier remainder including binding, sequence checks, locks/state publication and observer work; NOT isolated sequence latency.",per-observation exclusive interval; no sum-of-percentiles total
snn32_seed7_forest_anomaly,condition_first_use,exact_replay_receiver,reject,duplicate_sequence,receiver_parsing,1,1.5463,1.5463,1.5463,1.5463,1,Envelope and binary parser call.,per-observation exclusive interval; no sum-of-percentiles total
snn32_seed7_forest_anomaly,condition_first_use,exact_replay_receiver,reject,duplicate_sequence,receiver_quality_check,1,3.8962,3.8962,3.8962,3.8962,1,Verifier quality-check call.,per-observation exclusive interval; no sum-of-percentiles total
snn32_seed7_forest_anomaly,condition_first_use,exact_replay_receiver,reject,duplicate_sequence,receiver_window_hmac,1,0.0233,0.0233,0.0233,0.0233,1,"Recorded verifier window-tag calculation, not complete authentication.",per-observation exclusive interval; no sum-of-percentiles total
snn32_seed7_forest_anomaly,condition_first_use,exact_replay_receiver,reject,duplicate_sequence,reconstruction,1,0.0,0.0,0.0,0.0,0,Actual recorded BCH reconstruction; includes any observer/GC delay.,per-observation exclusive interval; no sum-of-percentiles total
snn32_seed7_forest_anomaly,condition_first_use,exact_replay_receiver,reject,duplicate_sequence,release_conversion_unisolated,1,0.0,0.0,0.0,0.0,0,Accepted release remainder including conversion/dispatch/observer work outside consumer children.,per-observation exclusive interval; no sum-of-percentiles total
snn32_seed7_forest_anomaly,condition_first_use,exact_replay_receiver,reject,duplicate_sequence,sender_binding_unisolated,1,0.0,0.0,0.0,0.0,0,Sender seal remainder: binding/state/orchestration/observer work not separately timed.,per-observation exclusive interval; no sum-of-percentiles total
snn32_seed7_forest_anomaly,condition_first_use,exact_replay_receiver,reject,duplicate_sequence,sender_serialization_and_quality,1,0.0,0.0,0.0,0.0,0,Sender serialization including its quality validation; not separately timed.,per-observation exclusive interval; no sum-of-percentiles total
snn32_seed7_forest_anomaly,condition_first_use,exact_replay_receiver,reject,duplicate_sequence,sender_window_hmac,1,0.0,0.0,0.0,0.0,0,Recorded window-tag generation call.,per-observation exclusive interval; no sum-of-percentiles total
snn32_seed7_forest_anomaly,condition_first_use,exact_replay_receiver,reject,duplicate_sequence,session_establishment_unisolated,1,0.0,0.0,0.0,0.0,0,"Handshake/request/activation remainder, including unseparated HKDF/confirmation work and observer cost.",per-observation exclusive interval; no sum-of-percentiles total
snn32_seed7_forest_anomaly,condition_first_use,exact_replay_receiver,reject,duplicate_sequence,simulated_response_read,1,0.0,0.0,0.0,0.0,0,"Modeled response generation, not physical acquisition.",per-observation exclusive interval; no sum-of-percentiles total
snn32_seed7_forest_anomaly,condition_first_use,fresh_to_first_window,accept,accepted,admission_orchestration_unisolated,1,0.035,0.035,0.035,0.035,1,Admission orchestration remainder not covered by named children.,per-observation exclusive interval; no sum-of-percentiles total
snn32_seed7_forest_anomaly,condition_first_use,fresh_to_first_window,accept,accepted,anomaly_consumer,1,6.3452,6.3452,6.3452,6.3452,1,Anomaly consumer including feature scaling and frozen-threshold decision.,per-observation exclusive interval; no sum-of-percentiles total
snn32_seed7_forest_anomaly,condition_first_use,fresh_to_first_window,accept,accepted,binary32_adapter,1,0.8974,0.8974,0.8974,0.8974,1,Canonical binary32 input adaptation before sender sealing.,per-observation exclusive interval; no sum-of-percentiles total
snn32_seed7_forest_anomaly,condition_first_use,fresh_to_first_window,accept,accepted,credential_verification,1,0.0468,0.0468,0.0468,0.0468,1,Recorded independent credential-verification call(s).,per-observation exclusive interval; no sum-of-percentiles total
snn32_seed7_forest_anomaly,condition_first_use,fresh_to_first_window,accept,accepted,in_memory_audit_measured,1,0.1623,0.1623,0.1623,0.1623,1,"Recorded audit record/prepare/commit spans, exclusive of their children; not all audit-related overhead and not durable storage.",per-observation exclusive interval; no sum-of-percentiles total
snn32_seed7_forest_anomaly,condition_first_use,fresh_to_first_window,accept,accepted,local_admission_checks,1,0.0473,0.0473,0.0473,0.0473,1,"Measured local authorization/binding/consumption calls, excluding nested credential verification.",per-observation exclusive interval; no sum-of-percentiles total
snn32_seed7_forest_anomaly,condition_first_use,fresh_to_first_window,accept,accepted,model_input_preprocessing,1,3.5335,3.5335,3.5335,3.5335,1,Shared model-input preparation; model-specific normalization remains in consumer timing.,per-observation exclusive interval; no sum-of-percentiles total
snn32_seed7_forest_anomaly,condition_first_use,fresh_to_first_window,accept,accepted,motion_consumer,1,14.0025,14.0025,14.0025,14.0025,1,Motion consumer including normalization/tensor preparation/prediction decoding.,per-observation exclusive interval; no sum-of-percentiles total
snn32_seed7_forest_anomaly,condition_first_use,fresh_to_first_window,accept,accepted,outer_orchestration_unisolated,1,0.1663,0.1663,0.1663,0.1663,1,Direct root/first-post-window remainder outside named child spans.,per-observation exclusive interval; no sum-of-percentiles total
snn32_seed7_forest_anomaly,condition_first_use,fresh_to_first_window,accept,accepted,receiver_binding_sequence_state_unisolated,1,0.0843,0.0843,0.0843,0.0843,1,"Verifier remainder including binding, sequence checks, locks/state publication and observer work; NOT isolated sequence latency.",per-observation exclusive interval; no sum-of-percentiles total
snn32_seed7_forest_anomaly,condition_first_use,fresh_to_first_window,accept,accepted,receiver_parsing,1,1.6315,1.6315,1.6315,1.6315,1,Envelope and binary parser call.,per-observation exclusive interval; no sum-of-percentiles total
snn32_seed7_forest_anomaly,condition_first_use,fresh_to_first_window,accept,accepted,receiver_quality_check,1,4.7266,4.7266,4.7266,4.7266,1,Verifier quality-check call.,per-observation exclusive interval; no sum-of-percentiles total
snn32_seed7_forest_anomaly,condition_first_use,fresh_to_first_window,accept,accepted,receiver_window_hmac,1,0.0168,0.0168,0.0168,0.0168,1,"Recorded verifier window-tag calculation, not complete authentication.",per-observation exclusive interval; no sum-of-percentiles total
snn32_seed7_forest_anomaly,condition_first_use,fresh_to_first_window,accept,accepted,reconstruction,1,4.7174,4.7174,4.7174,4.7174,1,Actual recorded BCH reconstruction; includes any observer/GC delay.,per-observation exclusive interval; no sum-of-percentiles total
snn32_seed7_forest_anomaly,condition_first_use,fresh_to_first_window,accept,accepted,release_conversion_unisolated,1,0.583,0.583,0.583,0.583,1,Accepted release remainder including conversion/dispatch/observer work outside consumer children.,per-observation exclusive interval; no sum-of-percentiles total
snn32_seed7_forest_anomaly,condition_first_use,fresh_to_first_window,accept,accepted,sender_binding_unisolated,1,0.1083,0.1083,0.1083,0.1083,1,Sender seal remainder: binding/state/orchestration/observer work not separately timed.,per-observation exclusive interval; no sum-of-percentiles total
snn32_seed7_forest_anomaly,condition_first_use,fresh_to_first_window,accept,accepted,sender_serialization_and_quality,1,4.5422,4.5422,4.5422,4.5422,1,Sender serialization including its quality validation; not separately timed.,per-observation exclusive interval; no sum-of-percentiles total
snn32_seed7_forest_anomaly,condition_first_use,fresh_to_first_window,accept,accepted,sender_window_hmac,1,0.0164,0.0164,0.0164,0.0164,1,Recorded window-tag generation call.,per-observation exclusive interval; no sum-of-percentiles total
snn32_seed7_forest_anomaly,condition_first_use,fresh_to_first_window,accept,accepted,session_establishment_unisolated,1,0.3163,0.3163,0.3163,0.3163,1,"Handshake/request/activation remainder, including unseparated HKDF/confirmation work and observer cost.",per-observation exclusive interval; no sum-of-percentiles total
snn32_seed7_forest_anomaly,condition_first_use,fresh_to_first_window,accept,accepted,simulated_response_read,1,0.1279,0.1279,0.1279,0.1279,1,"Modeled response generation, not physical acquisition.",per-observation exclusive interval; no sum-of-percentiles total
snn32_seed7_forest_anomaly,condition_first_use,malformed_json_receiver,reject,malformed_message,admission_orchestration_unisolated,1,0.0,0.0,0.0,0.0,0,Admission orchestration remainder not covered by named children.,per-observation exclusive interval; no sum-of-percentiles total
snn32_seed7_forest_anomaly,condition_first_use,malformed_json_receiver,reject,malformed_message,anomaly_consumer,1,0.0,0.0,0.0,0.0,0,Anomaly consumer including feature scaling and frozen-threshold decision.,per-observation exclusive interval; no sum-of-percentiles total
snn32_seed7_forest_anomaly,condition_first_use,malformed_json_receiver,reject,malformed_message,binary32_adapter,1,0.0,0.0,0.0,0.0,0,Canonical binary32 input adaptation before sender sealing.,per-observation exclusive interval; no sum-of-percentiles total
snn32_seed7_forest_anomaly,condition_first_use,malformed_json_receiver,reject,malformed_message,credential_verification,1,0.0,0.0,0.0,0.0,0,Recorded independent credential-verification call(s).,per-observation exclusive interval; no sum-of-percentiles total
snn32_seed7_forest_anomaly,condition_first_use,malformed_json_receiver,reject,malformed_message,in_memory_audit_measured,1,0.0308,0.0308,0.0308,0.0308,1,"Recorded audit record/prepare/commit spans, exclusive of their children; not all audit-related overhead and not durable storage.",per-observation exclusive interval; no sum-of-percentiles total
snn32_seed7_forest_anomaly,condition_first_use,malformed_json_receiver,reject,malformed_message,local_admission_checks,1,0.0,0.0,0.0,0.0,0,"Measured local authorization/binding/consumption calls, excluding nested credential verification.",per-observation exclusive interval; no sum-of-percentiles total
snn32_seed7_forest_anomaly,condition_first_use,malformed_json_receiver,reject,malformed_message,model_input_preprocessing,1,0.0,0.0,0.0,0.0,0,Shared model-input preparation; model-specific normalization remains in consumer timing.,per-observation exclusive interval; no sum-of-percentiles total
snn32_seed7_forest_anomaly,condition_first_use,malformed_json_receiver,reject,malformed_message,motion_consumer,1,0.0,0.0,0.0,0.0,0,Motion consumer including normalization/tensor preparation/prediction decoding.,per-observation exclusive interval; no sum-of-percentiles total
snn32_seed7_forest_anomaly,condition_first_use,malformed_json_receiver,reject,malformed_message,outer_orchestration_unisolated,1,0.0047,0.0047,0.0047,0.0047,1,Direct root/first-post-window remainder outside named child spans.,per-observation exclusive interval; no sum-of-percentiles total
snn32_seed7_forest_anomaly,condition_first_use,malformed_json_receiver,reject,malformed_message,receiver_binding_sequence_state_unisolated,1,0.025,0.025,0.025,0.025,1,"Verifier remainder including binding, sequence checks, locks/state publication and observer work; NOT isolated sequence latency.",per-observation exclusive interval; no sum-of-percentiles total
snn32_seed7_forest_anomaly,condition_first_use,malformed_json_receiver,reject,malformed_message,receiver_parsing,1,0.0203,0.0203,0.0203,0.0203,1,Envelope and binary parser call.,per-observation exclusive interval; no sum-of-percentiles total
snn32_seed7_forest_anomaly,condition_first_use,malformed_json_receiver,reject,malformed_message,receiver_quality_check,1,0.0,0.0,0.0,0.0,0,Verifier quality-check call.,per-observation exclusive interval; no sum-of-percentiles total
snn32_seed7_forest_anomaly,condition_first_use,malformed_json_receiver,reject,malformed_message,receiver_window_hmac,1,0.0,0.0,0.0,0.0,0,"Recorded verifier window-tag calculation, not complete authentication.",per-observation exclusive interval; no sum-of-percentiles total
snn32_seed7_forest_anomaly,condition_first_use,malformed_json_receiver,reject,malformed_message,reconstruction,1,0.0,0.0,0.0,0.0,0,Actual recorded BCH reconstruction; includes any observer/GC delay.,per-observation exclusive interval; no sum-of-percentiles total
snn32_seed7_forest_anomaly,condition_first_use,malformed_json_receiver,reject,malformed_message,release_conversion_unisolated,1,0.0,0.0,0.0,0.0,0,Accepted release remainder including conversion/dispatch/observer work outside consumer children.,per-observation exclusive interval; no sum-of-percentiles total
snn32_seed7_forest_anomaly,condition_first_use,malformed_json_receiver,reject,malformed_message,sender_binding_unisolated,1,0.0,0.0,0.0,0.0,0,Sender seal remainder: binding/state/orchestration/observer work not separately timed.,per-observation exclusive interval; no sum-of-percentiles total
snn32_seed7_forest_anomaly,condition_first_use,malformed_json_receiver,reject,malformed_message,sender_serialization_and_quality,1,0.0,0.0,0.0,0.0,0,Sender serialization including its quality validation; not separately timed.,per-observation exclusive interval; no sum-of-percentiles total
snn32_seed7_forest_anomaly,condition_first_use,malformed_json_receiver,reject,malformed_message,sender_window_hmac,1,0.0,0.0,0.0,0.0,0,Recorded window-tag generation call.,per-observation exclusive interval; no sum-of-percentiles total
snn32_seed7_forest_anomaly,condition_first_use,malformed_json_receiver,reject,malformed_message,session_establishment_unisolated,1,0.0,0.0,0.0,0.0,0,"Handshake/request/activation remainder, including unseparated HKDF/confirmation work and observer cost.",per-observation exclusive interval; no sum-of-percentiles total
snn32_seed7_forest_anomaly,condition_first_use,malformed_json_receiver,reject,malformed_message,simulated_response_read,1,0.0,0.0,0.0,0.0,0,"Modeled response generation, not physical acquisition.",per-observation exclusive interval; no sum-of-percentiles total
snn32_seed7_forest_anomaly,condition_first_use,post_window_after_refusals,accept,accepted,admission_orchestration_unisolated,1,0.0,0.0,0.0,0.0,0,Admission orchestration remainder not covered by named children.,per-observation exclusive interval; no sum-of-percentiles total
snn32_seed7_forest_anomaly,condition_first_use,post_window_after_refusals,accept,accepted,anomaly_consumer,1,4.2098,4.2098,4.2098,4.2098,1,Anomaly consumer including feature scaling and frozen-threshold decision.,per-observation exclusive interval; no sum-of-percentiles total
snn32_seed7_forest_anomaly,condition_first_use,post_window_after_refusals,accept,accepted,binary32_adapter,1,0.6227,0.6227,0.6227,0.6227,1,Canonical binary32 input adaptation before sender sealing.,per-observation exclusive interval; no sum-of-percentiles total
snn32_seed7_forest_anomaly,condition_first_use,post_window_after_refusals,accept,accepted,credential_verification,1,0.0,0.0,0.0,0.0,0,Recorded independent credential-verification call(s).,per-observation exclusive interval; no sum-of-percentiles total
snn32_seed7_forest_anomaly,condition_first_use,post_window_after_refusals,accept,accepted,in_memory_audit_measured,1,0.0539,0.0539,0.0539,0.0539,1,"Recorded audit record/prepare/commit spans, exclusive of their children; not all audit-related overhead and not durable storage.",per-observation exclusive interval; no sum-of-percentiles total
snn32_seed7_forest_anomaly,condition_first_use,post_window_after_refusals,accept,accepted,local_admission_checks,1,0.0,0.0,0.0,0.0,0,"Measured local authorization/binding/consumption calls, excluding nested credential verification.",per-observation exclusive interval; no sum-of-percentiles total
snn32_seed7_forest_anomaly,condition_first_use,post_window_after_refusals,accept,accepted,model_input_preprocessing,1,2.8826,2.8826,2.8826,2.8826,1,Shared model-input preparation; model-specific normalization remains in consumer timing.,per-observation exclusive interval; no sum-of-percentiles total
snn32_seed7_forest_anomaly,condition_first_use,post_window_after_refusals,accept,accepted,motion_consumer,1,7.362,7.362,7.362,7.362,1,Motion consumer including normalization/tensor preparation/prediction decoding.,per-observation exclusive interval; no sum-of-percentiles total
snn32_seed7_forest_anomaly,condition_first_use,post_window_after_refusals,accept,accepted,outer_orchestration_unisolated,1,0.071,0.071,0.071,0.071,1,Direct root/first-post-window remainder outside named child spans.,per-observation exclusive interval; no sum-of-percentiles total
snn32_seed7_forest_anomaly,condition_first_use,post_window_after_refusals,accept,accepted,receiver_binding_sequence_state_unisolated,1,0.0534,0.0534,0.0534,0.0534,1,"Verifier remainder including binding, sequence checks, locks/state publication and observer work; NOT isolated sequence latency.",per-observation exclusive interval; no sum-of-percentiles total
snn32_seed7_forest_anomaly,condition_first_use,post_window_after_refusals,accept,accepted,receiver_parsing,1,1.0824,1.0824,1.0824,1.0824,1,Envelope and binary parser call.,per-observation exclusive interval; no sum-of-percentiles total
snn32_seed7_forest_anomaly,condition_first_use,post_window_after_refusals,accept,accepted,receiver_quality_check,1,3.0397,3.0397,3.0397,3.0397,1,Verifier quality-check call.,per-observation exclusive interval; no sum-of-percentiles total
snn32_seed7_forest_anomaly,condition_first_use,post_window_after_refusals,accept,accepted,receiver_window_hmac,1,0.0105,0.0105,0.0105,0.0105,1,"Recorded verifier window-tag calculation, not complete authentication.",per-observation exclusive interval; no sum-of-percentiles total
snn32_seed7_forest_anomaly,condition_first_use,post_window_after_refusals,accept,accepted,reconstruction,1,0.0,0.0,0.0,0.0,0,Actual recorded BCH reconstruction; includes any observer/GC delay.,per-observation exclusive interval; no sum-of-percentiles total
snn32_seed7_forest_anomaly,condition_first_use,post_window_after_refusals,accept,accepted,release_conversion_unisolated,1,0.4157,0.4157,0.4157,0.4157,1,Accepted release remainder including conversion/dispatch/observer work outside consumer children.,per-observation exclusive interval; no sum-of-percentiles total
snn32_seed7_forest_anomaly,condition_first_use,post_window_after_refusals,accept,accepted,sender_binding_unisolated,1,0.0776,0.0776,0.0776,0.0776,1,Sender seal remainder: binding/state/orchestration/observer work not separately timed.,per-observation exclusive interval; no sum-of-percentiles total
snn32_seed7_forest_anomaly,condition_first_use,post_window_after_refusals,accept,accepted,sender_serialization_and_quality,1,3.3468,3.3468,3.3468,3.3468,1,Sender serialization including its quality validation; not separately timed.,per-observation exclusive interval; no sum-of-percentiles total
snn32_seed7_forest_anomaly,condition_first_use,post_window_after_refusals,accept,accepted,sender_window_hmac,1,0.0151,0.0151,0.0151,0.0151,1,Recorded window-tag generation call.,per-observation exclusive interval; no sum-of-percentiles total
snn32_seed7_forest_anomaly,condition_first_use,post_window_after_refusals,accept,accepted,session_establishment_unisolated,1,0.0,0.0,0.0,0.0,0,"Handshake/request/activation remainder, including unseparated HKDF/confirmation work and observer cost.",per-observation exclusive interval; no sum-of-percentiles total
snn32_seed7_forest_anomaly,condition_first_use,post_window_after_refusals,accept,accepted,simulated_response_read,1,0.0,0.0,0.0,0.0,0,"Modeled response generation, not physical acquisition.",per-observation exclusive interval; no sum-of-percentiles total
snn32_seed7_forest_anomaly,condition_first_use,post_window_recurring,accept,accepted,admission_orchestration_unisolated,1,0.0,0.0,0.0,0.0,0,Admission orchestration remainder not covered by named children.,per-observation exclusive interval; no sum-of-percentiles total
snn32_seed7_forest_anomaly,condition_first_use,post_window_recurring,accept,accepted,anomaly_consumer,1,6.0784,6.0784,6.0784,6.0784,1,Anomaly consumer including feature scaling and frozen-threshold decision.,per-observation exclusive interval; no sum-of-percentiles total
snn32_seed7_forest_anomaly,condition_first_use,post_window_recurring,accept,accepted,binary32_adapter,1,1.507,1.507,1.507,1.507,1,Canonical binary32 input adaptation before sender sealing.,per-observation exclusive interval; no sum-of-percentiles total
snn32_seed7_forest_anomaly,condition_first_use,post_window_recurring,accept,accepted,credential_verification,1,0.0,0.0,0.0,0.0,0,Recorded independent credential-verification call(s).,per-observation exclusive interval; no sum-of-percentiles total
snn32_seed7_forest_anomaly,condition_first_use,post_window_recurring,accept,accepted,in_memory_audit_measured,1,0.1038,0.1038,0.1038,0.1038,1,"Recorded audit record/prepare/commit spans, exclusive of their children; not all audit-related overhead and not durable storage.",per-observation exclusive interval; no sum-of-percentiles total
snn32_seed7_forest_anomaly,condition_first_use,post_window_recurring,accept,accepted,local_admission_checks,1,0.0,0.0,0.0,0.0,0,"Measured local authorization/binding/consumption calls, excluding nested credential verification.",per-observation exclusive interval; no sum-of-percentiles total
snn32_seed7_forest_anomaly,condition_first_use,post_window_recurring,accept,accepted,model_input_preprocessing,1,3.2265,3.2265,3.2265,3.2265,1,Shared model-input preparation; model-specific normalization remains in consumer timing.,per-observation exclusive interval; no sum-of-percentiles total
snn32_seed7_forest_anomaly,condition_first_use,post_window_recurring,accept,accepted,motion_consumer,1,13.4767,13.4767,13.4767,13.4767,1,Motion consumer including normalization/tensor preparation/prediction decoding.,per-observation exclusive interval; no sum-of-percentiles total
snn32_seed7_forest_anomaly,condition_first_use,post_window_recurring,accept,accepted,outer_orchestration_unisolated,1,0.0945,0.0945,0.0945,0.0945,1,Direct root/first-post-window remainder outside named child spans.,per-observation exclusive interval; no sum-of-percentiles total
snn32_seed7_forest_anomaly,condition_first_use,post_window_recurring,accept,accepted,receiver_binding_sequence_state_unisolated,1,0.0892,0.0892,0.0892,0.0892,1,"Verifier remainder including binding, sequence checks, locks/state publication and observer work; NOT isolated sequence latency.",per-observation exclusive interval; no sum-of-percentiles total
snn32_seed7_forest_anomaly,condition_first_use,post_window_recurring,accept,accepted,receiver_parsing,1,1.7187,1.7187,1.7187,1.7187,1,Envelope and binary parser call.,per-observation exclusive interval; no sum-of-percentiles total
snn32_seed7_forest_anomaly,condition_first_use,post_window_recurring,accept,accepted,receiver_quality_check,1,5.7178,5.7178,5.7178,5.7178,1,Verifier quality-check call.,per-observation exclusive interval; no sum-of-percentiles total
snn32_seed7_forest_anomaly,condition_first_use,post_window_recurring,accept,accepted,receiver_window_hmac,1,0.0206,0.0206,0.0206,0.0206,1,"Recorded verifier window-tag calculation, not complete authentication.",per-observation exclusive interval; no sum-of-percentiles total
snn32_seed7_forest_anomaly,condition_first_use,post_window_recurring,accept,accepted,reconstruction,1,0.0,0.0,0.0,0.0,0,Actual recorded BCH reconstruction; includes any observer/GC delay.,per-observation exclusive interval; no sum-of-percentiles total
snn32_seed7_forest_anomaly,condition_first_use,post_window_recurring,accept,accepted,release_conversion_unisolated,1,0.6855,0.6855,0.6855,0.6855,1,Accepted release remainder including conversion/dispatch/observer work outside consumer children.,per-observation exclusive interval; no sum-of-percentiles total
snn32_seed7_forest_anomaly,condition_first_use,post_window_recurring,accept,accepted,sender_binding_unisolated,1,0.151,0.151,0.151,0.151,1,Sender seal remainder: binding/state/orchestration/observer work not separately timed.,per-observation exclusive interval; no sum-of-percentiles total
snn32_seed7_forest_anomaly,condition_first_use,post_window_recurring,accept,accepted,sender_serialization_and_quality,1,5.3079,5.3079,5.3079,5.3079,1,Sender serialization including its quality validation; not separately timed.,per-observation exclusive interval; no sum-of-percentiles total
snn32_seed7_forest_anomaly,condition_first_use,post_window_recurring,accept,accepted,sender_window_hmac,1,0.0418,0.0418,0.0418,0.0418,1,Recorded window-tag generation call.,per-observation exclusive interval; no sum-of-percentiles total
snn32_seed7_forest_anomaly,condition_first_use,post_window_recurring,accept,accepted,session_establishment_unisolated,1,0.0,0.0,0.0,0.0,0,"Handshake/request/activation remainder, including unseparated HKDF/confirmation work and observer cost.",per-observation exclusive interval; no sum-of-percentiles total
snn32_seed7_forest_anomaly,condition_first_use,post_window_recurring,accept,accepted,simulated_response_read,1,0.0,0.0,0.0,0.0,0,"Modeled response generation, not physical acquisition.",per-observation exclusive interval; no sum-of-percentiles total
snn32_seed7_forest_anomaly,condition_first_use,pre_tag_quality_refusal,reject,data_quality_failure,admission_orchestration_unisolated,1,0.0,0.0,0.0,0.0,0,Admission orchestration remainder not covered by named children.,per-observation exclusive interval; no sum-of-percentiles total
snn32_seed7_forest_anomaly,condition_first_use,pre_tag_quality_refusal,reject,data_quality_failure,anomaly_consumer,1,0.0,0.0,0.0,0.0,0,Anomaly consumer including feature scaling and frozen-threshold decision.,per-observation exclusive interval; no sum-of-percentiles total
snn32_seed7_forest_anomaly,condition_first_use,pre_tag_quality_refusal,reject,data_quality_failure,binary32_adapter,1,0.6267,0.6267,0.6267,0.6267,1,Canonical binary32 input adaptation before sender sealing.,per-observation exclusive interval; no sum-of-percentiles total
snn32_seed7_forest_anomaly,condition_first_use,pre_tag_quality_refusal,reject,data_quality_failure,credential_verification,1,0.0,0.0,0.0,0.0,0,Recorded independent credential-verification call(s).,per-observation exclusive interval; no sum-of-percentiles total
snn32_seed7_forest_anomaly,condition_first_use,pre_tag_quality_refusal,reject,data_quality_failure,in_memory_audit_measured,1,0.0296,0.0296,0.0296,0.0296,1,"Recorded audit record/prepare/commit spans, exclusive of their children; not all audit-related overhead and not durable storage.",per-observation exclusive interval; no sum-of-percentiles total
snn32_seed7_forest_anomaly,condition_first_use,pre_tag_quality_refusal,reject,data_quality_failure,local_admission_checks,1,0.0,0.0,0.0,0.0,0,"Measured local authorization/binding/consumption calls, excluding nested credential verification.",per-observation exclusive interval; no sum-of-percentiles total
snn32_seed7_forest_anomaly,condition_first_use,pre_tag_quality_refusal,reject,data_quality_failure,model_input_preprocessing,1,0.0,0.0,0.0,0.0,0,Shared model-input preparation; model-specific normalization remains in consumer timing.,per-observation exclusive interval; no sum-of-percentiles total
snn32_seed7_forest_anomaly,condition_first_use,pre_tag_quality_refusal,reject,data_quality_failure,motion_consumer,1,0.0,0.0,0.0,0.0,0,Motion consumer including normalization/tensor preparation/prediction decoding.,per-observation exclusive interval; no sum-of-percentiles total
snn32_seed7_forest_anomaly,condition_first_use,pre_tag_quality_refusal,reject,data_quality_failure,outer_orchestration_unisolated,1,0.0285,0.0285,0.0285,0.0285,1,Direct root/first-post-window remainder outside named child spans.,per-observation exclusive interval; no sum-of-percentiles total
snn32_seed7_forest_anomaly,condition_first_use,pre_tag_quality_refusal,reject,data_quality_failure,receiver_binding_sequence_state_unisolated,1,0.0,0.0,0.0,0.0,0,"Verifier remainder including binding, sequence checks, locks/state publication and observer work; NOT isolated sequence latency.",per-observation exclusive interval; no sum-of-percentiles total
snn32_seed7_forest_anomaly,condition_first_use,pre_tag_quality_refusal,reject,data_quality_failure,receiver_parsing,1,0.0,0.0,0.0,0.0,0,Envelope and binary parser call.,per-observation exclusive interval; no sum-of-percentiles total
snn32_seed7_forest_anomaly,condition_first_use,pre_tag_quality_refusal,reject,data_quality_failure,receiver_quality_check,1,0.0,0.0,0.0,0.0,0,Verifier quality-check call.,per-observation exclusive interval; no sum-of-percentiles total
snn32_seed7_forest_anomaly,condition_first_use,pre_tag_quality_refusal,reject,data_quality_failure,receiver_window_hmac,1,0.0,0.0,0.0,0.0,0,"Recorded verifier window-tag calculation, not complete authentication.",per-observation exclusive interval; no sum-of-percentiles total
snn32_seed7_forest_anomaly,condition_first_use,pre_tag_quality_refusal,reject,data_quality_failure,reconstruction,1,0.0,0.0,0.0,0.0,0,Actual recorded BCH reconstruction; includes any observer/GC delay.,per-observation exclusive interval; no sum-of-percentiles total
snn32_seed7_forest_anomaly,condition_first_use,pre_tag_quality_refusal,reject,data_quality_failure,release_conversion_unisolated,1,0.0,0.0,0.0,0.0,0,Accepted release remainder including conversion/dispatch/observer work outside consumer children.,per-observation exclusive interval; no sum-of-percentiles total
snn32_seed7_forest_anomaly,condition_first_use,pre_tag_quality_refusal,reject,data_quality_failure,sender_binding_unisolated,1,0.0428,0.0428,0.0428,0.0428,1,Sender seal remainder: binding/state/orchestration/observer work not separately timed.,per-observation exclusive interval; no sum-of-percentiles total
snn32_seed7_forest_anomaly,condition_first_use,pre_tag_quality_refusal,reject,data_quality_failure,sender_serialization_and_quality,1,0.3003,0.3003,0.3003,0.3003,1,Sender serialization including its quality validation; not separately timed.,per-observation exclusive interval; no sum-of-percentiles total
snn32_seed7_forest_anomaly,condition_first_use,pre_tag_quality_refusal,reject,data_quality_failure,sender_window_hmac,1,0.0,0.0,0.0,0.0,0,Recorded window-tag generation call.,per-observation exclusive interval; no sum-of-percentiles total
snn32_seed7_forest_anomaly,condition_first_use,pre_tag_quality_refusal,reject,data_quality_failure,session_establishment_unisolated,1,0.0,0.0,0.0,0.0,0,"Handshake/request/activation remainder, including unseparated HKDF/confirmation work and observer cost.",per-observation exclusive interval; no sum-of-percentiles total
snn32_seed7_forest_anomaly,condition_first_use,pre_tag_quality_refusal,reject,data_quality_failure,simulated_response_read,1,0.0,0.0,0.0,0.0,0,"Modeled response generation, not physical acquisition.",per-observation exclusive interval; no sum-of-percentiles total
snn32_seed7_forest_anomaly,condition_first_use,valid_receiver_after_bad_tag,accept,accepted,admission_orchestration_unisolated,1,0.0,0.0,0.0,0.0,0,Admission orchestration remainder not covered by named children.,per-observation exclusive interval; no sum-of-percentiles total
snn32_seed7_forest_anomaly,condition_first_use,valid_receiver_after_bad_tag,accept,accepted,anomaly_consumer,1,5.6578,5.6578,5.6578,5.6578,1,Anomaly consumer including feature scaling and frozen-threshold decision.,per-observation exclusive interval; no sum-of-percentiles total
snn32_seed7_forest_anomaly,condition_first_use,valid_receiver_after_bad_tag,accept,accepted,binary32_adapter,1,0.0,0.0,0.0,0.0,0,Canonical binary32 input adaptation before sender sealing.,per-observation exclusive interval; no sum-of-percentiles total
snn32_seed7_forest_anomaly,condition_first_use,valid_receiver_after_bad_tag,accept,accepted,credential_verification,1,0.0,0.0,0.0,0.0,0,Recorded independent credential-verification call(s).,per-observation exclusive interval; no sum-of-percentiles total
snn32_seed7_forest_anomaly,condition_first_use,valid_receiver_after_bad_tag,accept,accepted,in_memory_audit_measured,1,0.0591,0.0591,0.0591,0.0591,1,"Recorded audit record/prepare/commit spans, exclusive of their children; not all audit-related overhead and not durable storage.",per-observation exclusive interval; no sum-of-percentiles total
snn32_seed7_forest_anomaly,condition_first_use,valid_receiver_after_bad_tag,accept,accepted,local_admission_checks,1,0.0,0.0,0.0,0.0,0,"Measured local authorization/binding/consumption calls, excluding nested credential verification.",per-observation exclusive interval; no sum-of-percentiles total
snn32_seed7_forest_anomaly,condition_first_use,valid_receiver_after_bad_tag,accept,accepted,model_input_preprocessing,1,4.7687,4.7687,4.7687,4.7687,1,Shared model-input preparation; model-specific normalization remains in consumer timing.,per-observation exclusive interval; no sum-of-percentiles total
snn32_seed7_forest_anomaly,condition_first_use,valid_receiver_after_bad_tag,accept,accepted,motion_consumer,1,13.487,13.487,13.487,13.487,1,Motion consumer including normalization/tensor preparation/prediction decoding.,per-observation exclusive interval; no sum-of-percentiles total
snn32_seed7_forest_anomaly,condition_first_use,valid_receiver_after_bad_tag,accept,accepted,outer_orchestration_unisolated,1,0.021,0.021,0.021,0.021,1,Direct root/first-post-window remainder outside named child spans.,per-observation exclusive interval; no sum-of-percentiles total
snn32_seed7_forest_anomaly,condition_first_use,valid_receiver_after_bad_tag,accept,accepted,receiver_binding_sequence_state_unisolated,1,0.1059,0.1059,0.1059,0.1059,1,"Verifier remainder including binding, sequence checks, locks/state publication and observer work; NOT isolated sequence latency.",per-observation exclusive interval; no sum-of-percentiles total
snn32_seed7_forest_anomaly,condition_first_use,valid_receiver_after_bad_tag,accept,accepted,receiver_parsing,1,1.6002,1.6002,1.6002,1.6002,1,Envelope and binary parser call.,per-observation exclusive interval; no sum-of-percentiles total
snn32_seed7_forest_anomaly,condition_first_use,valid_receiver_after_bad_tag,accept,accepted,receiver_quality_check,1,5.6713,5.6713,5.6713,5.6713,1,Verifier quality-check call.,per-observation exclusive interval; no sum-of-percentiles total
snn32_seed7_forest_anomaly,condition_first_use,valid_receiver_after_bad_tag,accept,accepted,receiver_window_hmac,1,0.0178,0.0178,0.0178,0.0178,1,"Recorded verifier window-tag calculation, not complete authentication.",per-observation exclusive interval; no sum-of-percentiles total
snn32_seed7_forest_anomaly,condition_first_use,valid_receiver_after_bad_tag,accept,accepted,reconstruction,1,0.0,0.0,0.0,0.0,0,Actual recorded BCH reconstruction; includes any observer/GC delay.,per-observation exclusive interval; no sum-of-percentiles total
snn32_seed7_forest_anomaly,condition_first_use,valid_receiver_after_bad_tag,accept,accepted,release_conversion_unisolated,1,0.5911,0.5911,0.5911,0.5911,1,Accepted release remainder including conversion/dispatch/observer work outside consumer children.,per-observation exclusive interval; no sum-of-percentiles total
snn32_seed7_forest_anomaly,condition_first_use,valid_receiver_after_bad_tag,accept,accepted,sender_binding_unisolated,1,0.0,0.0,0.0,0.0,0,Sender seal remainder: binding/state/orchestration/observer work not separately timed.,per-observation exclusive interval; no sum-of-percentiles total
snn32_seed7_forest_anomaly,condition_first_use,valid_receiver_after_bad_tag,accept,accepted,sender_serialization_and_quality,1,0.0,0.0,0.0,0.0,0,Sender serialization including its quality validation; not separately timed.,per-observation exclusive interval; no sum-of-percentiles total
snn32_seed7_forest_anomaly,condition_first_use,valid_receiver_after_bad_tag,accept,accepted,sender_window_hmac,1,0.0,0.0,0.0,0.0,0,Recorded window-tag generation call.,per-observation exclusive interval; no sum-of-percentiles total
snn32_seed7_forest_anomaly,condition_first_use,valid_receiver_after_bad_tag,accept,accepted,session_establishment_unisolated,1,0.0,0.0,0.0,0.0,0,"Handshake/request/activation remainder, including unseparated HKDF/confirmation work and observer cost.",per-observation exclusive interval; no sum-of-percentiles total
snn32_seed7_forest_anomaly,condition_first_use,valid_receiver_after_bad_tag,accept,accepted,simulated_response_read,1,0.0,0.0,0.0,0.0,0,"Modeled response generation, not physical acquisition.",per-observation exclusive interval; no sum-of-percentiles total
snn32_seed7_forest_anomaly,measured,bad_tag_receiver,reject,invalid_tag,admission_orchestration_unisolated,599,0.0,0.0,0.0,0.0,0,Admission orchestration remainder not covered by named children.,per-observation exclusive interval; no sum-of-percentiles total
snn32_seed7_forest_anomaly,measured,bad_tag_receiver,reject,invalid_tag,anomaly_consumer,599,0.0,0.0,0.0,0.0,0,Anomaly consumer including feature scaling and frozen-threshold decision.,per-observation exclusive interval; no sum-of-percentiles total
snn32_seed7_forest_anomaly,measured,bad_tag_receiver,reject,invalid_tag,binary32_adapter,599,0.0,0.0,0.0,0.0,0,Canonical binary32 input adaptation before sender sealing.,per-observation exclusive interval; no sum-of-percentiles total
snn32_seed7_forest_anomaly,measured,bad_tag_receiver,reject,invalid_tag,credential_verification,599,0.0,0.0,0.0,0.0,0,Recorded independent credential-verification call(s).,per-observation exclusive interval; no sum-of-percentiles total
snn32_seed7_forest_anomaly,measured,bad_tag_receiver,reject,invalid_tag,in_memory_audit_measured,599,0.0462,0.05801,0.066006,0.1411,599,"Recorded audit record/prepare/commit spans, exclusive of their children; not all audit-related overhead and not durable storage.",per-observation exclusive interval; no sum-of-percentiles total
snn32_seed7_forest_anomaly,measured,bad_tag_receiver,reject,invalid_tag,local_admission_checks,599,0.0,0.0,0.0,0.0,0,"Measured local authorization/binding/consumption calls, excluding nested credential verification.",per-observation exclusive interval; no sum-of-percentiles total
snn32_seed7_forest_anomaly,measured,bad_tag_receiver,reject,invalid_tag,model_input_preprocessing,599,0.0,0.0,0.0,0.0,0,Shared model-input preparation; model-specific normalization remains in consumer timing.,per-observation exclusive interval; no sum-of-percentiles total
snn32_seed7_forest_anomaly,measured,bad_tag_receiver,reject,invalid_tag,motion_consumer,599,0.0,0.0,0.0,0.0,0,Motion consumer including normalization/tensor preparation/prediction decoding.,per-observation exclusive interval; no sum-of-percentiles total
snn32_seed7_forest_anomaly,measured,bad_tag_receiver,reject,invalid_tag,outer_orchestration_unisolated,599,0.014,0.018520000000000005,0.022805999999999993,0.052,599,Direct root/first-post-window remainder outside named child spans.,per-observation exclusive interval; no sum-of-percentiles total
snn32_seed7_forest_anomaly,measured,bad_tag_receiver,reject,invalid_tag,receiver_binding_sequence_state_unisolated,599,0.11,0.14532,0.17946999999999977,0.2044,599,"Verifier remainder including binding, sequence checks, locks/state publication and observer work; NOT isolated sequence latency.",per-observation exclusive interval; no sum-of-percentiles total
snn32_seed7_forest_anomaly,measured,bad_tag_receiver,reject,invalid_tag,receiver_parsing,599,1.6668,1.77098,1.796062,2.198,599,Envelope and binary parser call.,per-observation exclusive interval; no sum-of-percentiles total
snn32_seed7_forest_anomaly,measured,bad_tag_receiver,reject,invalid_tag,receiver_quality_check,599,0.0,0.0,0.0,0.0,0,Verifier quality-check call.,per-observation exclusive interval; no sum-of-percentiles total
snn32_seed7_forest_anomaly,measured,bad_tag_receiver,reject,invalid_tag,receiver_window_hmac,599,0.0209,0.0299,0.036611999999999985,0.0668,599,"Recorded verifier window-tag calculation, not complete authentication.",per-observation exclusive interval; no sum-of-percentiles total
snn32_seed7_forest_anomaly,measured,bad_tag_receiver,reject,invalid_tag,reconstruction,599,0.0,0.0,0.0,0.0,0,Actual recorded BCH reconstruction; includes any observer/GC delay.,per-observation exclusive interval; no sum-of-percentiles total
snn32_seed7_forest_anomaly,measured,bad_tag_receiver,reject,invalid_tag,release_conversion_unisolated,599,0.0,0.0,0.0,0.0,0,Accepted release remainder including conversion/dispatch/observer work outside consumer children.,per-observation exclusive interval; no sum-of-percentiles total
snn32_seed7_forest_anomaly,measured,bad_tag_receiver,reject,invalid_tag,sender_binding_unisolated,599,0.0,0.0,0.0,0.0,0,Sender seal remainder: binding/state/orchestration/observer work not separately timed.,per-observation exclusive interval; no sum-of-percentiles total
snn32_seed7_forest_anomaly,measured,bad_tag_receiver,reject,invalid_tag,sender_serialization_and_quality,599,0.0,0.0,0.0,0.0,0,Sender serialization including its quality validation; not separately timed.,per-observation exclusive interval; no sum-of-percentiles total
snn32_seed7_forest_anomaly,measured,bad_tag_receiver,reject,invalid_tag,sender_window_hmac,599,0.0,0.0,0.0,0.0,0,Recorded window-tag generation call.,per-observation exclusive interval; no sum-of-percentiles total
snn32_seed7_forest_anomaly,measured,bad_tag_receiver,reject,invalid_tag,session_establishment_unisolated,599,0.0,0.0,0.0,0.0,0,"Handshake/request/activation remainder, including unseparated HKDF/confirmation work and observer cost.",per-observation exclusive interval; no sum-of-percentiles total
snn32_seed7_forest_anomaly,measured,bad_tag_receiver,reject,invalid_tag,simulated_response_read,599,0.0,0.0,0.0,0.0,0,"Modeled response generation, not physical acquisition.",per-observation exclusive interval; no sum-of-percentiles total
snn32_seed7_forest_anomaly,measured,exact_replay_receiver,reject,duplicate_sequence,admission_orchestration_unisolated,599,0.0,0.0,0.0,0.0,0,Admission orchestration remainder not covered by named children.,per-observation exclusive interval; no sum-of-percentiles total
snn32_seed7_forest_anomaly,measured,exact_replay_receiver,reject,duplicate_sequence,anomaly_consumer,599,0.0,0.0,0.0,0.0,0,Anomaly consumer including feature scaling and frozen-threshold decision.,per-observation exclusive interval; no sum-of-percentiles total
snn32_seed7_forest_anomaly,measured,exact_replay_receiver,reject,duplicate_sequence,binary32_adapter,599,0.0,0.0,0.0,0.0,0,Canonical binary32 input adaptation before sender sealing.,per-observation exclusive interval; no sum-of-percentiles total
snn32_seed7_forest_anomaly,measured,exact_replay_receiver,reject,duplicate_sequence,credential_verification,599,0.0,0.0,0.0,0.0,0,Recorded independent credential-verification call(s).,per-observation exclusive interval; no sum-of-percentiles total
snn32_seed7_forest_anomaly,measured,exact_replay_receiver,reject,duplicate_sequence,in_memory_audit_measured,599,0.065,0.0843,0.09551599999999999,0.1078,599,"Recorded audit record/prepare/commit spans, exclusive of their children; not all audit-related overhead and not durable storage.",per-observation exclusive interval; no sum-of-percentiles total
snn32_seed7_forest_anomaly,measured,exact_replay_receiver,reject,duplicate_sequence,local_admission_checks,599,0.0,0.0,0.0,0.0,0,"Measured local authorization/binding/consumption calls, excluding nested credential verification.",per-observation exclusive interval; no sum-of-percentiles total
snn32_seed7_forest_anomaly,measured,exact_replay_receiver,reject,duplicate_sequence,model_input_preprocessing,599,0.0,0.0,0.0,0.0,0,Shared model-input preparation; model-specific normalization remains in consumer timing.,per-observation exclusive interval; no sum-of-percentiles total
snn32_seed7_forest_anomaly,measured,exact_replay_receiver,reject,duplicate_sequence,motion_consumer,599,0.0,0.0,0.0,0.0,0,Motion consumer including normalization/tensor preparation/prediction decoding.,per-observation exclusive interval; no sum-of-percentiles total
snn32_seed7_forest_anomaly,measured,exact_replay_receiver,reject,duplicate_sequence,outer_orchestration_unisolated,599,0.0128,0.0173,0.023807999999999992,0.0272,599,Direct root/first-post-window remainder outside named child spans.,per-observation exclusive interval; no sum-of-percentiles total
snn32_seed7_forest_anomaly,measured,exact_replay_receiver,reject,duplicate_sequence,receiver_binding_sequence_state_unisolated,599,0.1432,0.21248000000000003,0.2439299999999999,0.3339,599,"Verifier remainder including binding, sequence checks, locks/state publication and observer work; NOT isolated sequence latency.",per-observation exclusive interval; no sum-of-percentiles total
snn32_seed7_forest_anomaly,measured,exact_replay_receiver,reject,duplicate_sequence,receiver_parsing,599,1.9634,5.012090000000005,6.748891999999997,274.8629,599,Envelope and binary parser call.,per-observation exclusive interval; no sum-of-percentiles total
snn32_seed7_forest_anomaly,measured,exact_replay_receiver,reject,duplicate_sequence,receiver_quality_check,599,5.0907,5.44852,5.574251999999998,7.4224,599,Verifier quality-check call.,per-observation exclusive interval; no sum-of-percentiles total
snn32_seed7_forest_anomaly,measured,exact_replay_receiver,reject,duplicate_sequence,receiver_window_hmac,599,0.0282,0.04181,0.05266999999999993,0.1282,599,"Recorded verifier window-tag calculation, not complete authentication.",per-observation exclusive interval; no sum-of-percentiles total
snn32_seed7_forest_anomaly,measured,exact_replay_receiver,reject,duplicate_sequence,reconstruction,599,0.0,0.0,0.0,0.0,0,Actual recorded BCH reconstruction; includes any observer/GC delay.,per-observation exclusive interval; no sum-of-percentiles total
snn32_seed7_forest_anomaly,measured,exact_replay_receiver,reject,duplicate_sequence,release_conversion_unisolated,599,0.0,0.0,0.0,0.0,0,Accepted release remainder including conversion/dispatch/observer work outside consumer children.,per-observation exclusive interval; no sum-of-percentiles total
snn32_seed7_forest_anomaly,measured,exact_replay_receiver,reject,duplicate_sequence,sender_binding_unisolated,599,0.0,0.0,0.0,0.0,0,Sender seal remainder: binding/state/orchestration/observer work not separately timed.,per-observation exclusive interval; no sum-of-percentiles total
snn32_seed7_forest_anomaly,measured,exact_replay_receiver,reject,duplicate_sequence,sender_serialization_and_quality,599,0.0,0.0,0.0,0.0,0,Sender serialization including its quality validation; not separately timed.,per-observation exclusive interval; no sum-of-percentiles total
snn32_seed7_forest_anomaly,measured,exact_replay_receiver,reject,duplicate_sequence,sender_window_hmac,599,0.0,0.0,0.0,0.0,0,Recorded window-tag generation call.,per-observation exclusive interval; no sum-of-percentiles total
snn32_seed7_forest_anomaly,measured,exact_replay_receiver,reject,duplicate_sequence,session_establishment_unisolated,599,0.0,0.0,0.0,0.0,0,"Handshake/request/activation remainder, including unseparated HKDF/confirmation work and observer cost.",per-observation exclusive interval; no sum-of-percentiles total
snn32_seed7_forest_anomaly,measured,exact_replay_receiver,reject,duplicate_sequence,simulated_response_read,599,0.0,0.0,0.0,0.0,0,"Modeled response generation, not physical acquisition.",per-observation exclusive interval; no sum-of-percentiles total
snn32_seed7_forest_anomaly,measured,fresh_to_first_window,accept,accepted,admission_orchestration_unisolated,599,0.0594,0.07334000000000002,0.07893999999999997,0.0938,599,Admission orchestration remainder not covered by named children.,per-observation exclusive interval; no sum-of-percentiles total
snn32_seed7_forest_anomaly,measured,fresh_to_first_window,accept,accepted,anomaly_consumer,599,8.4667,8.97452,9.260488,9.6357,599,Anomaly consumer including feature scaling and frozen-threshold decision.,per-observation exclusive interval; no sum-of-percentiles total
snn32_seed7_forest_anomaly,measured,fresh_to_first_window,accept,accepted,binary32_adapter,599,1.3568,1.47571,1.527808,1.6262,599,Canonical binary32 input adaptation before sender sealing.,per-observation exclusive interval; no sum-of-percentiles total
snn32_seed7_forest_anomaly,measured,fresh_to_first_window,accept,accepted,credential_verification,599,0.0633,0.07944000000000001,0.09334599999999996,0.1039,599,Recorded independent credential-verification call(s).,per-observation exclusive interval; no sum-of-percentiles total
snn32_seed7_forest_anomaly,measured,fresh_to_first_window,accept,accepted,in_memory_audit_measured,599,0.2593,0.31615000000000004,0.3509419999999999,0.389,599,"Recorded audit record/prepare/commit spans, exclusive of their children; not all audit-related overhead and not durable storage.",per-observation exclusive interval; no sum-of-percentiles total
snn32_seed7_forest_anomaly,measured,fresh_to_first_window,accept,accepted,local_admission_checks,599,0.0818,0.09252,0.09836199999999994,0.1126,599,"Measured local authorization/binding/consumption calls, excluding nested credential verification.",per-observation exclusive interval; no sum-of-percentiles total
snn32_seed7_forest_anomaly,measured,fresh_to_first_window,accept,accepted,model_input_preprocessing,599,4.8734,5.25995,5.379595999999999,6.2314,599,Shared model-input preparation; model-specific normalization remains in consumer timing.,per-observation exclusive interval; no sum-of-percentiles total
snn32_seed7_forest_anomaly,measured,fresh_to_first_window,accept,accepted,motion_consumer,599,17.8225,19.25909,19.911011999999996,23.1422,599,Motion consumer including normalization/tensor preparation/prediction decoding.,per-observation exclusive interval; no sum-of-percentiles total
snn32_seed7_forest_anomaly,measured,fresh_to_first_window,accept,accepted,outer_orchestration_unisolated,599,0.1802,0.26023,0.30828799999999995,0.3439,599,Direct root/first-post-window remainder outside named child spans.,per-observation exclusive interval; no sum-of-percentiles total
snn32_seed7_forest_anomaly,measured,fresh_to_first_window,accept,accepted,receiver_binding_sequence_state_unisolated,599,0.1133,0.14785,0.16784399999999988,0.1994,599,"Verifier remainder including binding, sequence checks, locks/state publication and observer work; NOT isolated sequence latency.",per-observation exclusive interval; no sum-of-percentiles total
snn32_seed7_forest_anomaly,measured,fresh_to_first_window,accept,accepted,receiver_parsing,599,2.1279,5.79994,7.321485999999998,321.6861,599,Envelope and binary parser call.,per-observation exclusive interval; no sum-of-percentiles total
snn32_seed7_forest_anomaly,measured,fresh_to_first_window,accept,accepted,receiver_quality_check,599,5.4274,5.7324,5.873566,6.2663,599,Verifier quality-check call.,per-observation exclusive interval; no sum-of-percentiles total
snn32_seed7_forest_anomaly,measured,fresh_to_first_window,accept,accepted,receiver_window_hmac,599,0.0233,0.03302000000000001,0.044417999999999985,0.0775,599,"Recorded verifier window-tag calculation, not complete authentication.",per-observation exclusive interval; no sum-of-percentiles total
snn32_seed7_forest_anomaly,measured,fresh_to_first_window,accept,accepted,reconstruction,599,7.2211,7.90453,8.512992,58.6048,599,Actual recorded BCH reconstruction; includes any observer/GC delay.,per-observation exclusive interval; no sum-of-percentiles total
snn32_seed7_forest_anomaly,measured,fresh_to_first_window,accept,accepted,release_conversion_unisolated,599,0.7303,0.8901600000000001,0.9499359999999999,1.375,599,Accepted release remainder including conversion/dispatch/observer work outside consumer children.,per-observation exclusive interval; no sum-of-percentiles total
snn32_seed7_forest_anomaly,measured,fresh_to_first_window,accept,accepted,sender_binding_unisolated,599,0.1667,0.21163,0.24941799999999997,0.2644,599,Sender seal remainder: binding/state/orchestration/observer work not separately timed.,per-observation exclusive interval; no sum-of-percentiles total
snn32_seed7_forest_anomaly,measured,fresh_to_first_window,accept,accepted,sender_serialization_and_quality,599,5.985,6.25739,6.450468,10.0112,599,Sender serialization including its quality validation; not separately timed.,per-observation exclusive interval; no sum-of-percentiles total
snn32_seed7_forest_anomaly,measured,fresh_to_first_window,accept,accepted,sender_window_hmac,599,0.0243,0.03961,0.04840799999999999,0.0703,599,Recorded window-tag generation call.,per-observation exclusive interval; no sum-of-percentiles total
snn32_seed7_forest_anomaly,measured,fresh_to_first_window,accept,accepted,session_establishment_unisolated,599,0.5275,0.59643,0.6525199999999999,0.7359,599,"Handshake/request/activation remainder, including unseparated HKDF/confirmation work and observer cost.",per-observation exclusive interval; no sum-of-percentiles total
snn32_seed7_forest_anomaly,measured,fresh_to_first_window,accept,accepted,simulated_response_read,599,0.194,0.24517000000000003,0.262716,0.5105,599,"Modeled response generation, not physical acquisition.",per-observation exclusive interval; no sum-of-percentiles total
snn32_seed7_forest_anomaly,measured,fresh_to_first_window,reject,failed_reconstruction,admission_orchestration_unisolated,1,0.0349,0.0349,0.0349,0.0349,1,Admission orchestration remainder not covered by named children.,per-observation exclusive interval; no sum-of-percentiles total
snn32_seed7_forest_anomaly,measured,fresh_to_first_window,reject,failed_reconstruction,anomaly_consumer,1,0.0,0.0,0.0,0.0,0,Anomaly consumer including feature scaling and frozen-threshold decision.,per-observation exclusive interval; no sum-of-percentiles total
snn32_seed7_forest_anomaly,measured,fresh_to_first_window,reject,failed_reconstruction,binary32_adapter,1,0.0,0.0,0.0,0.0,0,Canonical binary32 input adaptation before sender sealing.,per-observation exclusive interval; no sum-of-percentiles total
snn32_seed7_forest_anomaly,measured,fresh_to_first_window,reject,failed_reconstruction,credential_verification,1,0.0,0.0,0.0,0.0,0,Recorded independent credential-verification call(s).,per-observation exclusive interval; no sum-of-percentiles total
snn32_seed7_forest_anomaly,measured,fresh_to_first_window,reject,failed_reconstruction,in_memory_audit_measured,1,0.0609,0.0609,0.0609,0.0609,1,"Recorded audit record/prepare/commit spans, exclusive of their children; not all audit-related overhead and not durable storage.",per-observation exclusive interval; no sum-of-percentiles total
snn32_seed7_forest_anomaly,measured,fresh_to_first_window,reject,failed_reconstruction,local_admission_checks,1,0.0,0.0,0.0,0.0,0,"Measured local authorization/binding/consumption calls, excluding nested credential verification.",per-observation exclusive interval; no sum-of-percentiles total
snn32_seed7_forest_anomaly,measured,fresh_to_first_window,reject,failed_reconstruction,model_input_preprocessing,1,0.0,0.0,0.0,0.0,0,Shared model-input preparation; model-specific normalization remains in consumer timing.,per-observation exclusive interval; no sum-of-percentiles total
snn32_seed7_forest_anomaly,measured,fresh_to_first_window,reject,failed_reconstruction,motion_consumer,1,0.0,0.0,0.0,0.0,0,Motion consumer including normalization/tensor preparation/prediction decoding.,per-observation exclusive interval; no sum-of-percentiles total
snn32_seed7_forest_anomaly,measured,fresh_to_first_window,reject,failed_reconstruction,outer_orchestration_unisolated,1,0.0146,0.0146,0.0146,0.0146,1,Direct root/first-post-window remainder outside named child spans.,per-observation exclusive interval; no sum-of-percentiles total
snn32_seed7_forest_anomaly,measured,fresh_to_first_window,reject,failed_reconstruction,receiver_binding_sequence_state_unisolated,1,0.0,0.0,0.0,0.0,0,"Verifier remainder including binding, sequence checks, locks/state publication and observer work; NOT isolated sequence latency.",per-observation exclusive interval; no sum-of-percentiles total
snn32_seed7_forest_anomaly,measured,fresh_to_first_window,reject,failed_reconstruction,receiver_parsing,1,0.0,0.0,0.0,0.0,0,Envelope and binary parser call.,per-observation exclusive interval; no sum-of-percentiles total
snn32_seed7_forest_anomaly,measured,fresh_to_first_window,reject,failed_reconstruction,receiver_quality_check,1,0.0,0.0,0.0,0.0,0,Verifier quality-check call.,per-observation exclusive interval; no sum-of-percentiles total
snn32_seed7_forest_anomaly,measured,fresh_to_first_window,reject,failed_reconstruction,receiver_window_hmac,1,0.0,0.0,0.0,0.0,0,"Recorded verifier window-tag calculation, not complete authentication.",per-observation exclusive interval; no sum-of-percentiles total
snn32_seed7_forest_anomaly,measured,fresh_to_first_window,reject,failed_reconstruction,reconstruction,1,6.9213,6.9213,6.9213,6.9213,1,Actual recorded BCH reconstruction; includes any observer/GC delay.,per-observation exclusive interval; no sum-of-percentiles total
snn32_seed7_forest_anomaly,measured,fresh_to_first_window,reject,failed_reconstruction,release_conversion_unisolated,1,0.0,0.0,0.0,0.0,0,Accepted release remainder including conversion/dispatch/observer work outside consumer children.,per-observation exclusive interval; no sum-of-percentiles total
snn32_seed7_forest_anomaly,measured,fresh_to_first_window,reject,failed_reconstruction,sender_binding_unisolated,1,0.0,0.0,0.0,0.0,0,Sender seal remainder: binding/state/orchestration/observer work not separately timed.,per-observation exclusive interval; no sum-of-percentiles total
snn32_seed7_forest_anomaly,measured,fresh_to_first_window,reject,failed_reconstruction,sender_serialization_and_quality,1,0.0,0.0,0.0,0.0,0,Sender serialization including its quality validation; not separately timed.,per-observation exclusive interval; no sum-of-percentiles total
snn32_seed7_forest_anomaly,measured,fresh_to_first_window,reject,failed_reconstruction,sender_window_hmac,1,0.0,0.0,0.0,0.0,0,Recorded window-tag generation call.,per-observation exclusive interval; no sum-of-percentiles total
snn32_seed7_forest_anomaly,measured,fresh_to_first_window,reject,failed_reconstruction,session_establishment_unisolated,1,0.0845,0.0845,0.0845,0.0845,1,"Handshake/request/activation remainder, including unseparated HKDF/confirmation work and observer cost.",per-observation exclusive interval; no sum-of-percentiles total
snn32_seed7_forest_anomaly,measured,fresh_to_first_window,reject,failed_reconstruction,simulated_response_read,1,0.1872,0.1872,0.1872,0.1872,1,"Modeled response generation, not physical acquisition.",per-observation exclusive interval; no sum-of-percentiles total
snn32_seed7_forest_anomaly,measured,malformed_json_receiver,reject,malformed_message,admission_orchestration_unisolated,599,0.0,0.0,0.0,0.0,0,Admission orchestration remainder not covered by named children.,per-observation exclusive interval; no sum-of-percentiles total
snn32_seed7_forest_anomaly,measured,malformed_json_receiver,reject,malformed_message,anomaly_consumer,599,0.0,0.0,0.0,0.0,0,Anomaly consumer including feature scaling and frozen-threshold decision.,per-observation exclusive interval; no sum-of-percentiles total
snn32_seed7_forest_anomaly,measured,malformed_json_receiver,reject,malformed_message,binary32_adapter,599,0.0,0.0,0.0,0.0,0,Canonical binary32 input adaptation before sender sealing.,per-observation exclusive interval; no sum-of-percentiles total
snn32_seed7_forest_anomaly,measured,malformed_json_receiver,reject,malformed_message,credential_verification,599,0.0,0.0,0.0,0.0,0,Recorded independent credential-verification call(s).,per-observation exclusive interval; no sum-of-percentiles total
snn32_seed7_forest_anomaly,measured,malformed_json_receiver,reject,malformed_message,in_memory_audit_measured,599,0.0547,0.0719,0.08502799999999996,0.1049,599,"Recorded audit record/prepare/commit spans, exclusive of their children; not all audit-related overhead and not durable storage.",per-observation exclusive interval; no sum-of-percentiles total
snn32_seed7_forest_anomaly,measured,malformed_json_receiver,reject,malformed_message,local_admission_checks,599,0.0,0.0,0.0,0.0,0,"Measured local authorization/binding/consumption calls, excluding nested credential verification.",per-observation exclusive interval; no sum-of-percentiles total
snn32_seed7_forest_anomaly,measured,malformed_json_receiver,reject,malformed_message,model_input_preprocessing,599,0.0,0.0,0.0,0.0,0,Shared model-input preparation; model-specific normalization remains in consumer timing.,per-observation exclusive interval; no sum-of-percentiles total
snn32_seed7_forest_anomaly,measured,malformed_json_receiver,reject,malformed_message,motion_consumer,599,0.0,0.0,0.0,0.0,0,Motion consumer including normalization/tensor preparation/prediction decoding.,per-observation exclusive interval; no sum-of-percentiles total
snn32_seed7_forest_anomaly,measured,malformed_json_receiver,reject,malformed_message,outer_orchestration_unisolated,599,0.0092,0.0119,0.014603999999999997,0.0181,599,Direct root/first-post-window remainder outside named child spans.,per-observation exclusive interval; no sum-of-percentiles total
snn32_seed7_forest_anomaly,measured,malformed_json_receiver,reject,malformed_message,receiver_binding_sequence_state_unisolated,599,0.0488,0.05975000000000001,0.070802,0.0847,599,"Verifier remainder including binding, sequence checks, locks/state publication and observer work; NOT isolated sequence latency.",per-observation exclusive interval; no sum-of-percentiles total
snn32_seed7_forest_anomaly,measured,malformed_json_receiver,reject,malformed_message,receiver_parsing,599,0.0365,0.04741,0.05411399999999999,0.0615,599,Envelope and binary parser call.,per-observation exclusive interval; no sum-of-percentiles total
snn32_seed7_forest_anomaly,measured,malformed_json_receiver,reject,malformed_message,receiver_quality_check,599,0.0,0.0,0.0,0.0,0,Verifier quality-check call.,per-observation exclusive interval; no sum-of-percentiles total
snn32_seed7_forest_anomaly,measured,malformed_json_receiver,reject,malformed_message,receiver_window_hmac,599,0.0,0.0,0.0,0.0,0,"Recorded verifier window-tag calculation, not complete authentication.",per-observation exclusive interval; no sum-of-percentiles total
snn32_seed7_forest_anomaly,measured,malformed_json_receiver,reject,malformed_message,reconstruction,599,0.0,0.0,0.0,0.0,0,Actual recorded BCH reconstruction; includes any observer/GC delay.,per-observation exclusive interval; no sum-of-percentiles total
snn32_seed7_forest_anomaly,measured,malformed_json_receiver,reject,malformed_message,release_conversion_unisolated,599,0.0,0.0,0.0,0.0,0,Accepted release remainder including conversion/dispatch/observer work outside consumer children.,per-observation exclusive interval; no sum-of-percentiles total
snn32_seed7_forest_anomaly,measured,malformed_json_receiver,reject,malformed_message,sender_binding_unisolated,599,0.0,0.0,0.0,0.0,0,Sender seal remainder: binding/state/orchestration/observer work not separately timed.,per-observation exclusive interval; no sum-of-percentiles total
snn32_seed7_forest_anomaly,measured,malformed_json_receiver,reject,malformed_message,sender_serialization_and_quality,599,0.0,0.0,0.0,0.0,0,Sender serialization including its quality validation; not separately timed.,per-observation exclusive interval; no sum-of-percentiles total
snn32_seed7_forest_anomaly,measured,malformed_json_receiver,reject,malformed_message,sender_window_hmac,599,0.0,0.0,0.0,0.0,0,Recorded window-tag generation call.,per-observation exclusive interval; no sum-of-percentiles total
snn32_seed7_forest_anomaly,measured,malformed_json_receiver,reject,malformed_message,session_establishment_unisolated,599,0.0,0.0,0.0,0.0,0,"Handshake/request/activation remainder, including unseparated HKDF/confirmation work and observer cost.",per-observation exclusive interval; no sum-of-percentiles total
snn32_seed7_forest_anomaly,measured,malformed_json_receiver,reject,malformed_message,simulated_response_read,599,0.0,0.0,0.0,0.0,0,"Modeled response generation, not physical acquisition.",per-observation exclusive interval; no sum-of-percentiles total
snn32_seed7_forest_anomaly,measured,post_window_after_refusals,accept,accepted,admission_orchestration_unisolated,599,0.0,0.0,0.0,0.0,0,Admission orchestration remainder not covered by named children.,per-observation exclusive interval; no sum-of-percentiles total
snn32_seed7_forest_anomaly,measured,post_window_after_refusals,accept,accepted,anomaly_consumer,599,5.9654,6.83509,8.095526,8.5423,599,Anomaly consumer including feature scaling and frozen-threshold decision.,per-observation exclusive interval; no sum-of-percentiles total
snn32_seed7_forest_anomaly,measured,post_window_after_refusals,accept,accepted,binary32_adapter,599,1.1464,1.29663,1.334496,1.4572,599,Canonical binary32 input adaptation before sender sealing.,per-observation exclusive interval; no sum-of-percentiles total
snn32_seed7_forest_anomaly,measured,post_window_after_refusals,accept,accepted,credential_verification,599,0.0,0.0,0.0,0.0,0,Recorded independent credential-verification call(s).,per-observation exclusive interval; no sum-of-percentiles total
snn32_seed7_forest_anomaly,measured,post_window_after_refusals,accept,accepted,in_memory_audit_measured,599,0.0812,0.1065,0.13206399999999993,0.1531,599,"Recorded audit record/prepare/commit spans, exclusive of their children; not all audit-related overhead and not durable storage.",per-observation exclusive interval; no sum-of-percentiles total
snn32_seed7_forest_anomaly,measured,post_window_after_refusals,accept,accepted,local_admission_checks,599,0.0,0.0,0.0,0.0,0,"Measured local authorization/binding/consumption calls, excluding nested credential verification.",per-observation exclusive interval; no sum-of-percentiles total
snn32_seed7_forest_anomaly,measured,post_window_after_refusals,accept,accepted,model_input_preprocessing,599,3.5186,4.44689,5.1612979999999995,5.7257,599,Shared model-input preparation; model-specific normalization remains in consumer timing.,per-observation exclusive interval; no sum-of-percentiles total
snn32_seed7_forest_anomaly,measured,post_window_after_refusals,accept,accepted,motion_consumer,599,12.5615,14.576940000000002,17.773516,25.2468,599,Motion consumer including normalization/tensor preparation/prediction decoding.,per-observation exclusive interval; no sum-of-percentiles total
snn32_seed7_forest_anomaly,measured,post_window_after_refusals,accept,accepted,outer_orchestration_unisolated,599,0.1054,0.17084,0.206216,0.3017,599,Direct root/first-post-window remainder outside named child spans.,per-observation exclusive interval; no sum-of-percentiles total
snn32_seed7_forest_anomaly,measured,post_window_after_refusals,accept,accepted,receiver_binding_sequence_state_unisolated,599,0.0805,0.11196000000000002,0.1355799999999998,0.1704,599,"Verifier remainder including binding, sequence checks, locks/state publication and observer work; NOT isolated sequence latency.",per-observation exclusive interval; no sum-of-percentiles total
snn32_seed7_forest_anomaly,measured,post_window_after_refusals,accept,accepted,receiver_parsing,599,1.5342,4.406790000000001,6.069219999999998,270.1943,599,Envelope and binary parser call.,per-observation exclusive interval; no sum-of-percentiles total
snn32_seed7_forest_anomaly,measured,post_window_after_refusals,accept,accepted,receiver_quality_check,599,3.9643,5.126520000000001,5.519537999999999,7.2291,599,Verifier quality-check call.,per-observation exclusive interval; no sum-of-percentiles total
snn32_seed7_forest_anomaly,measured,post_window_after_refusals,accept,accepted,receiver_window_hmac,599,0.0159,0.026410000000000003,0.032805999999999995,0.0491,599,"Recorded verifier window-tag calculation, not complete authentication.",per-observation exclusive interval; no sum-of-percentiles total
snn32_seed7_forest_anomaly,measured,post_window_after_refusals,accept,accepted,reconstruction,599,0.0,0.0,0.0,0.0,0,Actual recorded BCH reconstruction; includes any observer/GC delay.,per-observation exclusive interval; no sum-of-percentiles total
snn32_seed7_forest_anomaly,measured,post_window_after_refusals,accept,accepted,release_conversion_unisolated,599,0.5639,0.73301,0.8313719999999999,1.4547,599,Accepted release remainder including conversion/dispatch/observer work outside consumer children.,per-observation exclusive interval; no sum-of-percentiles total
snn32_seed7_forest_anomaly,measured,post_window_after_refusals,accept,accepted,sender_binding_unisolated,599,0.1221,0.16100000000000003,0.19773799999999989,0.3963,599,Sender seal remainder: binding/state/orchestration/observer work not separately timed.,per-observation exclusive interval; no sum-of-percentiles total
snn32_seed7_forest_anomaly,measured,post_window_after_refusals,accept,accepted,sender_serialization_and_quality,599,4.8246,5.86469,6.029168,6.5344,599,Sender serialization including its quality validation; not separately timed.,per-observation exclusive interval; no sum-of-percentiles total
snn32_seed7_forest_anomaly,measured,post_window_after_refusals,accept,accepted,sender_window_hmac,599,0.0218,0.0394,0.04690999999999999,0.0522,599,Recorded window-tag generation call.,per-observation exclusive interval; no sum-of-percentiles total
snn32_seed7_forest_anomaly,measured,post_window_after_refusals,accept,accepted,session_establishment_unisolated,599,0.0,0.0,0.0,0.0,0,"Handshake/request/activation remainder, including unseparated HKDF/confirmation work and observer cost.",per-observation exclusive interval; no sum-of-percentiles total
snn32_seed7_forest_anomaly,measured,post_window_after_refusals,accept,accepted,simulated_response_read,599,0.0,0.0,0.0,0.0,0,"Modeled response generation, not physical acquisition.",per-observation exclusive interval; no sum-of-percentiles total
snn32_seed7_forest_anomaly,measured,post_window_recurring,accept,accepted,admission_orchestration_unisolated,599,0.0,0.0,0.0,0.0,0,Admission orchestration remainder not covered by named children.,per-observation exclusive interval; no sum-of-percentiles total
snn32_seed7_forest_anomaly,measured,post_window_recurring,accept,accepted,anomaly_consumer,599,8.3814,8.89127,9.364648,14.758,599,Anomaly consumer including feature scaling and frozen-threshold decision.,per-observation exclusive interval; no sum-of-percentiles total
snn32_seed7_forest_anomaly,measured,post_window_recurring,accept,accepted,binary32_adapter,599,1.3599,1.48295,1.565412,1.7889,599,Canonical binary32 input adaptation before sender sealing.,per-observation exclusive interval; no sum-of-percentiles total
snn32_seed7_forest_anomaly,measured,post_window_recurring,accept,accepted,credential_verification,599,0.0,0.0,0.0,0.0,0,Recorded independent credential-verification call(s).,per-observation exclusive interval; no sum-of-percentiles total
snn32_seed7_forest_anomaly,measured,post_window_recurring,accept,accepted,in_memory_audit_measured,599,0.1219,0.15803,0.18267999999999995,0.2297,599,"Recorded audit record/prepare/commit spans, exclusive of their children; not all audit-related overhead and not durable storage.",per-observation exclusive interval; no sum-of-percentiles total
snn32_seed7_forest_anomaly,measured,post_window_recurring,accept,accepted,local_admission_checks,599,0.0,0.0,0.0,0.0,0,"Measured local authorization/binding/consumption calls, excluding nested credential verification.",per-observation exclusive interval; no sum-of-percentiles total
snn32_seed7_forest_anomaly,measured,post_window_recurring,accept,accepted,model_input_preprocessing,599,4.8754,5.18853,5.431706,11.7196,599,Shared model-input preparation; model-specific normalization remains in consumer timing.,per-observation exclusive interval; no sum-of-percentiles total
snn32_seed7_forest_anomaly,measured,post_window_recurring,accept,accepted,motion_consumer,599,17.7986,19.0508,19.75918,34.1803,599,Motion consumer including normalization/tensor preparation/prediction decoding.,per-observation exclusive interval; no sum-of-percentiles total
snn32_seed7_forest_anomaly,measured,post_window_recurring,accept,accepted,outer_orchestration_unisolated,599,0.1472,0.22062000000000004,0.27536199999999983,0.4172,599,Direct root/first-post-window remainder outside named child spans.,per-observation exclusive interval; no sum-of-percentiles total
snn32_seed7_forest_anomaly,measured,post_window_recurring,accept,accepted,receiver_binding_sequence_state_unisolated,599,0.1202,0.15186,0.17773999999999998,0.353,599,"Verifier remainder including binding, sequence checks, locks/state publication and observer work; NOT isolated sequence latency.",per-observation exclusive interval; no sum-of-percentiles total
snn32_seed7_forest_anomaly,measured,post_window_recurring,accept,accepted,receiver_parsing,599,2.0684,5.94491,7.109365999999999,318.6026,599,Envelope and binary parser call.,per-observation exclusive interval; no sum-of-percentiles total
snn32_seed7_forest_anomaly,measured,post_window_recurring,accept,accepted,receiver_quality_check,599,5.438,5.72065,5.956164,11.3083,599,Verifier quality-check call.,per-observation exclusive interval; no sum-of-percentiles total
snn32_seed7_forest_anomaly,measured,post_window_recurring,accept,accepted,receiver_window_hmac,599,0.0255,0.0357,0.04321999999999999,0.0729,599,"Recorded verifier window-tag calculation, not complete authentication.",per-observation exclusive interval; no sum-of-percentiles total
snn32_seed7_forest_anomaly,measured,post_window_recurring,accept,accepted,reconstruction,599,0.0,0.0,0.0,0.0,0,Actual recorded BCH reconstruction; includes any observer/GC delay.,per-observation exclusive interval; no sum-of-percentiles total
snn32_seed7_forest_anomaly,measured,post_window_recurring,accept,accepted,release_conversion_unisolated,599,0.7362,0.87508,0.9252759999999999,0.9926,599,Accepted release remainder including conversion/dispatch/observer work outside consumer children.,per-observation exclusive interval; no sum-of-percentiles total
snn32_seed7_forest_anomaly,measured,post_window_recurring,accept,accepted,sender_binding_unisolated,599,0.18,0.22533,0.254114,0.2812,599,Sender seal remainder: binding/state/orchestration/observer work not separately timed.,per-observation exclusive interval; no sum-of-percentiles total
snn32_seed7_forest_anomaly,measured,post_window_recurring,accept,accepted,sender_serialization_and_quality,599,6.0618,6.32455,6.596733999999999,12.9083,599,Sender serialization including its quality validation; not separately timed.,per-observation exclusive interval; no sum-of-percentiles total
snn32_seed7_forest_anomaly,measured,post_window_recurring,accept,accepted,sender_window_hmac,599,0.033,0.052370000000000014,0.06471399999999998,0.0817,599,Recorded window-tag generation call.,per-observation exclusive interval; no sum-of-percentiles total
snn32_seed7_forest_anomaly,measured,post_window_recurring,accept,accepted,session_establishment_unisolated,599,0.0,0.0,0.0,0.0,0,"Handshake/request/activation remainder, including unseparated HKDF/confirmation work and observer cost.",per-observation exclusive interval; no sum-of-percentiles total
snn32_seed7_forest_anomaly,measured,post_window_recurring,accept,accepted,simulated_response_read,599,0.0,0.0,0.0,0.0,0,"Modeled response generation, not physical acquisition.",per-observation exclusive interval; no sum-of-percentiles total
snn32_seed7_forest_anomaly,measured,pre_tag_quality_refusal,reject,data_quality_failure,admission_orchestration_unisolated,599,0.0,0.0,0.0,0.0,0,Admission orchestration remainder not covered by named children.,per-observation exclusive interval; no sum-of-percentiles total
snn32_seed7_forest_anomaly,measured,pre_tag_quality_refusal,reject,data_quality_failure,anomaly_consumer,599,0.0,0.0,0.0,0.0,0,Anomaly consumer including feature scaling and frozen-threshold decision.,per-observation exclusive interval; no sum-of-percentiles total
snn32_seed7_forest_anomaly,measured,pre_tag_quality_refusal,reject,data_quality_failure,binary32_adapter,599,1.2064,1.36169,1.429124,1.8925,599,Canonical binary32 input adaptation before sender sealing.,per-observation exclusive interval; no sum-of-percentiles total
snn32_seed7_forest_anomaly,measured,pre_tag_quality_refusal,reject,data_quality_failure,credential_verification,599,0.0,0.0,0.0,0.0,0,Recorded independent credential-verification call(s).,per-observation exclusive interval; no sum-of-percentiles total
snn32_seed7_forest_anomaly,measured,pre_tag_quality_refusal,reject,data_quality_failure,in_memory_audit_measured,599,0.0522,0.06732,0.08032999999999997,0.3094,599,"Recorded audit record/prepare/commit spans, exclusive of their children; not all audit-related overhead and not durable storage.",per-observation exclusive interval; no sum-of-percentiles total
snn32_seed7_forest_anomaly,measured,pre_tag_quality_refusal,reject,data_quality_failure,local_admission_checks,599,0.0,0.0,0.0,0.0,0,"Measured local authorization/binding/consumption calls, excluding nested credential verification.",per-observation exclusive interval; no sum-of-percentiles total
snn32_seed7_forest_anomaly,measured,pre_tag_quality_refusal,reject,data_quality_failure,model_input_preprocessing,599,0.0,0.0,0.0,0.0,0,Shared model-input preparation; model-specific normalization remains in consumer timing.,per-observation exclusive interval; no sum-of-percentiles total
snn32_seed7_forest_anomaly,measured,pre_tag_quality_refusal,reject,data_quality_failure,motion_consumer,599,0.0,0.0,0.0,0.0,0,Motion consumer including normalization/tensor preparation/prediction decoding.,per-observation exclusive interval; no sum-of-percentiles total
snn32_seed7_forest_anomaly,measured,pre_tag_quality_refusal,reject,data_quality_failure,outer_orchestration_unisolated,599,0.0538,0.07735000000000002,0.09745999999999994,0.1215,599,Direct root/first-post-window remainder outside named child spans.,per-observation exclusive interval; no sum-of-percentiles total
snn32_seed7_forest_anomaly,measured,pre_tag_quality_refusal,reject,data_quality_failure,receiver_binding_sequence_state_unisolated,599,0.0,0.0,0.0,0.0,0,"Verifier remainder including binding, sequence checks, locks/state publication and observer work; NOT isolated sequence latency.",per-observation exclusive interval; no sum-of-percentiles total
snn32_seed7_forest_anomaly,measured,pre_tag_quality_refusal,reject,data_quality_failure,receiver_parsing,599,0.0,0.0,0.0,0.0,0,Envelope and binary parser call.,per-observation exclusive interval; no sum-of-percentiles total
snn32_seed7_forest_anomaly,measured,pre_tag_quality_refusal,reject,data_quality_failure,receiver_quality_check,599,0.0,0.0,0.0,0.0,0,Verifier quality-check call.,per-observation exclusive interval; no sum-of-percentiles total
snn32_seed7_forest_anomaly,measured,pre_tag_quality_refusal,reject,data_quality_failure,receiver_window_hmac,599,0.0,0.0,0.0,0.0,0,"Recorded verifier window-tag calculation, not complete authentication.",per-observation exclusive interval; no sum-of-percentiles total
snn32_seed7_forest_anomaly,measured,pre_tag_quality_refusal,reject,data_quality_failure,reconstruction,599,0.0,0.0,0.0,0.0,0,Actual recorded BCH reconstruction; includes any observer/GC delay.,per-observation exclusive interval; no sum-of-percentiles total
snn32_seed7_forest_anomaly,measured,pre_tag_quality_refusal,reject,data_quality_failure,release_conversion_unisolated,599,0.0,0.0,0.0,0.0,0,Accepted release remainder including conversion/dispatch/observer work outside consumer children.,per-observation exclusive interval; no sum-of-percentiles total
snn32_seed7_forest_anomaly,measured,pre_tag_quality_refusal,reject,data_quality_failure,sender_binding_unisolated,599,0.0732,0.09382,0.10742199999999999,0.1163,599,Sender seal remainder: binding/state/orchestration/observer work not separately timed.,per-observation exclusive interval; no sum-of-percentiles total
snn32_seed7_forest_anomaly,measured,pre_tag_quality_refusal,reject,data_quality_failure,sender_serialization_and_quality,599,0.5247,0.597,0.646924,0.8345,599,Sender serialization including its quality validation; not separately timed.,per-observation exclusive interval; no sum-of-percentiles total
snn32_seed7_forest_anomaly,measured,pre_tag_quality_refusal,reject,data_quality_failure,sender_window_hmac,599,0.0,0.0,0.0,0.0,0,Recorded window-tag generation call.,per-observation exclusive interval; no sum-of-percentiles total
snn32_seed7_forest_anomaly,measured,pre_tag_quality_refusal,reject,data_quality_failure,session_establishment_unisolated,599,0.0,0.0,0.0,0.0,0,"Handshake/request/activation remainder, including unseparated HKDF/confirmation work and observer cost.",per-observation exclusive interval; no sum-of-percentiles total
snn32_seed7_forest_anomaly,measured,pre_tag_quality_refusal,reject,data_quality_failure,simulated_response_read,599,0.0,0.0,0.0,0.0,0,"Modeled response generation, not physical acquisition.",per-observation exclusive interval; no sum-of-percentiles total
snn32_seed7_forest_anomaly,measured,valid_receiver_after_bad_tag,accept,accepted,admission_orchestration_unisolated,599,0.0,0.0,0.0,0.0,0,Admission orchestration remainder not covered by named children.,per-observation exclusive interval; no sum-of-percentiles total
snn32_seed7_forest_anomaly,measured,valid_receiver_after_bad_tag,accept,accepted,anomaly_consumer,599,7.6633,8.15332,8.413668,9.5904,599,Anomaly consumer including feature scaling and frozen-threshold decision.,per-observation exclusive interval; no sum-of-percentiles total
snn32_seed7_forest_anomaly,measured,valid_receiver_after_bad_tag,accept,accepted,binary32_adapter,599,0.0,0.0,0.0,0.0,0,Canonical binary32 input adaptation before sender sealing.,per-observation exclusive interval; no sum-of-percentiles total
snn32_seed7_forest_anomaly,measured,valid_receiver_after_bad_tag,accept,accepted,credential_verification,599,0.0,0.0,0.0,0.0,0,Recorded independent credential-verification call(s).,per-observation exclusive interval; no sum-of-percentiles total
snn32_seed7_forest_anomaly,measured,valid_receiver_after_bad_tag,accept,accepted,in_memory_audit_measured,599,0.0522,0.06714000000000002,0.07832799999999997,0.153,599,"Recorded audit record/prepare/commit spans, exclusive of their children; not all audit-related overhead and not durable storage.",per-observation exclusive interval; no sum-of-percentiles total
snn32_seed7_forest_anomaly,measured,valid_receiver_after_bad_tag,accept,accepted,local_admission_checks,599,0.0,0.0,0.0,0.0,0,"Measured local authorization/binding/consumption calls, excluding nested credential verification.",per-observation exclusive interval; no sum-of-percentiles total
snn32_seed7_forest_anomaly,measured,valid_receiver_after_bad_tag,accept,accepted,model_input_preprocessing,599,4.559,5.02232,5.224128,7.2988,599,Shared model-input preparation; model-specific normalization remains in consumer timing.,per-observation exclusive interval; no sum-of-percentiles total
snn32_seed7_forest_anomaly,measured,valid_receiver_after_bad_tag,accept,accepted,motion_consumer,599,16.5555,17.55564,18.490508,27.1341,599,Motion consumer including normalization/tensor preparation/prediction decoding.,per-observation exclusive interval; no sum-of-percentiles total
snn32_seed7_forest_anomaly,measured,valid_receiver_after_bad_tag,accept,accepted,outer_orchestration_unisolated,599,0.0257,0.034120000000000004,0.039002,0.0466,599,Direct root/first-post-window remainder outside named child spans.,per-observation exclusive interval; no sum-of-percentiles total
snn32_seed7_forest_anomaly,measured,valid_receiver_after_bad_tag,accept,accepted,receiver_binding_sequence_state_unisolated,599,0.1013,0.12991,0.15482599999999996,1.6595,599,"Verifier remainder including binding, sequence checks, locks/state publication and observer work; NOT isolated sequence latency.",per-observation exclusive interval; no sum-of-percentiles total
snn32_seed7_forest_anomaly,measured,valid_receiver_after_bad_tag,accept,accepted,receiver_parsing,599,1.6376,1.72256,1.879624,3.2775,599,Envelope and binary parser call.,per-observation exclusive interval; no sum-of-percentiles total
snn32_seed7_forest_anomaly,measured,valid_receiver_after_bad_tag,accept,accepted,receiver_quality_check,599,5.2405,5.47971,5.641023999999998,11.9507,599,Verifier quality-check call.,per-observation exclusive interval; no sum-of-percentiles total
snn32_seed7_forest_anomaly,measured,valid_receiver_after_bad_tag,accept,accepted,receiver_window_hmac,599,0.0184,0.026520000000000002,0.03352999999999997,0.0608,599,"Recorded verifier window-tag calculation, not complete authentication.",per-observation exclusive interval; no sum-of-percentiles total
snn32_seed7_forest_anomaly,measured,valid_receiver_after_bad_tag,accept,accepted,reconstruction,599,0.0,0.0,0.0,0.0,0,Actual recorded BCH reconstruction; includes any observer/GC delay.,per-observation exclusive interval; no sum-of-percentiles total
snn32_seed7_forest_anomaly,measured,valid_receiver_after_bad_tag,accept,accepted,release_conversion_unisolated,599,0.6396,0.7798500000000002,0.8365099999999992,1.5784,599,Accepted release remainder including conversion/dispatch/observer work outside consumer children.,per-observation exclusive interval; no sum-of-percentiles total
snn32_seed7_forest_anomaly,measured,valid_receiver_after_bad_tag,accept,accepted,sender_binding_unisolated,599,0.0,0.0,0.0,0.0,0,Sender seal remainder: binding/state/orchestration/observer work not separately timed.,per-observation exclusive interval; no sum-of-percentiles total
snn32_seed7_forest_anomaly,measured,valid_receiver_after_bad_tag,accept,accepted,sender_serialization_and_quality,599,0.0,0.0,0.0,0.0,0,Sender serialization including its quality validation; not separately timed.,per-observation exclusive interval; no sum-of-percentiles total
snn32_seed7_forest_anomaly,measured,valid_receiver_after_bad_tag,accept,accepted,sender_window_hmac,599,0.0,0.0,0.0,0.0,0,Recorded window-tag generation call.,per-observation exclusive interval; no sum-of-percentiles total
snn32_seed7_forest_anomaly,measured,valid_receiver_after_bad_tag,accept,accepted,session_establishment_unisolated,599,0.0,0.0,0.0,0.0,0,"Handshake/request/activation remainder, including unseparated HKDF/confirmation work and observer cost.",per-observation exclusive interval; no sum-of-percentiles total
snn32_seed7_forest_anomaly,measured,valid_receiver_after_bad_tag,accept,accepted,simulated_response_read,599,0.0,0.0,0.0,0.0,0,"Modeled response generation, not physical acquisition.",per-observation exclusive interval; no sum-of-percentiles total
snn32_seed7_forest_anomaly,warmup,bad_tag_receiver,reject,invalid_tag,admission_orchestration_unisolated,19,0.0,0.0,0.0,0.0,0,Admission orchestration remainder not covered by named children.,per-observation exclusive interval; no sum-of-percentiles total
snn32_seed7_forest_anomaly,warmup,bad_tag_receiver,reject,invalid_tag,anomaly_consumer,19,0.0,0.0,0.0,0.0,0,Anomaly consumer including feature scaling and frozen-threshold decision.,per-observation exclusive interval; no sum-of-percentiles total
snn32_seed7_forest_anomaly,warmup,bad_tag_receiver,reject,invalid_tag,binary32_adapter,19,0.0,0.0,0.0,0.0,0,Canonical binary32 input adaptation before sender sealing.,per-observation exclusive interval; no sum-of-percentiles total
snn32_seed7_forest_anomaly,warmup,bad_tag_receiver,reject,invalid_tag,credential_verification,19,0.0,0.0,0.0,0.0,0,Recorded independent credential-verification call(s).,per-observation exclusive interval; no sum-of-percentiles total
snn32_seed7_forest_anomaly,warmup,bad_tag_receiver,reject,invalid_tag,in_memory_audit_measured,19,0.0448,0.058939999999999985,0.063548,0.0647,19,"Recorded audit record/prepare/commit spans, exclusive of their children; not all audit-related overhead and not durable storage.",per-observation exclusive interval; no sum-of-percentiles total
snn32_seed7_forest_anomaly,warmup,bad_tag_receiver,reject,invalid_tag,local_admission_checks,19,0.0,0.0,0.0,0.0,0,"Measured local authorization/binding/consumption calls, excluding nested credential verification.",per-observation exclusive interval; no sum-of-percentiles total
snn32_seed7_forest_anomaly,warmup,bad_tag_receiver,reject,invalid_tag,model_input_preprocessing,19,0.0,0.0,0.0,0.0,0,Shared model-input preparation; model-specific normalization remains in consumer timing.,per-observation exclusive interval; no sum-of-percentiles total
snn32_seed7_forest_anomaly,warmup,bad_tag_receiver,reject,invalid_tag,motion_consumer,19,0.0,0.0,0.0,0.0,0,Motion consumer including normalization/tensor preparation/prediction decoding.,per-observation exclusive interval; no sum-of-percentiles total
snn32_seed7_forest_anomaly,warmup,bad_tag_receiver,reject,invalid_tag,outer_orchestration_unisolated,19,0.0135,0.01657,0.017074,0.0172,19,Direct root/first-post-window remainder outside named child spans.,per-observation exclusive interval; no sum-of-percentiles total
snn32_seed7_forest_anomaly,warmup,bad_tag_receiver,reject,invalid_tag,receiver_binding_sequence_state_unisolated,19,0.1152,0.13499999999999998,0.14652,0.1494,19,"Verifier remainder including binding, sequence checks, locks/state publication and observer work; NOT isolated sequence latency.",per-observation exclusive interval; no sum-of-percentiles total
snn32_seed7_forest_anomaly,warmup,bad_tag_receiver,reject,invalid_tag,receiver_parsing,19,1.674,1.7834999999999996,1.92822,1.9644,19,Envelope and binary parser call.,per-observation exclusive interval; no sum-of-percentiles total
snn32_seed7_forest_anomaly,warmup,bad_tag_receiver,reject,invalid_tag,receiver_quality_check,19,0.0,0.0,0.0,0.0,0,Verifier quality-check call.,per-observation exclusive interval; no sum-of-percentiles total
snn32_seed7_forest_anomaly,warmup,bad_tag_receiver,reject,invalid_tag,receiver_window_hmac,19,0.0224,0.03364999999999995,0.050570000000000004,0.0548,19,"Recorded verifier window-tag calculation, not complete authentication.",per-observation exclusive interval; no sum-of-percentiles total
snn32_seed7_forest_anomaly,warmup,bad_tag_receiver,reject,invalid_tag,reconstruction,19,0.0,0.0,0.0,0.0,0,Actual recorded BCH reconstruction; includes any observer/GC delay.,per-observation exclusive interval; no sum-of-percentiles total
snn32_seed7_forest_anomaly,warmup,bad_tag_receiver,reject,invalid_tag,release_conversion_unisolated,19,0.0,0.0,0.0,0.0,0,Accepted release remainder including conversion/dispatch/observer work outside consumer children.,per-observation exclusive interval; no sum-of-percentiles total
snn32_seed7_forest_anomaly,warmup,bad_tag_receiver,reject,invalid_tag,sender_binding_unisolated,19,0.0,0.0,0.0,0.0,0,Sender seal remainder: binding/state/orchestration/observer work not separately timed.,per-observation exclusive interval; no sum-of-percentiles total
snn32_seed7_forest_anomaly,warmup,bad_tag_receiver,reject,invalid_tag,sender_serialization_and_quality,19,0.0,0.0,0.0,0.0,0,Sender serialization including its quality validation; not separately timed.,per-observation exclusive interval; no sum-of-percentiles total
snn32_seed7_forest_anomaly,warmup,bad_tag_receiver,reject,invalid_tag,sender_window_hmac,19,0.0,0.0,0.0,0.0,0,Recorded window-tag generation call.,per-observation exclusive interval; no sum-of-percentiles total
snn32_seed7_forest_anomaly,warmup,bad_tag_receiver,reject,invalid_tag,session_establishment_unisolated,19,0.0,0.0,0.0,0.0,0,"Handshake/request/activation remainder, including unseparated HKDF/confirmation work and observer cost.",per-observation exclusive interval; no sum-of-percentiles total
snn32_seed7_forest_anomaly,warmup,bad_tag_receiver,reject,invalid_tag,simulated_response_read,19,0.0,0.0,0.0,0.0,0,"Modeled response generation, not physical acquisition.",per-observation exclusive interval; no sum-of-percentiles total
snn32_seed7_forest_anomaly,warmup,exact_replay_receiver,reject,duplicate_sequence,admission_orchestration_unisolated,19,0.0,0.0,0.0,0.0,0,Admission orchestration remainder not covered by named children.,per-observation exclusive interval; no sum-of-percentiles total
snn32_seed7_forest_anomaly,warmup,exact_replay_receiver,reject,duplicate_sequence,anomaly_consumer,19,0.0,0.0,0.0,0.0,0,Anomaly consumer including feature scaling and frozen-threshold decision.,per-observation exclusive interval; no sum-of-percentiles total
snn32_seed7_forest_anomaly,warmup,exact_replay_receiver,reject,duplicate_sequence,binary32_adapter,19,0.0,0.0,0.0,0.0,0,Canonical binary32 input adaptation before sender sealing.,per-observation exclusive interval; no sum-of-percentiles total
snn32_seed7_forest_anomaly,warmup,exact_replay_receiver,reject,duplicate_sequence,credential_verification,19,0.0,0.0,0.0,0.0,0,Recorded independent credential-verification call(s).,per-observation exclusive interval; no sum-of-percentiles total
snn32_seed7_forest_anomaly,warmup,exact_replay_receiver,reject,duplicate_sequence,in_memory_audit_measured,19,0.0505,0.06715999999999997,0.074792,0.0767,19,"Recorded audit record/prepare/commit spans, exclusive of their children; not all audit-related overhead and not durable storage.",per-observation exclusive interval; no sum-of-percentiles total
snn32_seed7_forest_anomaly,warmup,exact_replay_receiver,reject,duplicate_sequence,local_admission_checks,19,0.0,0.0,0.0,0.0,0,"Measured local authorization/binding/consumption calls, excluding nested credential verification.",per-observation exclusive interval; no sum-of-percentiles total
snn32_seed7_forest_anomaly,warmup,exact_replay_receiver,reject,duplicate_sequence,model_input_preprocessing,19,0.0,0.0,0.0,0.0,0,Shared model-input preparation; model-specific normalization remains in consumer timing.,per-observation exclusive interval; no sum-of-percentiles total
snn32_seed7_forest_anomaly,warmup,exact_replay_receiver,reject,duplicate_sequence,motion_consumer,19,0.0,0.0,0.0,0.0,0,Motion consumer including normalization/tensor preparation/prediction decoding.,per-observation exclusive interval; no sum-of-percentiles total
snn32_seed7_forest_anomaly,warmup,exact_replay_receiver,reject,duplicate_sequence,outer_orchestration_unisolated,19,0.0101,0.0131,0.0131,0.0131,19,Direct root/first-post-window remainder outside named child spans.,per-observation exclusive interval; no sum-of-percentiles total
snn32_seed7_forest_anomaly,warmup,exact_replay_receiver,reject,duplicate_sequence,receiver_binding_sequence_state_unisolated,19,0.1174,0.16979999999999995,0.18852,0.1932,19,"Verifier remainder including binding, sequence checks, locks/state publication and observer work; NOT isolated sequence latency.",per-observation exclusive interval; no sum-of-percentiles total
snn32_seed7_forest_anomaly,warmup,exact_replay_receiver,reject,duplicate_sequence,receiver_parsing,19,1.5082,1.70554,1.738948,1.7473,19,Envelope and binary parser call.,per-observation exclusive interval; no sum-of-percentiles total
snn32_seed7_forest_anomaly,warmup,exact_replay_receiver,reject,duplicate_sequence,receiver_quality_check,19,3.9893,4.282109999999999,4.566582,4.6377,19,Verifier quality-check call.,per-observation exclusive interval; no sum-of-percentiles total
snn32_seed7_forest_anomaly,warmup,exact_replay_receiver,reject,duplicate_sequence,receiver_window_hmac,19,0.0202,0.03411,0.034182,0.0342,19,"Recorded verifier window-tag calculation, not complete authentication.",per-observation exclusive interval; no sum-of-percentiles total
snn32_seed7_forest_anomaly,warmup,exact_replay_receiver,reject,duplicate_sequence,reconstruction,19,0.0,0.0,0.0,0.0,0,Actual recorded BCH reconstruction; includes any observer/GC delay.,per-observation exclusive interval; no sum-of-percentiles total
snn32_seed7_forest_anomaly,warmup,exact_replay_receiver,reject,duplicate_sequence,release_conversion_unisolated,19,0.0,0.0,0.0,0.0,0,Accepted release remainder including conversion/dispatch/observer work outside consumer children.,per-observation exclusive interval; no sum-of-percentiles total
snn32_seed7_forest_anomaly,warmup,exact_replay_receiver,reject,duplicate_sequence,sender_binding_unisolated,19,0.0,0.0,0.0,0.0,0,Sender seal remainder: binding/state/orchestration/observer work not separately timed.,per-observation exclusive interval; no sum-of-percentiles total
snn32_seed7_forest_anomaly,warmup,exact_replay_receiver,reject,duplicate_sequence,sender_serialization_and_quality,19,0.0,0.0,0.0,0.0,0,Sender serialization including its quality validation; not separately timed.,per-observation exclusive interval; no sum-of-percentiles total
snn32_seed7_forest_anomaly,warmup,exact_replay_receiver,reject,duplicate_sequence,sender_window_hmac,19,0.0,0.0,0.0,0.0,0,Recorded window-tag generation call.,per-observation exclusive interval; no sum-of-percentiles total
snn32_seed7_forest_anomaly,warmup,exact_replay_receiver,reject,duplicate_sequence,session_establishment_unisolated,19,0.0,0.0,0.0,0.0,0,"Handshake/request/activation remainder, including unseparated HKDF/confirmation work and observer cost.",per-observation exclusive interval; no sum-of-percentiles total
snn32_seed7_forest_anomaly,warmup,exact_replay_receiver,reject,duplicate_sequence,simulated_response_read,19,0.0,0.0,0.0,0.0,0,"Modeled response generation, not physical acquisition.",per-observation exclusive interval; no sum-of-percentiles total
snn32_seed7_forest_anomaly,warmup,fresh_to_first_window,accept,accepted,admission_orchestration_unisolated,19,0.038,0.06406999999999997,0.072494,0.0746,19,Admission orchestration remainder not covered by named children.,per-observation exclusive interval; no sum-of-percentiles total
snn32_seed7_forest_anomaly,warmup,fresh_to_first_window,accept,accepted,anomaly_consumer,19,8.2082,8.63734,8.849308,8.9023,19,Anomaly consumer including feature scaling and frozen-threshold decision.,per-observation exclusive interval; no sum-of-percentiles total
snn32_seed7_forest_anomaly,warmup,fresh_to_first_window,accept,accepted,binary32_adapter,19,1.0417,1.43169,1.453938,1.4595,19,Canonical binary32 input adaptation before sender sealing.,per-observation exclusive interval; no sum-of-percentiles total
snn32_seed7_forest_anomaly,warmup,fresh_to_first_window,accept,accepted,credential_verification,19,0.0499,0.07399999999999998,0.0776,0.0785,19,Recorded independent credential-verification call(s).,per-observation exclusive interval; no sum-of-percentiles total
snn32_seed7_forest_anomaly,warmup,fresh_to_first_window,accept,accepted,in_memory_audit_measured,19,0.1645,0.2824999999999999,0.3041,0.3095,19,"Recorded audit record/prepare/commit spans, exclusive of their children; not all audit-related overhead and not durable storage.",per-observation exclusive interval; no sum-of-percentiles total
snn32_seed7_forest_anomaly,warmup,fresh_to_first_window,accept,accepted,local_admission_checks,19,0.0505,0.0869,0.0869,0.0869,19,"Measured local authorization/binding/consumption calls, excluding nested credential verification.",per-observation exclusive interval; no sum-of-percentiles total
snn32_seed7_forest_anomaly,warmup,fresh_to_first_window,accept,accepted,model_input_preprocessing,19,3.4462,5.13907,5.202934,5.2189,19,Shared model-input preparation; model-specific normalization remains in consumer timing.,per-observation exclusive interval; no sum-of-percentiles total
snn32_seed7_forest_anomaly,warmup,fresh_to_first_window,accept,accepted,motion_consumer,19,14.6316,18.55156,18.798952,18.8608,19,Motion consumer including normalization/tensor preparation/prediction decoding.,per-observation exclusive interval; no sum-of-percentiles total
snn32_seed7_forest_anomaly,warmup,fresh_to_first_window,accept,accepted,outer_orchestration_unisolated,19,0.13,0.25236,0.257832,0.2592,19,Direct root/first-post-window remainder outside named child spans.,per-observation exclusive interval; no sum-of-percentiles total
snn32_seed7_forest_anomaly,warmup,fresh_to_first_window,accept,accepted,receiver_binding_sequence_state_unisolated,19,0.0931,0.14708999999999994,0.170778,0.1767,19,"Verifier remainder including binding, sequence checks, locks/state publication and observer work; NOT isolated sequence latency.",per-observation exclusive interval; no sum-of-percentiles total
snn32_seed7_forest_anomaly,warmup,fresh_to_first_window,accept,accepted,receiver_parsing,19,1.5023,2.34465,2.36877,2.3748,19,Envelope and binary parser call.,per-observation exclusive interval; no sum-of-percentiles total
snn32_seed7_forest_anomaly,warmup,fresh_to_first_window,accept,accepted,receiver_quality_check,19,4.5243,5.56279,5.703838,5.7391,19,Verifier quality-check call.,per-observation exclusive interval; no sum-of-percentiles total
snn32_seed7_forest_anomaly,warmup,fresh_to_first_window,accept,accepted,receiver_window_hmac,19,0.0179,0.02844,0.028728,0.0288,19,"Recorded verifier window-tag calculation, not complete authentication.",per-observation exclusive interval; no sum-of-percentiles total
snn32_seed7_forest_anomaly,warmup,fresh_to_first_window,accept,accepted,reconstruction,19,5.1636,7.24066,7.270612,7.2781,19,Actual recorded BCH reconstruction; includes any observer/GC delay.,per-observation exclusive interval; no sum-of-percentiles total
snn32_seed7_forest_anomaly,warmup,fresh_to_first_window,accept,accepted,release_conversion_unisolated,19,0.6739,0.88585,0.89629,0.8989,19,Accepted release remainder including conversion/dispatch/observer work outside consumer children.,per-observation exclusive interval; no sum-of-percentiles total
snn32_seed7_forest_anomaly,warmup,fresh_to_first_window,accept,accepted,sender_binding_unisolated,19,0.1246,0.18699999999999997,0.1942,0.196,19,Sender seal remainder: binding/state/orchestration/observer work not separately timed.,per-observation exclusive interval; no sum-of-percentiles total
snn32_seed7_forest_anomaly,warmup,fresh_to_first_window,accept,accepted,sender_serialization_and_quality,19,4.5276,6.13617,6.238194,6.2637,19,Sender serialization including its quality validation; not separately timed.,per-observation exclusive interval; no sum-of-percentiles total
snn32_seed7_forest_anomaly,warmup,fresh_to_first_window,accept,accepted,sender_window_hmac,19,0.0179,0.03314999999999999,0.03495,0.0354,19,Recorded window-tag generation call.,per-observation exclusive interval; no sum-of-percentiles total
snn32_seed7_forest_anomaly,warmup,fresh_to_first_window,accept,accepted,session_establishment_unisolated,19,0.3314,0.5638799999999999,0.595416,0.6033,19,"Handshake/request/activation remainder, including unseparated HKDF/confirmation work and observer cost.",per-observation exclusive interval; no sum-of-percentiles total
snn32_seed7_forest_anomaly,warmup,fresh_to_first_window,accept,accepted,simulated_response_read,19,0.174,0.2084099999999999,0.233682,0.24,19,"Modeled response generation, not physical acquisition.",per-observation exclusive interval; no sum-of-percentiles total
snn32_seed7_forest_anomaly,warmup,malformed_json_receiver,reject,malformed_message,admission_orchestration_unisolated,19,0.0,0.0,0.0,0.0,0,Admission orchestration remainder not covered by named children.,per-observation exclusive interval; no sum-of-percentiles total
snn32_seed7_forest_anomaly,warmup,malformed_json_receiver,reject,malformed_message,anomaly_consumer,19,0.0,0.0,0.0,0.0,0,Anomaly consumer including feature scaling and frozen-threshold decision.,per-observation exclusive interval; no sum-of-percentiles total
snn32_seed7_forest_anomaly,warmup,malformed_json_receiver,reject,malformed_message,binary32_adapter,19,0.0,0.0,0.0,0.0,0,Canonical binary32 input adaptation before sender sealing.,per-observation exclusive interval; no sum-of-percentiles total
snn32_seed7_forest_anomaly,warmup,malformed_json_receiver,reject,malformed_message,credential_verification,19,0.0,0.0,0.0,0.0,0,Recorded independent credential-verification call(s).,per-observation exclusive interval; no sum-of-percentiles total
snn32_seed7_forest_anomaly,warmup,malformed_json_receiver,reject,malformed_message,in_memory_audit_measured,19,0.0439,0.05277,0.053274,0.0534,19,"Recorded audit record/prepare/commit spans, exclusive of their children; not all audit-related overhead and not durable storage.",per-observation exclusive interval; no sum-of-percentiles total
snn32_seed7_forest_anomaly,warmup,malformed_json_receiver,reject,malformed_message,local_admission_checks,19,0.0,0.0,0.0,0.0,0,"Measured local authorization/binding/consumption calls, excluding nested credential verification.",per-observation exclusive interval; no sum-of-percentiles total
snn32_seed7_forest_anomaly,warmup,malformed_json_receiver,reject,malformed_message,model_input_preprocessing,19,0.0,0.0,0.0,0.0,0,Shared model-input preparation; model-specific normalization remains in consumer timing.,per-observation exclusive interval; no sum-of-percentiles total
snn32_seed7_forest_anomaly,warmup,malformed_json_receiver,reject,malformed_message,motion_consumer,19,0.0,0.0,0.0,0.0,0,Motion consumer including normalization/tensor preparation/prediction decoding.,per-observation exclusive interval; no sum-of-percentiles total
snn32_seed7_forest_anomaly,warmup,malformed_json_receiver,reject,malformed_message,outer_orchestration_unisolated,19,0.0075,0.009219999999999987,0.013684000000000002,0.0148,19,Direct root/first-post-window remainder outside named child spans.,per-observation exclusive interval; no sum-of-percentiles total
snn32_seed7_forest_anomaly,warmup,malformed_json_receiver,reject,malformed_message,receiver_binding_sequence_state_unisolated,19,0.0383,0.04341999999999999,0.045004,0.0454,19,"Verifier remainder including binding, sequence checks, locks/state publication and observer work; NOT isolated sequence latency.",per-observation exclusive interval; no sum-of-percentiles total
snn32_seed7_forest_anomaly,warmup,malformed_json_receiver,reject,malformed_message,receiver_parsing,19,0.0349,0.03857,0.039074,0.0392,19,Envelope and binary parser call.,per-observation exclusive interval; no sum-of-percentiles total
snn32_seed7_forest_anomaly,warmup,malformed_json_receiver,reject,malformed_message,receiver_quality_check,19,0.0,0.0,0.0,0.0,0,Verifier quality-check call.,per-observation exclusive interval; no sum-of-percentiles total
snn32_seed7_forest_anomaly,warmup,malformed_json_receiver,reject,malformed_message,receiver_window_hmac,19,0.0,0.0,0.0,0.0,0,"Recorded verifier window-tag calculation, not complete authentication.",per-observation exclusive interval; no sum-of-percentiles total
snn32_seed7_forest_anomaly,warmup,malformed_json_receiver,reject,malformed_message,reconstruction,19,0.0,0.0,0.0,0.0,0,Actual recorded BCH reconstruction; includes any observer/GC delay.,per-observation exclusive interval; no sum-of-percentiles total
snn32_seed7_forest_anomaly,warmup,malformed_json_receiver,reject,malformed_message,release_conversion_unisolated,19,0.0,0.0,0.0,0.0,0,Accepted release remainder including conversion/dispatch/observer work outside consumer children.,per-observation exclusive interval; no sum-of-percentiles total
snn32_seed7_forest_anomaly,warmup,malformed_json_receiver,reject,malformed_message,sender_binding_unisolated,19,0.0,0.0,0.0,0.0,0,Sender seal remainder: binding/state/orchestration/observer work not separately timed.,per-observation exclusive interval; no sum-of-percentiles total
snn32_seed7_forest_anomaly,warmup,malformed_json_receiver,reject,malformed_message,sender_serialization_and_quality,19,0.0,0.0,0.0,0.0,0,Sender serialization including its quality validation; not separately timed.,per-observation exclusive interval; no sum-of-percentiles total
snn32_seed7_forest_anomaly,warmup,malformed_json_receiver,reject,malformed_message,sender_window_hmac,19,0.0,0.0,0.0,0.0,0,Recorded window-tag generation call.,per-observation exclusive interval; no sum-of-percentiles total
snn32_seed7_forest_anomaly,warmup,malformed_json_receiver,reject,malformed_message,session_establishment_unisolated,19,0.0,0.0,0.0,0.0,0,"Handshake/request/activation remainder, including unseparated HKDF/confirmation work and observer cost.",per-observation exclusive interval; no sum-of-percentiles total
snn32_seed7_forest_anomaly,warmup,malformed_json_receiver,reject,malformed_message,simulated_response_read,19,0.0,0.0,0.0,0.0,0,"Modeled response generation, not physical acquisition.",per-observation exclusive interval; no sum-of-percentiles total
snn32_seed7_forest_anomaly,warmup,post_window_after_refusals,accept,accepted,admission_orchestration_unisolated,19,0.0,0.0,0.0,0.0,0,Admission orchestration remainder not covered by named children.,per-observation exclusive interval; no sum-of-percentiles total
snn32_seed7_forest_anomaly,warmup,post_window_after_refusals,accept,accepted,anomaly_consumer,19,5.7538,6.079999999999998,6.55376,6.6722,19,Anomaly consumer including feature scaling and frozen-threshold decision.,per-observation exclusive interval; no sum-of-percentiles total
snn32_seed7_forest_anomaly,warmup,post_window_after_refusals,accept,accepted,binary32_adapter,19,0.9372,1.0397,1.04906,1.0514,19,Canonical binary32 input adaptation before sender sealing.,per-observation exclusive interval; no sum-of-percentiles total
snn32_seed7_forest_anomaly,warmup,post_window_after_refusals,accept,accepted,credential_verification,19,0.0,0.0,0.0,0.0,0,Recorded independent credential-verification call(s).,per-observation exclusive interval; no sum-of-percentiles total
snn32_seed7_forest_anomaly,warmup,post_window_after_refusals,accept,accepted,in_memory_audit_measured,19,0.0712,0.09765,0.09945,0.0999,19,"Recorded audit record/prepare/commit spans, exclusive of their children; not all audit-related overhead and not durable storage.",per-observation exclusive interval; no sum-of-percentiles total
snn32_seed7_forest_anomaly,warmup,post_window_after_refusals,accept,accepted,local_admission_checks,19,0.0,0.0,0.0,0.0,0,"Measured local authorization/binding/consumption calls, excluding nested credential verification.",per-observation exclusive interval; no sum-of-percentiles total
snn32_seed7_forest_anomaly,warmup,post_window_after_refusals,accept,accepted,model_input_preprocessing,19,3.4101,4.46845,4.55881,4.5814,19,Shared model-input preparation; model-specific normalization remains in consumer timing.,per-observation exclusive interval; no sum-of-percentiles total
snn32_seed7_forest_anomaly,warmup,post_window_after_refusals,accept,accepted,motion_consumer,19,12.2917,14.477989999999997,15.489518,15.7424,19,Motion consumer including normalization/tensor preparation/prediction decoding.,per-observation exclusive interval; no sum-of-percentiles total
snn32_seed7_forest_anomaly,warmup,post_window_after_refusals,accept,accepted,outer_orchestration_unisolated,19,0.0829,0.17017999999999994,0.190196,0.1952,19,Direct root/first-post-window remainder outside named child spans.,per-observation exclusive interval; no sum-of-percentiles total
snn32_seed7_forest_anomaly,warmup,post_window_after_refusals,accept,accepted,receiver_binding_sequence_state_unisolated,19,0.0743,0.10146999999999999,0.106294,0.1075,19,"Verifier remainder including binding, sequence checks, locks/state publication and observer work; NOT isolated sequence latency.",per-observation exclusive interval; no sum-of-percentiles total
snn32_seed7_forest_anomaly,warmup,post_window_after_refusals,accept,accepted,receiver_parsing,19,1.5674,5.454729999999997,6.545026,6.8176,19,Envelope and binary parser call.,per-observation exclusive interval; no sum-of-percentiles total
snn32_seed7_forest_anomaly,warmup,post_window_after_refusals,accept,accepted,receiver_quality_check,19,3.9293,4.462639999999998,4.978448,5.1074,19,Verifier quality-check call.,per-observation exclusive interval; no sum-of-percentiles total
snn32_seed7_forest_anomaly,warmup,post_window_after_refusals,accept,accepted,receiver_window_hmac,19,0.015,0.025689999999999998,0.026338,0.0265,19,"Recorded verifier window-tag calculation, not complete authentication.",per-observation exclusive interval; no sum-of-percentiles total
snn32_seed7_forest_anomaly,warmup,post_window_after_refusals,accept,accepted,reconstruction,19,0.0,0.0,0.0,0.0,0,Actual recorded BCH reconstruction; includes any observer/GC delay.,per-observation exclusive interval; no sum-of-percentiles total
snn32_seed7_forest_anomaly,warmup,post_window_after_refusals,accept,accepted,release_conversion_unisolated,19,0.4924,0.69046,0.693052,0.6937,19,Accepted release remainder including conversion/dispatch/observer work outside consumer children.,per-observation exclusive interval; no sum-of-percentiles total
snn32_seed7_forest_anomaly,warmup,post_window_after_refusals,accept,accepted,sender_binding_unisolated,19,0.1085,0.14392999999999997,0.154226,0.1568,19,Sender seal remainder: binding/state/orchestration/observer work not separately timed.,per-observation exclusive interval; no sum-of-percentiles total
snn32_seed7_forest_anomaly,warmup,post_window_after_refusals,accept,accepted,sender_serialization_and_quality,19,4.3634,4.63077,4.781034,4.8186,19,Sender serialization including its quality validation; not separately timed.,per-observation exclusive interval; no sum-of-percentiles total
snn32_seed7_forest_anomaly,warmup,post_window_after_refusals,accept,accepted,sender_window_hmac,19,0.0188,0.03485999999999999,0.038892,0.0399,19,Recorded window-tag generation call.,per-observation exclusive interval; no sum-of-percentiles total
snn32_seed7_forest_anomaly,warmup,post_window_after_refusals,accept,accepted,session_establishment_unisolated,19,0.0,0.0,0.0,0.0,0,"Handshake/request/activation remainder, including unseparated HKDF/confirmation work and observer cost.",per-observation exclusive interval; no sum-of-percentiles total
snn32_seed7_forest_anomaly,warmup,post_window_after_refusals,accept,accepted,simulated_response_read,19,0.0,0.0,0.0,0.0,0,"Modeled response generation, not physical acquisition.",per-observation exclusive interval; no sum-of-percentiles total
snn32_seed7_forest_anomaly,warmup,post_window_recurring,accept,accepted,admission_orchestration_unisolated,19,0.0,0.0,0.0,0.0,0,Admission orchestration remainder not covered by named children.,per-observation exclusive interval; no sum-of-percentiles total
snn32_seed7_forest_anomaly,warmup,post_window_recurring,accept,accepted,anomaly_consumer,19,8.3293,8.55363,8.628006,8.6466,19,Anomaly consumer including feature scaling and frozen-threshold decision.,per-observation exclusive interval; no sum-of-percentiles total
snn32_seed7_forest_anomaly,warmup,post_window_recurring,accept,accepted,binary32_adapter,19,1.2996,1.3908,1.41024,1.4151,19,Canonical binary32 input adaptation before sender sealing.,per-observation exclusive interval; no sum-of-percentiles total
snn32_seed7_forest_anomaly,warmup,post_window_recurring,accept,accepted,credential_verification,19,0.0,0.0,0.0,0.0,0,Recorded independent credential-verification call(s).,per-observation exclusive interval; no sum-of-percentiles total
snn32_seed7_forest_anomaly,warmup,post_window_recurring,accept,accepted,in_memory_audit_measured,19,0.1102,0.15237999999999993,0.172396,0.1774,19,"Recorded audit record/prepare/commit spans, exclusive of their children; not all audit-related overhead and not durable storage.",per-observation exclusive interval; no sum-of-percentiles total
snn32_seed7_forest_anomaly,warmup,post_window_recurring,accept,accepted,local_admission_checks,19,0.0,0.0,0.0,0.0,0,"Measured local authorization/binding/consumption calls, excluding nested credential verification.",per-observation exclusive interval; no sum-of-percentiles total
snn32_seed7_forest_anomaly,warmup,post_window_recurring,accept,accepted,model_input_preprocessing,19,4.741,5.1805,5.27914,5.3038,19,Shared model-input preparation; model-specific normalization remains in consumer timing.,per-observation exclusive interval; no sum-of-percentiles total
snn32_seed7_forest_anomaly,warmup,post_window_recurring,accept,accepted,motion_consumer,19,17.5082,17.94628,18.023176,18.0424,19,Motion consumer including normalization/tensor preparation/prediction decoding.,per-observation exclusive interval; no sum-of-percentiles total
snn32_seed7_forest_anomaly,warmup,post_window_recurring,accept,accepted,outer_orchestration_unisolated,19,0.1426,0.19393999999999997,0.202868,0.2051,19,Direct root/first-post-window remainder outside named child spans.,per-observation exclusive interval; no sum-of-percentiles total
snn32_seed7_forest_anomaly,warmup,post_window_recurring,accept,accepted,receiver_binding_sequence_state_unisolated,19,0.1126,0.13752999999999993,0.159346,0.1648,19,"Verifier remainder including binding, sequence checks, locks/state publication and observer work; NOT isolated sequence latency.",per-observation exclusive interval; no sum-of-percentiles total
snn32_seed7_forest_anomaly,warmup,post_window_recurring,accept,accepted,receiver_parsing,19,2.0084,2.30978,2.333396,2.3393,19,Envelope and binary parser call.,per-observation exclusive interval; no sum-of-percentiles total
snn32_seed7_forest_anomaly,warmup,post_window_recurring,accept,accepted,receiver_quality_check,19,5.3926,5.54553,5.568066,5.5737,19,Verifier quality-check call.,per-observation exclusive interval; no sum-of-percentiles total
snn32_seed7_forest_anomaly,warmup,post_window_recurring,accept,accepted,receiver_window_hmac,19,0.022,0.035529999999999964,0.04726600000000001,0.0502,19,"Recorded verifier window-tag calculation, not complete authentication.",per-observation exclusive interval; no sum-of-percentiles total
snn32_seed7_forest_anomaly,warmup,post_window_recurring,accept,accepted,reconstruction,19,0.0,0.0,0.0,0.0,0,Actual recorded BCH reconstruction; includes any observer/GC delay.,per-observation exclusive interval; no sum-of-percentiles total
snn32_seed7_forest_anomaly,warmup,post_window_recurring,accept,accepted,release_conversion_unisolated,19,0.7387,0.9014499999999999,0.93133,0.9388,19,Accepted release remainder including conversion/dispatch/observer work outside consumer children.,per-observation exclusive interval; no sum-of-percentiles total
snn32_seed7_forest_anomaly,warmup,post_window_recurring,accept,accepted,sender_binding_unisolated,19,0.1623,0.20116999999999993,0.222554,0.2279,19,Sender seal remainder: binding/state/orchestration/observer work not separately timed.,per-observation exclusive interval; no sum-of-percentiles total
snn32_seed7_forest_anomaly,warmup,post_window_recurring,accept,accepted,sender_serialization_and_quality,19,6.0372,6.584149999999996,8.216030000000002,8.624,19,Sender serialization including its quality validation; not separately timed.,per-observation exclusive interval; no sum-of-percentiles total
snn32_seed7_forest_anomaly,warmup,post_window_recurring,accept,accepted,sender_window_hmac,19,0.0289,0.04842999999999997,0.057286,0.0595,19,Recorded window-tag generation call.,per-observation exclusive interval; no sum-of-percentiles total
snn32_seed7_forest_anomaly,warmup,post_window_recurring,accept,accepted,session_establishment_unisolated,19,0.0,0.0,0.0,0.0,0,"Handshake/request/activation remainder, including unseparated HKDF/confirmation work and observer cost.",per-observation exclusive interval; no sum-of-percentiles total
snn32_seed7_forest_anomaly,warmup,post_window_recurring,accept,accepted,simulated_response_read,19,0.0,0.0,0.0,0.0,0,"Modeled response generation, not physical acquisition.",per-observation exclusive interval; no sum-of-percentiles total
snn32_seed7_forest_anomaly,warmup,pre_tag_quality_refusal,reject,data_quality_failure,admission_orchestration_unisolated,19,0.0,0.0,0.0,0.0,0,Admission orchestration remainder not covered by named children.,per-observation exclusive interval; no sum-of-percentiles total
snn32_seed7_forest_anomaly,warmup,pre_tag_quality_refusal,reject,data_quality_failure,anomaly_consumer,19,0.0,0.0,0.0,0.0,0,Anomaly consumer including feature scaling and frozen-threshold decision.,per-observation exclusive interval; no sum-of-percentiles total
snn32_seed7_forest_anomaly,warmup,pre_tag_quality_refusal,reject,data_quality_failure,binary32_adapter,19,0.9962,1.0959299999999998,1.140066,1.1511,19,Canonical binary32 input adaptation before sender sealing.,per-observation exclusive interval; no sum-of-percentiles total
snn32_seed7_forest_anomaly,warmup,pre_tag_quality_refusal,reject,data_quality_failure,credential_verification,19,0.0,0.0,0.0,0.0,0,Recorded independent credential-verification call(s).,per-observation exclusive interval; no sum-of-percentiles total
snn32_seed7_forest_anomaly,warmup,pre_tag_quality_refusal,reject,data_quality_failure,in_memory_audit_measured,19,0.0436,0.05061999999999999,0.053644,0.0544,19,"Recorded audit record/prepare/commit spans, exclusive of their children; not all audit-related overhead and not durable storage.",per-observation exclusive interval; no sum-of-percentiles total
snn32_seed7_forest_anomaly,warmup,pre_tag_quality_refusal,reject,data_quality_failure,local_admission_checks,19,0.0,0.0,0.0,0.0,0,"Measured local authorization/binding/consumption calls, excluding nested credential verification.",per-observation exclusive interval; no sum-of-percentiles total
snn32_seed7_forest_anomaly,warmup,pre_tag_quality_refusal,reject,data_quality_failure,model_input_preprocessing,19,0.0,0.0,0.0,0.0,0,Shared model-input preparation; model-specific normalization remains in consumer timing.,per-observation exclusive interval; no sum-of-percentiles total
snn32_seed7_forest_anomaly,warmup,pre_tag_quality_refusal,reject,data_quality_failure,motion_consumer,19,0.0,0.0,0.0,0.0,0,Motion consumer including normalization/tensor preparation/prediction decoding.,per-observation exclusive interval; no sum-of-percentiles total
snn32_seed7_forest_anomaly,warmup,pre_tag_quality_refusal,reject,data_quality_failure,outer_orchestration_unisolated,19,0.0485,0.07903,0.079966,0.0802,19,Direct root/first-post-window remainder outside named child spans.,per-observation exclusive interval; no sum-of-percentiles total
snn32_seed7_forest_anomaly,warmup,pre_tag_quality_refusal,reject,data_quality_failure,receiver_binding_sequence_state_unisolated,19,0.0,0.0,0.0,0.0,0,"Verifier remainder including binding, sequence checks, locks/state publication and observer work; NOT isolated sequence latency.",per-observation exclusive interval; no sum-of-percentiles total
snn32_seed7_forest_anomaly,warmup,pre_tag_quality_refusal,reject,data_quality_failure,receiver_parsing,19,0.0,0.0,0.0,0.0,0,Envelope and binary parser call.,per-observation exclusive interval; no sum-of-percentiles total
snn32_seed7_forest_anomaly,warmup,pre_tag_quality_refusal,reject,data_quality_failure,receiver_quality_check,19,0.0,0.0,0.0,0.0,0,Verifier quality-check call.,per-observation exclusive interval; no sum-of-percentiles total
snn32_seed7_forest_anomaly,warmup,pre_tag_quality_refusal,reject,data_quality_failure,receiver_window_hmac,19,0.0,0.0,0.0,0.0,0,"Recorded verifier window-tag calculation, not complete authentication.",per-observation exclusive interval; no sum-of-percentiles total
snn32_seed7_forest_anomaly,warmup,pre_tag_quality_refusal,reject,data_quality_failure,reconstruction,19,0.0,0.0,0.0,0.0,0,Actual recorded BCH reconstruction; includes any observer/GC delay.,per-observation exclusive interval; no sum-of-percentiles total
snn32_seed7_forest_anomaly,warmup,pre_tag_quality_refusal,reject,data_quality_failure,release_conversion_unisolated,19,0.0,0.0,0.0,0.0,0,Accepted release remainder including conversion/dispatch/observer work outside consumer children.,per-observation exclusive interval; no sum-of-percentiles total
snn32_seed7_forest_anomaly,warmup,pre_tag_quality_refusal,reject,data_quality_failure,sender_binding_unisolated,19,0.0638,0.07544,0.075728,0.0758,19,Sender seal remainder: binding/state/orchestration/observer work not separately timed.,per-observation exclusive interval; no sum-of-percentiles total
snn32_seed7_forest_anomaly,warmup,pre_tag_quality_refusal,reject,data_quality_failure,sender_serialization_and_quality,19,0.4321,0.5425599999999996,0.665392,0.6961,19,Sender serialization including its quality validation; not separately timed.,per-observation exclusive interval; no sum-of-percentiles total
snn32_seed7_forest_anomaly,warmup,pre_tag_quality_refusal,reject,data_quality_failure,sender_window_hmac,19,0.0,0.0,0.0,0.0,0,Recorded window-tag generation call.,per-observation exclusive interval; no sum-of-percentiles total
snn32_seed7_forest_anomaly,warmup,pre_tag_quality_refusal,reject,data_quality_failure,session_establishment_unisolated,19,0.0,0.0,0.0,0.0,0,"Handshake/request/activation remainder, including unseparated HKDF/confirmation work and observer cost.",per-observation exclusive interval; no sum-of-percentiles total
snn32_seed7_forest_anomaly,warmup,pre_tag_quality_refusal,reject,data_quality_failure,simulated_response_read,19,0.0,0.0,0.0,0.0,0,"Modeled response generation, not physical acquisition.",per-observation exclusive interval; no sum-of-percentiles total
snn32_seed7_forest_anomaly,warmup,valid_receiver_after_bad_tag,accept,accepted,admission_orchestration_unisolated,19,0.0,0.0,0.0,0.0,0,Admission orchestration remainder not covered by named children.,per-observation exclusive interval; no sum-of-percentiles total
snn32_seed7_forest_anomaly,warmup,valid_receiver_after_bad_tag,accept,accepted,anomaly_consumer,19,5.8121,6.8147899999999995,6.973838,7.0136,19,Anomaly consumer including feature scaling and frozen-threshold decision.,per-observation exclusive interval; no sum-of-percentiles total
snn32_seed7_forest_anomaly,warmup,valid_receiver_after_bad_tag,accept,accepted,binary32_adapter,19,0.0,0.0,0.0,0.0,0,Canonical binary32 input adaptation before sender sealing.,per-observation exclusive interval; no sum-of-percentiles total
snn32_seed7_forest_anomaly,warmup,valid_receiver_after_bad_tag,accept,accepted,credential_verification,19,0.0,0.0,0.0,0.0,0,Recorded independent credential-verification call(s).,per-observation exclusive interval; no sum-of-percentiles total
snn32_seed7_forest_anomaly,warmup,valid_receiver_after_bad_tag,accept,accepted,in_memory_audit_measured,19,0.0542,0.06128,0.061856,0.062,19,"Recorded audit record/prepare/commit spans, exclusive of their children; not all audit-related overhead and not durable storage.",per-observation exclusive interval; no sum-of-percentiles total
snn32_seed7_forest_anomaly,warmup,valid_receiver_after_bad_tag,accept,accepted,local_admission_checks,19,0.0,0.0,0.0,0.0,0,"Measured local authorization/binding/consumption calls, excluding nested credential verification.",per-observation exclusive interval; no sum-of-percentiles total
snn32_seed7_forest_anomaly,warmup,valid_receiver_after_bad_tag,accept,accepted,model_input_preprocessing,19,4.0805,4.84924,4.933768,4.9549,19,Shared model-input preparation; model-specific normalization remains in consumer timing.,per-observation exclusive interval; no sum-of-percentiles total
snn32_seed7_forest_anomaly,warmup,valid_receiver_after_bad_tag,accept,accepted,motion_consumer,19,12.6322,17.30188,17.684776,17.7805,19,Motion consumer including normalization/tensor preparation/prediction decoding.,per-observation exclusive interval; no sum-of-percentiles total
snn32_seed7_forest_anomaly,warmup,valid_receiver_after_bad_tag,accept,accepted,outer_orchestration_unisolated,19,0.0224,0.030179999999999995,0.031476,0.0318,19,Direct root/first-post-window remainder outside named child spans.,per-observation exclusive interval; no sum-of-percentiles total
snn32_seed7_forest_anomaly,warmup,valid_receiver_after_bad_tag,accept,accepted,receiver_binding_sequence_state_unisolated,19,0.0992,0.12924999999999998,0.13969,0.1423,19,"Verifier remainder including binding, sequence checks, locks/state publication and observer work; NOT isolated sequence latency.",per-observation exclusive interval; no sum-of-percentiles total
snn32_seed7_forest_anomaly,warmup,valid_receiver_after_bad_tag,accept,accepted,receiver_parsing,19,1.6443,1.760979999999999,2.102836,2.1883,19,Envelope and binary parser call.,per-observation exclusive interval; no sum-of-percentiles total
snn32_seed7_forest_anomaly,warmup,valid_receiver_after_bad_tag,accept,accepted,receiver_quality_check,19,4.6496,5.51641,5.551762,5.5606,19,Verifier quality-check call.,per-observation exclusive interval; no sum-of-percentiles total
snn32_seed7_forest_anomaly,warmup,valid_receiver_after_bad_tag,accept,accepted,receiver_window_hmac,19,0.0183,0.02311,0.023182,0.0232,19,"Recorded verifier window-tag calculation, not complete authentication.",per-observation exclusive interval; no sum-of-percentiles total
snn32_seed7_forest_anomaly,warmup,valid_receiver_after_bad_tag,accept,accepted,reconstruction,19,0.0,0.0,0.0,0.0,0,Actual recorded BCH reconstruction; includes any observer/GC delay.,per-observation exclusive interval; no sum-of-percentiles total
snn32_seed7_forest_anomaly,warmup,valid_receiver_after_bad_tag,accept,accepted,release_conversion_unisolated,19,0.5923,0.7101199999999995,0.849944,0.8849,19,Accepted release remainder including conversion/dispatch/observer work outside consumer children.,per-observation exclusive interval; no sum-of-percentiles total
snn32_seed7_forest_anomaly,warmup,valid_receiver_after_bad_tag,accept,accepted,sender_binding_unisolated,19,0.0,0.0,0.0,0.0,0,Sender seal remainder: binding/state/orchestration/observer work not separately timed.,per-observation exclusive interval; no sum-of-percentiles total
snn32_seed7_forest_anomaly,warmup,valid_receiver_after_bad_tag,accept,accepted,sender_serialization_and_quality,19,0.0,0.0,0.0,0.0,0,Sender serialization including its quality validation; not separately timed.,per-observation exclusive interval; no sum-of-percentiles total
snn32_seed7_forest_anomaly,warmup,valid_receiver_after_bad_tag,accept,accepted,sender_window_hmac,19,0.0,0.0,0.0,0.0,0,Recorded window-tag generation call.,per-observation exclusive interval; no sum-of-percentiles total
snn32_seed7_forest_anomaly,warmup,valid_receiver_after_bad_tag,accept,accepted,session_establishment_unisolated,19,0.0,0.0,0.0,0.0,0,"Handshake/request/activation remainder, including unseparated HKDF/confirmation work and observer cost.",per-observation exclusive interval; no sum-of-percentiles total
snn32_seed7_forest_anomaly,warmup,valid_receiver_after_bad_tag,accept,accepted,simulated_response_read,19,0.0,0.0,0.0,0.0,0,"Modeled response generation, not physical acquisition.",per-observation exclusive interval; no sum-of-percentiles total
