phase,sweep_index,measurement_noise_std,simulation_seed,device_id,attempt_count,success_count,failure_count,success_rate,frr,decoder_failures,invalid_format,miscorrections,mean_ber63,mean_ber64,error_count_distribution,latency_sample_count,latency_mean_ns,latency_median_ns,latency_p95_ns,latency_max_ns
baseline,,0.1,1111,device-0,100,95,5,0.95,0.05,5,0,0,0.04555555555555556,0.04484375,"{""0"": 5, ""1"": 10, ""2"": 30, ""3"": 24, ""4"": 15, ""5"": 11, ""6"": 5}",100,1105080,1024150.0,1704010.0,2278700
baseline,,0.1,1111,device-1,100,100,0,1.0,0.0,0,0,0,0.030793650793650793,0.0303125,"{""0"": 12, ""1"": 23, ""2"": 33, ""3"": 23, ""4"": 9}",100,1014399,957000.0,1607405.0,2015700
baseline,,0.1,1111,device-2,100,100,0,1.0,0.0,0,0,0,0.015238095238095238,0.015,"{""0"": 36, ""1"": 38, ""2"": 20, ""3"": 6}",100,758162,877700.0,1553630.0,1967100
baseline,,0.1,1111,device-3,100,100,0,1.0,0.0,0,0,0,0.02857142857142857,0.028125,"{""0"": 7, ""1"": 38, ""2"": 32, ""3"": 15, ""4"": 7, ""5"": 1}",100,1077221,1035600.0,1717644.9999999998,1953800
baseline,,0.1,1111,device-4,100,100,0,1.0,0.0,0,0,0,0.034761904761904765,0.034375,"{""0"": 3, ""1"": 25, ""2"": 35, ""3"": 26, ""4"": 9, ""5"": 2}",100,1214895,1113800.0,1997830.0,3842600
baseline,,0.1,1111,device-5,100,100,0,1.0,0.0,0,0,0,0.03396825396825397,0.0334375,"{""0"": 5, ""1"": 26, ""2"": 31, ""3"": 26, ""4"": 12}",100,1145804,1035800.0,1958525.0,2202600
baseline,,0.1,1122,device-0,100,100,0,1.0,0.0,0,0,0,0.021746031746031746,0.02921875,"{""0"": 20, ""1"": 36, ""2"": 33, ""3"": 9, ""4"": 2}",100,968178,991300.0,1647620.0,2004100
baseline,,0.1,1122,device-1,100,98,2,0.98,0.02,2,0,0,0.03968253968253968,0.04578125,"{""0"": 5, ""1"": 15, ""2"": 33, ""3"": 26, ""4"": 16, ""5"": 3, ""6"": 2}",100,1143107,1100000.0,1772704.9999999998,2409700
baseline,,0.1,1122,device-2,100,100,0,1.0,0.0,0,0,0,0.015714285714285715,0.016875,"{""0"": 29, ""1"": 46, ""2"": 22, ""3"": 3}",100,834224,895300.0,1488230.0,1958000
baseline,,0.1,1122,device-3,100,100,0,1.0,0.0,0,0,0,0.02412698412698413,0.02375,"{""0"": 17, ""1"": 37, ""2"": 26, ""3"": 17, ""4"": 3}",100,1436629,1592550.0,2617410.0,3534500
baseline,,0.1,1122,device-4,100,100,0,1.0,0.0,0,0,0,0.025555555555555557,0.02515625,"{""0"": 13, ""1"": 37, ""2"": 30, ""3"": 16, ""4"": 4}",100,1214077,1143300.0,2037694.9999999998,2255600
baseline,,0.1,1122,device-5,100,96,4,0.96,0.04,4,0,0,0.053492063492063494,0.05265625,"{""0"": 1, ""1"": 9, ""2"": 18, ""3"": 26, ""4"": 23, ""5"": 19, ""6"": 2, ""7"": 1, ""8"": 1}",100,1211202,1069750.0,1935934.9999999998,2448200
baseline,,0.1,1234,device-0,100,99,1,0.99,0.01,1,0,0,0.030476190476190476,0.03,"{""0"": 8, ""1"": 31, ""2"": 33, ""3"": 20, ""4"": 6, ""5"": 1, ""6"": 1}",100,1029965,952500.0,1612890.0,1946400
baseline,,0.1,1234,device-1,100,100,0,1.0,0.0,0,0,0,0.02761904761904762,0.0334375,"{""0"": 16, ""1"": 26, ""2"": 34, ""3"": 18, ""4"": 4, ""5"": 2}",100,1028310,1009700.0,1840425.0,3153200
baseline,,0.1,1234,device-2,100,100,0,1.0,0.0,0,0,0,0.0173015873015873,0.01703125,"{""0"": 36, ""1"": 31, ""2"": 24, ""3"": 6, ""4"": 3}",100,790781,907600.0,1559010.0,1892600
baseline,,0.1,1234,device-3,100,100,0,1.0,0.0,0,0,0,0.03301587301587302,0.0325,"{""0"": 10, ""1"": 24, ""2"": 33, ""3"": 17, ""4"": 13, ""5"": 3}",100,1123355,1053300.0,1809455.0,3118400
baseline,,0.1,1234,device-4,100,100,0,1.0,0.0,0,0,0,0.015238095238095238,0.015,"{""0"": 34, ""1"": 42, ""2"": 19, ""3"": 4, ""4"": 1}",100,778906,883850.0,1511050.0,1926400
baseline,,0.1,1234,device-5,100,100,0,1.0,0.0,0,0,0,0.020317460317460317,0.02,"{""0"": 20, ""1"": 44, ""2"": 25, ""3"": 10, ""4"": 1}",100,902709,924450.0,1568025.0,2070600
baseline,,0.1,2121,device-0,100,100,0,1.0,0.0,0,0,0,0.025555555555555557,0.0253125,"{""0"": 13, ""1"": 40, ""2"": 30, ""3"": 9, ""4"": 6, ""5"": 2}",100,978949,971900.0,1524695.0,2059800
baseline,,0.1,2121,device-1,100,100,0,1.0,0.0,0,0,0,0.014920634920634921,0.0146875,"{""0"": 32, ""1"": 43, ""2"": 24, ""3"": 1}",100,859485,914000.0,1673809.9999999995,2280800
baseline,,0.1,2121,device-2,100,100,0,1.0,0.0,0,0,0,0.018412698412698412,0.018125,"{""0"": 21, ""1"": 51, ""2"": 21, ""3"": 5, ""4"": 2}",100,899107,912050.0,1502130.0,1794000
baseline,,0.1,2121,device-3,100,100,0,1.0,0.0,0,0,0,0.03333333333333333,0.0328125,"{""0"": 5, ""1"": 24, ""2"": 42, ""3"": 16, ""4"": 11, ""5"": 2}",100,1979610,2007450.0,3316474.9999999995,4569500
baseline,,0.1,2121,device-4,100,100,0,1.0,0.0,0,0,0,0.03126984126984127,0.03078125,"{""0"": 7, ""1"": 27, ""2"": 39, ""3"": 18, ""4"": 7, ""5"": 2}",100,2120271,2219650.0,2964340.0,5004600
baseline,,0.1,2121,device-5,100,89,11,0.89,0.11,11,0,0,0.06,0.0590625,"{""1"": 3, ""2"": 17, ""3"": 27, ""4"": 24, ""5"": 18, ""6"": 7, ""7"": 3, ""11"": 1}",100,3045706,2680800.0,5269794.999999999,16622600
baseline,,0.1,2222,device-0,100,100,0,1.0,0.0,0,0,0,0.014920634920634921,0.0146875,"{""0"": 34, ""1"": 43, ""2"": 18, ""3"": 5}",100,1338400,1547350.0,2783350.0,3389700
baseline,,0.1,2222,device-1,100,100,0,1.0,0.0,0,0,0,0.026507936507936508,0.02609375,"{""0"": 16, ""1"": 30, ""2"": 32, ""3"": 16, ""4"": 5, ""5"": 1}",100,2144786,2143450.0,3980974.9999999967,7385600
baseline,,0.1,2222,device-2,100,100,0,1.0,0.0,0,0,0,0.006507936507936508,0.00640625,"{""0"": 65, ""1"": 29, ""2"": 6}",100,732612,210050.0,2051140.0,2182200
baseline,,0.1,2222,device-3,100,97,3,0.97,0.03,2,0,1,0.04285714285714286,0.05,"{""0"": 3, ""1"": 16, ""2"": 30, ""3"": 24, ""4"": 16, ""5"": 8, ""6"": 3}",100,2158762,2031100.0,3258774.9999999995,6173200
baseline,,0.1,2222,device-4,100,100,0,1.0,0.0,0,0,0,0.035873015873015876,0.035625,"{""0"": 7, ""1"": 18, ""2"": 36, ""3"": 24, ""4"": 11, ""5"": 4}",100,1809732,1872950.0,2341644.9999999995,2645600
baseline,,0.1,2222,device-5,100,99,1,0.99,0.01,1,0,0,0.040952380952380955,0.0403125,"{""0"": 4, ""1"": 15, ""2"": 32, ""3"": 24, ""4"": 19, ""5"": 5, ""6"": 1}",100,1847072,1853600.0,2355365.0,6493900
baseline,,0.1,2391,device-0,100,100,0,1.0,0.0,0,0,0,0.02873015873015873,0.02828125,"{""0"": 11, ""1"": 27, ""2"": 37, ""3"": 20, ""4"": 5}",100,1777030,1883400.0,2563090.0,3406300
baseline,,0.1,2391,device-1,100,100,0,1.0,0.0,0,0,0,0.036349206349206346,0.03578125,"{""0"": 3, ""1"": 21, ""2"": 35, ""3"": 30, ""4"": 7, ""5"": 4}",100,1398347,1276400.0,2415015.0,3550100
baseline,,0.1,2391,device-2,100,94,6,0.94,0.06,5,1,0,0.04746031746031746,0.04671875,"{""0"": 4, ""1"": 9, ""2"": 23, ""3"": 31, ""4"": 21, ""5"": 6, ""6"": 5, ""7"": 1}",100,1961071,1990900.0,2631455.0,3238900
baseline,,0.1,2391,device-3,100,100,0,1.0,0.0,0,0,0,0.020793650793650795,0.02078125,"{""0"": 21, ""1"": 39, ""2"": 29, ""3"": 10, ""4"": 1}",100,1266004,952150.0,3204805.0,4842100
baseline,,0.1,2391,device-4,100,100,0,1.0,0.0,0,0,0,0.021904761904761906,0.0215625,"{""0"": 18, ""1"": 39, ""2"": 31, ""3"": 11, ""4"": 1}",100,1317226,1276900.0,2576510.0,3614300
baseline,,0.1,2391,device-5,100,93,7,0.93,0.07,6,1,0,0.05063492063492064,0.04984375,"{""0"": 6, ""1"": 9, ""2"": 18, ""3"": 22, ""4"": 25, ""5"": 13, ""6"": 6, ""7"": 1}",100,1202493,1098150.0,2150360.0,3288300
baseline,,0.1,3232,device-0,100,95,5,0.95,0.05,5,0,0,0.051111111111111114,0.0503125,"{""0"": 2, ""1"": 9, ""2"": 22, ""3"": 25, ""4"": 23, ""5"": 14, ""6"": 4, ""8"": 1}",100,1115086,1006600.0,1641749.9999999995,2651900
baseline,,0.1,3232,device-1,100,97,3,0.97,0.03,3,0,0,0.04253968253968254,0.041875,"{""0"": 5, ""1"": 14, ""2"": 28, ""3"": 26, ""4"": 18, ""5"": 6, ""6"": 3}",100,1134981,999400.0,1773669.9999999998,3379400
baseline,,0.1,3232,device-2,100,100,0,1.0,0.0,0,0,0,0.03222222222222222,0.03171875,"{""0"": 5, ""1"": 36, ""2"": 28, ""3"": 17, ""4"": 10, ""5"": 4}",100,1072881,973150.0,1661149.9999999998,1883800
baseline,,0.1,3232,device-3,100,100,0,1.0,0.0,0,0,0,0.0074603174603174605,0.00734375,"{""0"": 59, ""1"": 35, ""2"": 6}",100,529838,198300.0,1317490.0,1744000
baseline,,0.1,3232,device-4,100,100,0,1.0,0.0,0,0,0,0.028095238095238097,0.02765625,"{""0"": 13, ""1"": 33, ""2"": 29, ""3"": 15, ""4"": 9, ""5"": 1}",100,964020,947300.0,1488604.9999999998,1672300
baseline,,0.1,3232,device-5,100,100,0,1.0,0.0,0,0,0,0.014444444444444444,0.01421875,"{""0"": 40, ""1"": 35, ""2"": 21, ""3"": 2, ""4"": 2}",100,790462,884650.0,1711355.0,2757300
baseline,,0.1,3333,device-0,100,100,0,1.0,0.0,0,0,0,0.024285714285714285,0.02390625,"{""0"": 22, ""1"": 32, ""2"": 26, ""3"": 12, ""4"": 7, ""5"": 1}",100,942516,957600.0,1613459.9999999998,2399500
baseline,,0.1,3333,device-1,100,99,1,0.99,0.01,1,0,0,0.038253968253968255,0.03765625,"{""0"": 2, ""1"": 29, ""2"": 24, ""3"": 23, ""4"": 16, ""5"": 5, ""6"": 1}",100,1106850,1005950.0,1729124.9999999998,2554600
baseline,,0.1,3333,device-2,100,99,1,0.99,0.01,1,0,0,0.04206349206349207,0.04140625,"{""0"": 3, ""1"": 16, ""2"": 31, ""3"": 24, ""4"": 17, ""5"": 8, ""7"": 1}",100,1419721,1182350.0,2521784.9999999995,2968900
baseline,,0.1,3333,device-3,100,99,1,0.99,0.01,1,0,0,0.02492063492063492,0.02453125,"{""0"": 21, ""1"": 31, ""2"": 27, ""3"": 14, ""4"": 6, ""6"": 1}",100,1100475,991650.0,2170610.0,2660300
baseline,,0.1,3333,device-4,100,100,0,1.0,0.0,0,0,0,0.03333333333333333,0.0328125,"{""0"": 9, ""1"": 24, ""2"": 31, ""3"": 22, ""4"": 12, ""5"": 2}",100,1002317,946750.0,1617009.9999999998,2045500
baseline,,0.1,3333,device-5,100,93,7,0.93,0.07,6,1,0,0.04904761904761905,0.04828125,"{""0"": 1, ""1"": 10, ""2"": 26, ""3"": 31, ""4"": 14, ""5"": 11, ""6"": 6, ""7"": 1}",100,1129173,1001750.0,1770469.9999999998,2188800
baseline,,0.1,4321,device-0,100,100,0,1.0,0.0,0,0,0,0.03365079365079365,0.033125,"{""0"": 9, ""1"": 21, ""2"": 34, ""3"": 24, ""4"": 9, ""5"": 3}",100,1160932,1066450.0,2096124.9999999998,3183900
baseline,,0.1,4321,device-1,100,100,0,1.0,0.0,0,0,0,0.034126984126984124,0.03359375,"{""0"": 6, ""1"": 24, ""2"": 34, ""3"": 21, ""4"": 15}",100,1175936,1033100.0,2099844.9999999995,2404200
baseline,,0.1,4321,device-2,100,99,1,0.99,0.01,1,0,0,0.03190476190476191,0.03140625,"{""0"": 7, ""1"": 27, ""2"": 40, ""3"": 16, ""4"": 5, ""5"": 4, ""6"": 1}",100,1104012,1071450.0,1808349.9999999998,2385300
baseline,,0.1,4321,device-3,100,100,0,1.0,0.0,0,0,0,0.01650793650793651,0.01640625,"{""0"": 29, ""1"": 45, ""2"": 20, ""3"": 5, ""4"": 1}",100,866287,944650.0,1574535.0,2008600
baseline,,0.1,4321,device-4,100,100,0,1.0,0.0,0,0,0,0.03253968253968254,0.03203125,"{""0"": 9, ""1"": 27, ""2"": 33, ""3"": 17, ""4"": 9, ""5"": 5}",100,1057631,1005250.0,1638404.9999999998,1756600
baseline,,0.1,4321,device-5,100,98,2,0.98,0.02,2,0,0,0.035873015873015876,0.0390625,"{""0"": 6, ""1"": 23, ""2"": 37, ""3"": 17, ""4"": 9, ""5"": 6, ""6"": 2}",100,1053931,984500.0,1599360.0,1977100
baseline,,0.1,4433,device-0,100,100,0,1.0,0.0,0,0,0,0.008888888888888889,0.00875,"{""0"": 54, ""1"": 38, ""2"": 6, ""3"": 2}",100,612707,254300.0,1567040.0,1830200
baseline,,0.1,4433,device-1,100,100,0,1.0,0.0,0,0,0,0.013650793650793651,0.01734375,"{""0"": 39, ""1"": 40, ""2"": 17, ""3"": 4}",100,1221635,951600.0,2579694.9999999995,3782800
baseline,,0.1,4433,device-2,100,95,5,0.95,0.05,4,1,0,0.04666666666666667,0.0459375,"{""0"": 4, ""1"": 10, ""2"": 29, ""3"": 21, ""4"": 22, ""5"": 9, ""6"": 5}",100,1848910,1927250.0,2323620.0,2418500
baseline,,0.1,4433,device-3,100,100,0,1.0,0.0,0,0,0,0.016984126984126983,0.01671875,"{""0"": 30, ""1"": 38, ""2"": 27, ""3"": 5}",100,1303957,1633800.0,2163500.0,2294600
baseline,,0.1,4433,device-4,100,100,0,1.0,0.0,0,0,0,0.006190476190476191,0.00609375,"{""0"": 66, ""1"": 29, ""2"": 5}",100,742997,202350.0,2080145.0,2497900
baseline,,0.1,4433,device-5,100,98,2,0.98,0.02,2,0,0,0.04158730158730159,0.0409375,"{""0"": 5, ""1"": 15, ""2"": 29, ""3"": 27, ""4"": 14, ""5"": 8, ""6"": 2}",100,1793862,1841200.0,2336955.0,3683400
baseline,,0.1,4444,device-0,100,100,0,1.0,0.0,0,0,0,0.021904761904761906,0.02171875,"{""0"": 20, ""1"": 35, ""2"": 33, ""3"": 11, ""4"": 1}",100,1082990,1071450.0,1946344.9999999998,2339600
baseline,,0.1,4444,device-1,100,100,0,1.0,0.0,0,0,0,0.02142857142857143,0.02109375,"{""0"": 20, ""1"": 40, ""2"": 28, ""3"": 9, ""4"": 3}",100,904732,925550.0,1487115.0,1818400
baseline,,0.1,4444,device-2,100,98,2,0.98,0.02,2,0,0,0.0392063492063492,0.0409375,"{""0"": 7, ""1"": 15, ""2"": 31, ""3"": 28, ""4"": 11, ""5"": 6, ""6"": 2}",100,1116663,1064550.0,1750510.0,2602300
baseline,,0.1,4444,device-3,100,100,0,1.0,0.0,0,0,0,0.02,0.0196875,"{""0"": 19, ""1"": 44, ""2"": 29, ""3"": 8}",100,979379,1038900.0,1640910.0,1856400
baseline,,0.1,4444,device-4,100,99,1,0.99,0.01,1,0,0,0.035238095238095235,0.0346875,"{""0"": 7, ""1"": 24, ""2"": 32, ""3"": 21, ""4"": 10, ""5"": 5, ""6"": 1}",100,1559010,1500250.0,2768545.0,4425900
baseline,,0.1,4444,device-5,100,88,12,0.88,0.12,11,1,0,0.059365079365079364,0.0584375,"{""1"": 6, ""2"": 13, ""3"": 30, ""4"": 20, ""5"": 19, ""6"": 9, ""7"": 1, ""8"": 2}",100,1209669,1089350.0,1870660.0,2380300
baseline,,0.1,5426,device-0,100,100,0,1.0,0.0,0,0,0,0.022857142857142857,0.0225,"{""0"": 16, ""1"": 41, ""2"": 26, ""3"": 17}",100,992866,962350.0,1610305.0,2342500
baseline,,0.1,5426,device-1,100,100,0,1.0,0.0,0,0,0,0.02126984126984127,0.0209375,"{""0"": 20, ""1"": 40, ""2"": 26, ""3"": 14}",100,915800,939350.0,1623120.0,1751000
baseline,,0.1,5426,device-2,100,100,0,1.0,0.0,0,0,0,0.037936507936507935,0.03734375,"{""0"": 8, ""1"": 16, ""2"": 26, ""3"": 31, ""4"": 17, ""5"": 2}",100,1225417,1164100.0,2173839.9999999995,2612100
baseline,,0.1,5426,device-3,100,100,0,1.0,0.0,0,0,0,0.023015873015873017,0.02265625,"{""0"": 17, ""1"": 37, ""2"": 30, ""3"": 16}",100,1010591,998950.0,1678334.9999999998,3373500
baseline,,0.1,5426,device-4,100,90,10,0.9,0.1,10,0,0,0.055396825396825396,0.059375,"{""1"": 10, ""2"": 16, ""3"": 27, ""4"": 21, ""5"": 16, ""6"": 8, ""7"": 2}",100,1123165,1023550.0,1612629.9999999998,2207800
baseline,,0.1,5426,device-5,100,96,4,0.96,0.04,4,0,0,0.0380952380952381,0.0375,"{""0"": 7, ""1"": 27, ""2"": 25, ""3"": 18, ""4"": 11, ""5"": 8, ""6"": 3, ""7"": 1}",100,1129744,1055350.0,1698044.9999999993,3408000
baseline,,0.1,5555,device-0,100,93,7,0.93,0.07,7,0,0,0.05206349206349206,0.0521875,"{""0"": 3, ""1"": 5, ""2"": 19, ""3"": 36, ""4"": 16, ""5"": 14, ""6"": 6, ""7"": 1}",100,1141504,1063450.0,1729314.9999999998,2057000
baseline,,0.1,5555,device-1,100,100,0,1.0,0.0,0,0,0,0.026984126984126985,0.0265625,"{""0"": 14, ""1"": 29, ""2"": 35, ""3"": 17, ""4"": 5}",100,961825,976550.0,1488990.0,2041000
baseline,,0.1,5555,device-2,100,98,2,0.98,0.02,2,0,0,0.03603174603174603,0.03546875,"{""0"": 5, ""1"": 22, ""2"": 37, ""3"": 21, ""4"": 9, ""5"": 4, ""6"": 2}",100,1565050,1487550.0,2719329.999999999,3564000
baseline,,0.1,5555,device-3,100,100,0,1.0,0.0,0,0,0,0.03253968253968254,0.03203125,"{""0"": 14, ""1"": 24, ""2"": 25, ""3"": 20, ""4"": 14, ""5"": 3}",100,1007361,982200.0,1667629.9999999998,2008800
baseline,,0.1,5555,device-4,100,100,0,1.0,0.0,0,0,0,0.025873015873015874,0.02546875,"{""0"": 15, ""1"": 37, ""2"": 26, ""3"": 15, ""4"": 6, ""5"": 1}",100,992215,939600.0,1715480.0,2259100
baseline,,0.1,5555,device-5,100,100,0,1.0,0.0,0,0,0,0.03222222222222222,0.03171875,"{""0"": 9, ""1"": 21, ""2"": 41, ""3"": 18, ""4"": 9, ""5"": 2}",100,1023477,996250.0,1576470.0,1809300
baseline,,0.1,6543,device-0,100,100,0,1.0,0.0,0,0,0,0.023333333333333334,0.02734375,"{""0"": 20, ""1"": 34, ""2"": 28, ""3"": 15, ""4"": 3}",100,934823,973850.0,1557909.9999999995,2308900
baseline,,0.1,6543,device-1,100,98,2,0.98,0.02,1,0,1,0.03666666666666667,0.03609375,"{""0"": 7, ""1"": 20, ""2"": 30, ""3"": 29, ""4"": 9, ""5"": 3, ""6"": 1, ""7"": 1}",100,1080911,970750.0,1719749.9999999993,2508000
baseline,,0.1,6543,device-2,100,100,0,1.0,0.0,0,0,0,0.02619047619047619,0.0296875,"{""0"": 15, ""1"": 31, ""2"": 34, ""3"": 15, ""4"": 4, ""5"": 1}",100,1052657,1045100.0,1852299.9999999998,2664000
baseline,,0.1,6543,device-3,100,98,2,0.98,0.02,2,0,0,0.030952380952380953,0.03046875,"{""0"": 10, ""1"": 32, ""2"": 29, ""3"": 17, ""4"": 8, ""5"": 2, ""6"": 2}",100,1090786,1086100.0,1741880.0,2041100
baseline,,0.1,6543,device-4,100,90,10,0.9,0.1,9,1,0,0.05444444444444444,0.05359375,"{""0"": 4, ""1"": 7, ""2"": 15, ""3"": 25, ""4"": 25, ""5"": 14, ""6"": 9, ""7"": 1}",100,1285363,1222200.0,1834849.9999999998,4019800
baseline,,0.1,6543,device-5,100,100,0,1.0,0.0,0,0,0,0.034444444444444444,0.03390625,"{""0"": 6, ""1"": 22, ""2"": 34, ""3"": 26, ""4"": 11, ""5"": 1}",100,1114956,986700.0,1828365.0,2047900
baseline,,0.1,6666,device-0,100,100,0,1.0,0.0,0,0,0,0.004603174603174603,0.00453125,"{""0"": 72, ""1"": 27, ""2"": 1}",100,417477,179000.0,1217784.9999999998,2116200
baseline,,0.1,6666,device-1,100,100,0,1.0,0.0,0,0,0,0.01,0.01046875,"{""0"": 51, ""1"": 38, ""2"": 9, ""3"": 1, ""4"": 1}",100,991249,644700.0,2489795.0,2895800
baseline,,0.1,6666,device-2,100,100,0,1.0,0.0,0,0,0,0.034444444444444444,0.03390625,"{""0"": 3, ""1"": 31, ""2"": 30, ""3"": 22, ""4"": 10, ""5"": 4}",100,1205452,960400.0,2240324.9999999995,2748700
baseline,,0.1,6666,device-3,100,95,5,0.95,0.05,5,0,0,0.047142857142857146,0.04640625,"{""1"": 10, ""2"": 32, ""3"": 28, ""4"": 17, ""5"": 8, ""6"": 4, ""7"": 1}",100,1125727,991200.0,1609999.9999999998,2184100
baseline,,0.1,6666,device-4,100,97,3,0.97,0.03,3,0,0,0.03888888888888889,0.03828125,"{""0"": 4, ""1"": 19, ""2"": 36, ""3"": 21, ""4"": 12, ""5"": 5, ""6"": 3}",100,1053146,962700.0,1615060.0,1843400
baseline,,0.1,6666,device-5,100,98,2,0.98,0.02,2,0,0,0.047619047619047616,0.0471875,"{""1"": 8, ""2"": 32, ""3"": 25, ""4"": 26, ""5"": 7, ""7"": 2}",100,1232434,1067400.0,2003710.0,3842500
baseline,,0.1,7654,device-0,100,100,0,1.0,0.0,0,0,0,0.03746031746031746,0.036875,"{""0"": 6, ""1"": 19, ""2"": 31, ""3"": 25, ""4"": 15, ""5"": 4}",100,1147486,989800.0,2055625.0,2495400
baseline,,0.1,7654,device-1,100,94,6,0.94,0.06,6,0,0,0.048095238095238094,0.04734375,"{""0"": 4, ""1"": 10, ""2"": 21, ""3"": 31, ""4"": 18, ""5"": 10, ""6"": 6}",100,1118862,1030200.0,1705800.0,1992000
baseline,,0.1,7654,device-2,100,100,0,1.0,0.0,0,0,0,0.020158730158730157,0.02671875,"{""0"": 22, ""1"": 41, ""2"": 26, ""3"": 10, ""4"": 1}",100,964771,967950.0,1790710.0,2151200
baseline,,0.1,7654,device-3,100,96,4,0.96,0.04,4,0,0,0.04396825396825397,0.04328125,"{""0"": 2, ""1"": 14, ""2"": 27, ""3"": 33, ""4"": 16, ""5"": 4, ""6"": 3, ""8"": 1}",100,1146461,992800.0,1931800.0,2576500
baseline,,0.1,7654,device-4,100,100,0,1.0,0.0,0,0,0,0.02396825396825397,0.02359375,"{""0"": 17, ""1"": 34, ""2"": 33, ""3"": 13, ""4"": 3}",100,946953,937550.0,1592730.0,2554900
baseline,,0.1,7654,device-5,100,95,5,0.95,0.05,5,0,0,0.048095238095238094,0.04859375,"{""1"": 16, ""2"": 20, ""3"": 32, ""4"": 16, ""5"": 11, ""6"": 3, ""7"": 2}",100,1638878,1654300.0,2681899.9999999995,3155400
baseline,,0.1,7777,device-0,100,100,0,1.0,0.0,0,0,0,0.02666666666666667,0.02625,"{""0"": 14, ""1"": 30, ""2"": 34, ""3"": 19, ""4"": 2, ""5"": 1}",100,969518,943800.0,1639979.9999999998,1862200
baseline,,0.1,7777,device-1,100,100,0,1.0,0.0,0,0,0,0.03761904761904762,0.03703125,"{""0"": 9, ""1"": 10, ""2"": 39, ""3"": 23, ""4"": 15, ""5"": 4}",100,1194737,1030650.0,2156160.0,4808000
baseline,,0.1,7777,device-2,100,93,7,0.93,0.07,7,0,0,0.04888888888888889,0.048125,"{""0"": 2, ""1"": 12, ""2"": 24, ""3"": 25, ""4"": 20, ""5"": 10, ""6"": 6, ""7"": 1}",100,1167227,1013850.0,2007445.0,2477900
baseline,,0.1,7777,device-3,100,92,8,0.92,0.08,8,0,0,0.052222222222222225,0.05171875,"{""0"": 1, ""1"": 7, ""2"": 26, ""3"": 27, ""4"": 21, ""5"": 10, ""6"": 5, ""7"": 1, ""8"": 1, ""10"": 1}",100,1164925,1074000.0,1779829.9999999998,2249600
baseline,,0.1,7777,device-4,100,100,0,1.0,0.0,0,0,0,0.03873015873015873,0.038125,"{""0"": 1, ""1"": 18, ""2"": 34, ""3"": 35, ""4"": 7, ""5"": 5}",100,1163991,980400.0,1829090.0,3357400
baseline,,0.1,7777,device-5,100,92,8,0.92,0.08,8,0,0,0.05174603174603175,0.05265625,"{""0"": 3, ""1"": 7, ""2"": 23, ""3"": 22, ""4"": 27, ""5"": 10, ""6"": 7, ""7"": 1}",100,1138912,1013200.0,1759135.0,2496500
baseline,,0.1,8231,device-0,100,99,1,0.99,0.01,1,0,0,0.03619047619047619,0.035625,"{""0"": 6, ""1"": 27, ""2"": 25, ""3"": 24, ""4"": 12, ""5"": 5, ""6"": 1}",100,1221156,993750.0,2564880.0,3211400
baseline,,0.1,8231,device-1,100,100,0,1.0,0.0,0,0,0,0.025873015873015874,0.02546875,"{""0"": 13, ""1"": 31, ""2"": 43, ""3"": 6, ""4"": 7}",100,1092723,1002400.0,2077469.9999999995,2602100
baseline,,0.1,8231,device-2,100,99,1,0.99,0.01,1,0,0,0.041428571428571426,0.04078125,"{""0"": 4, ""1"": 14, ""2"": 32, ""3"": 27, ""4"": 14, ""5"": 8, ""6"": 1}",100,1142985,1019450.0,1718929.9999999998,2354900
baseline,,0.1,8231,device-3,100,100,0,1.0,0.0,0,0,0,0.0326984126984127,0.0321875,"{""0"": 8, ""1"": 24, ""2"": 36, ""3"": 21, ""4"": 8, ""5"": 3}",100,1497547,1390850.0,2657069.9999999995,3427700
baseline,,0.1,8231,device-4,100,98,2,0.98,0.02,2,0,0,0.04349206349206349,0.0428125,"{""0"": 6, ""1"": 12, ""2"": 24, ""3"": 28, ""4"": 22, ""5"": 6, ""6"": 2}",100,1085584,1012600.0,1602480.0,2033000
baseline,,0.1,8231,device-5,100,100,0,1.0,0.0,0,0,0,0.02507936507936508,0.0246875,"{""0"": 15, ""1"": 35, ""2"": 32, ""3"": 13, ""4"": 5}",100,925479,918450.0,1396695.0,2366800
baseline,,0.1,8888,device-0,100,100,0,1.0,0.0,0,0,0,0.021904761904761906,0.02703125,"{""0"": 18, ""1"": 44, ""2"": 24, ""3"": 10, ""4"": 4}",100,1181113,995350.0,2548375.0,2877300
baseline,,0.1,8888,device-1,100,100,0,1.0,0.0,0,0,0,0.03603174603174603,0.03546875,"{""0"": 8, ""1"": 16, ""2"": 37, ""3"": 23, ""4"": 12, ""5"": 4}",100,1110346,1005650.0,1695534.9999999995,2947900
baseline,,0.1,8888,device-2,100,100,0,1.0,0.0,0,0,0,0.02126984126984127,0.0209375,"{""0"": 17, ""1"": 40, ""2"": 35, ""3"": 8}",100,926765,926550.0,1510290.0,2385200
baseline,,0.1,8888,device-3,100,86,14,0.86,0.14,13,1,0,0.05746031746031746,0.0565625,"{""0"": 1, ""1"": 5, ""2"": 19, ""3"": 29, ""4"": 16, ""5"": 16, ""6"": 11, ""7"": 2, ""8"": 1}",100,1204677,1137900.0,1876230.0,2255400
baseline,,0.1,8888,device-4,100,100,0,1.0,0.0,0,0,0,0.022222222222222223,0.021875,"{""0"": 23, ""1"": 31, ""2"": 31, ""3"": 13, ""4"": 2}",100,941544,993300.0,1668775.0,2136200
baseline,,0.1,8888,device-5,100,98,2,0.98,0.02,2,0,0,0.03698412698412699,0.036875,"{""0"": 5, ""1"": 20, ""2"": 37, ""3"": 21, ""4"": 12, ""5"": 3, ""6"": 1, ""7"": 1}",100,1121047,986300.0,1818149.9999999995,2449000
baseline,,0.1,9999,device-0,100,99,1,0.99,0.01,1,0,0,0.030476190476190476,0.03,"{""0"": 12, ""1"": 29, ""2"": 27, ""3"": 23, ""4"": 6, ""5"": 2, ""6"": 1}",100,1086465,1043650.0,1814299.9999999995,2133900
baseline,,0.1,9999,device-1,100,96,4,0.96,0.04,4,0,0,0.053492063492063494,0.0528125,"{""0"": 1, ""1"": 8, ""2"": 14, ""3"": 30, ""4"": 29, ""5"": 14, ""6"": 3, ""7"": 1}",100,1638188,1654550.0,2757970.0,3106200
baseline,,0.1,9999,device-2,100,100,0,1.0,0.0,0,0,0,0.025238095238095237,0.02484375,"{""0"": 13, ""1"": 36, ""2"": 32, ""3"": 17, ""4"": 2}",100,1037897,1022650.0,1641525.0,2221600
baseline,,0.1,9999,device-3,100,100,0,1.0,0.0,0,0,0,0.024761904761904763,0.024375,"{""0"": 13, ""1"": 43, ""2"": 27, ""3"": 9, ""4"": 8}",100,1009991,953150.0,1664634.9999999998,2915300
baseline,,0.1,9999,device-4,100,100,0,1.0,0.0,0,0,0,0.016984126984126983,0.01671875,"{""0"": 27, ""1"": 48, ""2"": 17, ""3"": 7, ""4"": 1}",100,862546,910750.0,1560759.9999999998,2274300
baseline,,0.1,9999,device-5,100,98,2,0.98,0.02,2,0,0,0.040634920634920635,0.04,"{""0"": 3, ""1"": 14, ""2"": 33, ""3"": 34, ""4"": 8, ""5"": 6, ""6"": 2}",100,1160292,995450.0,1954734.9999999995,3082300
noise_sweep,0,0.0,1111,device-0,100,100,0,1.0,0.0,0,0,0,0.0,0.0,"{""0"": 100}",100,161762,144850.0,253800.0,349100
noise_sweep,0,0.0,1111,device-1,100,100,0,1.0,0.0,0,0,0,0.0,0.0,"{""0"": 100}",100,152567,141650.0,206805.0,331500
noise_sweep,0,0.0,1111,device-2,100,100,0,1.0,0.0,0,0,0,0.0,0.0,"{""0"": 100}",100,155264,141000.0,249769.99999999997,299200
noise_sweep,0,0.0,1111,device-3,100,100,0,1.0,0.0,0,0,0,0.0,0.0,"{""0"": 100}",100,156448,139400.0,256329.99999999994,307200
noise_sweep,0,0.0,1111,device-4,100,100,0,1.0,0.0,0,0,0,0.0,0.0,"{""0"": 100}",100,162617,144500.0,244045.0,419000
noise_sweep,0,0.0,1111,device-5,100,100,0,1.0,0.0,0,0,0,0.0,0.0,"{""0"": 100}",100,159130,142400.0,256379.99999999994,331600
noise_sweep,0,0.0,1122,device-0,100,100,0,1.0,0.0,0,0,0,0.0,0.0,"{""0"": 100}",100,217670,229050.0,314384.99999999994,389900
noise_sweep,0,0.0,1122,device-1,100,100,0,1.0,0.0,0,0,0,0.0,0.0,"{""0"": 100}",100,160253,147050.0,229534.99999999997,311300
noise_sweep,0,0.0,1122,device-2,100,100,0,1.0,0.0,0,0,0,0.0,0.0,"{""0"": 100}",100,162910,146150.0,219755.0,297200
noise_sweep,0,0.0,1122,device-3,100,100,0,1.0,0.0,0,0,0,0.0,0.0,"{""0"": 100}",100,153723,142100.0,209725.0,317600
noise_sweep,0,0.0,1122,device-4,100,100,0,1.0,0.0,0,0,0,0.0,0.0,"{""0"": 100}",100,163274,144500.0,259669.99999999994,312700
noise_sweep,0,0.0,1122,device-5,100,100,0,1.0,0.0,0,0,0,0.0,0.0,"{""0"": 100}",100,152737,142150.0,202264.99999999997,260500
noise_sweep,0,0.0,1234,device-0,100,100,0,1.0,0.0,0,0,0,0.0,0.0,"{""0"": 100}",100,163554,147900.0,242455.0,284900
noise_sweep,0,0.0,1234,device-1,100,100,0,1.0,0.0,0,0,0,0.0,0.0,"{""0"": 100}",100,156989,143700.0,217324.99999999997,267600
noise_sweep,0,0.0,1234,device-2,100,100,0,1.0,0.0,0,0,0,0.0,0.0,"{""0"": 100}",100,155437,144700.0,214344.99999999997,318700
noise_sweep,0,0.0,1234,device-3,100,100,0,1.0,0.0,0,0,0,0.0,0.0,"{""0"": 100}",100,149121,138950.0,199409.99999999997,269500
noise_sweep,0,0.0,1234,device-4,100,100,0,1.0,0.0,0,0,0,0.0,0.0,"{""0"": 100}",100,146996,137500.0,193539.99999999997,281200
noise_sweep,0,0.0,1234,device-5,100,100,0,1.0,0.0,0,0,0,0.0,0.0,"{""0"": 100}",100,162120,142250.0,231519.99999999997,496500
noise_sweep,0,0.0,2121,device-0,100,100,0,1.0,0.0,0,0,0,0.0,0.0,"{""0"": 100}",100,159158,138300.0,227925.0,549500
noise_sweep,0,0.0,2121,device-1,100,100,0,1.0,0.0,0,0,0,0.0,0.0,"{""0"": 100}",100,162063,142150.0,278339.99999999994,350600
noise_sweep,0,0.0,2121,device-2,100,100,0,1.0,0.0,0,0,0,0.0,0.0,"{""0"": 100}",100,153813,142250.0,206905.0,259700
noise_sweep,0,0.0,2121,device-3,100,100,0,1.0,0.0,0,0,0,0.0,0.0,"{""0"": 100}",100,160694,143200.0,233140.0,339900
noise_sweep,0,0.0,2121,device-4,100,100,0,1.0,0.0,0,0,0,0.0,0.0,"{""0"": 100}",100,149970,139550.0,196049.9999999999,261800
noise_sweep,0,0.0,2121,device-5,100,100,0,1.0,0.0,0,0,0,0.0,0.0,"{""0"": 100}",100,164119,151200.0,231610.0,261400
noise_sweep,0,0.0,2222,device-0,100,100,0,1.0,0.0,0,0,0,0.0,0.0,"{""0"": 100}",100,177383,145800.0,289295.0,416400
noise_sweep,0,0.0,2222,device-1,100,100,0,1.0,0.0,0,0,0,0.0,0.0,"{""0"": 100}",100,152414,141450.0,194634.99999999997,300500
noise_sweep,0,0.0,2222,device-2,100,100,0,1.0,0.0,0,0,0,0.0,0.0,"{""0"": 100}",100,149150,139800.0,183504.99999999997,258500
noise_sweep,0,0.0,2222,device-3,100,100,0,1.0,0.0,0,0,0,0.0,0.0,"{""0"": 100}",100,162171,148200.0,226380.0,356000
noise_sweep,0,0.0,2222,device-4,100,100,0,1.0,0.0,0,0,0,0.0,0.0,"{""0"": 100}",100,213016,198350.0,279900.0,640100
noise_sweep,0,0.0,2222,device-5,100,100,0,1.0,0.0,0,0,0,0.0,0.0,"{""0"": 100}",100,191843,180700.0,272195.0,307000
noise_sweep,0,0.0,2391,device-0,100,100,0,1.0,0.0,0,0,0,0.0,0.0,"{""0"": 100}",100,204053,196750.0,257105.0,455600
noise_sweep,0,0.0,2391,device-1,100,100,0,1.0,0.0,0,0,0,0.0,0.0,"{""0"": 100}",100,197840,182400.0,306469.99999999994,550800
noise_sweep,0,0.0,2391,device-2,100,100,0,1.0,0.0,0,0,0,0.0,0.0,"{""0"": 100}",100,153771,141050.0,218210.0,293100
noise_sweep,0,0.0,2391,device-3,100,100,0,1.0,0.0,0,0,0,0.0,0.0,"{""0"": 100}",100,161214,147800.0,211100.0,318300
noise_sweep,0,0.0,2391,device-4,100,100,0,1.0,0.0,0,0,0,0.0,0.0,"{""0"": 100}",100,160788,147300.0,223729.99999999994,374200
noise_sweep,0,0.0,2391,device-5,100,100,0,1.0,0.0,0,0,0,0.0,0.0,"{""0"": 100}",100,160466,144150.0,253870.0,326100
noise_sweep,0,0.0,3232,device-0,100,100,0,1.0,0.0,0,0,0,0.0,0.0,"{""0"": 100}",100,176036,146000.0,303314.99999999994,527100
noise_sweep,0,0.0,3232,device-1,100,100,0,1.0,0.0,0,0,0,0.0,0.0,"{""0"": 100}",100,150758,138800.0,204639.99999999997,301200
noise_sweep,0,0.0,3232,device-2,100,100,0,1.0,0.0,0,0,0,0.0,0.0,"{""0"": 100}",100,157016,147550.0,216905.0,256000
noise_sweep,0,0.0,3232,device-3,100,100,0,1.0,0.0,0,0,0,0.0,0.0,"{""0"": 100}",100,163451,148100.0,236415.0,314900
noise_sweep,0,0.0,3232,device-4,100,100,0,1.0,0.0,0,0,0,0.0,0.0,"{""0"": 100}",100,149430,138950.0,215809.99999999997,307200
noise_sweep,0,0.0,3232,device-5,100,100,0,1.0,0.0,0,0,0,0.0,0.0,"{""0"": 100}",100,145605,137600.0,187940.0,239500
noise_sweep,0,0.0,3333,device-0,100,100,0,1.0,0.0,0,0,0,0.0,0.0,"{""0"": 100}",100,152466,140350.0,205974.99999999997,241900
noise_sweep,0,0.0,3333,device-1,100,100,0,1.0,0.0,0,0,0,0.0,0.0,"{""0"": 100}",100,153366,140500.0,222860.0,288500
noise_sweep,0,0.0,3333,device-2,100,100,0,1.0,0.0,0,0,0,0.0,0.0,"{""0"": 100}",100,169376,144100.0,276694.9999999999,353200
noise_sweep,0,0.0,3333,device-3,100,100,0,1.0,0.0,0,0,0,0.0,0.0,"{""0"": 100}",100,171489,155650.0,245780.0,319100
noise_sweep,0,0.0,3333,device-4,100,100,0,1.0,0.0,0,0,0,0.0,0.0,"{""0"": 100}",100,148090,138750.0,200425.0,297400
noise_sweep,0,0.0,3333,device-5,100,100,0,1.0,0.0,0,0,0,0.0,0.0,"{""0"": 100}",100,151634,139700.0,208309.99999999997,250300
noise_sweep,0,0.0,4321,device-0,100,100,0,1.0,0.0,0,0,0,0.0,0.0,"{""0"": 100}",100,158715,143700.0,219880.0,378800
noise_sweep,0,0.0,4321,device-1,100,100,0,1.0,0.0,0,0,0,0.0,0.0,"{""0"": 100}",100,159233,145150.0,217820.0,343200
noise_sweep,0,0.0,4321,device-2,100,100,0,1.0,0.0,0,0,0,0.0,0.0,"{""0"": 100}",100,151933,138900.0,216100.0,275800
noise_sweep,0,0.0,4321,device-3,100,100,0,1.0,0.0,0,0,0,0.0,0.0,"{""0"": 100}",100,173145,155600.0,236920.0,715400
noise_sweep,0,0.0,4321,device-4,100,100,0,1.0,0.0,0,0,0,0.0,0.0,"{""0"": 100}",100,177231,144950.0,296360.0,366500
noise_sweep,0,0.0,4321,device-5,100,100,0,1.0,0.0,0,0,0,0.0,0.0,"{""0"": 100}",100,172552,155450.0,260819.99999999997,362800
noise_sweep,0,0.0,4433,device-0,100,100,0,1.0,0.0,0,0,0,0.0,0.0,"{""0"": 100}",100,156083,140900.0,223389.99999999997,245500
noise_sweep,0,0.0,4433,device-1,100,100,0,1.0,0.0,0,0,0,0.0,0.0,"{""0"": 100}",100,159539,144650.0,221685.0,329800
noise_sweep,0,0.0,4433,device-2,100,100,0,1.0,0.0,0,0,0,0.0,0.0,"{""0"": 100}",100,163227,145950.0,254874.9999999999,344200
noise_sweep,0,0.0,4433,device-3,100,100,0,1.0,0.0,0,0,0,0.0,0.0,"{""0"": 100}",100,149827,142250.0,194945.0,234500
noise_sweep,0,0.0,4433,device-4,100,100,0,1.0,0.0,0,0,0,0.0,0.0,"{""0"": 100}",100,156489,142100.0,230555.0,276000
noise_sweep,0,0.0,4433,device-5,100,100,0,1.0,0.0,0,0,0,0.0,0.0,"{""0"": 100}",100,152133,141950.0,198740.0,352300
noise_sweep,0,0.0,4444,device-0,100,100,0,1.0,0.0,0,0,0,0.0,0.0,"{""0"": 100}",100,159894,145950.0,232429.99999999997,282700
noise_sweep,0,0.0,4444,device-1,100,100,0,1.0,0.0,0,0,0,0.0,0.0,"{""0"": 100}",100,152650,141050.0,217915.0,317400
noise_sweep,0,0.0,4444,device-2,100,100,0,1.0,0.0,0,0,0,0.0,0.0,"{""0"": 100}",100,153379,142500.0,208305.0,290500
noise_sweep,0,0.0,4444,device-3,100,100,0,1.0,0.0,0,0,0,0.0,0.0,"{""0"": 100}",100,187556,151950.0,290690.0,341100
noise_sweep,0,0.0,4444,device-4,100,100,0,1.0,0.0,0,0,0,0.0,0.0,"{""0"": 100}",100,162135,149600.0,218194.99999999994,322600
noise_sweep,0,0.0,4444,device-5,100,100,0,1.0,0.0,0,0,0,0.0,0.0,"{""0"": 100}",100,154832,140150.0,231669.99999999997,295100
noise_sweep,0,0.0,5426,device-0,100,100,0,1.0,0.0,0,0,0,0.0,0.0,"{""0"": 100}",100,171989,143200.0,300784.9999999999,760800
noise_sweep,0,0.0,5426,device-1,100,100,0,1.0,0.0,0,0,0,0.0,0.0,"{""0"": 100}",100,158690,146550.0,218564.99999999997,318500
noise_sweep,0,0.0,5426,device-2,100,100,0,1.0,0.0,0,0,0,0.0,0.0,"{""0"": 100}",100,159887,144000.0,219459.99999999994,306700
noise_sweep,0,0.0,5426,device-3,100,100,0,1.0,0.0,0,0,0,0.0,0.0,"{""0"": 100}",100,156346,140950.0,236609.99999999997,348900
noise_sweep,0,0.0,5426,device-4,100,100,0,1.0,0.0,0,0,0,0.0,0.0,"{""0"": 100}",100,147219,138250.0,189834.99999999997,290900
noise_sweep,0,0.0,5426,device-5,100,100,0,1.0,0.0,0,0,0,0.0,0.0,"{""0"": 100}",100,163631,147550.0,230370.0,470500
noise_sweep,0,0.0,5555,device-0,100,100,0,1.0,0.0,0,0,0,0.0,0.0,"{""0"": 100}",100,159945,145100.0,236075.0,296100
noise_sweep,0,0.0,5555,device-1,100,100,0,1.0,0.0,0,0,0,0.0,0.0,"{""0"": 100}",100,157394,139850.0,237709.99999999997,343400
noise_sweep,0,0.0,5555,device-2,100,100,0,1.0,0.0,0,0,0,0.0,0.0,"{""0"": 100}",100,159532,146500.0,229429.99999999997,288400
noise_sweep,0,0.0,5555,device-3,100,100,0,1.0,0.0,0,0,0,0.0,0.0,"{""0"": 100}",100,182293,149350.0,286225.0,335000
noise_sweep,0,0.0,5555,device-4,100,100,0,1.0,0.0,0,0,0,0.0,0.0,"{""0"": 100}",100,147898,136600.0,214489.99999999997,302200
noise_sweep,0,0.0,5555,device-5,100,100,0,1.0,0.0,0,0,0,0.0,0.0,"{""0"": 100}",100,150583,139400.0,201320.0,347800
noise_sweep,0,0.0,6543,device-0,100,100,0,1.0,0.0,0,0,0,0.0,0.0,"{""0"": 100}",100,157940,148150.0,212660.0,343200
noise_sweep,0,0.0,6543,device-1,100,100,0,1.0,0.0,0,0,0,0.0,0.0,"{""0"": 100}",100,157075,144800.0,217565.0,305400
noise_sweep,0,0.0,6543,device-2,100,100,0,1.0,0.0,0,0,0,0.0,0.0,"{""0"": 100}",100,152158,140750.0,215389.99999999997,250300
noise_sweep,0,0.0,6543,device-3,100,100,0,1.0,0.0,0,0,0,0.0,0.0,"{""0"": 100}",100,155593,140050.0,242215.0,308700
noise_sweep,0,0.0,6543,device-4,100,100,0,1.0,0.0,0,0,0,0.0,0.0,"{""0"": 100}",100,167515,157150.0,228729.99999999997,324300
noise_sweep,0,0.0,6543,device-5,100,100,0,1.0,0.0,0,0,0,0.0,0.0,"{""0"": 100}",100,188839,182850.0,259745.0,536200
noise_sweep,0,0.0,6666,device-0,100,100,0,1.0,0.0,0,0,0,0.0,0.0,"{""0"": 100}",100,230603,215600.0,352704.9999999999,509200
noise_sweep,0,0.0,6666,device-1,100,100,0,1.0,0.0,0,0,0,0.0,0.0,"{""0"": 100}",100,232203,205750.0,341940.0,1255100
noise_sweep,0,0.0,6666,device-2,100,100,0,1.0,0.0,0,0,0,0.0,0.0,"{""0"": 100}",100,186827,185050.0,226520.0,341400
noise_sweep,0,0.0,6666,device-3,100,100,0,1.0,0.0,0,0,0,0.0,0.0,"{""0"": 100}",100,170548,160800.0,240474.99999999997,364500
noise_sweep,0,0.0,6666,device-4,100,100,0,1.0,0.0,0,0,0,0.0,0.0,"{""0"": 100}",100,152797,140250.0,219025.0,279000
noise_sweep,0,0.0,6666,device-5,100,100,0,1.0,0.0,0,0,0,0.0,0.0,"{""0"": 100}",100,164528,150150.0,223885.0,340700
noise_sweep,0,0.0,7654,device-0,100,100,0,1.0,0.0,0,0,0,0.0,0.0,"{""0"": 100}",100,158351,145850.0,212150.0,291200
noise_sweep,0,0.0,7654,device-1,100,100,0,1.0,0.0,0,0,0,0.0,0.0,"{""0"": 100}",100,171466,146750.0,282135.0,344300
noise_sweep,0,0.0,7654,device-2,100,100,0,1.0,0.0,0,0,0,0.0,0.0,"{""0"": 100}",100,189244,153750.0,297890.0,385100
noise_sweep,0,0.0,7654,device-3,100,100,0,1.0,0.0,0,0,0,0.0,0.0,"{""0"": 100}",100,154197,142400.0,205735.0,310900
noise_sweep,0,0.0,7654,device-4,100,100,0,1.0,0.0,0,0,0,0.0,0.0,"{""0"": 100}",100,178579,148450.0,277359.99999999994,411100
noise_sweep,0,0.0,7654,device-5,100,100,0,1.0,0.0,0,0,0,0.0,0.0,"{""0"": 100}",100,158476,147200.0,206284.99999999997,332500
noise_sweep,0,0.0,7777,device-0,100,100,0,1.0,0.0,0,0,0,0.0,0.0,"{""0"": 100}",100,152400,141750.0,200249.99999999997,293700
noise_sweep,0,0.0,7777,device-1,100,100,0,1.0,0.0,0,0,0,0.0,0.0,"{""0"": 100}",100,159448,141700.0,225534.9999999999,409200
noise_sweep,0,0.0,7777,device-2,100,100,0,1.0,0.0,0,0,0,0.0,0.0,"{""0"": 100}",100,200060,167800.0,340940.0,376000
noise_sweep,0,0.0,7777,device-3,100,100,0,1.0,0.0,0,0,0,0.0,0.0,"{""0"": 100}",100,153930,142700.0,216919.99999999997,298000
noise_sweep,0,0.0,7777,device-4,100,100,0,1.0,0.0,0,0,0,0.0,0.0,"{""0"": 100}",100,164691,146450.0,269650.0,370000
noise_sweep,0,0.0,7777,device-5,100,100,0,1.0,0.0,0,0,0,0.0,0.0,"{""0"": 100}",100,150926,139000.0,201990.0,323600
noise_sweep,0,0.0,8231,device-0,100,100,0,1.0,0.0,0,0,0,0.0,0.0,"{""0"": 100}",100,154902,143150.0,203785.0,318900
noise_sweep,0,0.0,8231,device-1,100,100,0,1.0,0.0,0,0,0,0.0,0.0,"{""0"": 100}",100,172531,143650.0,258594.99999999988,1128700
noise_sweep,0,0.0,8231,device-2,100,100,0,1.0,0.0,0,0,0,0.0,0.0,"{""0"": 100}",100,164391,148850.0,235564.99999999997,313400
noise_sweep,0,0.0,8231,device-3,100,100,0,1.0,0.0,0,0,0,0.0,0.0,"{""0"": 100}",100,195792,175700.0,317850.0,360100
noise_sweep,0,0.0,8231,device-4,100,100,0,1.0,0.0,0,0,0,0.0,0.0,"{""0"": 100}",100,161152,145700.0,220875.0,337100
noise_sweep,0,0.0,8231,device-5,100,100,0,1.0,0.0,0,0,0,0.0,0.0,"{""0"": 100}",100,154156,141550.0,221604.99999999997,343700
noise_sweep,0,0.0,8888,device-0,100,100,0,1.0,0.0,0,0,0,0.0,0.0,"{""0"": 100}",100,159964,144150.0,227845.0,282600
noise_sweep,0,0.0,8888,device-1,100,100,0,1.0,0.0,0,0,0,0.0,0.0,"{""0"": 100}",100,174703,143200.0,302310.0,392900
noise_sweep,0,0.0,8888,device-2,100,100,0,1.0,0.0,0,0,0,0.0,0.0,"{""0"": 100}",100,155818,142400.0,205229.99999999994,287600
noise_sweep,0,0.0,8888,device-3,100,100,0,1.0,0.0,0,0,0,0.0,0.0,"{""0"": 100}",100,146054,136650.0,196710.0,280400
noise_sweep,0,0.0,8888,device-4,100,100,0,1.0,0.0,0,0,0,0.0,0.0,"{""0"": 100}",100,158143,142750.0,220284.99999999997,328400
noise_sweep,0,0.0,8888,device-5,100,100,0,1.0,0.0,0,0,0,0.0,0.0,"{""0"": 100}",100,170906,153350.0,274870.0,325300
noise_sweep,0,0.0,9999,device-0,100,100,0,1.0,0.0,0,0,0,0.0,0.0,"{""0"": 100}",100,160406,144850.0,245749.99999999997,302200
noise_sweep,0,0.0,9999,device-1,100,100,0,1.0,0.0,0,0,0,0.0,0.0,"{""0"": 100}",100,154430,142200.0,224599.99999999997,304400
noise_sweep,0,0.0,9999,device-2,100,100,0,1.0,0.0,0,0,0,0.0,0.0,"{""0"": 100}",100,173588,141250.0,281319.99999999994,357300
noise_sweep,0,0.0,9999,device-3,100,100,0,1.0,0.0,0,0,0,0.0,0.0,"{""0"": 100}",100,171531,150800.0,261225.0,310800
noise_sweep,0,0.0,9999,device-4,100,100,0,1.0,0.0,0,0,0,0.0,0.0,"{""0"": 100}",100,149641,136250.0,204274.99999999994,270400
noise_sweep,0,0.0,9999,device-5,100,100,0,1.0,0.0,0,0,0,0.0,0.0,"{""0"": 100}",100,154529,145750.0,214495.0,328300
noise_sweep,1,0.05,1111,device-0,100,100,0,1.0,0.0,0,0,0,0.019365079365079366,0.0190625,"{""0"": 24, ""1"": 40, ""2"": 27, ""3"": 8, ""4"": 1}",100,935136,970650.0,1624165.0,1851900
noise_sweep,1,0.05,1111,device-1,100,100,0,1.0,0.0,0,0,0,0.016984126984126983,0.01671875,"{""0"": 27, ""1"": 43, ""2"": 26, ""3"": 4}",100,873499,919500.0,1721824.9999999998,2426000
noise_sweep,1,0.05,1111,device-2,100,100,0,1.0,0.0,0,0,0,0.0007936507936507937,0.00078125,"{""0"": 95, ""1"": 5}",100,272647,239050.0,399034.9999999986,2030300
noise_sweep,1,0.05,1111,device-3,100,100,0,1.0,0.0,0,0,0,0.012698412698412698,0.0125,"{""0"": 37, ""1"": 49, ""2"": 11, ""3"": 3}",100,752809,885200.0,1478105.0,2239700
noise_sweep,1,0.05,1111,device-4,100,100,0,1.0,0.0,0,0,0,0.02253968253968254,0.0221875,"{""0"": 17, ""1"": 39, ""2"": 33, ""3"": 7, ""4"": 4}",100,1232657,1143500.0,2304985.0,3763500
noise_sweep,1,0.05,1111,device-5,100,100,0,1.0,0.0,0,0,0,0.01650793650793651,0.01625,"{""0"": 30, ""1"": 44, ""2"": 20, ""3"": 4, ""4"": 2}",100,1059495,914300.0,2255645.0,3160900
noise_sweep,1,0.05,1122,device-0,100,100,0,1.0,0.0,0,0,0,0.006507936507936508,0.0134375,"{""0"": 67, ""1"": 25, ""2"": 8}",100,486406,179700.0,1402485.0,1977300
noise_sweep,1,0.05,1122,device-1,100,100,0,1.0,0.0,0,0,0,0.02238095238095238,0.0278125,"{""0"": 20, ""1"": 35, ""2"": 32, ""3"": 10, ""4"": 3}",100,980809,1011450.0,1848040.0,2346300
noise_sweep,1,0.05,1122,device-2,100,100,0,1.0,0.0,0,0,0,0.004920634920634921,0.00484375,"{""0"": 69, ""1"": 31}",100,457907,179950.0,1362179.9999999998,1846900
noise_sweep,1,0.05,1122,device-3,100,100,0,1.0,0.0,0,0,0,0.008253968253968255,0.008125,"{""0"": 54, ""1"": 40, ""2"": 6}",100,685980,235100.0,1705745.0,2790200
noise_sweep,1,0.05,1122,device-4,100,100,0,1.0,0.0,0,0,0,0.018571428571428572,0.01828125,"{""0"": 22, ""1"": 46, ""2"": 25, ""3"": 7}",100,997895,935650.0,2037270.0,3410800
noise_sweep,1,0.05,1122,device-5,100,100,0,1.0,0.0,0,0,0,0.030634920634920636,0.03015625,"{""0"": 8, ""1"": 30, ""2"": 33, ""3"": 20, ""4"": 8, ""5"": 1}",100,1031897,935450.0,1637419.9999999998,2001600
noise_sweep,1,0.05,1234,device-0,100,100,0,1.0,0.0,0,0,0,0.016666666666666666,0.01640625,"{""0"": 25, ""1"": 51, ""2"": 18, ""3"": 6}",100,915468,921650.0,1713459.9999999998,1987200
noise_sweep,1,0.05,1234,device-1,100,100,0,1.0,0.0,0,0,0,0.013968253968253968,0.01640625,"{""0"": 37, ""1"": 41, ""2"": 19, ""3"": 3}",100,782772,886100.0,1826489.9999999998,2287600
noise_sweep,1,0.05,1234,device-2,100,100,0,1.0,0.0,0,0,0,0.006666666666666667,0.0065625,"{""0"": 64, ""1"": 30, ""2"": 6}",100,503201,184350.0,1423089.9999999995,2000700
noise_sweep,1,0.05,1234,device-3,100,100,0,1.0,0.0,0,0,0,0.016984126984126983,0.01671875,"{""0"": 30, ""1"": 41, ""2"": 22, ""3"": 6, ""4"": 1}",100,824331,901300.0,1552740.0,1839600
noise_sweep,1,0.05,1234,device-4,100,100,0,1.0,0.0,0,0,0,0.002857142857142857,0.0028125,"{""0"": 83, ""1"": 16, ""2"": 1}",100,318527,148000.0,1249214.9999999998,1767600
noise_sweep,1,0.05,1234,device-5,100,100,0,1.0,0.0,0,0,0,0.007936507936507936,0.0078125,"{""0"": 52, ""1"": 46, ""2"": 2}",100,635884,295750.0,1495454.9999999993,2115200
noise_sweep,1,0.05,2121,device-0,100,100,0,1.0,0.0,0,0,0,0.004761904761904762,0.0046875,"{""0"": 71, ""1"": 28, ""2"": 1}",100,442366,182600.0,1352344.9999999998,2250600
noise_sweep,1,0.05,2121,device-1,100,100,0,1.0,0.0,0,0,0,0.00873015873015873,0.00859375,"{""0"": 52, ""1"": 41, ""2"": 7}",100,938323,330400.0,2424925.0,2913500
noise_sweep,1,0.05,2121,device-2,100,100,0,1.0,0.0,0,0,0,0.00873015873015873,0.00859375,"{""0"": 50, ""1"": 45, ""2"": 5}",100,811779,554900.0,2178625.0,2892300
noise_sweep,1,0.05,2121,device-3,100,100,0,1.0,0.0,0,0,0,0.01253968253968254,0.01234375,"{""0"": 43, ""1"": 40, ""2"": 12, ""3"": 5}",100,712117,863350.0,1646555.0,2088400
noise_sweep,1,0.05,2121,device-4,100,100,0,1.0,0.0,0,0,0,0.018253968253968255,0.01796875,"{""0"": 22, ""1"": 47, ""2"": 25, ""3"": 6}",100,935386,904500.0,1801195.0,2322900
noise_sweep,1,0.05,2121,device-5,100,99,1,0.99,0.01,1,0,0,0.031746031746031744,0.03125,"{""0"": 9, ""1"": 28, ""2"": 36, ""3"": 13, ""4"": 10, ""5"": 3, ""6"": 1}",100,1034160,955650.0,1633449.9999999993,2622800
noise_sweep,1,0.05,2222,device-0,100,100,0,1.0,0.0,0,0,0,0.0019047619047619048,0.001875,"{""0"": 89, ""1"": 10, ""2"": 1}",100,282665,153200.0,1192255.0,1520000
noise_sweep,1,0.05,2222,device-1,100,100,0,1.0,0.0,0,0,0,0.010317460317460317,0.01015625,"{""0"": 47, ""1"": 42, ""2"": 10, ""3"": 1}",100,642615,853850.0,1428465.0,1875500
noise_sweep,1,0.05,2222,device-2,100,100,0,1.0,0.0,0,0,0,0.0006349206349206349,0.000625,"{""0"": 96, ""1"": 4}",100,193720,148700.0,259424.99999999997,1211900
noise_sweep,1,0.05,2222,device-3,100,100,0,1.0,0.0,0,0,0,0.020317460317460317,0.028125,"{""0"": 21, ""1"": 43, ""2"": 25, ""3"": 9, ""4"": 2}",100,906468,895550.0,1540009.9999999998,2532300
noise_sweep,1,0.05,2222,device-4,100,100,0,1.0,0.0,0,0,0,0.010158730158730159,0.01,"{""0"": 50, ""1"": 38, ""2"": 10, ""3"": 2}",100,653085,577950.0,1486120.0,1928800
noise_sweep,1,0.05,2222,device-5,100,100,0,1.0,0.0,0,0,0,0.019682539682539683,0.019375,"{""0"": 19, ""1"": 48, ""2"": 26, ""3"": 4, ""4"": 3}",100,930999,927050.0,1667080.0,1948100
noise_sweep,1,0.05,2391,device-0,100,100,0,1.0,0.0,0,0,0,0.014761904761904763,0.01453125,"{""0"": 35, ""1"": 40, ""2"": 22, ""3"": 3}",100,787520,876600.0,1613369.9999999998,2070300
noise_sweep,1,0.05,2391,device-1,100,100,0,1.0,0.0,0,0,0,0.024603174603174603,0.02421875,"{""0"": 11, ""1"": 35, ""2"": 42, ""3"": 12}",100,969003,942450.0,1422814.9999999998,1873800
noise_sweep,1,0.05,2391,device-2,100,100,0,1.0,0.0,0,0,0,0.029523809523809525,0.0290625,"{""0"": 8, ""1"": 36, ""2"": 28, ""3"": 21, ""4"": 4, ""5"": 3}",100,1042324,996000.0,1619439.9999999998,1954400
noise_sweep,1,0.05,2391,device-3,100,100,0,1.0,0.0,0,0,0,0.012222222222222223,0.01203125,"{""0"": 36, ""1"": 51, ""2"": 13}",100,1037769,927250.0,2274045.0,3353600
noise_sweep,1,0.05,2391,device-4,100,100,0,1.0,0.0,0,0,0,0.017142857142857144,0.016875,"{""0"": 21, ""1"": 52, ""2"": 25, ""3"": 2}",100,1112781,935150.0,2509385.0,3744800
noise_sweep,1,0.05,2391,device-5,100,100,0,1.0,0.0,0,0,0,0.027301587301587302,0.026875,"{""0"": 15, ""1"": 29, ""2"": 32, ""3"": 17, ""4"": 7}",100,985207,959100.0,1625114.9999999998,2636000
noise_sweep,1,0.05,3232,device-0,100,100,0,1.0,0.0,0,0,0,0.02761904761904762,0.0271875,"{""0"": 15, ""1"": 32, ""2"": 25, ""3"": 20, ""4"": 8}",100,1032628,963950.0,1804915.0,2869200
noise_sweep,1,0.05,3232,device-1,100,100,0,1.0,0.0,0,0,0,0.02,0.0196875,"{""0"": 26, ""1"": 37, ""2"": 27, ""3"": 6, ""4"": 3, ""5"": 1}",100,874919,908000.0,1740670.0,1996900
noise_sweep,1,0.05,3232,device-2,100,100,0,1.0,0.0,0,0,0,0.014761904761904763,0.01453125,"{""0"": 32, ""1"": 45, ""2"": 21, ""3"": 2}",100,841163,895900.0,1753349.9999999998,2239600
noise_sweep,1,0.05,3232,device-3,100,100,0,1.0,0.0,0,0,0,0.0007936507936507937,0.00078125,"{""0"": 95, ""1"": 5}",100,204903,142850.0,280914.99999999825,1554900
noise_sweep,1,0.05,3232,device-4,100,100,0,1.0,0.0,0,0,0,0.009841269841269842,0.0096875,"{""0"": 54, ""1"": 32, ""2"": 12, ""3"": 2}",100,582251,219900.0,1377979.9999999998,1784500
noise_sweep,1,0.05,3232,device-5,100,100,0,1.0,0.0,0,0,0,0.005238095238095238,0.00515625,"{""0"": 70, ""1"": 28, ""2"": 1, ""3"": 1}",100,480512,185550.0,1470665.0,2118100
noise_sweep,1,0.05,3333,device-0,100,100,0,1.0,0.0,0,0,0,0.010158730158730159,0.01,"{""0"": 49, ""1"": 40, ""2"": 9, ""3"": 2}",100,661818,830800.0,1535209.9999999995,1986600
noise_sweep,1,0.05,3333,device-1,100,100,0,1.0,0.0,0,0,0,0.022857142857142857,0.0225,"{""0"": 16, ""1"": 38, ""2"": 34, ""3"": 10, ""4"": 2}",100,966783,956150.0,1632179.9999999998,2118600
noise_sweep,1,0.05,3333,device-2,100,100,0,1.0,0.0,0,0,0,0.018253968253968255,0.01796875,"{""0"": 22, ""1"": 49, ""2"": 21, ""3"": 8}",100,969761,994450.0,1810770.0,2080000
noise_sweep,1,0.05,3333,device-3,100,100,0,1.0,0.0,0,0,0,0.0077777777777777776,0.00765625,"{""0"": 58, ""1"": 35, ""2"": 7}",100,560023,198100.0,1460839.9999999998,1664900
noise_sweep,1,0.05,3333,device-4,100,100,0,1.0,0.0,0,0,0,0.013650793650793651,0.0134375,"{""0"": 37, ""1"": 43, ""2"": 17, ""3"": 3}",100,791377,888050.0,1623254.9999999998,1725600
noise_sweep,1,0.05,3333,device-5,100,100,0,1.0,0.0,0,0,0,0.035873015873015876,0.0353125,"{""0"": 5, ""1"": 23, ""2"": 31, ""3"": 28, ""4"": 8, ""5"": 5}",100,1551873,1512650.0,2500674.9999999995,3513400
noise_sweep,1,0.05,4321,device-0,100,100,0,1.0,0.0,0,0,0,0.021111111111111112,0.02078125,"{""0"": 16, ""1"": 49, ""2"": 23, ""3"": 10, ""4"": 2}",100,1001027,969950.0,1816770.0,2466400
noise_sweep,1,0.05,4321,device-1,100,100,0,1.0,0.0,0,0,0,0.015238095238095238,0.015,"{""0"": 35, ""1"": 38, ""2"": 24, ""3"": 2, ""4"": 1}",100,824587,880850.0,1778849.9999999995,2730200
noise_sweep,1,0.05,4321,device-2,100,100,0,1.0,0.0,0,0,0,0.015238095238095238,0.015,"{""0"": 36, ""1"": 38, ""2"": 20, ""3"": 6}",100,776344,881600.0,1718740.0,2235600
noise_sweep,1,0.05,4321,device-3,100,100,0,1.0,0.0,0,0,0,0.010317460317460317,0.01015625,"{""0"": 45, ""1"": 47, ""2"": 7, ""4"": 1}",100,995449,862400.0,2767225.0,4607900
noise_sweep,1,0.05,4321,device-4,100,100,0,1.0,0.0,0,0,0,0.009523809523809525,0.009375,"{""0"": 52, ""1"": 36, ""2"": 12}",100,647342,274900.0,1563550.0,1978900
noise_sweep,1,0.05,4321,device-5,100,100,0,1.0,0.0,0,0,0,0.017777777777777778,0.0196875,"{""0"": 27, ""1"": 42, ""2"": 23, ""3"": 8}",100,890761,938200.0,1624330.0,1754000
noise_sweep,1,0.05,4433,device-0,100,100,0,1.0,0.0,0,0,0,0.0019047619047619048,0.001875,"{""0"": 88, ""1"": 12}",100,275470,155800.0,1088405.0,1561100
noise_sweep,1,0.05,4433,device-1,100,100,0,1.0,0.0,0,0,0,0.004761904761904762,0.00515625,"{""0"": 71, ""1"": 28, ""2"": 1}",100,434234,172400.0,1334950.0,1965600
noise_sweep,1,0.05,4433,device-2,100,100,0,1.0,0.0,0,0,0,0.02095238095238095,0.020625,"{""0"": 19, ""1"": 45, ""2"": 23, ""3"": 11, ""4"": 2}",100,915024,931000.0,1558994.9999999998,2002400
noise_sweep,1,0.05,4433,device-3,100,100,0,1.0,0.0,0,0,0,0.005238095238095238,0.00515625,"{""0"": 72, ""1"": 23, ""2"": 5}",100,424115,182100.0,1310364.9999999998,1535000
noise_sweep,1,0.05,4433,device-4,100,100,0,1.0,0.0,0,0,0,0.0,0.0,"{""0"": 100}",100,158768,145000.0,227739.9999999999,292300
noise_sweep,1,0.05,4433,device-5,100,100,0,1.0,0.0,0,0,0,0.020793650793650795,0.02046875,"{""0"": 21, ""1"": 40, ""2"": 26, ""3"": 13}",100,1047030,974350.0,2186865.0,4066500
noise_sweep,1,0.05,4444,device-0,100,100,0,1.0,0.0,0,0,0,0.01126984126984127,0.01109375,"{""0"": 41, ""1"": 47, ""2"": 12}",100,818043,880950.0,1793774.9999999998,2451100
noise_sweep,1,0.05,4444,device-1,100,100,0,1.0,0.0,0,0,0,0.009047619047619047,0.00890625,"{""0"": 56, ""1"": 32, ""2"": 11, ""3"": 1}",100,576763,252950.0,1434935.0,2071900
noise_sweep,1,0.05,4444,device-2,100,100,0,1.0,0.0,0,0,0,0.015396825396825397,0.0153125,"{""0"": 24, ""1"": 57, ""2"": 17, ""3"": 2}",100,1345405,1450450.0,2497165.0,3527100
noise_sweep,1,0.05,4444,device-3,100,100,0,1.0,0.0,0,0,0,0.014285714285714285,0.0140625,"{""0"": 27, ""1"": 56, ""2"": 17}",100,884975,930600.0,1764564.9999999998,1939800
noise_sweep,1,0.05,4444,device-4,100,100,0,1.0,0.0,0,0,0,0.0173015873015873,0.01703125,"{""0"": 30, ""1"": 39, ""2"": 23, ""3"": 8}",100,851160,947950.0,1595549.9999999998,2164100
noise_sweep,1,0.05,4444,device-5,100,100,0,1.0,0.0,0,0,0,0.036349206349206346,0.03578125,"{""0"": 8, ""1"": 19, ""2"": 31, ""3"": 26, ""4"": 10, ""5"": 6}",100,1086913,1049200.0,1747575.0,1931400
noise_sweep,1,0.05,5426,device-0,100,100,0,1.0,0.0,0,0,0,0.01126984126984127,0.01109375,"{""0"": 48, ""1"": 33, ""2"": 19}",100,695766,851150.0,1768384.9999999995,2997700
noise_sweep,1,0.05,5426,device-1,100,100,0,1.0,0.0,0,0,0,0.008888888888888889,0.00875,"{""0"": 54, ""1"": 37, ""2"": 8, ""3"": 1}",100,602657,235750.0,1568344.9999999998,2047700
noise_sweep,1,0.05,5426,device-2,100,100,0,1.0,0.0,0,0,0,0.01746031746031746,0.0171875,"{""0"": 30, ""1"": 37, ""2"": 26, ""3"": 7}",100,1067373,1066600.0,2042130.0,2386900
noise_sweep,1,0.05,5426,device-3,100,100,0,1.0,0.0,0,0,0,0.008412698412698413,0.00828125,"{""0"": 61, ""1"": 28, ""2"": 8, ""3"": 3}",100,827192,222150.0,2147220.0,2419300
noise_sweep,1,0.05,5426,device-4,100,100,0,1.0,0.0,0,0,0,0.026507936507936508,0.028125,"{""0"": 17, ""1"": 26, ""2"": 36, ""3"": 15, ""4"": 6}",100,1570681,1724050.0,2282390.0,3623900
noise_sweep,1,0.05,5426,device-5,100,100,0,1.0,0.0,0,0,0,0.012857142857142857,0.01265625,"{""0"": 48, ""1"": 29, ""2"": 18, ""3"": 4, ""4"": 1}",100,985050,1444500.0,1975305.0,2320600
noise_sweep,1,0.05,5555,device-0,100,100,0,1.0,0.0,0,0,0,0.0346031746031746,0.0340625,"{""0"": 4, ""1"": 25, ""2"": 32, ""3"": 31, ""4"": 4, ""5"": 4}",100,1863604,1878950.0,2447845.0,3930700
noise_sweep,1,0.05,5555,device-1,100,100,0,1.0,0.0,0,0,0,0.016825396825396827,0.0165625,"{""0"": 28, ""1"": 42, ""2"": 26, ""3"": 4}",100,1331201,1311150.0,2636815.0,3518000
noise_sweep,1,0.05,5555,device-2,100,100,0,1.0,0.0,0,0,0,0.02126984126984127,0.0209375,"{""0"": 16, ""1"": 43, ""2"": 32, ""3"": 9}",100,1452999,1596500.0,2524595.0,3020300
noise_sweep,1,0.05,5555,device-3,100,100,0,1.0,0.0,0,0,0,0.007619047619047619,0.0075,"{""0"": 56, ""1"": 41, ""2"": 2, ""3"": 1}",100,790554,274450.0,1936375.0,3820600
noise_sweep,1,0.05,5555,device-4,100,100,0,1.0,0.0,0,0,0,0.012063492063492064,0.011875,"{""0"": 39, ""1"": 47, ""2"": 13, ""3"": 1}",100,911539,895950.0,1968264.9999999998,2138200
noise_sweep,1,0.05,5555,device-5,100,100,0,1.0,0.0,0,0,0,0.019682539682539683,0.019375,"{""0"": 23, ""1"": 39, ""2"": 30, ""3"": 7, ""4"": 1}",100,1122301,1015600.0,2105815.0,3021900
noise_sweep,1,0.05,6543,device-0,100,100,0,1.0,0.0,0,0,0,0.010317460317460317,0.013125,"{""0"": 41, ""1"": 53, ""2"": 6}",100,896504,885450.0,1982849.9999999998,2501500
noise_sweep,1,0.05,6543,device-1,100,100,0,1.0,0.0,0,0,0,0.018412698412698412,0.018125,"{""0"": 25, ""1"": 41, ""2"": 28, ""3"": 5, ""4"": 1}",100,1148649,1097700.0,2050054.9999999995,2486700
noise_sweep,1,0.05,6543,device-2,100,100,0,1.0,0.0,0,0,0,0.011904761904761904,0.01484375,"{""0"": 39, ""1"": 49, ""2"": 10, ""3"": 2}",100,907701,898000.0,1887065.0,2767900
noise_sweep,1,0.05,6543,device-3,100,100,0,1.0,0.0,0,0,0,0.009047619047619047,0.00890625,"{""0"": 50, ""1"": 43, ""2"": 7}",100,996310,650850.0,2761025.0,3681300
noise_sweep,1,0.05,6543,device-4,100,100,0,1.0,0.0,0,0,0,0.034761904761904765,0.03421875,"{""0"": 10, ""1"": 17, ""2"": 35, ""3"": 22, ""4"": 14, ""5"": 2}",100,1382553,1217500.0,2324635.0,3389800
noise_sweep,1,0.05,6543,device-5,100,100,0,1.0,0.0,0,0,0,0.01650793650793651,0.01625,"{""0"": 31, ""1"": 41, ""2"": 21, ""3"": 7}",100,1245355,1188900.0,2525835.0,3130200
noise_sweep,1,0.05,6666,device-0,100,100,0,1.0,0.0,0,0,0,0.00015873015873015873,0.00015625,"{""0"": 99, ""1"": 1}",100,166082,143100.0,242904.99999999994,918300
noise_sweep,1,0.05,6666,device-1,100,100,0,1.0,0.0,0,0,0,0.0033333333333333335,0.00328125,"{""0"": 79, ""1"": 21}",100,376954,160250.0,1416789.9999999995,1981800
noise_sweep,1,0.05,6666,device-2,100,100,0,1.0,0.0,0,0,0,0.025555555555555557,0.02515625,"{""0"": 13, ""1"": 41, ""2"": 24, ""3"": 17, ""4"": 4, ""5"": 1}",100,987489,978250.0,1575980.0,2111600
noise_sweep,1,0.05,6666,device-3,100,100,0,1.0,0.0,0,0,0,0.03873015873015873,0.038125,"{""0"": 8, ""1"": 19, ""2"": 19, ""3"": 35, ""4"": 13, ""5"": 6}",100,1129658,1016250.0,1833790.0,3155000
noise_sweep,1,0.05,6666,device-4,100,100,0,1.0,0.0,0,0,0,0.014444444444444444,0.01421875,"{""0"": 37, ""1"": 39, ""2"": 20, ""3"": 4}",100,831269,901950.0,1862685.0,3569000
noise_sweep,1,0.05,6666,device-5,100,100,0,1.0,0.0,0,0,0,0.02507936507936508,0.0246875,"{""0"": 16, ""1"": 35, ""2"": 32, ""3"": 11, ""4"": 4, ""5"": 2}",100,978012,955200.0,1675804.9999999998,1855700
noise_sweep,1,0.05,7654,device-0,100,100,0,1.0,0.0,0,0,0,0.029047619047619048,0.02859375,"{""0"": 10, ""1"": 28, ""2"": 38, ""3"": 18, ""4"": 5, ""5"": 1}",100,1066656,1018850.0,1802240.0,2094400
noise_sweep,1,0.05,7654,device-1,100,100,0,1.0,0.0,0,0,0,0.01904761904761905,0.01875,"{""0"": 25, ""1"": 39, ""2"": 29, ""3"": 5, ""4"": 2}",100,869192,906200.0,1628065.0,1886700
noise_sweep,1,0.05,7654,device-2,100,100,0,1.0,0.0,0,0,0,0.003492063492063492,0.0090625,"{""0"": 80, ""1"": 18, ""2"": 2}",100,387328,194900.0,1270449.9999999998,2258700
noise_sweep,1,0.05,7654,device-3,100,100,0,1.0,0.0,0,0,0,0.02761904761904762,0.0271875,"{""0"": 12, ""1"": 30, ""2"": 36, ""3"": 16, ""4"": 6}",100,1021616,971500.0,1694429.9999999998,2294700
noise_sweep,1,0.05,7654,device-4,100,100,0,1.0,0.0,0,0,0,0.014126984126984127,0.01390625,"{""0"": 33, ""1"": 47, ""2"": 18, ""3"": 2}",100,782111,879450.0,1472419.9999999998,1964700
noise_sweep,1,0.05,7654,device-5,100,100,0,1.0,0.0,0,0,0,0.02253968253968254,0.02234375,"{""0"": 22, ""1"": 34, ""2"": 27, ""3"": 14, ""4"": 3}",100,934813,969800.0,1585915.0,1966200
noise_sweep,1,0.05,7777,device-0,100,100,0,1.0,0.0,0,0,0,0.010317460317460317,0.01015625,"{""0"": 42, ""1"": 51, ""2"": 7}",100,1167432,1031850.0,2535769.9999999995,3052600
noise_sweep,1,0.05,7777,device-1,100,100,0,1.0,0.0,0,0,0,0.017936507936507938,0.01765625,"{""0"": 25, ""1"": 48, ""2"": 18, ""3"": 7, ""4"": 2}",100,881569,953000.0,1543540.0,1966600
noise_sweep,1,0.05,7777,device-2,100,100,0,1.0,0.0,0,0,0,0.022698412698412697,0.02234375,"{""0"": 13, ""1"": 42, ""2"": 34, ""3"": 11}",100,1058242,966250.0,1921404.9999999995,2839900
noise_sweep,1,0.05,7777,device-3,100,99,1,0.99,0.01,1,0,0,0.02603174603174603,0.025625,"{""0"": 15, ""1"": 31, ""2"": 33, ""3"": 19, ""4"": 1, ""6"": 1}",100,1083579,1023050.0,2039305.0,2284700
noise_sweep,1,0.05,7777,device-4,100,100,0,1.0,0.0,0,0,0,0.02238095238095238,0.02203125,"{""0"": 24, ""1"": 30, ""2"": 29, ""3"": 15, ""4"": 2}",100,941441,970900.0,1730154.9999999998,2712400
noise_sweep,1,0.05,7777,device-5,100,100,0,1.0,0.0,0,0,0,0.031746031746031744,0.03125,"{""0"": 13, ""1"": 24, ""2"": 26, ""3"": 25, ""4"": 11, ""5"": 1}",100,1010007,974100.0,1640325.0,2061200
noise_sweep,1,0.05,8231,device-0,100,100,0,1.0,0.0,0,0,0,0.024285714285714285,0.02390625,"{""0"": 21, ""1"": 27, ""2"": 35, ""3"": 12, ""4"": 5}",100,944578,933150.0,1810120.0,2131800
noise_sweep,1,0.05,8231,device-1,100,100,0,1.0,0.0,0,0,0,0.018571428571428572,0.01828125,"{""0"": 22, ""1"": 46, ""2"": 26, ""3"": 5, ""4"": 1}",100,874901,900950.0,1552519.9999999998,1980600
noise_sweep,1,0.05,8231,device-2,100,100,0,1.0,0.0,0,0,0,0.016984126984126983,0.01671875,"{""0"": 25, ""1"": 47, ""2"": 24, ""3"": 4}",100,850070,901150.0,1521095.0,2008000
noise_sweep,1,0.05,8231,device-3,100,100,0,1.0,0.0,0,0,0,0.01984126984126984,0.01953125,"{""0"": 24, ""1"": 40, ""2"": 24, ""3"": 11, ""4"": 1}",100,897559,908900.0,1680405.0,2125200
noise_sweep,1,0.05,8231,device-4,100,100,0,1.0,0.0,0,0,0,0.01984126984126984,0.01953125,"{""0"": 27, ""1"": 35, ""2"": 26, ""3"": 10, ""4"": 2}",100,837528,906000.0,1550060.0,1984800
noise_sweep,1,0.05,8231,device-5,100,100,0,1.0,0.0,0,0,0,0.011904761904761904,0.01171875,"{""0"": 39, ""1"": 48, ""2"": 12, ""3"": 1}",100,775211,864500.0,1687754.9999999998,2434500
noise_sweep,1,0.05,8888,device-0,100,100,0,1.0,0.0,0,0,0,0.01650793650793651,0.01875,"{""0"": 29, ""1"": 43, ""2"": 23, ""3"": 5}",100,1292340,1328600.0,2613675.0,3155300
noise_sweep,1,0.05,8888,device-1,100,100,0,1.0,0.0,0,0,0,0.01650793650793651,0.01625,"{""0"": 32, ""1"": 39, ""2"": 22, ""3"": 7}",100,804723,890350.0,1682170.0,2198100
noise_sweep,1,0.05,8888,device-2,100,100,0,1.0,0.0,0,0,0,0.015238095238095238,0.015,"{""0"": 31, ""1"": 43, ""2"": 25, ""3"": 1}",100,823662,879350.0,1569000.0,3182400
noise_sweep,1,0.05,8888,device-3,100,99,1,0.99,0.01,1,0,0,0.03746031746031746,0.036875,"{""0"": 4, ""1"": 18, ""2"": 33, ""3"": 31, ""4"": 12, ""5"": 1, ""6"": 1}",100,1101824,970800.0,1794905.0,2299900
noise_sweep,1,0.05,8888,device-4,100,100,0,1.0,0.0,0,0,0,0.006190476190476191,0.00609375,"{""0"": 64, ""1"": 33, ""2"": 3}",100,516000,199750.0,1507125.0,1805400
noise_sweep,1,0.05,8888,device-5,100,100,0,1.0,0.0,0,0,0,0.020634920634920634,0.0203125,"{""0"": 22, ""1"": 40, ""2"": 25, ""3"": 12, ""4"": 1}",100,891227,908400.0,1630439.9999999998,2019800
noise_sweep,1,0.05,9999,device-0,100,100,0,1.0,0.0,0,0,0,0.013015873015873015,0.0128125,"{""0"": 40, ""1"": 44, ""2"": 11, ""3"": 4, ""4"": 1}",100,713477,861000.0,1460539.9999999998,2037000
noise_sweep,1,0.05,9999,device-1,100,100,0,1.0,0.0,0,0,0,0.029047619047619048,0.02859375,"{""0"": 11, ""1"": 27, ""2"": 34, ""3"": 24, ""4"": 4}",100,1018730,939000.0,1664990.0,2180300
noise_sweep,1,0.05,9999,device-2,100,100,0,1.0,0.0,0,0,0,0.018571428571428572,0.01828125,"{""0"": 25, ""1"": 41, ""2"": 26, ""3"": 8}",100,862316,888600.0,1600565.0,2038200
noise_sweep,1,0.05,9999,device-3,100,100,0,1.0,0.0,0,0,0,0.015714285714285715,0.01546875,"{""0"": 23, ""1"": 57, ""2"": 18, ""3"": 2}",100,873671,884850.0,1603329.9999999998,1863100
noise_sweep,1,0.05,9999,device-4,100,100,0,1.0,0.0,0,0,0,0.005238095238095238,0.00515625,"{""0"": 68, ""1"": 31, ""2"": 1}",100,456638,186950.0,1293780.0,1940800
noise_sweep,1,0.05,9999,device-5,100,100,0,1.0,0.0,0,0,0,0.015873015873015872,0.015625,"{""0"": 32, ""1"": 45, ""2"": 14, ""3"": 9}",100,832320,889500.0,1744374.9999999998,2298600
noise_sweep,2,0.1,1111,device-0,100,97,3,0.97,0.03,3,0,0,0.046031746031746035,0.0453125,"{""0"": 5, ""1"": 15, ""2"": 18, ""3"": 30, ""4"": 14, ""5"": 15, ""6"": 3}",100,1323465,1069050.0,2476810.0,3245200
noise_sweep,2,0.1,1111,device-1,100,100,0,1.0,0.0,0,0,0,0.028888888888888888,0.0284375,"{""0"": 12, ""1"": 31, ""2"": 30, ""3"": 19, ""4"": 6, ""5"": 2}",100,1282596,1098100.0,2443374.9999999995,3177600
noise_sweep,2,0.1,1111,device-2,100,100,0,1.0,0.0,0,0,0,0.012698412698412698,0.0125,"{""0"": 43, ""1"": 35, ""2"": 21, ""3"": 1}",100,767249,885650.0,1650624.9999999993,2528300
noise_sweep,2,0.1,1111,device-3,100,100,0,1.0,0.0,0,0,0,0.029682539682539682,0.02921875,"{""0"": 15, ""1"": 25, ""2"": 31, ""3"": 18, ""4"": 9, ""5"": 2}",100,1053213,966700.0,1894869.9999999998,2237600
noise_sweep,2,0.1,1111,device-4,100,100,0,1.0,0.0,0,0,0,0.035238095238095235,0.035,"{""0"": 2, ""1"": 27, ""2"": 35, ""3"": 22, ""4"": 11, ""5"": 3}",100,1120592,998050.0,1705295.0,2128000
noise_sweep,2,0.1,1111,device-5,100,100,0,1.0,0.0,0,0,0,0.03015873015873016,0.0296875,"{""0"": 12, ""1"": 34, ""2"": 21, ""3"": 23, ""4"": 5, ""5"": 5}",100,1012030,949200.0,1765755.0,1973000
noise_sweep,2,0.1,1122,device-0,100,100,0,1.0,0.0,0,0,0,0.02396825396825397,0.03203125,"{""0"": 17, ""1"": 37, ""2"": 30, ""3"": 12, ""4"": 2, ""5"": 2}",100,935803,909700.0,1618725.0,1845500
noise_sweep,2,0.1,1122,device-1,100,99,1,0.99,0.01,1,0,0,0.03936507936507937,0.045,"{""0"": 3, ""1"": 20, ""2"": 31, ""3"": 26, ""4"": 13, ""5"": 6, ""6"": 1}",100,1076642,973850.0,1593309.9999999998,1758400
noise_sweep,2,0.1,1122,device-2,100,100,0,1.0,0.0,0,0,0,0.01746031746031746,0.01953125,"{""0"": 27, ""1"": 44, ""2"": 21, ""3"": 8}",100,911968,899200.0,1850465.0,3945000
noise_sweep,2,0.1,1122,device-3,100,100,0,1.0,0.0,0,0,0,0.025555555555555557,0.02515625,"{""0"": 15, ""1"": 34, ""2"": 34, ""3"": 12, ""4"": 2, ""5"": 3}",100,986192,959900.0,1658555.0,2311500
noise_sweep,2,0.1,1122,device-4,100,100,0,1.0,0.0,0,0,0,0.025238095238095237,0.02484375,"{""0"": 13, ""1"": 36, ""2"": 36, ""3"": 9, ""4"": 6}",100,966679,946250.0,1588994.9999999995,1928100
noise_sweep,2,0.1,1122,device-5,100,89,11,0.89,0.11,11,0,0,0.05920634920634921,0.05828125,"{""0"": 3, ""1"": 5, ""2"": 14, ""3"": 21, ""4"": 28, ""5"": 18, ""6"": 5, ""7"": 4, ""8"": 1, ""9"": 1}",100,1631020,1621350.0,2670374.9999999995,3160100
noise_sweep,2,0.1,1234,device-0,100,99,1,0.99,0.01,1,0,0,0.029841269841269842,0.029375,"{""0"": 4, ""1"": 40, ""2"": 30, ""3"": 18, ""4"": 7, ""6"": 1}",100,1175964,1018450.0,1977739.9999999998,3626400
noise_sweep,2,0.1,1234,device-1,100,100,0,1.0,0.0,0,0,0,0.03142857142857143,0.03671875,"{""0"": 4, ""1"": 30, ""2"": 38, ""3"": 21, ""4"": 6, ""5"": 1}",100,1041242,948500.0,1611080.0,2093700
noise_sweep,2,0.1,1234,device-2,100,100,0,1.0,0.0,0,0,0,0.017619047619047618,0.01734375,"{""0"": 28, ""1"": 43, ""2"": 20, ""3"": 8, ""4"": 1}",100,865608,913850.0,1670070.0,2109900
noise_sweep,2,0.1,1234,device-3,100,98,2,0.98,0.02,1,1,0,0.03428571428571429,0.03375,"{""0"": 9, ""1"": 22, ""2"": 36, ""3"": 16, ""4"": 13, ""5"": 2, ""6"": 2}",100,1088934,1000300.0,1813050.0,2107700
noise_sweep,2,0.1,1234,device-4,100,100,0,1.0,0.0,0,0,0,0.018095238095238095,0.0178125,"{""0"": 31, ""1"": 36, ""2"": 23, ""3"": 8, ""4"": 2}",100,794144,884000.0,1618415.0,1754800
noise_sweep,2,0.1,1234,device-5,100,100,0,1.0,0.0,0,0,0,0.01888888888888889,0.01859375,"{""0"": 21, ""1"": 47, ""2"": 24, ""3"": 8}",100,945284,916850.0,1808184.9999999998,2289100
noise_sweep,2,0.1,2121,device-0,100,99,1,0.99,0.01,1,0,0,0.02507936507936508,0.0253125,"{""0"": 14, ""1"": 41, ""2"": 27, ""3"": 12, ""4"": 4, ""5"": 1, ""6"": 1}",100,992936,935400.0,1688909.9999999998,2016900
noise_sweep,2,0.1,2121,device-1,100,100,0,1.0,0.0,0,0,0,0.016825396825396827,0.0165625,"{""0"": 28, ""1"": 44, ""2"": 23, ""3"": 4, ""4"": 1}",100,864119,891850.0,1589489.9999999995,2345900
noise_sweep,2,0.1,2121,device-2,100,100,0,1.0,0.0,0,0,0,0.01619047619047619,0.0159375,"{""0"": 32, ""1"": 42, ""2"": 19, ""3"": 6, ""4"": 1}",100,815022,883500.0,1753475.0,2081100
noise_sweep,2,0.1,2121,device-3,100,97,3,0.97,0.03,3,0,0,0.03698412698412699,0.03640625,"{""0"": 9, ""1"": 21, ""2"": 24, ""3"": 31, ""4"": 7, ""5"": 5, ""6"": 3}",100,1028941,946450.0,1798900.0,2173100
noise_sweep,2,0.1,2121,device-4,100,100,0,1.0,0.0,0,0,0,0.02857142857142857,0.028125,"{""0"": 17, ""1"": 25, ""2"": 26, ""3"": 26, ""4"": 5, ""5"": 1}",100,1432185,1443150.0,2818650.0,4636600
noise_sweep,2,0.1,2121,device-5,100,83,17,0.83,0.17,15,1,1,0.06190476190476191,0.0609375,"{""0"": 1, ""1"": 5, ""2"": 12, ""3"": 25, ""4"": 25, ""5"": 15, ""6"": 9, ""7"": 7, ""8"": 1}",100,1239742,1043750.0,2018159.9999999998,3540100
noise_sweep,2,0.1,2222,device-0,100,100,0,1.0,0.0,0,0,0,0.014444444444444444,0.01421875,"{""0"": 40, ""1"": 37, ""2"": 16, ""3"": 6, ""4"": 1}",100,795816,877850.0,1964740.0,2373200
noise_sweep,2,0.1,2222,device-1,100,100,0,1.0,0.0,0,0,0,0.027936507936507936,0.0275,"{""0"": 4, ""1"": 43, ""2"": 31, ""3"": 17, ""4"": 5}",100,1106559,1004950.0,1667699.9999999998,2324700
noise_sweep,2,0.1,2222,device-2,100,100,0,1.0,0.0,0,0,0,0.006190476190476191,0.00609375,"{""0"": 65, ""1"": 31, ""2"": 4}",100,552925,194400.0,1792419.9999999995,2353100
noise_sweep,2,0.1,2222,device-3,100,97,3,0.97,0.03,3,0,0,0.04365079365079365,0.05046875,"{""0"": 5, ""1"": 12, ""2"": 27, ""3"": 28, ""4"": 18, ""5"": 7, ""6"": 3}",100,1450148,1111700.0,2823504.9999999995,5617300
noise_sweep,2,0.1,2222,device-4,100,100,0,1.0,0.0,0,0,0,0.034126984126984124,0.034375,"{""0"": 12, ""1"": 21, ""2"": 30, ""3"": 18, ""4"": 15, ""5"": 4}",100,1066588,1069000.0,1689515.0,2263000
noise_sweep,2,0.1,2222,device-5,100,98,2,0.98,0.02,2,0,0,0.04587301587301587,0.04515625,"{""0"": 1, ""1"": 14, ""2"": 28, ""3"": 27, ""4"": 14, ""5"": 14, ""6"": 2}",100,1174891,1046000.0,1857740.0,2787600
noise_sweep,2,0.1,2391,device-0,100,100,0,1.0,0.0,0,0,0,0.026507936507936508,0.02609375,"{""0"": 15, ""1"": 34, ""2"": 27, ""3"": 17, ""4"": 7}",100,1033428,997650.0,1800989.9999999998,2120200
noise_sweep,2,0.1,2391,device-1,100,100,0,1.0,0.0,0,0,0,0.036825396825396824,0.03640625,"{""0"": 3, ""1"": 17, ""2"": 42, ""3"": 23, ""4"": 13, ""5"": 2}",100,1120370,1002100.0,1650235.0,2019100
noise_sweep,2,0.1,2391,device-2,100,94,6,0.94,0.06,6,0,0,0.04968253968253968,0.04890625,"{""0"": 1, ""1"": 9, ""2"": 24, ""3"": 29, ""4"": 23, ""5"": 8, ""6"": 5, ""7"": 1}",100,1575397,1473300.0,2582549.9999999995,3651100
noise_sweep,2,0.1,2391,device-3,100,100,0,1.0,0.0,0,0,0,0.022063492063492063,0.02171875,"{""0"": 20, ""1"": 36, ""2"": 31, ""3"": 11, ""4"": 2}",100,1030364,946500.0,2032690.0,3954400
noise_sweep,2,0.1,2391,device-4,100,100,0,1.0,0.0,0,0,0,0.021111111111111112,0.02078125,"{""0"": 16, ""1"": 43, ""2"": 33, ""3"": 8}",100,972409,973250.0,1567214.9999999998,2126900
noise_sweep,2,0.1,2391,device-5,100,93,7,0.93,0.07,7,0,0,0.051904761904761905,0.05171875,"{""0"": 2, ""1"": 12, ""2"": 17, ""3"": 26, ""4"": 22, ""5"": 14, ""6"": 4, ""7"": 3}",100,1195842,1088900.0,1886894.9999999998,2682000
noise_sweep,2,0.1,3232,device-0,100,96,4,0.96,0.04,4,0,0,0.04476190476190476,0.0440625,"{""0"": 4, ""1"": 17, ""2"": 22, ""3"": 26, ""4"": 16, ""5"": 11, ""6"": 4}",100,1428209,1217500.0,2843730.0,3220700
noise_sweep,2,0.1,3232,device-1,100,98,2,0.98,0.02,2,0,0,0.044126984126984126,0.0434375,"{""0"": 1, ""1"": 16, ""2"": 28, ""3"": 29, ""4"": 14, ""5"": 10, ""6"": 1, ""7"": 1}",100,1141167,1044550.0,1682255.0,2754100
noise_sweep,2,0.1,3232,device-2,100,99,1,0.99,0.01,1,0,0,0.03015873015873016,0.0296875,"{""0"": 11, ""1"": 35, ""2"": 19, ""3"": 26, ""4"": 7, ""5"": 1, ""6"": 1}",100,1050504,996600.0,1687935.0,2187000
noise_sweep,2,0.1,3232,device-3,100,100,0,1.0,0.0,0,0,0,0.008571428571428572,0.0084375,"{""0"": 59, ""1"": 30, ""2"": 9, ""3"": 2}",100,568697,240600.0,1481430.0,2037700
noise_sweep,2,0.1,3232,device-4,100,100,0,1.0,0.0,0,0,0,0.028095238095238097,0.02765625,"{""0"": 15, ""1"": 32, ""2"": 28, ""3"": 12, ""4"": 12, ""5"": 1}",100,1069038,988100.0,1878870.0,2208800
noise_sweep,2,0.1,3232,device-5,100,100,0,1.0,0.0,0,0,0,0.0173015873015873,0.01703125,"{""0"": 26, ""1"": 46, ""2"": 21, ""3"": 7}",100,908152,922850.0,1779510.0,2258500
noise_sweep,2,0.1,3333,device-0,100,100,0,1.0,0.0,0,0,0,0.024761904761904763,0.024375,"{""0"": 14, ""1"": 37, ""2"": 34, ""3"": 10, ""4"": 4, ""5"": 1}",100,1063190,997650.0,1895084.9999999995,3228700
noise_sweep,2,0.1,3333,device-1,100,99,1,0.99,0.01,1,0,0,0.03888888888888889,0.03828125,"{""0"": 4, ""1"": 22, ""2"": 27, ""3"": 30, ""4"": 7, ""5"": 9, ""6"": 1}",100,1596120,1533900.0,2721114.9999999995,3681300
noise_sweep,2,0.1,3333,device-2,100,100,0,1.0,0.0,0,0,0,0.03698412698412699,0.03640625,"{""0"": 6, ""1"": 23, ""2"": 28, ""3"": 26, ""4"": 9, ""5"": 8}",100,1104192,1076450.0,1612665.0,2217200
noise_sweep,2,0.1,3333,device-3,100,99,1,0.99,0.01,1,0,0,0.02666666666666667,0.02625,"{""0"": 15, ""1"": 35, ""2"": 27, ""3"": 16, ""4"": 5, ""5"": 1, ""6"": 1}",100,961419,957200.0,1610035.0,1753000
noise_sweep,2,0.1,3333,device-4,100,98,2,0.98,0.02,2,0,0,0.035873015873015876,0.0353125,"{""0"": 10, ""1"": 22, ""2"": 27, ""3"": 23, ""4"": 12, ""5"": 4, ""6"": 1, ""7"": 1}",100,1064496,1009500.0,1724190.0,2619700
noise_sweep,2,0.1,3333,device-5,100,97,3,0.97,0.03,3,0,0,0.04476190476190476,0.0440625,"{""0"": 4, ""1"": 15, ""2"": 20, ""3"": 31, ""4"": 19, ""5"": 8, ""6"": 3}",100,1195357,1045150.0,2047769.9999999998,2246800
noise_sweep,2,0.1,4321,device-0,100,100,0,1.0,0.0,0,0,0,0.034444444444444444,0.03390625,"{""0"": 7, ""1"": 20, ""2"": 39, ""3"": 19, ""4"": 13, ""5"": 2}",100,1083172,1023950.0,1618844.9999999998,2178900
noise_sweep,2,0.1,4321,device-1,100,99,1,0.99,0.01,1,0,0,0.03571428571428571,0.03515625,"{""0"": 11, ""1"": 17, ""2"": 32, ""3"": 21, ""4"": 15, ""5"": 3, ""6"": 1}",100,1117044,1067550.0,1930710.0,2299000
noise_sweep,2,0.1,4321,device-2,100,99,1,0.99,0.01,1,0,0,0.03222222222222222,0.03171875,"{""0"": 7, ""1"": 24, ""2"": 39, ""3"": 22, ""4"": 7, ""7"": 1}",100,1049140,1020100.0,1556784.9999999998,1968800
noise_sweep,2,0.1,4321,device-3,100,100,0,1.0,0.0,0,0,0,0.018571428571428572,0.01828125,"{""0"": 31, ""1"": 28, ""2"": 35, ""3"": 5, ""4"": 1}",100,818254,950850.0,1452555.0,1666200
noise_sweep,2,0.1,4321,device-4,100,100,0,1.0,0.0,0,0,0,0.029047619047619048,0.02859375,"{""0"": 10, ""1"": 28, ""2"": 37, ""3"": 21, ""4"": 2, ""5"": 2}",100,990595,933000.0,1542225.0,1752400
noise_sweep,2,0.1,4321,device-5,100,99,1,0.99,0.01,1,0,0,0.034761904761904765,0.03828125,"{""0"": 5, ""1"": 27, ""2"": 32, ""3"": 22, ""4"": 9, ""5"": 4, ""6"": 1}",100,1556199,1572300.0,2551310.0,3662500
noise_sweep,2,0.1,4433,device-0,100,100,0,1.0,0.0,0,0,0,0.00873015873015873,0.00859375,"{""0"": 55, ""1"": 36, ""2"": 8, ""3"": 1}",100,571550,202900.0,1519580.0,1743300
noise_sweep,2,0.1,4433,device-1,100,100,0,1.0,0.0,0,0,0,0.014603174603174604,0.01609375,"{""0"": 36, ""1"": 41, ""2"": 19, ""3"": 3, ""4"": 1}",100,762249,874200.0,1654524.9999999998,2621500
noise_sweep,2,0.1,4433,device-2,100,98,2,0.98,0.02,2,0,0,0.04015873015873016,0.03953125,"{""0"": 7, ""1"": 22, ""2"": 24, ""3"": 17, ""4"": 21, ""5"": 7, ""6"": 1, ""7"": 1}",100,1034593,974950.0,1579095.0,1999800
noise_sweep,2,0.1,4433,device-3,100,100,0,1.0,0.0,0,0,0,0.014285714285714285,0.0140625,"{""0"": 36, ""1"": 42, ""2"": 18, ""3"": 4}",100,827549,916000.0,1731869.9999999998,2204200
noise_sweep,2,0.1,4433,device-4,100,100,0,1.0,0.0,0,0,0,0.005396825396825397,0.0053125,"{""0"": 74, ""1"": 21, ""2"": 2, ""3"": 3}",100,393502,154750.0,1321095.0,1853800
noise_sweep,2,0.1,4433,device-5,100,96,4,0.96,0.04,3,0,1,0.041428571428571426,0.04078125,"{""0"": 6, ""1"": 17, ""2"": 25, ""3"": 28, ""4"": 14, ""5"": 6, ""6"": 4}",100,1123190,1041300.0,1796714.9999999998,1978500
noise_sweep,2,0.1,4444,device-0,100,100,0,1.0,0.0,0,0,0,0.02238095238095238,0.0221875,"{""0"": 17, ""1"": 41, ""2"": 28, ""3"": 12, ""4"": 2}",100,957458,929550.0,1750589.9999999998,2481300
noise_sweep,2,0.1,4444,device-1,100,100,0,1.0,0.0,0,0,0,0.022222222222222223,0.021875,"{""0"": 20, ""1"": 41, ""2"": 22, ""3"": 13, ""4"": 4}",100,958970,972250.0,1727319.9999999998,2058100
noise_sweep,2,0.1,4444,device-2,100,100,0,1.0,0.0,0,0,0,0.03238095238095238,0.03515625,"{""0"": 5, ""1"": 24, ""2"": 44, ""3"": 17, ""4"": 9, ""5"": 1}",100,1149088,1119650.0,1685380.0,2207900
noise_sweep,2,0.1,4444,device-3,100,100,0,1.0,0.0,0,0,0,0.02,0.0196875,"{""0"": 23, ""1"": 38, ""2"": 30, ""3"": 8, ""4"": 1}",100,914748,928450.0,1594759.9999999998,3786700
noise_sweep,2,0.1,4444,device-4,100,98,2,0.98,0.02,2,0,0,0.03571428571428571,0.03515625,"{""0"": 4, ""1"": 23, ""2"": 38, ""3"": 21, ""4"": 9, ""5"": 3, ""6"": 2}",100,1137935,1028900.0,1828154.9999999995,3096300
noise_sweep,2,0.1,4444,device-5,100,83,17,0.83,0.17,16,0,1,0.05920634920634921,0.05828125,"{""1"": 8, ""2"": 14, ""3"": 26, ""4"": 25, ""5"": 10, ""6"": 12, ""7"": 4, ""9"": 1}",100,1656183,1620650.0,2779580.0,3315700
noise_sweep,2,0.1,5426,device-0,100,100,0,1.0,0.0,0,0,0,0.026825396825396825,0.02640625,"{""0"": 10, ""1"": 37, ""2"": 31, ""3"": 19, ""4"": 2, ""5"": 1}",100,1048198,982800.0,1765410.0,2495000
noise_sweep,2,0.1,5426,device-1,100,100,0,1.0,0.0,0,0,0,0.026507936507936508,0.02609375,"{""0"": 12, ""1"": 38, ""2"": 28, ""3"": 15, ""4"": 7}",100,1007117,955500.0,1638840.0,2272400
noise_sweep,2,0.1,5426,device-2,100,99,1,0.99,0.01,1,0,0,0.03507936507936508,0.03453125,"{""0"": 9, ""1"": 21, ""2"": 27, ""3"": 32, ""4"": 6, ""5"": 4, ""6"": 1}",100,1070452,1001250.0,1701115.0,2042600
noise_sweep,2,0.1,5426,device-3,100,100,0,1.0,0.0,0,0,0,0.022222222222222223,0.021875,"{""0"": 17, ""1"": 44, ""2"": 27, ""3"": 7, ""4"": 4, ""5"": 1}",100,944934,941500.0,1607145.0,2090500
noise_sweep,2,0.1,5426,device-4,100,89,11,0.89,0.11,11,0,0,0.056984126984126984,0.06125,"{""0"": 3, ""1"": 5, ""2"": 21, ""3"": 18, ""4"": 23, ""5"": 19, ""6"": 6, ""7"": 5}",100,1626813,1200300.0,3105334.9999999995,5131100
noise_sweep,2,0.1,5426,device-5,100,97,3,0.97,0.03,3,0,0,0.04507936507936508,0.044375,"{""0"": 2, ""1"": 13, ""2"": 24, ""3"": 36, ""4"": 13, ""5"": 9, ""6"": 3}",100,2132921,2001550.0,2991345.0,8727700
noise_sweep,2,0.1,5555,device-0,100,96,4,0.96,0.04,4,0,0,0.04587301587301587,0.045625,"{""0"": 5, ""1"": 16, ""2"": 20, ""3"": 25, ""4"": 19, ""5"": 11, ""6"": 1, ""7"": 3}",100,1783499,1783750.0,2305930.0,3405900
noise_sweep,2,0.1,5555,device-1,100,100,0,1.0,0.0,0,0,0,0.027936507936507936,0.0275,"{""0"": 13, ""1"": 26, ""2"": 36, ""3"": 22, ""4"": 3}",100,1980251,2037500.0,3100084.9999999995,4244200
noise_sweep,2,0.1,5555,device-2,100,100,0,1.0,0.0,0,0,0,0.035873015873015876,0.0353125,"{""0"": 3, ""1"": 26, ""2"": 30, ""3"": 27, ""4"": 11, ""5"": 3}",100,1263725,1044750.0,2158259.9999999986,5882800
noise_sweep,2,0.1,5555,device-3,100,99,1,0.99,0.01,1,0,0,0.030952380952380953,0.03046875,"{""0"": 13, ""1"": 28, ""2"": 26, ""3"": 22, ""4"": 8, ""5"": 2, ""7"": 1}",100,1020175,959100.0,1880889.9999999998,2521300
noise_sweep,2,0.1,5555,device-4,100,100,0,1.0,0.0,0,0,0,0.029682539682539682,0.02921875,"{""0"": 10, ""1"": 28, ""2"": 37, ""3"": 18, ""4"": 4, ""5"": 3}",100,1096787,1017050.0,1883224.9999999998,2189100
noise_sweep,2,0.1,5555,device-5,100,100,0,1.0,0.0,0,0,0,0.033174603174603176,0.03265625,"{""0"": 6, ""1"": 21, ""2"": 42, ""3"": 22, ""4"": 7, ""5"": 2}",100,1104213,1017500.0,1848420.0,2632600
noise_sweep,2,0.1,6543,device-0,100,100,0,1.0,0.0,0,0,0,0.022698412698412697,0.02671875,"{""0"": 17, ""1"": 43, ""2"": 24, ""3"": 12, ""4"": 4}",100,967855,960100.0,1616219.9999999993,2013500
noise_sweep,2,0.1,6543,device-1,100,100,0,1.0,0.0,0,0,0,0.03238095238095238,0.031875,"{""0"": 8, ""1"": 23, ""2"": 37, ""3"": 23, ""4"": 7, ""5"": 2}",100,1204552,1053100.0,2136765.0,3135500
noise_sweep,2,0.1,6543,device-2,100,100,0,1.0,0.0,0,0,0,0.02857142857142857,0.0325,"{""0"": 12, ""1"": 34, ""2"": 25, ""3"": 22, ""4"": 5, ""5"": 2}",100,972043,947100.0,1605945.0,1749500
noise_sweep,2,0.1,6543,device-3,100,100,0,1.0,0.0,0,0,0,0.026825396825396825,0.02640625,"{""0"": 11, ""1"": 35, ""2"": 35, ""3"": 14, ""4"": 3, ""5"": 2}",100,1089176,1033800.0,1825249.9999999998,3363400
noise_sweep,2,0.1,6543,device-4,100,91,9,0.91,0.09,6,2,1,0.05380952380952381,0.05296875,"{""1"": 10, ""2"": 20, ""3"": 25, ""4"": 20, ""5"": 16, ""6"": 9}",100,1721117,1809900.0,2557460.0,3021500
noise_sweep,2,0.1,6543,device-5,100,99,1,0.99,0.01,1,0,0,0.0326984126984127,0.0321875,"{""0"": 6, ""1"": 31, ""2"": 29, ""3"": 24, ""4"": 6, ""5"": 3, ""6"": 1}",100,1080298,1030150.0,1645780.0,1919300
noise_sweep,2,0.1,6666,device-0,100,100,0,1.0,0.0,0,0,0,0.004761904761904762,0.0046875,"{""0"": 72, ""1"": 26, ""2"": 2}",100,428790,174250.0,1376465.0,1728200
noise_sweep,2,0.1,6666,device-1,100,100,0,1.0,0.0,0,0,0,0.012063492063492064,0.01203125,"{""0"": 42, ""1"": 41, ""2"": 16, ""3"": 1}",100,749039,872000.0,1550169.9999999998,2455000
noise_sweep,2,0.1,6666,device-2,100,99,1,0.99,0.01,1,0,0,0.038253968253968255,0.03765625,"{""0"": 5, ""1"": 23, ""2"": 20, ""3"": 35, ""4"": 13, ""5"": 3, ""6"": 1}",100,1182136,1052350.0,1806649.9999999998,3191700
noise_sweep,2,0.1,6666,device-3,100,97,3,0.97,0.03,3,0,0,0.04555555555555556,0.04484375,"{""0"": 5, ""1"": 10, ""2"": 22, ""3"": 30, ""4"": 25, ""5"": 5, ""6"": 3}",100,1055332,990100.0,1554090.0,2230200
noise_sweep,2,0.1,6666,device-4,100,100,0,1.0,0.0,0,0,0,0.029682539682539682,0.02921875,"{""0"": 9, ""1"": 31, ""2"": 34, ""3"": 17, ""4"": 8, ""5"": 1}",100,1057850,1008000.0,1579409.9999999998,2422300
noise_sweep,2,0.1,6666,device-5,100,99,1,0.99,0.01,1,0,0,0.0426984126984127,0.04234375,"{""0"": 3, ""1"": 13, ""2"": 32, ""3"": 26, ""4"": 17, ""5"": 8, ""6"": 1}",100,1123746,1044350.0,1768700.0,2055800
noise_sweep,2,0.1,7654,device-0,100,99,1,0.99,0.01,1,0,0,0.04047619047619048,0.03984375,"{""0"": 3, ""1"": 20, ""2"": 25, ""3"": 28, ""4"": 20, ""5"": 3, ""6"": 1}",100,1139544,1019750.0,1724289.9999999998,2366500
noise_sweep,2,0.1,7654,device-1,100,99,1,0.99,0.01,1,0,0,0.04,0.039375,"{""0"": 4, ""1"": 18, ""2"": 26, ""3"": 32, ""4"": 15, ""5"": 4, ""6"": 1}",100,1468889,1540850.0,2242975.0,2742200
noise_sweep,2,0.1,7654,device-2,100,100,0,1.0,0.0,0,0,0,0.01888888888888889,0.025625,"{""0"": 25, ""1"": 42, ""2"": 22, ""3"": 11}",100,1560497,1709750.0,2714329.999999999,4380500
noise_sweep,2,0.1,7654,device-3,100,95,5,0.95,0.05,5,0,0,0.04317460317460318,0.0425,"{""0"": 4, ""1"": 18, ""2"": 26, ""3"": 24, ""4"": 16, ""5"": 7, ""6"": 4, ""7"": 1}",100,2016609,1948750.0,3198630.0,3670300
noise_sweep,2,0.1,7654,device-4,100,100,0,1.0,0.0,0,0,0,0.022698412698412697,0.02234375,"{""0"": 12, ""1"": 46, ""2"": 32, ""3"": 7, ""4"": 3}",100,1156521,1053950.0,2085650.0,2667100
noise_sweep,2,0.1,7654,device-5,100,96,4,0.96,0.04,4,0,0,0.05238095238095238,0.05390625,"{""1"": 9, ""2"": 19, ""3"": 26, ""4"": 30, ""5"": 12, ""6"": 3, ""7"": 1}",100,1221575,1049650.0,2030770.0,2889000
noise_sweep,2,0.1,7777,device-0,100,100,0,1.0,0.0,0,0,0,0.028253968253968254,0.0278125,"{""0"": 12, ""1"": 36, ""2"": 24, ""3"": 18, ""4"": 10}",100,1012620,992750.0,1595034.9999999998,2544100
noise_sweep,2,0.1,7777,device-1,100,100,0,1.0,0.0,0,0,0,0.03619047619047619,0.035625,"{""0"": 8, ""1"": 14, ""2"": 36, ""3"": 30, ""4"": 8, ""5"": 4}",100,1084028,1031350.0,1749610.0,2005800
noise_sweep,2,0.1,7777,device-2,100,97,3,0.97,0.03,3,0,0,0.042222222222222223,0.0415625,"{""0"": 6, ""1"": 13, ""2"": 26, ""3"": 28, ""4"": 22, ""5"": 2, ""6"": 2, ""7"": 1}",100,1136207,1060650.0,1651784.9999999988,2803600
noise_sweep,2,0.1,7777,device-3,100,94,6,0.94,0.06,5,0,1,0.05238095238095238,0.0515625,"{""0"": 2, ""1"": 7, ""2"": 23, ""3"": 24, ""4"": 22, ""5"": 16, ""6"": 5, ""7"": 1}",100,1195557,1108500.0,1746089.9999999998,2553500
noise_sweep,2,0.1,7777,device-4,100,98,2,0.98,0.02,2,0,0,0.04015873015873016,0.03953125,"{""0"": 5, ""1"": 16, ""2"": 27, ""3"": 32, ""4"": 15, ""5"": 3, ""6"": 2}",100,1118004,1033700.0,1592539.9999999995,2138200
noise_sweep,2,0.1,7777,device-5,100,97,3,0.97,0.03,3,0,0,0.04984126984126984,0.04984375,"{""0"": 1, ""1"": 9, ""2"": 21, ""3"": 29, ""4"": 28, ""5"": 9, ""6"": 2, ""7"": 1}",100,1821436,1836650.0,2720840.0,3411400
noise_sweep,2,0.1,8231,device-0,100,98,2,0.98,0.02,2,0,0,0.03968253968253968,0.0390625,"{""0"": 4, ""1"": 23, ""2"": 29, ""3"": 18, ""4"": 17, ""5"": 7, ""6"": 2}",100,1111017,1027250.0,1696340.0,2436500
noise_sweep,2,0.1,8231,device-1,100,100,0,1.0,0.0,0,0,0,0.02873015873015873,0.02828125,"{""0"": 9, ""1"": 28, ""2"": 41, ""3"": 18, ""4"": 3, ""5"": 1}",100,1080101,997450.0,1862270.0,2572800
noise_sweep,2,0.1,8231,device-2,100,99,1,0.99,0.01,1,0,0,0.0380952380952381,0.0375,"{""0"": 3, ""1"": 23, ""2"": 29, ""3"": 25, ""4"": 17, ""5"": 2, ""6"": 1}",100,1145001,1058550.0,1790940.0,2300600
noise_sweep,2,0.1,8231,device-3,100,100,0,1.0,0.0,0,0,0,0.03301587301587302,0.0325,"{""0"": 8, ""1"": 23, ""2"": 35, ""3"": 23, ""4"": 9, ""5"": 2}",100,1107902,1073300.0,1624084.9999999998,2181100
noise_sweep,2,0.1,8231,device-4,100,95,5,0.95,0.05,5,0,0,0.040317460317460314,0.0396875,"{""0"": 8, ""1"": 15, ""2"": 26, ""3"": 32, ""4"": 10, ""5"": 4, ""6"": 4, ""7"": 1}",100,1087037,1042600.0,1745819.9999999998,2152500
noise_sweep,2,0.1,8231,device-5,100,100,0,1.0,0.0,0,0,0,0.027142857142857142,0.02671875,"{""0"": 11, ""1"": 35, ""2"": 33, ""3"": 15, ""4"": 5, ""5"": 1}",100,1028199,1000650.0,1694039.999999999,2396500
noise_sweep,2,0.1,8888,device-0,100,100,0,1.0,0.0,0,0,0,0.022857142857142857,0.02796875,"{""0"": 15, ""1"": 40, ""2"": 34, ""3"": 8, ""4"": 3}",100,983181,961500.0,1608214.9999999998,1826300
noise_sweep,2,0.1,8888,device-1,100,99,1,0.99,0.01,1,0,0,0.03222222222222222,0.03171875,"{""0"": 8, ""1"": 29, ""2"": 32, ""3"": 19, ""4"": 8, ""5"": 3, ""6"": 1}",100,1113076,997200.0,2048520.0,2517700
noise_sweep,2,0.1,8888,device-2,100,100,0,1.0,0.0,0,0,0,0.019523809523809523,0.01921875,"{""0"": 18, ""1"": 45, ""2"": 33, ""3"": 4}",100,979419,992750.0,1788140.0,2167900
noise_sweep,2,0.1,8888,device-3,100,93,7,0.93,0.07,7,0,0,0.057777777777777775,0.056875,"{""0"": 1, ""1"": 3, ""2"": 16, ""3"": 28, ""4"": 27, ""5"": 18, ""6"": 3, ""7"": 3, ""8"": 1}",100,1669212,1705150.0,2822425.0,3307000
noise_sweep,2,0.1,8888,device-4,100,100,0,1.0,0.0,0,0,0,0.022698412698412697,0.02234375,"{""0"": 21, ""1"": 35, ""2"": 29, ""3"": 11, ""4"": 3, ""5"": 1}",100,919571,948200.0,1547199.9999999995,2027200
noise_sweep,2,0.1,8888,device-5,100,100,0,1.0,0.0,0,0,0,0.03571428571428571,0.035625,"{""0"": 8, ""1"": 18, ""2"": 36, ""3"": 21, ""4"": 13, ""5"": 4}",100,1067406,985500.0,1777364.9999999998,2021600
noise_sweep,2,0.1,9999,device-0,100,100,0,1.0,0.0,0,0,0,0.027936507936507936,0.0275,"{""0"": 14, ""1"": 28, ""2"": 32, ""3"": 22, ""4"": 2, ""5"": 2}",100,1089085,1062050.0,1945675.0,2369500
noise_sweep,2,0.1,9999,device-1,100,92,8,0.92,0.08,7,1,0,0.055396825396825396,0.05453125,"{""0"": 2, ""1"": 5, ""2"": 19, ""3"": 26, ""4"": 23, ""5"": 17, ""6"": 5, ""7"": 3}",100,1154093,1024100.0,1751524.9999999998,2197900
noise_sweep,2,0.1,9999,device-2,100,100,0,1.0,0.0,0,0,0,0.023333333333333334,0.02296875,"{""0"": 19, ""1"": 33, ""2"": 34, ""3"": 11, ""4"": 2, ""5"": 1}",100,999183,933350.0,1932275.0,2352500
noise_sweep,2,0.1,9999,device-3,100,100,0,1.0,0.0,0,0,0,0.02253968253968254,0.0221875,"{""0"": 17, ""1"": 40, ""2"": 32, ""3"": 6, ""4"": 5}",100,1131069,1036050.0,2118890.0,2683200
noise_sweep,2,0.1,9999,device-4,100,100,0,1.0,0.0,0,0,0,0.014920634920634921,0.0146875,"{""0"": 34, ""1"": 44, ""2"": 19, ""3"": 1, ""4"": 1, ""5"": 1}",100,816914,904950.0,1796104.9999999998,2386200
noise_sweep,2,0.1,9999,device-5,100,98,2,0.98,0.02,2,0,0,0.039523809523809524,0.03890625,"{""0"": 4, ""1"": 21, ""2"": 27, ""3"": 26, ""4"": 16, ""5"": 4, ""6"": 2}",100,1078691,962200.0,1845924.9999999998,2668200
noise_sweep,3,0.25,1111,device-0,100,41,59,0.41,0.59,56,1,2,0.09476190476190476,0.09328125,"{""1"": 2, ""2"": 4, ""3"": 9, ""4"": 11, ""5"": 15, ""6"": 17, ""7"": 18, ""8"": 10, ""9"": 8, ""10"": 5, ""11"": 1}",100,1151093,969100.0,1882870.0,2370100
noise_sweep,3,0.25,1111,device-1,100,72,28,0.72,0.28,25,0,3,0.0734920634920635,0.07234375,"{""1"": 1, ""2"": 11, ""3"": 17, ""4"": 17, ""5"": 26, ""6"": 14, ""7"": 8, ""8"": 5, ""11"": 1}",100,1683806,1554350.0,2872895.0,3232500
noise_sweep,3,0.25,1111,device-2,100,71,29,0.71,0.29,29,0,0,0.06984126984126984,0.06875,"{""0"": 1, ""1"": 5, ""2"": 9, ""3"": 15, ""4"": 19, ""5"": 22, ""6"": 22, ""7"": 4, ""8"": 2, ""10"": 1}",100,1174801,1053350.0,1799294.9999999998,2376900
noise_sweep,3,0.25,1111,device-3,100,64,36,0.64,0.36,35,0,1,0.08158730158730158,0.0803125,"{""1"": 2, ""2"": 3, ""3"": 6, ""4"": 24, ""5"": 29, ""6"": 18, ""7"": 9, ""8"": 6, ""9"": 2, ""10"": 1}",100,1120271,1027150.0,1621965.0,2212700
noise_sweep,3,0.25,1111,device-4,100,59,41,0.59,0.41,38,2,1,0.08507936507936507,0.08625,"{""1"": 1, ""2"": 4, ""3"": 11, ""4"": 17, ""5"": 26, ""6"": 17, ""7"": 11, ""8"": 6, ""9"": 3, ""10"": 3, ""12"": 1}",100,1111194,991700.0,1686284.9999999995,2080600
noise_sweep,3,0.25,1111,device-5,100,65,35,0.65,0.35,33,2,0,0.07698412698412699,0.07640625,"{""1"": 2, ""2"": 9, ""3"": 10, ""4"": 23, ""5"": 21, ""6"": 19, ""7"": 9, ""8"": 3, ""9"": 3, ""10"": 1}",100,1126764,1014750.0,1725995.0,1958400
noise_sweep,3,0.25,1122,device-0,100,89,11,0.89,0.11,9,2,0,0.056666666666666664,0.0640625,"{""0"": 2, ""1"": 6, ""2"": 16, ""3"": 26, ""4"": 23, ""5"": 16, ""6"": 8, ""7"": 3}",100,1139163,996000.0,1802995.0,2333900
noise_sweep,3,0.25,1122,device-1,100,47,53,0.47,0.53,49,2,2,0.09126984126984126,0.0965625,"{""1"": 2, ""2"": 1, ""3"": 7, ""4"": 13, ""5"": 24, ""6"": 21, ""7"": 17, ""8"": 6, ""9"": 6, ""10"": 2, ""11"": 1}",100,1090663,983850.0,1593039.9999999998,3647300
noise_sweep,3,0.25,1122,device-2,100,84,16,0.84,0.16,16,0,0,0.06333333333333334,0.06765625,"{""1"": 5, ""2"": 12, ""3"": 25, ""4"": 22, ""5"": 20, ""6"": 9, ""7"": 3, ""8"": 4}",100,1151082,1042350.0,1743004.9999999998,2092700
noise_sweep,3,0.25,1122,device-3,100,75,25,0.75,0.25,22,0,3,0.06873015873015872,0.06765625,"{""1"": 5, ""2"": 11, ""3"": 17, ""4"": 23, ""5"": 19, ""6"": 13, ""7"": 8, ""8"": 2, ""9"": 2}",100,1133178,973950.0,1771670.0,2694500
noise_sweep,3,0.25,1122,device-4,100,77,23,0.77,0.23,22,1,0,0.06666666666666667,0.065625,"{""0"": 1, ""1"": 8, ""2"": 12, ""3"": 14, ""4"": 19, ""5"": 23, ""6"": 12, ""7"": 7, ""8"": 3, ""10"": 1}",100,1085373,975750.0,1614855.0,2077200
noise_sweep,3,0.25,1122,device-5,100,35,65,0.35,0.65,61,2,2,0.10253968253968254,0.1009375,"{""2"": 2, ""3"": 5, ""4"": 8, ""5"": 20, ""6"": 22, ""7"": 15, ""8"": 11, ""9"": 7, ""10"": 5, ""11"": 4, ""13"": 1}",100,1608505,1730250.0,2736259.9999999995,3925300
noise_sweep,3,0.25,1234,device-0,100,73,27,0.73,0.27,26,1,0,0.0692063492063492,0.06828125,"{""1"": 4, ""2"": 12, ""3"": 18, ""4"": 27, ""5"": 12, ""6"": 12, ""7"": 9, ""8"": 4, ""9"": 1, ""10"": 1}",100,1166354,1046150.0,1880355.0,2202000
noise_sweep,3,0.25,1234,device-1,100,81,19,0.81,0.19,19,0,0,0.06746031746031746,0.07359375,"{""1"": 4, ""2"": 10, ""3"": 18, ""4"": 27, ""5"": 22, ""6"": 10, ""7"": 3, ""8"": 6}",100,1182040,1045800.0,1812935.0,2248800
noise_sweep,3,0.25,1234,device-2,100,82,18,0.82,0.18,18,0,0,0.06380952380952382,0.0628125,"{""0"": 2, ""1"": 3, ""2"": 17, ""3"": 21, ""4"": 15, ""5"": 24, ""6"": 10, ""7"": 3, ""8"": 4, ""9"": 1}",100,1143276,1055200.0,1690945.0,2279000
noise_sweep,3,0.25,1234,device-3,100,60,40,0.6,0.4,40,0,0,0.08253968253968254,0.08125,"{""2"": 4, ""3"": 13, ""4"": 20, ""5"": 23, ""6"": 18, ""7"": 12, ""8"": 7, ""9"": 1, ""10"": 1, ""11"": 1}",100,1151917,1058500.0,1798789.9999999998,3186200
noise_sweep,3,0.25,1234,device-4,100,72,28,0.72,0.28,27,1,0,0.06968253968253968,0.06859375,"{""1"": 3, ""2"": 12, ""3"": 21, ""4"": 24, ""5"": 12, ""6"": 15, ""7"": 7, ""8"": 3, ""9"": 1, ""10"": 1, ""11"": 1}",100,1114543,1020550.0,1614525.0,2044300
noise_sweep,3,0.25,1234,device-5,100,76,24,0.76,0.24,22,2,0,0.06698412698412698,0.06625,"{""1"": 7, ""2"": 11, ""3"": 17, ""4"": 20, ""5"": 21, ""6"": 15, ""7"": 6, ""8"": 2, ""9"": 1}",100,1162810,1044800.0,1907810.0,2362500
noise_sweep,3,0.25,2121,device-0,100,69,31,0.69,0.31,29,2,0,0.07539682539682539,0.07734375,"{""1"": 5, ""2"": 7, ""3"": 12, ""4"": 26, ""5"": 19, ""6"": 12, ""7"": 10, ""8"": 5, ""9"": 2, ""10"": 1, ""11"": 1}",100,1163587,1058350.0,1796589.9999999998,2000900
noise_sweep,3,0.25,2121,device-1,100,88,12,0.88,0.12,12,0,0,0.05444444444444444,0.05359375,"{""0"": 3, ""1"": 8, ""2"": 17, ""3"": 28, ""4"": 18, ""5"": 14, ""6"": 10, ""7"": 1, ""8"": 1}",100,1118579,1005600.0,1699980.0,2270200
noise_sweep,3,0.25,2121,device-2,100,88,12,0.88,0.12,12,0,0,0.055714285714285716,0.05515625,"{""0"": 1, ""1"": 9, ""2"": 23, ""3"": 22, ""4"": 20, ""5"": 13, ""6"": 5, ""7"": 3, ""8"": 2, ""9"": 2}",100,1728945,1749050.0,2821895.0,3456300
noise_sweep,3,0.25,2121,device-3,100,42,58,0.42,0.58,56,1,1,0.09634920634920635,0.09484375,"{""0"": 1, ""2"": 2, ""3"": 8, ""4"": 12, ""5"": 19, ""6"": 16, ""7"": 17, ""8"": 11, ""9"": 9, ""10"": 3, ""11"": 2}",100,1160636,1020200.0,1978495.0,2213300
noise_sweep,3,0.25,2121,device-4,100,82,18,0.82,0.18,18,0,0,0.06682539682539683,0.06578125,"{""1"": 6, ""2"": 8, ""3"": 22, ""4"": 20, ""5"": 26, ""6"": 10, ""7"": 4, ""8"": 3, ""11"": 1}",100,1134588,1040600.0,1702070.0,1969100
noise_sweep,3,0.25,2121,device-5,100,16,84,0.16,0.84,78,4,2,0.11857142857142858,0.11671875,"{""3"": 2, ""4"": 5, ""5"": 9, ""6"": 17, ""7"": 21, ""8"": 18, ""9"": 11, ""10"": 8, ""11"": 5, ""12"": 3, ""13"": 1}",100,1080524,971500.0,1667050.0,2320100
noise_sweep,3,0.25,2222,device-0,100,89,11,0.89,0.11,11,0,0,0.05365079365079365,0.0528125,"{""0"": 4, ""1"": 10, ""2"": 20, ""3"": 17, ""4"": 22, ""5"": 16, ""6"": 8, ""7"": 3}",100,1096464,997300.0,1720554.9999999998,2132600
noise_sweep,3,0.25,2222,device-1,100,86,14,0.86,0.14,14,0,0,0.06063492063492063,0.0596875,"{""0"": 1, ""1"": 7, ""2"": 10, ""3"": 28, ""4"": 23, ""5"": 17, ""6"": 9, ""7"": 1, ""8"": 3, ""9"": 1}",100,1093177,968400.0,1623895.0,1937300
noise_sweep,3,0.25,2222,device-2,100,86,14,0.86,0.14,13,1,0,0.06,0.0590625,"{""0"": 1, ""1"": 7, ""2"": 17, ""3"": 21, ""4"": 26, ""5"": 14, ""6"": 7, ""7"": 3, ""8"": 1, ""9"": 2, ""11"": 1}",100,1153175,1027750.0,1804415.0,2094300
noise_sweep,3,0.25,2222,device-3,100,26,74,0.26,0.74,70,3,1,0.10428571428571429,0.11015625,"{""2"": 3, ""3"": 5, ""4"": 8, ""5"": 10, ""6"": 22, ""7"": 21, ""8"": 15, ""9"": 8, ""10"": 6, ""11"": 1, ""12"": 1}",100,1096974,994000.0,1767605.0,2102600
noise_sweep,3,0.25,2222,device-4,100,46,54,0.46,0.54,51,2,1,0.09158730158730159,0.09390625,"{""2"": 3, ""3"": 8, ""4"": 9, ""5"": 26, ""6"": 21, ""7"": 16, ""8"": 12, ""9"": 3, ""10"": 2}",100,1095705,998350.0,1577100.0,2135200
noise_sweep,3,0.25,2222,device-5,100,35,65,0.35,0.65,60,3,2,0.09857142857142857,0.09890625,"{""2"": 4, ""3"": 3, ""4"": 14, ""5"": 14, ""6"": 20, ""7"": 23, ""8"": 10, ""9"": 7, ""10"": 2, ""11"": 2, ""12"": 1}",100,1186981,1079550.0,1975109.9999999998,3349800
noise_sweep,3,0.25,2391,device-0,100,90,10,0.9,0.1,9,1,0,0.056666666666666664,0.05578125,"{""1"": 14, ""2"": 11, ""3"": 21, ""4"": 25, ""5"": 19, ""6"": 8, ""7"": 1, ""8"": 1}",100,1754286,1549500.0,3172480.0,6764300
noise_sweep,3,0.25,2391,device-1,100,63,37,0.63,0.37,33,3,1,0.0784126984126984,0.08,"{""1"": 2, ""2"": 1, ""3"": 21, ""4"": 19, ""5"": 20, ""6"": 18, ""7"": 12, ""8"": 4, ""9"": 3}",100,1264420,1049450.0,2161910.0,7975500
noise_sweep,3,0.25,2391,device-2,100,32,68,0.32,0.68,63,3,2,0.10031746031746032,0.1,"{""2"": 3, ""3"": 5, ""4"": 8, ""5"": 16, ""6"": 20, ""7"": 23, ""8"": 12, ""9"": 9, ""10"": 3, ""11"": 1}",100,1090899,994450.0,1621900.0,2184800
noise_sweep,3,0.25,2391,device-3,100,70,30,0.7,0.3,30,0,0,0.07301587301587302,0.0734375,"{""0"": 2, ""1"": 3, ""2"": 5, ""3"": 15, ""4"": 24, ""5"": 21, ""6"": 17, ""7"": 7, ""8"": 4, ""9"": 2}",100,1103207,1048450.0,1625210.0,1966900
noise_sweep,3,0.25,2391,device-4,100,86,14,0.86,0.14,14,0,0,0.05857142857142857,0.05765625,"{""0"": 3, ""1"": 9, ""2"": 17, ""3"": 15, ""4"": 18, ""5"": 24, ""6"": 9, ""7"": 5}",100,1159295,1023000.0,1988739.9999999998,2454200
noise_sweep,3,0.25,2391,device-5,100,46,54,0.46,0.54,50,4,0,0.09523809523809523,0.09765625,"{""2"": 1, ""3"": 12, ""4"": 15, ""5"": 18, ""6"": 19, ""7"": 8, ""8"": 15, ""9"": 4, ""10"": 3, ""11"": 4, ""12"": 1}",100,1083153,994650.0,1675470.0,1940300
noise_sweep,3,0.25,3232,device-0,100,32,68,0.32,0.68,66,2,0,0.10682539682539682,0.10640625,"{""2"": 1, ""3"": 6, ""4"": 8, ""5"": 17, ""6"": 18, ""7"": 11, ""8"": 18, ""9"": 9, ""10"": 7, ""11"": 4, ""12"": 1}",100,1070149,1002400.0,1573460.0,1885100
noise_sweep,3,0.25,3232,device-1,100,32,68,0.32,0.68,65,3,0,0.10380952380952381,0.1021875,"{""1"": 1, ""2"": 3, ""3"": 3, ""4"": 10, ""5"": 15, ""6"": 17, ""7"": 15, ""8"": 18, ""9"": 10, ""10"": 7, ""12"": 1}",100,1078187,1020400.0,1533355.0,1894000
noise_sweep,3,0.25,3232,device-2,100,70,30,0.7,0.3,30,0,0,0.07111111111111111,0.07,"{""1"": 6, ""2"": 8, ""3"": 16, ""4"": 18, ""5"": 22, ""6"": 20, ""7"": 7, ""8"": 2, ""11"": 1}",100,1393073,1113950.0,2698729.9999999995,5290200
noise_sweep,3,0.25,3232,device-3,100,89,11,0.89,0.11,11,0,0,0.05523809523809524,0.0546875,"{""0"": 3, ""1"": 9, ""2"": 17, ""3"": 27, ""4"": 13, ""5"": 20, ""6"": 6, ""7"": 4, ""8"": 1}",100,1644754,1617050.0,2854180.0,3988800
noise_sweep,3,0.25,3232,device-4,100,57,43,0.57,0.43,40,0,3,0.08253968253968254,0.08125,"{""0"": 1, ""1"": 1, ""2"": 8, ""3"": 12, ""4"": 16, ""5"": 19, ""6"": 18, ""7"": 11, ""8"": 6, ""9"": 5, ""10"": 3}",100,1112140,1019200.0,1574730.0,2461400
noise_sweep,3,0.25,3232,device-5,100,78,22,0.78,0.22,22,0,0,0.06634920634920635,0.0653125,"{""1"": 7, ""2"": 7, ""3"": 18, ""4"": 31, ""5"": 15, ""6"": 13, ""7"": 6, ""8"": 3}",100,1100761,987900.0,1647340.0,2083600
noise_sweep,3,0.25,3333,device-0,100,80,20,0.8,0.2,19,0,1,0.06587301587301587,0.06671875,"{""1"": 5, ""2"": 10, ""3"": 20, ""4"": 21, ""5"": 24, ""6"": 14, ""7"": 6}",100,1233131,1126300.0,1973610.0,2727400
noise_sweep,3,0.25,3333,device-1,100,52,48,0.52,0.48,45,2,1,0.08857142857142856,0.09015625,"{""1"": 1, ""2"": 2, ""3"": 8, ""4"": 24, ""5"": 17, ""6"": 19, ""7"": 15, ""8"": 7, ""9"": 3, ""10"": 1, ""11"": 2, ""14"": 1}",100,1328384,1083400.0,2840110.0,3167000
noise_sweep,3,0.25,3333,device-2,100,42,58,0.42,0.58,56,1,1,0.09492063492063492,0.09421875,"{""2"": 1, ""3"": 5, ""4"": 12, ""5"": 24, ""6"": 22, ""7"": 17, ""8"": 11, ""9"": 7, ""11"": 1}",100,1093690,1022900.0,1579429.9999999998,1816200
noise_sweep,3,0.25,3333,device-3,100,59,41,0.59,0.41,40,1,0,0.08031746031746032,0.0790625,"{""1"": 2, ""2"": 8, ""3"": 9, ""4"": 22, ""5"": 18, ""6"": 19, ""7"": 14, ""8"": 4, ""9"": 2, ""10"": 1, ""11"": 1}",100,1155466,1046550.0,1747009.9999999998,2693500
noise_sweep,3,0.25,3333,device-4,100,59,41,0.59,0.41,39,2,0,0.0865079365079365,0.08515625,"{""1"": 3, ""2"": 2, ""3"": 8, ""4"": 22, ""5"": 24, ""6"": 17, ""7"": 8, ""8"": 5, ""9"": 7, ""10"": 1, ""11"": 1, ""12"": 2}",100,1109890,1004450.0,1641960.0,1953600
noise_sweep,3,0.25,3333,device-5,100,41,59,0.41,0.59,58,1,0,0.09682539682539683,0.0953125,"{""2"": 2, ""3"": 5, ""4"": 16, ""5"": 18, ""6"": 21, ""7"": 11, ""8"": 13, ""9"": 12, ""10"": 1, ""12"": 1}",100,1155470,1044100.0,1801409.9999999998,3186400
noise_sweep,3,0.25,4321,device-0,100,69,31,0.69,0.31,27,1,3,0.07603174603174603,0.07484375,"{""1"": 1, ""2"": 7, ""3"": 20, ""4"": 15, ""5"": 26, ""6"": 15, ""7"": 6, ""8"": 8, ""9"": 2}",100,1596634,1496750.0,2615195.0,3846600
noise_sweep,3,0.25,4321,device-1,100,67,33,0.67,0.33,32,1,0,0.07809523809523809,0.076875,"{""1"": 3, ""2"": 6, ""3"": 16, ""4"": 21, ""5"": 21, ""6"": 12, ""7"": 10, ""8"": 5, ""9"": 4, ""11"": 2}",100,1215154,1104900.0,1955305.0,2214000
noise_sweep,3,0.25,4321,device-2,100,64,36,0.64,0.36,34,2,0,0.07809523809523809,0.07703125,"{""1"": 1, ""2"": 8, ""3"": 14, ""4"": 18, ""5"": 23, ""6"": 20, ""7"": 7, ""8"": 6, ""9"": 1, ""10"": 2}",100,1152487,1008800.0,1730714.9999999998,2323200
noise_sweep,3,0.25,4321,device-3,100,94,6,0.94,0.06,6,0,0,0.04825396825396826,0.04984375,"{""0"": 2, ""1"": 16, ""2"": 23, ""3"": 20, ""4"": 21, ""5"": 12, ""6"": 4, ""7"": 2}",100,1127218,1033100.0,1669180.0,2181000
noise_sweep,3,0.25,4321,device-4,100,74,26,0.74,0.26,26,0,0,0.07,0.0696875,"{""1"": 5, ""2"": 7, ""3"": 22, ""4"": 16, ""5"": 24, ""6"": 15, ""7"": 7, ""8"": 3, ""9"": 1}",100,1175402,1045850.0,1784334.9999999998,2353000
noise_sweep,3,0.25,4321,device-5,100,61,39,0.61,0.39,38,0,1,0.07793650793650794,0.08234375,"{""0"": 1, ""1"": 3, ""2"": 6, ""3"": 12, ""4"": 16, ""5"": 23, ""6"": 20, ""7"": 12, ""8"": 6, ""9"": 1}",100,1354099,1346900.0,2088589.9999999998,2426600
noise_sweep,3,0.25,4433,device-0,100,99,1,0.99,0.01,1,0,0,0.034761904761904765,0.03421875,"{""0"": 8, ""1"": 21, ""2"": 33, ""3"": 25, ""4"": 10, ""5"": 2, ""7"": 1}",100,1074175,1035500.0,1638220.0,2065500
noise_sweep,3,0.25,4433,device-1,100,91,9,0.91,0.09,9,0,0,0.05396825396825397,0.05828125,"{""0"": 2, ""1"": 11, ""2"": 19, ""3"": 17, ""4"": 28, ""5"": 14, ""6"": 5, ""7"": 4}",100,1169533,1085750.0,1655930.0,3649800
noise_sweep,3,0.25,4433,device-2,100,34,66,0.34,0.66,63,3,0,0.10365079365079365,0.1021875,"{""3"": 7, ""4"": 15, ""5"": 12, ""6"": 21, ""7"": 13, ""8"": 13, ""9"": 7, ""10"": 7, ""11"": 2, ""12"": 3}",100,1170885,998950.0,1867440.0,2987600
noise_sweep,3,0.25,4433,device-3,100,87,13,0.87,0.13,13,0,0,0.06095238095238095,0.06015625,"{""0"": 2, ""1"": 7, ""2"": 13, ""3"": 18, ""4"": 24, ""5"": 23, ""6"": 7, ""7"": 4, ""8"": 2}",100,1281768,1075700.0,2217980.0,3234900
noise_sweep,3,0.25,4433,device-4,100,88,12,0.88,0.12,11,0,1,0.05984126984126984,0.0603125,"{""0"": 3, ""1"": 5, ""2"": 15, ""3"": 18, ""4"": 27, ""5"": 20, ""6"": 6, ""7"": 5, ""9"": 1}",100,1504818,1378100.0,2693240.0,3380400
noise_sweep,3,0.25,4433,device-5,100,39,61,0.39,0.61,59,0,2,0.09857142857142857,0.09734375,"{""2"": 4, ""3"": 4, ""4"": 19, ""5"": 12, ""6"": 18, ""7"": 17, ""8"": 9, ""9"": 7, ""10"": 7, ""11"": 3}",100,1132858,1058250.0,1679474.9999999998,2296400
noise_sweep,3,0.25,4444,device-0,100,77,23,0.77,0.23,22,0,1,0.06396825396825397,0.0653125,"{""0"": 1, ""1"": 5, ""2"": 15, ""3"": 21, ""4"": 22, ""5"": 13, ""6"": 13, ""7"": 6, ""8"": 4}",100,1113795,984400.0,1670655.0,1963800
noise_sweep,3,0.25,4444,device-1,100,89,11,0.89,0.11,11,0,0,0.053492063492063494,0.05265625,"{""1"": 10, ""2"": 20, ""3"": 30, ""4"": 16, ""5"": 13, ""6"": 9, ""7"": 2}",100,1136008,975550.0,1835130.0,2330200
noise_sweep,3,0.25,4444,device-2,100,62,38,0.62,0.38,36,1,1,0.07682539682539682,0.08140625,"{""1"": 1, ""2"": 9, ""3"": 18, ""4"": 20, ""5"": 14, ""6"": 19, ""7"": 10, ""8"": 6, ""9"": 2, ""11"": 1}",100,1097149,966350.0,1711464.9999999998,2542800
noise_sweep,3,0.25,4444,device-3,100,91,9,0.91,0.09,9,0,0,0.05238095238095238,0.051875,"{""0"": 1, ""1"": 14, ""2"": 16, ""3"": 24, ""4"": 25, ""5"": 11, ""6"": 8, ""9"": 1}",100,1207651,1066500.0,1921020.0,3907100
noise_sweep,3,0.25,4444,device-4,100,41,59,0.41,0.59,57,1,1,0.09380952380952381,0.09234375,"{""2"": 1, ""3"": 13, ""4"": 11, ""5"": 16, ""6"": 20, ""7"": 17, ""8"": 14, ""9"": 5, ""10"": 3}",100,1078612,966000.0,1661980.0,2354800
noise_sweep,3,0.25,4444,device-5,100,23,77,0.23,0.77,76,0,1,0.11190476190476191,0.11015625,"{""1"": 1, ""3"": 5, ""4"": 6, ""5"": 11, ""6"": 16, ""7"": 22, ""8"": 16, ""9"": 9, ""10"": 8, ""11"": 2, ""12"": 3, ""13"": 1}",100,1095549,962950.0,1990264.9999999998,4138300
noise_sweep,3,0.25,5426,device-0,100,89,11,0.89,0.11,11,0,0,0.05603174603174603,0.056875,"{""0"": 3, ""1"": 6, ""2"": 16, ""3"": 27, ""4"": 21, ""5"": 16, ""6"": 7, ""7"": 4}",100,1086493,994600.0,1665369.9999999998,2193500
noise_sweep,3,0.25,5426,device-1,100,70,30,0.7,0.3,28,2,0,0.07063492063492063,0.06953125,"{""0"": 1, ""1"": 6, ""2"": 8, ""3"": 14, ""4"": 22, ""5"": 19, ""6"": 19, ""7"": 8, ""8"": 1, ""10"": 2}",100,1615196,1657150.0,2638105.0,3736700
noise_sweep,3,0.25,5426,device-2,100,71,29,0.71,0.29,29,0,0,0.0761904761904762,0.075,"{""0"": 1, ""1"": 2, ""2"": 3, ""3"": 14, ""4"": 26, ""5"": 25, ""6"": 13, ""7"": 8, ""8"": 5, ""9"": 3}",100,1159166,1023950.0,1829785.0,2196100
noise_sweep,3,0.25,5426,device-3,100,69,31,0.69,0.31,31,0,0,0.07047619047619047,0.069375,"{""0"": 1, ""1"": 4, ""2"": 7, ""3"": 21, ""4"": 22, ""5"": 14, ""6"": 19, ""7"": 8, ""8"": 1, ""9"": 3}",100,1141078,1031200.0,1722974.9999999998,2574300
noise_sweep,3,0.25,5426,device-4,100,38,62,0.38,0.62,60,2,0,0.10047619047619048,0.10609375,"{""2"": 4, ""3"": 2, ""4"": 12, ""5"": 20, ""6"": 19, ""7"": 17, ""8"": 11, ""9"": 7, ""10"": 5, ""11"": 2, ""15"": 1}",100,1068127,974250.0,1648370.0,1869100
noise_sweep,3,0.25,5426,device-5,100,34,66,0.34,0.66,63,2,1,0.10206349206349206,0.10046875,"{""0"": 1, ""2"": 4, ""3"": 6, ""4"": 7, ""5"": 16, ""6"": 13, ""7"": 23, ""8"": 12, ""9"": 9, ""10"": 7, ""11"": 1, ""12"": 1}",100,1079712,951150.0,1725680.0,3301400
noise_sweep,3,0.25,5555,device-0,100,25,75,0.25,0.75,72,3,0,0.10746031746031746,0.1090625,"{""1"": 1, ""3"": 3, ""4"": 10, ""5"": 11, ""6"": 23, ""7"": 21, ""8"": 8, ""9"": 12, ""10"": 8, ""11"": 2, ""13"": 1}",100,1121466,1008600.0,1685549.9999999998,2031200
noise_sweep,3,0.25,5555,device-1,100,70,30,0.7,0.3,28,2,0,0.07142857142857142,0.0703125,"{""1"": 2, ""2"": 10, ""3"": 20, ""4"": 21, ""5"": 17, ""6"": 17, ""7"": 9, ""8"": 3, ""10"": 1}",100,1084747,980950.0,1644690.0,1713000
noise_sweep,3,0.25,5555,device-2,100,68,32,0.68,0.32,31,1,0,0.07365079365079365,0.0725,"{""0"": 2, ""1"": 4, ""2"": 7, ""3"": 11, ""4"": 19, ""5"": 25, ""6"": 16, ""7"": 12, ""8"": 4}",100,1168252,998650.0,1930199.9999999995,3019300
noise_sweep,3,0.25,5555,device-3,100,36,64,0.36,0.64,61,1,2,0.10126984126984127,0.0996875,"{""2"": 2, ""3"": 7, ""4"": 13, ""5"": 14, ""6"": 16, ""7"": 16, ""8"": 14, ""9"": 11, ""10"": 5, ""11"": 2}",100,1045396,952200.0,1678145.0,2100300
noise_sweep,3,0.25,5555,device-4,100,56,44,0.56,0.44,42,2,0,0.08555555555555555,0.084375,"{""1"": 2, ""2"": 4, ""3"": 8, ""4"": 20, ""5"": 22, ""6"": 16, ""7"": 15, ""8"": 7, ""9"": 3, ""10"": 2, ""11"": 1}",100,1045997,957250.0,1658469.9999999998,2198200
noise_sweep,3,0.25,5555,device-5,100,64,36,0.64,0.36,33,3,0,0.07793650793650794,0.07671875,"{""2"": 11, ""3"": 18, ""4"": 18, ""5"": 17, ""6"": 11, ""7"": 13, ""8"": 7, ""9"": 5}",100,1636594,1635350.0,2555619.9999999995,3566500
noise_sweep,3,0.25,6543,device-0,100,55,45,0.55,0.45,44,0,1,0.0838095238095238,0.08953125,"{""0"": 1, ""1"": 2, ""2"": 5, ""3"": 13, ""4"": 12, ""5"": 22, ""6"": 19, ""7"": 11, ""8"": 11, ""9"": 1, ""10"": 2, ""11"": 1}",100,1105760,976800.0,1774459.9999999998,2030400
noise_sweep,3,0.25,6543,device-1,100,56,44,0.56,0.44,42,1,1,0.08587301587301588,0.08453125,"{""1"": 2, ""2"": 3, ""3"": 7, ""4"": 18, ""5"": 26, ""6"": 15, ""7"": 14, ""8"": 13, ""9"": 2}",100,1148383,1051000.0,1652539.9999999998,3077300
noise_sweep,3,0.25,6543,device-2,100,77,23,0.77,0.23,23,0,0,0.06873015873015872,0.073125,"{""1"": 2, ""2"": 7, ""3"": 28, ""4"": 21, ""5"": 19, ""6"": 12, ""7"": 7, ""8"": 3, ""9"": 1}",100,1164741,978850.0,1969710.0,2436100
noise_sweep,3,0.25,6543,device-3,100,74,26,0.74,0.26,26,0,0,0.07269841269841269,0.0715625,"{""0"": 1, ""1"": 2, ""2"": 6, ""3"": 20, ""4"": 24, ""5"": 21, ""6"": 11, ""7"": 9, ""8"": 3, ""9"": 1, ""10"": 1, ""11"": 1}",100,1281220,1145850.0,2130565.0,2510200
noise_sweep,3,0.25,6543,device-4,100,40,60,0.4,0.6,58,1,1,0.10111111111111111,0.100625,"{""2"": 2, ""3"": 5, ""4"": 11, ""5"": 22, ""6"": 17, ""7"": 16, ""8"": 10, ""9"": 8, ""10"": 3, ""11"": 4, ""12"": 2}",100,1130872,1036550.0,1739259.9999999998,2030400
noise_sweep,3,0.25,6543,device-5,100,80,20,0.8,0.2,19,0,1,0.07285714285714286,0.07171875,"{""1"": 1, ""2"": 8, ""3"": 16, ""4"": 25, ""5"": 30, ""6"": 7, ""7"": 4, ""8"": 7, ""9"": 2}",100,1154649,1005700.0,1729234.9999999998,2854300
noise_sweep,3,0.25,6666,device-0,100,99,1,0.99,0.01,1,0,0,0.03873015873015873,0.038125,"{""0"": 3, ""1"": 18, ""2"": 33, ""3"": 30, ""4"": 11, ""5"": 4, ""6"": 1}",100,1133204,989050.0,1701099.9999999998,2126200
noise_sweep,3,0.25,6666,device-1,100,85,15,0.85,0.15,14,1,0,0.06190476190476191,0.06421875,"{""0"": 1, ""1"": 5, ""2"": 16, ""3"": 19, ""4"": 21, ""5"": 23, ""6"": 9, ""7"": 5, ""8"": 1}",100,1142008,997600.0,1851074.9999999998,2496000
noise_sweep,3,0.25,6666,device-2,100,76,24,0.76,0.24,23,0,1,0.07063492063492063,0.0696875,"{""1"": 3, ""2"": 8, ""3"": 16, ""4"": 24, ""5"": 25, ""6"": 12, ""7"": 11, ""8"": 1}",100,1593320,1516950.0,2786424.9999999995,4894500
noise_sweep,3,0.25,6666,device-3,100,49,51,0.49,0.51,50,0,1,0.09031746031746032,0.08890625,"{""2"": 5, ""3"": 9, ""4"": 11, ""5"": 24, ""6"": 17, ""7"": 17, ""8"": 8, ""9"": 7, ""10"": 2}",100,1177998,1043300.0,1845399.9999999998,2362000
noise_sweep,3,0.25,6666,device-4,100,70,30,0.7,0.3,30,0,0,0.07539682539682539,0.07421875,"{""0"": 1, ""1"": 2, ""2"": 4, ""3"": 10, ""4"": 26, ""5"": 27, ""6"": 21, ""7"": 3, ""8"": 5, ""9"": 1}",100,1117324,994750.0,1721465.0,2052800
noise_sweep,3,0.25,6666,device-5,100,48,52,0.48,0.52,49,0,3,0.08857142857142856,0.08984375,"{""2"": 4, ""3"": 8, ""4"": 16, ""5"": 20, ""6"": 24, ""7"": 14, ""8"": 8, ""9"": 4, ""10"": 2}",100,1096040,994650.0,1741569.9999999998,2351300
noise_sweep,3,0.25,7654,device-0,100,47,53,0.47,0.53,51,2,0,0.09015873015873016,0.08875,"{""2"": 2, ""3"": 13, ""4"": 18, ""5"": 14, ""6"": 16, ""7"": 17, ""8"": 13, ""9"": 6, ""10"": 1}",100,1145376,1007550.0,1953695.0,2265400
noise_sweep,3,0.25,7654,device-1,100,28,72,0.28,0.72,66,2,4,0.11063492063492064,0.10890625,"{""3"": 5, ""4"": 7, ""5"": 16, ""6"": 11, ""7"": 23, ""8"": 17, ""9"": 6, ""10"": 11, ""11"": 2, ""12"": 1, ""13"": 1}",100,1095851,994050.0,1687425.0,2110300
noise_sweep,3,0.25,7654,device-2,100,78,22,0.78,0.22,22,0,0,0.06587301587301587,0.073125,"{""1"": 4, ""2"": 13, ""3"": 25, ""4"": 19, ""5"": 17, ""6"": 9, ""7"": 10, ""8"": 2, ""9"": 1}",100,1128342,1003750.0,1610025.0,2090500
noise_sweep,3,0.25,7654,device-3,100,56,44,0.56,0.44,42,1,1,0.08253968253968254,0.08140625,"{""0"": 1, ""1"": 3, ""2"": 9, ""3"": 7, ""4"": 13, ""5"": 23, ""6"": 17, ""7"": 13, ""8"": 12, ""11"": 2}",100,1149912,1029200.0,1811315.0,2746800
noise_sweep,3,0.25,7654,device-4,100,87,13,0.87,0.13,13,0,0,0.058412698412698416,0.05765625,"{""0"": 1, ""1"": 8, ""2"": 20, ""3"": 17, ""4"": 21, ""5"": 20, ""6"": 9, ""7"": 2, ""8"": 1, ""9"": 1}",100,1357232,1356250.0,2103430.0,2308900
noise_sweep,3,0.25,7654,device-5,100,37,63,0.37,0.63,60,3,0,0.0953968253968254,0.0996875,"{""1"": 1, ""2"": 4, ""3"": 3, ""4"": 15, ""5"": 14, ""6"": 26, ""7"": 15, ""8"": 12, ""9"": 6, ""10"": 2, ""11"": 2}",100,1979191,1999950.0,2719504.9999999995,3160200
noise_sweep,3,0.25,7777,device-0,100,79,21,0.79,0.21,21,0,0,0.06555555555555556,0.06453125,"{""1"": 5, ""2"": 11, ""3"": 20, ""4"": 22, ""5"": 21, ""6"": 14, ""7"": 7}",100,1834927,1854050.0,2216375.0,2340700
noise_sweep,3,0.25,7777,device-1,100,63,37,0.63,0.37,34,1,2,0.07825396825396826,0.07703125,"{""1"": 1, ""2"": 9, ""3"": 14, ""4"": 14, ""5"": 25, ""6"": 19, ""7"": 11, ""8"": 4, ""9"": 2, ""10"": 1}",100,1772949,1750100.0,2357600.0,2669100
noise_sweep,3,0.25,7777,device-2,100,37,63,0.37,0.63,61,2,0,0.09666666666666666,0.09515625,"{""2"": 2, ""3"": 3, ""4"": 20, ""5"": 12, ""6"": 30, ""7"": 11, ""8"": 10, ""9"": 4, ""10"": 5, ""11"": 3}",100,1110295,995000.0,1906745.0,2276700
noise_sweep,3,0.25,7777,device-3,100,24,76,0.24,0.76,72,3,1,0.1126984126984127,0.114375,"{""2"": 1, ""3"": 3, ""4"": 5, ""5"": 15, ""6"": 12, ""7"": 26, ""8"": 12, ""9"": 13, ""10"": 8, ""11"": 3, ""12"": 2}",100,1051919,960150.0,1569420.0,1996600
noise_sweep,3,0.25,7777,device-4,100,73,27,0.73,0.27,27,0,0,0.07047619047619047,0.0696875,"{""1"": 2, ""2"": 12, ""3"": 17, ""4"": 22, ""5"": 20, ""6"": 16, ""7"": 6, ""8"": 4, ""9"": 1}",100,1177339,1061250.0,1821585.0,2829400
noise_sweep,3,0.25,7777,device-5,100,46,54,0.46,0.54,50,1,3,0.09523809523809523,0.09796875,"{""2"": 4, ""3"": 7, ""4"": 13, ""5"": 22, ""6"": 16, ""7"": 9, ""8"": 16, ""9"": 10, ""10"": 2, ""12"": 1}",100,1099878,990550.0,1747085.0,2200200
noise_sweep,3,0.25,8231,device-0,100,59,41,0.59,0.41,40,1,0,0.08063492063492063,0.08,"{""1"": 1, ""2"": 4, ""3"": 15, ""4"": 15, ""5"": 24, ""6"": 24, ""7"": 8, ""8"": 7, ""9"": 2}",100,1153906,999800.0,1788399.9999999998,2564600
noise_sweep,3,0.25,8231,device-1,100,94,6,0.94,0.06,6,0,0,0.05650793650793651,0.055625,"{""1"": 5, ""2"": 16, ""3"": 27, ""4"": 30, ""5"": 16, ""6"": 4, ""7"": 2}",100,1306827,1107950.0,2224879.999999999,3709100
noise_sweep,3,0.25,8231,device-2,100,41,59,0.41,0.59,58,1,0,0.09587301587301587,0.09453125,"{""2"": 1, ""3"": 10, ""4"": 9, ""5"": 21, ""6"": 22, ""7"": 15, ""8"": 10, ""9"": 7, ""10"": 4, ""11"": 1}",100,1464934,1390150.0,2457225.0,3573800
noise_sweep,3,0.25,8231,device-3,100,64,36,0.64,0.36,35,1,0,0.07888888888888888,0.07765625,"{""0"": 1, ""1"": 2, ""2"": 6, ""3"": 13, ""4"": 21, ""5"": 21, ""6"": 17, ""7"": 6, ""8"": 8, ""9"": 3, ""10"": 2}",100,1119824,1012300.0,1728214.9999999998,2067200
noise_sweep,3,0.25,8231,device-4,100,40,60,0.4,0.6,59,0,1,0.09396825396825396,0.0925,"{""2"": 3, ""3"": 11, ""4"": 14, ""5"": 12, ""6"": 20, ""7"": 13, ""8"": 20, ""9"": 5, ""10"": 1, ""11"": 1}",100,1053550,983150.0,1529645.0,1858700
noise_sweep,3,0.25,8231,device-5,100,82,18,0.82,0.18,17,0,1,0.06507936507936508,0.0640625,"{""0"": 1, ""1"": 8, ""2"": 6, ""3"": 23, ""4"": 21, ""5"": 23, ""6"": 8, ""7"": 8, ""8"": 1, ""10"": 1}",100,1224252,1087550.0,1934345.0,2603900
noise_sweep,3,0.25,8888,device-0,100,77,23,0.77,0.23,22,0,1,0.06571428571428571,0.0715625,"{""0"": 1, ""1"": 3, ""2"": 15, ""3"": 18, ""4"": 24, ""5"": 16, ""6"": 13, ""7"": 8, ""8"": 1, ""9"": 1}",100,1138392,1069600.0,1591695.0,1952700
noise_sweep,3,0.25,8888,device-1,100,78,22,0.78,0.22,22,0,0,0.07206349206349207,0.0721875,"{""1"": 2, ""2"": 9, ""3"": 15, ""4"": 25, ""5"": 27, ""6"": 9, ""7"": 8, ""8"": 3, ""9"": 1, ""11"": 1}",100,1196539,1067200.0,1868384.9999999998,3326600
noise_sweep,3,0.25,8888,device-2,100,91,9,0.91,0.09,9,0,0,0.058888888888888886,0.058125,"{""1"": 10, ""2"": 10, ""3"": 20, ""4"": 29, ""5"": 22, ""6"": 8, ""7"": 1}",100,1150059,1034600.0,1550600.0,3432200
noise_sweep,3,0.25,8888,device-3,100,15,85,0.15,0.85,82,3,0,0.1253968253968254,0.1234375,"{""3"": 2, ""4"": 3, ""5"": 10, ""6"": 18, ""7"": 10, ""8"": 17, ""9"": 12, ""10"": 16, ""11"": 6, ""12"": 4, ""13"": 2}",100,1110039,1018850.0,1694329.9999999998,2208200
noise_sweep,3,0.25,8888,device-4,100,52,48,0.52,0.48,47,0,1,0.08253968253968254,0.08125,"{""1"": 1, ""2"": 4, ""3"": 12, ""4"": 17, ""5"": 18, ""6"": 29, ""7"": 12, ""8"": 4, ""9"": 3}",100,1159667,1070800.0,1730305.0,2296400
noise_sweep,3,0.25,8888,device-5,100,60,40,0.6,0.4,38,2,0,0.08222222222222222,0.08328125,"{""1"": 1, ""2"": 4, ""3"": 10, ""4"": 19, ""5"": 26, ""6"": 19, ""7"": 13, ""8"": 5, ""9"": 2, ""10"": 1}",100,1641847,1637100.0,2675370.0,3295700
noise_sweep,3,0.25,9999,device-0,100,78,22,0.78,0.22,22,0,0,0.06873015873015872,0.06765625,"{""1"": 3, ""2"": 9, ""3"": 22, ""4"": 27, ""5"": 17, ""6"": 9, ""7"": 8, ""8"": 3, ""9"": 1, ""10"": 1}",100,1127545,978850.0,1777205.0,1961500
noise_sweep,3,0.25,9999,device-1,100,36,64,0.36,0.64,63,1,0,0.09904761904761905,0.0996875,"{""2"": 1, ""3"": 5, ""4"": 13, ""5"": 17, ""6"": 19, ""7"": 19, ""8"": 16, ""9"": 5, ""10"": 5}",100,1076577,982600.0,1779735.0,2028800
noise_sweep,3,0.25,9999,device-2,100,92,8,0.92,0.08,8,0,0,0.05126984126984127,0.050625,"{""0"": 1, ""1"": 11, ""2"": 23, ""3"": 25, ""4"": 18, ""5"": 14, ""6"": 7, ""7"": 1}",100,1058543,948800.0,1599685.0,2192700
noise_sweep,3,0.25,9999,device-3,100,74,26,0.74,0.26,24,1,1,0.06857142857142857,0.06765625,"{""1"": 4, ""2"": 11, ""3"": 19, ""4"": 23, ""5"": 17, ""6"": 15, ""7"": 6, ""8"": 5}",100,1151137,997950.0,1772845.0,2085100
noise_sweep,3,0.25,9999,device-4,100,74,26,0.74,0.26,25,1,0,0.07158730158730159,0.07296875,"{""1"": 3, ""2"": 11, ""3"": 21, ""4"": 20, ""5"": 19, ""6"": 10, ""7"": 6, ""8"": 7, ""9"": 1, ""10"": 1, ""11"": 1}",100,1113855,985500.0,1634029.9999999998,2516900
noise_sweep,3,0.25,9999,device-5,100,45,55,0.45,0.55,53,2,0,0.09476190476190476,0.09578125,"{""1"": 1, ""2"": 2, ""3"": 7, ""4"": 14, ""5"": 21, ""6"": 17, ""7"": 14, ""8"": 14, ""9"": 4, ""10"": 4, ""11"": 2}",100,1116929,963500.0,2065584.9999999998,3631600
noise_sweep,4,0.5,1111,device-0,100,1,99,0.01,0.99,96,0,3,0.17238095238095238,0.1696875,"{""4"": 1, ""6"": 3, ""7"": 7, ""8"": 7, ""9"": 13, ""10"": 16, ""11"": 13, ""12"": 13, ""13"": 9, ""14"": 10, ""15"": 4, ""16"": 2, ""17"": 2}",100,1032417,890600.0,1717389.9999999998,2143400
noise_sweep,4,0.5,1111,device-1,100,4,96,0.04,0.96,88,5,3,0.15095238095238095,0.14890625,"{""5"": 4, ""6"": 3, ""7"": 12, ""8"": 15, ""9"": 10, ""10"": 24, ""11"": 16, ""12"": 7, ""13"": 8, ""15"": 1}",100,1018902,893550.0,1711220.0,2174600
noise_sweep,4,0.5,1111,device-2,100,6,94,0.06,0.94,88,2,4,0.14761904761904762,0.145625,"{""4"": 2, ""5"": 4, ""6"": 7, ""7"": 13, ""8"": 14, ""9"": 15, ""10"": 14, ""11"": 10, ""12"": 8, ""13"": 9, ""14"": 2, ""15"": 1, ""16"": 1}",100,1029556,909650.0,1502705.0,1937500
noise_sweep,4,0.5,1111,device-3,100,3,97,0.03,0.97,90,7,0,0.14603174603174604,0.14375,"{""4"": 1, ""5"": 2, ""6"": 7, ""7"": 11, ""8"": 18, ""9"": 21, ""10"": 18, ""11"": 7, ""12"": 7, ""13"": 3, ""14"": 2, ""15"": 2, ""16"": 1}",100,1528830,1511100.0,2621919.9999999995,3307800
noise_sweep,4,0.5,1111,device-4,100,6,94,0.06,0.94,87,3,4,0.15571428571428572,0.15765625,"{""4"": 1, ""5"": 5, ""6"": 5, ""7"": 5, ""8"": 16, ""9"": 18, ""10"": 14, ""11"": 13, ""12"": 8, ""13"": 7, ""14"": 2, ""15"": 2, ""16"": 2, ""17"": 1, ""20"": 1}",100,994996,869950.0,1512639.9999999998,2135500
noise_sweep,4,0.5,1111,device-5,100,6,94,0.06,0.94,93,1,0,0.14587301587301588,0.14640625,"{""4"": 1, ""5"": 5, ""6"": 7, ""7"": 11, ""8"": 14, ""9"": 18, ""10"": 16, ""11"": 13, ""12"": 5, ""13"": 6, ""14"": 4}",100,1007942,888850.0,1532644.9999999998,1814300
noise_sweep,4,0.5,1122,device-0,100,17,83,0.17,0.83,79,3,1,0.12142857142857143,0.12828125,"{""2"": 1, ""3"": 1, ""4"": 5, ""5"": 10, ""6"": 20, ""7"": 14, ""8"": 12, ""9"": 14, ""10"": 11, ""11"": 7, ""12"": 3, ""13"": 1, ""14"": 1}",100,1048149,928500.0,1760349.9999999998,2112300
noise_sweep,4,0.5,1122,device-1,100,7,93,0.07,0.93,87,4,2,0.15619047619047619,0.1615625,"{""3"": 1, ""5"": 6, ""6"": 3, ""7"": 5, ""8"": 14, ""9"": 17, ""10"": 14, ""11"": 17, ""12"": 11, ""13"": 2, ""14"": 6, ""15"": 2, ""17"": 2}",100,1024814,885550.0,1602135.0,2092700
noise_sweep,4,0.5,1122,device-2,100,10,90,0.1,0.9,87,1,2,0.13857142857142857,0.1434375,"{""1"": 1, ""3"": 1, ""4"": 5, ""5"": 3, ""6"": 9, ""7"": 16, ""8"": 14, ""9"": 15, ""10"": 11, ""11"": 7, ""12"": 6, ""13"": 7, ""14"": 4, ""15"": 1}",100,1058762,924650.0,1606900.0,1756000
noise_sweep,4,0.5,1122,device-3,100,9,91,0.09,0.91,90,1,0,0.14285714285714285,0.140625,"{""4"": 5, ""5"": 4, ""6"": 8, ""7"": 8, ""8"": 18, ""9"": 14, ""10"": 19, ""11"": 7, ""12"": 8, ""13"": 5, ""14"": 2, ""15"": 2}",100,1080090,935750.0,1874279.9999999998,2532300
noise_sweep,4,0.5,1122,device-4,100,11,89,0.11,0.89,83,3,3,0.1322222222222222,0.130625,"{""3"": 1, ""4"": 4, ""5"": 6, ""6"": 8, ""7"": 14, ""8"": 23, ""9"": 16, ""10"": 12, ""11"": 6, ""12"": 8, ""13"": 1, ""15"": 1}",100,1004232,895700.0,1572945.0,2066900
noise_sweep,4,0.5,1122,device-5,100,0,100,0.0,1.0,91,5,4,0.18222222222222223,0.179375,"{""7"": 5, ""8"": 8, ""9"": 10, ""10"": 14, ""11"": 14, ""12"": 15, ""13"": 16, ""14"": 7, ""15"": 4, ""16"": 4, ""18"": 2, ""19"": 1}",100,1194591,921350.0,2556025.0,3460200
noise_sweep,4,0.5,1234,device-0,100,9,91,0.09,0.91,90,1,0,0.13412698412698412,0.13359375,"{""4"": 3, ""5"": 6, ""6"": 15, ""7"": 8, ""8"": 24, ""9"": 14, ""10"": 12, ""11"": 7, ""12"": 5, ""13"": 3, ""14"": 2, ""15"": 1}",100,1075028,940950.0,1677469.9999999998,2433400
noise_sweep,4,0.5,1234,device-1,100,8,92,0.08,0.92,84,5,3,0.13666666666666666,0.14125,"{""1"": 1, ""3"": 1, ""4"": 2, ""5"": 4, ""6"": 10, ""7"": 15, ""8"": 12, ""9"": 17, ""10"": 17, ""11"": 11, ""12"": 6, ""13"": 4}",100,1322607,1029950.0,2378909.9999999995,7862900
noise_sweep,4,0.5,1234,device-2,100,8,92,0.08,0.92,87,4,1,0.13587301587301587,0.13375,"{""4"": 2, ""5"": 6, ""6"": 13, ""7"": 12, ""8"": 18, ""9"": 13, ""10"": 16, ""11"": 11, ""12"": 5, ""13"": 2, ""14"": 2}",100,1234445,1020750.0,2073390.0,2636000
noise_sweep,4,0.5,1234,device-3,100,0,100,0.0,1.0,93,4,3,0.17555555555555555,0.1728125,"{""6"": 5, ""7"": 4, ""8"": 9, ""9"": 15, ""10"": 14, ""11"": 9, ""12"": 17, ""13"": 8, ""14"": 6, ""15"": 5, ""16"": 5, ""17"": 1, ""18"": 1, ""20"": 1}",100,1018610,879400.0,1640654.9999999998,2094400
noise_sweep,4,0.5,1234,device-4,100,4,96,0.04,0.96,89,6,1,0.14984126984126983,0.14765625,"{""4"": 3, ""5"": 1, ""6"": 9, ""7"": 8, ""8"": 17, ""9"": 14, ""10"": 13, ""11"": 14, ""12"": 9, ""13"": 9, ""14"": 1, ""16"": 2}",100,1030748,897550.0,1760995.0,2196700
noise_sweep,4,0.5,1234,device-5,100,4,96,0.04,0.96,91,4,1,0.15476190476190477,0.155,"{""4"": 1, ""5"": 3, ""6"": 4, ""7"": 9, ""8"": 19, ""9"": 18, ""10"": 9, ""11"": 13, ""12"": 12, ""13"": 3, ""14"": 2, ""15"": 3, ""16"": 2, ""17"": 2}",100,1011064,888950.0,1496334.9999999998,1698100
noise_sweep,4,0.5,2121,device-0,100,8,92,0.08,0.92,90,1,1,0.1411111111111111,0.1440625,"{""4"": 2, ""5"": 6, ""6"": 9, ""7"": 10, ""8"": 18, ""9"": 16, ""10"": 14, ""11"": 10, ""12"": 10, ""13"": 3, ""14"": 1, ""16"": 1}",100,1039079,946200.0,1699155.0,2119500
noise_sweep,4,0.5,2121,device-1,100,9,91,0.09,0.91,85,2,4,0.13333333333333333,0.13125,"{""1"": 1, ""2"": 1, ""4"": 2, ""5"": 5, ""6"": 9, ""7"": 17, ""8"": 22, ""9"": 14, ""10"": 11, ""11"": 8, ""12"": 5, ""13"": 1, ""14"": 2, ""15"": 2}",100,1141970,963950.0,2061369.9999999998,3277100
noise_sweep,4,0.5,2121,device-2,100,13,87,0.13,0.87,82,5,0,0.12634920634920635,0.12734375,"{""3"": 1, ""4"": 5, ""5"": 7, ""6"": 14, ""7"": 16, ""8"": 19, ""9"": 12, ""10"": 11, ""11"": 8, ""12"": 7}",100,1060373,943100.0,1769474.9999999998,2668500
noise_sweep,4,0.5,2121,device-3,100,1,99,0.01,0.99,94,4,1,0.17365079365079364,0.17265625,"{""5"": 1, ""6"": 1, ""7"": 7, ""8"": 7, ""9"": 7, ""10"": 19, ""11"": 25, ""12"": 7, ""13"": 9, ""14"": 10, ""15"": 4, ""16"": 2, ""17"": 1}",100,1007500,893300.0,1594180.0,1781000
noise_sweep,4,0.5,2121,device-4,100,14,86,0.14,0.86,84,1,1,0.12412698412698413,0.12296875,"{""2"": 1, ""4"": 5, ""5"": 8, ""6"": 19, ""7"": 14, ""8"": 14, ""9"": 18, ""10"": 8, ""11"": 6, ""12"": 3, ""13"": 4}",100,1069459,960500.0,1766834.9999999998,2204300
noise_sweep,4,0.5,2121,device-5,100,0,100,0.0,1.0,95,5,0,0.18793650793650793,0.185,"{""6"": 2, ""8"": 7, ""9"": 8, ""10"": 7, ""11"": 19, ""12"": 22, ""13"": 16, ""14"": 7, ""15"": 5, ""16"": 4, ""18"": 2, ""20"": 1}",100,984622,908050.0,1535955.0,2023400
noise_sweep,4,0.5,2222,device-0,100,13,87,0.13,0.87,78,4,5,0.12714285714285714,0.12515625,"{""2"": 1, ""3"": 1, ""4"": 3, ""5"": 8, ""6"": 17, ""7"": 13, ""8"": 14, ""9"": 17, ""10"": 9, ""11"": 10, ""12"": 5, ""13"": 2}",100,1549974,1614650.0,2639329.9999999995,3670900
noise_sweep,4,0.5,2222,device-1,100,16,84,0.16,0.84,79,5,0,0.12206349206349207,0.12125,"{""2"": 3, ""3"": 3, ""4"": 3, ""5"": 7, ""6"": 14, ""7"": 15, ""8"": 18, ""9"": 19, ""10"": 6, ""11"": 5, ""12"": 5, ""13"": 1, ""15"": 1}",100,1091195,957300.0,1859105.0,2297800
noise_sweep,4,0.5,2222,device-2,100,9,91,0.09,0.91,90,1,0,0.1365079365079365,0.13453125,"{""2"": 1, ""4"": 1, ""5"": 7, ""6"": 12, ""7"": 18, ""8"": 12, ""9"": 15, ""10"": 13, ""11"": 9, ""12"": 3, ""13"": 5, ""14"": 1, ""15"": 2, ""16"": 1}",100,1057131,939250.0,1596285.0,2335000
noise_sweep,4,0.5,2222,device-3,100,2,98,0.02,0.98,95,2,1,0.18476190476190477,0.18921875,"{""5"": 2, ""6"": 4, ""7"": 1, ""8"": 3, ""9"": 10, ""10"": 13, ""11"": 15, ""12"": 20, ""13"": 10, ""14"": 5, ""15"": 7, ""16"": 5, ""17"": 2, ""18"": 2, ""19"": 1}",100,1022564,894200.0,1475774.9999999998,2347300
noise_sweep,4,0.5,2222,device-4,100,2,98,0.02,0.98,95,1,2,0.16317460317460317,0.16703125,"{""5"": 2, ""6"": 5, ""7"": 7, ""8"": 13, ""9"": 13, ""10"": 12, ""11"": 18, ""12"": 13, ""13"": 7, ""14"": 3, ""15"": 3, ""16"": 2, ""17"": 2}",100,1077695,929400.0,1841335.0,2830000
noise_sweep,4,0.5,2222,device-5,100,0,100,0.0,1.0,97,1,2,0.16603174603174603,0.16828125,"{""6"": 4, ""7"": 8, ""8"": 13, ""9"": 12, ""10"": 17, ""11"": 13, ""12"": 12, ""13"": 10, ""14"": 4, ""15"": 4, ""16"": 1, ""17"": 1, ""18"": 1}",100,1024486,899150.0,1630424.9999999998,1863200
noise_sweep,4,0.5,2391,device-0,100,16,84,0.16,0.84,83,0,1,0.12365079365079365,0.123125,"{""3"": 1, ""4"": 9, ""5"": 6, ""6"": 14, ""7"": 14, ""8"": 16, ""9"": 18, ""10"": 12, ""11"": 3, ""12"": 6, ""13"": 1}",100,1084860,983700.0,1674134.9999999995,2152900
noise_sweep,4,0.5,2391,device-1,100,7,93,0.07,0.93,91,1,1,0.14317460317460318,0.14734375,"{""3"": 1, ""4"": 1, ""5"": 5, ""6"": 9, ""7"": 13, ""8"": 18, ""9"": 11, ""10"": 12, ""11"": 11, ""12"": 12, ""13"": 3, ""14"": 3, ""16"": 1}",100,1010394,903950.0,1504595.0,1948100
noise_sweep,4,0.5,2391,device-2,100,4,96,0.04,0.96,92,2,2,0.16476190476190475,0.165625,"{""4"": 1, ""5"": 3, ""6"": 4, ""7"": 4, ""8"": 10, ""9"": 15, ""10"": 18, ""11"": 13, ""12"": 10, ""13"": 10, ""14"": 5, ""15"": 5, ""16"": 1, ""18"": 1}",100,1009127,867300.0,1623919.9999999998,2197800
noise_sweep,4,0.5,2391,device-3,100,4,96,0.04,0.96,91,5,0,0.16253968253968254,0.1653125,"{""4"": 2, ""5"": 2, ""6"": 4, ""7"": 8, ""8"": 8, ""9"": 13, ""10"": 17, ""11"": 16, ""12"": 12, ""13"": 8, ""14"": 6, ""15"": 1, ""16"": 1, ""17"": 1, ""19"": 1}",100,1011367,904550.0,1594929.9999999998,1919900
noise_sweep,4,0.5,2391,device-4,100,22,78,0.22,0.78,74,2,2,0.11666666666666667,0.11609375,"{""2"": 1, ""3"": 4, ""4"": 5, ""5"": 12, ""6"": 16, ""7"": 19, ""8"": 10, ""9"": 15, ""10"": 7, ""11"": 5, ""12"": 6}",100,1558205,1488100.0,2768710.0,4825400
noise_sweep,4,0.5,2391,device-5,100,3,97,0.03,0.97,91,3,3,0.15666666666666668,0.1590625,"{""4"": 1, ""5"": 2, ""6"": 7, ""7"": 7, ""8"": 8, ""9"": 14, ""10"": 19, ""11"": 19, ""12"": 13, ""13"": 4, ""14"": 5, ""15"": 1}",100,1047580,942900.0,1564174.9999999998,1938900
noise_sweep,4,0.5,3232,device-0,100,3,97,0.03,0.97,89,6,2,0.17634920634920634,0.17703125,"{""3"": 1, ""4"": 1, ""5"": 1, ""6"": 2, ""7"": 2, ""8"": 8, ""9"": 11, ""10"": 14, ""11"": 15, ""12"": 17, ""13"": 9, ""14"": 10, ""15"": 4, ""16"": 3, ""18"": 2}",100,1013904,949350.0,1529429.9999999998,2221000
noise_sweep,4,0.5,3232,device-1,100,3,97,0.03,0.97,95,2,0,0.18317460317460318,0.1803125,"{""5"": 3, ""6"": 2, ""7"": 4, ""8"": 3, ""9"": 11, ""10"": 12, ""11"": 13, ""12"": 19, ""13"": 12, ""14"": 8, ""15"": 3, ""16"": 4, ""17"": 2, ""18"": 2, ""19"": 2}",100,985921,893650.0,1449430.0,1737500
noise_sweep,4,0.5,3232,device-2,100,7,93,0.07,0.93,90,2,1,0.14206349206349206,0.13984375,"{""3"": 3, ""4"": 1, ""5"": 3, ""6"": 10, ""7"": 16, ""8"": 11, ""9"": 21, ""10"": 10, ""11"": 10, ""12"": 5, ""13"": 1, ""14"": 5, ""15"": 1, ""16"": 2, ""18"": 1}",100,1013356,913400.0,1604510.0,2212500
noise_sweep,4,0.5,3232,device-3,100,9,91,0.09,0.91,88,2,1,0.1376190476190476,0.13734375,"{""4"": 2, ""5"": 7, ""6"": 10, ""7"": 17, ""8"": 13, ""9"": 18, ""10"": 13, ""11"": 9, ""12"": 4, ""13"": 3, ""14"": 1, ""15"": 1, ""17"": 2}",100,1106581,964100.0,1750554.9999999993,2987400
noise_sweep,4,0.5,3232,device-4,100,1,99,0.01,0.99,96,3,0,0.1546031746031746,0.1525,"{""5"": 1, ""6"": 4, ""7"": 18, ""8"": 16, ""9"": 12, ""10"": 17, ""11"": 8, ""12"": 4, ""13"": 12, ""14"": 3, ""15"": 4, ""19"": 1}",100,1012588,933350.0,1465545.0,1815100
noise_sweep,4,0.5,3232,device-5,100,11,89,0.11,0.89,83,5,1,0.1442857142857143,0.14203125,"{""2"": 1, ""4"": 3, ""5"": 7, ""6"": 5, ""7"": 11, ""8"": 11, ""9"": 18, ""10"": 17, ""11"": 10, ""12"": 8, ""13"": 5, ""14"": 1, ""15"": 2, ""18"": 1}",100,1072357,983600.0,1621975.0,2579000
noise_sweep,4,0.5,3333,device-0,100,11,89,0.11,0.89,86,2,1,0.13142857142857142,0.13390625,"{""3"": 1, ""4"": 6, ""5"": 4, ""6"": 10, ""7"": 20, ""8"": 15, ""9"": 10, ""10"": 19, ""11"": 6, ""12"": 5, ""13"": 2, ""14"": 1, ""15"": 1}",100,1078056,968250.0,1541769.9999999998,2729700
noise_sweep,4,0.5,3333,device-1,100,2,98,0.02,0.98,96,1,1,0.173015873015873,0.17515625,"{""5"": 2, ""6"": 2, ""7"": 8, ""8"": 9, ""9"": 11, ""10"": 11, ""11"": 15, ""12"": 14, ""13"": 10, ""14"": 9, ""15"": 6, ""16"": 1, ""17"": 1, ""19"": 1}",100,1072000,927550.0,1777859.9999999998,2649900
noise_sweep,4,0.5,3333,device-2,100,2,98,0.02,0.98,96,2,0,0.16857142857142857,0.169375,"{""4"": 1, ""5"": 1, ""6"": 4, ""7"": 9, ""8"": 8, ""9"": 11, ""10"": 14, ""11"": 13, ""12"": 15, ""13"": 9, ""14"": 9, ""15"": 3, ""16"": 1, ""18"": 2}",100,1353707,1125650.0,2344595.0,3791400
noise_sweep,4,0.5,3333,device-3,100,2,98,0.02,0.98,93,4,1,0.16666666666666666,0.164375,"{""5"": 2, ""6"": 2, ""7"": 6, ""8"": 14, ""9"": 13, ""10"": 13, ""11"": 18, ""12"": 10, ""13"": 8, ""14"": 9, ""15"": 3, ""16"": 1, ""18"": 1}",100,1260090,1068800.0,2172055.0,3442300
noise_sweep,4,0.5,3333,device-4,100,5,95,0.05,0.95,93,1,1,0.15365079365079365,0.15125,"{""4"": 1, ""5"": 4, ""6"": 9, ""7"": 5, ""8"": 14, ""9"": 14, ""10"": 17, ""11"": 11, ""12"": 12, ""13"": 5, ""14"": 4, ""15"": 3, ""16"": 1}",100,997422,924150.0,1564445.0,1877300
noise_sweep,4,0.5,3333,device-5,100,2,98,0.02,0.98,97,1,0,0.1715873015873016,0.17,"{""4"": 2, ""6"": 4, ""7"": 5, ""8"": 11, ""9"": 11, ""10"": 16, ""11"": 11, ""12"": 11, ""13"": 10, ""14"": 11, ""15"": 2, ""16"": 5, ""20"": 1}",100,1033088,942600.0,1512610.0,2134700
noise_sweep,4,0.5,4321,device-0,100,8,92,0.08,0.92,83,4,5,0.1442857142857143,0.1428125,"{""3"": 1, ""4"": 2, ""5"": 5, ""6"": 7, ""7"": 10, ""8"": 16, ""9"": 18, ""10"": 18, ""11"": 9, ""12"": 3, ""13"": 6, ""14"": 2, ""16"": 1, ""17"": 2}",100,1140074,1075800.0,1730144.9999999993,2507100
noise_sweep,4,0.5,4321,device-1,100,8,92,0.08,0.92,89,3,0,0.14952380952380953,0.14734375,"{""5"": 8, ""6"": 7, ""7"": 8, ""8"": 12, ""9"": 18, ""10"": 15, ""11"": 12, ""12"": 9, ""13"": 5, ""14"": 2, ""15"": 2, ""16"": 1, ""17"": 1}",100,1040102,935400.0,1615319.9999999998,2032200
noise_sweep,4,0.5,4321,device-2,100,4,96,0.04,0.96,92,2,2,0.15761904761904763,0.15625,"{""3"": 1, ""4"": 2, ""5"": 1, ""6"": 6, ""7"": 11, ""8"": 10, ""9"": 15, ""10"": 13, ""11"": 13, ""12"": 13, ""13"": 3, ""14"": 7, ""15"": 2, ""17"": 1, ""18"": 2}",100,1134807,1019800.0,1854989.9999999998,2560800
noise_sweep,4,0.5,4321,device-3,100,22,78,0.22,0.78,78,0,0,0.11555555555555555,0.11890625,"{""2"": 3, ""4"": 4, ""5"": 15, ""6"": 17, ""7"": 19, ""8"": 11, ""9"": 13, ""10"": 9, ""11"": 8, ""13"": 1}",100,1071249,973800.0,1596605.0,2548800
noise_sweep,4,0.5,4321,device-4,100,8,92,0.08,0.92,87,3,2,0.14142857142857143,0.14265625,"{""4"": 2, ""5"": 6, ""6"": 14, ""7"": 11, ""8"": 9, ""9"": 15, ""10"": 16, ""11"": 13, ""12"": 7, ""13"": 4, ""14"": 1, ""15"": 1, ""17"": 1}",100,1053205,970550.0,1667525.0,1898400
noise_sweep,4,0.5,4321,device-5,100,13,87,0.13,0.87,85,1,1,0.1349206349206349,0.139375,"{""2"": 1, ""4"": 4, ""5"": 8, ""6"": 5, ""7"": 19, ""8"": 15, ""9"": 15, ""10"": 12, ""11"": 9, ""12"": 6, ""13"": 3, ""14"": 1, ""15"": 2}",100,1041363,996750.0,1517205.0,1989700
noise_sweep,4,0.5,4433,device-0,100,37,63,0.37,0.63,60,1,2,0.0980952380952381,0.0965625,"{""1"": 2, ""3"": 6, ""4"": 11, ""5"": 18, ""6"": 16, ""7"": 23, ""8"": 16, ""9"": 4, ""10"": 2, ""11"": 1, ""12"": 1}",100,1294547,1030100.0,2244494.9999999995,3247400
noise_sweep,4,0.5,4433,device-1,100,24,76,0.24,0.76,71,3,2,0.11698412698412698,0.1203125,"{""1"": 1, ""2"": 1, ""3"": 2, ""4"": 12, ""5"": 8, ""6"": 12, ""7"": 17, ""8"": 16, ""9"": 11, ""10"": 9, ""11"": 6, ""12"": 2, ""13"": 2, ""16"": 1}",100,1427967,1236950.0,2401115.0,3929800
noise_sweep,4,0.5,4433,device-2,100,1,99,0.01,0.99,97,2,0,0.1796825396825397,0.17828125,"{""5"": 1, ""6"": 2, ""7"": 5, ""8"": 7, ""9"": 12, ""10"": 10, ""11"": 17, ""12"": 15, ""13"": 8, ""14"": 11, ""15"": 5, ""16"": 4, ""17"": 2, ""18"": 1}",100,1024282,923750.0,1503950.0,2267900
noise_sweep,4,0.5,4433,device-3,100,18,82,0.18,0.82,78,3,1,0.1165079365079365,0.11625,"{""2"": 1, ""3"": 2, ""4"": 5, ""5"": 10, ""6"": 19, ""7"": 18, ""8"": 17, ""9"": 10, ""10"": 13, ""11"": 2, ""12"": 1, ""13"": 2}",100,1040989,971750.0,1475434.9999999998,1940400
noise_sweep,4,0.5,4433,device-4,100,7,93,0.07,0.93,89,4,0,0.1442857142857143,0.14453125,"{""3"": 1, ""4"": 2, ""5"": 4, ""6"": 4, ""7"": 12, ""8"": 16, ""9"": 18, ""10"": 18, ""11"": 12, ""12"": 5, ""13"": 6, ""14"": 1, ""16"": 1}",100,1091149,982900.0,1792385.0,2718900
noise_sweep,4,0.5,4433,device-5,100,1,99,0.01,0.99,95,2,2,0.17095238095238094,0.17046875,"{""5"": 1, ""6"": 2, ""7"": 9, ""8"": 12, ""9"": 10, ""10"": 17, ""11"": 11, ""12"": 12, ""13"": 10, ""14"": 5, ""15"": 4, ""16"": 4, ""17"": 2, ""18"": 1}",100,1031623,953600.0,1502674.9999999998,3291100
noise_sweep,4,0.5,4444,device-0,100,16,84,0.16,0.84,81,3,0,0.1261904761904762,0.1284375,"{""4"": 5, ""5"": 11, ""6"": 16, ""7"": 17, ""8"": 8, ""9"": 13, ""10"": 17, ""11"": 7, ""12"": 3, ""13"": 2, ""15"": 1}",100,1086470,976700.0,1811539.9999999998,2972300
noise_sweep,4,0.5,4444,device-1,100,13,87,0.13,0.87,79,4,4,0.13603174603174603,0.1340625,"{""3"": 4, ""4"": 3, ""5"": 6, ""6"": 9, ""7"": 15, ""8"": 5, ""9"": 16, ""10"": 23, ""11"": 10, ""12"": 7, ""14"": 1, ""22"": 1}",100,1115261,1046200.0,1630169.9999999993,2024300
noise_sweep,4,0.5,4444,device-2,100,7,93,0.07,0.93,89,2,2,0.16238095238095238,0.16671875,"{""4"": 2, ""5"": 5, ""6"": 2, ""7"": 8, ""8"": 15, ""9"": 12, ""10"": 9, ""11"": 12, ""12"": 11, ""13"": 7, ""14"": 12, ""15"": 1, ""16"": 3, ""18"": 1}",100,1082252,978750.0,1726209.9999999995,2100000
noise_sweep,4,0.5,4444,device-3,100,24,76,0.24,0.76,73,3,0,0.11333333333333333,0.11359375,"{""2"": 2, ""3"": 2, ""4"": 8, ""5"": 12, ""6"": 18, ""7"": 16, ""8"": 12, ""9"": 14, ""10"": 8, ""11"": 6, ""12"": 2}",100,1118338,1006100.0,1693125.0,2562400
noise_sweep,4,0.5,4444,device-4,100,2,98,0.02,0.98,93,0,5,0.17253968253968255,0.17,"{""5"": 2, ""6"": 2, ""7"": 2, ""8"": 13, ""9"": 21, ""10"": 8, ""11"": 14, ""12"": 11, ""13"": 11, ""14"": 4, ""15"": 5, ""16"": 3, ""17"": 3, ""19"": 1}",100,1195552,998900.0,2033465.0,3554400
noise_sweep,4,0.5,4444,device-5,100,1,99,0.01,0.99,92,5,2,0.17253968253968255,0.17078125,"{""1"": 1, ""6"": 5, ""7"": 6, ""8"": 8, ""9"": 12, ""10"": 12, ""11"": 20, ""12"": 8, ""13"": 8, ""14"": 8, ""15"": 7, ""16"": 2, ""17"": 2, ""19"": 1}",100,1349582,1155400.0,2364430.0,2715100
noise_sweep,4,0.5,5426,device-0,100,15,85,0.15,0.85,82,3,0,0.12047619047619047,0.12234375,"{""2"": 1, ""3"": 3, ""4"": 2, ""5"": 9, ""6"": 18, ""7"": 17, ""8"": 22, ""9"": 9, ""10"": 7, ""11"": 5, ""12"": 5, ""13"": 2}",100,1162798,961700.0,2250810.0,2828900
noise_sweep,4,0.5,5426,device-1,100,5,95,0.05,0.95,92,1,2,0.15,0.14796875,"{""4"": 1, ""5"": 4, ""6"": 6, ""7"": 8, ""8"": 17, ""9"": 19, ""10"": 10, ""11"": 16, ""12"": 10, ""13"": 4, ""14"": 2, ""15"": 2, ""16"": 1}",100,1067391,889950.0,1792699.9999999993,2474700
noise_sweep,4,0.5,5426,device-2,100,9,91,0.09,0.91,86,3,2,0.13904761904761906,0.136875,"{""3"": 1, ""4"": 2, ""5"": 6, ""6"": 10, ""7"": 14, ""8"": 18, ""9"": 11, ""10"": 14, ""11"": 4, ""12"": 13, ""13"": 4, ""14"": 3}",100,1099973,1020200.0,1794514.9999999998,2268200
noise_sweep,4,0.5,5426,device-3,100,5,95,0.05,0.95,90,2,3,0.15158730158730158,0.14921875,"{""4"": 3, ""5"": 2, ""6"": 5, ""7"": 13, ""8"": 13, ""9"": 10, ""10"": 19, ""11"": 13, ""12"": 10, ""13"": 7, ""14"": 3, ""16"": 2}",100,1090703,946450.0,1772914.9999999995,1984600
noise_sweep,4,0.5,5426,device-4,100,1,99,0.01,0.99,92,2,5,0.15841269841269842,0.16234375,"{""4"": 1, ""6"": 8, ""7"": 7, ""8"": 11, ""9"": 17, ""10"": 16, ""11"": 19, ""12"": 7, ""13"": 6, ""14"": 2, ""15"": 4, ""18"": 1, ""19"": 1}",100,1015218,894800.0,1621449.9999999998,2047600
noise_sweep,4,0.5,5426,device-5,100,2,98,0.02,0.98,97,1,0,0.16968253968253968,0.1684375,"{""4"": 1, ""5"": 1, ""6"": 1, ""7"": 8, ""8"": 12, ""9"": 16, ""10"": 12, ""11"": 14, ""12"": 8, ""13"": 9, ""14"": 8, ""15"": 4, ""16"": 4, ""17"": 1, ""18"": 1}",100,1019223,917750.0,1485199.9999999998,1823500
noise_sweep,4,0.5,5555,device-0,100,2,98,0.02,0.98,95,3,0,0.18222222222222223,0.1846875,"{""4"": 1, ""5"": 1, ""6"": 2, ""7"": 7, ""8"": 9, ""9"": 8, ""10"": 13, ""11"": 5, ""12"": 13, ""13"": 13, ""14"": 13, ""15"": 6, ""16"": 5, ""17"": 2, ""19"": 2}",100,1086372,971950.0,1919330.0,2116300
noise_sweep,4,0.5,5555,device-1,100,6,94,0.06,0.94,88,3,3,0.14269841269841269,0.140625,"{""2"": 1, ""5"": 5, ""6"": 10, ""7"": 14, ""8"": 11, ""9"": 13, ""10"": 22, ""11"": 9, ""12"": 7, ""13"": 6, ""14"": 2}",100,1046233,983400.0,1591025.0,2811700
noise_sweep,4,0.5,5555,device-2,100,5,95,0.05,0.95,92,1,2,0.15873015873015872,0.1565625,"{""4"": 1, ""5"": 4, ""6"": 2, ""7"": 6, ""8"": 13, ""9"": 12, ""10"": 23, ""11"": 17, ""12"": 7, ""13"": 6, ""14"": 6, ""15"": 1, ""16"": 2}",100,1059099,945000.0,1638495.0,2052300
noise_sweep,4,0.5,5555,device-3,100,1,99,0.01,0.99,96,3,0,0.1715873015873016,0.1690625,"{""5"": 1, ""6"": 2, ""7"": 4, ""8"": 12, ""9"": 17, ""10"": 7, ""11"": 16, ""12"": 17, ""13"": 12, ""14"": 7, ""15"": 2, ""17"": 1, ""18"": 2}",100,1496385,1557600.0,2552525.0,2982000
noise_sweep,4,0.5,5555,device-4,100,2,98,0.02,0.98,93,1,4,0.16507936507936508,0.1628125,"{""3"": 1, ""4"": 1, ""6"": 8, ""7"": 7, ""8"": 9, ""9"": 12, ""10"": 18, ""11"": 11, ""12"": 9, ""13"": 6, ""14"": 6, ""15"": 8, ""16"": 3, ""17"": 1}",100,1060112,940800.0,1523230.0,2874000
noise_sweep,4,0.5,5555,device-5,100,6,94,0.06,0.94,90,4,0,0.1465079365079365,0.14421875,"{""4"": 3, ""5"": 3, ""6"": 9, ""7"": 10, ""8"": 13, ""9"": 20, ""10"": 12, ""11"": 7, ""12"": 11, ""13"": 9, ""14"": 3}",100,1025943,936450.0,1547729.9999999998,2006200
noise_sweep,4,0.5,6543,device-0,100,5,95,0.05,0.95,89,4,2,0.14634920634920634,0.15109375,"{""3"": 1, ""4"": 2, ""5"": 2, ""6"": 7, ""7"": 12, ""8"": 14, ""9"": 19, ""10"": 20, ""11"": 10, ""12"": 3, ""13"": 3, ""14"": 2, ""15"": 3, ""17"": 2}",100,1101210,946750.0,1786004.9999999998,2587000
noise_sweep,4,0.5,6543,device-1,100,5,95,0.05,0.95,91,3,1,0.14984126984126983,0.1478125,"{""3"": 2, ""5"": 3, ""6"": 7, ""7"": 11, ""8"": 9, ""9"": 16, ""10"": 21, ""11"": 12, ""12"": 8, ""13"": 8, ""14"": 1, ""16"": 2}",100,1043779,936300.0,1593885.0,2537100
noise_sweep,4,0.5,6543,device-2,100,6,94,0.06,0.94,88,4,2,0.1438095238095238,0.14765625,"{""3"": 1, ""4"": 1, ""5"": 4, ""6"": 9, ""7"": 12, ""8"": 14, ""9"": 19, ""10"": 14, ""11"": 12, ""12"": 7, ""13"": 3, ""14"": 1, ""15"": 1, ""16"": 1, ""18"": 1}",100,1028723,959000.0,1566790.0,1622800
noise_sweep,4,0.5,6543,device-3,100,5,95,0.05,0.95,83,3,9,0.15761904761904763,0.1553125,"{""3"": 1, ""5"": 4, ""6"": 5, ""7"": 10, ""8"": 10, ""9"": 13, ""10"": 13, ""11"": 16, ""12"": 13, ""13"": 7, ""14"": 4, ""15"": 1, ""16"": 2, ""17"": 1}",100,1043558,954100.0,1602149.9999999998,1957200
noise_sweep,4,0.5,6543,device-4,100,0,100,0.0,1.0,92,7,1,0.16428571428571428,0.16578125,"{""6"": 5, ""7"": 9, ""8"": 8, ""9"": 10, ""10"": 22, ""11"": 20, ""12"": 6, ""13"": 10, ""14"": 6, ""15"": 2, ""16"": 2}",100,1014575,901100.0,1552024.9999999998,1886500
noise_sweep,4,0.5,6543,device-5,100,9,91,0.09,0.91,90,0,1,0.13904761904761906,0.13765625,"{""3"": 1, ""4"": 2, ""5"": 6, ""6"": 6, ""7"": 13, ""8"": 16, ""9"": 21, ""10"": 13, ""11"": 12, ""12"": 5, ""13"": 3, ""14"": 1, ""16"": 1}",100,1068678,951900.0,1688034.9999999998,2402600
noise_sweep,4,0.5,6666,device-0,100,36,64,0.36,0.64,63,1,0,0.10015873015873016,0.09875,"{""2"": 3, ""3"": 9, ""4"": 10, ""5"": 14, ""6"": 14, ""7"": 24, ""8"": 11, ""9"": 6, ""10"": 6, ""11"": 2, ""12"": 1}",100,1200608,1093450.0,1803620.0,2318500
noise_sweep,4,0.5,6666,device-1,100,14,86,0.14,0.86,81,3,2,0.13476190476190475,0.13828125,"{""3"": 1, ""4"": 5, ""5"": 8, ""6"": 10, ""7"": 15, ""8"": 10, ""9"": 17, ""10"": 11, ""11"": 11, ""12"": 5, ""13"": 2, ""14"": 4, ""15"": 1}",100,1605870,1676800.0,2402700.0,2890700
noise_sweep,4,0.5,6666,device-2,100,9,91,0.09,0.91,87,3,1,0.1357142857142857,0.136875,"{""2"": 1, ""4"": 2, ""5"": 6, ""6"": 14, ""7"": 10, ""8"": 18, ""9"": 14, ""10"": 14, ""11"": 10, ""12"": 5, ""13"": 3, ""14"": 3}",100,1000753,878400.0,1503509.9999999998,1926200
noise_sweep,4,0.5,6666,device-3,100,2,98,0.02,0.98,95,3,0,0.15793650793650793,0.1559375,"{""5"": 2, ""6"": 4, ""7"": 11, ""8"": 12, ""9"": 16, ""10"": 18, ""11"": 15, ""12"": 5, ""13"": 8, ""14"": 5, ""15"": 2, ""17"": 1, ""18"": 1}",100,1066230,880150.0,1890549.9999999998,3196200
noise_sweep,4,0.5,6666,device-4,100,6,94,0.06,0.94,88,2,4,0.13698412698412699,0.13484375,"{""3"": 1, ""4"": 1, ""5"": 4, ""6"": 12, ""7"": 13, ""8"": 22, ""9"": 17, ""10"": 8, ""11"": 10, ""12"": 5, ""13"": 4, ""14"": 3}",100,1026411,885550.0,1764880.0,2504500
noise_sweep,4,0.5,6666,device-5,100,4,96,0.04,0.96,90,3,3,0.15571428571428572,0.1590625,"{""4"": 1, ""5"": 3, ""6"": 6, ""7"": 12, ""8"": 12, ""9"": 14, ""10"": 10, ""11"": 15, ""12"": 10, ""13"": 9, ""14"": 5, ""15"": 1, ""16"": 1, ""17"": 1}",100,1029958,919950.0,1658065.0,1931900
noise_sweep,4,0.5,7654,device-0,100,0,100,0.0,1.0,94,4,2,0.1719047619047619,0.17,"{""6"": 4, ""7"": 3, ""8"": 10, ""9"": 8, ""10"": 20, ""11"": 19, ""12"": 12, ""13"": 13, ""14"": 6, ""15"": 2, ""16"": 2, ""18"": 1}",100,1001881,863350.0,1611055.0,2097600
noise_sweep,4,0.5,7654,device-1,100,0,100,0.0,1.0,92,6,2,0.19714285714285715,0.1940625,"{""6"": 1, ""7"": 4, ""8"": 6, ""9"": 7, ""10"": 6, ""11"": 13, ""12"": 12, ""13"": 17, ""14"": 8, ""15"": 9, ""16"": 10, ""17"": 5, ""18"": 1, ""19"": 1}",100,1250532,938100.0,2658615.0,2992000
noise_sweep,4,0.5,7654,device-2,100,6,94,0.06,0.94,92,2,0,0.13904761904761906,0.14484375,"{""4"": 3, ""5"": 3, ""6"": 7, ""7"": 20, ""8"": 11, ""9"": 18, ""10"": 14, ""11"": 13, ""12"": 9, ""13"": 2}",100,1279240,1088650.0,1956779.9999999998,2480000
noise_sweep,4,0.5,7654,device-3,100,7,93,0.07,0.93,88,3,2,0.14777777777777779,0.148125,"{""3"": 1, ""4"": 3, ""5"": 3, ""6"": 10, ""7"": 13, ""8"": 11, ""9"": 13, ""10"": 12, ""11"": 12, ""12"": 8, ""13"": 4, ""14"": 6, ""15"": 3, ""16"": 1}",100,1319250,1152250.0,2099840.0,2510700
noise_sweep,4,0.5,7654,device-4,100,17,83,0.17,0.83,78,2,3,0.12206349206349207,0.120625,"{""1"": 1, ""3"": 1, ""4"": 5, ""5"": 10, ""6"": 15, ""7"": 19, ""8"": 13, ""9"": 12, ""10"": 11, ""11"": 8, ""12"": 4, ""14"": 1}",100,1769314,1692000.0,3527829.9999999995,5732400
noise_sweep,4,0.5,7654,device-5,100,1,99,0.01,0.99,90,7,2,0.1703174603174603,0.17609375,"{""5"": 1, ""7"": 10, ""8"": 7, ""9"": 15, ""10"": 13, ""11"": 14, ""12"": 21, ""13"": 8, ""14"": 4, ""15"": 3, ""16"": 2, ""17"": 2}",100,1390636,1440150.0,2080265.0,2336000
noise_sweep,4,0.5,7777,device-0,100,13,87,0.13,0.87,84,2,1,0.12793650793650793,0.1259375,"{""4"": 2, ""5"": 11, ""6"": 13, ""7"": 16, ""8"": 16, ""9"": 17, ""10"": 14, ""11"": 3, ""12"": 6, ""13"": 1, ""14"": 1}",100,1338281,1237450.0,2074270.0,3674400
noise_sweep,4,0.5,7777,device-1,100,8,92,0.08,0.92,82,4,6,0.14476190476190476,0.1425,"{""4"": 2, ""5"": 6, ""6"": 5, ""7"": 15, ""8"": 13, ""9"": 18, ""10"": 11, ""11"": 14, ""12"": 7, ""13"": 3, ""14"": 4, ""15"": 2}",100,1238627,1107200.0,1932955.0,2378800
noise_sweep,4,0.5,7777,device-2,100,8,92,0.08,0.92,90,2,0,0.14984126984126983,0.14796875,"{""4"": 2, ""5"": 6, ""6"": 5, ""7"": 12, ""8"": 12, ""9"": 18, ""10"": 8, ""11"": 13, ""12"": 8, ""13"": 10, ""14"": 5, ""15"": 1}",100,1278378,1168000.0,1967754.9999999998,2425800
noise_sweep,4,0.5,7777,device-3,100,0,100,0.0,1.0,97,3,0,0.17984126984126983,0.18140625,"{""6"": 3, ""7"": 5, ""8"": 7, ""9"": 12, ""10"": 16, ""11"": 9, ""12"": 11, ""13"": 14, ""14"": 9, ""15"": 8, ""16"": 5, ""17"": 1}",100,1303334,1310200.0,1917175.0,2154900
noise_sweep,4,0.5,7777,device-4,100,8,92,0.08,0.92,88,2,2,0.13174603174603175,0.13234375,"{""4"": 3, ""5"": 5, ""6"": 14, ""7"": 14, ""8"": 19, ""9"": 18, ""10"": 11, ""11"": 8, ""12"": 5, ""13"": 3}",100,1128075,978200.0,2047985.0,2479200
noise_sweep,4,0.5,7777,device-5,100,6,94,0.06,0.94,89,2,3,0.1492063492063492,0.153125,"{""3"": 2, ""5"": 4, ""6"": 3, ""7"": 16, ""8"": 21, ""9"": 8, ""10"": 12, ""11"": 8, ""12"": 9, ""13"": 12, ""14"": 3, ""15"": 2}",100,1079795,939500.0,1690540.0,2438900
noise_sweep,4,0.5,8231,device-0,100,4,96,0.04,0.96,91,2,3,0.15047619047619049,0.15078125,"{""4"": 2, ""5"": 2, ""6"": 9, ""7"": 15, ""8"": 10, ""9"": 6, ""10"": 18, ""11"": 19, ""12"": 5, ""13"": 9, ""14"": 4, ""15"": 1}",100,1080989,1043550.0,1546899.9999999998,2302000
noise_sweep,4,0.5,8231,device-1,100,33,67,0.33,0.67,65,1,1,0.1034920634920635,0.101875,"{""0"": 1, ""1"": 1, ""2"": 1, ""3"": 5, ""4"": 8, ""5"": 17, ""6"": 14, ""7"": 20, ""8"": 19, ""9"": 5, ""10"": 4, ""11"": 4, ""12"": 1}",100,1584510,1488800.0,2729075.0,3783700
noise_sweep,4,0.5,8231,device-2,100,1,99,0.01,0.99,92,5,2,0.16253968253968254,0.16125,"{""5"": 1, ""6"": 2, ""7"": 8, ""8"": 13, ""9"": 16, ""10"": 19, ""11"": 18, ""12"": 10, ""13"": 3, ""14"": 5, ""15"": 1, ""16"": 1, ""17"": 1, ""18"": 1, ""20"": 1}",100,1690800,1707900.0,2209415.0,3478300
noise_sweep,4,0.5,8231,device-3,100,13,87,0.13,0.87,86,0,1,0.13682539682539682,0.1346875,"{""3"": 1, ""4"": 2, ""5"": 10, ""6"": 10, ""7"": 15, ""8"": 12, ""9"": 15, ""10"": 14, ""11"": 7, ""12"": 5, ""13"": 4, ""14"": 3, ""17"": 2}",100,1760826,1733150.0,2273934.9999999995,2725500
noise_sweep,4,0.5,8231,device-4,100,0,100,0.0,1.0,94,3,3,0.17206349206349206,0.1696875,"{""6"": 4, ""7"": 6, ""8"": 9, ""9"": 11, ""10"": 21, ""11"": 12, ""12"": 11, ""13"": 10, ""14"": 5, ""15"": 6, ""16"": 2, ""17"": 3}",100,1669975,1648300.0,2172095.0,2441500
noise_sweep,4,0.5,8231,device-5,100,7,93,0.07,0.93,87,2,4,0.13634920634920636,0.13421875,"{""1"": 1, ""2"": 1, ""3"": 2, ""4"": 1, ""5"": 2, ""6"": 12, ""7"": 9, ""8"": 21, ""9"": 17, ""10"": 15, ""11"": 8, ""12"": 7, ""13"": 1, ""14"": 1, ""15"": 1, ""16"": 1}",100,1692190,1694400.0,2105065.0,3197400
noise_sweep,4,0.5,8888,device-0,100,17,83,0.17,0.83,80,2,1,0.1246031746031746,0.1303125,"{""1"": 1, ""3"": 6, ""4"": 3, ""5"": 7, ""6"": 12, ""7"": 11, ""8"": 18, ""9"": 14, ""10"": 19, ""11"": 4, ""12"": 3, ""14"": 1, ""16"": 1}",100,1105749,964200.0,1666004.9999999995,2052000
noise_sweep,4,0.5,8888,device-1,100,4,96,0.04,0.96,89,6,1,0.14333333333333334,0.1453125,"{""2"": 1, ""4"": 1, ""5"": 2, ""6"": 4, ""7"": 15, ""8"": 21, ""9"": 17, ""10"": 14, ""11"": 15, ""12"": 3, ""13"": 3, ""14"": 3, ""15"": 1}",100,1004824,904500.0,1566454.9999999998,1948000
noise_sweep,4,0.5,8888,device-2,100,8,92,0.08,0.92,90,1,1,0.1376190476190476,0.1371875,"{""2"": 1, ""3"": 1, ""4"": 3, ""5"": 3, ""6"": 9, ""7"": 16, ""8"": 21, ""9"": 12, ""10"": 11, ""11"": 9, ""12"": 6, ""13"": 4, ""14"": 2, ""15"": 1, ""17"": 1}",100,1034606,929100.0,1582455.0,2012000
noise_sweep,4,0.5,8888,device-3,100,1,99,0.01,0.99,92,6,1,0.19746031746031745,0.194375,"{""5"": 1, ""6"": 1, ""7"": 2, ""8"": 3, ""9"": 10, ""10"": 12, ""11"": 7, ""12"": 13, ""13"": 13, ""14"": 14, ""15"": 12, ""16"": 4, ""17"": 4, ""18"": 2, ""19"": 1, ""20"": 1}",100,1533711,1481400.0,2747809.9999999995,3326700
noise_sweep,4,0.5,8888,device-4,100,5,95,0.05,0.95,94,1,0,0.1553968253968254,0.15296875,"{""4"": 1, ""5"": 4, ""6"": 9, ""7"": 7, ""8"": 15, ""9"": 12, ""10"": 12, ""11"": 12, ""12"": 10, ""13"": 9, ""14"": 5, ""15"": 1, ""16"": 2, ""18"": 1}",100,1381213,1099950.0,2594635.0,4005200
noise_sweep,4,0.5,8888,device-5,100,8,92,0.08,0.92,86,6,0,0.13952380952380952,0.144375,"{""3"": 2, ""4"": 2, ""5"": 4, ""6"": 6, ""7"": 15, ""8"": 21, ""9"": 14, ""10"": 13, ""11"": 8, ""12"": 9, ""13"": 3, ""14"": 1, ""15"": 1, ""16"": 1}",100,1025410,904450.0,1570950.0,1984100
noise_sweep,4,0.5,9999,device-0,100,7,93,0.07,0.93,89,4,0,0.14904761904761904,0.1471875,"{""3"": 3, ""4"": 2, ""5"": 2, ""6"": 8, ""7"": 5, ""8"": 13, ""9"": 15, ""10"": 21, ""11"": 11, ""12"": 9, ""13"": 5, ""14"": 4, ""15"": 2}",100,1078887,980750.0,1609489.9999999998,2100200
noise_sweep,4,0.5,9999,device-1,100,3,97,0.03,0.97,92,4,1,0.17603174603174604,0.1790625,"{""4"": 1, ""5"": 2, ""6"": 2, ""7"": 4, ""8"": 8, ""9"": 13, ""10"": 10, ""11"": 17, ""12"": 10, ""13"": 10, ""14"": 13, ""15"": 6, ""16"": 3, ""17"": 1}",100,1062256,927650.0,1719344.9999999998,2278400
noise_sweep,4,0.5,9999,device-2,100,13,87,0.13,0.87,80,4,3,0.12285714285714286,0.12203125,"{""2"": 1, ""3"": 1, ""4"": 6, ""5"": 5, ""6"": 16, ""7"": 19, ""8"": 17, ""9"": 11, ""10"": 11, ""11"": 11, ""12"": 1, ""13"": 1}",100,1036881,954000.0,1580354.9999999998,2215800
noise_sweep,4,0.5,9999,device-3,100,14,86,0.14,0.86,82,4,0,0.13111111111111112,0.13234375,"{""2"": 1, ""4"": 6, ""5"": 7, ""6"": 16, ""7"": 17, ""8"": 12, ""9"": 9, ""10"": 8, ""11"": 9, ""12"": 7, ""13"": 5, ""14"": 2, ""17"": 1}",100,1054496,945100.0,1591439.9999999998,1961400
noise_sweep,4,0.5,9999,device-4,100,5,95,0.05,0.95,89,6,0,0.14126984126984127,0.1425,"{""4"": 3, ""5"": 2, ""6"": 15, ""7"": 14, ""8"": 11, ""9"": 14, ""10"": 14, ""11"": 9, ""12"": 10, ""13"": 5, ""14"": 3}",100,1091695,958700.0,1869130.0,2297700
noise_sweep,4,0.5,9999,device-5,100,7,93,0.07,0.93,88,3,2,0.1568253968253968,0.15921875,"{""4"": 2, ""5"": 5, ""6"": 4, ""7"": 7, ""8"": 11, ""9"": 14, ""10"": 18, ""11"": 11, ""12"": 10, ""13"": 9, ""14"": 6, ""15"": 2, ""16"": 1}",100,1080824,970600.0,1736525.0,2223900
noise_sweep,5,1.0,1111,device-0,100,0,100,0.0,1.0,96,1,3,0.24904761904761905,0.2453125,"{""10"": 3, ""11"": 3, ""12"": 10, ""13"": 9, ""14"": 9, ""15"": 13, ""16"": 13, ""17"": 11, ""18"": 9, ""19"": 12, ""20"": 7, ""23"": 1}",100,1032245,946000.0,1576525.0,1961300
noise_sweep,5,1.0,1111,device-1,100,0,100,0.0,1.0,96,4,0,0.25285714285714284,0.25140625,"{""6"": 1, ""7"": 1, ""9"": 1, ""10"": 2, ""11"": 1, ""12"": 10, ""13"": 8, ""14"": 5, ""15"": 15, ""16"": 17, ""17"": 10, ""18"": 6, ""19"": 8, ""20"": 4, ""21"": 7, ""22"": 2, ""24"": 2}",100,1519717,1504350.0,2398375.0,2893100
noise_sweep,5,1.0,1111,device-2,100,0,100,0.0,1.0,92,3,5,0.26015873015873014,0.25921875,"{""7"": 1, ""10"": 2, ""11"": 4, ""12"": 9, ""13"": 3, ""14"": 8, ""15"": 7, ""16"": 15, ""17"": 14, ""18"": 7, ""19"": 17, ""20"": 6, ""21"": 1, ""22"": 3, ""23"": 2, ""24"": 1}",100,1128501,956250.0,1839889.9999999998,3146900
noise_sweep,5,1.0,1111,device-3,100,0,100,0.0,1.0,94,3,3,0.2519047619047619,0.24875,"{""8"": 1, ""9"": 1, ""10"": 3, ""11"": 2, ""12"": 5, ""13"": 7, ""14"": 11, ""15"": 17, ""16"": 11, ""17"": 15, ""18"": 9, ""19"": 8, ""20"": 3, ""21"": 3, ""22"": 2, ""23"": 2}",100,1068862,969650.0,1592654.9999999998,2637700
noise_sweep,5,1.0,1111,device-4,100,0,100,0.0,1.0,94,3,3,0.2607936507936508,0.2625,"{""8"": 1, ""11"": 5, ""12"": 5, ""13"": 6, ""14"": 10, ""15"": 19, ""16"": 12, ""17"": 9, ""18"": 7, ""19"": 4, ""20"": 8, ""21"": 8, ""22"": 1, ""23"": 2, ""24"": 2, ""26"": 1}",100,1032784,933150.0,1692814.9999999998,2166400
noise_sweep,5,1.0,1111,device-5,100,0,100,0.0,1.0,98,2,0,0.25333333333333335,0.25453125,"{""8"": 1, ""9"": 1, ""10"": 2, ""11"": 3, ""12"": 4, ""13"": 9, ""14"": 12, ""15"": 9, ""16"": 13, ""17"": 16, ""18"": 16, ""19"": 3, ""20"": 5, ""21"": 3, ""22"": 1, ""23"": 1, ""25"": 1}",100,1172504,1094800.0,1851739.9999999995,2094100
noise_sweep,5,1.0,1122,device-0,100,0,100,0.0,1.0,91,7,2,0.2146031746031746,0.21875,"{""8"": 1, ""9"": 8, ""10"": 5, ""11"": 17, ""12"": 6, ""13"": 16, ""14"": 8, ""15"": 15, ""16"": 10, ""17"": 7, ""18"": 2, ""19"": 1, ""20"": 3, ""24"": 1}",100,1073876,975100.0,1673274.9999999998,1971600
noise_sweep,5,1.0,1122,device-1,100,0,100,0.0,1.0,91,6,3,0.2523809523809524,0.255,"{""9"": 1, ""10"": 2, ""11"": 6, ""12"": 4, ""13"": 6, ""14"": 13, ""15"": 13, ""16"": 15, ""17"": 12, ""18"": 9, ""19"": 9, ""20"": 3, ""21"": 3, ""22"": 1, ""23"": 2, ""24"": 1}",100,1050632,974000.0,1632014.9999999998,2305900
noise_sweep,5,1.0,1122,device-2,100,0,100,0.0,1.0,93,6,1,0.2338095238095238,0.2378125,"{""6"": 1, ""7"": 1, ""9"": 2, ""10"": 4, ""11"": 5, ""12"": 12, ""13"": 13, ""14"": 11, ""15"": 16, ""16"": 5, ""17"": 6, ""18"": 11, ""19"": 5, ""20"": 5, ""21"": 1, ""22"": 2}",100,1018638,936950.0,1493464.9999999998,2078000
noise_sweep,5,1.0,1122,device-3,100,0,100,0.0,1.0,96,4,0,0.2646031746031746,0.261875,"{""10"": 1, ""11"": 4, ""12"": 7, ""13"": 5, ""14"": 8, ""15"": 10, ""16"": 12, ""17"": 12, ""18"": 14, ""19"": 10, ""20"": 5, ""21"": 6, ""22"": 3, ""24"": 3}",100,1072997,962400.0,1722960.0,1981000
noise_sweep,5,1.0,1122,device-4,100,0,100,0.0,1.0,94,6,0,0.23682539682539683,0.23671875,"{""8"": 2, ""9"": 1, ""10"": 4, ""11"": 6, ""12"": 15, ""13"": 9, ""14"": 10, ""15"": 9, ""16"": 12, ""17"": 11, ""18"": 4, ""19"": 7, ""20"": 6, ""21"": 3, ""22"": 1}",100,1056840,992300.0,1455314.9999999995,1829100
noise_sweep,5,1.0,1122,device-5,100,0,100,0.0,1.0,93,4,3,0.2695238095238095,0.26546875,"{""9"": 1, ""11"": 2, ""12"": 6, ""13"": 8, ""14"": 6, ""15"": 14, ""16"": 13, ""17"": 14, ""18"": 4, ""19"": 9, ""20"": 8, ""21"": 5, ""22"": 4, ""23"": 1, ""24"": 1, ""25"": 2, ""28"": 1, ""30"": 1}",100,1293257,1105450.0,2263005.0,2667400
noise_sweep,5,1.0,1234,device-0,100,0,100,0.0,1.0,94,6,0,0.23952380952380953,0.2396875,"{""6"": 1, ""8"": 1, ""9"": 2, ""10"": 2, ""11"": 6, ""12"": 11, ""13"": 10, ""14"": 11, ""15"": 11, ""16"": 12, ""17"": 7, ""18"": 10, ""19"": 7, ""20"": 4, ""21"": 4, ""22"": 1}",100,1406446,1253950.0,2388265.0,4009700
noise_sweep,5,1.0,1234,device-1,100,0,100,0.0,1.0,93,5,2,0.22984126984126985,0.2346875,"{""7"": 1, ""8"": 1, ""9"": 5, ""10"": 4, ""11"": 12, ""12"": 4, ""13"": 11, ""14"": 12, ""15"": 11, ""16"": 11, ""17"": 9, ""18"": 7, ""19"": 7, ""20"": 4, ""24"": 1}",100,1023037,933100.0,1441155.0,2004400
noise_sweep,5,1.0,1234,device-2,100,0,100,0.0,1.0,95,5,0,0.2509523809523809,0.24765625,"{""7"": 1, ""8"": 1, ""10"": 3, ""11"": 5, ""12"": 11, ""13"": 8, ""14"": 6, ""15"": 12, ""16"": 9, ""17"": 10, ""18"": 12, ""19"": 9, ""20"": 6, ""21"": 2, ""22"": 1, ""23"": 2, ""25"": 2}",100,1020837,896400.0,1542764.9999999998,2205500
noise_sweep,5,1.0,1234,device-3,100,0,100,0.0,1.0,93,6,1,0.27666666666666667,0.2746875,"{""9"": 3, ""10"": 1, ""11"": 3, ""12"": 3, ""13"": 8, ""14"": 8, ""15"": 4, ""16"": 7, ""17"": 7, ""18"": 14, ""19"": 6, ""20"": 11, ""21"": 13, ""22"": 7, ""23"": 3, ""24"": 2}",100,1064226,993800.0,1573290.0,1830200
noise_sweep,5,1.0,1234,device-4,100,0,100,0.0,1.0,96,4,0,0.2526984126984127,0.25125,"{""9"": 3, ""11"": 6, ""12"": 5, ""13"": 12, ""14"": 11, ""15"": 7, ""16"": 14, ""17"": 11, ""18"": 12, ""19"": 6, ""20"": 1, ""21"": 4, ""22"": 6, ""23"": 1, ""24"": 1}",100,1067870,957750.0,1710410.0,1892800
noise_sweep,5,1.0,1234,device-5,100,0,100,0.0,1.0,98,1,1,0.25523809523809526,0.2565625,"{""9"": 4, ""10"": 2, ""11"": 1, ""12"": 7, ""13"": 12, ""14"": 7, ""15"": 11, ""16"": 8, ""17"": 13, ""18"": 12, ""19"": 8, ""20"": 5, ""21"": 4, ""22"": 3, ""23"": 2, ""25"": 1}",100,1009859,876800.0,1631830.0,2166500
noise_sweep,5,1.0,2121,device-0,100,0,100,0.0,1.0,99,1,0,0.24571428571428572,0.24890625,"{""9"": 3, ""10"": 3, ""11"": 9, ""12"": 12, ""13"": 4, ""14"": 9, ""15"": 15, ""16"": 13, ""17"": 7, ""18"": 2, ""19"": 6, ""20"": 4, ""21"": 4, ""22"": 6, ""23"": 1, ""24"": 1, ""25"": 1}",100,993875,859550.0,1620675.0,1983500
noise_sweep,5,1.0,2121,device-1,100,0,100,0.0,1.0,96,3,1,0.24333333333333335,0.24109375,"{""8"": 1, ""9"": 3, ""10"": 3, ""11"": 4, ""12"": 5, ""13"": 13, ""14"": 10, ""15"": 13, ""16"": 11, ""17"": 13, ""18"": 9, ""19"": 8, ""20"": 3, ""21"": 1, ""22"": 2, ""24"": 1}",100,994995,878000.0,1514319.9999999998,1969500
noise_sweep,5,1.0,2121,device-2,100,0,100,0.0,1.0,92,6,2,0.23142857142857143,0.2328125,"{""9"": 3, ""10"": 4, ""11"": 9, ""12"": 15, ""13"": 12, ""14"": 7, ""15"": 10, ""16"": 12, ""17"": 11, ""18"": 3, ""19"": 7, ""20"": 5, ""21"": 2}",100,1048864,947100.0,1538074.9999999998,1883100
noise_sweep,5,1.0,2121,device-3,100,0,100,0.0,1.0,98,2,0,0.27031746031746035,0.270625,"{""10"": 2, ""12"": 1, ""13"": 5, ""14"": 13, ""15"": 11, ""16"": 13, ""17"": 12, ""18"": 13, ""19"": 10, ""20"": 6, ""21"": 8, ""22"": 4, ""23"": 1, ""24"": 1}",100,1046163,916650.0,1725925.0,2103700
noise_sweep,5,1.0,2121,device-4,100,0,100,0.0,1.0,97,3,0,0.22031746031746033,0.22,"{""8"": 3, ""9"": 2, ""10"": 8, ""11"": 5, ""12"": 11, ""13"": 16, ""14"": 22, ""15"": 10, ""16"": 8, ""17"": 7, ""18"": 2, ""19"": 1, ""20"": 1, ""21"": 1, ""23"": 2, ""24"": 1}",100,1611985,1589450.0,2540384.9999999995,3685900
noise_sweep,5,1.0,2121,device-5,100,0,100,0.0,1.0,94,5,1,0.29523809523809524,0.29359375,"{""11"": 2, ""12"": 2, ""13"": 2, ""14"": 6, ""15"": 6, ""16"": 10, ""17"": 6, ""18"": 17, ""19"": 14, ""20"": 10, ""21"": 7, ""22"": 5, ""23"": 5, ""24"": 2, ""25"": 2, ""26"": 2, ""29"": 2}",100,1081121,1000750.0,1548884.9999999995,2189500
noise_sweep,5,1.0,2222,device-0,100,0,100,0.0,1.0,94,6,0,0.2523809523809524,0.24859375,"{""7"": 1, ""8"": 2, ""10"": 4, ""11"": 3, ""12"": 5, ""13"": 5, ""14"": 10, ""15"": 16, ""16"": 11, ""17"": 12, ""18"": 11, ""19"": 8, ""20"": 4, ""21"": 3, ""22"": 2, ""23"": 1, ""24"": 1, ""25"": 1}",100,1051105,948900.0,1551469.9999999998,2233300
noise_sweep,5,1.0,2222,device-1,100,0,100,0.0,1.0,93,6,1,0.23063492063492064,0.23046875,"{""7"": 1, ""9"": 2, ""10"": 5, ""11"": 11, ""12"": 6, ""13"": 16, ""14"": 5, ""15"": 18, ""16"": 10, ""17"": 11, ""18"": 9, ""19"": 2, ""21"": 1, ""22"": 2, ""25"": 1}",100,1054850,957300.0,1578324.9999999998,1935000
noise_sweep,5,1.0,2222,device-2,100,1,99,0.01,0.99,92,6,1,0.24603174603174602,0.24421875,"{""5"": 1, ""8"": 1, ""9"": 1, ""10"": 4, ""11"": 4, ""12"": 10, ""13"": 4, ""14"": 10, ""15"": 13, ""16"": 12, ""17"": 15, ""18"": 9, ""19"": 4, ""20"": 5, ""21"": 4, ""22"": 2, ""24"": 1}",100,1008613,910250.0,1496505.0,2068400
noise_sweep,5,1.0,2222,device-3,100,0,100,0.0,1.0,97,3,0,0.2719047619047619,0.2753125,"{""10"": 2, ""11"": 6, ""12"": 3, ""13"": 3, ""14"": 5, ""15"": 17, ""16"": 10, ""17"": 9, ""18"": 12, ""19"": 9, ""20"": 4, ""21"": 8, ""22"": 7, ""24"": 3, ""26"": 1, ""27"": 1}",100,1056246,990000.0,1704015.0,1893500
noise_sweep,5,1.0,2222,device-4,100,0,100,0.0,1.0,94,6,0,0.26412698412698415,0.26578125,"{""9"": 1, ""10"": 1, ""11"": 1, ""12"": 3, ""13"": 9, ""14"": 11, ""15"": 11, ""16"": 15, ""17"": 8, ""18"": 14, ""19"": 11, ""20"": 4, ""21"": 4, ""22"": 3, ""23"": 1, ""24"": 3}",100,1020655,963000.0,1506625.0,2034200
noise_sweep,5,1.0,2222,device-5,100,0,100,0.0,1.0,95,3,2,0.28,0.28140625,"{""10"": 3, ""12"": 1, ""13"": 5, ""14"": 6, ""15"": 13, ""16"": 4, ""17"": 11, ""18"": 22, ""19"": 10, ""20"": 9, ""21"": 6, ""22"": 3, ""23"": 3, ""24"": 1, ""25"": 2, ""26"": 1}",100,1038583,912750.0,1695605.0,2496600
noise_sweep,5,1.0,2391,device-0,100,0,100,0.0,1.0,91,8,1,0.22603174603174603,0.2265625,"{""6"": 1, ""7"": 1, ""8"": 2, ""9"": 2, ""10"": 6, ""11"": 5, ""12"": 9, ""13"": 16, ""14"": 17, ""15"": 4, ""16"": 13, ""17"": 10, ""18"": 4, ""19"": 5, ""20"": 2, ""21"": 3}",100,1070177,985650.0,1702985.0,2681900
noise_sweep,5,1.0,2391,device-1,100,0,100,0.0,1.0,94,5,1,0.24555555555555555,0.2484375,"{""9"": 3, ""10"": 1, ""11"": 6, ""12"": 7, ""13"": 5, ""14"": 14, ""15"": 14, ""16"": 11, ""17"": 18, ""18"": 8, ""19"": 5, ""20"": 4, ""21"": 3, ""25"": 1}",100,1018879,926800.0,1576045.0,2463500
noise_sweep,5,1.0,2391,device-2,100,0,100,0.0,1.0,95,2,3,0.27015873015873015,0.27265625,"{""10"": 3, ""11"": 4, ""12"": 6, ""13"": 2, ""14"": 8, ""15"": 7, ""16"": 12, ""17"": 9, ""18"": 15, ""19"": 11, ""20"": 8, ""21"": 6, ""22"": 6, ""23"": 2, ""25"": 1}",100,1571286,1620450.0,2649519.9999999995,3718200
noise_sweep,5,1.0,2391,device-3,100,0,100,0.0,1.0,97,3,0,0.2677777777777778,0.2709375,"{""11"": 2, ""12"": 9, ""13"": 7, ""14"": 12, ""15"": 10, ""16"": 9, ""17"": 9, ""18"": 7, ""19"": 11, ""20"": 9, ""21"": 6, ""22"": 4, ""23"": 2, ""24"": 1, ""26"": 2}",100,1031019,939850.0,1554290.0,2101000
noise_sweep,5,1.0,2391,device-4,100,0,100,0.0,1.0,97,3,0,0.2096825396825397,0.21046875,"{""6"": 1, ""7"": 3, ""8"": 5, ""9"": 4, ""10"": 7, ""11"": 7, ""12"": 10, ""13"": 14, ""14"": 20, ""15"": 9, ""16"": 8, ""17"": 3, ""18"": 4, ""19"": 1, ""20"": 1, ""21"": 2, ""22"": 1}",100,980363,891200.0,1581345.0,1852600
noise_sweep,5,1.0,2391,device-5,100,0,100,0.0,1.0,96,4,0,0.2638095238095238,0.26734375,"{""9"": 1, ""10"": 2, ""11"": 2, ""12"": 2, ""13"": 7, ""14"": 12, ""15"": 9, ""16"": 13, ""17"": 17, ""18"": 9, ""19"": 9, ""20"": 5, ""21"": 5, ""22"": 3, ""23"": 4}",100,978395,899100.0,1439765.0,1857700
noise_sweep,5,1.0,3232,device-0,100,0,100,0.0,1.0,94,6,0,0.2750793650793651,0.27703125,"{""10"": 1, ""11"": 2, ""12"": 5, ""13"": 7, ""14"": 4, ""15"": 14, ""16"": 8, ""17"": 12, ""18"": 14, ""19"": 9, ""20"": 6, ""21"": 5, ""22"": 5, ""23"": 3, ""24"": 3, ""26"": 1, ""27"": 1}",100,1061565,959200.0,1676855.0,2016700
noise_sweep,5,1.0,3232,device-1,100,0,100,0.0,1.0,97,3,0,0.2765079365079365,0.27234375,"{""10"": 2, ""11"": 1, ""12"": 2, ""13"": 6, ""14"": 6, ""15"": 8, ""16"": 11, ""17"": 18, ""18"": 14, ""19"": 9, ""20"": 6, ""21"": 9, ""22"": 1, ""23"": 2, ""24"": 2, ""25"": 3}",100,1037588,925650.0,1509605.0,1726300
noise_sweep,5,1.0,3232,device-2,100,0,100,0.0,1.0,97,1,2,0.24079365079365078,0.23828125,"{""9"": 3, ""10"": 5, ""11"": 5, ""12"": 5, ""13"": 12, ""14"": 14, ""15"": 10, ""16"": 14, ""17"": 12, ""18"": 3, ""19"": 7, ""20"": 4, ""21"": 5, ""23"": 1}",100,1032630,906850.0,1665359.9999999998,2703400
noise_sweep,5,1.0,3232,device-3,100,0,100,0.0,1.0,98,2,0,0.2544444444444444,0.2546875,"{""8"": 1, ""9"": 6, ""10"": 1, ""11"": 2, ""12"": 8, ""13"": 5, ""14"": 13, ""15"": 15, ""16"": 8, ""17"": 7, ""18"": 6, ""19"": 7, ""20"": 6, ""21"": 8, ""22"": 2, ""23"": 2, ""24"": 1, ""25"": 1, ""26"": 1}",100,1058095,961500.0,1566450.0,3557500
noise_sweep,5,1.0,3232,device-4,100,0,100,0.0,1.0,92,7,1,0.2619047619047619,0.2609375,"{""8"": 1, ""9"": 1, ""10"": 2, ""11"": 2, ""12"": 10, ""13"": 7, ""14"": 7, ""15"": 9, ""16"": 9, ""17"": 8, ""18"": 14, ""19"": 10, ""20"": 8, ""21"": 6, ""22"": 2, ""23"": 2, ""24"": 1, ""25"": 1}",100,1043384,977200.0,1476320.0,2611500
noise_sweep,5,1.0,3232,device-5,100,0,100,0.0,1.0,97,3,0,0.2517460317460318,0.248125,"{""7"": 1, ""9"": 1, ""10"": 3, ""11"": 3, ""12"": 6, ""13"": 16, ""14"": 7, ""15"": 14, ""16"": 11, ""17"": 6, ""18"": 9, ""19"": 5, ""20"": 6, ""21"": 3, ""22"": 6, ""23"": 3}",100,1036269,939850.0,1570500.0,1814200
noise_sweep,5,1.0,3333,device-0,100,0,100,0.0,1.0,95,5,0,0.2526984126984127,0.255,"{""8"": 1, ""10"": 3, ""11"": 4, ""12"": 11, ""13"": 6, ""14"": 9, ""15"": 10, ""16"": 12, ""17"": 14, ""18"": 8, ""19"": 8, ""20"": 5, ""21"": 3, ""22"": 3, ""23"": 3}",100,1303305,1151000.0,2261940.0,3182500
noise_sweep,5,1.0,3333,device-1,100,0,100,0.0,1.0,94,2,4,0.28269841269841267,0.2846875,"{""8"": 1, ""10"": 1, ""11"": 1, ""12"": 5, ""13"": 5, ""14"": 4, ""15"": 7, ""16"": 9, ""17"": 10, ""18"": 15, ""19"": 14, ""20"": 9, ""21"": 3, ""22"": 3, ""23"": 8, ""24"": 3, ""25"": 1, ""26"": 1}",100,1303483,1040200.0,2338994.9999999995,3401200
noise_sweep,5,1.0,3333,device-2,100,0,100,0.0,1.0,93,4,3,0.2792063492063492,0.28078125,"{""10"": 1, ""11"": 1, ""12"": 2, ""13"": 4, ""14"": 7, ""15"": 14, ""16"": 6, ""17"": 14, ""18"": 15, ""19"": 6, ""20"": 13, ""21"": 7, ""22"": 6, ""23"": 1, ""24"": 2, ""26"": 1}",100,993293,913100.0,1469174.9999999995,2256300
noise_sweep,5,1.0,3333,device-3,100,0,100,0.0,1.0,94,4,2,0.2733333333333333,0.27171875,"{""10"": 4, ""11"": 1, ""12"": 3, ""13"": 8, ""14"": 6, ""15"": 10, ""16"": 9, ""17"": 12, ""18"": 7, ""19"": 13, ""20"": 9, ""21"": 11, ""22"": 3, ""23"": 1, ""24"": 2, ""28"": 1}",100,1031192,905400.0,1608354.9999999993,2052100
noise_sweep,5,1.0,3333,device-4,100,0,100,0.0,1.0,91,7,2,0.25682539682539685,0.25328125,"{""7"": 1, ""9"": 1, ""10"": 4, ""11"": 3, ""12"": 1, ""13"": 2, ""14"": 10, ""15"": 16, ""16"": 19, ""17"": 12, ""18"": 9, ""19"": 11, ""20"": 5, ""21"": 3, ""22"": 1, ""23"": 1, ""24"": 1}",100,1052346,951900.0,1575330.0,1794400
noise_sweep,5,1.0,3333,device-5,100,0,100,0.0,1.0,92,8,0,0.2653968253968254,0.2646875,"{""9"": 1, ""10"": 1, ""11"": 3, ""12"": 4, ""13"": 9, ""14"": 5, ""15"": 13, ""16"": 14, ""17"": 12, ""18"": 10, ""19"": 10, ""20"": 4, ""21"": 5, ""22"": 3, ""23"": 3, ""24"": 3}",100,1093560,999450.0,1661180.0,2497800
noise_sweep,5,1.0,4321,device-0,100,0,100,0.0,1.0,94,5,1,0.2607936507936508,0.26140625,"{""9"": 1, ""10"": 2, ""11"": 1, ""12"": 3, ""13"": 8, ""14"": 16, ""15"": 12, ""16"": 10, ""17"": 9, ""18"": 9, ""19"": 12, ""20"": 8, ""21"": 4, ""22"": 3, ""23"": 2}",100,1027791,907100.0,1626100.0,2639200
noise_sweep,5,1.0,4321,device-1,100,0,100,0.0,1.0,92,7,1,0.25952380952380955,0.2571875,"{""6"": 2, ""8"": 1, ""9"": 1, ""10"": 1, ""12"": 8, ""13"": 9, ""14"": 5, ""15"": 12, ""16"": 10, ""17"": 12, ""18"": 11, ""19"": 11, ""20"": 7, ""21"": 5, ""22"": 2, ""24"": 2, ""25"": 1}",100,1041384,947750.0,1525664.9999999998,2345500
noise_sweep,5,1.0,4321,device-2,100,0,100,0.0,1.0,97,1,2,0.2573015873015873,0.25640625,"{""8"": 1, ""10"": 1, ""11"": 3, ""12"": 3, ""13"": 8, ""14"": 11, ""15"": 16, ""16"": 6, ""17"": 19, ""18"": 13, ""19"": 7, ""20"": 4, ""21"": 6, ""22"": 2}",100,1009314,923100.0,1595975.0,1960400
noise_sweep,5,1.0,4321,device-3,100,0,100,0.0,1.0,94,5,1,0.21126984126984127,0.21234375,"{""7"": 2, ""8"": 5, ""9"": 3, ""10"": 10, ""11"": 12, ""12"": 9, ""13"": 14, ""14"": 10, ""15"": 8, ""16"": 10, ""17"": 6, ""18"": 5, ""19"": 4, ""20"": 2}",100,1144286,988150.0,1933595.0,2281400
noise_sweep,5,1.0,4321,device-4,100,0,100,0.0,1.0,94,3,3,0.23857142857142857,0.23984375,"{""7"": 2, ""8"": 1, ""9"": 2, ""10"": 2, ""11"": 6, ""12"": 7, ""13"": 10, ""14"": 10, ""15"": 14, ""16"": 13, ""17"": 13, ""18"": 9, ""19"": 6, ""20"": 2, ""21"": 1, ""22"": 1, ""25"": 1}",100,1087084,974650.0,1630925.0,3052300
noise_sweep,5,1.0,4321,device-5,100,0,100,0.0,1.0,95,3,2,0.2419047619047619,0.2459375,"{""9"": 1, ""10"": 1, ""11"": 5, ""12"": 10, ""13"": 14, ""14"": 12, ""15"": 15, ""16"": 9, ""17"": 10, ""18"": 12, ""19"": 5, ""20"": 1, ""21"": 2, ""22"": 1, ""23"": 2}",100,1525852,1544600.0,2567540.0,3115600
noise_sweep,5,1.0,4433,device-0,100,0,100,0.0,1.0,94,4,2,0.21698412698412697,0.21453125,"{""6"": 1, ""8"": 2, ""9"": 5, ""10"": 7, ""11"": 11, ""12"": 10, ""13"": 13, ""14"": 10, ""15"": 12, ""16"": 15, ""17"": 5, ""18"": 1, ""19"": 3, ""20"": 5}",100,1044625,932900.0,1528299.9999999998,2062500
noise_sweep,5,1.0,4433,device-1,100,0,100,0.0,1.0,89,9,2,0.22682539682539682,0.22890625,"{""6"": 2, ""8"": 1, ""9"": 4, ""10"": 3, ""11"": 7, ""12"": 10, ""13"": 17, ""14"": 8, ""15"": 11, ""16"": 9, ""17"": 13, ""18"": 5, ""19"": 8, ""20"": 1, ""21"": 1}",100,1082190,980850.0,1867129.9999999995,2549100
noise_sweep,5,1.0,4433,device-2,100,0,100,0.0,1.0,94,5,1,0.2561904761904762,0.25609375,"{""10"": 1, ""11"": 8, ""12"": 5, ""13"": 6, ""14"": 11, ""15"": 13, ""16"": 14, ""17"": 9, ""18"": 10, ""19"": 7, ""20"": 7, ""21"": 2, ""22"": 5, ""23"": 1, ""24"": 1}",100,1045923,960550.0,1674669.9999999995,2244500
noise_sweep,5,1.0,4433,device-3,100,0,100,0.0,1.0,96,3,1,0.22523809523809524,0.22625,"{""9"": 2, ""10"": 7, ""11"": 9, ""12"": 13, ""13"": 14, ""14"": 14, ""15"": 10, ""16"": 11, ""17"": 6, ""18"": 3, ""19"": 7, ""20"": 2, ""21"": 1, ""22"": 1}",100,1072291,967950.0,1774355.0,2107000
noise_sweep,5,1.0,4433,device-4,100,0,100,0.0,1.0,95,5,0,0.24873015873015872,0.25,"{""8"": 1, ""9"": 1, ""10"": 2, ""11"": 3, ""12"": 9, ""13"": 11, ""14"": 8, ""15"": 14, ""16"": 14, ""17"": 10, ""18"": 8, ""19"": 9, ""20"": 3, ""21"": 3, ""22"": 1, ""23"": 2, ""24"": 1}",100,1039991,994650.0,1571644.9999999998,2141200
noise_sweep,5,1.0,4433,device-5,100,0,100,0.0,1.0,98,2,0,0.27206349206349206,0.27171875,"{""11"": 2, ""12"": 3, ""13"": 5, ""14"": 10, ""15"": 13, ""16"": 9, ""17"": 15, ""18"": 13, ""19"": 7, ""20"": 9, ""21"": 7, ""22"": 3, ""23"": 3, ""28"": 1}",100,1114862,1012650.0,1700300.0,2453200
noise_sweep,5,1.0,4444,device-0,100,0,100,0.0,1.0,94,5,1,0.23984126984126983,0.243125,"{""7"": 2, ""8"": 1, ""9"": 1, ""10"": 1, ""11"": 7, ""12"": 5, ""13"": 4, ""14"": 17, ""15"": 18, ""16"": 16, ""17"": 7, ""18"": 10, ""19"": 6, ""20"": 3, ""21"": 1, ""23"": 1}",100,1055539,974800.0,1654140.0,1976500
noise_sweep,5,1.0,4444,device-1,100,0,100,0.0,1.0,95,4,1,0.24587301587301588,0.2434375,"{""9"": 3, ""10"": 2, ""11"": 7, ""12"": 3, ""13"": 7, ""14"": 10, ""15"": 16, ""16"": 18, ""17"": 10, ""18"": 7, ""19"": 8, ""20"": 7, ""21"": 2}",100,1083394,954950.0,1693084.9999999998,2846400
noise_sweep,5,1.0,4444,device-2,100,0,100,0.0,1.0,91,9,0,0.25047619047619046,0.2534375,"{""7"": 2, ""8"": 1, ""9"": 1, ""10"": 1, ""11"": 5, ""12"": 4, ""13"": 8, ""14"": 10, ""15"": 11, ""16"": 15, ""17"": 14, ""18"": 7, ""19"": 10, ""20"": 6, ""21"": 3, ""23"": 1, ""25"": 1}",100,1353835,1093850.0,2685935.0,3462300
noise_sweep,5,1.0,4444,device-3,100,0,100,0.0,1.0,95,5,0,0.23253968253968255,0.23375,"{""8"": 1, ""9"": 2, ""10"": 4, ""11"": 4, ""12"": 14, ""13"": 15, ""14"": 8, ""15"": 14, ""16"": 16, ""17"": 7, ""18"": 5, ""19"": 3, ""20"": 5, ""21"": 1, ""27"": 1}",100,1494032,1549550.0,2499870.0,3008800
noise_sweep,5,1.0,4444,device-4,100,0,100,0.0,1.0,96,3,1,0.2746031746031746,0.27140625,"{""7"": 1, ""9"": 1, ""10"": 2, ""11"": 2, ""12"": 2, ""13"": 6, ""14"": 6, ""15"": 10, ""16"": 12, ""17"": 8, ""18"": 16, ""19"": 10, ""20"": 5, ""21"": 4, ""22"": 5, ""23"": 6, ""24"": 2, ""25"": 2}",100,1089636,986200.0,1633085.0,2024200
noise_sweep,5,1.0,4444,device-5,100,0,100,0.0,1.0,91,6,3,0.26126984126984126,0.2596875,"{""9"": 3, ""10"": 5, ""11"": 4, ""12"": 4, ""13"": 11, ""14"": 6, ""15"": 7, ""16"": 10, ""17"": 12, ""18"": 7, ""19"": 9, ""20"": 5, ""21"": 4, ""22"": 5, ""23"": 4, ""24"": 2, ""25"": 2}",100,1035772,959550.0,1490900.0,2036500
noise_sweep,5,1.0,5426,device-0,100,0,100,0.0,1.0,93,3,4,0.23603174603174604,0.23859375,"{""8"": 3, ""9"": 4, ""10"": 5, ""11"": 5, ""12"": 5, ""13"": 14, ""14"": 9, ""15"": 16, ""16"": 8, ""17"": 7, ""18"": 7, ""19"": 6, ""20"": 8, ""21"": 2, ""25"": 1}",100,1109543,986700.0,1711195.0,2213600
noise_sweep,5,1.0,5426,device-1,100,0,100,0.0,1.0,99,1,0,0.25333333333333335,0.25140625,"{""10"": 1, ""11"": 4, ""12"": 6, ""13"": 14, ""14"": 8, ""15"": 15, ""16"": 13, ""17"": 7, ""18"": 9, ""19"": 11, ""20"": 6, ""21"": 2, ""22"": 2, ""23"": 1, ""24"": 1}",100,1257661,1006050.0,2481094.9999999995,3397700
noise_sweep,5,1.0,5426,device-2,100,0,100,0.0,1.0,94,5,1,0.2473015873015873,0.24515625,"{""8"": 1, ""9"": 1, ""10"": 2, ""11"": 6, ""12"": 7, ""13"": 10, ""14"": 12, ""15"": 15, ""16"": 11, ""17"": 9, ""18"": 10, ""19"": 6, ""20"": 1, ""21"": 3, ""23"": 3, ""24"": 2, ""25"": 1}",100,1063876,957300.0,1495804.9999999998,2770200
noise_sweep,5,1.0,5426,device-3,100,0,100,0.0,1.0,95,2,3,0.2542857142857143,0.2525,"{""9"": 1, ""10"": 1, ""11"": 4, ""12"": 4, ""13"": 9, ""14"": 15, ""15"": 12, ""16"": 13, ""17"": 10, ""18"": 12, ""19"": 6, ""20"": 4, ""21"": 4, ""22"": 3, ""23"": 2}",100,1043981,980800.0,1563685.0,1972700
noise_sweep,5,1.0,5426,device-4,100,0,100,0.0,1.0,95,2,3,0.2492063492063492,0.25359375,"{""9"": 2, ""10"": 4, ""11"": 8, ""12"": 6, ""13"": 8, ""14"": 5, ""15"": 10, ""16"": 16, ""17"": 8, ""18"": 13, ""19"": 11, ""20"": 4, ""21"": 1, ""22"": 2, ""23"": 1, ""25"": 1}",100,1003996,918050.0,1448675.0,1920900
noise_sweep,5,1.0,5426,device-5,100,0,100,0.0,1.0,94,6,0,0.26904761904761904,0.2678125,"{""10"": 1, ""11"": 2, ""12"": 1, ""13"": 6, ""14"": 10, ""15"": 8, ""16"": 16, ""17"": 16, ""18"": 8, ""19"": 13, ""20"": 9, ""21"": 6, ""22"": 4}",100,1100574,963550.0,1831700.0,3249200
noise_sweep,5,1.0,5555,device-0,100,0,100,0.0,1.0,96,4,0,0.29095238095238096,0.29359375,"{""10"": 1, ""11"": 2, ""12"": 2, ""13"": 2, ""14"": 7, ""15"": 5, ""16"": 4, ""17"": 12, ""18"": 14, ""19"": 16, ""20"": 13, ""21"": 9, ""22"": 5, ""23"": 3, ""25"": 4, ""26"": 1}",100,1198283,1039000.0,2215295.0,2987600
noise_sweep,5,1.0,5555,device-1,100,0,100,0.0,1.0,96,4,0,0.23634920634920634,0.23390625,"{""7"": 1, ""8"": 1, ""9"": 1, ""10"": 5, ""11"": 6, ""12"": 8, ""13"": 11, ""14"": 14, ""15"": 11, ""16"": 13, ""17"": 11, ""18"": 6, ""19"": 3, ""20"": 4, ""21"": 3, ""22"": 1, ""24"": 1}",100,1411655,1331950.0,2452204.9999999995,3227100
noise_sweep,5,1.0,5555,device-2,100,0,100,0.0,1.0,94,5,1,0.259047619047619,0.2575,"{""9"": 3, ""10"": 2, ""11"": 2, ""12"": 4, ""13"": 7, ""14"": 12, ""15"": 14, ""16"": 14, ""17"": 10, ""18"": 4, ""19"": 6, ""20"": 10, ""21"": 5, ""22"": 3, ""23"": 1, ""24"": 3}",100,1117158,1041650.0,1646100.0,1985200
noise_sweep,5,1.0,5555,device-3,100,0,100,0.0,1.0,94,3,3,0.27,0.2678125,"{""10"": 1, ""11"": 2, ""12"": 1, ""13"": 10, ""14"": 11, ""15"": 13, ""16"": 13, ""17"": 3, ""18"": 12, ""19"": 8, ""20"": 9, ""21"": 8, ""22"": 5, ""23"": 3, ""24"": 1}",100,1043165,991700.0,1497409.9999999998,1719000
noise_sweep,5,1.0,5555,device-4,100,0,100,0.0,1.0,95,3,2,0.2680952380952381,0.266875,"{""10"": 2, ""11"": 1, ""12"": 2, ""13"": 8, ""14"": 8, ""15"": 10, ""16"": 13, ""17"": 17, ""18"": 13, ""19"": 6, ""20"": 8, ""21"": 8, ""22"": 2, ""24"": 1, ""27"": 1}",100,1044158,964250.0,1608320.0,2478100
noise_sweep,5,1.0,5555,device-5,100,0,100,0.0,1.0,93,6,1,0.2515873015873016,0.25046875,"{""6"": 1, ""9"": 2, ""10"": 3, ""11"": 5, ""12"": 4, ""13"": 7, ""14"": 11, ""15"": 10, ""16"": 11, ""17"": 19, ""18"": 8, ""19"": 5, ""20"": 6, ""21"": 5, ""22"": 1, ""23"": 1, ""25"": 1}",100,1034820,924850.0,1593045.0,1688000
noise_sweep,5,1.0,6543,device-0,100,0,100,0.0,1.0,97,3,0,0.2598412698412698,0.2621875,"{""9"": 1, ""10"": 1, ""11"": 7, ""12"": 2, ""13"": 11, ""14"": 8, ""15"": 6, ""16"": 14, ""17"": 12, ""18"": 11, ""19"": 8, ""20"": 8, ""21"": 8, ""22"": 3}",100,1021009,920600.0,1548090.0,2025700
noise_sweep,5,1.0,6543,device-1,100,0,100,0.0,1.0,92,5,3,0.2509523809523809,0.2490625,"{""8"": 1, ""9"": 1, ""10"": 3, ""11"": 7, ""12"": 6, ""13"": 5, ""14"": 7, ""15"": 12, ""16"": 18, ""17"": 10, ""18"": 8, ""19"": 10, ""20"": 6, ""21"": 3, ""22"": 2, ""23"": 1}",100,1077311,954900.0,1805209.9999999995,2132300
noise_sweep,5,1.0,6543,device-2,100,0,100,0.0,1.0,96,3,1,0.24301587301587302,0.24625,"{""7"": 3, ""10"": 1, ""11"": 5, ""12"": 6, ""13"": 13, ""14"": 16, ""15"": 11, ""16"": 8, ""17"": 16, ""18"": 8, ""19"": 4, ""20"": 2, ""21"": 3, ""22"": 1, ""23"": 2, ""24"": 1}",100,1032400,956600.0,1609375.0,1996000
noise_sweep,5,1.0,6543,device-3,100,0,100,0.0,1.0,95,4,1,0.2565079365079365,0.255,"{""9"": 1, ""10"": 2, ""11"": 2, ""12"": 4, ""13"": 7, ""14"": 11, ""15"": 13, ""16"": 20, ""17"": 10, ""18"": 10, ""19"": 6, ""20"": 6, ""21"": 4, ""22"": 3, ""23"": 1}",100,1155720,988150.0,1980564.9999999995,3610400
noise_sweep,5,1.0,6543,device-4,100,0,100,0.0,1.0,89,10,1,0.25285714285714284,0.25390625,"{""9"": 2, ""10"": 4, ""11"": 6, ""12"": 2, ""13"": 11, ""14"": 11, ""15"": 6, ""16"": 17, ""17"": 11, ""18"": 5, ""19"": 11, ""20"": 4, ""21"": 5, ""22"": 2, ""23"": 1, ""24"": 2}",100,1050514,966450.0,1631984.9999999998,2164500
noise_sweep,5,1.0,6543,device-5,100,0,100,0.0,1.0,92,3,5,0.23,0.23234375,"{""7"": 1, ""8"": 4, ""9"": 2, ""10"": 9, ""11"": 7, ""12"": 4, ""13"": 13, ""14"": 11, ""15"": 10, ""16"": 11, ""17"": 5, ""18"": 10, ""19"": 4, ""20"": 4, ""21"": 3, ""22"": 2}",100,1516267,1619900.0,2433024.9999999995,3277900
noise_sweep,5,1.0,6666,device-0,100,0,100,0.0,1.0,95,3,2,0.20333333333333334,0.20140625,"{""7"": 4, ""8"": 5, ""9"": 7, ""10"": 11, ""11"": 8, ""12"": 12, ""13"": 10, ""14"": 15, ""15"": 11, ""16"": 4, ""17"": 5, ""18"": 3, ""19"": 1, ""20"": 3, ""21"": 1}",100,1042322,884750.0,1661880.0,1857700
noise_sweep,5,1.0,6666,device-1,100,0,100,0.0,1.0,96,3,1,0.25412698412698415,0.25640625,"{""7"": 1, ""8"": 1, ""9"": 1, ""10"": 2, ""11"": 2, ""12"": 5, ""13"": 7, ""14"": 10, ""15"": 16, ""16"": 14, ""17"": 13, ""18"": 6, ""19"": 6, ""20"": 6, ""21"": 6, ""22"": 2, ""23"": 1, ""24"": 1}",100,1006457,873800.0,1572834.9999999998,2175600
noise_sweep,5,1.0,6666,device-2,100,0,100,0.0,1.0,94,4,2,0.23444444444444446,0.23578125,"{""9"": 3, ""10"": 4, ""11"": 7, ""12"": 12, ""13"": 8, ""14"": 13, ""15"": 19, ""16"": 12, ""17"": 8, ""18"": 2, ""19"": 1, ""20"": 6, ""21"": 2, ""24"": 2, ""25"": 1}",100,1039150,952750.0,1564564.9999999998,2159700
noise_sweep,5,1.0,6666,device-3,100,0,100,0.0,1.0,95,3,2,0.27031746031746035,0.26875,"{""11"": 1, ""12"": 1, ""13"": 9, ""14"": 11, ""15"": 13, ""16"": 10, ""17"": 12, ""18"": 11, ""19"": 9, ""20"": 9, ""21"": 9, ""22"": 3, ""23"": 2}",100,1020978,909900.0,1521254.9999999998,2404400
noise_sweep,5,1.0,6666,device-4,100,0,100,0.0,1.0,93,6,1,0.24285714285714285,0.23921875,"{""6"": 1, ""8"": 3, ""10"": 1, ""11"": 5, ""12"": 11, ""13"": 11, ""14"": 9, ""15"": 13, ""16"": 10, ""17"": 12, ""18"": 7, ""19"": 5, ""20"": 6, ""21"": 3, ""23"": 2, ""25"": 1}",100,1039122,965900.0,1665469.9999999998,1933200
noise_sweep,5,1.0,6666,device-5,100,0,100,0.0,1.0,95,4,1,0.25,0.251875,"{""7"": 1, ""10"": 2, ""11"": 4, ""12"": 6, ""13"": 14, ""14"": 8, ""15"": 14, ""16"": 12, ""17"": 12, ""18"": 8, ""19"": 6, ""20"": 7, ""21"": 2, ""22"": 2, ""24"": 2}",100,1051610,943300.0,1643739.9999999998,2218700
noise_sweep,5,1.0,7654,device-0,100,0,100,0.0,1.0,95,4,1,0.26825396825396824,0.26703125,"{""8"": 1, ""10"": 2, ""11"": 2, ""12"": 4, ""13"": 9, ""14"": 6, ""15"": 13, ""16"": 10, ""17"": 10, ""18"": 10, ""19"": 11, ""20"": 6, ""21"": 5, ""22"": 5, ""23"": 3, ""24"": 2, ""25"": 1}",100,1422416,1361550.0,2372669.9999999995,4838700
noise_sweep,5,1.0,7654,device-1,100,0,100,0.0,1.0,89,9,2,0.28476190476190477,0.28140625,"{""10"": 3, ""12"": 1, ""13"": 6, ""14"": 5, ""15"": 6, ""16"": 10, ""17"": 14, ""18"": 13, ""19"": 15, ""20"": 9, ""21"": 2, ""22"": 4, ""23"": 3, ""24"": 7, ""25"": 2}",100,1014016,929000.0,1515440.0,1741500
noise_sweep,5,1.0,7654,device-2,100,0,100,0.0,1.0,96,3,1,0.2534920634920635,0.256875,"{""10"": 2, ""11"": 5, ""12"": 2, ""13"": 16, ""14"": 13, ""15"": 10, ""16"": 6, ""17"": 15, ""18"": 10, ""19"": 9, ""20"": 4, ""21"": 5, ""22"": 1, ""23"": 1, ""26"": 1}",100,1099279,943650.0,1899514.9999999998,2920200
noise_sweep,5,1.0,7654,device-3,100,0,100,0.0,1.0,91,7,2,0.24841269841269842,0.24796875,"{""10"": 1, ""11"": 5, ""12"": 9, ""13"": 15, ""14"": 10, ""15"": 11, ""16"": 13, ""17"": 6, ""18"": 15, ""19"": 2, ""20"": 7, ""21"": 3, ""22"": 1, ""24"": 1, ""25"": 1}",100,1562139,1550200.0,2700980.0,3103300
noise_sweep,5,1.0,7654,device-4,100,0,100,0.0,1.0,95,4,1,0.22825396825396826,0.2296875,"{""6"": 2, ""7"": 1, ""9"": 5, ""10"": 3, ""11"": 3, ""12"": 8, ""13"": 22, ""14"": 10, ""15"": 8, ""16"": 11, ""17"": 10, ""18"": 8, ""19"": 4, ""20"": 4, ""23"": 1}",100,1074671,995950.0,1546890.0,2088800
noise_sweep,5,1.0,7654,device-5,100,0,100,0.0,1.0,94,4,2,0.2598412698412698,0.26171875,"{""6"": 1, ""9"": 1, ""10"": 2, ""11"": 1, ""12"": 8, ""13"": 4, ""14"": 11, ""15"": 13, ""16"": 11, ""17"": 13, ""18"": 11, ""19"": 8, ""20"": 2, ""21"": 6, ""22"": 5, ""23"": 1, ""24"": 2}",100,995622,917900.0,1454764.9999999998,1884800
noise_sweep,5,1.0,7777,device-0,100,0,100,0.0,1.0,96,4,0,0.23476190476190475,0.23171875,"{""7"": 3, ""9"": 3, ""10"": 3, ""11"": 3, ""12"": 9, ""13"": 14, ""14"": 15, ""15"": 12, ""16"": 8, ""17"": 9, ""18"": 5, ""19"": 9, ""20"": 2, ""21"": 4, ""22"": 1}",100,1128904,1035550.0,1796064.9999999998,1936900
noise_sweep,5,1.0,7777,device-1,100,0,100,0.0,1.0,95,4,1,0.23507936507936508,0.2315625,"{""7"": 1, ""8"": 2, ""9"": 3, ""10"": 2, ""11"": 5, ""12"": 11, ""13"": 10, ""14"": 12, ""15"": 12, ""16"": 13, ""17"": 10, ""18"": 6, ""19"": 5, ""20"": 4, ""21"": 3, ""22"": 1}",100,1105540,966300.0,1801664.9999999998,2156800
noise_sweep,5,1.0,7777,device-2,100,0,100,0.0,1.0,88,8,4,0.25492063492063494,0.25390625,"{""9"": 1, ""10"": 3, ""11"": 2, ""12"": 3, ""13"": 9, ""14"": 10, ""15"": 13, ""16"": 15, ""17"": 12, ""18"": 14, ""19"": 8, ""20"": 6, ""21"": 3, ""26"": 1}",100,1156303,1026300.0,1794440.0,4285700
noise_sweep,5,1.0,7777,device-3,100,0,100,0.0,1.0,95,5,0,0.2757142857142857,0.2775,"{""10"": 2, ""11"": 1, ""12"": 4, ""13"": 5, ""14"": 7, ""15"": 12, ""16"": 8, ""17"": 17, ""18"": 8, ""19"": 7, ""20"": 14, ""21"": 6, ""22"": 3, ""23"": 4, ""28"": 1, ""29"": 1}",100,1004701,884300.0,1533444.9999999998,1710300
noise_sweep,5,1.0,7777,device-4,100,1,99,0.01,0.99,97,1,1,0.23412698412698413,0.23453125,"{""5"": 1, ""8"": 2, ""9"": 5, ""10"": 3, ""11"": 5, ""12"": 5, ""13"": 11, ""14"": 14, ""15"": 13, ""16"": 10, ""17"": 12, ""18"": 7, ""19"": 7, ""20"": 2, ""21"": 1, ""22"": 1, ""24"": 1}",100,1070312,920150.0,1637594.9999999995,2328200
noise_sweep,5,1.0,7777,device-5,100,0,100,0.0,1.0,92,7,1,0.2396825396825397,0.2440625,"{""8"": 1, ""10"": 4, ""11"": 5, ""12"": 7, ""13"": 9, ""14"": 15, ""15"": 18, ""16"": 10, ""17"": 13, ""18"": 8, ""19"": 4, ""20"": 3, ""21"": 2, ""23"": 1}",100,1038057,941400.0,1559135.0,1861000
noise_sweep,5,1.0,8231,device-0,100,0,100,0.0,1.0,94,6,0,0.24253968253968253,0.24359375,"{""7"": 1, ""8"": 4, ""9"": 1, ""10"": 2, ""11"": 4, ""12"": 9, ""13"": 10, ""14"": 11, ""15"": 11, ""16"": 15, ""17"": 9, ""18"": 5, ""19"": 3, ""20"": 4, ""21"": 7, ""22"": 1, ""23"": 2, ""24"": 1}",100,1072026,947000.0,1703944.9999999998,3495700
noise_sweep,5,1.0,8231,device-1,100,0,100,0.0,1.0,93,2,5,0.2138095238095238,0.2109375,"{""7"": 3, ""8"": 2, ""9"": 5, ""10"": 7, ""11"": 11, ""12"": 11, ""13"": 15, ""14"": 11, ""15"": 9, ""16"": 9, ""17"": 4, ""18"": 6, ""19"": 3, ""20"": 3, ""21"": 1}",100,1547976,1525550.0,2546130.0,2937300
noise_sweep,5,1.0,8231,device-2,100,0,100,0.0,1.0,95,2,3,0.2687301587301587,0.26875,"{""7"": 1, ""9"": 1, ""10"": 3, ""11"": 2, ""12"": 5, ""13"": 5, ""14"": 7, ""15"": 7, ""16"": 11, ""17"": 11, ""18"": 14, ""19"": 11, ""20"": 8, ""21"": 5, ""22"": 4, ""23"": 3, ""24"": 1, ""27"": 1}",100,1032089,937600.0,1539150.0,1739200
noise_sweep,5,1.0,8231,device-3,100,0,100,0.0,1.0,97,1,2,0.24412698412698414,0.2409375,"{""6"": 1, ""9"": 2, ""10"": 4, ""11"": 3, ""12"": 6, ""13"": 5, ""14"": 17, ""15"": 14, ""16"": 13, ""17"": 11, ""18"": 9, ""19"": 8, ""20"": 3, ""21"": 1, ""22"": 3}",100,1031106,930450.0,1499280.0,2116600
noise_sweep,5,1.0,8231,device-4,100,0,100,0.0,1.0,93,5,2,0.27174603174603174,0.26953125,"{""9"": 2, ""10"": 3, ""11"": 1, ""12"": 1, ""13"": 9, ""14"": 10, ""15"": 13, ""16"": 4, ""17"": 10, ""18"": 10, ""19"": 11, ""20"": 11, ""21"": 3, ""22"": 4, ""23"": 2, ""24"": 4, ""25"": 1, ""28"": 1}",100,1087049,948950.0,1742504.9999999995,3219500
noise_sweep,5,1.0,8231,device-5,100,0,100,0.0,1.0,94,5,1,0.2319047619047619,0.22875,"{""7"": 1, ""8"": 1, ""9"": 1, ""10"": 2, ""11"": 12, ""12"": 6, ""13"": 16, ""14"": 9, ""15"": 17, ""16"": 13, ""17"": 5, ""18"": 5, ""19"": 7, ""20"": 1, ""21"": 1, ""22"": 2, ""23"": 1}",100,1038749,931000.0,1548074.9999999998,2210700
noise_sweep,5,1.0,8888,device-0,100,0,100,0.0,1.0,89,10,1,0.23825396825396825,0.2421875,"{""7"": 2, ""8"": 2, ""9"": 1, ""10"": 3, ""11"": 4, ""12"": 8, ""13"": 16, ""14"": 9, ""15"": 13, ""16"": 10, ""17"": 6, ""18"": 9, ""19"": 10, ""20"": 1, ""21"": 3, ""22"": 3}",100,1033831,918700.0,1666040.0,1979100
noise_sweep,5,1.0,8888,device-1,100,0,100,0.0,1.0,94,4,2,0.2503174603174603,0.25109375,"{""8"": 1, ""10"": 4, ""11"": 5, ""12"": 6, ""13"": 13, ""14"": 8, ""15"": 11, ""16"": 15, ""17"": 5, ""18"": 10, ""19"": 6, ""20"": 5, ""21"": 7, ""22"": 3, ""24"": 1}",100,1105253,987850.0,1800350.0,2254900
noise_sweep,5,1.0,8888,device-2,100,0,100,0.0,1.0,97,2,1,0.2261904761904762,0.22703125,"{""8"": 2, ""9"": 3, ""10"": 8, ""11"": 7, ""12"": 8, ""13"": 12, ""14"": 13, ""15"": 15, ""16"": 9, ""17"": 11, ""18"": 4, ""19"": 3, ""21"": 4, ""22"": 1}",100,1058154,992500.0,1743680.0,2072600
noise_sweep,5,1.0,8888,device-3,100,0,100,0.0,1.0,89,10,1,0.2807936507936508,0.2778125,"{""10"": 1, ""12"": 1, ""13"": 6, ""14"": 6, ""15"": 9, ""16"": 8, ""17"": 18, ""18"": 12, ""19"": 10, ""20"": 13, ""21"": 9, ""22"": 3, ""23"": 3, ""26"": 1}",100,1100035,965950.0,1847834.9999999998,2719300
noise_sweep,5,1.0,8888,device-4,100,0,100,0.0,1.0,93,4,3,0.2617460317460317,0.2603125,"{""8"": 1, ""9"": 2, ""10"": 2, ""11"": 4, ""12"": 5, ""13"": 8, ""14"": 7, ""15"": 13, ""16"": 10, ""17"": 6, ""18"": 10, ""19"": 8, ""20"": 10, ""21"": 6, ""22"": 4, ""23"": 2, ""24"": 2}",100,1046492,942650.0,1619825.0,2371400
noise_sweep,5,1.0,8888,device-5,100,0,100,0.0,1.0,97,3,0,0.24888888888888888,0.25171875,"{""6"": 1, ""7"": 1, ""9"": 2, ""10"": 4, ""11"": 5, ""12"": 7, ""13"": 8, ""14"": 11, ""15"": 11, ""16"": 7, ""17"": 12, ""18"": 11, ""19"": 4, ""20"": 6, ""21"": 3, ""22"": 4, ""24"": 2, ""26"": 1}",100,1480991,1457700.0,2644085.0,3211700
noise_sweep,5,1.0,9999,device-0,100,0,100,0.0,1.0,96,2,2,0.26841269841269844,0.26609375,"{""10"": 5, ""11"": 2, ""12"": 4, ""13"": 8, ""14"": 6, ""15"": 8, ""16"": 8, ""17"": 15, ""18"": 13, ""19"": 10, ""20"": 8, ""21"": 6, ""23"": 2, ""24"": 3, ""26"": 2}",100,1111344,936900.0,1782959.9999999998,2363300
noise_sweep,5,1.0,9999,device-1,100,0,100,0.0,1.0,97,2,1,0.28,0.2828125,"{""12"": 1, ""13"": 9, ""14"": 9, ""15"": 7, ""16"": 9, ""17"": 13, ""18"": 15, ""19"": 11, ""20"": 8, ""21"": 7, ""22"": 4, ""23"": 3, ""24"": 4}",100,1081286,943050.0,1626680.0,4076100
noise_sweep,5,1.0,9999,device-2,100,0,100,0.0,1.0,94,5,1,0.25603174603174605,0.2571875,"{""8"": 1, ""10"": 1, ""11"": 6, ""12"": 5, ""13"": 8, ""14"": 9, ""15"": 12, ""16"": 14, ""17"": 11, ""18"": 10, ""19"": 8, ""20"": 7, ""21"": 3, ""22"": 2, ""23"": 3}",100,1199673,1063450.0,1898315.0,2286500
noise_sweep,5,1.0,9999,device-3,100,1,99,0.01,0.99,93,5,1,0.23396825396825396,0.23609375,"{""5"": 1, ""6"": 1, ""8"": 2, ""9"": 4, ""10"": 4, ""11"": 3, ""12"": 5, ""13"": 15, ""14"": 11, ""15"": 9, ""16"": 15, ""17"": 8, ""18"": 11, ""19"": 6, ""21"": 4, ""22"": 1}",100,1661772,1657350.0,2205655.0,2422100
noise_sweep,5,1.0,9999,device-4,100,0,100,0.0,1.0,97,2,1,0.2438095238095238,0.245625,"{""7"": 1, ""8"": 1, ""9"": 1, ""10"": 2, ""11"": 1, ""12"": 8, ""13"": 12, ""14"": 13, ""15"": 13, ""16"": 14, ""17"": 12, ""18"": 12, ""19"": 3, ""20"": 3, ""21"": 1, ""22"": 1, ""23"": 1, ""25"": 1}",100,1698176,1683950.0,2169759.9999999995,2831100
noise_sweep,5,1.0,9999,device-5,100,0,100,0.0,1.0,95,2,3,0.24793650793650793,0.2503125,"{""7"": 1, ""9"": 1, ""10"": 2, ""11"": 3, ""12"": 6, ""13"": 13, ""14"": 7, ""15"": 13, ""16"": 12, ""17"": 16, ""18"": 10, ""19"": 10, ""20"": 2, ""21"": 3, ""22"": 1}",100,1653754,1676100.0,2121645.0,2236800
