condition,phase,path,decision,reason,stage,count,p50_ms,p95_ms,p99_ms,max_ms
logistic_motion_forest_anomaly,condition_first_use,bad_tag_receiver,reject,invalid_tag,envelope_and_binary_parser,1,1.4869,1.4869,1.4869,1.4869
logistic_motion_forest_anomaly,condition_first_use,bad_tag_receiver,reject,invalid_tag,verifier_audit_commit,1,0.0015,0.0015,0.0015,0.0015
logistic_motion_forest_anomaly,condition_first_use,bad_tag_receiver,reject,invalid_tag,verifier_audit_prepare,1,0.0042,0.0042,0.0042,0.0042
logistic_motion_forest_anomaly,condition_first_use,bad_tag_receiver,reject,invalid_tag,verifier_audit_record,1,0.0311,0.0311,0.0311,0.0311
logistic_motion_forest_anomaly,condition_first_use,bad_tag_receiver,reject,invalid_tag,verifier_authentication_total,1,1.651,1.651,1.651,1.651
logistic_motion_forest_anomaly,condition_first_use,bad_tag_receiver,reject,invalid_tag,window_hmac_verification_calculation,1,0.0249,0.0249,0.0249,0.0249
logistic_motion_forest_anomaly,condition_first_use,exact_replay_receiver,reject,duplicate_sequence,envelope_and_binary_parser,1,1.8105,1.8105,1.8105,1.8105
logistic_motion_forest_anomaly,condition_first_use,exact_replay_receiver,reject,duplicate_sequence,verifier_audit_commit,1,0.0027,0.0027,0.0027,0.0027
logistic_motion_forest_anomaly,condition_first_use,exact_replay_receiver,reject,duplicate_sequence,verifier_audit_prepare,1,0.0073,0.0073,0.0073,0.0073
logistic_motion_forest_anomaly,condition_first_use,exact_replay_receiver,reject,duplicate_sequence,verifier_audit_record,1,0.0746,0.0746,0.0746,0.0746
logistic_motion_forest_anomaly,condition_first_use,exact_replay_receiver,reject,duplicate_sequence,verifier_authentication_total,1,7.0281,7.0281,7.0281,7.0281
logistic_motion_forest_anomaly,condition_first_use,exact_replay_receiver,reject,duplicate_sequence,verifier_quality_check,1,4.9343,4.9343,4.9343,4.9343
logistic_motion_forest_anomaly,condition_first_use,exact_replay_receiver,reject,duplicate_sequence,window_hmac_verification_calculation,1,0.0339,0.0339,0.0339,0.0339
logistic_motion_forest_anomaly,condition_first_use,fresh_to_first_window,accept,accepted,accepted_release_and_consumers,1,12.6351,12.6351,12.6351,12.6351
logistic_motion_forest_anomaly,condition_first_use,fresh_to_first_window,accept,accepted,admission_total,1,7.7083,7.7083,7.7083,7.7083
logistic_motion_forest_anomaly,condition_first_use,fresh_to_first_window,accept,accepted,anomaly_consumer_including_threshold,1,6.7082,6.7082,6.7082,6.7082
logistic_motion_forest_anomaly,condition_first_use,fresh_to_first_window,accept,accepted,binary32_adapter,1,1.1573,1.1573,1.1573,1.1573
logistic_motion_forest_anomaly,condition_first_use,fresh_to_first_window,accept,accepted,envelope_and_binary_parser,1,1.6008,1.6008,1.6008,1.6008
logistic_motion_forest_anomaly,condition_first_use,fresh_to_first_window,accept,accepted,first_post_window_total,1,25.6022,25.6022,25.6022,25.6022
logistic_motion_forest_anomaly,condition_first_use,fresh_to_first_window,accept,accepted,independent_credential_verification,1,0.066,0.066,0.066,0.066
logistic_motion_forest_anomaly,condition_first_use,fresh_to_first_window,accept,accepted,local_authorization_including_verification,1,0.089,0.089,0.089,0.089
logistic_motion_forest_anomaly,condition_first_use,fresh_to_first_window,accept,accepted,local_challenge_binding,1,0.0083,0.0083,0.0083,0.0083
logistic_motion_forest_anomaly,condition_first_use,fresh_to_first_window,accept,accepted,local_request_binding,1,0.0105,0.0105,0.0105,0.0105
logistic_motion_forest_anomaly,condition_first_use,fresh_to_first_window,accept,accepted,motion_consumer_including_normalization,1,0.9764,0.9764,0.9764,0.9764
logistic_motion_forest_anomaly,condition_first_use,fresh_to_first_window,accept,accepted,prepare_both_model_inputs,1,4.3704,4.3704,4.3704,4.3704
logistic_motion_forest_anomaly,condition_first_use,fresh_to_first_window,accept,accepted,receiver_challenge,1,0.2027,0.2027,0.2027,0.2027
logistic_motion_forest_anomaly,condition_first_use,fresh_to_first_window,accept,accepted,receiver_confirmation,1,0.1534,0.1534,0.1534,0.1534
logistic_motion_forest_anomaly,condition_first_use,fresh_to_first_window,accept,accepted,receiver_local_admission,1,0.0112,0.0112,0.0112,0.0112
logistic_motion_forest_anomaly,condition_first_use,fresh_to_first_window,accept,accepted,reconstruction,1,6.6084,6.6084,6.6084,6.6084
logistic_motion_forest_anomaly,condition_first_use,fresh_to_first_window,accept,accepted,response_generation_simulator,1,0.1563,0.1563,0.1563,0.1563
logistic_motion_forest_anomaly,condition_first_use,fresh_to_first_window,accept,accepted,sender_activation,1,0.0973,0.0973,0.0973,0.0973
logistic_motion_forest_anomaly,condition_first_use,fresh_to_first_window,accept,accepted,sender_admission_and_request,1,0.3089,0.3089,0.3089,0.3089
logistic_motion_forest_anomaly,condition_first_use,fresh_to_first_window,accept,accepted,sender_audit_commit,1,0.0043,0.0043,0.0043,0.0043
logistic_motion_forest_anomaly,condition_first_use,fresh_to_first_window,accept,accepted,sender_audit_prepare,1,0.0121,0.0121,0.0121,0.0121
logistic_motion_forest_anomaly,condition_first_use,fresh_to_first_window,accept,accepted,sender_audit_record,1,0.1207,0.1207,0.1207,0.1207
logistic_motion_forest_anomaly,condition_first_use,fresh_to_first_window,accept,accepted,sender_confirmation,1,0.1186,0.1186,0.1186,0.1186
logistic_motion_forest_anomaly,condition_first_use,fresh_to_first_window,accept,accepted,sender_local_admission_claim,1,0.0183,0.0183,0.0183,0.0183
logistic_motion_forest_anomaly,condition_first_use,fresh_to_first_window,accept,accepted,sender_seal_total,1,5.1923,5.1923,5.1923,5.1923
logistic_motion_forest_anomaly,condition_first_use,fresh_to_first_window,accept,accepted,serialization_including_quality,1,5.0001,5.0001,5.0001,5.0001
logistic_motion_forest_anomaly,condition_first_use,fresh_to_first_window,accept,accepted,verifier_audit_commit,1,0.0033,0.0033,0.0033,0.0033
logistic_motion_forest_anomaly,condition_first_use,fresh_to_first_window,accept,accepted,verifier_audit_prepare,1,0.01,0.01,0.01,0.01
logistic_motion_forest_anomaly,condition_first_use,fresh_to_first_window,accept,accepted,verifier_audit_record,1,0.0699,0.0699,0.0699,0.0699
logistic_motion_forest_anomaly,condition_first_use,fresh_to_first_window,accept,accepted,verifier_authentication_total,1,6.5078,6.5078,6.5078,6.5078
logistic_motion_forest_anomaly,condition_first_use,fresh_to_first_window,accept,accepted,verifier_quality_check,1,4.7574,4.7574,4.7574,4.7574
logistic_motion_forest_anomaly,condition_first_use,fresh_to_first_window,accept,accepted,window_hmac_generation,1,0.0175,0.0175,0.0175,0.0175
logistic_motion_forest_anomaly,condition_first_use,fresh_to_first_window,accept,accepted,window_hmac_verification_calculation,1,0.0185,0.0185,0.0185,0.0185
logistic_motion_forest_anomaly,condition_first_use,malformed_json_receiver,reject,malformed_message,envelope_and_binary_parser,1,0.0507,0.0507,0.0507,0.0507
logistic_motion_forest_anomaly,condition_first_use,malformed_json_receiver,reject,malformed_message,verifier_audit_commit,1,0.0015,0.0015,0.0015,0.0015
logistic_motion_forest_anomaly,condition_first_use,malformed_json_receiver,reject,malformed_message,verifier_audit_prepare,1,0.004,0.004,0.004,0.004
logistic_motion_forest_anomaly,condition_first_use,malformed_json_receiver,reject,malformed_message,verifier_audit_record,1,0.0656,0.0656,0.0656,0.0656
logistic_motion_forest_anomaly,condition_first_use,malformed_json_receiver,reject,malformed_message,verifier_authentication_total,1,0.1762,0.1762,0.1762,0.1762
logistic_motion_forest_anomaly,condition_first_use,post_window_after_refusals,accept,accepted,accepted_release_and_consumers,1,9.171,9.171,9.171,9.171
logistic_motion_forest_anomaly,condition_first_use,post_window_after_refusals,accept,accepted,anomaly_consumer_including_threshold,1,5.2228,5.2228,5.2228,5.2228
logistic_motion_forest_anomaly,condition_first_use,post_window_after_refusals,accept,accepted,binary32_adapter,1,1.1171,1.1171,1.1171,1.1171
logistic_motion_forest_anomaly,condition_first_use,post_window_after_refusals,accept,accepted,envelope_and_binary_parser,1,1.4192,1.4192,1.4192,1.4192
logistic_motion_forest_anomaly,condition_first_use,post_window_after_refusals,accept,accepted,motion_consumer_including_normalization,1,0.5436,0.5436,0.5436,0.5436
logistic_motion_forest_anomaly,condition_first_use,post_window_after_refusals,accept,accepted,prepare_both_model_inputs,1,3.022,3.022,3.022,3.022
logistic_motion_forest_anomaly,condition_first_use,post_window_after_refusals,accept,accepted,sender_audit_commit,1,0.0015,0.0015,0.0015,0.0015
logistic_motion_forest_anomaly,condition_first_use,post_window_after_refusals,accept,accepted,sender_audit_prepare,1,0.005,0.005,0.005,0.005
logistic_motion_forest_anomaly,condition_first_use,post_window_after_refusals,accept,accepted,sender_audit_record,1,0.0521,0.0521,0.0521,0.0521
logistic_motion_forest_anomaly,condition_first_use,post_window_after_refusals,accept,accepted,sender_seal_total,1,6.3269,6.3269,6.3269,6.3269
logistic_motion_forest_anomaly,condition_first_use,post_window_after_refusals,accept,accepted,serialization_including_quality,1,6.0808,6.0808,6.0808,6.0808
logistic_motion_forest_anomaly,condition_first_use,post_window_after_refusals,accept,accepted,verifier_audit_commit,1,0.0013,0.0013,0.0013,0.0013
logistic_motion_forest_anomaly,condition_first_use,post_window_after_refusals,accept,accepted,verifier_audit_prepare,1,0.0042,0.0042,0.0042,0.0042
logistic_motion_forest_anomaly,condition_first_use,post_window_after_refusals,accept,accepted,verifier_audit_record,1,0.0289,0.0289,0.0289,0.0289
logistic_motion_forest_anomaly,condition_first_use,post_window_after_refusals,accept,accepted,verifier_authentication_total,1,5.1546,5.1546,5.1546,5.1546
logistic_motion_forest_anomaly,condition_first_use,post_window_after_refusals,accept,accepted,verifier_quality_check,1,3.5941,3.5941,3.5941,3.5941
logistic_motion_forest_anomaly,condition_first_use,post_window_after_refusals,accept,accepted,window_hmac_generation,1,0.0388,0.0388,0.0388,0.0388
logistic_motion_forest_anomaly,condition_first_use,post_window_after_refusals,accept,accepted,window_hmac_verification_calculation,1,0.0206,0.0206,0.0206,0.0206
logistic_motion_forest_anomaly,condition_first_use,post_window_recurring,accept,accepted,accepted_release_and_consumers,1,12.0304,12.0304,12.0304,12.0304
logistic_motion_forest_anomaly,condition_first_use,post_window_recurring,accept,accepted,anomaly_consumer_including_threshold,1,7.4237,7.4237,7.4237,7.4237
logistic_motion_forest_anomaly,condition_first_use,post_window_recurring,accept,accepted,binary32_adapter,1,1.1466,1.1466,1.1466,1.1466
logistic_motion_forest_anomaly,condition_first_use,post_window_recurring,accept,accepted,envelope_and_binary_parser,1,1.6553,1.6553,1.6553,1.6553
logistic_motion_forest_anomaly,condition_first_use,post_window_recurring,accept,accepted,motion_consumer_including_normalization,1,0.5758,0.5758,0.5758,0.5758
logistic_motion_forest_anomaly,condition_first_use,post_window_recurring,accept,accepted,prepare_both_model_inputs,1,3.4929,3.4929,3.4929,3.4929
logistic_motion_forest_anomaly,condition_first_use,post_window_recurring,accept,accepted,sender_audit_commit,1,0.0013,0.0013,0.0013,0.0013
logistic_motion_forest_anomaly,condition_first_use,post_window_recurring,accept,accepted,sender_audit_prepare,1,0.0053,0.0053,0.0053,0.0053
logistic_motion_forest_anomaly,condition_first_use,post_window_recurring,accept,accepted,sender_audit_record,1,0.0692,0.0692,0.0692,0.0692
logistic_motion_forest_anomaly,condition_first_use,post_window_recurring,accept,accepted,sender_seal_total,1,5.9101,5.9101,5.9101,5.9101
logistic_motion_forest_anomaly,condition_first_use,post_window_recurring,accept,accepted,serialization_including_quality,1,5.6168,5.6168,5.6168,5.6168
logistic_motion_forest_anomaly,condition_first_use,post_window_recurring,accept,accepted,verifier_audit_commit,1,0.0015,0.0015,0.0015,0.0015
logistic_motion_forest_anomaly,condition_first_use,post_window_recurring,accept,accepted,verifier_audit_prepare,1,0.0051,0.0051,0.0051,0.0051
logistic_motion_forest_anomaly,condition_first_use,post_window_recurring,accept,accepted,verifier_audit_record,1,0.0279,0.0279,0.0279,0.0279
logistic_motion_forest_anomaly,condition_first_use,post_window_recurring,accept,accepted,verifier_authentication_total,1,6.3295,6.3295,6.3295,6.3295
logistic_motion_forest_anomaly,condition_first_use,post_window_recurring,accept,accepted,verifier_quality_check,1,4.5211,4.5211,4.5211,4.5211
logistic_motion_forest_anomaly,condition_first_use,post_window_recurring,accept,accepted,window_hmac_generation,1,0.0448,0.0448,0.0448,0.0448
logistic_motion_forest_anomaly,condition_first_use,post_window_recurring,accept,accepted,window_hmac_verification_calculation,1,0.0204,0.0204,0.0204,0.0204
logistic_motion_forest_anomaly,condition_first_use,pre_tag_quality_refusal,reject,data_quality_failure,binary32_adapter,1,1.1257,1.1257,1.1257,1.1257
logistic_motion_forest_anomaly,condition_first_use,pre_tag_quality_refusal,reject,data_quality_failure,sender_audit_commit,1,0.0015,0.0015,0.0015,0.0015
logistic_motion_forest_anomaly,condition_first_use,pre_tag_quality_refusal,reject,data_quality_failure,sender_audit_prepare,1,0.0041,0.0041,0.0041,0.0041
logistic_motion_forest_anomaly,condition_first_use,pre_tag_quality_refusal,reject,data_quality_failure,sender_audit_record,1,0.0508,0.0508,0.0508,0.0508
logistic_motion_forest_anomaly,condition_first_use,pre_tag_quality_refusal,reject,data_quality_failure,sender_seal_total,1,0.6651,0.6651,0.6651,0.6651
logistic_motion_forest_anomaly,condition_first_use,pre_tag_quality_refusal,reject,data_quality_failure,serialization_including_quality,1,0.522,0.522,0.522,0.522
logistic_motion_forest_anomaly,condition_first_use,valid_receiver_after_bad_tag,accept,accepted,accepted_release_and_consumers,1,12.693,12.693,12.693,12.693
logistic_motion_forest_anomaly,condition_first_use,valid_receiver_after_bad_tag,accept,accepted,anomaly_consumer_including_threshold,1,7.379,7.379,7.379,7.379
logistic_motion_forest_anomaly,condition_first_use,valid_receiver_after_bad_tag,accept,accepted,envelope_and_binary_parser,1,1.4151,1.4151,1.4151,1.4151
logistic_motion_forest_anomaly,condition_first_use,valid_receiver_after_bad_tag,accept,accepted,motion_consumer_including_normalization,1,0.7383,0.7383,0.7383,0.7383
logistic_motion_forest_anomaly,condition_first_use,valid_receiver_after_bad_tag,accept,accepted,prepare_both_model_inputs,1,3.9856,3.9856,3.9856,3.9856
logistic_motion_forest_anomaly,condition_first_use,valid_receiver_after_bad_tag,accept,accepted,verifier_audit_commit,1,0.0016,0.0016,0.0016,0.0016
logistic_motion_forest_anomaly,condition_first_use,valid_receiver_after_bad_tag,accept,accepted,verifier_audit_prepare,1,0.0069,0.0069,0.0069,0.0069
logistic_motion_forest_anomaly,condition_first_use,valid_receiver_after_bad_tag,accept,accepted,verifier_audit_record,1,0.084,0.084,0.084,0.084
logistic_motion_forest_anomaly,condition_first_use,valid_receiver_after_bad_tag,accept,accepted,verifier_authentication_total,1,6.4923,6.4923,6.4923,6.4923
logistic_motion_forest_anomaly,condition_first_use,valid_receiver_after_bad_tag,accept,accepted,verifier_quality_check,1,4.8393,4.8393,4.8393,4.8393
logistic_motion_forest_anomaly,condition_first_use,valid_receiver_after_bad_tag,accept,accepted,window_hmac_verification_calculation,1,0.0225,0.0225,0.0225,0.0225
logistic_motion_forest_anomaly,measured,bad_tag_receiver,reject,invalid_tag,envelope_and_binary_parser,120,1.72185,2.315125,2.478259,2.7364
logistic_motion_forest_anomaly,measured,bad_tag_receiver,reject,invalid_tag,verifier_audit_commit,120,0.0017,0.002714999999999999,0.003581,0.0036
logistic_motion_forest_anomaly,measured,bad_tag_receiver,reject,invalid_tag,verifier_audit_prepare,120,0.005,0.007949999999999997,0.0102,0.0103
logistic_motion_forest_anomaly,measured,bad_tag_receiver,reject,invalid_tag,verifier_audit_record,120,0.0356,0.057455,0.069201,0.0811
logistic_motion_forest_anomaly,measured,bad_tag_receiver,reject,invalid_tag,verifier_authentication_total,120,1.90265,2.63951,2.79622,3.0905
logistic_motion_forest_anomaly,measured,bad_tag_receiver,reject,invalid_tag,window_hmac_verification_calculation,120,0.02165,0.035039999999999995,0.04748200000000001,0.0585
logistic_motion_forest_anomaly,measured,exact_replay_receiver,reject,duplicate_sequence,envelope_and_binary_parser,120,1.92995,2.3189649999999995,4.593547000000004,306.8657
logistic_motion_forest_anomaly,measured,exact_replay_receiver,reject,duplicate_sequence,verifier_audit_commit,120,0.0018,0.0027049999999999995,0.004081,0.0044
logistic_motion_forest_anomaly,measured,exact_replay_receiver,reject,duplicate_sequence,verifier_audit_prepare,120,0.0065,0.010544999999999999,0.015582000000000006,0.0369
logistic_motion_forest_anomaly,measured,exact_replay_receiver,reject,duplicate_sequence,verifier_audit_record,120,0.05855,0.07840999999999998,0.11649700000000006,0.1521
logistic_motion_forest_anomaly,measured,exact_replay_receiver,reject,duplicate_sequence,verifier_authentication_total,120,7.2568,8.322095,10.029639,311.3629
logistic_motion_forest_anomaly,measured,exact_replay_receiver,reject,duplicate_sequence,verifier_quality_check,120,5.10695,5.83783,6.323223,7.1025
logistic_motion_forest_anomaly,measured,exact_replay_receiver,reject,duplicate_sequence,window_hmac_verification_calculation,120,0.0279,0.03874,0.053123000000000024,0.0634
logistic_motion_forest_anomaly,measured,fresh_to_first_window,accept,accepted,accepted_release_and_consumers,120,13.20645,19.05564,20.036068,20.1395
logistic_motion_forest_anomaly,measured,fresh_to_first_window,accept,accepted,admission_total,120,5.11545,7.253464999999999,8.545984000000002,8.7859
logistic_motion_forest_anomaly,measured,fresh_to_first_window,accept,accepted,anomaly_consumer_including_threshold,120,7.51755,10.865865,11.130415,11.1799
logistic_motion_forest_anomaly,measured,fresh_to_first_window,accept,accepted,binary32_adapter,120,1.3388,1.87875,2.021151,2.0711
logistic_motion_forest_anomaly,measured,fresh_to_first_window,accept,accepted,envelope_and_binary_parser,120,1.93965,2.768035,2.943345,3.0786
logistic_motion_forest_anomaly,measured,fresh_to_first_window,accept,accepted,first_post_window_total,120,28.3034,39.77117,40.990398,42.0675
logistic_motion_forest_anomaly,measured,fresh_to_first_window,accept,accepted,independent_credential_verification,120,0.06695,0.09044999999999999,0.11477700000000003,0.1446
logistic_motion_forest_anomaly,measured,fresh_to_first_window,accept,accepted,local_authorization_including_verification,120,0.0913,0.13248999999999997,0.165435,0.1736
logistic_motion_forest_anomaly,measured,fresh_to_first_window,accept,accepted,local_challenge_binding,120,0.0109,0.015605,0.016705,0.0171
logistic_motion_forest_anomaly,measured,fresh_to_first_window,accept,accepted,local_request_binding,120,0.014,0.019,0.022668000000000008,0.0353
logistic_motion_forest_anomaly,measured,fresh_to_first_window,accept,accepted,motion_consumer_including_normalization,120,0.776,0.9607449999999998,1.162361,1.2114
logistic_motion_forest_anomaly,measured,fresh_to_first_window,accept,accepted,prepare_both_model_inputs,120,4.2808,6.424685,6.940076,6.9751
logistic_motion_forest_anomaly,measured,fresh_to_first_window,accept,accepted,receiver_challenge,120,0.1775,0.240805,0.283087,0.2916
logistic_motion_forest_anomaly,measured,fresh_to_first_window,accept,accepted,receiver_confirmation,120,0.14625,0.21996499999999997,0.24573600000000004,0.2718
logistic_motion_forest_anomaly,measured,fresh_to_first_window,accept,accepted,receiver_local_admission,120,0.01445,0.020615,0.025634000000000004,0.0289
logistic_motion_forest_anomaly,measured,fresh_to_first_window,accept,accepted,reconstruction,120,4.00155,5.807964999999999,6.985677000000002,7.6809
logistic_motion_forest_anomaly,measured,fresh_to_first_window,accept,accepted,response_generation_simulator,120,0.18295,0.3512,0.379962,0.6294
logistic_motion_forest_anomaly,measured,fresh_to_first_window,accept,accepted,sender_activation,120,0.10555,0.155945,0.181235,0.1979
logistic_motion_forest_anomaly,measured,fresh_to_first_window,accept,accepted,sender_admission_and_request,120,0.30415,0.42999,0.48452800000000007,0.5302
logistic_motion_forest_anomaly,measured,fresh_to_first_window,accept,accepted,sender_audit_commit,120,0.0048,0.00821,0.009224,0.0095
logistic_motion_forest_anomaly,measured,fresh_to_first_window,accept,accepted,sender_audit_prepare,120,0.0141,0.020605,0.022753000000000002,0.0283
logistic_motion_forest_anomaly,measured,fresh_to_first_window,accept,accepted,sender_audit_record,120,0.15015,0.20401,0.23493,0.2509
logistic_motion_forest_anomaly,measured,fresh_to_first_window,accept,accepted,sender_confirmation,120,0.1057,0.1449,0.158073,0.2326
logistic_motion_forest_anomaly,measured,fresh_to_first_window,accept,accepted,sender_local_admission_claim,120,0.01575,0.022415,0.023629000000000004,0.0278
logistic_motion_forest_anomaly,measured,fresh_to_first_window,accept,accepted,sender_seal_total,120,6.1142,8.168445,8.808825,9.4935
logistic_motion_forest_anomaly,measured,fresh_to_first_window,accept,accepted,serialization_including_quality,120,5.87955,7.810875,8.413829000000002,8.9668
logistic_motion_forest_anomaly,measured,fresh_to_first_window,accept,accepted,verifier_audit_commit,120,0.0033,0.006005,0.007443000000000001,0.0114
logistic_motion_forest_anomaly,measured,fresh_to_first_window,accept,accepted,verifier_audit_prepare,120,0.0121,0.017159999999999995,0.019686,0.021
logistic_motion_forest_anomaly,measured,fresh_to_first_window,accept,accepted,verifier_audit_record,120,0.07415,0.10984999999999999,0.13891400000000004,0.1453
logistic_motion_forest_anomaly,measured,fresh_to_first_window,accept,accepted,verifier_authentication_total,120,7.425,10.073805,10.378244,10.4734
logistic_motion_forest_anomaly,measured,fresh_to_first_window,accept,accepted,verifier_quality_check,120,5.3098,7.039885,7.21192,7.2955
logistic_motion_forest_anomaly,measured,fresh_to_first_window,accept,accepted,window_hmac_generation,120,0.02645,0.04358999999999999,0.054887000000000005,0.0577
logistic_motion_forest_anomaly,measured,fresh_to_first_window,accept,accepted,window_hmac_verification_calculation,120,0.02205,0.03486499999999999,0.043351000000000015,0.0449
logistic_motion_forest_anomaly,measured,malformed_json_receiver,reject,malformed_message,envelope_and_binary_parser,120,0.0365,0.05423499999999999,0.06271600000000001,0.0767
logistic_motion_forest_anomaly,measured,malformed_json_receiver,reject,malformed_message,verifier_audit_commit,120,0.0016,0.002,0.003243000000000001,0.0035
logistic_motion_forest_anomaly,measured,malformed_json_receiver,reject,malformed_message,verifier_audit_prepare,120,0.0042,0.006109999999999999,0.008186000000000002,0.0086
logistic_motion_forest_anomaly,measured,malformed_json_receiver,reject,malformed_message,verifier_audit_record,120,0.0514,0.080445,0.10360700000000003,0.1136
logistic_motion_forest_anomaly,measured,malformed_json_receiver,reject,malformed_message,verifier_authentication_total,120,0.1439,0.21737499999999996,0.260686,0.3141
logistic_motion_forest_anomaly,measured,post_window_after_refusals,accept,accepted,accepted_release_and_consumers,120,10.8374,15.674739999999998,18.519334,18.6584
logistic_motion_forest_anomaly,measured,post_window_after_refusals,accept,accepted,anomaly_consumer_including_threshold,120,6.28735,9.784159999999998,10.790447,11.0639
logistic_motion_forest_anomaly,measured,post_window_after_refusals,accept,accepted,binary32_adapter,120,1.0926,1.7289699999999997,2.175601,3.065
logistic_motion_forest_anomaly,measured,post_window_after_refusals,accept,accepted,envelope_and_binary_parser,120,1.49465,2.61029,2.926068,3.0884
logistic_motion_forest_anomaly,measured,post_window_after_refusals,accept,accepted,motion_consumer_including_normalization,120,0.56935,0.9768849999999998,1.17958,1.2925
logistic_motion_forest_anomaly,measured,post_window_after_refusals,accept,accepted,prepare_both_model_inputs,120,3.2328,5.353085,6.106127,6.7071
logistic_motion_forest_anomaly,measured,post_window_after_refusals,accept,accepted,sender_audit_commit,120,0.0014,0.0031049999999999997,0.0035620000000000005,0.0039
logistic_motion_forest_anomaly,measured,post_window_after_refusals,accept,accepted,sender_audit_prepare,120,0.0046,0.009244999999999998,0.010948000000000001,0.015
logistic_motion_forest_anomaly,measured,post_window_after_refusals,accept,accepted,sender_audit_record,120,0.05285,0.09523999999999999,0.110086,0.1327
logistic_motion_forest_anomaly,measured,post_window_after_refusals,accept,accepted,sender_seal_total,120,5.4147,7.905155,8.981204,9.2337
logistic_motion_forest_anomaly,measured,post_window_after_refusals,accept,accepted,serialization_including_quality,120,5.1806,7.43708,8.41317,8.7679
logistic_motion_forest_anomaly,measured,post_window_after_refusals,accept,accepted,verifier_audit_commit,120,0.0016,0.0028099999999999996,0.004405000000000001,0.0047
logistic_motion_forest_anomaly,measured,post_window_after_refusals,accept,accepted,verifier_audit_prepare,120,0.0058,0.009619999999999998,0.012839000000000003,0.0138
logistic_motion_forest_anomaly,measured,post_window_after_refusals,accept,accepted,verifier_audit_record,120,0.026,0.05346499999999999,0.08988100000000003,0.1001
logistic_motion_forest_anomaly,measured,post_window_after_refusals,accept,accepted,verifier_authentication_total,120,6.02655,9.238155,10.565493,11.6229
logistic_motion_forest_anomaly,measured,post_window_after_refusals,accept,accepted,verifier_quality_check,120,4.3055,6.5262,7.503433000000001,8.6703
logistic_motion_forest_anomaly,measured,post_window_after_refusals,accept,accepted,window_hmac_generation,120,0.037,0.05623,0.06930100000000003,0.0764
logistic_motion_forest_anomaly,measured,post_window_after_refusals,accept,accepted,window_hmac_verification_calculation,120,0.02105,0.042034999999999996,0.055343,0.0618
logistic_motion_forest_anomaly,measured,post_window_recurring,accept,accepted,accepted_release_and_consumers,120,13.02225,19.30631,20.066253,20.6371
logistic_motion_forest_anomaly,measured,post_window_recurring,accept,accepted,anomaly_consumer_including_threshold,120,7.42165,10.9354,11.257054,11.5365
logistic_motion_forest_anomaly,measured,post_window_recurring,accept,accepted,binary32_adapter,120,1.32725,1.82583,1.9851,1.9924
logistic_motion_forest_anomaly,measured,post_window_recurring,accept,accepted,envelope_and_binary_parser,120,2.1738,5.186395,6.197800000000001,7.7107
logistic_motion_forest_anomaly,measured,post_window_recurring,accept,accepted,motion_consumer_including_normalization,120,0.6997,1.04589,1.204856,1.2172
logistic_motion_forest_anomaly,measured,post_window_recurring,accept,accepted,prepare_both_model_inputs,120,4.20635,6.665465,7.215268000000001,7.4248
logistic_motion_forest_anomaly,measured,post_window_recurring,accept,accepted,sender_audit_commit,120,0.00165,0.003,0.0035620000000000005,0.0036
logistic_motion_forest_anomaly,measured,post_window_recurring,accept,accepted,sender_audit_prepare,120,0.0056,0.009505,0.012206000000000005,0.0203
logistic_motion_forest_anomaly,measured,post_window_recurring,accept,accepted,sender_audit_record,120,0.08145,0.10661,0.12140400000000001,0.1357
logistic_motion_forest_anomaly,measured,post_window_recurring,accept,accepted,sender_seal_total,120,6.2367,8.49675,8.76929,8.9294
logistic_motion_forest_anomaly,measured,post_window_recurring,accept,accepted,serialization_including_quality,120,5.952,8.08831,8.254281,8.4905
logistic_motion_forest_anomaly,measured,post_window_recurring,accept,accepted,verifier_audit_commit,120,0.0018,0.0035,0.003681,0.0037
logistic_motion_forest_anomaly,measured,post_window_recurring,accept,accepted,verifier_audit_prepare,120,0.007,0.01091,0.014506000000000005,0.0171
logistic_motion_forest_anomaly,measured,post_window_recurring,accept,accepted,verifier_audit_record,120,0.0314,0.047854999999999995,0.058281,0.0614
logistic_motion_forest_anomaly,measured,post_window_recurring,accept,accepted,verifier_authentication_total,120,8.1302,11.790815,13.905383,15.5857
logistic_motion_forest_anomaly,measured,post_window_recurring,accept,accepted,verifier_quality_check,120,5.3153,7.28269,7.513865,7.562
logistic_motion_forest_anomaly,measured,post_window_recurring,accept,accepted,window_hmac_generation,120,0.0372,0.052025,0.05936900000000001,0.064
logistic_motion_forest_anomaly,measured,post_window_recurring,accept,accepted,window_hmac_verification_calculation,120,0.02625,0.04083,0.043981,0.0504
logistic_motion_forest_anomaly,measured,pre_tag_quality_refusal,reject,data_quality_failure,binary32_adapter,120,1.22205,1.57701,2.0469640000000004,2.2665
logistic_motion_forest_anomaly,measured,pre_tag_quality_refusal,reject,data_quality_failure,sender_audit_commit,120,0.0015,0.0021,0.0032,0.0036
logistic_motion_forest_anomaly,measured,pre_tag_quality_refusal,reject,data_quality_failure,sender_audit_prepare,120,0.0042,0.0072549999999999976,0.009567000000000003,0.0119
logistic_motion_forest_anomaly,measured,pre_tag_quality_refusal,reject,data_quality_failure,sender_audit_record,120,0.0481,0.07870999999999997,0.10699500000000003,0.1343
logistic_motion_forest_anomaly,measured,pre_tag_quality_refusal,reject,data_quality_failure,sender_seal_total,120,0.66955,0.95462,1.2407310000000005,1.2758
logistic_motion_forest_anomaly,measured,pre_tag_quality_refusal,reject,data_quality_failure,serialization_including_quality,120,0.52535,0.7520299999999999,0.9447170000000004,0.9793
logistic_motion_forest_anomaly,measured,valid_receiver_after_bad_tag,accept,accepted,accepted_release_and_consumers,120,12.9409,15.721389999999998,20.571622,22.3277
logistic_motion_forest_anomaly,measured,valid_receiver_after_bad_tag,accept,accepted,anomaly_consumer_including_threshold,120,7.30435,9.40992,13.147323000000002,13.2996
logistic_motion_forest_anomaly,measured,valid_receiver_after_bad_tag,accept,accepted,envelope_and_binary_parser,120,1.7065,2.226805,2.352459,2.3856
logistic_motion_forest_anomaly,measured,valid_receiver_after_bad_tag,accept,accepted,motion_consumer_including_normalization,120,0.6812,0.9227649999999998,1.095919,1.2473
logistic_motion_forest_anomaly,measured,valid_receiver_after_bad_tag,accept,accepted,prepare_both_model_inputs,120,4.1848,5.07732,5.619671,7.5795
logistic_motion_forest_anomaly,measured,valid_receiver_after_bad_tag,accept,accepted,verifier_audit_commit,120,0.0017,0.0023,0.002581,0.0027
logistic_motion_forest_anomaly,measured,valid_receiver_after_bad_tag,accept,accepted,verifier_audit_prepare,120,0.0065,0.0092,0.011167000000000002,0.0127
logistic_motion_forest_anomaly,measured,valid_receiver_after_bad_tag,accept,accepted,verifier_audit_record,120,0.0437,0.06783999999999998,0.08560900000000002,0.0884
logistic_motion_forest_anomaly,measured,valid_receiver_after_bad_tag,accept,accepted,verifier_authentication_total,120,7.2539,9.237745,9.625684,9.8509
logistic_motion_forest_anomaly,measured,valid_receiver_after_bad_tag,accept,accepted,verifier_quality_check,120,5.34705,6.86475,7.271371000000001,7.3585
logistic_motion_forest_anomaly,measured,valid_receiver_after_bad_tag,accept,accepted,window_hmac_verification_calculation,120,0.02155,0.03023,0.035230000000000004,0.036
logistic_motion_forest_anomaly,sustained,post_window_recurring,accept,accepted,accepted_release_and_consumers,64,9.12265,12.006114999999998,14.154394,14.341
logistic_motion_forest_anomaly,sustained,post_window_recurring,accept,accepted,anomaly_consumer_including_threshold,64,5.2628,7.787124999999992,8.582616999999997,8.8183
logistic_motion_forest_anomaly,sustained,post_window_recurring,accept,accepted,binary32_adapter,64,0.8333,1.2939999999999996,1.4885719999999996,1.5929
logistic_motion_forest_anomaly,sustained,post_window_recurring,accept,accepted,envelope_and_binary_parser,64,1.297,2.1415599999999997,2.616988999999999,2.8058
logistic_motion_forest_anomaly,sustained,post_window_recurring,accept,accepted,motion_consumer_including_normalization,64,0.5081,0.764405,0.8264579999999998,0.8916
logistic_motion_forest_anomaly,sustained,post_window_recurring,accept,accepted,prepare_both_model_inputs,64,2.81485,3.8193749999999986,4.358701999999999,4.664
logistic_motion_forest_anomaly,sustained,post_window_recurring,accept,accepted,sender_audit_commit,64,0.0014,0.0019849999999999994,0.0024739999999999996,0.0026
logistic_motion_forest_anomaly,sustained,post_window_recurring,accept,accepted,sender_audit_prepare,64,0.0049,0.0064849999999999994,0.007595999999999999,0.0081
logistic_motion_forest_anomaly,sustained,post_window_recurring,accept,accepted,sender_audit_record,64,0.057,0.07488999999999998,0.08382899999999997,0.0912
logistic_motion_forest_anomaly,sustained,post_window_recurring,accept,accepted,sender_seal_total,64,4.31045,5.736335,6.649150999999996,7.4948
logistic_motion_forest_anomaly,sustained,post_window_recurring,accept,accepted,serialization_including_quality,64,4.0915,5.36237,6.323390999999997,7.101
logistic_motion_forest_anomaly,sustained,post_window_recurring,accept,accepted,verifier_audit_commit,64,0.0015,0.0019,0.0022369999999999994,0.0023
logistic_motion_forest_anomaly,sustained,post_window_recurring,accept,accepted,verifier_audit_prepare,64,0.0052,0.007885,0.008806999999999997,0.0095
logistic_motion_forest_anomaly,sustained,post_window_recurring,accept,accepted,verifier_audit_record,64,0.0221,0.03387,0.04743199999999994,0.0623
logistic_motion_forest_anomaly,sustained,post_window_recurring,accept,accepted,verifier_authentication_total,64,5.0293,6.873535,7.655054999999998,8.0466
logistic_motion_forest_anomaly,sustained,post_window_recurring,accept,accepted,verifier_quality_check,64,3.50175,4.372079999999999,5.633550999999999,5.8996
logistic_motion_forest_anomaly,sustained,post_window_recurring,accept,accepted,window_hmac_generation,64,0.0298,0.050074999999999946,0.06701899999999995,0.0788
logistic_motion_forest_anomaly,sustained,post_window_recurring,accept,accepted,window_hmac_verification_calculation,64,0.02015,0.03186999999999999,0.05336199999999997,0.0613
logistic_motion_forest_anomaly,warmup,bad_tag_receiver,reject,invalid_tag,envelope_and_binary_parser,29,1.6364,1.95468,1.964576,1.9676
logistic_motion_forest_anomaly,warmup,bad_tag_receiver,reject,invalid_tag,verifier_audit_commit,29,0.0015,0.0019,0.0021159999999999994,0.0022
logistic_motion_forest_anomaly,warmup,bad_tag_receiver,reject,invalid_tag,verifier_audit_prepare,29,0.0046,0.00572,0.006303999999999999,0.0065
logistic_motion_forest_anomaly,warmup,bad_tag_receiver,reject,invalid_tag,verifier_audit_record,29,0.0339,0.04322,0.044508,0.0449
logistic_motion_forest_anomaly,warmup,bad_tag_receiver,reject,invalid_tag,verifier_authentication_total,29,1.8,2.14414,2.148028,2.1487
logistic_motion_forest_anomaly,warmup,bad_tag_receiver,reject,invalid_tag,window_hmac_verification_calculation,29,0.0204,0.029139999999999992,0.038347999999999986,0.0414
logistic_motion_forest_anomaly,warmup,exact_replay_receiver,reject,duplicate_sequence,envelope_and_binary_parser,29,1.8691,2.11764,2.222352,2.2543
logistic_motion_forest_anomaly,warmup,exact_replay_receiver,reject,duplicate_sequence,verifier_audit_commit,29,0.0017,0.003179999999999996,0.008723999999999992,0.0106
logistic_motion_forest_anomaly,warmup,exact_replay_receiver,reject,duplicate_sequence,verifier_audit_prepare,29,0.0064,0.009639999999999996,0.0102,0.0102
logistic_motion_forest_anomaly,warmup,exact_replay_receiver,reject,duplicate_sequence,verifier_audit_record,29,0.0562,0.06688,0.07596799999999998,0.0793
logistic_motion_forest_anomaly,warmup,exact_replay_receiver,reject,duplicate_sequence,verifier_authentication_total,29,7.1355,7.94922,8.438772,8.6215
logistic_motion_forest_anomaly,warmup,exact_replay_receiver,reject,duplicate_sequence,verifier_quality_check,29,5.033,5.71224,6.250087999999999,6.4539
logistic_motion_forest_anomaly,warmup,exact_replay_receiver,reject,duplicate_sequence,window_hmac_verification_calculation,29,0.0274,0.03931999999999999,0.04590399999999999,0.0475
logistic_motion_forest_anomaly,warmup,fresh_to_first_window,accept,accepted,accepted_release_and_consumers,29,12.6276,14.411719999999999,14.866424,14.9341
logistic_motion_forest_anomaly,warmup,fresh_to_first_window,accept,accepted,admission_total,29,4.8863,5.804459999999999,6.462707999999999,6.6738
logistic_motion_forest_anomaly,warmup,fresh_to_first_window,accept,accepted,anomaly_consumer_including_threshold,29,7.2326,8.27442,8.589412,8.6439
logistic_motion_forest_anomaly,warmup,fresh_to_first_window,accept,accepted,binary32_adapter,29,1.2938,1.6003599999999998,1.7289599999999998,1.7669
logistic_motion_forest_anomaly,warmup,fresh_to_first_window,accept,accepted,envelope_and_binary_parser,29,1.9027,3.9228,4.492903999999999,4.7108
logistic_motion_forest_anomaly,warmup,fresh_to_first_window,accept,accepted,first_post_window_total,29,27.4699,31.576959999999996,32.160744,32.2413
logistic_motion_forest_anomaly,warmup,fresh_to_first_window,accept,accepted,independent_credential_verification,29,0.0652,0.0755,0.076572,0.0766
logistic_motion_forest_anomaly,warmup,fresh_to_first_window,accept,accepted,local_authorization_including_verification,29,0.0885,0.10422,0.107652,0.1088
logistic_motion_forest_anomaly,warmup,fresh_to_first_window,accept,accepted,local_challenge_binding,29,0.0108,0.01284,0.015519999999999996,0.0165
logistic_motion_forest_anomaly,warmup,fresh_to_first_window,accept,accepted,local_request_binding,29,0.013,0.017439999999999997,0.022143999999999994,0.0236
logistic_motion_forest_anomaly,warmup,fresh_to_first_window,accept,accepted,motion_consumer_including_normalization,29,0.653,0.82092,0.828744,0.8316
logistic_motion_forest_anomaly,warmup,fresh_to_first_window,accept,accepted,prepare_both_model_inputs,29,4.034,4.75964,5.084359999999999,5.2084
logistic_motion_forest_anomaly,warmup,fresh_to_first_window,accept,accepted,receiver_challenge,29,0.1698,0.22733999999999993,0.244084,0.2454
logistic_motion_forest_anomaly,warmup,fresh_to_first_window,accept,accepted,receiver_confirmation,29,0.1442,0.20669999999999994,0.226388,0.23
logistic_motion_forest_anomaly,warmup,fresh_to_first_window,accept,accepted,receiver_local_admission,29,0.0134,0.01616,0.019655999999999993,0.021
logistic_motion_forest_anomaly,warmup,fresh_to_first_window,accept,accepted,reconstruction,29,3.625,4.677339999999999,5.2545079999999995,5.4243
logistic_motion_forest_anomaly,warmup,fresh_to_first_window,accept,accepted,response_generation_simulator,29,0.1797,0.27634,0.32872399999999996,0.3474
logistic_motion_forest_anomaly,warmup,fresh_to_first_window,accept,accepted,sender_activation,29,0.1065,0.13813999999999996,0.16673999999999997,0.1764
logistic_motion_forest_anomaly,warmup,fresh_to_first_window,accept,accepted,sender_admission_and_request,29,0.2963,0.36977999999999994,0.381044,0.3832
logistic_motion_forest_anomaly,warmup,fresh_to_first_window,accept,accepted,sender_audit_commit,29,0.0047,0.006479999999999997,0.007144,0.0072
logistic_motion_forest_anomaly,warmup,fresh_to_first_window,accept,accepted,sender_audit_prepare,29,0.0139,0.019399999999999997,0.021695999999999997,0.0222
logistic_motion_forest_anomaly,warmup,fresh_to_first_window,accept,accepted,sender_audit_record,29,0.1514,0.17092,0.180072,0.1836
logistic_motion_forest_anomaly,warmup,fresh_to_first_window,accept,accepted,sender_confirmation,29,0.107,0.16501999999999997,0.171396,0.1726
logistic_motion_forest_anomaly,warmup,fresh_to_first_window,accept,accepted,sender_local_admission_claim,29,0.0155,0.023479999999999997,0.026919999999999996,0.0279
logistic_motion_forest_anomaly,warmup,fresh_to_first_window,accept,accepted,sender_seal_total,29,5.9234,7.12648,7.200048,7.2241
logistic_motion_forest_anomaly,warmup,fresh_to_first_window,accept,accepted,serialization_including_quality,29,5.7022,6.8586,6.905488,6.9112
logistic_motion_forest_anomaly,warmup,fresh_to_first_window,accept,accepted,verifier_audit_commit,29,0.0032,0.00376,0.004519999999999999,0.0048
logistic_motion_forest_anomaly,warmup,fresh_to_first_window,accept,accepted,verifier_audit_prepare,29,0.011,0.014039999999999997,0.01568,0.0161
logistic_motion_forest_anomaly,warmup,fresh_to_first_window,accept,accepted,verifier_audit_record,29,0.07,0.08932,0.12165599999999994,0.1342
logistic_motion_forest_anomaly,warmup,fresh_to_first_window,accept,accepted,verifier_authentication_total,29,7.2394,9.37884,9.511352,9.5426
logistic_motion_forest_anomaly,warmup,fresh_to_first_window,accept,accepted,verifier_quality_check,29,5.1042,6.07316,6.108984,6.1222
logistic_motion_forest_anomaly,warmup,fresh_to_first_window,accept,accepted,window_hmac_generation,29,0.0237,0.03416,0.03871999999999999,0.0404
logistic_motion_forest_anomaly,warmup,fresh_to_first_window,accept,accepted,window_hmac_verification_calculation,29,0.0209,0.032159999999999994,0.036703999999999994,0.0383
logistic_motion_forest_anomaly,warmup,malformed_json_receiver,reject,malformed_message,envelope_and_binary_parser,29,0.0373,0.050979999999999984,0.055644,0.0564
logistic_motion_forest_anomaly,warmup,malformed_json_receiver,reject,malformed_message,verifier_audit_commit,29,0.0015,0.0017599999999999998,0.0021599999999999996,0.0023
logistic_motion_forest_anomaly,warmup,malformed_json_receiver,reject,malformed_message,verifier_audit_prepare,29,0.0041,0.00486,0.005403999999999999,0.0056
logistic_motion_forest_anomaly,warmup,malformed_json_receiver,reject,malformed_message,verifier_audit_record,29,0.0522,0.06639999999999999,0.069472,0.0695
logistic_motion_forest_anomaly,warmup,malformed_json_receiver,reject,malformed_message,verifier_authentication_total,29,0.1417,0.18637999999999996,0.193628,0.1943
logistic_motion_forest_anomaly,warmup,post_window_after_refusals,accept,accepted,accepted_release_and_consumers,29,9.8705,12.973779999999998,20.58710799999999,23.4722
logistic_motion_forest_anomaly,warmup,post_window_after_refusals,accept,accepted,anomaly_consumer_including_threshold,29,5.6841,8.327599999999995,12.649639999999994,13.9235
logistic_motion_forest_anomaly,warmup,post_window_after_refusals,accept,accepted,binary32_adapter,29,1.0557,1.32266,1.362156,1.3712
logistic_motion_forest_anomaly,warmup,post_window_after_refusals,accept,accepted,envelope_and_binary_parser,29,1.4459,2.1404799999999993,2.821223999999999,3.0205
logistic_motion_forest_anomaly,warmup,post_window_after_refusals,accept,accepted,motion_consumer_including_normalization,29,0.55,0.7964999999999997,0.9810839999999997,1.0307
logistic_motion_forest_anomaly,warmup,post_window_after_refusals,accept,accepted,prepare_both_model_inputs,29,3.0414,5.015019999999996,6.8538039999999985,7.3174
logistic_motion_forest_anomaly,warmup,post_window_after_refusals,accept,accepted,sender_audit_commit,29,0.0014,0.0017,0.0026359999999999986,0.003
logistic_motion_forest_anomaly,warmup,post_window_after_refusals,accept,accepted,sender_audit_prepare,29,0.0047,0.006139999999999999,0.009035999999999997,0.0101
logistic_motion_forest_anomaly,warmup,post_window_after_refusals,accept,accepted,sender_audit_record,29,0.0473,0.0678,0.10647199999999994,0.1212
logistic_motion_forest_anomaly,warmup,post_window_after_refusals,accept,accepted,sender_seal_total,29,5.0396,6.1887799999999995,7.817619999999998,8.4115
logistic_motion_forest_anomaly,warmup,post_window_after_refusals,accept,accepted,serialization_including_quality,29,4.7753,5.8933599999999995,7.378007999999999,7.9181
logistic_motion_forest_anomaly,warmup,post_window_after_refusals,accept,accepted,verifier_audit_commit,29,0.0015,0.0020799999999999994,0.0031359999999999986,0.0035
logistic_motion_forest_anomaly,warmup,post_window_after_refusals,accept,accepted,verifier_audit_prepare,29,0.0052,0.00736,0.011143999999999994,0.0126
logistic_motion_forest_anomaly,warmup,post_window_after_refusals,accept,accepted,verifier_audit_record,29,0.0251,0.03811999999999998,0.18292799999999976,0.2375
logistic_motion_forest_anomaly,warmup,post_window_after_refusals,accept,accepted,verifier_authentication_total,29,5.7677,7.537459999999998,10.377163999999997,11.2966
logistic_motion_forest_anomaly,warmup,post_window_after_refusals,accept,accepted,verifier_quality_check,29,4.0924,5.342499999999999,7.054371999999997,7.6809
logistic_motion_forest_anomaly,warmup,post_window_after_refusals,accept,accepted,window_hmac_generation,29,0.0342,0.05245999999999998,0.056972,0.057
logistic_motion_forest_anomaly,warmup,post_window_after_refusals,accept,accepted,window_hmac_verification_calculation,29,0.0195,0.03421999999999999,0.045443999999999984,0.049
logistic_motion_forest_anomaly,warmup,post_window_recurring,accept,accepted,accepted_release_and_consumers,29,12.4034,14.66336,14.981704,15.103
logistic_motion_forest_anomaly,warmup,post_window_recurring,accept,accepted,anomaly_consumer_including_threshold,29,7.0731,8.58546,8.84342,8.927
logistic_motion_forest_anomaly,warmup,post_window_recurring,accept,accepted,binary32_adapter,29,1.287,1.5187,1.566724,1.584
logistic_motion_forest_anomaly,warmup,post_window_recurring,accept,accepted,envelope_and_binary_parser,29,1.8985,6.406019999999998,222.05991599999967,305.8129
logistic_motion_forest_anomaly,warmup,post_window_recurring,accept,accepted,motion_consumer_including_normalization,29,0.6452,0.82844,0.8782719999999998,0.8972
logistic_motion_forest_anomaly,warmup,post_window_recurring,accept,accepted,prepare_both_model_inputs,29,4.0678,4.68336,4.718856,4.7279
logistic_motion_forest_anomaly,warmup,post_window_recurring,accept,accepted,sender_audit_commit,29,0.0016,0.0019,0.002044,0.0021
logistic_motion_forest_anomaly,warmup,post_window_recurring,accept,accepted,sender_audit_prepare,29,0.0052,0.006479999999999999,0.007031999999999999,0.0072
logistic_motion_forest_anomaly,warmup,post_window_recurring,accept,accepted,sender_audit_record,29,0.0706,0.09534,0.100524,0.1024
logistic_motion_forest_anomaly,warmup,post_window_recurring,accept,accepted,sender_seal_total,29,5.9824,7.396179999999999,8.268892,8.5464
logistic_motion_forest_anomaly,warmup,post_window_recurring,accept,accepted,serialization_including_quality,29,5.7224,7.058439999999999,7.947671999999999,8.234
logistic_motion_forest_anomaly,warmup,post_window_recurring,accept,accepted,verifier_audit_commit,29,0.0016,0.0018599999999999997,0.002044,0.0021
logistic_motion_forest_anomaly,warmup,post_window_recurring,accept,accepted,verifier_audit_prepare,29,0.0063,0.008119999999999999,0.009047999999999999,0.0093
logistic_motion_forest_anomaly,warmup,post_window_recurring,accept,accepted,verifier_audit_record,29,0.0297,0.036,0.036544,0.0366
logistic_motion_forest_anomaly,warmup,post_window_recurring,accept,accepted,verifier_authentication_total,29,7.1949,12.3267,226.81461199999967,310.2048
logistic_motion_forest_anomaly,warmup,post_window_recurring,accept,accepted,verifier_quality_check,29,5.1058,6.1037,6.166068,6.1841
logistic_motion_forest_anomaly,warmup,post_window_recurring,accept,accepted,window_hmac_generation,29,0.0324,0.046279999999999995,0.051255999999999996,0.0526
logistic_motion_forest_anomaly,warmup,post_window_recurring,accept,accepted,window_hmac_verification_calculation,29,0.0221,0.03675999999999999,0.04755199999999998,0.0508
logistic_motion_forest_anomaly,warmup,pre_tag_quality_refusal,reject,data_quality_failure,binary32_adapter,29,1.2189,1.4189399999999999,1.5471079999999997,1.5867
logistic_motion_forest_anomaly,warmup,pre_tag_quality_refusal,reject,data_quality_failure,sender_audit_commit,29,0.0015,0.00196,0.002072,0.0021
logistic_motion_forest_anomaly,warmup,pre_tag_quality_refusal,reject,data_quality_failure,sender_audit_prepare,29,0.0041,0.005559999999999999,0.005872,0.0059
logistic_motion_forest_anomaly,warmup,pre_tag_quality_refusal,reject,data_quality_failure,sender_audit_record,29,0.0477,0.06268,0.06923199999999999,0.0715
logistic_motion_forest_anomaly,warmup,pre_tag_quality_refusal,reject,data_quality_failure,sender_seal_total,29,0.6836,0.80938,0.8526759999999999,0.8683
logistic_motion_forest_anomaly,warmup,pre_tag_quality_refusal,reject,data_quality_failure,serialization_including_quality,29,0.5461,0.6367,0.668564,0.6787
logistic_motion_forest_anomaly,warmup,valid_receiver_after_bad_tag,accept,accepted,accepted_release_and_consumers,29,12.6001,15.12322,15.295564,15.3519
logistic_motion_forest_anomaly,warmup,valid_receiver_after_bad_tag,accept,accepted,anomaly_consumer_including_threshold,29,7.1694,8.7658,8.890568,8.931
logistic_motion_forest_anomaly,warmup,valid_receiver_after_bad_tag,accept,accepted,envelope_and_binary_parser,29,1.6174,1.95542,1.997484,2.0121
logistic_motion_forest_anomaly,warmup,valid_receiver_after_bad_tag,accept,accepted,motion_consumer_including_normalization,29,0.684,0.8563,0.9672519999999998,1.009
logistic_motion_forest_anomaly,warmup,valid_receiver_after_bad_tag,accept,accepted,prepare_both_model_inputs,29,4.107,4.93936,5.00436,5.0213
logistic_motion_forest_anomaly,warmup,valid_receiver_after_bad_tag,accept,accepted,verifier_audit_commit,29,0.0016,0.00216,0.0022,0.0022
logistic_motion_forest_anomaly,warmup,valid_receiver_after_bad_tag,accept,accepted,verifier_audit_prepare,29,0.0062,0.00776,0.009599999999999996,0.0103
logistic_motion_forest_anomaly,warmup,valid_receiver_after_bad_tag,accept,accepted,verifier_audit_record,29,0.0409,0.05397999999999999,0.05777999999999999,0.0589
logistic_motion_forest_anomaly,warmup,valid_receiver_after_bad_tag,accept,accepted,verifier_authentication_total,29,6.9193,8.3481,8.431436,8.4353
logistic_motion_forest_anomaly,warmup,valid_receiver_after_bad_tag,accept,accepted,verifier_quality_check,29,5.1337,6.16424,6.227504,6.2375
logistic_motion_forest_anomaly,warmup,valid_receiver_after_bad_tag,accept,accepted,window_hmac_verification_calculation,29,0.0202,0.028259999999999997,0.030467999999999995,0.031
logistic_motion_logistic_anomaly,condition_first_use,bad_tag_receiver,reject,invalid_tag,envelope_and_binary_parser,1,1.2953,1.2953,1.2953,1.2953
logistic_motion_logistic_anomaly,condition_first_use,bad_tag_receiver,reject,invalid_tag,verifier_audit_commit,1,0.0013,0.0013,0.0013,0.0013
logistic_motion_logistic_anomaly,condition_first_use,bad_tag_receiver,reject,invalid_tag,verifier_audit_prepare,1,0.0038,0.0038,0.0038,0.0038
logistic_motion_logistic_anomaly,condition_first_use,bad_tag_receiver,reject,invalid_tag,verifier_audit_record,1,0.0268,0.0268,0.0268,0.0268
logistic_motion_logistic_anomaly,condition_first_use,bad_tag_receiver,reject,invalid_tag,verifier_authentication_total,1,1.4271,1.4271,1.4271,1.4271
logistic_motion_logistic_anomaly,condition_first_use,bad_tag_receiver,reject,invalid_tag,window_hmac_verification_calculation,1,0.0175,0.0175,0.0175,0.0175
logistic_motion_logistic_anomaly,condition_first_use,exact_replay_receiver,reject,duplicate_sequence,envelope_and_binary_parser,1,1.3558,1.3558,1.3558,1.3558
logistic_motion_logistic_anomaly,condition_first_use,exact_replay_receiver,reject,duplicate_sequence,verifier_audit_commit,1,0.0014,0.0014,0.0014,0.0014
logistic_motion_logistic_anomaly,condition_first_use,exact_replay_receiver,reject,duplicate_sequence,verifier_audit_prepare,1,0.0049,0.0049,0.0049,0.0049
logistic_motion_logistic_anomaly,condition_first_use,exact_replay_receiver,reject,duplicate_sequence,verifier_audit_record,1,0.0396,0.0396,0.0396,0.0396
logistic_motion_logistic_anomaly,condition_first_use,exact_replay_receiver,reject,duplicate_sequence,verifier_authentication_total,1,5.6445,5.6445,5.6445,5.6445
logistic_motion_logistic_anomaly,condition_first_use,exact_replay_receiver,reject,duplicate_sequence,verifier_quality_check,1,4.0919,4.0919,4.0919,4.0919
logistic_motion_logistic_anomaly,condition_first_use,exact_replay_receiver,reject,duplicate_sequence,window_hmac_verification_calculation,1,0.0238,0.0238,0.0238,0.0238
logistic_motion_logistic_anomaly,condition_first_use,fresh_to_first_window,accept,accepted,accepted_release_and_consumers,1,11.0578,11.0578,11.0578,11.0578
logistic_motion_logistic_anomaly,condition_first_use,fresh_to_first_window,accept,accepted,admission_total,1,3200.9165,3200.9165,3200.9165,3200.9165
logistic_motion_logistic_anomaly,condition_first_use,fresh_to_first_window,accept,accepted,anomaly_consumer_including_threshold,1,0.5875,0.5875,0.5875,0.5875
logistic_motion_logistic_anomaly,condition_first_use,fresh_to_first_window,accept,accepted,binary32_adapter,1,3.7702,3.7702,3.7702,3.7702
logistic_motion_logistic_anomaly,condition_first_use,fresh_to_first_window,accept,accepted,envelope_and_binary_parser,1,1.6333,1.6333,1.6333,1.6333
logistic_motion_logistic_anomaly,condition_first_use,fresh_to_first_window,accept,accepted,first_post_window_total,1,26.0014,26.0014,26.0014,26.0014
logistic_motion_logistic_anomaly,condition_first_use,fresh_to_first_window,accept,accepted,independent_credential_verification,1,0.0799,0.0799,0.0799,0.0799
logistic_motion_logistic_anomaly,condition_first_use,fresh_to_first_window,accept,accepted,local_authorization_including_verification,1,0.1084,0.1084,0.1084,0.1084
logistic_motion_logistic_anomaly,condition_first_use,fresh_to_first_window,accept,accepted,local_challenge_binding,1,0.0094,0.0094,0.0094,0.0094
logistic_motion_logistic_anomaly,condition_first_use,fresh_to_first_window,accept,accepted,local_request_binding,1,0.0149,0.0149,0.0149,0.0149
logistic_motion_logistic_anomaly,condition_first_use,fresh_to_first_window,accept,accepted,motion_consumer_including_normalization,1,6.3509,6.3509,6.3509,6.3509
logistic_motion_logistic_anomaly,condition_first_use,fresh_to_first_window,accept,accepted,prepare_both_model_inputs,1,3.5811,3.5811,3.5811,3.5811
logistic_motion_logistic_anomaly,condition_first_use,fresh_to_first_window,accept,accepted,receiver_challenge,1,0.1914,0.1914,0.1914,0.1914
logistic_motion_logistic_anomaly,condition_first_use,fresh_to_first_window,accept,accepted,receiver_confirmation,1,0.1263,0.1263,0.1263,0.1263
logistic_motion_logistic_anomaly,condition_first_use,fresh_to_first_window,accept,accepted,receiver_local_admission,1,0.0189,0.0189,0.0189,0.0189
logistic_motion_logistic_anomaly,condition_first_use,fresh_to_first_window,accept,accepted,reconstruction,1,3199.841,3199.841,3199.841,3199.841
logistic_motion_logistic_anomaly,condition_first_use,fresh_to_first_window,accept,accepted,response_generation_simulator,1,0.1337,0.1337,0.1337,0.1337
logistic_motion_logistic_anomaly,condition_first_use,fresh_to_first_window,accept,accepted,sender_activation,1,0.0938,0.0938,0.0938,0.0938
logistic_motion_logistic_anomaly,condition_first_use,fresh_to_first_window,accept,accepted,sender_admission_and_request,1,0.3622,0.3622,0.3622,0.3622
logistic_motion_logistic_anomaly,condition_first_use,fresh_to_first_window,accept,accepted,sender_audit_commit,1,0.0046,0.0046,0.0046,0.0046
logistic_motion_logistic_anomaly,condition_first_use,fresh_to_first_window,accept,accepted,sender_audit_prepare,1,0.0134,0.0134,0.0134,0.0134
logistic_motion_logistic_anomaly,condition_first_use,fresh_to_first_window,accept,accepted,sender_audit_record,1,0.1503,0.1503,0.1503,0.1503
logistic_motion_logistic_anomaly,condition_first_use,fresh_to_first_window,accept,accepted,sender_confirmation,1,0.0978,0.0978,0.0978,0.0978
logistic_motion_logistic_anomaly,condition_first_use,fresh_to_first_window,accept,accepted,sender_local_admission_claim,1,0.0136,0.0136,0.0136,0.0136
logistic_motion_logistic_anomaly,condition_first_use,fresh_to_first_window,accept,accepted,sender_seal_total,1,5.0673,5.0673,5.0673,5.0673
logistic_motion_logistic_anomaly,condition_first_use,fresh_to_first_window,accept,accepted,serialization_including_quality,1,4.8094,4.8094,4.8094,4.8094
logistic_motion_logistic_anomaly,condition_first_use,fresh_to_first_window,accept,accepted,verifier_audit_commit,1,0.0029,0.0029,0.0029,0.0029
logistic_motion_logistic_anomaly,condition_first_use,fresh_to_first_window,accept,accepted,verifier_audit_prepare,1,0.0108,0.0108,0.0108,0.0108
logistic_motion_logistic_anomaly,condition_first_use,fresh_to_first_window,accept,accepted,verifier_audit_record,1,0.0583,0.0583,0.0583,0.0583
logistic_motion_logistic_anomaly,condition_first_use,fresh_to_first_window,accept,accepted,verifier_authentication_total,1,5.988,5.988,5.988,5.988
logistic_motion_logistic_anomaly,condition_first_use,fresh_to_first_window,accept,accepted,verifier_quality_check,1,4.1837,4.1837,4.1837,4.1837
logistic_motion_logistic_anomaly,condition_first_use,fresh_to_first_window,accept,accepted,window_hmac_generation,1,0.0304,0.0304,0.0304,0.0304
logistic_motion_logistic_anomaly,condition_first_use,fresh_to_first_window,accept,accepted,window_hmac_verification_calculation,1,0.0203,0.0203,0.0203,0.0203
logistic_motion_logistic_anomaly,condition_first_use,malformed_json_receiver,reject,malformed_message,envelope_and_binary_parser,1,0.0367,0.0367,0.0367,0.0367
logistic_motion_logistic_anomaly,condition_first_use,malformed_json_receiver,reject,malformed_message,verifier_audit_commit,1,0.0013,0.0013,0.0013,0.0013
logistic_motion_logistic_anomaly,condition_first_use,malformed_json_receiver,reject,malformed_message,verifier_audit_prepare,1,0.0038,0.0038,0.0038,0.0038
logistic_motion_logistic_anomaly,condition_first_use,malformed_json_receiver,reject,malformed_message,verifier_audit_record,1,0.043,0.043,0.043,0.043
logistic_motion_logistic_anomaly,condition_first_use,malformed_json_receiver,reject,malformed_message,verifier_authentication_total,1,0.1315,0.1315,0.1315,0.1315
logistic_motion_logistic_anomaly,condition_first_use,post_window_after_refusals,accept,accepted,accepted_release_and_consumers,1,4.6309,4.6309,4.6309,4.6309
logistic_motion_logistic_anomaly,condition_first_use,post_window_after_refusals,accept,accepted,anomaly_consumer_including_threshold,1,0.3579,0.3579,0.3579,0.3579
logistic_motion_logistic_anomaly,condition_first_use,post_window_after_refusals,accept,accepted,binary32_adapter,1,0.9794,0.9794,0.9794,0.9794
logistic_motion_logistic_anomaly,condition_first_use,post_window_after_refusals,accept,accepted,envelope_and_binary_parser,1,1.3393,1.3393,1.3393,1.3393
logistic_motion_logistic_anomaly,condition_first_use,post_window_after_refusals,accept,accepted,motion_consumer_including_normalization,1,0.5031,0.5031,0.5031,0.5031
logistic_motion_logistic_anomaly,condition_first_use,post_window_after_refusals,accept,accepted,prepare_both_model_inputs,1,3.2702,3.2702,3.2702,3.2702
logistic_motion_logistic_anomaly,condition_first_use,post_window_after_refusals,accept,accepted,sender_audit_commit,1,0.0013,0.0013,0.0013,0.0013
logistic_motion_logistic_anomaly,condition_first_use,post_window_after_refusals,accept,accepted,sender_audit_prepare,1,0.0038,0.0038,0.0038,0.0038
logistic_motion_logistic_anomaly,condition_first_use,post_window_after_refusals,accept,accepted,sender_audit_record,1,0.0473,0.0473,0.0473,0.0473
logistic_motion_logistic_anomaly,condition_first_use,post_window_after_refusals,accept,accepted,sender_seal_total,1,5.1935,5.1935,5.1935,5.1935
logistic_motion_logistic_anomaly,condition_first_use,post_window_after_refusals,accept,accepted,serialization_including_quality,1,4.9885,4.9885,4.9885,4.9885
logistic_motion_logistic_anomaly,condition_first_use,post_window_after_refusals,accept,accepted,verifier_audit_commit,1,0.0014,0.0014,0.0014,0.0014
logistic_motion_logistic_anomaly,condition_first_use,post_window_after_refusals,accept,accepted,verifier_audit_prepare,1,0.004,0.004,0.004,0.004
logistic_motion_logistic_anomaly,condition_first_use,post_window_after_refusals,accept,accepted,verifier_audit_record,1,0.0226,0.0226,0.0226,0.0226
logistic_motion_logistic_anomaly,condition_first_use,post_window_after_refusals,accept,accepted,verifier_authentication_total,1,5.6496,5.6496,5.6496,5.6496
logistic_motion_logistic_anomaly,condition_first_use,post_window_after_refusals,accept,accepted,verifier_quality_check,1,4.1891,4.1891,4.1891,4.1891
logistic_motion_logistic_anomaly,condition_first_use,post_window_after_refusals,accept,accepted,window_hmac_generation,1,0.0262,0.0262,0.0262,0.0262
logistic_motion_logistic_anomaly,condition_first_use,post_window_after_refusals,accept,accepted,window_hmac_verification_calculation,1,0.0148,0.0148,0.0148,0.0148
logistic_motion_logistic_anomaly,condition_first_use,post_window_recurring,accept,accepted,accepted_release_and_consumers,1,4.4781,4.4781,4.4781,4.4781
logistic_motion_logistic_anomaly,condition_first_use,post_window_recurring,accept,accepted,anomaly_consumer_including_threshold,1,0.3597,0.3597,0.3597,0.3597
logistic_motion_logistic_anomaly,condition_first_use,post_window_recurring,accept,accepted,binary32_adapter,1,1.0558,1.0558,1.0558,1.0558
logistic_motion_logistic_anomaly,condition_first_use,post_window_recurring,accept,accepted,envelope_and_binary_parser,1,1.4045,1.4045,1.4045,1.4045
logistic_motion_logistic_anomaly,condition_first_use,post_window_recurring,accept,accepted,motion_consumer_including_normalization,1,0.5165,0.5165,0.5165,0.5165
logistic_motion_logistic_anomaly,condition_first_use,post_window_recurring,accept,accepted,prepare_both_model_inputs,1,3.1077,3.1077,3.1077,3.1077
logistic_motion_logistic_anomaly,condition_first_use,post_window_recurring,accept,accepted,sender_audit_commit,1,0.0011,0.0011,0.0011,0.0011
logistic_motion_logistic_anomaly,condition_first_use,post_window_recurring,accept,accepted,sender_audit_prepare,1,0.004,0.004,0.004,0.004
logistic_motion_logistic_anomaly,condition_first_use,post_window_recurring,accept,accepted,sender_audit_record,1,0.0584,0.0584,0.0584,0.0584
logistic_motion_logistic_anomaly,condition_first_use,post_window_recurring,accept,accepted,sender_seal_total,1,5.1317,5.1317,5.1317,5.1317
logistic_motion_logistic_anomaly,condition_first_use,post_window_recurring,accept,accepted,serialization_including_quality,1,4.882,4.882,4.882,4.882
logistic_motion_logistic_anomaly,condition_first_use,post_window_recurring,accept,accepted,verifier_audit_commit,1,0.0015,0.0015,0.0015,0.0015
logistic_motion_logistic_anomaly,condition_first_use,post_window_recurring,accept,accepted,verifier_audit_prepare,1,0.0047,0.0047,0.0047,0.0047
logistic_motion_logistic_anomaly,condition_first_use,post_window_recurring,accept,accepted,verifier_audit_record,1,0.0231,0.0231,0.0231,0.0231
logistic_motion_logistic_anomaly,condition_first_use,post_window_recurring,accept,accepted,verifier_authentication_total,1,5.3587,5.3587,5.3587,5.3587
logistic_motion_logistic_anomaly,condition_first_use,post_window_recurring,accept,accepted,verifier_quality_check,1,3.7943,3.7943,3.7943,3.7943
logistic_motion_logistic_anomaly,condition_first_use,post_window_recurring,accept,accepted,window_hmac_generation,1,0.0296,0.0296,0.0296,0.0296
logistic_motion_logistic_anomaly,condition_first_use,post_window_recurring,accept,accepted,window_hmac_verification_calculation,1,0.0203,0.0203,0.0203,0.0203
logistic_motion_logistic_anomaly,condition_first_use,pre_tag_quality_refusal,reject,data_quality_failure,binary32_adapter,1,1.0005,1.0005,1.0005,1.0005
logistic_motion_logistic_anomaly,condition_first_use,pre_tag_quality_refusal,reject,data_quality_failure,sender_audit_commit,1,0.0013,0.0013,0.0013,0.0013
logistic_motion_logistic_anomaly,condition_first_use,pre_tag_quality_refusal,reject,data_quality_failure,sender_audit_prepare,1,0.0037,0.0037,0.0037,0.0037
logistic_motion_logistic_anomaly,condition_first_use,pre_tag_quality_refusal,reject,data_quality_failure,sender_audit_record,1,0.0464,0.0464,0.0464,0.0464
logistic_motion_logistic_anomaly,condition_first_use,pre_tag_quality_refusal,reject,data_quality_failure,sender_seal_total,1,0.6163,0.6163,0.6163,0.6163
logistic_motion_logistic_anomaly,condition_first_use,pre_tag_quality_refusal,reject,data_quality_failure,serialization_including_quality,1,0.4863,0.4863,0.4863,0.4863
logistic_motion_logistic_anomaly,condition_first_use,valid_receiver_after_bad_tag,accept,accepted,accepted_release_and_consumers,1,4.6289,4.6289,4.6289,4.6289
logistic_motion_logistic_anomaly,condition_first_use,valid_receiver_after_bad_tag,accept,accepted,anomaly_consumer_including_threshold,1,0.3557,0.3557,0.3557,0.3557
logistic_motion_logistic_anomaly,condition_first_use,valid_receiver_after_bad_tag,accept,accepted,envelope_and_binary_parser,1,1.2847,1.2847,1.2847,1.2847
logistic_motion_logistic_anomaly,condition_first_use,valid_receiver_after_bad_tag,accept,accepted,motion_consumer_including_normalization,1,0.4801,0.4801,0.4801,0.4801
logistic_motion_logistic_anomaly,condition_first_use,valid_receiver_after_bad_tag,accept,accepted,prepare_both_model_inputs,1,3.1983,3.1983,3.1983,3.1983
logistic_motion_logistic_anomaly,condition_first_use,valid_receiver_after_bad_tag,accept,accepted,verifier_audit_commit,1,0.0014,0.0014,0.0014,0.0014
logistic_motion_logistic_anomaly,condition_first_use,valid_receiver_after_bad_tag,accept,accepted,verifier_audit_prepare,1,0.0051,0.0051,0.0051,0.0051
logistic_motion_logistic_anomaly,condition_first_use,valid_receiver_after_bad_tag,accept,accepted,verifier_audit_record,1,0.0336,0.0336,0.0336,0.0336
logistic_motion_logistic_anomaly,condition_first_use,valid_receiver_after_bad_tag,accept,accepted,verifier_authentication_total,1,5.9149,5.9149,5.9149,5.9149
logistic_motion_logistic_anomaly,condition_first_use,valid_receiver_after_bad_tag,accept,accepted,verifier_quality_check,1,4.4756,4.4756,4.4756,4.4756
logistic_motion_logistic_anomaly,condition_first_use,valid_receiver_after_bad_tag,accept,accepted,window_hmac_verification_calculation,1,0.0181,0.0181,0.0181,0.0181
logistic_motion_logistic_anomaly,measured,bad_tag_receiver,reject,invalid_tag,envelope_and_binary_parser,120,1.75155,2.1350699999999994,2.347645,2.4241
logistic_motion_logistic_anomaly,measured,bad_tag_receiver,reject,invalid_tag,verifier_audit_commit,120,0.0017,0.0021,0.002381,0.0026
logistic_motion_logistic_anomaly,measured,bad_tag_receiver,reject,invalid_tag,verifier_audit_prepare,120,0.0049,0.006619999999999999,0.0072,0.0121
logistic_motion_logistic_anomaly,measured,bad_tag_receiver,reject,invalid_tag,verifier_audit_record,120,0.0357,0.0452,0.05166300000000001,0.0678
logistic_motion_logistic_anomaly,measured,bad_tag_receiver,reject,invalid_tag,verifier_authentication_total,120,1.9261,2.3460599999999996,2.592644,2.6612
logistic_motion_logistic_anomaly,measured,bad_tag_receiver,reject,invalid_tag,window_hmac_verification_calculation,120,0.0209,0.027044999999999996,0.029224,0.0335
logistic_motion_logistic_anomaly,measured,exact_replay_receiver,reject,duplicate_sequence,envelope_and_binary_parser,120,1.97495,2.426625,2.599278,2.6223
logistic_motion_logistic_anomaly,measured,exact_replay_receiver,reject,duplicate_sequence,verifier_audit_commit,120,0.0019,0.0024,0.002581,0.0026
logistic_motion_logistic_anomaly,measured,exact_replay_receiver,reject,duplicate_sequence,verifier_audit_prepare,120,0.00675,0.0091,0.010443,0.0112
logistic_motion_logistic_anomaly,measured,exact_replay_receiver,reject,duplicate_sequence,verifier_audit_record,120,0.05565,0.069105,0.07694600000000001,0.0796
logistic_motion_logistic_anomaly,measured,exact_replay_receiver,reject,duplicate_sequence,verifier_authentication_total,120,7.74625,9.21188,9.826436,10.0904
logistic_motion_logistic_anomaly,measured,exact_replay_receiver,reject,duplicate_sequence,verifier_quality_check,120,5.53185,6.670295,7.236388000000001,7.4924
logistic_motion_logistic_anomaly,measured,exact_replay_receiver,reject,duplicate_sequence,window_hmac_verification_calculation,120,0.02515,0.034089999999999995,0.042162,0.0471
logistic_motion_logistic_anomaly,measured,fresh_to_first_window,accept,accepted,accepted_release_and_consumers,120,6.33905,7.992725,8.845355,8.9354
logistic_motion_logistic_anomaly,measured,fresh_to_first_window,accept,accepted,admission_total,120,5.01735,6.78135,7.452666,8.7729
logistic_motion_logistic_anomaly,measured,fresh_to_first_window,accept,accepted,anomaly_consumer_including_threshold,120,0.48325,0.6326999999999999,0.7631820000000002,0.8229
logistic_motion_logistic_anomaly,measured,fresh_to_first_window,accept,accepted,binary32_adapter,120,1.3833,1.79785,1.9700800000000003,2.0532
logistic_motion_logistic_anomaly,measured,fresh_to_first_window,accept,accepted,envelope_and_binary_parser,120,2.0537,4.482214999999999,6.452179000000004,335.667
logistic_motion_logistic_anomaly,measured,fresh_to_first_window,accept,accepted,first_post_window_total,120,22.4039,28.44513,32.124987000000004,352.8452
logistic_motion_logistic_anomaly,measured,fresh_to_first_window,accept,accepted,independent_credential_verification,120,0.0644,0.08272,0.09517500000000001,0.1142
logistic_motion_logistic_anomaly,measured,fresh_to_first_window,accept,accepted,local_authorization_including_verification,120,0.08845,0.11593999999999999,0.151615,0.1634
logistic_motion_logistic_anomaly,measured,fresh_to_first_window,accept,accepted,local_challenge_binding,120,0.011,0.014605,0.021617000000000015,0.0235
logistic_motion_logistic_anomaly,measured,fresh_to_first_window,accept,accepted,local_request_binding,120,0.01385,0.019615,0.03421500000000003,0.0671
logistic_motion_logistic_anomaly,measured,fresh_to_first_window,accept,accepted,motion_consumer_including_normalization,120,0.77965,0.9516649999999999,1.05995,1.1872
logistic_motion_logistic_anomaly,measured,fresh_to_first_window,accept,accepted,prepare_both_model_inputs,120,4.3899,5.57136,6.227704000000001,6.3847
logistic_motion_logistic_anomaly,measured,fresh_to_first_window,accept,accepted,receiver_challenge,120,0.174,0.22609999999999997,0.2819400000000001,0.4148
logistic_motion_logistic_anomaly,measured,fresh_to_first_window,accept,accepted,receiver_confirmation,120,0.1402,0.198635,0.2613860000000001,0.2737
logistic_motion_logistic_anomaly,measured,fresh_to_first_window,accept,accepted,receiver_local_admission,120,0.01435,0.018349999999999995,0.020805,0.0236
logistic_motion_logistic_anomaly,measured,fresh_to_first_window,accept,accepted,reconstruction,120,3.86345,5.55661,6.27536,7.7145
logistic_motion_logistic_anomaly,measured,fresh_to_first_window,accept,accepted,response_generation_simulator,120,0.1911,0.268235,0.335681,0.3712
logistic_motion_logistic_anomaly,measured,fresh_to_first_window,accept,accepted,sender_activation,120,0.10525,0.14861,0.16051,0.2575
logistic_motion_logistic_anomaly,measured,fresh_to_first_window,accept,accepted,sender_admission_and_request,120,0.3036,0.40413,0.45257400000000003,0.5318
logistic_motion_logistic_anomaly,measured,fresh_to_first_window,accept,accepted,sender_audit_commit,120,0.0048,0.006305,0.016953000000000027,0.0215
logistic_motion_logistic_anomaly,measured,fresh_to_first_window,accept,accepted,sender_audit_prepare,120,0.0141,0.01881,0.020796000000000002,0.022
logistic_motion_logistic_anomaly,measured,fresh_to_first_window,accept,accepted,sender_audit_record,120,0.1463,0.19686999999999996,0.220126,0.2408
logistic_motion_logistic_anomaly,measured,fresh_to_first_window,accept,accepted,sender_confirmation,120,0.10385,0.14167,0.156815,0.1788
logistic_motion_logistic_anomaly,measured,fresh_to_first_window,accept,accepted,sender_local_admission_claim,120,0.0154,0.020549999999999995,0.025225000000000008,0.0279
logistic_motion_logistic_anomaly,measured,fresh_to_first_window,accept,accepted,sender_seal_total,120,6.3866,8.1684,8.435288,8.5438
logistic_motion_logistic_anomaly,measured,fresh_to_first_window,accept,accepted,serialization_including_quality,120,6.14205,7.812989999999999,8.137139,8.2705
logistic_motion_logistic_anomaly,measured,fresh_to_first_window,accept,accepted,verifier_audit_commit,120,0.0034,0.0045,0.005643000000000001,0.0057
logistic_motion_logistic_anomaly,measured,fresh_to_first_window,accept,accepted,verifier_audit_prepare,120,0.0117,0.017,0.019048,0.039
logistic_motion_logistic_anomaly,measured,fresh_to_first_window,accept,accepted,verifier_audit_record,120,0.0715,0.09563,0.099115,0.1012
logistic_motion_logistic_anomaly,measured,fresh_to_first_window,accept,accepted,verifier_authentication_total,120,7.9234,10.51966,13.481173000000004,339.9392
logistic_motion_logistic_anomaly,measured,fresh_to_first_window,accept,accepted,verifier_quality_check,120,5.5347,7.14274,7.495381,7.8877
logistic_motion_logistic_anomaly,measured,fresh_to_first_window,accept,accepted,window_hmac_generation,120,0.02395,0.035635,0.045399000000000016,0.0483
logistic_motion_logistic_anomaly,measured,fresh_to_first_window,accept,accepted,window_hmac_verification_calculation,120,0.02325,0.032534999999999994,0.03900200000000001,0.0409
logistic_motion_logistic_anomaly,measured,malformed_json_receiver,reject,malformed_message,envelope_and_binary_parser,120,0.0393,0.05124,0.0527,0.0529
logistic_motion_logistic_anomaly,measured,malformed_json_receiver,reject,malformed_message,verifier_audit_commit,120,0.0017,0.0021,0.0025,0.004
logistic_motion_logistic_anomaly,measured,malformed_json_receiver,reject,malformed_message,verifier_audit_prepare,120,0.0045,0.0059,0.01283100000000001,0.0228
logistic_motion_logistic_anomaly,measured,malformed_json_receiver,reject,malformed_message,verifier_audit_record,120,0.0524,0.0712,0.074873,0.0778
logistic_motion_logistic_anomaly,measured,malformed_json_receiver,reject,malformed_message,verifier_authentication_total,120,0.15085,0.19006,0.203901,0.3317
logistic_motion_logistic_anomaly,measured,post_window_after_refusals,accept,accepted,accepted_release_and_consumers,120,5.0096,7.1735149999999965,9.092208,9.7788
logistic_motion_logistic_anomaly,measured,post_window_after_refusals,accept,accepted,anomaly_consumer_including_threshold,120,0.3992,0.616365,0.699862,0.8119
logistic_motion_logistic_anomaly,measured,post_window_after_refusals,accept,accepted,binary32_adapter,120,1.3516,1.4459699999999998,1.5741730000000003,1.7126
logistic_motion_logistic_anomaly,measured,post_window_after_refusals,accept,accepted,envelope_and_binary_parser,120,1.90645,4.897525,5.288557,5.4036
logistic_motion_logistic_anomaly,measured,post_window_after_refusals,accept,accepted,motion_consumer_including_normalization,120,0.5976,0.8294399999999998,1.1331500000000003,1.5742
logistic_motion_logistic_anomaly,measured,post_window_after_refusals,accept,accepted,prepare_both_model_inputs,120,3.47955,5.036534999999998,6.956440000000001,7.0839
logistic_motion_logistic_anomaly,measured,post_window_after_refusals,accept,accepted,sender_audit_commit,120,0.0015,0.0018049999999999997,0.002343000000000001,0.0032
logistic_motion_logistic_anomaly,measured,post_window_after_refusals,accept,accepted,sender_audit_prepare,120,0.0051,0.006905,0.010272000000000003,0.0174
logistic_motion_logistic_anomaly,measured,post_window_after_refusals,accept,accepted,sender_audit_record,120,0.05565,0.071455,0.078382,0.0901
logistic_motion_logistic_anomaly,measured,post_window_after_refusals,accept,accepted,sender_seal_total,120,6.30975,6.77388,7.29451,7.9837
logistic_motion_logistic_anomaly,measured,post_window_after_refusals,accept,accepted,serialization_including_quality,120,6.05565,6.46998,7.013296,7.5326
logistic_motion_logistic_anomaly,measured,post_window_after_refusals,accept,accepted,verifier_audit_commit,120,0.0017,0.0023,0.0037620000000000006,0.0038
logistic_motion_logistic_anomaly,measured,post_window_after_refusals,accept,accepted,verifier_audit_prepare,120,0.00595,0.009669999999999996,0.012,0.0136
logistic_motion_logistic_anomaly,measured,post_window_after_refusals,accept,accepted,verifier_audit_record,120,0.03025,0.034005,0.04710400000000002,0.0803
logistic_motion_logistic_anomaly,measured,post_window_after_refusals,accept,accepted,verifier_authentication_total,120,7.3865,10.25987,11.214715,12.0684
logistic_motion_logistic_anomaly,measured,post_window_after_refusals,accept,accepted,verifier_quality_check,120,5.23355,5.76906,7.340229,7.5176
logistic_motion_logistic_anomaly,measured,post_window_after_refusals,accept,accepted,window_hmac_generation,120,0.0371,0.050205,0.055243,0.0574
logistic_motion_logistic_anomaly,measured,post_window_after_refusals,accept,accepted,window_hmac_verification_calculation,120,0.0222,0.029039999999999996,0.031767,0.0493
logistic_motion_logistic_anomaly,measured,post_window_recurring,accept,accepted,accepted_release_and_consumers,120,6.19825,7.722875,7.966316000000001,9.3825
logistic_motion_logistic_anomaly,measured,post_window_recurring,accept,accepted,anomaly_consumer_including_threshold,120,0.4763,0.577185,0.6954820000000002,0.7443
logistic_motion_logistic_anomaly,measured,post_window_recurring,accept,accepted,binary32_adapter,120,1.3656,1.786715,1.882466,1.8982
logistic_motion_logistic_anomaly,measured,post_window_recurring,accept,accepted,envelope_and_binary_parser,120,1.96315,2.49003,2.690058,2.7676
logistic_motion_logistic_anomaly,measured,post_window_recurring,accept,accepted,motion_consumer_including_normalization,120,0.7454,0.87482,1.0344270000000004,1.0614
logistic_motion_logistic_anomaly,measured,post_window_recurring,accept,accepted,prepare_both_model_inputs,120,4.3288,5.377075,5.710809,6.726
logistic_motion_logistic_anomaly,measured,post_window_recurring,accept,accepted,sender_audit_commit,120,0.0017,0.0021049999999999997,0.0024,0.0031
logistic_motion_logistic_anomaly,measured,post_window_recurring,accept,accepted,sender_audit_prepare,120,0.0055,0.007005,0.007581,0.0099
logistic_motion_logistic_anomaly,measured,post_window_recurring,accept,accepted,sender_audit_record,120,0.07635,0.09872,0.11433100000000002,0.1238
logistic_motion_logistic_anomaly,measured,post_window_recurring,accept,accepted,sender_seal_total,120,6.47,8.38663,8.716845,8.7469
logistic_motion_logistic_anomaly,measured,post_window_recurring,accept,accepted,serialization_including_quality,120,6.16545,8.04252,8.30646,8.3657
logistic_motion_logistic_anomaly,measured,post_window_recurring,accept,accepted,verifier_audit_commit,120,0.0017,0.0021,0.003129000000000002,0.0034
logistic_motion_logistic_anomaly,measured,post_window_recurring,accept,accepted,verifier_audit_prepare,120,0.00655,0.008505,0.010491000000000002,0.0115
logistic_motion_logistic_anomaly,measured,post_window_recurring,accept,accepted,verifier_audit_record,120,0.03175,0.042325,0.049824,0.0686
logistic_motion_logistic_anomaly,measured,post_window_recurring,accept,accepted,verifier_authentication_total,120,7.6271,9.57786,10.226904,10.3794
logistic_motion_logistic_anomaly,measured,post_window_recurring,accept,accepted,verifier_quality_check,120,5.51265,6.98052,7.352578,7.4287
logistic_motion_logistic_anomaly,measured,post_window_recurring,accept,accepted,window_hmac_generation,120,0.0332,0.0476,0.05440700000000002,0.0577
logistic_motion_logistic_anomaly,measured,post_window_recurring,accept,accepted,window_hmac_verification_calculation,120,0.0224,0.029515,0.034439000000000004,0.0401
logistic_motion_logistic_anomaly,measured,pre_tag_quality_refusal,reject,data_quality_failure,binary32_adapter,120,1.3715,1.53795,1.736433,1.8081
logistic_motion_logistic_anomaly,measured,pre_tag_quality_refusal,reject,data_quality_failure,sender_audit_commit,120,0.0017,0.002,0.002181,0.0025
logistic_motion_logistic_anomaly,measured,pre_tag_quality_refusal,reject,data_quality_failure,sender_audit_prepare,120,0.0046,0.005505,0.006705000000000001,0.0072
logistic_motion_logistic_anomaly,measured,pre_tag_quality_refusal,reject,data_quality_failure,sender_audit_record,120,0.05125,0.062855,0.07005400000000002,0.0791
logistic_motion_logistic_anomaly,measured,pre_tag_quality_refusal,reject,data_quality_failure,sender_seal_total,120,0.7552,0.818855,0.9628010000000002,1.1515
logistic_motion_logistic_anomaly,measured,pre_tag_quality_refusal,reject,data_quality_failure,serialization_including_quality,120,0.6133,0.65607,0.7765910000000001,0.9263
logistic_motion_logistic_anomaly,measured,valid_receiver_after_bad_tag,accept,accepted,accepted_release_and_consumers,120,6.13565,7.788455,8.212376,9.1786
logistic_motion_logistic_anomaly,measured,valid_receiver_after_bad_tag,accept,accepted,anomaly_consumer_including_threshold,120,0.46815,0.58883,0.642828,0.6532
logistic_motion_logistic_anomaly,measured,valid_receiver_after_bad_tag,accept,accepted,envelope_and_binary_parser,120,1.741,2.202315,2.318243,2.3819
logistic_motion_logistic_anomaly,measured,valid_receiver_after_bad_tag,accept,accepted,motion_consumer_including_normalization,120,0.6904,0.90133,0.94218,1.0058
logistic_motion_logistic_anomaly,measured,valid_receiver_after_bad_tag,accept,accepted,prepare_both_model_inputs,120,4.33195,5.52943,5.760226,6.8493
logistic_motion_logistic_anomaly,measured,valid_receiver_after_bad_tag,accept,accepted,verifier_audit_commit,120,0.0018,0.0023,0.002481,0.0025
logistic_motion_logistic_anomaly,measured,valid_receiver_after_bad_tag,accept,accepted,verifier_audit_prepare,120,0.0065,0.00871,0.009643,0.0133
logistic_motion_logistic_anomaly,measured,valid_receiver_after_bad_tag,accept,accepted,verifier_audit_record,120,0.04305,0.05357499999999999,0.056243,0.2742
logistic_motion_logistic_anomaly,measured,valid_receiver_after_bad_tag,accept,accepted,verifier_authentication_total,120,7.468,9.40266,9.893438,10.1333
logistic_motion_logistic_anomaly,measured,valid_receiver_after_bad_tag,accept,accepted,verifier_quality_check,120,5.5382,6.992435,7.342312,7.5137
logistic_motion_logistic_anomaly,measured,valid_receiver_after_bad_tag,accept,accepted,window_hmac_verification_calculation,120,0.02105,0.027025,0.031478000000000006,0.0382
logistic_motion_logistic_anomaly,sustained,post_window_recurring,accept,accepted,accepted_release_and_consumers,64,4.10485,5.169585,6.062756999999998,6.6273
logistic_motion_logistic_anomaly,sustained,post_window_recurring,accept,accepted,anomaly_consumer_including_threshold,64,0.33365,0.6604699999999999,0.8270019999999998,0.8866
logistic_motion_logistic_anomaly,sustained,post_window_recurring,accept,accepted,binary32_adapter,64,0.8906,1.1920449999999996,1.4256699999999995,1.5145
logistic_motion_logistic_anomaly,sustained,post_window_recurring,accept,accepted,envelope_and_binary_parser,64,1.275,2.0257449999999997,2.546986999999999,2.903
logistic_motion_logistic_anomaly,sustained,post_window_recurring,accept,accepted,motion_consumer_including_normalization,64,0.5009,0.653325,0.8533769999999996,0.9366
logistic_motion_logistic_anomaly,sustained,post_window_recurring,accept,accepted,prepare_both_model_inputs,64,2.82685,3.716704999999998,4.325399999999998,4.7349
logistic_motion_logistic_anomaly,sustained,post_window_recurring,accept,accepted,sender_audit_commit,64,0.0014,0.002069999999999999,0.003953999999999989,0.0066
logistic_motion_logistic_anomaly,sustained,post_window_recurring,accept,accepted,sender_audit_prepare,64,0.00485,0.0064849999999999994,0.007969999999999998,0.0086
logistic_motion_logistic_anomaly,sustained,post_window_recurring,accept,accepted,sender_audit_record,64,0.05695,0.07429999999999999,0.089548,0.0898
logistic_motion_logistic_anomaly,sustained,post_window_recurring,accept,accepted,sender_seal_total,64,4.4219,5.6717099999999965,7.0022069999999985,7.4061
logistic_motion_logistic_anomaly,sustained,post_window_recurring,accept,accepted,serialization_including_quality,64,4.2075,5.391944999999996,6.644290999999998,7.025
logistic_motion_logistic_anomaly,sustained,post_window_recurring,accept,accepted,verifier_audit_commit,64,0.0015,0.002,0.003250999999999994,0.0047
logistic_motion_logistic_anomaly,sustained,post_window_recurring,accept,accepted,verifier_audit_prepare,64,0.0052,0.008209999999999997,0.008711,0.0089
logistic_motion_logistic_anomaly,sustained,post_window_recurring,accept,accepted,verifier_audit_record,64,0.02395,0.043879999999999926,0.07986199999999986,0.113
logistic_motion_logistic_anomaly,sustained,post_window_recurring,accept,accepted,verifier_authentication_total,64,5.04385,6.528914999999998,7.268013999999999,7.597
logistic_motion_logistic_anomaly,sustained,post_window_recurring,accept,accepted,verifier_quality_check,64,3.60625,4.013755,5.340860999999999,5.6025
logistic_motion_logistic_anomaly,sustained,post_window_recurring,accept,accepted,window_hmac_generation,64,0.0283,0.040155,0.04903599999999999,0.0508
logistic_motion_logistic_anomaly,sustained,post_window_recurring,accept,accepted,window_hmac_verification_calculation,64,0.01705,0.026685,0.031076999999999997,0.0324
logistic_motion_logistic_anomaly,warmup,bad_tag_receiver,reject,invalid_tag,envelope_and_binary_parser,29,1.7573,2.0745199999999997,2.17632,2.2018
logistic_motion_logistic_anomaly,warmup,bad_tag_receiver,reject,invalid_tag,verifier_audit_commit,29,0.0017,0.0026799999999999984,0.0034319999999999993,0.0036
logistic_motion_logistic_anomaly,warmup,bad_tag_receiver,reject,invalid_tag,verifier_audit_prepare,29,0.0048,0.006759999999999997,0.007703999999999999,0.0079
logistic_motion_logistic_anomaly,warmup,bad_tag_receiver,reject,invalid_tag,verifier_audit_record,29,0.0355,0.055559999999999984,0.06376,0.066
logistic_motion_logistic_anomaly,warmup,bad_tag_receiver,reject,invalid_tag,verifier_authentication_total,29,1.9298,2.2974599999999996,2.417796,2.4428
logistic_motion_logistic_anomaly,warmup,bad_tag_receiver,reject,invalid_tag,window_hmac_verification_calculation,29,0.021,0.029239999999999995,0.032071999999999996,0.0328
logistic_motion_logistic_anomaly,warmup,exact_replay_receiver,reject,duplicate_sequence,envelope_and_binary_parser,29,1.9579,2.317159999999999,2.565432,2.6104
logistic_motion_logistic_anomaly,warmup,exact_replay_receiver,reject,duplicate_sequence,verifier_audit_commit,29,0.0018,0.0021,0.002172,0.0022
logistic_motion_logistic_anomaly,warmup,exact_replay_receiver,reject,duplicate_sequence,verifier_audit_prepare,29,0.0063,0.008639999999999997,0.009344,0.0094
logistic_motion_logistic_anomaly,warmup,exact_replay_receiver,reject,duplicate_sequence,verifier_audit_record,29,0.0557,0.07302,0.077252,0.0784
logistic_motion_logistic_anomaly,warmup,exact_replay_receiver,reject,duplicate_sequence,verifier_authentication_total,29,7.7049,9.110859999999999,9.599028,9.6837
logistic_motion_logistic_anomaly,warmup,exact_replay_receiver,reject,duplicate_sequence,verifier_quality_check,29,5.4764,6.42742,6.834867999999999,6.9712
logistic_motion_logistic_anomaly,warmup,exact_replay_receiver,reject,duplicate_sequence,window_hmac_verification_calculation,29,0.0248,0.0324,0.034776,0.0357
logistic_motion_logistic_anomaly,warmup,fresh_to_first_window,accept,accepted,accepted_release_and_consumers,29,6.1635,7.845619999999997,8.954508,9.1411
logistic_motion_logistic_anomaly,warmup,fresh_to_first_window,accept,accepted,admission_total,29,6.1514,7.563299999999999,14.594771999999988,17.2835
logistic_motion_logistic_anomaly,warmup,fresh_to_first_window,accept,accepted,anomaly_consumer_including_threshold,29,0.4804,0.7222999999999998,0.7986359999999999,0.8193
logistic_motion_logistic_anomaly,warmup,fresh_to_first_window,accept,accepted,binary32_adapter,29,1.3418,1.7899399999999999,1.844076,1.8478
logistic_motion_logistic_anomaly,warmup,fresh_to_first_window,accept,accepted,envelope_and_binary_parser,29,1.9461,2.7758599999999993,3.010644,3.0597
logistic_motion_logistic_anomaly,warmup,fresh_to_first_window,accept,accepted,first_post_window_total,29,21.4318,27.01555999999999,29.694704,29.8762
logistic_motion_logistic_anomaly,warmup,fresh_to_first_window,accept,accepted,independent_credential_verification,29,0.0616,0.09014,0.091908,0.0923
logistic_motion_logistic_anomaly,warmup,fresh_to_first_window,accept,accepted,local_authorization_including_verification,29,0.0843,0.12031999999999998,0.12488,0.126
logistic_motion_logistic_anomaly,warmup,fresh_to_first_window,accept,accepted,local_challenge_binding,29,0.0106,0.014379999999999995,0.019027999999999993,0.0204
logistic_motion_logistic_anomaly,warmup,fresh_to_first_window,accept,accepted,local_request_binding,29,0.0133,0.015979999999999998,0.018315999999999995,0.0191
logistic_motion_logistic_anomaly,warmup,fresh_to_first_window,accept,accepted,motion_consumer_including_normalization,29,0.681,1.0811799999999998,1.2560919999999998,1.3047
logistic_motion_logistic_anomaly,warmup,fresh_to_first_window,accept,accepted,prepare_both_model_inputs,29,4.3342,5.361159999999997,6.14924,6.259
logistic_motion_logistic_anomaly,warmup,fresh_to_first_window,accept,accepted,receiver_challenge,29,0.1639,0.20587999999999998,0.25143199999999993,0.2663
logistic_motion_logistic_anomaly,warmup,fresh_to_first_window,accept,accepted,receiver_confirmation,29,0.1382,0.17536,0.20735199999999995,0.219
logistic_motion_logistic_anomaly,warmup,fresh_to_first_window,accept,accepted,receiver_local_admission,29,0.0136,0.017299999999999996,0.019427999999999997,0.0201
logistic_motion_logistic_anomaly,warmup,fresh_to_first_window,accept,accepted,reconstruction,29,5.0825,6.400799999999999,13.22745599999999,15.8265
logistic_motion_logistic_anomaly,warmup,fresh_to_first_window,accept,accepted,response_generation_simulator,29,0.1988,0.3076,0.315008,0.3175
logistic_motion_logistic_anomaly,warmup,fresh_to_first_window,accept,accepted,sender_activation,29,0.1007,0.13096,0.14507199999999998,0.15
logistic_motion_logistic_anomaly,warmup,fresh_to_first_window,accept,accepted,sender_admission_and_request,29,0.284,0.4349199999999999,0.7519999999999996,0.871
logistic_motion_logistic_anomaly,warmup,fresh_to_first_window,accept,accepted,sender_audit_commit,29,0.0044,0.00646,0.007939999999999997,0.0085
logistic_motion_logistic_anomaly,warmup,fresh_to_first_window,accept,accepted,sender_audit_prepare,29,0.013,0.0209,0.024123999999999996,0.0253
logistic_motion_logistic_anomaly,warmup,fresh_to_first_window,accept,accepted,sender_audit_record,29,0.1386,0.19363999999999992,0.22133599999999998,0.2252
logistic_motion_logistic_anomaly,warmup,fresh_to_first_window,accept,accepted,sender_confirmation,29,0.0976,0.12916,0.14891199999999996,0.1558
logistic_motion_logistic_anomaly,warmup,fresh_to_first_window,accept,accepted,sender_local_admission_claim,29,0.0144,0.01916,0.022079999999999995,0.0232
logistic_motion_logistic_anomaly,warmup,fresh_to_first_window,accept,accepted,sender_seal_total,29,6.2993,7.533239999999998,8.230663999999999,8.3647
logistic_motion_logistic_anomaly,warmup,fresh_to_first_window,accept,accepted,serialization_including_quality,29,6.0731,7.216599999999998,7.832664,7.945
logistic_motion_logistic_anomaly,warmup,fresh_to_first_window,accept,accepted,verifier_audit_commit,29,0.0031,0.005379999999999998,0.010867999999999992,0.0128
logistic_motion_logistic_anomaly,warmup,fresh_to_first_window,accept,accepted,verifier_audit_prepare,29,0.0104,0.015219999999999992,0.016988,0.0171
logistic_motion_logistic_anomaly,warmup,fresh_to_first_window,accept,accepted,verifier_audit_record,29,0.0695,0.09081999999999998,0.11301999999999997,0.1203
logistic_motion_logistic_anomaly,warmup,fresh_to_first_window,accept,accepted,verifier_authentication_total,29,7.6288,9.661339999999997,10.795627999999999,11.0469
logistic_motion_logistic_anomaly,warmup,fresh_to_first_window,accept,accepted,verifier_quality_check,29,5.4351,6.665139999999998,7.500339999999999,7.7039
logistic_motion_logistic_anomaly,warmup,fresh_to_first_window,accept,accepted,window_hmac_generation,29,0.024,0.03511999999999999,0.04912799999999998,0.054
logistic_motion_logistic_anomaly,warmup,fresh_to_first_window,accept,accepted,window_hmac_verification_calculation,29,0.022,0.03949999999999999,0.043891999999999994,0.0449
logistic_motion_logistic_anomaly,warmup,malformed_json_receiver,reject,malformed_message,envelope_and_binary_parser,29,0.0374,0.04524,0.045544,0.0456
logistic_motion_logistic_anomaly,warmup,malformed_json_receiver,reject,malformed_message,verifier_audit_commit,29,0.0017,0.00206,0.005699999999999994,0.0071
logistic_motion_logistic_anomaly,warmup,malformed_json_receiver,reject,malformed_message,verifier_audit_prepare,29,0.0046,0.005279999999999999,0.005544,0.0056
logistic_motion_logistic_anomaly,warmup,malformed_json_receiver,reject,malformed_message,verifier_audit_record,29,0.0507,0.0666,0.068496,0.069
logistic_motion_logistic_anomaly,warmup,malformed_json_receiver,reject,malformed_message,verifier_authentication_total,29,0.1449,0.18434,0.20695599999999997,0.2153
logistic_motion_logistic_anomaly,warmup,post_window_after_refusals,accept,accepted,accepted_release_and_consumers,29,5.487,7.082359999999998,9.540343999999996,10.3454
logistic_motion_logistic_anomaly,warmup,post_window_after_refusals,accept,accepted,anomaly_consumer_including_threshold,29,0.4196,0.7547,0.783772,0.7943
logistic_motion_logistic_anomaly,warmup,post_window_after_refusals,accept,accepted,binary32_adapter,29,1.3349,1.43572,1.448992,1.4507
logistic_motion_logistic_anomaly,warmup,post_window_after_refusals,accept,accepted,envelope_and_binary_parser,29,1.9504,4.80208,5.286887999999999,5.4746
logistic_motion_logistic_anomaly,warmup,post_window_after_refusals,accept,accepted,motion_consumer_including_normalization,29,0.6021,0.97358,1.0654839999999999,1.0997
logistic_motion_logistic_anomaly,warmup,post_window_after_refusals,accept,accepted,prepare_both_model_inputs,29,3.8515,4.881639999999999,6.522143999999998,7.0962
logistic_motion_logistic_anomaly,warmup,post_window_after_refusals,accept,accepted,sender_audit_commit,29,0.0015,0.001979999999999999,0.002172,0.0022
logistic_motion_logistic_anomaly,warmup,post_window_after_refusals,accept,accepted,sender_audit_prepare,29,0.0048,0.006379999999999999,0.006644,0.0067
logistic_motion_logistic_anomaly,warmup,post_window_after_refusals,accept,accepted,sender_audit_record,29,0.0527,0.06686,0.07573999999999999,0.0791
logistic_motion_logistic_anomaly,warmup,post_window_after_refusals,accept,accepted,sender_seal_total,29,6.2192,6.7686,7.420295999999999,7.656
logistic_motion_logistic_anomaly,warmup,post_window_after_refusals,accept,accepted,serialization_including_quality,29,5.9987,6.49472,7.138191999999999,7.3737
logistic_motion_logistic_anomaly,warmup,post_window_after_refusals,accept,accepted,verifier_audit_commit,29,0.0018,0.0030599999999999976,0.02265199999999997,0.0301
logistic_motion_logistic_anomaly,warmup,post_window_after_refusals,accept,accepted,verifier_audit_prepare,29,0.0063,0.00938,0.011515999999999997,0.0123
logistic_motion_logistic_anomaly,warmup,post_window_after_refusals,accept,accepted,verifier_audit_record,29,0.0296,0.03542,0.037212,0.0378
logistic_motion_logistic_anomaly,warmup,post_window_after_refusals,accept,accepted,verifier_authentication_total,29,7.2423,11.181839999999998,13.068671999999998,13.6721
logistic_motion_logistic_anomaly,warmup,post_window_after_refusals,accept,accepted,verifier_quality_check,29,5.0148,6.1794199999999995,9.685243999999994,10.96
logistic_motion_logistic_anomaly,warmup,post_window_after_refusals,accept,accepted,window_hmac_generation,29,0.0337,0.0466,0.047432,0.0476
logistic_motion_logistic_anomaly,warmup,post_window_after_refusals,accept,accepted,window_hmac_verification_calculation,29,0.023,0.039839999999999993,0.04506399999999999,0.0468
logistic_motion_logistic_anomaly,warmup,post_window_recurring,accept,accepted,accepted_release_and_consumers,29,6.0602,7.938739999999995,9.180196,9.2969
logistic_motion_logistic_anomaly,warmup,post_window_recurring,accept,accepted,anomaly_consumer_including_threshold,29,0.4582,0.6350999999999999,0.667324,0.6699
logistic_motion_logistic_anomaly,warmup,post_window_recurring,accept,accepted,binary32_adapter,29,1.3659,1.7007799999999997,2.347443999999999,2.5757
logistic_motion_logistic_anomaly,warmup,post_window_recurring,accept,accepted,envelope_and_binary_parser,29,1.9638,2.4426799999999997,2.554648,2.5612
logistic_motion_logistic_anomaly,warmup,post_window_recurring,accept,accepted,motion_consumer_including_normalization,29,0.6576,0.9129599999999995,1.0366399999999998,1.0554
logistic_motion_logistic_anomaly,warmup,post_window_recurring,accept,accepted,prepare_both_model_inputs,29,4.2489,5.605599999999996,6.613487999999999,6.755
logistic_motion_logistic_anomaly,warmup,post_window_recurring,accept,accepted,sender_audit_commit,29,0.0016,0.0019,0.002547999999999999,0.0028
logistic_motion_logistic_anomaly,warmup,post_window_recurring,accept,accepted,sender_audit_prepare,29,0.0048,0.007199999999999999,0.007688,0.0078
logistic_motion_logistic_anomaly,warmup,post_window_recurring,accept,accepted,sender_audit_record,29,0.0665,0.08993999999999999,0.096748,0.0984
logistic_motion_logistic_anomaly,warmup,post_window_recurring,accept,accepted,sender_seal_total,29,6.3779,7.391359999999999,7.676048,7.7498
logistic_motion_logistic_anomaly,warmup,post_window_recurring,accept,accepted,serialization_including_quality,29,6.0999,7.030859999999999,7.316732,7.389
logistic_motion_logistic_anomaly,warmup,post_window_recurring,accept,accepted,verifier_audit_commit,29,0.0017,0.0022799999999999995,0.002975999999999999,0.0032
logistic_motion_logistic_anomaly,warmup,post_window_recurring,accept,accepted,verifier_audit_prepare,29,0.0062,0.0085,0.009723999999999998,0.0102
logistic_motion_logistic_anomaly,warmup,post_window_recurring,accept,accepted,verifier_audit_record,29,0.0306,0.04566,0.09045199999999992,0.1077
logistic_motion_logistic_anomaly,warmup,post_window_recurring,accept,accepted,verifier_authentication_total,29,7.5852,8.949739999999998,9.635708,9.7796
logistic_motion_logistic_anomaly,warmup,post_window_recurring,accept,accepted,verifier_quality_check,29,5.4594,6.522879999999999,6.922896,6.9976
logistic_motion_logistic_anomaly,warmup,post_window_recurring,accept,accepted,window_hmac_generation,29,0.028,0.04471999999999998,0.06059199999999998,0.0658
logistic_motion_logistic_anomaly,warmup,post_window_recurring,accept,accepted,window_hmac_verification_calculation,29,0.0217,0.030919999999999993,0.032936,0.0333
logistic_motion_logistic_anomaly,warmup,pre_tag_quality_refusal,reject,data_quality_failure,binary32_adapter,29,1.3647,1.4653,1.5553799999999998,1.588
logistic_motion_logistic_anomaly,warmup,pre_tag_quality_refusal,reject,data_quality_failure,sender_audit_commit,29,0.0016,0.0018599999999999997,0.0021159999999999994,0.0022
logistic_motion_logistic_anomaly,warmup,pre_tag_quality_refusal,reject,data_quality_failure,sender_audit_prepare,29,0.0047,0.00542,0.007155999999999997,0.0078
logistic_motion_logistic_anomaly,warmup,pre_tag_quality_refusal,reject,data_quality_failure,sender_audit_record,29,0.0523,0.06378,0.067428,0.0688
logistic_motion_logistic_anomaly,warmup,pre_tag_quality_refusal,reject,data_quality_failure,sender_seal_total,29,0.7489,0.8194,0.834648,0.8384
logistic_motion_logistic_anomaly,warmup,pre_tag_quality_refusal,reject,data_quality_failure,serialization_including_quality,29,0.61,0.65918,0.671652,0.6763
logistic_motion_logistic_anomaly,warmup,valid_receiver_after_bad_tag,accept,accepted,accepted_release_and_consumers,29,5.9543,7.295559999999998,8.254311999999999,8.4712
logistic_motion_logistic_anomaly,warmup,valid_receiver_after_bad_tag,accept,accepted,anomaly_consumer_including_threshold,29,0.4649,0.57648,0.597528,0.6045
logistic_motion_logistic_anomaly,warmup,valid_receiver_after_bad_tag,accept,accepted,envelope_and_binary_parser,29,1.7264,2.0642199999999997,2.162676,2.165
logistic_motion_logistic_anomaly,warmup,valid_receiver_after_bad_tag,accept,accepted,motion_consumer_including_normalization,29,0.6625,0.8088,0.851496,0.8639
logistic_motion_logistic_anomaly,warmup,valid_receiver_after_bad_tag,accept,accepted,prepare_both_model_inputs,29,4.2378,5.237859999999998,6.013291999999999,6.1935
logistic_motion_logistic_anomaly,warmup,valid_receiver_after_bad_tag,accept,accepted,verifier_audit_commit,29,0.0017,0.00216,0.002847999999999999,0.0031
logistic_motion_logistic_anomaly,warmup,valid_receiver_after_bad_tag,accept,accepted,verifier_audit_prepare,29,0.006,0.00842,0.00886,0.009
logistic_motion_logistic_anomaly,warmup,valid_receiver_after_bad_tag,accept,accepted,verifier_audit_record,29,0.0432,0.05653999999999999,0.061315999999999996,0.0628
logistic_motion_logistic_anomaly,warmup,valid_receiver_after_bad_tag,accept,accepted,verifier_authentication_total,29,7.3696,8.843779999999999,9.23526,9.2725
logistic_motion_logistic_anomaly,warmup,valid_receiver_after_bad_tag,accept,accepted,verifier_quality_check,29,5.4397,6.601139999999999,6.84646,6.8893
logistic_motion_logistic_anomaly,warmup,valid_receiver_after_bad_tag,accept,accepted,window_hmac_verification_calculation,29,0.0206,0.029359999999999997,0.038583999999999986,0.042
snn32_seed7_forest_anomaly,condition_first_use,bad_tag_receiver,reject,invalid_tag,envelope_and_binary_parser,1,2.0077,2.0077,2.0077,2.0077
snn32_seed7_forest_anomaly,condition_first_use,bad_tag_receiver,reject,invalid_tag,verifier_audit_commit,1,0.0017,0.0017,0.0017,0.0017
snn32_seed7_forest_anomaly,condition_first_use,bad_tag_receiver,reject,invalid_tag,verifier_audit_prepare,1,0.0069,0.0069,0.0069,0.0069
snn32_seed7_forest_anomaly,condition_first_use,bad_tag_receiver,reject,invalid_tag,verifier_audit_record,1,0.0444,0.0444,0.0444,0.0444
snn32_seed7_forest_anomaly,condition_first_use,bad_tag_receiver,reject,invalid_tag,verifier_authentication_total,1,2.2462,2.2462,2.2462,2.2462
snn32_seed7_forest_anomaly,condition_first_use,bad_tag_receiver,reject,invalid_tag,window_hmac_verification_calculation,1,0.0339,0.0339,0.0339,0.0339
snn32_seed7_forest_anomaly,condition_first_use,exact_replay_receiver,reject,duplicate_sequence,envelope_and_binary_parser,1,2.1397,2.1397,2.1397,2.1397
snn32_seed7_forest_anomaly,condition_first_use,exact_replay_receiver,reject,duplicate_sequence,verifier_audit_commit,1,0.0022,0.0022,0.0022,0.0022
snn32_seed7_forest_anomaly,condition_first_use,exact_replay_receiver,reject,duplicate_sequence,verifier_audit_prepare,1,0.0099,0.0099,0.0099,0.0099
snn32_seed7_forest_anomaly,condition_first_use,exact_replay_receiver,reject,duplicate_sequence,verifier_audit_record,1,0.0787,0.0787,0.0787,0.0787
snn32_seed7_forest_anomaly,condition_first_use,exact_replay_receiver,reject,duplicate_sequence,verifier_authentication_total,1,8.8356,8.8356,8.8356,8.8356
snn32_seed7_forest_anomaly,condition_first_use,exact_replay_receiver,reject,duplicate_sequence,verifier_quality_check,1,6.2043,6.2043,6.2043,6.2043
snn32_seed7_forest_anomaly,condition_first_use,exact_replay_receiver,reject,duplicate_sequence,window_hmac_verification_calculation,1,0.0429,0.0429,0.0429,0.0429
snn32_seed7_forest_anomaly,condition_first_use,fresh_to_first_window,accept,accepted,accepted_release_and_consumers,1,24.593,24.593,24.593,24.593
snn32_seed7_forest_anomaly,condition_first_use,fresh_to_first_window,accept,accepted,admission_total,1,7.2338,7.2338,7.2338,7.2338
snn32_seed7_forest_anomaly,condition_first_use,fresh_to_first_window,accept,accepted,anomaly_consumer_including_threshold,1,6.4819,6.4819,6.4819,6.4819
snn32_seed7_forest_anomaly,condition_first_use,fresh_to_first_window,accept,accepted,binary32_adapter,1,1.4379,1.4379,1.4379,1.4379
snn32_seed7_forest_anomaly,condition_first_use,fresh_to_first_window,accept,accepted,envelope_and_binary_parser,1,1.5898,1.5898,1.5898,1.5898
snn32_seed7_forest_anomaly,condition_first_use,fresh_to_first_window,accept,accepted,first_post_window_total,1,37.7142,37.7142,37.7142,37.7142
snn32_seed7_forest_anomaly,condition_first_use,fresh_to_first_window,accept,accepted,independent_credential_verification,1,0.0647,0.0647,0.0647,0.0647
snn32_seed7_forest_anomaly,condition_first_use,fresh_to_first_window,accept,accepted,local_authorization_including_verification,1,0.0854,0.0854,0.0854,0.0854
snn32_seed7_forest_anomaly,condition_first_use,fresh_to_first_window,accept,accepted,local_challenge_binding,1,0.0087,0.0087,0.0087,0.0087
snn32_seed7_forest_anomaly,condition_first_use,fresh_to_first_window,accept,accepted,local_request_binding,1,0.011,0.011,0.011,0.011
snn32_seed7_forest_anomaly,condition_first_use,fresh_to_first_window,accept,accepted,motion_consumer_including_normalization,1,13.5584,13.5584,13.5584,13.5584
snn32_seed7_forest_anomaly,condition_first_use,fresh_to_first_window,accept,accepted,prepare_both_model_inputs,1,3.8812,3.8812,3.8812,3.8812
snn32_seed7_forest_anomaly,condition_first_use,fresh_to_first_window,accept,accepted,receiver_challenge,1,0.1568,0.1568,0.1568,0.1568
snn32_seed7_forest_anomaly,condition_first_use,fresh_to_first_window,accept,accepted,receiver_confirmation,1,0.1183,0.1183,0.1183,0.1183
snn32_seed7_forest_anomaly,condition_first_use,fresh_to_first_window,accept,accepted,receiver_local_admission,1,0.0117,0.0117,0.0117,0.0117
snn32_seed7_forest_anomaly,condition_first_use,fresh_to_first_window,accept,accepted,reconstruction,1,6.2546,6.2546,6.2546,6.2546
snn32_seed7_forest_anomaly,condition_first_use,fresh_to_first_window,accept,accepted,response_generation_simulator,1,0.2033,0.2033,0.2033,0.2033
snn32_seed7_forest_anomaly,condition_first_use,fresh_to_first_window,accept,accepted,sender_activation,1,0.0863,0.0863,0.0863,0.0863
snn32_seed7_forest_anomaly,condition_first_use,fresh_to_first_window,accept,accepted,sender_admission_and_request,1,0.2687,0.2687,0.2687,0.2687
snn32_seed7_forest_anomaly,condition_first_use,fresh_to_first_window,accept,accepted,sender_audit_commit,1,0.0039,0.0039,0.0039,0.0039
snn32_seed7_forest_anomaly,condition_first_use,fresh_to_first_window,accept,accepted,sender_audit_prepare,1,0.0133,0.0133,0.0133,0.0133
snn32_seed7_forest_anomaly,condition_first_use,fresh_to_first_window,accept,accepted,sender_audit_record,1,0.1418,0.1418,0.1418,0.1418
snn32_seed7_forest_anomaly,condition_first_use,fresh_to_first_window,accept,accepted,sender_confirmation,1,0.0891,0.0891,0.0891,0.0891
snn32_seed7_forest_anomaly,condition_first_use,fresh_to_first_window,accept,accepted,sender_local_admission_claim,1,0.0151,0.0151,0.0151,0.0151
snn32_seed7_forest_anomaly,condition_first_use,fresh_to_first_window,accept,accepted,sender_seal_total,1,5.6273,5.6273,5.6273,5.6273
snn32_seed7_forest_anomaly,condition_first_use,fresh_to_first_window,accept,accepted,serialization_including_quality,1,5.3441,5.3441,5.3441,5.3441
snn32_seed7_forest_anomaly,condition_first_use,fresh_to_first_window,accept,accepted,verifier_audit_commit,1,0.003,0.003,0.003,0.003
snn32_seed7_forest_anomaly,condition_first_use,fresh_to_first_window,accept,accepted,verifier_audit_prepare,1,0.0087,0.0087,0.0087,0.0087
snn32_seed7_forest_anomaly,condition_first_use,fresh_to_first_window,accept,accepted,verifier_audit_record,1,0.0628,0.0628,0.0628,0.0628
snn32_seed7_forest_anomaly,condition_first_use,fresh_to_first_window,accept,accepted,verifier_authentication_total,1,5.9244,5.9244,5.9244,5.9244
snn32_seed7_forest_anomaly,condition_first_use,fresh_to_first_window,accept,accepted,verifier_quality_check,1,4.1876,4.1876,4.1876,4.1876
snn32_seed7_forest_anomaly,condition_first_use,fresh_to_first_window,accept,accepted,window_hmac_generation,1,0.037,0.037,0.037,0.037
snn32_seed7_forest_anomaly,condition_first_use,fresh_to_first_window,accept,accepted,window_hmac_verification_calculation,1,0.0206,0.0206,0.0206,0.0206
snn32_seed7_forest_anomaly,condition_first_use,malformed_json_receiver,reject,malformed_message,envelope_and_binary_parser,1,0.0474,0.0474,0.0474,0.0474
snn32_seed7_forest_anomaly,condition_first_use,malformed_json_receiver,reject,malformed_message,verifier_audit_commit,1,0.0019,0.0019,0.0019,0.0019
snn32_seed7_forest_anomaly,condition_first_use,malformed_json_receiver,reject,malformed_message,verifier_audit_prepare,1,0.0045,0.0045,0.0045,0.0045
snn32_seed7_forest_anomaly,condition_first_use,malformed_json_receiver,reject,malformed_message,verifier_audit_record,1,0.0727,0.0727,0.0727,0.0727
snn32_seed7_forest_anomaly,condition_first_use,malformed_json_receiver,reject,malformed_message,verifier_authentication_total,1,0.1891,0.1891,0.1891,0.1891
snn32_seed7_forest_anomaly,condition_first_use,post_window_after_refusals,accept,accepted,accepted_release_and_consumers,1,20.5822,20.5822,20.5822,20.5822
snn32_seed7_forest_anomaly,condition_first_use,post_window_after_refusals,accept,accepted,anomaly_consumer_including_threshold,1,5.5523,5.5523,5.5523,5.5523
snn32_seed7_forest_anomaly,condition_first_use,post_window_after_refusals,accept,accepted,binary32_adapter,1,0.8267,0.8267,0.8267,0.8267
snn32_seed7_forest_anomaly,condition_first_use,post_window_after_refusals,accept,accepted,envelope_and_binary_parser,1,1.4053,1.4053,1.4053,1.4053
snn32_seed7_forest_anomaly,condition_first_use,post_window_after_refusals,accept,accepted,motion_consumer_including_normalization,1,11.6742,11.6742,11.6742,11.6742
snn32_seed7_forest_anomaly,condition_first_use,post_window_after_refusals,accept,accepted,prepare_both_model_inputs,1,2.9426,2.9426,2.9426,2.9426
snn32_seed7_forest_anomaly,condition_first_use,post_window_after_refusals,accept,accepted,sender_audit_commit,1,0.0011,0.0011,0.0011,0.0011
snn32_seed7_forest_anomaly,condition_first_use,post_window_after_refusals,accept,accepted,sender_audit_prepare,1,0.0043,0.0043,0.0043,0.0043
snn32_seed7_forest_anomaly,condition_first_use,post_window_after_refusals,accept,accepted,sender_audit_record,1,0.0536,0.0536,0.0536,0.0536
snn32_seed7_forest_anomaly,condition_first_use,post_window_after_refusals,accept,accepted,sender_seal_total,1,5.0164,5.0164,5.0164,5.0164
snn32_seed7_forest_anomaly,condition_first_use,post_window_after_refusals,accept,accepted,serialization_including_quality,1,4.7518,4.7518,4.7518,4.7518
snn32_seed7_forest_anomaly,condition_first_use,post_window_after_refusals,accept,accepted,verifier_audit_commit,1,0.0014,0.0014,0.0014,0.0014
snn32_seed7_forest_anomaly,condition_first_use,post_window_after_refusals,accept,accepted,verifier_audit_prepare,1,0.0055,0.0055,0.0055,0.0055
snn32_seed7_forest_anomaly,condition_first_use,post_window_after_refusals,accept,accepted,verifier_audit_record,1,0.0213,0.0213,0.0213,0.0213
snn32_seed7_forest_anomaly,condition_first_use,post_window_after_refusals,accept,accepted,verifier_authentication_total,1,5.2794,5.2794,5.2794,5.2794
snn32_seed7_forest_anomaly,condition_first_use,post_window_after_refusals,accept,accepted,verifier_quality_check,1,3.6667,3.6667,3.6667,3.6667
snn32_seed7_forest_anomaly,condition_first_use,post_window_after_refusals,accept,accepted,window_hmac_generation,1,0.0455,0.0455,0.0455,0.0455
snn32_seed7_forest_anomaly,condition_first_use,post_window_after_refusals,accept,accepted,window_hmac_verification_calculation,1,0.0315,0.0315,0.0315,0.0315
snn32_seed7_forest_anomaly,condition_first_use,post_window_recurring,accept,accepted,accepted_release_and_consumers,1,39.4386,39.4386,39.4386,39.4386
snn32_seed7_forest_anomaly,condition_first_use,post_window_recurring,accept,accepted,anomaly_consumer_including_threshold,1,17.5721,17.5721,17.5721,17.5721
snn32_seed7_forest_anomaly,condition_first_use,post_window_recurring,accept,accepted,binary32_adapter,1,1.0959,1.0959,1.0959,1.0959
snn32_seed7_forest_anomaly,condition_first_use,post_window_recurring,accept,accepted,envelope_and_binary_parser,1,1.6107,1.6107,1.6107,1.6107
snn32_seed7_forest_anomaly,condition_first_use,post_window_recurring,accept,accepted,motion_consumer_including_normalization,1,17.2458,17.2458,17.2458,17.2458
snn32_seed7_forest_anomaly,condition_first_use,post_window_recurring,accept,accepted,prepare_both_model_inputs,1,4.0272,4.0272,4.0272,4.0272
snn32_seed7_forest_anomaly,condition_first_use,post_window_recurring,accept,accepted,sender_audit_commit,1,0.0013,0.0013,0.0013,0.0013
snn32_seed7_forest_anomaly,condition_first_use,post_window_recurring,accept,accepted,sender_audit_prepare,1,0.0044,0.0044,0.0044,0.0044
snn32_seed7_forest_anomaly,condition_first_use,post_window_recurring,accept,accepted,sender_audit_record,1,0.0612,0.0612,0.0612,0.0612
snn32_seed7_forest_anomaly,condition_first_use,post_window_recurring,accept,accepted,sender_seal_total,1,5.1188,5.1188,5.1188,5.1188
snn32_seed7_forest_anomaly,condition_first_use,post_window_recurring,accept,accepted,serialization_including_quality,1,4.8666,4.8666,4.8666,4.8666
snn32_seed7_forest_anomaly,condition_first_use,post_window_recurring,accept,accepted,verifier_audit_commit,1,0.0018,0.0018,0.0018,0.0018
snn32_seed7_forest_anomaly,condition_first_use,post_window_recurring,accept,accepted,verifier_audit_prepare,1,0.0056,0.0056,0.0056,0.0056
snn32_seed7_forest_anomaly,condition_first_use,post_window_recurring,accept,accepted,verifier_audit_record,1,0.0655,0.0655,0.0655,0.0655
snn32_seed7_forest_anomaly,condition_first_use,post_window_recurring,accept,accepted,verifier_authentication_total,1,6.4045,6.4045,6.4045,6.4045
snn32_seed7_forest_anomaly,condition_first_use,post_window_recurring,accept,accepted,verifier_quality_check,1,4.5713,4.5713,4.5713,4.5713
snn32_seed7_forest_anomaly,condition_first_use,post_window_recurring,accept,accepted,window_hmac_generation,1,0.0344,0.0344,0.0344,0.0344
snn32_seed7_forest_anomaly,condition_first_use,post_window_recurring,accept,accepted,window_hmac_verification_calculation,1,0.0243,0.0243,0.0243,0.0243
snn32_seed7_forest_anomaly,condition_first_use,pre_tag_quality_refusal,reject,data_quality_failure,binary32_adapter,1,1.4439,1.4439,1.4439,1.4439
snn32_seed7_forest_anomaly,condition_first_use,pre_tag_quality_refusal,reject,data_quality_failure,sender_audit_commit,1,0.0012,0.0012,0.0012,0.0012
snn32_seed7_forest_anomaly,condition_first_use,pre_tag_quality_refusal,reject,data_quality_failure,sender_audit_prepare,1,0.0045,0.0045,0.0045,0.0045
snn32_seed7_forest_anomaly,condition_first_use,pre_tag_quality_refusal,reject,data_quality_failure,sender_audit_record,1,0.0747,0.0747,0.0747,0.0747
snn32_seed7_forest_anomaly,condition_first_use,pre_tag_quality_refusal,reject,data_quality_failure,sender_seal_total,1,0.8641,0.8641,0.8641,0.8641
snn32_seed7_forest_anomaly,condition_first_use,pre_tag_quality_refusal,reject,data_quality_failure,serialization_including_quality,1,0.6785,0.6785,0.6785,0.6785
snn32_seed7_forest_anomaly,condition_first_use,valid_receiver_after_bad_tag,accept,accepted,accepted_release_and_consumers,1,27.0168,27.0168,27.0168,27.0168
snn32_seed7_forest_anomaly,condition_first_use,valid_receiver_after_bad_tag,accept,accepted,anomaly_consumer_including_threshold,1,6.4392,6.4392,6.4392,6.4392
snn32_seed7_forest_anomaly,condition_first_use,valid_receiver_after_bad_tag,accept,accepted,envelope_and_binary_parser,1,1.8349,1.8349,1.8349,1.8349
snn32_seed7_forest_anomaly,condition_first_use,valid_receiver_after_bad_tag,accept,accepted,motion_consumer_including_normalization,1,15.4627,15.4627,15.4627,15.4627
snn32_seed7_forest_anomaly,condition_first_use,valid_receiver_after_bad_tag,accept,accepted,prepare_both_model_inputs,1,4.3605,4.3605,4.3605,4.3605
snn32_seed7_forest_anomaly,condition_first_use,valid_receiver_after_bad_tag,accept,accepted,verifier_audit_commit,1,0.0015,0.0015,0.0015,0.0015
snn32_seed7_forest_anomaly,condition_first_use,valid_receiver_after_bad_tag,accept,accepted,verifier_audit_prepare,1,0.0068,0.0068,0.0068,0.0068
snn32_seed7_forest_anomaly,condition_first_use,valid_receiver_after_bad_tag,accept,accepted,verifier_audit_record,1,0.0561,0.0561,0.0561,0.0561
snn32_seed7_forest_anomaly,condition_first_use,valid_receiver_after_bad_tag,accept,accepted,verifier_authentication_total,1,7.9298,7.9298,7.9298,7.9298
snn32_seed7_forest_anomaly,condition_first_use,valid_receiver_after_bad_tag,accept,accepted,verifier_quality_check,1,5.8603,5.8603,5.8603,5.8603
snn32_seed7_forest_anomaly,condition_first_use,valid_receiver_after_bad_tag,accept,accepted,window_hmac_verification_calculation,1,0.0302,0.0302,0.0302,0.0302
snn32_seed7_forest_anomaly,measured,bad_tag_receiver,reject,invalid_tag,envelope_and_binary_parser,120,1.59265,1.91591,2.188221,2.4592
snn32_seed7_forest_anomaly,measured,bad_tag_receiver,reject,invalid_tag,verifier_audit_commit,120,0.0016,0.0023,0.003567000000000002,0.0039
snn32_seed7_forest_anomaly,measured,bad_tag_receiver,reject,invalid_tag,verifier_audit_prepare,120,0.0046,0.006644999999999997,0.010367000000000001,0.0126
snn32_seed7_forest_anomaly,measured,bad_tag_receiver,reject,invalid_tag,verifier_audit_record,120,0.0332,0.048809999999999985,0.056996,0.0755
snn32_seed7_forest_anomaly,measured,bad_tag_receiver,reject,invalid_tag,verifier_authentication_total,120,1.7626,2.12413,2.442177,2.6631
snn32_seed7_forest_anomaly,measured,bad_tag_receiver,reject,invalid_tag,window_hmac_verification_calculation,120,0.0232,0.037105,0.05121900000000002,0.0689
snn32_seed7_forest_anomaly,measured,exact_replay_receiver,reject,duplicate_sequence,envelope_and_binary_parser,120,1.49905,3.7519099999999996,4.882777000000001,5.3038
snn32_seed7_forest_anomaly,measured,exact_replay_receiver,reject,duplicate_sequence,verifier_audit_commit,120,0.0015,0.0033,0.0037,0.0047
snn32_seed7_forest_anomaly,measured,exact_replay_receiver,reject,duplicate_sequence,verifier_audit_prepare,120,0.0059,0.010929999999999999,0.012667000000000001,0.0281
snn32_seed7_forest_anomaly,measured,exact_replay_receiver,reject,duplicate_sequence,verifier_audit_record,120,0.05185,0.076915,0.10424200000000004,0.1227
snn32_seed7_forest_anomaly,measured,exact_replay_receiver,reject,duplicate_sequence,verifier_authentication_total,120,5.71975,8.8584,11.086834,11.228
snn32_seed7_forest_anomaly,measured,exact_replay_receiver,reject,duplicate_sequence,verifier_quality_check,120,3.94385,5.857345,6.280224,7.7772
snn32_seed7_forest_anomaly,measured,exact_replay_receiver,reject,duplicate_sequence,window_hmac_verification_calculation,120,0.02755,0.03964,0.07352200000000002,0.1098
snn32_seed7_forest_anomaly,measured,fresh_to_first_window,accept,accepted,accepted_release_and_consumers,120,25.036,30.21221,37.248458000000014,39.4534
snn32_seed7_forest_anomaly,measured,fresh_to_first_window,accept,accepted,admission_total,120,5.73055,7.42129,8.467970000000001,8.9447
snn32_seed7_forest_anomaly,measured,fresh_to_first_window,accept,accepted,anomaly_consumer_including_threshold,120,7.20635,8.792175,10.38414,12.1356
snn32_seed7_forest_anomaly,measured,fresh_to_first_window,accept,accepted,binary32_adapter,120,1.27145,1.602385,1.8113080000000001,1.9479
snn32_seed7_forest_anomaly,measured,fresh_to_first_window,accept,accepted,envelope_and_binary_parser,120,1.85185,2.368795,2.520298,2.5597
snn32_seed7_forest_anomaly,measured,fresh_to_first_window,accept,accepted,first_post_window_total,120,38.9932,46.56865,54.733947000000015,57.9531
snn32_seed7_forest_anomaly,measured,fresh_to_first_window,accept,accepted,independent_credential_verification,120,0.06245,0.083875,0.09296400000000002,0.1005
snn32_seed7_forest_anomaly,measured,fresh_to_first_window,accept,accepted,local_authorization_including_verification,120,0.0859,0.11949999999999998,0.14395300000000003,0.1637
snn32_seed7_forest_anomaly,measured,fresh_to_first_window,accept,accepted,local_challenge_binding,120,0.00955,0.014,0.018449000000000007,0.0218
snn32_seed7_forest_anomaly,measured,fresh_to_first_window,accept,accepted,local_request_binding,120,0.0123,0.015534999999999998,0.018343,0.0374
snn32_seed7_forest_anomaly,measured,fresh_to_first_window,accept,accepted,motion_consumer_including_normalization,120,13.1556,16.18152,20.49930000000001,22.2205
snn32_seed7_forest_anomaly,measured,fresh_to_first_window,accept,accepted,prepare_both_model_inputs,120,4.0314,5.20321,5.97648,6.1815
snn32_seed7_forest_anomaly,measured,fresh_to_first_window,accept,accepted,receiver_challenge,120,0.1588,0.20394,0.244487,0.2663
snn32_seed7_forest_anomaly,measured,fresh_to_first_window,accept,accepted,receiver_confirmation,120,0.1293,0.176965,0.20726700000000003,0.6944
snn32_seed7_forest_anomaly,measured,fresh_to_first_window,accept,accepted,receiver_local_admission,120,0.01235,0.015515,0.017962,0.0241
snn32_seed7_forest_anomaly,measured,fresh_to_first_window,accept,accepted,reconstruction,120,4.6897,6.43138,7.434228000000002,7.6745
snn32_seed7_forest_anomaly,measured,fresh_to_first_window,accept,accepted,response_generation_simulator,120,0.17325,0.28307999999999994,0.3569990000000001,0.4142
snn32_seed7_forest_anomaly,measured,fresh_to_first_window,accept,accepted,sender_activation,120,0.09625,0.135325,0.22113800000000008,0.2409
snn32_seed7_forest_anomaly,measured,fresh_to_first_window,accept,accepted,sender_admission_and_request,120,0.28795,0.362805,0.404011,0.456
snn32_seed7_forest_anomaly,measured,fresh_to_first_window,accept,accepted,sender_audit_commit,120,0.0043,0.005605,0.007181,0.0073
snn32_seed7_forest_anomaly,measured,fresh_to_first_window,accept,accepted,sender_audit_prepare,120,0.0127,0.017525,0.019243,0.0283
snn32_seed7_forest_anomaly,measured,fresh_to_first_window,accept,accepted,sender_audit_record,120,0.14015,0.17735,0.202012,0.2493
snn32_seed7_forest_anomaly,measured,fresh_to_first_window,accept,accepted,sender_confirmation,120,0.0939,0.11744999999999998,0.132067,0.1328
snn32_seed7_forest_anomaly,measured,fresh_to_first_window,accept,accepted,sender_local_admission_claim,120,0.01405,0.018905,0.019781,0.0202
snn32_seed7_forest_anomaly,measured,fresh_to_first_window,accept,accepted,sender_seal_total,120,5.73835,6.946865,7.592107000000001,7.6841
snn32_seed7_forest_anomaly,measured,fresh_to_first_window,accept,accepted,serialization_including_quality,120,5.5132,6.60247,7.262603000000001,7.3657
snn32_seed7_forest_anomaly,measured,fresh_to_first_window,accept,accepted,verifier_audit_commit,120,0.003,0.0039049999999999996,0.005162,0.0054
snn32_seed7_forest_anomaly,measured,fresh_to_first_window,accept,accepted,verifier_audit_prepare,120,0.01,0.013705,0.019002000000000012,0.0429
snn32_seed7_forest_anomaly,measured,fresh_to_first_window,accept,accepted,verifier_audit_record,120,0.0678,0.0864,0.09514000000000002,0.3978
snn32_seed7_forest_anomaly,measured,fresh_to_first_window,accept,accepted,verifier_authentication_total,120,6.9357,8.56404,9.169993,9.253
snn32_seed7_forest_anomaly,measured,fresh_to_first_window,accept,accepted,verifier_quality_check,120,4.9351,6.043335,6.483464,6.6045
snn32_seed7_forest_anomaly,measured,fresh_to_first_window,accept,accepted,window_hmac_generation,120,0.02565,0.036605,0.04336800000000001,0.0496
snn32_seed7_forest_anomaly,measured,fresh_to_first_window,accept,accepted,window_hmac_verification_calculation,120,0.02275,0.030015,0.035092000000000005,0.0385
snn32_seed7_forest_anomaly,measured,malformed_json_receiver,reject,malformed_message,envelope_and_binary_parser,120,0.03325,0.06215,0.073029,0.0854
snn32_seed7_forest_anomaly,measured,malformed_json_receiver,reject,malformed_message,verifier_audit_commit,120,0.0013,0.0028,0.0031,0.0037
snn32_seed7_forest_anomaly,measured,malformed_json_receiver,reject,malformed_message,verifier_audit_prepare,120,0.00365,0.007514999999999999,0.008686000000000001,0.0105
snn32_seed7_forest_anomaly,measured,malformed_json_receiver,reject,malformed_message,verifier_audit_record,120,0.0469,0.07875499999999999,0.130863,0.2077
snn32_seed7_forest_anomaly,measured,malformed_json_receiver,reject,malformed_message,verifier_authentication_total,120,0.1292,0.23379999999999992,0.293181,0.4065
snn32_seed7_forest_anomaly,measured,post_window_after_refusals,accept,accepted,accepted_release_and_consumers,120,20.2993,28.172759999999993,37.25005,42.0486
snn32_seed7_forest_anomaly,measured,post_window_after_refusals,accept,accepted,anomaly_consumer_including_threshold,120,5.85955,9.752265,11.433818000000002,12.2805
snn32_seed7_forest_anomaly,measured,post_window_after_refusals,accept,accepted,binary32_adapter,120,0.9068,1.22758,1.4896680000000002,1.5847
snn32_seed7_forest_anomaly,measured,post_window_after_refusals,accept,accepted,envelope_and_binary_parser,120,1.4063,4.02682,5.837004,308.8231
snn32_seed7_forest_anomaly,measured,post_window_after_refusals,accept,accepted,motion_consumer_including_normalization,120,10.5419,16.587705,22.251659000000014,23.4979
snn32_seed7_forest_anomaly,measured,post_window_after_refusals,accept,accepted,prepare_both_model_inputs,120,3.008,4.250394999999999,5.656989,5.8251
snn32_seed7_forest_anomaly,measured,post_window_after_refusals,accept,accepted,sender_audit_commit,120,0.0012,0.0017,0.002648000000000002,0.0035
snn32_seed7_forest_anomaly,measured,post_window_after_refusals,accept,accepted,sender_audit_prepare,120,0.0041,0.006005,0.009844000000000006,0.0234
snn32_seed7_forest_anomaly,measured,post_window_after_refusals,accept,accepted,sender_audit_record,120,0.04625,0.072395,0.081187,0.0854
snn32_seed7_forest_anomaly,measured,post_window_after_refusals,accept,accepted,sender_seal_total,120,4.523,5.667539999999999,6.462060000000001,8.3789
snn32_seed7_forest_anomaly,measured,post_window_after_refusals,accept,accepted,serialization_including_quality,120,4.3107,5.41486,6.147239000000001,7.9593
snn32_seed7_forest_anomaly,measured,post_window_after_refusals,accept,accepted,verifier_audit_commit,120,0.0015,0.0021049999999999997,0.0041480000000000015,0.0253
snn32_seed7_forest_anomaly,measured,post_window_after_refusals,accept,accepted,verifier_audit_prepare,120,0.0054,0.00811,0.010715000000000004,0.0115
snn32_seed7_forest_anomaly,measured,post_window_after_refusals,accept,accepted,verifier_audit_record,120,0.0229,0.03384499999999999,0.044186,0.0496
snn32_seed7_forest_anomaly,measured,post_window_after_refusals,accept,accepted,verifier_authentication_total,120,5.72405,9.019314999999999,11.264707000000001,313.0173
snn32_seed7_forest_anomaly,measured,post_window_after_refusals,accept,accepted,verifier_quality_check,120,3.9564,5.483534999999999,6.700525000000001,7.8026
snn32_seed7_forest_anomaly,measured,post_window_after_refusals,accept,accepted,window_hmac_generation,120,0.03245,0.045045,0.051134,0.0682
snn32_seed7_forest_anomaly,measured,post_window_after_refusals,accept,accepted,window_hmac_verification_calculation,120,0.0216,0.034714999999999996,0.043443,0.0475
snn32_seed7_forest_anomaly,measured,post_window_recurring,accept,accepted,accepted_release_and_consumers,120,25.0405,29.9291,33.298860000000005,36.1587
snn32_seed7_forest_anomaly,measured,post_window_recurring,accept,accepted,anomaly_consumer_including_threshold,120,7.2676,8.659285,10.022840000000002,15.002
snn32_seed7_forest_anomaly,measured,post_window_recurring,accept,accepted,binary32_adapter,120,1.25105,1.5492049999999997,1.721595,1.8561
snn32_seed7_forest_anomaly,measured,post_window_recurring,accept,accepted,envelope_and_binary_parser,120,1.83435,2.280615,2.474492,2.4921
snn32_seed7_forest_anomaly,measured,post_window_recurring,accept,accepted,motion_consumer_including_normalization,120,13.1904,16.086575,16.627931,22.0033
snn32_seed7_forest_anomaly,measured,post_window_recurring,accept,accepted,prepare_both_model_inputs,120,3.9752,4.74279,5.755915000000002,6.3273
snn32_seed7_forest_anomaly,measured,post_window_recurring,accept,accepted,sender_audit_commit,120,0.0015,0.0021049999999999997,0.0029620000000000007,0.0032
snn32_seed7_forest_anomaly,measured,post_window_recurring,accept,accepted,sender_audit_prepare,120,0.00505,0.007109999999999999,0.010358000000000004,0.0207
snn32_seed7_forest_anomaly,measured,post_window_recurring,accept,accepted,sender_audit_record,120,0.0711,0.099305,0.1329690000000001,0.4302
snn32_seed7_forest_anomaly,measured,post_window_recurring,accept,accepted,sender_seal_total,120,5.8558,6.903605,7.601114000000002,7.8836
snn32_seed7_forest_anomaly,measured,post_window_recurring,accept,accepted,serialization_including_quality,120,5.56645,6.57166,7.213275000000002,7.5075
snn32_seed7_forest_anomaly,measured,post_window_recurring,accept,accepted,verifier_audit_commit,120,0.0016,0.0023,0.0030620000000000005,0.0034
snn32_seed7_forest_anomaly,measured,post_window_recurring,accept,accepted,verifier_audit_prepare,120,0.0059,0.00851,0.009886000000000002,0.1593
snn32_seed7_forest_anomaly,measured,post_window_recurring,accept,accepted,verifier_audit_record,120,0.02945,0.04426499999999999,0.060551000000000015,0.0653
snn32_seed7_forest_anomaly,measured,post_window_recurring,accept,accepted,verifier_authentication_total,120,7.0085,8.30818,9.216575,9.398
snn32_seed7_forest_anomaly,measured,post_window_recurring,accept,accepted,verifier_quality_check,120,5.02515,5.896685,6.501533000000001,6.6692
snn32_seed7_forest_anomaly,measured,post_window_recurring,accept,accepted,window_hmac_generation,120,0.0344,0.04872,0.055496,0.056
snn32_seed7_forest_anomaly,measured,post_window_recurring,accept,accepted,window_hmac_verification_calculation,120,0.0242,0.033605,0.036415,0.0403
snn32_seed7_forest_anomaly,measured,pre_tag_quality_refusal,reject,data_quality_failure,binary32_adapter,120,0.92305,1.46245,1.9873160000000003,2.1331
snn32_seed7_forest_anomaly,measured,pre_tag_quality_refusal,reject,data_quality_failure,sender_audit_commit,120,0.0013,0.0017,0.002,0.0032
snn32_seed7_forest_anomaly,measured,pre_tag_quality_refusal,reject,data_quality_failure,sender_audit_prepare,120,0.0036,0.0059,0.007710000000000002,0.0086
snn32_seed7_forest_anomaly,measured,pre_tag_quality_refusal,reject,data_quality_failure,sender_audit_record,120,0.0434,0.070455,0.11354500000000003,0.2643
snn32_seed7_forest_anomaly,measured,pre_tag_quality_refusal,reject,data_quality_failure,sender_seal_total,120,0.52995,0.8505749999999999,1.0785540000000002,1.1143
snn32_seed7_forest_anomaly,measured,pre_tag_quality_refusal,reject,data_quality_failure,serialization_including_quality,120,0.4186,0.66286,0.8050920000000003,0.8446
snn32_seed7_forest_anomaly,measured,valid_receiver_after_bad_tag,accept,accepted,accepted_release_and_consumers,120,21.0541,28.506249999999994,40.25868100000001,41.4819
snn32_seed7_forest_anomaly,measured,valid_receiver_after_bad_tag,accept,accepted,anomaly_consumer_including_threshold,120,5.80255,8.32232,10.975557000000004,11.5681
snn32_seed7_forest_anomaly,measured,valid_receiver_after_bad_tag,accept,accepted,envelope_and_binary_parser,120,1.56515,1.9617049999999998,2.158059,2.398
snn32_seed7_forest_anomaly,measured,valid_receiver_after_bad_tag,accept,accepted,motion_consumer_including_normalization,120,10.9776,15.870919999999998,22.74188,25.1327
snn32_seed7_forest_anomaly,measured,valid_receiver_after_bad_tag,accept,accepted,prepare_both_model_inputs,120,3.6102,4.851724999999999,6.601749000000001,7.3106
snn32_seed7_forest_anomaly,measured,valid_receiver_after_bad_tag,accept,accepted,verifier_audit_commit,120,0.0016,0.0023049999999999998,0.014459000000000008,0.017
snn32_seed7_forest_anomaly,measured,valid_receiver_after_bad_tag,accept,accepted,verifier_audit_prepare,120,0.0057,0.009234999999999998,0.012481,0.0129
snn32_seed7_forest_anomaly,measured,valid_receiver_after_bad_tag,accept,accepted,verifier_audit_record,120,0.0437,0.06042999999999999,0.08002,0.0826
snn32_seed7_forest_anomaly,measured,valid_receiver_after_bad_tag,accept,accepted,verifier_authentication_total,120,6.5746,8.15335,9.415839000000002,9.7222
snn32_seed7_forest_anomaly,measured,valid_receiver_after_bad_tag,accept,accepted,verifier_quality_check,120,4.848,5.89588,7.1103900000000015,7.2473
snn32_seed7_forest_anomaly,measured,valid_receiver_after_bad_tag,accept,accepted,window_hmac_verification_calculation,120,0.0219,0.031905,0.044016000000000007,0.0474
snn32_seed7_forest_anomaly,sustained,post_window_recurring,accept,accepted,accepted_release_and_consumers,64,16.3983,21.145989999999998,22.365312,22.4331
snn32_seed7_forest_anomaly,sustained,post_window_recurring,accept,accepted,anomaly_consumer_including_threshold,64,4.9766,6.4627849999999984,8.686281999999995,9.9517
snn32_seed7_forest_anomaly,sustained,post_window_recurring,accept,accepted,binary32_adapter,64,0.7729,1.2477099999999999,1.280241,1.2861
snn32_seed7_forest_anomaly,sustained,post_window_recurring,accept,accepted,envelope_and_binary_parser,64,1.1445,1.8468899999999997,2.3888009999999995,2.4753
snn32_seed7_forest_anomaly,sustained,post_window_recurring,accept,accepted,motion_consumer_including_normalization,64,8.40385,10.50108,12.321551,12.3734
snn32_seed7_forest_anomaly,sustained,post_window_recurring,accept,accepted,prepare_both_model_inputs,64,2.51255,3.271619999999999,4.061972999999998,4.3914
snn32_seed7_forest_anomaly,sustained,post_window_recurring,accept,accepted,sender_audit_commit,64,0.0013,0.0017,0.0019739999999999996,0.0021
snn32_seed7_forest_anomaly,sustained,post_window_recurring,accept,accepted,sender_audit_prepare,64,0.0044,0.0059,0.006610999999999999,0.0068
snn32_seed7_forest_anomaly,sustained,post_window_recurring,accept,accepted,sender_audit_record,64,0.05235,0.06594,0.08155399999999997,0.0905
snn32_seed7_forest_anomaly,sustained,post_window_recurring,accept,accepted,sender_seal_total,64,3.8636,5.079999999999998,5.6615839999999995,5.9534
snn32_seed7_forest_anomaly,sustained,post_window_recurring,accept,accepted,serialization_including_quality,64,3.6628,4.817129999999998,5.374387999999999,5.5964
snn32_seed7_forest_anomaly,sustained,post_window_recurring,accept,accepted,verifier_audit_commit,64,0.0013,0.0018849999999999995,0.003524999999999994,0.0051
snn32_seed7_forest_anomaly,sustained,post_window_recurring,accept,accepted,verifier_audit_prepare,64,0.0048,0.007384999999999999,0.009302999999999995,0.0105
snn32_seed7_forest_anomaly,sustained,post_window_recurring,accept,accepted,verifier_audit_record,64,0.02065,0.030699999999999988,0.037044,0.0378
snn32_seed7_forest_anomaly,sustained,post_window_recurring,accept,accepted,verifier_authentication_total,64,4.51655,5.74113,6.552191999999999,6.7485
snn32_seed7_forest_anomaly,sustained,post_window_recurring,accept,accepted,verifier_quality_check,64,3.1812,3.91595,4.407246999999999,4.7305
snn32_seed7_forest_anomaly,sustained,post_window_recurring,accept,accepted,window_hmac_generation,64,0.02735,0.03671,0.040020999999999994,0.0421
snn32_seed7_forest_anomaly,sustained,post_window_recurring,accept,accepted,window_hmac_verification_calculation,64,0.01655,0.027539999999999985,0.033890999999999984,0.0366
snn32_seed7_forest_anomaly,warmup,bad_tag_receiver,reject,invalid_tag,envelope_and_binary_parser,29,1.5443,1.64098,1.8817239999999995,1.9704
snn32_seed7_forest_anomaly,warmup,bad_tag_receiver,reject,invalid_tag,verifier_audit_commit,29,0.0015,0.0020199999999999997,0.006635999999999993,0.0084
snn32_seed7_forest_anomaly,warmup,bad_tag_receiver,reject,invalid_tag,verifier_audit_prepare,29,0.0044,0.005939999999999998,0.006947999999999999,0.0072
snn32_seed7_forest_anomaly,warmup,bad_tag_receiver,reject,invalid_tag,verifier_audit_record,29,0.0313,0.042639999999999983,0.05081599999999999,0.053
snn32_seed7_forest_anomaly,warmup,bad_tag_receiver,reject,invalid_tag,verifier_authentication_total,29,1.7,1.8284399999999998,2.1391439999999995,2.2491
snn32_seed7_forest_anomaly,warmup,bad_tag_receiver,reject,invalid_tag,window_hmac_verification_calculation,29,0.0201,0.03243999999999999,0.04393599999999998,0.0478
snn32_seed7_forest_anomaly,warmup,exact_replay_receiver,reject,duplicate_sequence,envelope_and_binary_parser,29,1.5424,4.49116,4.81104,4.9103
snn32_seed7_forest_anomaly,warmup,exact_replay_receiver,reject,duplicate_sequence,verifier_audit_commit,29,0.0015,0.0018599999999999997,0.0028359999999999987,0.0032
snn32_seed7_forest_anomaly,warmup,exact_replay_receiver,reject,duplicate_sequence,verifier_audit_prepare,29,0.0055,0.008299999999999998,0.010227999999999996,0.0109
snn32_seed7_forest_anomaly,warmup,exact_replay_receiver,reject,duplicate_sequence,verifier_audit_record,29,0.0499,0.06578,0.068556,0.0692
snn32_seed7_forest_anomaly,warmup,exact_replay_receiver,reject,duplicate_sequence,verifier_authentication_total,29,5.7574,10.003979999999997,10.769556,10.8003
snn32_seed7_forest_anomaly,warmup,exact_replay_receiver,reject,duplicate_sequence,verifier_quality_check,29,3.859,6.0829,7.866611999999997,8.5259
snn32_seed7_forest_anomaly,warmup,exact_replay_receiver,reject,duplicate_sequence,window_hmac_verification_calculation,29,0.0271,0.03869999999999999,0.04309999999999999,0.0445
snn32_seed7_forest_anomaly,warmup,fresh_to_first_window,accept,accepted,accepted_release_and_consumers,29,24.3438,28.966059999999995,35.348043999999994,37.6252
snn32_seed7_forest_anomaly,warmup,fresh_to_first_window,accept,accepted,admission_total,29,4.7198,6.26742,8.038387999999998,8.714
snn32_seed7_forest_anomaly,warmup,fresh_to_first_window,accept,accepted,anomaly_consumer_including_threshold,29,6.9559,8.806859999999999,9.777491999999999,10.0403
snn32_seed7_forest_anomaly,warmup,fresh_to_first_window,accept,accepted,binary32_adapter,29,1.212,1.49784,1.5902719999999997,1.6253
snn32_seed7_forest_anomaly,warmup,fresh_to_first_window,accept,accepted,envelope_and_binary_parser,29,1.7408,2.3395399999999995,2.432188,2.4449
snn32_seed7_forest_anomaly,warmup,fresh_to_first_window,accept,accepted,first_post_window_total,29,37.9614,44.9393,52.799067999999984,55.6969
snn32_seed7_forest_anomaly,warmup,fresh_to_first_window,accept,accepted,independent_credential_verification,29,0.0602,0.07587999999999999,0.081456,0.0828
snn32_seed7_forest_anomaly,warmup,fresh_to_first_window,accept,accepted,local_authorization_including_verification,29,0.0807,0.10366,0.11080399999999999,0.1131
snn32_seed7_forest_anomaly,warmup,fresh_to_first_window,accept,accepted,local_challenge_binding,29,0.0097,0.012479999999999995,0.014191999999999998,0.0145
snn32_seed7_forest_anomaly,warmup,fresh_to_first_window,accept,accepted,local_request_binding,29,0.0119,0.01636,0.01696,0.0171
snn32_seed7_forest_anomaly,warmup,fresh_to_first_window,accept,accepted,motion_consumer_including_normalization,29,12.7732,15.442979999999999,19.666379999999993,21.1256
snn32_seed7_forest_anomaly,warmup,fresh_to_first_window,accept,accepted,prepare_both_model_inputs,29,3.8895,4.58268,5.297287999999999,5.5725
snn32_seed7_forest_anomaly,warmup,fresh_to_first_window,accept,accepted,receiver_challenge,29,0.156,0.19882,0.204068,0.2053
snn32_seed7_forest_anomaly,warmup,fresh_to_first_window,accept,accepted,receiver_confirmation,29,0.1211,0.16817999999999997,0.174172,0.1742
snn32_seed7_forest_anomaly,warmup,fresh_to_first_window,accept,accepted,receiver_local_admission,29,0.0122,0.017319999999999995,0.018088,0.0182
snn32_seed7_forest_anomaly,warmup,fresh_to_first_window,accept,accepted,reconstruction,29,3.7221,5.18916,6.893559999999997,7.5265
snn32_seed7_forest_anomaly,warmup,fresh_to_first_window,accept,accepted,response_generation_simulator,29,0.1692,0.23597999999999994,0.26055599999999995,0.2661
snn32_seed7_forest_anomaly,warmup,fresh_to_first_window,accept,accepted,sender_activation,29,0.0904,0.13433999999999996,0.16779599999999995,0.1795
snn32_seed7_forest_anomaly,warmup,fresh_to_first_window,accept,accepted,sender_admission_and_request,29,0.2721,0.35524,0.361792,0.3642
snn32_seed7_forest_anomaly,warmup,fresh_to_first_window,accept,accepted,sender_audit_commit,29,0.0042,0.006299999999999997,0.007691999999999999,0.008
snn32_seed7_forest_anomaly,warmup,fresh_to_first_window,accept,accepted,sender_audit_prepare,29,0.0122,0.01766,0.018132,0.0183
snn32_seed7_forest_anomaly,warmup,fresh_to_first_window,accept,accepted,sender_audit_record,29,0.1311,0.17384,0.180552,0.1824
snn32_seed7_forest_anomaly,warmup,fresh_to_first_window,accept,accepted,sender_confirmation,29,0.0942,0.1271,0.16508399999999995,0.179
snn32_seed7_forest_anomaly,warmup,fresh_to_first_window,accept,accepted,sender_local_admission_claim,29,0.0142,0.019779999999999996,0.028075999999999986,0.0311
snn32_seed7_forest_anomaly,warmup,fresh_to_first_window,accept,accepted,sender_seal_total,29,5.5166,6.75386,7.105292,7.2169
snn32_seed7_forest_anomaly,warmup,fresh_to_first_window,accept,accepted,serialization_including_quality,29,5.3085,6.48186,6.812076,6.9208
snn32_seed7_forest_anomaly,warmup,fresh_to_first_window,accept,accepted,verifier_audit_commit,29,0.0029,0.0039,0.005339999999999998,0.0059
snn32_seed7_forest_anomaly,warmup,fresh_to_first_window,accept,accepted,verifier_audit_prepare,29,0.0099,0.013979999999999994,0.015979999999999998,0.0164
snn32_seed7_forest_anomaly,warmup,fresh_to_first_window,accept,accepted,verifier_audit_record,29,0.0624,0.08367999999999999,0.089112,0.0897
snn32_seed7_forest_anomaly,warmup,fresh_to_first_window,accept,accepted,verifier_authentication_total,29,6.6898,8.043,8.752247999999998,9.0094
snn32_seed7_forest_anomaly,warmup,fresh_to_first_window,accept,accepted,verifier_quality_check,29,4.7555,5.7716,6.207559999999999,6.3617
snn32_seed7_forest_anomaly,warmup,fresh_to_first_window,accept,accepted,window_hmac_generation,29,0.023,0.03282,0.033804,0.034
snn32_seed7_forest_anomaly,warmup,fresh_to_first_window,accept,accepted,window_hmac_verification_calculation,29,0.0202,0.029399999999999992,0.03375199999999999,0.0349
snn32_seed7_forest_anomaly,warmup,malformed_json_receiver,reject,malformed_message,envelope_and_binary_parser,29,0.0337,0.05145999999999999,0.08257999999999996,0.0942
snn32_seed7_forest_anomaly,warmup,malformed_json_receiver,reject,malformed_message,verifier_audit_commit,29,0.0013,0.0022199999999999985,0.002644,0.0027
snn32_seed7_forest_anomaly,warmup,malformed_json_receiver,reject,malformed_message,verifier_audit_prepare,29,0.0037,0.006219999999999997,0.006988,0.0071
snn32_seed7_forest_anomaly,warmup,malformed_json_receiver,reject,malformed_message,verifier_audit_record,29,0.0458,0.07524,0.077752,0.0782
snn32_seed7_forest_anomaly,warmup,malformed_json_receiver,reject,malformed_message,verifier_authentication_total,29,0.1274,0.21218,0.25166799999999995,0.2662
snn32_seed7_forest_anomaly,warmup,post_window_after_refusals,accept,accepted,accepted_release_and_consumers,29,19.7335,27.38134,27.753076,27.7785
snn32_seed7_forest_anomaly,warmup,post_window_after_refusals,accept,accepted,anomaly_consumer_including_threshold,29,5.7179,6.96258,9.528147999999996,10.5
snn32_seed7_forest_anomaly,warmup,post_window_after_refusals,accept,accepted,binary32_adapter,29,0.8835,1.07908,1.3516479999999995,1.4527
snn32_seed7_forest_anomaly,warmup,post_window_after_refusals,accept,accepted,envelope_and_binary_parser,29,1.3098,1.9791199999999984,2.6501519999999994,2.7955
snn32_seed7_forest_anomaly,warmup,post_window_after_refusals,accept,accepted,motion_consumer_including_normalization,29,10.3297,14.753219999999999,16.489787999999997,17.0793
snn32_seed7_forest_anomaly,warmup,post_window_after_refusals,accept,accepted,prepare_both_model_inputs,29,3.0453,4.78594,5.145444,5.2673
snn32_seed7_forest_anomaly,warmup,post_window_after_refusals,accept,accepted,sender_audit_commit,29,0.0012,0.0024199999999999972,0.007003999999999994,0.0086
snn32_seed7_forest_anomaly,warmup,post_window_after_refusals,accept,accepted,sender_audit_prepare,29,0.0042,0.005279999999999999,0.0077759999999999965,0.0087
snn32_seed7_forest_anomaly,warmup,post_window_after_refusals,accept,accepted,sender_audit_record,29,0.0443,0.058019999999999995,0.08190799999999997,0.0907
snn32_seed7_forest_anomaly,warmup,post_window_after_refusals,accept,accepted,sender_seal_total,29,4.4316,5.247079999999999,8.215879999999995,9.3195
snn32_seed7_forest_anomaly,warmup,post_window_after_refusals,accept,accepted,serialization_including_quality,29,4.2107,4.987839999999999,7.848607999999996,8.9004
snn32_seed7_forest_anomaly,warmup,post_window_after_refusals,accept,accepted,verifier_audit_commit,29,0.0015,0.0026199999999999973,0.011955999999999986,0.0154
snn32_seed7_forest_anomaly,warmup,post_window_after_refusals,accept,accepted,verifier_audit_prepare,29,0.0055,0.009059999999999995,0.010172,0.0102
snn32_seed7_forest_anomaly,warmup,post_window_after_refusals,accept,accepted,verifier_audit_record,29,0.0226,0.030739999999999986,0.04186799999999999,0.0452
snn32_seed7_forest_anomaly,warmup,post_window_after_refusals,accept,accepted,verifier_authentication_total,29,5.3574,7.487559999999999,8.002735999999999,8.1522
snn32_seed7_forest_anomaly,warmup,post_window_after_refusals,accept,accepted,verifier_quality_check,29,3.8457,5.261359999999999,5.676631999999999,5.8014
snn32_seed7_forest_anomaly,warmup,post_window_after_refusals,accept,accepted,window_hmac_generation,29,0.0304,0.058759999999999944,0.07896799999999998,0.0823
snn32_seed7_forest_anomaly,warmup,post_window_after_refusals,accept,accepted,window_hmac_verification_calculation,29,0.0181,0.03295999999999996,0.041344,0.0421
snn32_seed7_forest_anomaly,warmup,post_window_recurring,accept,accepted,accepted_release_and_consumers,29,24.0603,28.83144,31.969991999999998,33.1638
snn32_seed7_forest_anomaly,warmup,post_window_recurring,accept,accepted,anomaly_consumer_including_threshold,29,6.7978,8.062539999999998,8.628796,8.7301
snn32_seed7_forest_anomaly,warmup,post_window_recurring,accept,accepted,binary32_adapter,29,1.1847,1.52664,1.611864,1.6423
snn32_seed7_forest_anomaly,warmup,post_window_recurring,accept,accepted,envelope_and_binary_parser,29,1.7776,2.0931,2.3495159999999995,2.4476
snn32_seed7_forest_anomaly,warmup,post_window_recurring,accept,accepted,motion_consumer_including_normalization,29,12.6301,16.010559999999995,18.060447999999997,18.6501
snn32_seed7_forest_anomaly,warmup,post_window_recurring,accept,accepted,prepare_both_model_inputs,29,3.7641,4.879379999999999,5.659995999999999,5.8866
snn32_seed7_forest_anomaly,warmup,post_window_recurring,accept,accepted,sender_audit_commit,29,0.0015,0.0019,0.002547999999999999,0.0028
snn32_seed7_forest_anomaly,warmup,post_window_recurring,accept,accepted,sender_audit_prepare,29,0.0048,0.006699999999999999,0.007907999999999998,0.0083
snn32_seed7_forest_anomaly,warmup,post_window_recurring,accept,accepted,sender_audit_record,29,0.0672,0.11281999999999996,0.13485999999999998,0.1406
snn32_seed7_forest_anomaly,warmup,post_window_recurring,accept,accepted,sender_seal_total,29,5.5683,6.7475,7.303907999999999,7.4968
snn32_seed7_forest_anomaly,warmup,post_window_recurring,accept,accepted,serialization_including_quality,29,5.3183,6.40654,6.879763999999999,7.0488
snn32_seed7_forest_anomaly,warmup,post_window_recurring,accept,accepted,verifier_audit_commit,29,0.0016,0.002359999999999999,0.002744,0.0028
snn32_seed7_forest_anomaly,warmup,post_window_recurring,accept,accepted,verifier_audit_prepare,29,0.0056,0.00826,0.009667999999999998,0.0102
snn32_seed7_forest_anomaly,warmup,post_window_recurring,accept,accepted,verifier_audit_record,29,0.0283,0.04301999999999999,0.045716,0.0458
snn32_seed7_forest_anomaly,warmup,post_window_recurring,accept,accepted,verifier_authentication_total,29,6.7274,8.01288,8.708271999999997,8.9624
snn32_seed7_forest_anomaly,warmup,post_window_recurring,accept,accepted,verifier_quality_check,29,4.7865,5.7118,6.120519999999999,6.2713
snn32_seed7_forest_anomaly,warmup,post_window_recurring,accept,accepted,window_hmac_generation,29,0.0306,0.05102,0.054363999999999996,0.0554
snn32_seed7_forest_anomaly,warmup,post_window_recurring,accept,accepted,window_hmac_verification_calculation,29,0.0236,0.031959999999999995,0.034672,0.0354
snn32_seed7_forest_anomaly,warmup,pre_tag_quality_refusal,reject,data_quality_failure,binary32_adapter,29,0.9117,1.12392,1.6120399999999993,1.7981
snn32_seed7_forest_anomaly,warmup,pre_tag_quality_refusal,reject,data_quality_failure,sender_audit_commit,29,0.0012,0.0015799999999999994,0.001772,0.0018
snn32_seed7_forest_anomaly,warmup,pre_tag_quality_refusal,reject,data_quality_failure,sender_audit_prepare,29,0.0036,0.004639999999999999,0.005159999999999999,0.0053
snn32_seed7_forest_anomaly,warmup,pre_tag_quality_refusal,reject,data_quality_failure,sender_audit_record,29,0.0423,0.05292,0.06653599999999997,0.0718
snn32_seed7_forest_anomaly,warmup,pre_tag_quality_refusal,reject,data_quality_failure,sender_seal_total,29,0.5178,0.7474799999999998,0.836304,0.8512
snn32_seed7_forest_anomaly,warmup,pre_tag_quality_refusal,reject,data_quality_failure,serialization_including_quality,29,0.404,0.5952799999999998,0.66468,0.6728
snn32_seed7_forest_anomaly,warmup,valid_receiver_after_bad_tag,accept,accepted,accepted_release_and_consumers,29,21.4488,29.85245999999998,34.054148,34.2091
snn32_seed7_forest_anomaly,warmup,valid_receiver_after_bad_tag,accept,accepted,anomaly_consumer_including_threshold,29,5.6898,7.12772,9.716719999999997,10.7005
snn32_seed7_forest_anomaly,warmup,valid_receiver_after_bad_tag,accept,accepted,envelope_and_binary_parser,29,1.5198,1.7190599999999996,1.810052,1.814
snn32_seed7_forest_anomaly,warmup,valid_receiver_after_bad_tag,accept,accepted,motion_consumer_including_normalization,29,10.9636,16.97203999999999,21.527135999999995,22.4417
snn32_seed7_forest_anomaly,warmup,valid_receiver_after_bad_tag,accept,accepted,prepare_both_model_inputs,29,3.7031,3.97826,4.599155999999999,4.8259
snn32_seed7_forest_anomaly,warmup,valid_receiver_after_bad_tag,accept,accepted,verifier_audit_commit,29,0.0016,0.00196,0.002,0.002
snn32_seed7_forest_anomaly,warmup,valid_receiver_after_bad_tag,accept,accepted,verifier_audit_prepare,29,0.0051,0.00706,0.008467999999999998,0.009
snn32_seed7_forest_anomaly,warmup,valid_receiver_after_bad_tag,accept,accepted,verifier_audit_record,29,0.0398,0.05403999999999999,0.061391999999999995,0.0638
snn32_seed7_forest_anomaly,warmup,valid_receiver_after_bad_tag,accept,accepted,verifier_authentication_total,29,6.4492,6.73146,6.806148,6.8267
snn32_seed7_forest_anomaly,warmup,valid_receiver_after_bad_tag,accept,accepted,verifier_quality_check,29,4.7289,4.9555,5.01522,5.026
snn32_seed7_forest_anomaly,warmup,valid_receiver_after_bad_tag,accept,accepted,window_hmac_verification_calculation,29,0.0194,0.026499999999999996,0.028652,0.0291
