condition,phase,path,decision,reason,category,count,p50_ms,p95_ms,p99_ms,max_ms,observations_with_registered_span,interpretation,accounting
logistic_motion_forest_anomaly,condition_first_use,bad_tag_receiver,reject,invalid_tag,admission_orchestration_unisolated,1,0.0,0.0,0.0,0.0,0,Admission orchestration remainder not covered by named children.,per-observation exclusive interval; no sum-of-percentiles total
logistic_motion_forest_anomaly,condition_first_use,bad_tag_receiver,reject,invalid_tag,anomaly_consumer,1,0.0,0.0,0.0,0.0,0,Anomaly consumer including feature scaling and frozen-threshold decision.,per-observation exclusive interval; no sum-of-percentiles total
logistic_motion_forest_anomaly,condition_first_use,bad_tag_receiver,reject,invalid_tag,binary32_adapter,1,0.0,0.0,0.0,0.0,0,Canonical binary32 input adaptation before sender sealing.,per-observation exclusive interval; no sum-of-percentiles total
logistic_motion_forest_anomaly,condition_first_use,bad_tag_receiver,reject,invalid_tag,credential_verification,1,0.0,0.0,0.0,0.0,0,Recorded independent credential-verification call(s).,per-observation exclusive interval; no sum-of-percentiles total
logistic_motion_forest_anomaly,condition_first_use,bad_tag_receiver,reject,invalid_tag,in_memory_audit_measured,1,0.0368,0.0368,0.0368,0.0368,1,"Recorded audit record/prepare/commit spans, exclusive of their children; not all audit-related overhead and not durable storage.",per-observation exclusive interval; no sum-of-percentiles total
logistic_motion_forest_anomaly,condition_first_use,bad_tag_receiver,reject,invalid_tag,local_admission_checks,1,0.0,0.0,0.0,0.0,0,"Measured local authorization/binding/consumption calls, excluding nested credential verification.",per-observation exclusive interval; no sum-of-percentiles total
logistic_motion_forest_anomaly,condition_first_use,bad_tag_receiver,reject,invalid_tag,model_input_preprocessing,1,0.0,0.0,0.0,0.0,0,Shared model-input preparation; model-specific normalization remains in consumer timing.,per-observation exclusive interval; no sum-of-percentiles total
logistic_motion_forest_anomaly,condition_first_use,bad_tag_receiver,reject,invalid_tag,motion_consumer,1,0.0,0.0,0.0,0.0,0,Motion consumer including normalization/tensor preparation/prediction decoding.,per-observation exclusive interval; no sum-of-percentiles total
logistic_motion_forest_anomaly,condition_first_use,bad_tag_receiver,reject,invalid_tag,outer_orchestration_unisolated,1,0.0137,0.0137,0.0137,0.0137,1,Direct root/first-post-window remainder outside named child spans.,per-observation exclusive interval; no sum-of-percentiles total
logistic_motion_forest_anomaly,condition_first_use,bad_tag_receiver,reject,invalid_tag,receiver_binding_sequence_state_unisolated,1,0.1175,0.1175,0.1175,0.1175,1,"Verifier remainder including binding, sequence checks, locks/state publication and observer work; NOT isolated sequence latency.",per-observation exclusive interval; no sum-of-percentiles total
logistic_motion_forest_anomaly,condition_first_use,bad_tag_receiver,reject,invalid_tag,receiver_parsing,1,1.4775,1.4775,1.4775,1.4775,1,Envelope and binary parser call.,per-observation exclusive interval; no sum-of-percentiles total
logistic_motion_forest_anomaly,condition_first_use,bad_tag_receiver,reject,invalid_tag,receiver_quality_check,1,0.0,0.0,0.0,0.0,0,Verifier quality-check call.,per-observation exclusive interval; no sum-of-percentiles total
logistic_motion_forest_anomaly,condition_first_use,bad_tag_receiver,reject,invalid_tag,receiver_window_hmac,1,0.026,0.026,0.026,0.026,1,"Recorded verifier window-tag calculation, not complete authentication.",per-observation exclusive interval; no sum-of-percentiles total
logistic_motion_forest_anomaly,condition_first_use,bad_tag_receiver,reject,invalid_tag,reconstruction,1,0.0,0.0,0.0,0.0,0,Actual recorded BCH reconstruction; includes any observer/GC delay.,per-observation exclusive interval; no sum-of-percentiles total
logistic_motion_forest_anomaly,condition_first_use,bad_tag_receiver,reject,invalid_tag,release_conversion_unisolated,1,0.0,0.0,0.0,0.0,0,Accepted release remainder including conversion/dispatch/observer work outside consumer children.,per-observation exclusive interval; no sum-of-percentiles total
logistic_motion_forest_anomaly,condition_first_use,bad_tag_receiver,reject,invalid_tag,sender_binding_unisolated,1,0.0,0.0,0.0,0.0,0,Sender seal remainder: binding/state/orchestration/observer work not separately timed.,per-observation exclusive interval; no sum-of-percentiles total
logistic_motion_forest_anomaly,condition_first_use,bad_tag_receiver,reject,invalid_tag,sender_serialization_and_quality,1,0.0,0.0,0.0,0.0,0,Sender serialization including its quality validation; not separately timed.,per-observation exclusive interval; no sum-of-percentiles total
logistic_motion_forest_anomaly,condition_first_use,bad_tag_receiver,reject,invalid_tag,sender_window_hmac,1,0.0,0.0,0.0,0.0,0,Recorded window-tag generation call.,per-observation exclusive interval; no sum-of-percentiles total
logistic_motion_forest_anomaly,condition_first_use,bad_tag_receiver,reject,invalid_tag,session_establishment_unisolated,1,0.0,0.0,0.0,0.0,0,"Handshake/request/activation remainder, including unseparated HKDF/confirmation work and observer cost.",per-observation exclusive interval; no sum-of-percentiles total
logistic_motion_forest_anomaly,condition_first_use,bad_tag_receiver,reject,invalid_tag,simulated_response_read,1,0.0,0.0,0.0,0.0,0,"Modeled response generation, not physical acquisition.",per-observation exclusive interval; no sum-of-percentiles total
logistic_motion_forest_anomaly,condition_first_use,exact_replay_receiver,reject,duplicate_sequence,admission_orchestration_unisolated,1,0.0,0.0,0.0,0.0,0,Admission orchestration remainder not covered by named children.,per-observation exclusive interval; no sum-of-percentiles total
logistic_motion_forest_anomaly,condition_first_use,exact_replay_receiver,reject,duplicate_sequence,anomaly_consumer,1,0.0,0.0,0.0,0.0,0,Anomaly consumer including feature scaling and frozen-threshold decision.,per-observation exclusive interval; no sum-of-percentiles total
logistic_motion_forest_anomaly,condition_first_use,exact_replay_receiver,reject,duplicate_sequence,binary32_adapter,1,0.0,0.0,0.0,0.0,0,Canonical binary32 input adaptation before sender sealing.,per-observation exclusive interval; no sum-of-percentiles total
logistic_motion_forest_anomaly,condition_first_use,exact_replay_receiver,reject,duplicate_sequence,credential_verification,1,0.0,0.0,0.0,0.0,0,Recorded independent credential-verification call(s).,per-observation exclusive interval; no sum-of-percentiles total
logistic_motion_forest_anomaly,condition_first_use,exact_replay_receiver,reject,duplicate_sequence,in_memory_audit_measured,1,0.067,0.067,0.067,0.067,1,"Recorded audit record/prepare/commit spans, exclusive of their children; not all audit-related overhead and not durable storage.",per-observation exclusive interval; no sum-of-percentiles total
logistic_motion_forest_anomaly,condition_first_use,exact_replay_receiver,reject,duplicate_sequence,local_admission_checks,1,0.0,0.0,0.0,0.0,0,"Measured local authorization/binding/consumption calls, excluding nested credential verification.",per-observation exclusive interval; no sum-of-percentiles total
logistic_motion_forest_anomaly,condition_first_use,exact_replay_receiver,reject,duplicate_sequence,model_input_preprocessing,1,0.0,0.0,0.0,0.0,0,Shared model-input preparation; model-specific normalization remains in consumer timing.,per-observation exclusive interval; no sum-of-percentiles total
logistic_motion_forest_anomaly,condition_first_use,exact_replay_receiver,reject,duplicate_sequence,motion_consumer,1,0.0,0.0,0.0,0.0,0,Motion consumer including normalization/tensor preparation/prediction decoding.,per-observation exclusive interval; no sum-of-percentiles total
logistic_motion_forest_anomaly,condition_first_use,exact_replay_receiver,reject,duplicate_sequence,outer_orchestration_unisolated,1,0.0132,0.0132,0.0132,0.0132,1,Direct root/first-post-window remainder outside named child spans.,per-observation exclusive interval; no sum-of-percentiles total
logistic_motion_forest_anomaly,condition_first_use,exact_replay_receiver,reject,duplicate_sequence,receiver_binding_sequence_state_unisolated,1,0.1355,0.1355,0.1355,0.1355,1,"Verifier remainder including binding, sequence checks, locks/state publication and observer work; NOT isolated sequence latency.",per-observation exclusive interval; no sum-of-percentiles total
logistic_motion_forest_anomaly,condition_first_use,exact_replay_receiver,reject,duplicate_sequence,receiver_parsing,1,1.6202,1.6202,1.6202,1.6202,1,Envelope and binary parser call.,per-observation exclusive interval; no sum-of-percentiles total
logistic_motion_forest_anomaly,condition_first_use,exact_replay_receiver,reject,duplicate_sequence,receiver_quality_check,1,4.5402,4.5402,4.5402,4.5402,1,Verifier quality-check call.,per-observation exclusive interval; no sum-of-percentiles total
logistic_motion_forest_anomaly,condition_first_use,exact_replay_receiver,reject,duplicate_sequence,receiver_window_hmac,1,0.0284,0.0284,0.0284,0.0284,1,"Recorded verifier window-tag calculation, not complete authentication.",per-observation exclusive interval; no sum-of-percentiles total
logistic_motion_forest_anomaly,condition_first_use,exact_replay_receiver,reject,duplicate_sequence,reconstruction,1,0.0,0.0,0.0,0.0,0,Actual recorded BCH reconstruction; includes any observer/GC delay.,per-observation exclusive interval; no sum-of-percentiles total
logistic_motion_forest_anomaly,condition_first_use,exact_replay_receiver,reject,duplicate_sequence,release_conversion_unisolated,1,0.0,0.0,0.0,0.0,0,Accepted release remainder including conversion/dispatch/observer work outside consumer children.,per-observation exclusive interval; no sum-of-percentiles total
logistic_motion_forest_anomaly,condition_first_use,exact_replay_receiver,reject,duplicate_sequence,sender_binding_unisolated,1,0.0,0.0,0.0,0.0,0,Sender seal remainder: binding/state/orchestration/observer work not separately timed.,per-observation exclusive interval; no sum-of-percentiles total
logistic_motion_forest_anomaly,condition_first_use,exact_replay_receiver,reject,duplicate_sequence,sender_serialization_and_quality,1,0.0,0.0,0.0,0.0,0,Sender serialization including its quality validation; not separately timed.,per-observation exclusive interval; no sum-of-percentiles total
logistic_motion_forest_anomaly,condition_first_use,exact_replay_receiver,reject,duplicate_sequence,sender_window_hmac,1,0.0,0.0,0.0,0.0,0,Recorded window-tag generation call.,per-observation exclusive interval; no sum-of-percentiles total
logistic_motion_forest_anomaly,condition_first_use,exact_replay_receiver,reject,duplicate_sequence,session_establishment_unisolated,1,0.0,0.0,0.0,0.0,0,"Handshake/request/activation remainder, including unseparated HKDF/confirmation work and observer cost.",per-observation exclusive interval; no sum-of-percentiles total
logistic_motion_forest_anomaly,condition_first_use,exact_replay_receiver,reject,duplicate_sequence,simulated_response_read,1,0.0,0.0,0.0,0.0,0,"Modeled response generation, not physical acquisition.",per-observation exclusive interval; no sum-of-percentiles total
logistic_motion_forest_anomaly,condition_first_use,fresh_to_first_window,accept,accepted,admission_orchestration_unisolated,1,0.1011,0.1011,0.1011,0.1011,1,Admission orchestration remainder not covered by named children.,per-observation exclusive interval; no sum-of-percentiles total
logistic_motion_forest_anomaly,condition_first_use,fresh_to_first_window,accept,accepted,anomaly_consumer,1,6.8938,6.8938,6.8938,6.8938,1,Anomaly consumer including feature scaling and frozen-threshold decision.,per-observation exclusive interval; no sum-of-percentiles total
logistic_motion_forest_anomaly,condition_first_use,fresh_to_first_window,accept,accepted,binary32_adapter,1,1.3637,1.3637,1.3637,1.3637,1,Canonical binary32 input adaptation before sender sealing.,per-observation exclusive interval; no sum-of-percentiles total
logistic_motion_forest_anomaly,condition_first_use,fresh_to_first_window,accept,accepted,credential_verification,1,0.058,0.058,0.058,0.058,1,Recorded independent credential-verification call(s).,per-observation exclusive interval; no sum-of-percentiles total
logistic_motion_forest_anomaly,condition_first_use,fresh_to_first_window,accept,accepted,in_memory_audit_measured,1,0.2301,0.2301,0.2301,0.2301,1,"Recorded audit record/prepare/commit spans, exclusive of their children; not all audit-related overhead and not durable storage.",per-observation exclusive interval; no sum-of-percentiles total
logistic_motion_forest_anomaly,condition_first_use,fresh_to_first_window,accept,accepted,local_admission_checks,1,0.0643,0.0643,0.0643,0.0643,1,"Measured local authorization/binding/consumption calls, excluding nested credential verification.",per-observation exclusive interval; no sum-of-percentiles total
logistic_motion_forest_anomaly,condition_first_use,fresh_to_first_window,accept,accepted,model_input_preprocessing,1,3.6519,3.6519,3.6519,3.6519,1,Shared model-input preparation; model-specific normalization remains in consumer timing.,per-observation exclusive interval; no sum-of-percentiles total
logistic_motion_forest_anomaly,condition_first_use,fresh_to_first_window,accept,accepted,motion_consumer,1,0.7194,0.7194,0.7194,0.7194,1,Motion consumer including normalization/tensor preparation/prediction decoding.,per-observation exclusive interval; no sum-of-percentiles total
logistic_motion_forest_anomaly,condition_first_use,fresh_to_first_window,accept,accepted,outer_orchestration_unisolated,1,0.1527,0.1527,0.1527,0.1527,1,Direct root/first-post-window remainder outside named child spans.,per-observation exclusive interval; no sum-of-percentiles total
logistic_motion_forest_anomaly,condition_first_use,fresh_to_first_window,accept,accepted,receiver_binding_sequence_state_unisolated,1,0.1099,0.1099,0.1099,0.1099,1,"Verifier remainder including binding, sequence checks, locks/state publication and observer work; NOT isolated sequence latency.",per-observation exclusive interval; no sum-of-percentiles total
logistic_motion_forest_anomaly,condition_first_use,fresh_to_first_window,accept,accepted,receiver_parsing,1,2.4984,2.4984,2.4984,2.4984,1,Envelope and binary parser call.,per-observation exclusive interval; no sum-of-percentiles total
logistic_motion_forest_anomaly,condition_first_use,fresh_to_first_window,accept,accepted,receiver_quality_check,1,4.7324,4.7324,4.7324,4.7324,1,Verifier quality-check call.,per-observation exclusive interval; no sum-of-percentiles total
logistic_motion_forest_anomaly,condition_first_use,fresh_to_first_window,accept,accepted,receiver_window_hmac,1,0.0223,0.0223,0.0223,0.0223,1,"Recorded verifier window-tag calculation, not complete authentication.",per-observation exclusive interval; no sum-of-percentiles total
logistic_motion_forest_anomaly,condition_first_use,fresh_to_first_window,accept,accepted,reconstruction,1,6.7066,6.7066,6.7066,6.7066,1,Actual recorded BCH reconstruction; includes any observer/GC delay.,per-observation exclusive interval; no sum-of-percentiles total
logistic_motion_forest_anomaly,condition_first_use,fresh_to_first_window,accept,accepted,release_conversion_unisolated,1,0.5186,0.5186,0.5186,0.5186,1,Accepted release remainder including conversion/dispatch/observer work outside consumer children.,per-observation exclusive interval; no sum-of-percentiles total
logistic_motion_forest_anomaly,condition_first_use,fresh_to_first_window,accept,accepted,sender_binding_unisolated,1,0.154,0.154,0.154,0.154,1,Sender seal remainder: binding/state/orchestration/observer work not separately timed.,per-observation exclusive interval; no sum-of-percentiles total
logistic_motion_forest_anomaly,condition_first_use,fresh_to_first_window,accept,accepted,sender_serialization_and_quality,1,5.6178,5.6178,5.6178,5.6178,1,Sender serialization including its quality validation; not separately timed.,per-observation exclusive interval; no sum-of-percentiles total
logistic_motion_forest_anomaly,condition_first_use,fresh_to_first_window,accept,accepted,sender_window_hmac,1,0.0294,0.0294,0.0294,0.0294,1,Recorded window-tag generation call.,per-observation exclusive interval; no sum-of-percentiles total
logistic_motion_forest_anomaly,condition_first_use,fresh_to_first_window,accept,accepted,session_establishment_unisolated,1,0.4476,0.4476,0.4476,0.4476,1,"Handshake/request/activation remainder, including unseparated HKDF/confirmation work and observer cost.",per-observation exclusive interval; no sum-of-percentiles total
logistic_motion_forest_anomaly,condition_first_use,fresh_to_first_window,accept,accepted,simulated_response_read,1,0.2159,0.2159,0.2159,0.2159,1,"Modeled response generation, not physical acquisition.",per-observation exclusive interval; no sum-of-percentiles total
logistic_motion_forest_anomaly,condition_first_use,malformed_json_receiver,reject,malformed_message,admission_orchestration_unisolated,1,0.0,0.0,0.0,0.0,0,Admission orchestration remainder not covered by named children.,per-observation exclusive interval; no sum-of-percentiles total
logistic_motion_forest_anomaly,condition_first_use,malformed_json_receiver,reject,malformed_message,anomaly_consumer,1,0.0,0.0,0.0,0.0,0,Anomaly consumer including feature scaling and frozen-threshold decision.,per-observation exclusive interval; no sum-of-percentiles total
logistic_motion_forest_anomaly,condition_first_use,malformed_json_receiver,reject,malformed_message,binary32_adapter,1,0.0,0.0,0.0,0.0,0,Canonical binary32 input adaptation before sender sealing.,per-observation exclusive interval; no sum-of-percentiles total
logistic_motion_forest_anomaly,condition_first_use,malformed_json_receiver,reject,malformed_message,credential_verification,1,0.0,0.0,0.0,0.0,0,Recorded independent credential-verification call(s).,per-observation exclusive interval; no sum-of-percentiles total
logistic_motion_forest_anomaly,condition_first_use,malformed_json_receiver,reject,malformed_message,in_memory_audit_measured,1,0.0539,0.0539,0.0539,0.0539,1,"Recorded audit record/prepare/commit spans, exclusive of their children; not all audit-related overhead and not durable storage.",per-observation exclusive interval; no sum-of-percentiles total
logistic_motion_forest_anomaly,condition_first_use,malformed_json_receiver,reject,malformed_message,local_admission_checks,1,0.0,0.0,0.0,0.0,0,"Measured local authorization/binding/consumption calls, excluding nested credential verification.",per-observation exclusive interval; no sum-of-percentiles total
logistic_motion_forest_anomaly,condition_first_use,malformed_json_receiver,reject,malformed_message,model_input_preprocessing,1,0.0,0.0,0.0,0.0,0,Shared model-input preparation; model-specific normalization remains in consumer timing.,per-observation exclusive interval; no sum-of-percentiles total
logistic_motion_forest_anomaly,condition_first_use,malformed_json_receiver,reject,malformed_message,motion_consumer,1,0.0,0.0,0.0,0.0,0,Motion consumer including normalization/tensor preparation/prediction decoding.,per-observation exclusive interval; no sum-of-percentiles total
logistic_motion_forest_anomaly,condition_first_use,malformed_json_receiver,reject,malformed_message,outer_orchestration_unisolated,1,0.0083,0.0083,0.0083,0.0083,1,Direct root/first-post-window remainder outside named child spans.,per-observation exclusive interval; no sum-of-percentiles total
logistic_motion_forest_anomaly,condition_first_use,malformed_json_receiver,reject,malformed_message,receiver_binding_sequence_state_unisolated,1,0.0456,0.0456,0.0456,0.0456,1,"Verifier remainder including binding, sequence checks, locks/state publication and observer work; NOT isolated sequence latency.",per-observation exclusive interval; no sum-of-percentiles total
logistic_motion_forest_anomaly,condition_first_use,malformed_json_receiver,reject,malformed_message,receiver_parsing,1,0.0441,0.0441,0.0441,0.0441,1,Envelope and binary parser call.,per-observation exclusive interval; no sum-of-percentiles total
logistic_motion_forest_anomaly,condition_first_use,malformed_json_receiver,reject,malformed_message,receiver_quality_check,1,0.0,0.0,0.0,0.0,0,Verifier quality-check call.,per-observation exclusive interval; no sum-of-percentiles total
logistic_motion_forest_anomaly,condition_first_use,malformed_json_receiver,reject,malformed_message,receiver_window_hmac,1,0.0,0.0,0.0,0.0,0,"Recorded verifier window-tag calculation, not complete authentication.",per-observation exclusive interval; no sum-of-percentiles total
logistic_motion_forest_anomaly,condition_first_use,malformed_json_receiver,reject,malformed_message,reconstruction,1,0.0,0.0,0.0,0.0,0,Actual recorded BCH reconstruction; includes any observer/GC delay.,per-observation exclusive interval; no sum-of-percentiles total
logistic_motion_forest_anomaly,condition_first_use,malformed_json_receiver,reject,malformed_message,release_conversion_unisolated,1,0.0,0.0,0.0,0.0,0,Accepted release remainder including conversion/dispatch/observer work outside consumer children.,per-observation exclusive interval; no sum-of-percentiles total
logistic_motion_forest_anomaly,condition_first_use,malformed_json_receiver,reject,malformed_message,sender_binding_unisolated,1,0.0,0.0,0.0,0.0,0,Sender seal remainder: binding/state/orchestration/observer work not separately timed.,per-observation exclusive interval; no sum-of-percentiles total
logistic_motion_forest_anomaly,condition_first_use,malformed_json_receiver,reject,malformed_message,sender_serialization_and_quality,1,0.0,0.0,0.0,0.0,0,Sender serialization including its quality validation; not separately timed.,per-observation exclusive interval; no sum-of-percentiles total
logistic_motion_forest_anomaly,condition_first_use,malformed_json_receiver,reject,malformed_message,sender_window_hmac,1,0.0,0.0,0.0,0.0,0,Recorded window-tag generation call.,per-observation exclusive interval; no sum-of-percentiles total
logistic_motion_forest_anomaly,condition_first_use,malformed_json_receiver,reject,malformed_message,session_establishment_unisolated,1,0.0,0.0,0.0,0.0,0,"Handshake/request/activation remainder, including unseparated HKDF/confirmation work and observer cost.",per-observation exclusive interval; no sum-of-percentiles total
logistic_motion_forest_anomaly,condition_first_use,malformed_json_receiver,reject,malformed_message,simulated_response_read,1,0.0,0.0,0.0,0.0,0,"Modeled response generation, not physical acquisition.",per-observation exclusive interval; no sum-of-percentiles total
logistic_motion_forest_anomaly,condition_first_use,post_window_after_refusals,accept,accepted,admission_orchestration_unisolated,1,0.0,0.0,0.0,0.0,0,Admission orchestration remainder not covered by named children.,per-observation exclusive interval; no sum-of-percentiles total
logistic_motion_forest_anomaly,condition_first_use,post_window_after_refusals,accept,accepted,anomaly_consumer,1,5.1138,5.1138,5.1138,5.1138,1,Anomaly consumer including feature scaling and frozen-threshold decision.,per-observation exclusive interval; no sum-of-percentiles total
logistic_motion_forest_anomaly,condition_first_use,post_window_after_refusals,accept,accepted,binary32_adapter,1,1.1368,1.1368,1.1368,1.1368,1,Canonical binary32 input adaptation before sender sealing.,per-observation exclusive interval; no sum-of-percentiles total
logistic_motion_forest_anomaly,condition_first_use,post_window_after_refusals,accept,accepted,credential_verification,1,0.0,0.0,0.0,0.0,0,Recorded independent credential-verification call(s).,per-observation exclusive interval; no sum-of-percentiles total
logistic_motion_forest_anomaly,condition_first_use,post_window_after_refusals,accept,accepted,in_memory_audit_measured,1,0.087,0.087,0.087,0.087,1,"Recorded audit record/prepare/commit spans, exclusive of their children; not all audit-related overhead and not durable storage.",per-observation exclusive interval; no sum-of-percentiles total
logistic_motion_forest_anomaly,condition_first_use,post_window_after_refusals,accept,accepted,local_admission_checks,1,0.0,0.0,0.0,0.0,0,"Measured local authorization/binding/consumption calls, excluding nested credential verification.",per-observation exclusive interval; no sum-of-percentiles total
logistic_motion_forest_anomaly,condition_first_use,post_window_after_refusals,accept,accepted,model_input_preprocessing,1,2.5754,2.5754,2.5754,2.5754,1,Shared model-input preparation; model-specific normalization remains in consumer timing.,per-observation exclusive interval; no sum-of-percentiles total
logistic_motion_forest_anomaly,condition_first_use,post_window_after_refusals,accept,accepted,motion_consumer,1,0.4967,0.4967,0.4967,0.4967,1,Motion consumer including normalization/tensor preparation/prediction decoding.,per-observation exclusive interval; no sum-of-percentiles total
logistic_motion_forest_anomaly,condition_first_use,post_window_after_refusals,accept,accepted,outer_orchestration_unisolated,1,0.0713,0.0713,0.0713,0.0713,1,Direct root/first-post-window remainder outside named child spans.,per-observation exclusive interval; no sum-of-percentiles total
logistic_motion_forest_anomaly,condition_first_use,post_window_after_refusals,accept,accepted,receiver_binding_sequence_state_unisolated,1,0.1092,0.1092,0.1092,0.1092,1,"Verifier remainder including binding, sequence checks, locks/state publication and observer work; NOT isolated sequence latency.",per-observation exclusive interval; no sum-of-percentiles total
logistic_motion_forest_anomaly,condition_first_use,post_window_after_refusals,accept,accepted,receiver_parsing,1,1.7976,1.7976,1.7976,1.7976,1,Envelope and binary parser call.,per-observation exclusive interval; no sum-of-percentiles total
logistic_motion_forest_anomaly,condition_first_use,post_window_after_refusals,accept,accepted,receiver_quality_check,1,3.9057,3.9057,3.9057,3.9057,1,Verifier quality-check call.,per-observation exclusive interval; no sum-of-percentiles total
logistic_motion_forest_anomaly,condition_first_use,post_window_after_refusals,accept,accepted,receiver_window_hmac,1,0.0287,0.0287,0.0287,0.0287,1,"Recorded verifier window-tag calculation, not complete authentication.",per-observation exclusive interval; no sum-of-percentiles total
logistic_motion_forest_anomaly,condition_first_use,post_window_after_refusals,accept,accepted,reconstruction,1,0.0,0.0,0.0,0.0,0,Actual recorded BCH reconstruction; includes any observer/GC delay.,per-observation exclusive interval; no sum-of-percentiles total
logistic_motion_forest_anomaly,condition_first_use,post_window_after_refusals,accept,accepted,release_conversion_unisolated,1,0.3898,0.3898,0.3898,0.3898,1,Accepted release remainder including conversion/dispatch/observer work outside consumer children.,per-observation exclusive interval; no sum-of-percentiles total
logistic_motion_forest_anomaly,condition_first_use,post_window_after_refusals,accept,accepted,sender_binding_unisolated,1,0.1337,0.1337,0.1337,0.1337,1,Sender seal remainder: binding/state/orchestration/observer work not separately timed.,per-observation exclusive interval; no sum-of-percentiles total
logistic_motion_forest_anomaly,condition_first_use,post_window_after_refusals,accept,accepted,sender_serialization_and_quality,1,5.0564,5.0564,5.0564,5.0564,1,Sender serialization including its quality validation; not separately timed.,per-observation exclusive interval; no sum-of-percentiles total
logistic_motion_forest_anomaly,condition_first_use,post_window_after_refusals,accept,accepted,sender_window_hmac,1,0.0289,0.0289,0.0289,0.0289,1,Recorded window-tag generation call.,per-observation exclusive interval; no sum-of-percentiles total
logistic_motion_forest_anomaly,condition_first_use,post_window_after_refusals,accept,accepted,session_establishment_unisolated,1,0.0,0.0,0.0,0.0,0,"Handshake/request/activation remainder, including unseparated HKDF/confirmation work and observer cost.",per-observation exclusive interval; no sum-of-percentiles total
logistic_motion_forest_anomaly,condition_first_use,post_window_after_refusals,accept,accepted,simulated_response_read,1,0.0,0.0,0.0,0.0,0,"Modeled response generation, not physical acquisition.",per-observation exclusive interval; no sum-of-percentiles total
logistic_motion_forest_anomaly,condition_first_use,post_window_recurring,accept,accepted,admission_orchestration_unisolated,1,0.0,0.0,0.0,0.0,0,Admission orchestration remainder not covered by named children.,per-observation exclusive interval; no sum-of-percentiles total
logistic_motion_forest_anomaly,condition_first_use,post_window_recurring,accept,accepted,anomaly_consumer,1,7.2521,7.2521,7.2521,7.2521,1,Anomaly consumer including feature scaling and frozen-threshold decision.,per-observation exclusive interval; no sum-of-percentiles total
logistic_motion_forest_anomaly,condition_first_use,post_window_recurring,accept,accepted,binary32_adapter,1,1.1197,1.1197,1.1197,1.1197,1,Canonical binary32 input adaptation before sender sealing.,per-observation exclusive interval; no sum-of-percentiles total
logistic_motion_forest_anomaly,condition_first_use,post_window_recurring,accept,accepted,credential_verification,1,0.0,0.0,0.0,0.0,0,Recorded independent credential-verification call(s).,per-observation exclusive interval; no sum-of-percentiles total
logistic_motion_forest_anomaly,condition_first_use,post_window_recurring,accept,accepted,in_memory_audit_measured,1,0.1128,0.1128,0.1128,0.1128,1,"Recorded audit record/prepare/commit spans, exclusive of their children; not all audit-related overhead and not durable storage.",per-observation exclusive interval; no sum-of-percentiles total
logistic_motion_forest_anomaly,condition_first_use,post_window_recurring,accept,accepted,local_admission_checks,1,0.0,0.0,0.0,0.0,0,"Measured local authorization/binding/consumption calls, excluding nested credential verification.",per-observation exclusive interval; no sum-of-percentiles total
logistic_motion_forest_anomaly,condition_first_use,post_window_recurring,accept,accepted,model_input_preprocessing,1,3.6254,3.6254,3.6254,3.6254,1,Shared model-input preparation; model-specific normalization remains in consumer timing.,per-observation exclusive interval; no sum-of-percentiles total
logistic_motion_forest_anomaly,condition_first_use,post_window_recurring,accept,accepted,motion_consumer,1,0.6116,0.6116,0.6116,0.6116,1,Motion consumer including normalization/tensor preparation/prediction decoding.,per-observation exclusive interval; no sum-of-percentiles total
logistic_motion_forest_anomaly,condition_first_use,post_window_recurring,accept,accepted,outer_orchestration_unisolated,1,0.1178,0.1178,0.1178,0.1178,1,Direct root/first-post-window remainder outside named child spans.,per-observation exclusive interval; no sum-of-percentiles total
logistic_motion_forest_anomaly,condition_first_use,post_window_recurring,accept,accepted,receiver_binding_sequence_state_unisolated,1,0.1188,0.1188,0.1188,0.1188,1,"Verifier remainder including binding, sequence checks, locks/state publication and observer work; NOT isolated sequence latency.",per-observation exclusive interval; no sum-of-percentiles total
logistic_motion_forest_anomaly,condition_first_use,post_window_recurring,accept,accepted,receiver_parsing,1,1.7779,1.7779,1.7779,1.7779,1,Envelope and binary parser call.,per-observation exclusive interval; no sum-of-percentiles total
logistic_motion_forest_anomaly,condition_first_use,post_window_recurring,accept,accepted,receiver_quality_check,1,5.4384,5.4384,5.4384,5.4384,1,Verifier quality-check call.,per-observation exclusive interval; no sum-of-percentiles total
logistic_motion_forest_anomaly,condition_first_use,post_window_recurring,accept,accepted,receiver_window_hmac,1,0.026,0.026,0.026,0.026,1,"Recorded verifier window-tag calculation, not complete authentication.",per-observation exclusive interval; no sum-of-percentiles total
logistic_motion_forest_anomaly,condition_first_use,post_window_recurring,accept,accepted,reconstruction,1,0.0,0.0,0.0,0.0,0,Actual recorded BCH reconstruction; includes any observer/GC delay.,per-observation exclusive interval; no sum-of-percentiles total
logistic_motion_forest_anomaly,condition_first_use,post_window_recurring,accept,accepted,release_conversion_unisolated,1,0.7149,0.7149,0.7149,0.7149,1,Accepted release remainder including conversion/dispatch/observer work outside consumer children.,per-observation exclusive interval; no sum-of-percentiles total
logistic_motion_forest_anomaly,condition_first_use,post_window_recurring,accept,accepted,sender_binding_unisolated,1,0.1639,0.1639,0.1639,0.1639,1,Sender seal remainder: binding/state/orchestration/observer work not separately timed.,per-observation exclusive interval; no sum-of-percentiles total
logistic_motion_forest_anomaly,condition_first_use,post_window_recurring,accept,accepted,sender_serialization_and_quality,1,5.4578,5.4578,5.4578,5.4578,1,Sender serialization including its quality validation; not separately timed.,per-observation exclusive interval; no sum-of-percentiles total
logistic_motion_forest_anomaly,condition_first_use,post_window_recurring,accept,accepted,sender_window_hmac,1,0.0359,0.0359,0.0359,0.0359,1,Recorded window-tag generation call.,per-observation exclusive interval; no sum-of-percentiles total
logistic_motion_forest_anomaly,condition_first_use,post_window_recurring,accept,accepted,session_establishment_unisolated,1,0.0,0.0,0.0,0.0,0,"Handshake/request/activation remainder, including unseparated HKDF/confirmation work and observer cost.",per-observation exclusive interval; no sum-of-percentiles total
logistic_motion_forest_anomaly,condition_first_use,post_window_recurring,accept,accepted,simulated_response_read,1,0.0,0.0,0.0,0.0,0,"Modeled response generation, not physical acquisition.",per-observation exclusive interval; no sum-of-percentiles total
logistic_motion_forest_anomaly,condition_first_use,pre_tag_quality_refusal,reject,data_quality_failure,admission_orchestration_unisolated,1,0.0,0.0,0.0,0.0,0,Admission orchestration remainder not covered by named children.,per-observation exclusive interval; no sum-of-percentiles total
logistic_motion_forest_anomaly,condition_first_use,pre_tag_quality_refusal,reject,data_quality_failure,anomaly_consumer,1,0.0,0.0,0.0,0.0,0,Anomaly consumer including feature scaling and frozen-threshold decision.,per-observation exclusive interval; no sum-of-percentiles total
logistic_motion_forest_anomaly,condition_first_use,pre_tag_quality_refusal,reject,data_quality_failure,binary32_adapter,1,1.0798,1.0798,1.0798,1.0798,1,Canonical binary32 input adaptation before sender sealing.,per-observation exclusive interval; no sum-of-percentiles total
logistic_motion_forest_anomaly,condition_first_use,pre_tag_quality_refusal,reject,data_quality_failure,credential_verification,1,0.0,0.0,0.0,0.0,0,Recorded independent credential-verification call(s).,per-observation exclusive interval; no sum-of-percentiles total
logistic_motion_forest_anomaly,condition_first_use,pre_tag_quality_refusal,reject,data_quality_failure,in_memory_audit_measured,1,0.0512,0.0512,0.0512,0.0512,1,"Recorded audit record/prepare/commit spans, exclusive of their children; not all audit-related overhead and not durable storage.",per-observation exclusive interval; no sum-of-percentiles total
logistic_motion_forest_anomaly,condition_first_use,pre_tag_quality_refusal,reject,data_quality_failure,local_admission_checks,1,0.0,0.0,0.0,0.0,0,"Measured local authorization/binding/consumption calls, excluding nested credential verification.",per-observation exclusive interval; no sum-of-percentiles total
logistic_motion_forest_anomaly,condition_first_use,pre_tag_quality_refusal,reject,data_quality_failure,model_input_preprocessing,1,0.0,0.0,0.0,0.0,0,Shared model-input preparation; model-specific normalization remains in consumer timing.,per-observation exclusive interval; no sum-of-percentiles total
logistic_motion_forest_anomaly,condition_first_use,pre_tag_quality_refusal,reject,data_quality_failure,motion_consumer,1,0.0,0.0,0.0,0.0,0,Motion consumer including normalization/tensor preparation/prediction decoding.,per-observation exclusive interval; no sum-of-percentiles total
logistic_motion_forest_anomaly,condition_first_use,pre_tag_quality_refusal,reject,data_quality_failure,outer_orchestration_unisolated,1,0.0462,0.0462,0.0462,0.0462,1,Direct root/first-post-window remainder outside named child spans.,per-observation exclusive interval; no sum-of-percentiles total
logistic_motion_forest_anomaly,condition_first_use,pre_tag_quality_refusal,reject,data_quality_failure,receiver_binding_sequence_state_unisolated,1,0.0,0.0,0.0,0.0,0,"Verifier remainder including binding, sequence checks, locks/state publication and observer work; NOT isolated sequence latency.",per-observation exclusive interval; no sum-of-percentiles total
logistic_motion_forest_anomaly,condition_first_use,pre_tag_quality_refusal,reject,data_quality_failure,receiver_parsing,1,0.0,0.0,0.0,0.0,0,Envelope and binary parser call.,per-observation exclusive interval; no sum-of-percentiles total
logistic_motion_forest_anomaly,condition_first_use,pre_tag_quality_refusal,reject,data_quality_failure,receiver_quality_check,1,0.0,0.0,0.0,0.0,0,Verifier quality-check call.,per-observation exclusive interval; no sum-of-percentiles total
logistic_motion_forest_anomaly,condition_first_use,pre_tag_quality_refusal,reject,data_quality_failure,receiver_window_hmac,1,0.0,0.0,0.0,0.0,0,"Recorded verifier window-tag calculation, not complete authentication.",per-observation exclusive interval; no sum-of-percentiles total
logistic_motion_forest_anomaly,condition_first_use,pre_tag_quality_refusal,reject,data_quality_failure,reconstruction,1,0.0,0.0,0.0,0.0,0,Actual recorded BCH reconstruction; includes any observer/GC delay.,per-observation exclusive interval; no sum-of-percentiles total
logistic_motion_forest_anomaly,condition_first_use,pre_tag_quality_refusal,reject,data_quality_failure,release_conversion_unisolated,1,0.0,0.0,0.0,0.0,0,Accepted release remainder including conversion/dispatch/observer work outside consumer children.,per-observation exclusive interval; no sum-of-percentiles total
logistic_motion_forest_anomaly,condition_first_use,pre_tag_quality_refusal,reject,data_quality_failure,sender_binding_unisolated,1,0.0762,0.0762,0.0762,0.0762,1,Sender seal remainder: binding/state/orchestration/observer work not separately timed.,per-observation exclusive interval; no sum-of-percentiles total
logistic_motion_forest_anomaly,condition_first_use,pre_tag_quality_refusal,reject,data_quality_failure,sender_serialization_and_quality,1,0.4875,0.4875,0.4875,0.4875,1,Sender serialization including its quality validation; not separately timed.,per-observation exclusive interval; no sum-of-percentiles total
logistic_motion_forest_anomaly,condition_first_use,pre_tag_quality_refusal,reject,data_quality_failure,sender_window_hmac,1,0.0,0.0,0.0,0.0,0,Recorded window-tag generation call.,per-observation exclusive interval; no sum-of-percentiles total
logistic_motion_forest_anomaly,condition_first_use,pre_tag_quality_refusal,reject,data_quality_failure,session_establishment_unisolated,1,0.0,0.0,0.0,0.0,0,"Handshake/request/activation remainder, including unseparated HKDF/confirmation work and observer cost.",per-observation exclusive interval; no sum-of-percentiles total
logistic_motion_forest_anomaly,condition_first_use,pre_tag_quality_refusal,reject,data_quality_failure,simulated_response_read,1,0.0,0.0,0.0,0.0,0,"Modeled response generation, not physical acquisition.",per-observation exclusive interval; no sum-of-percentiles total
logistic_motion_forest_anomaly,condition_first_use,valid_receiver_after_bad_tag,accept,accepted,admission_orchestration_unisolated,1,0.0,0.0,0.0,0.0,0,Admission orchestration remainder not covered by named children.,per-observation exclusive interval; no sum-of-percentiles total
logistic_motion_forest_anomaly,condition_first_use,valid_receiver_after_bad_tag,accept,accepted,anomaly_consumer,1,6.2567,6.2567,6.2567,6.2567,1,Anomaly consumer including feature scaling and frozen-threshold decision.,per-observation exclusive interval; no sum-of-percentiles total
logistic_motion_forest_anomaly,condition_first_use,valid_receiver_after_bad_tag,accept,accepted,binary32_adapter,1,0.0,0.0,0.0,0.0,0,Canonical binary32 input adaptation before sender sealing.,per-observation exclusive interval; no sum-of-percentiles total
logistic_motion_forest_anomaly,condition_first_use,valid_receiver_after_bad_tag,accept,accepted,credential_verification,1,0.0,0.0,0.0,0.0,0,Recorded independent credential-verification call(s).,per-observation exclusive interval; no sum-of-percentiles total
logistic_motion_forest_anomaly,condition_first_use,valid_receiver_after_bad_tag,accept,accepted,in_memory_audit_measured,1,0.0547,0.0547,0.0547,0.0547,1,"Recorded audit record/prepare/commit spans, exclusive of their children; not all audit-related overhead and not durable storage.",per-observation exclusive interval; no sum-of-percentiles total
logistic_motion_forest_anomaly,condition_first_use,valid_receiver_after_bad_tag,accept,accepted,local_admission_checks,1,0.0,0.0,0.0,0.0,0,"Measured local authorization/binding/consumption calls, excluding nested credential verification.",per-observation exclusive interval; no sum-of-percentiles total
logistic_motion_forest_anomaly,condition_first_use,valid_receiver_after_bad_tag,accept,accepted,model_input_preprocessing,1,3.6441,3.6441,3.6441,3.6441,1,Shared model-input preparation; model-specific normalization remains in consumer timing.,per-observation exclusive interval; no sum-of-percentiles total
logistic_motion_forest_anomaly,condition_first_use,valid_receiver_after_bad_tag,accept,accepted,motion_consumer,1,0.5914,0.5914,0.5914,0.5914,1,Motion consumer including normalization/tensor preparation/prediction decoding.,per-observation exclusive interval; no sum-of-percentiles total
logistic_motion_forest_anomaly,condition_first_use,valid_receiver_after_bad_tag,accept,accepted,outer_orchestration_unisolated,1,0.0296,0.0296,0.0296,0.0296,1,Direct root/first-post-window remainder outside named child spans.,per-observation exclusive interval; no sum-of-percentiles total
logistic_motion_forest_anomaly,condition_first_use,valid_receiver_after_bad_tag,accept,accepted,receiver_binding_sequence_state_unisolated,1,0.1222,0.1222,0.1222,0.1222,1,"Verifier remainder including binding, sequence checks, locks/state publication and observer work; NOT isolated sequence latency.",per-observation exclusive interval; no sum-of-percentiles total
logistic_motion_forest_anomaly,condition_first_use,valid_receiver_after_bad_tag,accept,accepted,receiver_parsing,1,1.6349,1.6349,1.6349,1.6349,1,Envelope and binary parser call.,per-observation exclusive interval; no sum-of-percentiles total
logistic_motion_forest_anomaly,condition_first_use,valid_receiver_after_bad_tag,accept,accepted,receiver_quality_check,1,5.2263,5.2263,5.2263,5.2263,1,Verifier quality-check call.,per-observation exclusive interval; no sum-of-percentiles total
logistic_motion_forest_anomaly,condition_first_use,valid_receiver_after_bad_tag,accept,accepted,receiver_window_hmac,1,0.0222,0.0222,0.0222,0.0222,1,"Recorded verifier window-tag calculation, not complete authentication.",per-observation exclusive interval; no sum-of-percentiles total
logistic_motion_forest_anomaly,condition_first_use,valid_receiver_after_bad_tag,accept,accepted,reconstruction,1,0.0,0.0,0.0,0.0,0,Actual recorded BCH reconstruction; includes any observer/GC delay.,per-observation exclusive interval; no sum-of-percentiles total
logistic_motion_forest_anomaly,condition_first_use,valid_receiver_after_bad_tag,accept,accepted,release_conversion_unisolated,1,0.633,0.633,0.633,0.633,1,Accepted release remainder including conversion/dispatch/observer work outside consumer children.,per-observation exclusive interval; no sum-of-percentiles total
logistic_motion_forest_anomaly,condition_first_use,valid_receiver_after_bad_tag,accept,accepted,sender_binding_unisolated,1,0.0,0.0,0.0,0.0,0,Sender seal remainder: binding/state/orchestration/observer work not separately timed.,per-observation exclusive interval; no sum-of-percentiles total
logistic_motion_forest_anomaly,condition_first_use,valid_receiver_after_bad_tag,accept,accepted,sender_serialization_and_quality,1,0.0,0.0,0.0,0.0,0,Sender serialization including its quality validation; not separately timed.,per-observation exclusive interval; no sum-of-percentiles total
logistic_motion_forest_anomaly,condition_first_use,valid_receiver_after_bad_tag,accept,accepted,sender_window_hmac,1,0.0,0.0,0.0,0.0,0,Recorded window-tag generation call.,per-observation exclusive interval; no sum-of-percentiles total
logistic_motion_forest_anomaly,condition_first_use,valid_receiver_after_bad_tag,accept,accepted,session_establishment_unisolated,1,0.0,0.0,0.0,0.0,0,"Handshake/request/activation remainder, including unseparated HKDF/confirmation work and observer cost.",per-observation exclusive interval; no sum-of-percentiles total
logistic_motion_forest_anomaly,condition_first_use,valid_receiver_after_bad_tag,accept,accepted,simulated_response_read,1,0.0,0.0,0.0,0.0,0,"Modeled response generation, not physical acquisition.",per-observation exclusive interval; no sum-of-percentiles total
logistic_motion_forest_anomaly,measured,bad_tag_receiver,reject,invalid_tag,admission_orchestration_unisolated,119,0.0,0.0,0.0,0.0,0,Admission orchestration remainder not covered by named children.,per-observation exclusive interval; no sum-of-percentiles total
logistic_motion_forest_anomaly,measured,bad_tag_receiver,reject,invalid_tag,anomaly_consumer,119,0.0,0.0,0.0,0.0,0,Anomaly consumer including feature scaling and frozen-threshold decision.,per-observation exclusive interval; no sum-of-percentiles total
logistic_motion_forest_anomaly,measured,bad_tag_receiver,reject,invalid_tag,binary32_adapter,119,0.0,0.0,0.0,0.0,0,Canonical binary32 input adaptation before sender sealing.,per-observation exclusive interval; no sum-of-percentiles total
logistic_motion_forest_anomaly,measured,bad_tag_receiver,reject,invalid_tag,credential_verification,119,0.0,0.0,0.0,0.0,0,Recorded independent credential-verification call(s).,per-observation exclusive interval; no sum-of-percentiles total
logistic_motion_forest_anomaly,measured,bad_tag_receiver,reject,invalid_tag,in_memory_audit_measured,119,0.0449,0.07737,0.11721399999999989,0.1636,119,"Recorded audit record/prepare/commit spans, exclusive of their children; not all audit-related overhead and not durable storage.",per-observation exclusive interval; no sum-of-percentiles total
logistic_motion_forest_anomaly,measured,bad_tag_receiver,reject,invalid_tag,local_admission_checks,119,0.0,0.0,0.0,0.0,0,"Measured local authorization/binding/consumption calls, excluding nested credential verification.",per-observation exclusive interval; no sum-of-percentiles total
logistic_motion_forest_anomaly,measured,bad_tag_receiver,reject,invalid_tag,model_input_preprocessing,119,0.0,0.0,0.0,0.0,0,Shared model-input preparation; model-specific normalization remains in consumer timing.,per-observation exclusive interval; no sum-of-percentiles total
logistic_motion_forest_anomaly,measured,bad_tag_receiver,reject,invalid_tag,motion_consumer,119,0.0,0.0,0.0,0.0,0,Motion consumer including normalization/tensor preparation/prediction decoding.,per-observation exclusive interval; no sum-of-percentiles total
logistic_motion_forest_anomaly,measured,bad_tag_receiver,reject,invalid_tag,outer_orchestration_unisolated,119,0.0151,0.02343,0.02721399999999998,0.0284,119,Direct root/first-post-window remainder outside named child spans.,per-observation exclusive interval; no sum-of-percentiles total
logistic_motion_forest_anomaly,measured,bad_tag_receiver,reject,invalid_tag,receiver_binding_sequence_state_unisolated,119,0.1123,0.1822299999999999,0.219338,0.2971,119,"Verifier remainder including binding, sequence checks, locks/state publication and observer work; NOT isolated sequence latency.",per-observation exclusive interval; no sum-of-percentiles total
logistic_motion_forest_anomaly,measured,bad_tag_receiver,reject,invalid_tag,receiver_parsing,119,1.7783,2.34825,2.6596699999999984,3.0965,119,Envelope and binary parser call.,per-observation exclusive interval; no sum-of-percentiles total
logistic_motion_forest_anomaly,measured,bad_tag_receiver,reject,invalid_tag,receiver_quality_check,119,0.0,0.0,0.0,0.0,0,Verifier quality-check call.,per-observation exclusive interval; no sum-of-percentiles total
logistic_motion_forest_anomaly,measured,bad_tag_receiver,reject,invalid_tag,receiver_window_hmac,119,0.0229,0.03990999999999999,0.05097599999999999,0.0823,119,"Recorded verifier window-tag calculation, not complete authentication.",per-observation exclusive interval; no sum-of-percentiles total
logistic_motion_forest_anomaly,measured,bad_tag_receiver,reject,invalid_tag,reconstruction,119,0.0,0.0,0.0,0.0,0,Actual recorded BCH reconstruction; includes any observer/GC delay.,per-observation exclusive interval; no sum-of-percentiles total
logistic_motion_forest_anomaly,measured,bad_tag_receiver,reject,invalid_tag,release_conversion_unisolated,119,0.0,0.0,0.0,0.0,0,Accepted release remainder including conversion/dispatch/observer work outside consumer children.,per-observation exclusive interval; no sum-of-percentiles total
logistic_motion_forest_anomaly,measured,bad_tag_receiver,reject,invalid_tag,sender_binding_unisolated,119,0.0,0.0,0.0,0.0,0,Sender seal remainder: binding/state/orchestration/observer work not separately timed.,per-observation exclusive interval; no sum-of-percentiles total
logistic_motion_forest_anomaly,measured,bad_tag_receiver,reject,invalid_tag,sender_serialization_and_quality,119,0.0,0.0,0.0,0.0,0,Sender serialization including its quality validation; not separately timed.,per-observation exclusive interval; no sum-of-percentiles total
logistic_motion_forest_anomaly,measured,bad_tag_receiver,reject,invalid_tag,sender_window_hmac,119,0.0,0.0,0.0,0.0,0,Recorded window-tag generation call.,per-observation exclusive interval; no sum-of-percentiles total
logistic_motion_forest_anomaly,measured,bad_tag_receiver,reject,invalid_tag,session_establishment_unisolated,119,0.0,0.0,0.0,0.0,0,"Handshake/request/activation remainder, including unseparated HKDF/confirmation work and observer cost.",per-observation exclusive interval; no sum-of-percentiles total
logistic_motion_forest_anomaly,measured,bad_tag_receiver,reject,invalid_tag,simulated_response_read,119,0.0,0.0,0.0,0.0,0,"Modeled response generation, not physical acquisition.",per-observation exclusive interval; no sum-of-percentiles total
logistic_motion_forest_anomaly,measured,exact_replay_receiver,reject,duplicate_sequence,admission_orchestration_unisolated,119,0.0,0.0,0.0,0.0,0,Admission orchestration remainder not covered by named children.,per-observation exclusive interval; no sum-of-percentiles total
logistic_motion_forest_anomaly,measured,exact_replay_receiver,reject,duplicate_sequence,anomaly_consumer,119,0.0,0.0,0.0,0.0,0,Anomaly consumer including feature scaling and frozen-threshold decision.,per-observation exclusive interval; no sum-of-percentiles total
logistic_motion_forest_anomaly,measured,exact_replay_receiver,reject,duplicate_sequence,binary32_adapter,119,0.0,0.0,0.0,0.0,0,Canonical binary32 input adaptation before sender sealing.,per-observation exclusive interval; no sum-of-percentiles total
logistic_motion_forest_anomaly,measured,exact_replay_receiver,reject,duplicate_sequence,credential_verification,119,0.0,0.0,0.0,0.0,0,Recorded independent credential-verification call(s).,per-observation exclusive interval; no sum-of-percentiles total
logistic_motion_forest_anomaly,measured,exact_replay_receiver,reject,duplicate_sequence,in_memory_audit_measured,119,0.0735,0.09726999999999998,0.11492399999999997,0.174,119,"Recorded audit record/prepare/commit spans, exclusive of their children; not all audit-related overhead and not durable storage.",per-observation exclusive interval; no sum-of-percentiles total
logistic_motion_forest_anomaly,measured,exact_replay_receiver,reject,duplicate_sequence,local_admission_checks,119,0.0,0.0,0.0,0.0,0,"Measured local authorization/binding/consumption calls, excluding nested credential verification.",per-observation exclusive interval; no sum-of-percentiles total
logistic_motion_forest_anomaly,measured,exact_replay_receiver,reject,duplicate_sequence,model_input_preprocessing,119,0.0,0.0,0.0,0.0,0,Shared model-input preparation; model-specific normalization remains in consumer timing.,per-observation exclusive interval; no sum-of-percentiles total
logistic_motion_forest_anomaly,measured,exact_replay_receiver,reject,duplicate_sequence,motion_consumer,119,0.0,0.0,0.0,0.0,0,Motion consumer including normalization/tensor preparation/prediction decoding.,per-observation exclusive interval; no sum-of-percentiles total
logistic_motion_forest_anomaly,measured,exact_replay_receiver,reject,duplicate_sequence,outer_orchestration_unisolated,119,0.0147,0.02352,0.025201999999999992,0.0273,119,Direct root/first-post-window remainder outside named child spans.,per-observation exclusive interval; no sum-of-percentiles total
logistic_motion_forest_anomaly,measured,exact_replay_receiver,reject,duplicate_sequence,receiver_binding_sequence_state_unisolated,119,0.158,0.23789,0.3049839999999999,0.314,119,"Verifier remainder including binding, sequence checks, locks/state publication and observer work; NOT isolated sequence latency.",per-observation exclusive interval; no sum-of-percentiles total
logistic_motion_forest_anomaly,measured,exact_replay_receiver,reject,duplicate_sequence,receiver_parsing,119,1.9886,2.630979999999999,4.020133999999992,283.8802,119,Envelope and binary parser call.,per-observation exclusive interval; no sum-of-percentiles total
logistic_motion_forest_anomaly,measured,exact_replay_receiver,reject,duplicate_sequence,receiver_quality_check,119,5.217,6.222119999999999,7.246613999999999,8.2676,119,Verifier quality-check call.,per-observation exclusive interval; no sum-of-percentiles total
logistic_motion_forest_anomaly,measured,exact_replay_receiver,reject,duplicate_sequence,receiver_window_hmac,119,0.0305,0.04645,0.05755999999999998,0.06,119,"Recorded verifier window-tag calculation, not complete authentication.",per-observation exclusive interval; no sum-of-percentiles total
logistic_motion_forest_anomaly,measured,exact_replay_receiver,reject,duplicate_sequence,reconstruction,119,0.0,0.0,0.0,0.0,0,Actual recorded BCH reconstruction; includes any observer/GC delay.,per-observation exclusive interval; no sum-of-percentiles total
logistic_motion_forest_anomaly,measured,exact_replay_receiver,reject,duplicate_sequence,release_conversion_unisolated,119,0.0,0.0,0.0,0.0,0,Accepted release remainder including conversion/dispatch/observer work outside consumer children.,per-observation exclusive interval; no sum-of-percentiles total
logistic_motion_forest_anomaly,measured,exact_replay_receiver,reject,duplicate_sequence,sender_binding_unisolated,119,0.0,0.0,0.0,0.0,0,Sender seal remainder: binding/state/orchestration/observer work not separately timed.,per-observation exclusive interval; no sum-of-percentiles total
logistic_motion_forest_anomaly,measured,exact_replay_receiver,reject,duplicate_sequence,sender_serialization_and_quality,119,0.0,0.0,0.0,0.0,0,Sender serialization including its quality validation; not separately timed.,per-observation exclusive interval; no sum-of-percentiles total
logistic_motion_forest_anomaly,measured,exact_replay_receiver,reject,duplicate_sequence,sender_window_hmac,119,0.0,0.0,0.0,0.0,0,Recorded window-tag generation call.,per-observation exclusive interval; no sum-of-percentiles total
logistic_motion_forest_anomaly,measured,exact_replay_receiver,reject,duplicate_sequence,session_establishment_unisolated,119,0.0,0.0,0.0,0.0,0,"Handshake/request/activation remainder, including unseparated HKDF/confirmation work and observer cost.",per-observation exclusive interval; no sum-of-percentiles total
logistic_motion_forest_anomaly,measured,exact_replay_receiver,reject,duplicate_sequence,simulated_response_read,119,0.0,0.0,0.0,0.0,0,"Modeled response generation, not physical acquisition.",per-observation exclusive interval; no sum-of-percentiles total
logistic_motion_forest_anomaly,measured,fresh_to_first_window,accept,accepted,admission_orchestration_unisolated,119,0.0668,0.10483999999999995,0.13378799999999996,0.2333,119,Admission orchestration remainder not covered by named children.,per-observation exclusive interval; no sum-of-percentiles total
logistic_motion_forest_anomaly,measured,fresh_to_first_window,accept,accepted,anomaly_consumer,119,7.7226,11.47469,14.952927999999982,21.5885,119,Anomaly consumer including feature scaling and frozen-threshold decision.,per-observation exclusive interval; no sum-of-percentiles total
logistic_motion_forest_anomaly,measured,fresh_to_first_window,accept,accepted,binary32_adapter,119,1.4134,2.0718799999999997,2.16621,4.3853,119,Canonical binary32 input adaptation before sender sealing.,per-observation exclusive interval; no sum-of-percentiles total
logistic_motion_forest_anomaly,measured,fresh_to_first_window,accept,accepted,credential_verification,119,0.0712,0.10554999999999998,0.21300799999999936,0.2924,119,Recorded independent credential-verification call(s).,per-observation exclusive interval; no sum-of-percentiles total
logistic_motion_forest_anomaly,measured,fresh_to_first_window,accept,accepted,in_memory_audit_measured,119,0.2773,0.4451099999999998,0.6863079999999994,0.7906,119,"Recorded audit record/prepare/commit spans, exclusive of their children; not all audit-related overhead and not durable storage.",per-observation exclusive interval; no sum-of-percentiles total
logistic_motion_forest_anomaly,measured,fresh_to_first_window,accept,accepted,local_admission_checks,119,0.083,0.12235999999999995,0.16377999999999976,0.3002,119,"Measured local authorization/binding/consumption calls, excluding nested credential verification.",per-observation exclusive interval; no sum-of-percentiles total
logistic_motion_forest_anomaly,measured,fresh_to_first_window,accept,accepted,model_input_preprocessing,119,4.4234,6.865389999999999,8.876476,8.9078,119,Shared model-input preparation; model-specific normalization remains in consumer timing.,per-observation exclusive interval; no sum-of-percentiles total
logistic_motion_forest_anomaly,measured,fresh_to_first_window,accept,accepted,motion_consumer,119,0.7313,1.00104,1.2544979999999997,7.888,119,Motion consumer including normalization/tensor preparation/prediction decoding.,per-observation exclusive interval; no sum-of-percentiles total
logistic_motion_forest_anomaly,measured,fresh_to_first_window,accept,accepted,outer_orchestration_unisolated,119,0.1584,0.25234,0.271028,0.2813,119,Direct root/first-post-window remainder outside named child spans.,per-observation exclusive interval; no sum-of-percentiles total
logistic_motion_forest_anomaly,measured,fresh_to_first_window,accept,accepted,receiver_binding_sequence_state_unisolated,119,0.126,0.19410999999999998,0.2490779999999999,0.3067,119,"Verifier remainder including binding, sequence checks, locks/state publication and observer work; NOT isolated sequence latency.",per-observation exclusive interval; no sum-of-percentiles total
logistic_motion_forest_anomaly,measured,fresh_to_first_window,accept,accepted,receiver_parsing,119,2.0485,3.0725899999999995,4.044607999999996,6.9871,119,Envelope and binary parser call.,per-observation exclusive interval; no sum-of-percentiles total
logistic_motion_forest_anomaly,measured,fresh_to_first_window,accept,accepted,receiver_quality_check,119,5.6371,7.6272499999999965,9.997485999999995,12.6099,119,Verifier quality-check call.,per-observation exclusive interval; no sum-of-percentiles total
logistic_motion_forest_anomaly,measured,fresh_to_first_window,accept,accepted,receiver_window_hmac,119,0.0249,0.04903999999999999,0.05834799999999999,0.3089,119,"Recorded verifier window-tag calculation, not complete authentication.",per-observation exclusive interval; no sum-of-percentiles total
logistic_motion_forest_anomaly,measured,fresh_to_first_window,accept,accepted,reconstruction,119,4.7004,7.272299999999997,10.430584,39.601,119,Actual recorded BCH reconstruction; includes any observer/GC delay.,per-observation exclusive interval; no sum-of-percentiles total
logistic_motion_forest_anomaly,measured,fresh_to_first_window,accept,accepted,release_conversion_unisolated,119,0.6804,1.01344,1.2430079999999997,1.3341,119,Accepted release remainder including conversion/dispatch/observer work outside consumer children.,per-observation exclusive interval; no sum-of-percentiles total
logistic_motion_forest_anomaly,measured,fresh_to_first_window,accept,accepted,sender_binding_unisolated,119,0.1749,0.2908799999999999,0.3689579999999997,0.3965,119,Sender seal remainder: binding/state/orchestration/observer work not separately timed.,per-observation exclusive interval; no sum-of-percentiles total
logistic_motion_forest_anomaly,measured,fresh_to_first_window,accept,accepted,sender_serialization_and_quality,119,6.221,8.61591,11.329949999999991,11.9267,119,Sender serialization including its quality validation; not separately timed.,per-observation exclusive interval; no sum-of-percentiles total
logistic_motion_forest_anomaly,measured,fresh_to_first_window,accept,accepted,sender_window_hmac,119,0.0316,0.05605999999999998,0.06397399999999999,0.0722,119,Recorded window-tag generation call.,per-observation exclusive interval; no sum-of-percentiles total
logistic_motion_forest_anomaly,measured,fresh_to_first_window,accept,accepted,session_establishment_unisolated,119,0.5707,0.8643299999999999,1.1588679999999998,1.3446,119,"Handshake/request/activation remainder, including unseparated HKDF/confirmation work and observer cost.",per-observation exclusive interval; no sum-of-percentiles total
logistic_motion_forest_anomaly,measured,fresh_to_first_window,accept,accepted,simulated_response_read,119,0.194,0.3438199999999999,0.4151959999999999,0.4592,119,"Modeled response generation, not physical acquisition.",per-observation exclusive interval; no sum-of-percentiles total
logistic_motion_forest_anomaly,measured,fresh_to_first_window,reject,failed_reconstruction,admission_orchestration_unisolated,1,0.0356,0.0356,0.0356,0.0356,1,Admission orchestration remainder not covered by named children.,per-observation exclusive interval; no sum-of-percentiles total
logistic_motion_forest_anomaly,measured,fresh_to_first_window,reject,failed_reconstruction,anomaly_consumer,1,0.0,0.0,0.0,0.0,0,Anomaly consumer including feature scaling and frozen-threshold decision.,per-observation exclusive interval; no sum-of-percentiles total
logistic_motion_forest_anomaly,measured,fresh_to_first_window,reject,failed_reconstruction,binary32_adapter,1,0.0,0.0,0.0,0.0,0,Canonical binary32 input adaptation before sender sealing.,per-observation exclusive interval; no sum-of-percentiles total
logistic_motion_forest_anomaly,measured,fresh_to_first_window,reject,failed_reconstruction,credential_verification,1,0.0,0.0,0.0,0.0,0,Recorded independent credential-verification call(s).,per-observation exclusive interval; no sum-of-percentiles total
logistic_motion_forest_anomaly,measured,fresh_to_first_window,reject,failed_reconstruction,in_memory_audit_measured,1,0.054,0.054,0.054,0.054,1,"Recorded audit record/prepare/commit spans, exclusive of their children; not all audit-related overhead and not durable storage.",per-observation exclusive interval; no sum-of-percentiles total
logistic_motion_forest_anomaly,measured,fresh_to_first_window,reject,failed_reconstruction,local_admission_checks,1,0.0,0.0,0.0,0.0,0,"Measured local authorization/binding/consumption calls, excluding nested credential verification.",per-observation exclusive interval; no sum-of-percentiles total
logistic_motion_forest_anomaly,measured,fresh_to_first_window,reject,failed_reconstruction,model_input_preprocessing,1,0.0,0.0,0.0,0.0,0,Shared model-input preparation; model-specific normalization remains in consumer timing.,per-observation exclusive interval; no sum-of-percentiles total
logistic_motion_forest_anomaly,measured,fresh_to_first_window,reject,failed_reconstruction,motion_consumer,1,0.0,0.0,0.0,0.0,0,Motion consumer including normalization/tensor preparation/prediction decoding.,per-observation exclusive interval; no sum-of-percentiles total
logistic_motion_forest_anomaly,measured,fresh_to_first_window,reject,failed_reconstruction,outer_orchestration_unisolated,1,0.0142,0.0142,0.0142,0.0142,1,Direct root/first-post-window remainder outside named child spans.,per-observation exclusive interval; no sum-of-percentiles total
logistic_motion_forest_anomaly,measured,fresh_to_first_window,reject,failed_reconstruction,receiver_binding_sequence_state_unisolated,1,0.0,0.0,0.0,0.0,0,"Verifier remainder including binding, sequence checks, locks/state publication and observer work; NOT isolated sequence latency.",per-observation exclusive interval; no sum-of-percentiles total
logistic_motion_forest_anomaly,measured,fresh_to_first_window,reject,failed_reconstruction,receiver_parsing,1,0.0,0.0,0.0,0.0,0,Envelope and binary parser call.,per-observation exclusive interval; no sum-of-percentiles total
logistic_motion_forest_anomaly,measured,fresh_to_first_window,reject,failed_reconstruction,receiver_quality_check,1,0.0,0.0,0.0,0.0,0,Verifier quality-check call.,per-observation exclusive interval; no sum-of-percentiles total
logistic_motion_forest_anomaly,measured,fresh_to_first_window,reject,failed_reconstruction,receiver_window_hmac,1,0.0,0.0,0.0,0.0,0,"Recorded verifier window-tag calculation, not complete authentication.",per-observation exclusive interval; no sum-of-percentiles total
logistic_motion_forest_anomaly,measured,fresh_to_first_window,reject,failed_reconstruction,reconstruction,1,3.4873,3.4873,3.4873,3.4873,1,Actual recorded BCH reconstruction; includes any observer/GC delay.,per-observation exclusive interval; no sum-of-percentiles total
logistic_motion_forest_anomaly,measured,fresh_to_first_window,reject,failed_reconstruction,release_conversion_unisolated,1,0.0,0.0,0.0,0.0,0,Accepted release remainder including conversion/dispatch/observer work outside consumer children.,per-observation exclusive interval; no sum-of-percentiles total
logistic_motion_forest_anomaly,measured,fresh_to_first_window,reject,failed_reconstruction,sender_binding_unisolated,1,0.0,0.0,0.0,0.0,0,Sender seal remainder: binding/state/orchestration/observer work not separately timed.,per-observation exclusive interval; no sum-of-percentiles total
logistic_motion_forest_anomaly,measured,fresh_to_first_window,reject,failed_reconstruction,sender_serialization_and_quality,1,0.0,0.0,0.0,0.0,0,Sender serialization including its quality validation; not separately timed.,per-observation exclusive interval; no sum-of-percentiles total
logistic_motion_forest_anomaly,measured,fresh_to_first_window,reject,failed_reconstruction,sender_window_hmac,1,0.0,0.0,0.0,0.0,0,Recorded window-tag generation call.,per-observation exclusive interval; no sum-of-percentiles total
logistic_motion_forest_anomaly,measured,fresh_to_first_window,reject,failed_reconstruction,session_establishment_unisolated,1,0.0803,0.0803,0.0803,0.0803,1,"Handshake/request/activation remainder, including unseparated HKDF/confirmation work and observer cost.",per-observation exclusive interval; no sum-of-percentiles total
logistic_motion_forest_anomaly,measured,fresh_to_first_window,reject,failed_reconstruction,simulated_response_read,1,0.1752,0.1752,0.1752,0.1752,1,"Modeled response generation, not physical acquisition.",per-observation exclusive interval; no sum-of-percentiles total
logistic_motion_forest_anomaly,measured,malformed_json_receiver,reject,malformed_message,admission_orchestration_unisolated,119,0.0,0.0,0.0,0.0,0,Admission orchestration remainder not covered by named children.,per-observation exclusive interval; no sum-of-percentiles total
logistic_motion_forest_anomaly,measured,malformed_json_receiver,reject,malformed_message,anomaly_consumer,119,0.0,0.0,0.0,0.0,0,Anomaly consumer including feature scaling and frozen-threshold decision.,per-observation exclusive interval; no sum-of-percentiles total
logistic_motion_forest_anomaly,measured,malformed_json_receiver,reject,malformed_message,binary32_adapter,119,0.0,0.0,0.0,0.0,0,Canonical binary32 input adaptation before sender sealing.,per-observation exclusive interval; no sum-of-percentiles total
logistic_motion_forest_anomaly,measured,malformed_json_receiver,reject,malformed_message,credential_verification,119,0.0,0.0,0.0,0.0,0,Recorded independent credential-verification call(s).,per-observation exclusive interval; no sum-of-percentiles total
logistic_motion_forest_anomaly,measured,malformed_json_receiver,reject,malformed_message,in_memory_audit_measured,119,0.0625,0.10417999999999998,0.12272799999999998,0.1268,119,"Recorded audit record/prepare/commit spans, exclusive of their children; not all audit-related overhead and not durable storage.",per-observation exclusive interval; no sum-of-percentiles total
logistic_motion_forest_anomaly,measured,malformed_json_receiver,reject,malformed_message,local_admission_checks,119,0.0,0.0,0.0,0.0,0,"Measured local authorization/binding/consumption calls, excluding nested credential verification.",per-observation exclusive interval; no sum-of-percentiles total
logistic_motion_forest_anomaly,measured,malformed_json_receiver,reject,malformed_message,model_input_preprocessing,119,0.0,0.0,0.0,0.0,0,Shared model-input preparation; model-specific normalization remains in consumer timing.,per-observation exclusive interval; no sum-of-percentiles total
logistic_motion_forest_anomaly,measured,malformed_json_receiver,reject,malformed_message,motion_consumer,119,0.0,0.0,0.0,0.0,0,Motion consumer including normalization/tensor preparation/prediction decoding.,per-observation exclusive interval; no sum-of-percentiles total
logistic_motion_forest_anomaly,measured,malformed_json_receiver,reject,malformed_message,outer_orchestration_unisolated,119,0.0091,0.01662,0.02057599999999999,0.0224,119,Direct root/first-post-window remainder outside named child spans.,per-observation exclusive interval; no sum-of-percentiles total
logistic_motion_forest_anomaly,measured,malformed_json_receiver,reject,malformed_message,receiver_binding_sequence_state_unisolated,119,0.0492,0.08866999999999998,0.10900999999999995,0.1558,119,"Verifier remainder including binding, sequence checks, locks/state publication and observer work; NOT isolated sequence latency.",per-observation exclusive interval; no sum-of-percentiles total
logistic_motion_forest_anomaly,measured,malformed_json_receiver,reject,malformed_message,receiver_parsing,119,0.0384,0.06164,0.07043999999999999,0.0922,119,Envelope and binary parser call.,per-observation exclusive interval; no sum-of-percentiles total
logistic_motion_forest_anomaly,measured,malformed_json_receiver,reject,malformed_message,receiver_quality_check,119,0.0,0.0,0.0,0.0,0,Verifier quality-check call.,per-observation exclusive interval; no sum-of-percentiles total
logistic_motion_forest_anomaly,measured,malformed_json_receiver,reject,malformed_message,receiver_window_hmac,119,0.0,0.0,0.0,0.0,0,"Recorded verifier window-tag calculation, not complete authentication.",per-observation exclusive interval; no sum-of-percentiles total
logistic_motion_forest_anomaly,measured,malformed_json_receiver,reject,malformed_message,reconstruction,119,0.0,0.0,0.0,0.0,0,Actual recorded BCH reconstruction; includes any observer/GC delay.,per-observation exclusive interval; no sum-of-percentiles total
logistic_motion_forest_anomaly,measured,malformed_json_receiver,reject,malformed_message,release_conversion_unisolated,119,0.0,0.0,0.0,0.0,0,Accepted release remainder including conversion/dispatch/observer work outside consumer children.,per-observation exclusive interval; no sum-of-percentiles total
logistic_motion_forest_anomaly,measured,malformed_json_receiver,reject,malformed_message,sender_binding_unisolated,119,0.0,0.0,0.0,0.0,0,Sender seal remainder: binding/state/orchestration/observer work not separately timed.,per-observation exclusive interval; no sum-of-percentiles total
logistic_motion_forest_anomaly,measured,malformed_json_receiver,reject,malformed_message,sender_serialization_and_quality,119,0.0,0.0,0.0,0.0,0,Sender serialization including its quality validation; not separately timed.,per-observation exclusive interval; no sum-of-percentiles total
logistic_motion_forest_anomaly,measured,malformed_json_receiver,reject,malformed_message,sender_window_hmac,119,0.0,0.0,0.0,0.0,0,Recorded window-tag generation call.,per-observation exclusive interval; no sum-of-percentiles total
logistic_motion_forest_anomaly,measured,malformed_json_receiver,reject,malformed_message,session_establishment_unisolated,119,0.0,0.0,0.0,0.0,0,"Handshake/request/activation remainder, including unseparated HKDF/confirmation work and observer cost.",per-observation exclusive interval; no sum-of-percentiles total
logistic_motion_forest_anomaly,measured,malformed_json_receiver,reject,malformed_message,simulated_response_read,119,0.0,0.0,0.0,0.0,0,"Modeled response generation, not physical acquisition.",per-observation exclusive interval; no sum-of-percentiles total
logistic_motion_forest_anomaly,measured,post_window_after_refusals,accept,accepted,admission_orchestration_unisolated,119,0.0,0.0,0.0,0.0,0,Admission orchestration remainder not covered by named children.,per-observation exclusive interval; no sum-of-percentiles total
logistic_motion_forest_anomaly,measured,post_window_after_refusals,accept,accepted,anomaly_consumer,119,6.5005,12.260399999999999,13.862101999999997,16.9011,119,Anomaly consumer including feature scaling and frozen-threshold decision.,per-observation exclusive interval; no sum-of-percentiles total
logistic_motion_forest_anomaly,measured,post_window_after_refusals,accept,accepted,binary32_adapter,119,1.0353,1.82841,2.0484179999999994,2.0969,119,Canonical binary32 input adaptation before sender sealing.,per-observation exclusive interval; no sum-of-percentiles total
logistic_motion_forest_anomaly,measured,post_window_after_refusals,accept,accepted,credential_verification,119,0.0,0.0,0.0,0.0,0,Recorded independent credential-verification call(s).,per-observation exclusive interval; no sum-of-percentiles total
logistic_motion_forest_anomaly,measured,post_window_after_refusals,accept,accepted,in_memory_audit_measured,119,0.1016,0.19456999999999994,0.25076599999999977,0.291,119,"Recorded audit record/prepare/commit spans, exclusive of their children; not all audit-related overhead and not durable storage.",per-observation exclusive interval; no sum-of-percentiles total
logistic_motion_forest_anomaly,measured,post_window_after_refusals,accept,accepted,local_admission_checks,119,0.0,0.0,0.0,0.0,0,"Measured local authorization/binding/consumption calls, excluding nested credential verification.",per-observation exclusive interval; no sum-of-percentiles total
logistic_motion_forest_anomaly,measured,post_window_after_refusals,accept,accepted,model_input_preprocessing,119,3.4373,6.250429999999999,8.008595999999999,8.4453,119,Shared model-input preparation; model-specific normalization remains in consumer timing.,per-observation exclusive interval; no sum-of-percentiles total
logistic_motion_forest_anomaly,measured,post_window_after_refusals,accept,accepted,motion_consumer,119,0.6053,0.9587599999999992,1.3216619999999994,1.4285,119,Motion consumer including normalization/tensor preparation/prediction decoding.,per-observation exclusive interval; no sum-of-percentiles total
logistic_motion_forest_anomaly,measured,post_window_after_refusals,accept,accepted,outer_orchestration_unisolated,119,0.0975,0.17893999999999988,0.20526599999999998,0.2079,119,Direct root/first-post-window remainder outside named child spans.,per-observation exclusive interval; no sum-of-percentiles total
logistic_motion_forest_anomaly,measured,post_window_after_refusals,accept,accepted,receiver_binding_sequence_state_unisolated,119,0.1116,0.20308999999999994,0.2494459999999999,0.2688,119,"Verifier remainder including binding, sequence checks, locks/state publication and observer work; NOT isolated sequence latency.",per-observation exclusive interval; no sum-of-percentiles total
logistic_motion_forest_anomaly,measured,post_window_after_refusals,accept,accepted,receiver_parsing,119,1.5466,2.66882,3.107868,3.2148,119,Envelope and binary parser call.,per-observation exclusive interval; no sum-of-percentiles total
logistic_motion_forest_anomaly,measured,post_window_after_refusals,accept,accepted,receiver_quality_check,119,4.4462,7.39287,8.204664,8.3058,119,Verifier quality-check call.,per-observation exclusive interval; no sum-of-percentiles total
logistic_motion_forest_anomaly,measured,post_window_after_refusals,accept,accepted,receiver_window_hmac,119,0.0228,0.05093999999999999,0.0702919999999999,0.1888,119,"Recorded verifier window-tag calculation, not complete authentication.",per-observation exclusive interval; no sum-of-percentiles total
logistic_motion_forest_anomaly,measured,post_window_after_refusals,accept,accepted,reconstruction,119,0.0,0.0,0.0,0.0,0,Actual recorded BCH reconstruction; includes any observer/GC delay.,per-observation exclusive interval; no sum-of-percentiles total
logistic_motion_forest_anomaly,measured,post_window_after_refusals,accept,accepted,release_conversion_unisolated,119,0.5137,0.9461599999999997,1.1199239999999995,1.2969,119,Accepted release remainder including conversion/dispatch/observer work outside consumer children.,per-observation exclusive interval; no sum-of-percentiles total
logistic_motion_forest_anomaly,measured,post_window_after_refusals,accept,accepted,sender_binding_unisolated,119,0.1567,0.30008,0.31470799999999993,0.3517,119,Sender seal remainder: binding/state/orchestration/observer work not separately timed.,per-observation exclusive interval; no sum-of-percentiles total
logistic_motion_forest_anomaly,measured,post_window_after_refusals,accept,accepted,sender_serialization_and_quality,119,4.9576,7.699289999999999,8.900576,9.3702,119,Sender serialization including its quality validation; not separately timed.,per-observation exclusive interval; no sum-of-percentiles total
logistic_motion_forest_anomaly,measured,post_window_after_refusals,accept,accepted,sender_window_hmac,119,0.0408,0.06030999999999999,0.09013599999999992,0.1209,119,Recorded window-tag generation call.,per-observation exclusive interval; no sum-of-percentiles total
logistic_motion_forest_anomaly,measured,post_window_after_refusals,accept,accepted,session_establishment_unisolated,119,0.0,0.0,0.0,0.0,0,"Handshake/request/activation remainder, including unseparated HKDF/confirmation work and observer cost.",per-observation exclusive interval; no sum-of-percentiles total
logistic_motion_forest_anomaly,measured,post_window_after_refusals,accept,accepted,simulated_response_read,119,0.0,0.0,0.0,0.0,0,"Modeled response generation, not physical acquisition.",per-observation exclusive interval; no sum-of-percentiles total
logistic_motion_forest_anomaly,measured,post_window_recurring,accept,accepted,admission_orchestration_unisolated,119,0.0,0.0,0.0,0.0,0,Admission orchestration remainder not covered by named children.,per-observation exclusive interval; no sum-of-percentiles total
logistic_motion_forest_anomaly,measured,post_window_recurring,accept,accepted,anomaly_consumer,119,7.7761,9.95814,11.230373999999998,11.5826,119,Anomaly consumer including feature scaling and frozen-threshold decision.,per-observation exclusive interval; no sum-of-percentiles total
logistic_motion_forest_anomaly,measured,post_window_recurring,accept,accepted,binary32_adapter,119,1.3827,1.9650899999999996,2.4272279999999977,2.7415,119,Canonical binary32 input adaptation before sender sealing.,per-observation exclusive interval; no sum-of-percentiles total
logistic_motion_forest_anomaly,measured,post_window_recurring,accept,accepted,credential_verification,119,0.0,0.0,0.0,0.0,0,Recorded independent credential-verification call(s).,per-observation exclusive interval; no sum-of-percentiles total
logistic_motion_forest_anomaly,measured,post_window_recurring,accept,accepted,in_memory_audit_measured,119,0.1306,0.19990999999999998,0.21598799999999996,0.2235,119,"Recorded audit record/prepare/commit spans, exclusive of their children; not all audit-related overhead and not durable storage.",per-observation exclusive interval; no sum-of-percentiles total
logistic_motion_forest_anomaly,measured,post_window_recurring,accept,accepted,local_admission_checks,119,0.0,0.0,0.0,0.0,0,"Measured local authorization/binding/consumption calls, excluding nested credential verification.",per-observation exclusive interval; no sum-of-percentiles total
logistic_motion_forest_anomaly,measured,post_window_recurring,accept,accepted,model_input_preprocessing,119,4.4025,6.61299,6.911038,7.5113,119,Shared model-input preparation; model-specific normalization remains in consumer timing.,per-observation exclusive interval; no sum-of-percentiles total
logistic_motion_forest_anomaly,measured,post_window_recurring,accept,accepted,motion_consumer,119,0.7118,0.9786299999999996,1.2368599999999998,2.2974,119,Motion consumer including normalization/tensor preparation/prediction decoding.,per-observation exclusive interval; no sum-of-percentiles total
logistic_motion_forest_anomaly,measured,post_window_recurring,accept,accepted,outer_orchestration_unisolated,119,0.1281,0.19544,0.22864599999999985,0.2718,119,Direct root/first-post-window remainder outside named child spans.,per-observation exclusive interval; no sum-of-percentiles total
logistic_motion_forest_anomaly,measured,post_window_recurring,accept,accepted,receiver_binding_sequence_state_unisolated,119,0.1258,0.19041999999999995,0.25647799999999965,0.2823,119,"Verifier remainder including binding, sequence checks, locks/state publication and observer work; NOT isolated sequence latency.",per-observation exclusive interval; no sum-of-percentiles total
logistic_motion_forest_anomaly,measured,post_window_recurring,accept,accepted,receiver_parsing,119,2.125,5.294979999999998,6.353249999999999,8.1119,119,Envelope and binary parser call.,per-observation exclusive interval; no sum-of-percentiles total
logistic_motion_forest_anomaly,measured,post_window_recurring,accept,accepted,receiver_quality_check,119,5.6314,7.39298,8.171614,11.0478,119,Verifier quality-check call.,per-observation exclusive interval; no sum-of-percentiles total
logistic_motion_forest_anomaly,measured,post_window_recurring,accept,accepted,receiver_window_hmac,119,0.0287,0.048429999999999994,0.05880599999999994,0.0922,119,"Recorded verifier window-tag calculation, not complete authentication.",per-observation exclusive interval; no sum-of-percentiles total
logistic_motion_forest_anomaly,measured,post_window_recurring,accept,accepted,reconstruction,119,0.0,0.0,0.0,0.0,0,Actual recorded BCH reconstruction; includes any observer/GC delay.,per-observation exclusive interval; no sum-of-percentiles total
logistic_motion_forest_anomaly,measured,post_window_recurring,accept,accepted,release_conversion_unisolated,119,0.6745,0.9588099999999998,1.046838,1.124,119,Accepted release remainder including conversion/dispatch/observer work outside consumer children.,per-observation exclusive interval; no sum-of-percentiles total
logistic_motion_forest_anomaly,measured,post_window_recurring,accept,accepted,sender_binding_unisolated,119,0.179,0.29327,0.3362899999999998,0.3445,119,Sender seal remainder: binding/state/orchestration/observer work not separately timed.,per-observation exclusive interval; no sum-of-percentiles total
logistic_motion_forest_anomaly,measured,post_window_recurring,accept,accepted,sender_serialization_and_quality,119,6.2708,8.40666,9.515977999999995,13.5153,119,Sender serialization including its quality validation; not separately timed.,per-observation exclusive interval; no sum-of-percentiles total
logistic_motion_forest_anomaly,measured,post_window_recurring,accept,accepted,sender_window_hmac,119,0.0386,0.062269999999999985,0.07155799999999995,0.4121,119,Recorded window-tag generation call.,per-observation exclusive interval; no sum-of-percentiles total
logistic_motion_forest_anomaly,measured,post_window_recurring,accept,accepted,session_establishment_unisolated,119,0.0,0.0,0.0,0.0,0,"Handshake/request/activation remainder, including unseparated HKDF/confirmation work and observer cost.",per-observation exclusive interval; no sum-of-percentiles total
logistic_motion_forest_anomaly,measured,post_window_recurring,accept,accepted,simulated_response_read,119,0.0,0.0,0.0,0.0,0,"Modeled response generation, not physical acquisition.",per-observation exclusive interval; no sum-of-percentiles total
logistic_motion_forest_anomaly,measured,pre_tag_quality_refusal,reject,data_quality_failure,admission_orchestration_unisolated,119,0.0,0.0,0.0,0.0,0,Admission orchestration remainder not covered by named children.,per-observation exclusive interval; no sum-of-percentiles total
logistic_motion_forest_anomaly,measured,pre_tag_quality_refusal,reject,data_quality_failure,anomaly_consumer,119,0.0,0.0,0.0,0.0,0,Anomaly consumer including feature scaling and frozen-threshold decision.,per-observation exclusive interval; no sum-of-percentiles total
logistic_motion_forest_anomaly,measured,pre_tag_quality_refusal,reject,data_quality_failure,binary32_adapter,119,1.0636,1.9259,2.1914779999999996,2.3198,119,Canonical binary32 input adaptation before sender sealing.,per-observation exclusive interval; no sum-of-percentiles total
logistic_motion_forest_anomaly,measured,pre_tag_quality_refusal,reject,data_quality_failure,credential_verification,119,0.0,0.0,0.0,0.0,0,Recorded independent credential-verification call(s).,per-observation exclusive interval; no sum-of-percentiles total
logistic_motion_forest_anomaly,measured,pre_tag_quality_refusal,reject,data_quality_failure,in_memory_audit_measured,119,0.0568,0.12554,0.1393059999999999,0.1658,119,"Recorded audit record/prepare/commit spans, exclusive of their children; not all audit-related overhead and not durable storage.",per-observation exclusive interval; no sum-of-percentiles total
logistic_motion_forest_anomaly,measured,pre_tag_quality_refusal,reject,data_quality_failure,local_admission_checks,119,0.0,0.0,0.0,0.0,0,"Measured local authorization/binding/consumption calls, excluding nested credential verification.",per-observation exclusive interval; no sum-of-percentiles total
logistic_motion_forest_anomaly,measured,pre_tag_quality_refusal,reject,data_quality_failure,model_input_preprocessing,119,0.0,0.0,0.0,0.0,0,Shared model-input preparation; model-specific normalization remains in consumer timing.,per-observation exclusive interval; no sum-of-percentiles total
logistic_motion_forest_anomaly,measured,pre_tag_quality_refusal,reject,data_quality_failure,motion_consumer,119,0.0,0.0,0.0,0.0,0,Motion consumer including normalization/tensor preparation/prediction decoding.,per-observation exclusive interval; no sum-of-percentiles total
logistic_motion_forest_anomaly,measured,pre_tag_quality_refusal,reject,data_quality_failure,outer_orchestration_unisolated,119,0.0512,0.11744999999999996,0.130768,0.1493,119,Direct root/first-post-window remainder outside named child spans.,per-observation exclusive interval; no sum-of-percentiles total
logistic_motion_forest_anomaly,measured,pre_tag_quality_refusal,reject,data_quality_failure,receiver_binding_sequence_state_unisolated,119,0.0,0.0,0.0,0.0,0,"Verifier remainder including binding, sequence checks, locks/state publication and observer work; NOT isolated sequence latency.",per-observation exclusive interval; no sum-of-percentiles total
logistic_motion_forest_anomaly,measured,pre_tag_quality_refusal,reject,data_quality_failure,receiver_parsing,119,0.0,0.0,0.0,0.0,0,Envelope and binary parser call.,per-observation exclusive interval; no sum-of-percentiles total
logistic_motion_forest_anomaly,measured,pre_tag_quality_refusal,reject,data_quality_failure,receiver_quality_check,119,0.0,0.0,0.0,0.0,0,Verifier quality-check call.,per-observation exclusive interval; no sum-of-percentiles total
logistic_motion_forest_anomaly,measured,pre_tag_quality_refusal,reject,data_quality_failure,receiver_window_hmac,119,0.0,0.0,0.0,0.0,0,"Recorded verifier window-tag calculation, not complete authentication.",per-observation exclusive interval; no sum-of-percentiles total
logistic_motion_forest_anomaly,measured,pre_tag_quality_refusal,reject,data_quality_failure,reconstruction,119,0.0,0.0,0.0,0.0,0,Actual recorded BCH reconstruction; includes any observer/GC delay.,per-observation exclusive interval; no sum-of-percentiles total
logistic_motion_forest_anomaly,measured,pre_tag_quality_refusal,reject,data_quality_failure,release_conversion_unisolated,119,0.0,0.0,0.0,0.0,0,Accepted release remainder including conversion/dispatch/observer work outside consumer children.,per-observation exclusive interval; no sum-of-percentiles total
logistic_motion_forest_anomaly,measured,pre_tag_quality_refusal,reject,data_quality_failure,sender_binding_unisolated,119,0.0763,0.16053999999999996,0.20672199999999988,0.2388,119,Sender seal remainder: binding/state/orchestration/observer work not separately timed.,per-observation exclusive interval; no sum-of-percentiles total
logistic_motion_forest_anomaly,measured,pre_tag_quality_refusal,reject,data_quality_failure,sender_serialization_and_quality,119,0.4784,0.8162899999999998,0.9853239999999998,1.0976,119,Sender serialization including its quality validation; not separately timed.,per-observation exclusive interval; no sum-of-percentiles total
logistic_motion_forest_anomaly,measured,pre_tag_quality_refusal,reject,data_quality_failure,sender_window_hmac,119,0.0,0.0,0.0,0.0,0,Recorded window-tag generation call.,per-observation exclusive interval; no sum-of-percentiles total
logistic_motion_forest_anomaly,measured,pre_tag_quality_refusal,reject,data_quality_failure,session_establishment_unisolated,119,0.0,0.0,0.0,0.0,0,"Handshake/request/activation remainder, including unseparated HKDF/confirmation work and observer cost.",per-observation exclusive interval; no sum-of-percentiles total
logistic_motion_forest_anomaly,measured,pre_tag_quality_refusal,reject,data_quality_failure,simulated_response_read,119,0.0,0.0,0.0,0.0,0,"Modeled response generation, not physical acquisition.",per-observation exclusive interval; no sum-of-percentiles total
logistic_motion_forest_anomaly,measured,valid_receiver_after_bad_tag,accept,accepted,admission_orchestration_unisolated,119,0.0,0.0,0.0,0.0,0,Admission orchestration remainder not covered by named children.,per-observation exclusive interval; no sum-of-percentiles total
logistic_motion_forest_anomaly,measured,valid_receiver_after_bad_tag,accept,accepted,anomaly_consumer,119,7.6088,10.997649999999998,13.276833999999997,13.9128,119,Anomaly consumer including feature scaling and frozen-threshold decision.,per-observation exclusive interval; no sum-of-percentiles total
logistic_motion_forest_anomaly,measured,valid_receiver_after_bad_tag,accept,accepted,binary32_adapter,119,0.0,0.0,0.0,0.0,0,Canonical binary32 input adaptation before sender sealing.,per-observation exclusive interval; no sum-of-percentiles total
logistic_motion_forest_anomaly,measured,valid_receiver_after_bad_tag,accept,accepted,credential_verification,119,0.0,0.0,0.0,0.0,0,Recorded independent credential-verification call(s).,per-observation exclusive interval; no sum-of-percentiles total
logistic_motion_forest_anomaly,measured,valid_receiver_after_bad_tag,accept,accepted,in_memory_audit_measured,119,0.0556,0.08484,0.107228,0.1213,119,"Recorded audit record/prepare/commit spans, exclusive of their children; not all audit-related overhead and not durable storage.",per-observation exclusive interval; no sum-of-percentiles total
logistic_motion_forest_anomaly,measured,valid_receiver_after_bad_tag,accept,accepted,local_admission_checks,119,0.0,0.0,0.0,0.0,0,"Measured local authorization/binding/consumption calls, excluding nested credential verification.",per-observation exclusive interval; no sum-of-percentiles total
logistic_motion_forest_anomaly,measured,valid_receiver_after_bad_tag,accept,accepted,model_input_preprocessing,119,4.4042,5.774,7.709249999999993,7.9045,119,Shared model-input preparation; model-specific normalization remains in consumer timing.,per-observation exclusive interval; no sum-of-percentiles total
logistic_motion_forest_anomaly,measured,valid_receiver_after_bad_tag,accept,accepted,motion_consumer,119,0.6979,1.0073399999999995,1.5967239999999991,4.8607,119,Motion consumer including normalization/tensor preparation/prediction decoding.,per-observation exclusive interval; no sum-of-percentiles total
logistic_motion_forest_anomaly,measured,valid_receiver_after_bad_tag,accept,accepted,outer_orchestration_unisolated,119,0.0286,0.04125999999999998,0.04849199999999999,0.0498,119,Direct root/first-post-window remainder outside named child spans.,per-observation exclusive interval; no sum-of-percentiles total
logistic_motion_forest_anomaly,measured,valid_receiver_after_bad_tag,accept,accepted,receiver_binding_sequence_state_unisolated,119,0.1196,0.17623,0.2536319999999999,0.2653,119,"Verifier remainder including binding, sequence checks, locks/state publication and observer work; NOT isolated sequence latency.",per-observation exclusive interval; no sum-of-percentiles total
logistic_motion_forest_anomaly,measured,valid_receiver_after_bad_tag,accept,accepted,receiver_parsing,119,1.7623,2.2744799999999996,2.5137579999999993,2.6635,119,Envelope and binary parser call.,per-observation exclusive interval; no sum-of-percentiles total
logistic_motion_forest_anomaly,measured,valid_receiver_after_bad_tag,accept,accepted,receiver_quality_check,119,5.6164,7.02738,8.299629999999999,8.6963,119,Verifier quality-check call.,per-observation exclusive interval; no sum-of-percentiles total
logistic_motion_forest_anomaly,measured,valid_receiver_after_bad_tag,accept,accepted,receiver_window_hmac,119,0.0228,0.03803,0.05455999999999998,0.0575,119,"Recorded verifier window-tag calculation, not complete authentication.",per-observation exclusive interval; no sum-of-percentiles total
logistic_motion_forest_anomaly,measured,valid_receiver_after_bad_tag,accept,accepted,reconstruction,119,0.0,0.0,0.0,0.0,0,Actual recorded BCH reconstruction; includes any observer/GC delay.,per-observation exclusive interval; no sum-of-percentiles total
logistic_motion_forest_anomaly,measured,valid_receiver_after_bad_tag,accept,accepted,release_conversion_unisolated,119,0.6835,0.9005599999999999,1.0372739999999998,1.0865,119,Accepted release remainder including conversion/dispatch/observer work outside consumer children.,per-observation exclusive interval; no sum-of-percentiles total
logistic_motion_forest_anomaly,measured,valid_receiver_after_bad_tag,accept,accepted,sender_binding_unisolated,119,0.0,0.0,0.0,0.0,0,Sender seal remainder: binding/state/orchestration/observer work not separately timed.,per-observation exclusive interval; no sum-of-percentiles total
logistic_motion_forest_anomaly,measured,valid_receiver_after_bad_tag,accept,accepted,sender_serialization_and_quality,119,0.0,0.0,0.0,0.0,0,Sender serialization including its quality validation; not separately timed.,per-observation exclusive interval; no sum-of-percentiles total
logistic_motion_forest_anomaly,measured,valid_receiver_after_bad_tag,accept,accepted,sender_window_hmac,119,0.0,0.0,0.0,0.0,0,Recorded window-tag generation call.,per-observation exclusive interval; no sum-of-percentiles total
logistic_motion_forest_anomaly,measured,valid_receiver_after_bad_tag,accept,accepted,session_establishment_unisolated,119,0.0,0.0,0.0,0.0,0,"Handshake/request/activation remainder, including unseparated HKDF/confirmation work and observer cost.",per-observation exclusive interval; no sum-of-percentiles total
logistic_motion_forest_anomaly,measured,valid_receiver_after_bad_tag,accept,accepted,simulated_response_read,119,0.0,0.0,0.0,0.0,0,"Modeled response generation, not physical acquisition.",per-observation exclusive interval; no sum-of-percentiles total
logistic_motion_forest_anomaly,warmup,bad_tag_receiver,reject,invalid_tag,admission_orchestration_unisolated,29,0.0,0.0,0.0,0.0,0,Admission orchestration remainder not covered by named children.,per-observation exclusive interval; no sum-of-percentiles total
logistic_motion_forest_anomaly,warmup,bad_tag_receiver,reject,invalid_tag,anomaly_consumer,29,0.0,0.0,0.0,0.0,0,Anomaly consumer including feature scaling and frozen-threshold decision.,per-observation exclusive interval; no sum-of-percentiles total
logistic_motion_forest_anomaly,warmup,bad_tag_receiver,reject,invalid_tag,binary32_adapter,29,0.0,0.0,0.0,0.0,0,Canonical binary32 input adaptation before sender sealing.,per-observation exclusive interval; no sum-of-percentiles total
logistic_motion_forest_anomaly,warmup,bad_tag_receiver,reject,invalid_tag,credential_verification,29,0.0,0.0,0.0,0.0,0,Recorded independent credential-verification call(s).,per-observation exclusive interval; no sum-of-percentiles total
logistic_motion_forest_anomaly,warmup,bad_tag_receiver,reject,invalid_tag,in_memory_audit_measured,29,0.0418,0.04903999999999999,0.06171999999999998,0.0662,29,"Recorded audit record/prepare/commit spans, exclusive of their children; not all audit-related overhead and not durable storage.",per-observation exclusive interval; no sum-of-percentiles total
logistic_motion_forest_anomaly,warmup,bad_tag_receiver,reject,invalid_tag,local_admission_checks,29,0.0,0.0,0.0,0.0,0,"Measured local authorization/binding/consumption calls, excluding nested credential verification.",per-observation exclusive interval; no sum-of-percentiles total
logistic_motion_forest_anomaly,warmup,bad_tag_receiver,reject,invalid_tag,model_input_preprocessing,29,0.0,0.0,0.0,0.0,0,Shared model-input preparation; model-specific normalization remains in consumer timing.,per-observation exclusive interval; no sum-of-percentiles total
logistic_motion_forest_anomaly,warmup,bad_tag_receiver,reject,invalid_tag,motion_consumer,29,0.0,0.0,0.0,0.0,0,Motion consumer including normalization/tensor preparation/prediction decoding.,per-observation exclusive interval; no sum-of-percentiles total
logistic_motion_forest_anomaly,warmup,bad_tag_receiver,reject,invalid_tag,outer_orchestration_unisolated,29,0.0139,0.01666,0.018931999999999997,0.0198,29,Direct root/first-post-window remainder outside named child spans.,per-observation exclusive interval; no sum-of-percentiles total
logistic_motion_forest_anomaly,warmup,bad_tag_receiver,reject,invalid_tag,receiver_binding_sequence_state_unisolated,29,0.1052,0.13113999999999998,0.14503599999999997,0.1489,29,"Verifier remainder including binding, sequence checks, locks/state publication and observer work; NOT isolated sequence latency.",per-observation exclusive interval; no sum-of-percentiles total
logistic_motion_forest_anomaly,warmup,bad_tag_receiver,reject,invalid_tag,receiver_parsing,29,1.6638,1.9076199999999999,2.0514759999999996,2.0839,29,Envelope and binary parser call.,per-observation exclusive interval; no sum-of-percentiles total
logistic_motion_forest_anomaly,warmup,bad_tag_receiver,reject,invalid_tag,receiver_quality_check,29,0.0,0.0,0.0,0.0,0,Verifier quality-check call.,per-observation exclusive interval; no sum-of-percentiles total
logistic_motion_forest_anomaly,warmup,bad_tag_receiver,reject,invalid_tag,receiver_window_hmac,29,0.0207,0.02752,0.029759999999999995,0.0306,29,"Recorded verifier window-tag calculation, not complete authentication.",per-observation exclusive interval; no sum-of-percentiles total
logistic_motion_forest_anomaly,warmup,bad_tag_receiver,reject,invalid_tag,reconstruction,29,0.0,0.0,0.0,0.0,0,Actual recorded BCH reconstruction; includes any observer/GC delay.,per-observation exclusive interval; no sum-of-percentiles total
logistic_motion_forest_anomaly,warmup,bad_tag_receiver,reject,invalid_tag,release_conversion_unisolated,29,0.0,0.0,0.0,0.0,0,Accepted release remainder including conversion/dispatch/observer work outside consumer children.,per-observation exclusive interval; no sum-of-percentiles total
logistic_motion_forest_anomaly,warmup,bad_tag_receiver,reject,invalid_tag,sender_binding_unisolated,29,0.0,0.0,0.0,0.0,0,Sender seal remainder: binding/state/orchestration/observer work not separately timed.,per-observation exclusive interval; no sum-of-percentiles total
logistic_motion_forest_anomaly,warmup,bad_tag_receiver,reject,invalid_tag,sender_serialization_and_quality,29,0.0,0.0,0.0,0.0,0,Sender serialization including its quality validation; not separately timed.,per-observation exclusive interval; no sum-of-percentiles total
logistic_motion_forest_anomaly,warmup,bad_tag_receiver,reject,invalid_tag,sender_window_hmac,29,0.0,0.0,0.0,0.0,0,Recorded window-tag generation call.,per-observation exclusive interval; no sum-of-percentiles total
logistic_motion_forest_anomaly,warmup,bad_tag_receiver,reject,invalid_tag,session_establishment_unisolated,29,0.0,0.0,0.0,0.0,0,"Handshake/request/activation remainder, including unseparated HKDF/confirmation work and observer cost.",per-observation exclusive interval; no sum-of-percentiles total
logistic_motion_forest_anomaly,warmup,bad_tag_receiver,reject,invalid_tag,simulated_response_read,29,0.0,0.0,0.0,0.0,0,"Modeled response generation, not physical acquisition.",per-observation exclusive interval; no sum-of-percentiles total
logistic_motion_forest_anomaly,warmup,exact_replay_receiver,reject,duplicate_sequence,admission_orchestration_unisolated,29,0.0,0.0,0.0,0.0,0,Admission orchestration remainder not covered by named children.,per-observation exclusive interval; no sum-of-percentiles total
logistic_motion_forest_anomaly,warmup,exact_replay_receiver,reject,duplicate_sequence,anomaly_consumer,29,0.0,0.0,0.0,0.0,0,Anomaly consumer including feature scaling and frozen-threshold decision.,per-observation exclusive interval; no sum-of-percentiles total
logistic_motion_forest_anomaly,warmup,exact_replay_receiver,reject,duplicate_sequence,binary32_adapter,29,0.0,0.0,0.0,0.0,0,Canonical binary32 input adaptation before sender sealing.,per-observation exclusive interval; no sum-of-percentiles total
logistic_motion_forest_anomaly,warmup,exact_replay_receiver,reject,duplicate_sequence,credential_verification,29,0.0,0.0,0.0,0.0,0,Recorded independent credential-verification call(s).,per-observation exclusive interval; no sum-of-percentiles total
logistic_motion_forest_anomaly,warmup,exact_replay_receiver,reject,duplicate_sequence,in_memory_audit_measured,29,0.071,0.09063999999999998,0.10204799999999999,0.1051,29,"Recorded audit record/prepare/commit spans, exclusive of their children; not all audit-related overhead and not durable storage.",per-observation exclusive interval; no sum-of-percentiles total
logistic_motion_forest_anomaly,warmup,exact_replay_receiver,reject,duplicate_sequence,local_admission_checks,29,0.0,0.0,0.0,0.0,0,"Measured local authorization/binding/consumption calls, excluding nested credential verification.",per-observation exclusive interval; no sum-of-percentiles total
logistic_motion_forest_anomaly,warmup,exact_replay_receiver,reject,duplicate_sequence,model_input_preprocessing,29,0.0,0.0,0.0,0.0,0,Shared model-input preparation; model-specific normalization remains in consumer timing.,per-observation exclusive interval; no sum-of-percentiles total
logistic_motion_forest_anomaly,warmup,exact_replay_receiver,reject,duplicate_sequence,motion_consumer,29,0.0,0.0,0.0,0.0,0,Motion consumer including normalization/tensor preparation/prediction decoding.,per-observation exclusive interval; no sum-of-percentiles total
logistic_motion_forest_anomaly,warmup,exact_replay_receiver,reject,duplicate_sequence,outer_orchestration_unisolated,29,0.0141,0.019979999999999984,0.046027999999999965,0.0551,29,Direct root/first-post-window remainder outside named child spans.,per-observation exclusive interval; no sum-of-percentiles total
logistic_motion_forest_anomaly,warmup,exact_replay_receiver,reject,duplicate_sequence,receiver_binding_sequence_state_unisolated,29,0.1477,0.17662,0.19734799999999997,0.2046,29,"Verifier remainder including binding, sequence checks, locks/state publication and observer work; NOT isolated sequence latency.",per-observation exclusive interval; no sum-of-percentiles total
logistic_motion_forest_anomaly,warmup,exact_replay_receiver,reject,duplicate_sequence,receiver_parsing,29,1.9387,2.08906,2.15678,2.1782,29,Envelope and binary parser call.,per-observation exclusive interval; no sum-of-percentiles total
logistic_motion_forest_anomaly,warmup,exact_replay_receiver,reject,duplicate_sequence,receiver_quality_check,29,5.1561,5.57014,5.704452,5.7455,29,Verifier quality-check call.,per-observation exclusive interval; no sum-of-percentiles total
logistic_motion_forest_anomaly,warmup,exact_replay_receiver,reject,duplicate_sequence,receiver_window_hmac,29,0.0291,0.03482,0.03897199999999999,0.0404,29,"Recorded verifier window-tag calculation, not complete authentication.",per-observation exclusive interval; no sum-of-percentiles total
logistic_motion_forest_anomaly,warmup,exact_replay_receiver,reject,duplicate_sequence,reconstruction,29,0.0,0.0,0.0,0.0,0,Actual recorded BCH reconstruction; includes any observer/GC delay.,per-observation exclusive interval; no sum-of-percentiles total
logistic_motion_forest_anomaly,warmup,exact_replay_receiver,reject,duplicate_sequence,release_conversion_unisolated,29,0.0,0.0,0.0,0.0,0,Accepted release remainder including conversion/dispatch/observer work outside consumer children.,per-observation exclusive interval; no sum-of-percentiles total
logistic_motion_forest_anomaly,warmup,exact_replay_receiver,reject,duplicate_sequence,sender_binding_unisolated,29,0.0,0.0,0.0,0.0,0,Sender seal remainder: binding/state/orchestration/observer work not separately timed.,per-observation exclusive interval; no sum-of-percentiles total
logistic_motion_forest_anomaly,warmup,exact_replay_receiver,reject,duplicate_sequence,sender_serialization_and_quality,29,0.0,0.0,0.0,0.0,0,Sender serialization including its quality validation; not separately timed.,per-observation exclusive interval; no sum-of-percentiles total
logistic_motion_forest_anomaly,warmup,exact_replay_receiver,reject,duplicate_sequence,sender_window_hmac,29,0.0,0.0,0.0,0.0,0,Recorded window-tag generation call.,per-observation exclusive interval; no sum-of-percentiles total
logistic_motion_forest_anomaly,warmup,exact_replay_receiver,reject,duplicate_sequence,session_establishment_unisolated,29,0.0,0.0,0.0,0.0,0,"Handshake/request/activation remainder, including unseparated HKDF/confirmation work and observer cost.",per-observation exclusive interval; no sum-of-percentiles total
logistic_motion_forest_anomaly,warmup,exact_replay_receiver,reject,duplicate_sequence,simulated_response_read,29,0.0,0.0,0.0,0.0,0,"Modeled response generation, not physical acquisition.",per-observation exclusive interval; no sum-of-percentiles total
logistic_motion_forest_anomaly,warmup,fresh_to_first_window,accept,accepted,admission_orchestration_unisolated,29,0.0587,0.07467999999999998,0.079208,0.0803,29,Admission orchestration remainder not covered by named children.,per-observation exclusive interval; no sum-of-percentiles total
logistic_motion_forest_anomaly,warmup,fresh_to_first_window,accept,accepted,anomaly_consumer,29,7.1693,8.649779999999998,10.164611999999998,10.5593,29,Anomaly consumer including feature scaling and frozen-threshold decision.,per-observation exclusive interval; no sum-of-percentiles total
logistic_motion_forest_anomaly,warmup,fresh_to_first_window,accept,accepted,binary32_adapter,29,1.3131,1.7534799999999997,2.0267919999999995,2.1195,29,Canonical binary32 input adaptation before sender sealing.,per-observation exclusive interval; no sum-of-percentiles total
logistic_motion_forest_anomaly,warmup,fresh_to_first_window,accept,accepted,credential_verification,29,0.0634,0.08488,0.088792,0.0898,29,Recorded independent credential-verification call(s).,per-observation exclusive interval; no sum-of-percentiles total
logistic_motion_forest_anomaly,warmup,fresh_to_first_window,accept,accepted,in_memory_audit_measured,29,0.2467,0.34732,0.38504799999999995,0.3979,29,"Recorded audit record/prepare/commit spans, exclusive of their children; not all audit-related overhead and not durable storage.",per-observation exclusive interval; no sum-of-percentiles total
logistic_motion_forest_anomaly,warmup,fresh_to_first_window,accept,accepted,local_admission_checks,29,0.0735,0.10179999999999999,0.10548,0.1059,29,"Measured local authorization/binding/consumption calls, excluding nested credential verification.",per-observation exclusive interval; no sum-of-percentiles total
logistic_motion_forest_anomaly,warmup,fresh_to_first_window,accept,accepted,model_input_preprocessing,29,4.1357,4.822499999999999,6.0264039999999985,6.4347,29,Shared model-input preparation; model-specific normalization remains in consumer timing.,per-observation exclusive interval; no sum-of-percentiles total
logistic_motion_forest_anomaly,warmup,fresh_to_first_window,accept,accepted,motion_consumer,29,0.6648,1.0472399999999993,1.221848,1.2312,29,Motion consumer including normalization/tensor preparation/prediction decoding.,per-observation exclusive interval; no sum-of-percentiles total
logistic_motion_forest_anomaly,warmup,fresh_to_first_window,accept,accepted,outer_orchestration_unisolated,29,0.1514,0.18785999999999997,0.22417999999999993,0.2372,29,Direct root/first-post-window remainder outside named child spans.,per-observation exclusive interval; no sum-of-percentiles total
logistic_motion_forest_anomaly,warmup,fresh_to_first_window,accept,accepted,receiver_binding_sequence_state_unisolated,29,0.1174,0.15795999999999993,0.17468,0.1765,29,"Verifier remainder including binding, sequence checks, locks/state publication and observer work; NOT isolated sequence latency.",per-observation exclusive interval; no sum-of-percentiles total
logistic_motion_forest_anomaly,warmup,fresh_to_first_window,accept,accepted,receiver_parsing,29,1.9517,3.62838,3.8787719999999997,3.9649,29,Envelope and binary parser call.,per-observation exclusive interval; no sum-of-percentiles total
logistic_motion_forest_anomaly,warmup,fresh_to_first_window,accept,accepted,receiver_quality_check,29,5.2491,6.151979999999998,6.914211999999999,7.1003,29,Verifier quality-check call.,per-observation exclusive interval; no sum-of-percentiles total
logistic_motion_forest_anomaly,warmup,fresh_to_first_window,accept,accepted,receiver_window_hmac,29,0.0233,0.036059999999999995,0.039412,0.04,29,"Recorded verifier window-tag calculation, not complete authentication.",per-observation exclusive interval; no sum-of-percentiles total
logistic_motion_forest_anomaly,warmup,fresh_to_first_window,accept,accepted,reconstruction,29,4.3137,6.01288,6.634655999999999,6.8565,29,Actual recorded BCH reconstruction; includes any observer/GC delay.,per-observation exclusive interval; no sum-of-percentiles total
logistic_motion_forest_anomaly,warmup,fresh_to_first_window,accept,accepted,release_conversion_unisolated,29,0.6419,0.7641,0.8662839999999998,0.9054,29,Accepted release remainder including conversion/dispatch/observer work outside consumer children.,per-observation exclusive interval; no sum-of-percentiles total
logistic_motion_forest_anomaly,warmup,fresh_to_first_window,accept,accepted,sender_binding_unisolated,29,0.1552,0.21301999999999996,0.2912999999999999,0.32,29,Sender seal remainder: binding/state/orchestration/observer work not separately timed.,per-observation exclusive interval; no sum-of-percentiles total
logistic_motion_forest_anomaly,warmup,fresh_to_first_window,accept,accepted,sender_serialization_and_quality,29,5.8151,6.8644799999999995,7.555879999999999,7.7747,29,Sender serialization including its quality validation; not separately timed.,per-observation exclusive interval; no sum-of-percentiles total
logistic_motion_forest_anomaly,warmup,fresh_to_first_window,accept,accepted,sender_window_hmac,29,0.0253,0.04477999999999997,0.051956,0.0526,29,Recorded window-tag generation call.,per-observation exclusive interval; no sum-of-percentiles total
logistic_motion_forest_anomaly,warmup,fresh_to_first_window,accept,accepted,session_establishment_unisolated,29,0.5101,0.73808,0.8009679999999999,0.8211,29,"Handshake/request/activation remainder, including unseparated HKDF/confirmation work and observer cost.",per-observation exclusive interval; no sum-of-percentiles total
logistic_motion_forest_anomaly,warmup,fresh_to_first_window,accept,accepted,simulated_response_read,29,0.1811,0.21481999999999998,0.24711599999999995,0.2577,29,"Modeled response generation, not physical acquisition.",per-observation exclusive interval; no sum-of-percentiles total
logistic_motion_forest_anomaly,warmup,malformed_json_receiver,reject,malformed_message,admission_orchestration_unisolated,29,0.0,0.0,0.0,0.0,0,Admission orchestration remainder not covered by named children.,per-observation exclusive interval; no sum-of-percentiles total
logistic_motion_forest_anomaly,warmup,malformed_json_receiver,reject,malformed_message,anomaly_consumer,29,0.0,0.0,0.0,0.0,0,Anomaly consumer including feature scaling and frozen-threshold decision.,per-observation exclusive interval; no sum-of-percentiles total
logistic_motion_forest_anomaly,warmup,malformed_json_receiver,reject,malformed_message,binary32_adapter,29,0.0,0.0,0.0,0.0,0,Canonical binary32 input adaptation before sender sealing.,per-observation exclusive interval; no sum-of-percentiles total
logistic_motion_forest_anomaly,warmup,malformed_json_receiver,reject,malformed_message,credential_verification,29,0.0,0.0,0.0,0.0,0,Recorded independent credential-verification call(s).,per-observation exclusive interval; no sum-of-percentiles total
logistic_motion_forest_anomaly,warmup,malformed_json_receiver,reject,malformed_message,in_memory_audit_measured,29,0.0576,0.08229999999999997,0.12749999999999995,0.1429,29,"Recorded audit record/prepare/commit spans, exclusive of their children; not all audit-related overhead and not durable storage.",per-observation exclusive interval; no sum-of-percentiles total
logistic_motion_forest_anomaly,warmup,malformed_json_receiver,reject,malformed_message,local_admission_checks,29,0.0,0.0,0.0,0.0,0,"Measured local authorization/binding/consumption calls, excluding nested credential verification.",per-observation exclusive interval; no sum-of-percentiles total
logistic_motion_forest_anomaly,warmup,malformed_json_receiver,reject,malformed_message,model_input_preprocessing,29,0.0,0.0,0.0,0.0,0,Shared model-input preparation; model-specific normalization remains in consumer timing.,per-observation exclusive interval; no sum-of-percentiles total
logistic_motion_forest_anomaly,warmup,malformed_json_receiver,reject,malformed_message,motion_consumer,29,0.0,0.0,0.0,0.0,0,Motion consumer including normalization/tensor preparation/prediction decoding.,per-observation exclusive interval; no sum-of-percentiles total
logistic_motion_forest_anomaly,warmup,malformed_json_receiver,reject,malformed_message,outer_orchestration_unisolated,29,0.0089,0.012919999999999997,0.015703999999999996,0.0166,29,Direct root/first-post-window remainder outside named child spans.,per-observation exclusive interval; no sum-of-percentiles total
logistic_motion_forest_anomaly,warmup,malformed_json_receiver,reject,malformed_message,receiver_binding_sequence_state_unisolated,29,0.0465,0.07571999999999997,0.12473599999999994,0.1412,29,"Verifier remainder including binding, sequence checks, locks/state publication and observer work; NOT isolated sequence latency.",per-observation exclusive interval; no sum-of-percentiles total
logistic_motion_forest_anomaly,warmup,malformed_json_receiver,reject,malformed_message,receiver_parsing,29,0.0362,0.062219999999999984,0.09529999999999995,0.1072,29,Envelope and binary parser call.,per-observation exclusive interval; no sum-of-percentiles total
logistic_motion_forest_anomaly,warmup,malformed_json_receiver,reject,malformed_message,receiver_quality_check,29,0.0,0.0,0.0,0.0,0,Verifier quality-check call.,per-observation exclusive interval; no sum-of-percentiles total
logistic_motion_forest_anomaly,warmup,malformed_json_receiver,reject,malformed_message,receiver_window_hmac,29,0.0,0.0,0.0,0.0,0,"Recorded verifier window-tag calculation, not complete authentication.",per-observation exclusive interval; no sum-of-percentiles total
logistic_motion_forest_anomaly,warmup,malformed_json_receiver,reject,malformed_message,reconstruction,29,0.0,0.0,0.0,0.0,0,Actual recorded BCH reconstruction; includes any observer/GC delay.,per-observation exclusive interval; no sum-of-percentiles total
logistic_motion_forest_anomaly,warmup,malformed_json_receiver,reject,malformed_message,release_conversion_unisolated,29,0.0,0.0,0.0,0.0,0,Accepted release remainder including conversion/dispatch/observer work outside consumer children.,per-observation exclusive interval; no sum-of-percentiles total
logistic_motion_forest_anomaly,warmup,malformed_json_receiver,reject,malformed_message,sender_binding_unisolated,29,0.0,0.0,0.0,0.0,0,Sender seal remainder: binding/state/orchestration/observer work not separately timed.,per-observation exclusive interval; no sum-of-percentiles total
logistic_motion_forest_anomaly,warmup,malformed_json_receiver,reject,malformed_message,sender_serialization_and_quality,29,0.0,0.0,0.0,0.0,0,Sender serialization including its quality validation; not separately timed.,per-observation exclusive interval; no sum-of-percentiles total
logistic_motion_forest_anomaly,warmup,malformed_json_receiver,reject,malformed_message,sender_window_hmac,29,0.0,0.0,0.0,0.0,0,Recorded window-tag generation call.,per-observation exclusive interval; no sum-of-percentiles total
logistic_motion_forest_anomaly,warmup,malformed_json_receiver,reject,malformed_message,session_establishment_unisolated,29,0.0,0.0,0.0,0.0,0,"Handshake/request/activation remainder, including unseparated HKDF/confirmation work and observer cost.",per-observation exclusive interval; no sum-of-percentiles total
logistic_motion_forest_anomaly,warmup,malformed_json_receiver,reject,malformed_message,simulated_response_read,29,0.0,0.0,0.0,0.0,0,"Modeled response generation, not physical acquisition.",per-observation exclusive interval; no sum-of-percentiles total
logistic_motion_forest_anomaly,warmup,post_window_after_refusals,accept,accepted,admission_orchestration_unisolated,29,0.0,0.0,0.0,0.0,0,Admission orchestration remainder not covered by named children.,per-observation exclusive interval; no sum-of-percentiles total
logistic_motion_forest_anomaly,warmup,post_window_after_refusals,accept,accepted,anomaly_consumer,29,5.9772,7.84684,8.292696,8.4367,29,Anomaly consumer including feature scaling and frozen-threshold decision.,per-observation exclusive interval; no sum-of-percentiles total
logistic_motion_forest_anomaly,warmup,post_window_after_refusals,accept,accepted,binary32_adapter,29,1.1352,1.43656,1.9377999999999993,2.1247,29,Canonical binary32 input adaptation before sender sealing.,per-observation exclusive interval; no sum-of-percentiles total
logistic_motion_forest_anomaly,warmup,post_window_after_refusals,accept,accepted,credential_verification,29,0.0,0.0,0.0,0.0,0,Recorded independent credential-verification call(s).,per-observation exclusive interval; no sum-of-percentiles total
logistic_motion_forest_anomaly,warmup,post_window_after_refusals,accept,accepted,in_memory_audit_measured,29,0.0961,0.12638,0.132364,0.1341,29,"Recorded audit record/prepare/commit spans, exclusive of their children; not all audit-related overhead and not durable storage.",per-observation exclusive interval; no sum-of-percentiles total
logistic_motion_forest_anomaly,warmup,post_window_after_refusals,accept,accepted,local_admission_checks,29,0.0,0.0,0.0,0.0,0,"Measured local authorization/binding/consumption calls, excluding nested credential verification.",per-observation exclusive interval; no sum-of-percentiles total
logistic_motion_forest_anomaly,warmup,post_window_after_refusals,accept,accepted,model_input_preprocessing,29,3.2721,4.6727,5.475403999999999,5.7591,29,Shared model-input preparation; model-specific normalization remains in consumer timing.,per-observation exclusive interval; no sum-of-percentiles total
logistic_motion_forest_anomaly,warmup,post_window_after_refusals,accept,accepted,motion_consumer,29,0.5856,0.7866599999999999,0.9218519999999998,0.965,29,Motion consumer including normalization/tensor preparation/prediction decoding.,per-observation exclusive interval; no sum-of-percentiles total
logistic_motion_forest_anomaly,warmup,post_window_after_refusals,accept,accepted,outer_orchestration_unisolated,29,0.0954,0.15061999999999992,0.18595599999999998,0.1936,29,Direct root/first-post-window remainder outside named child spans.,per-observation exclusive interval; no sum-of-percentiles total
logistic_motion_forest_anomaly,warmup,post_window_after_refusals,accept,accepted,receiver_binding_sequence_state_unisolated,29,0.0995,0.1499,0.154044,0.1555,29,"Verifier remainder including binding, sequence checks, locks/state publication and observer work; NOT isolated sequence latency.",per-observation exclusive interval; no sum-of-percentiles total
logistic_motion_forest_anomaly,warmup,post_window_after_refusals,accept,accepted,receiver_parsing,29,1.4796,1.95666,2.2147079999999995,2.3138,29,Envelope and binary parser call.,per-observation exclusive interval; no sum-of-percentiles total
logistic_motion_forest_anomaly,warmup,post_window_after_refusals,accept,accepted,receiver_quality_check,29,4.2613,5.89136,6.10076,6.1611,29,Verifier quality-check call.,per-observation exclusive interval; no sum-of-percentiles total
logistic_motion_forest_anomaly,warmup,post_window_after_refusals,accept,accepted,receiver_window_hmac,29,0.0216,0.03492,0.038855999999999995,0.0402,29,"Recorded verifier window-tag calculation, not complete authentication.",per-observation exclusive interval; no sum-of-percentiles total
logistic_motion_forest_anomaly,warmup,post_window_after_refusals,accept,accepted,reconstruction,29,0.0,0.0,0.0,0.0,0,Actual recorded BCH reconstruction; includes any observer/GC delay.,per-observation exclusive interval; no sum-of-percentiles total
logistic_motion_forest_anomaly,warmup,post_window_after_refusals,accept,accepted,release_conversion_unisolated,29,0.4901,0.71322,0.730004,0.7365,29,Accepted release remainder including conversion/dispatch/observer work outside consumer children.,per-observation exclusive interval; no sum-of-percentiles total
logistic_motion_forest_anomaly,warmup,post_window_after_refusals,accept,accepted,sender_binding_unisolated,29,0.1465,0.21481999999999996,0.23222,0.2339,29,Sender seal remainder: binding/state/orchestration/observer work not separately timed.,per-observation exclusive interval; no sum-of-percentiles total
logistic_motion_forest_anomaly,warmup,post_window_after_refusals,accept,accepted,sender_serialization_and_quality,29,5.0967,6.071,6.33064,6.4124,29,Sender serialization including its quality validation; not separately timed.,per-observation exclusive interval; no sum-of-percentiles total
logistic_motion_forest_anomaly,warmup,post_window_after_refusals,accept,accepted,sender_window_hmac,29,0.0375,0.04892,0.06570399999999997,0.0722,29,Recorded window-tag generation call.,per-observation exclusive interval; no sum-of-percentiles total
logistic_motion_forest_anomaly,warmup,post_window_after_refusals,accept,accepted,session_establishment_unisolated,29,0.0,0.0,0.0,0.0,0,"Handshake/request/activation remainder, including unseparated HKDF/confirmation work and observer cost.",per-observation exclusive interval; no sum-of-percentiles total
logistic_motion_forest_anomaly,warmup,post_window_after_refusals,accept,accepted,simulated_response_read,29,0.0,0.0,0.0,0.0,0,"Modeled response generation, not physical acquisition.",per-observation exclusive interval; no sum-of-percentiles total
logistic_motion_forest_anomaly,warmup,post_window_recurring,accept,accepted,admission_orchestration_unisolated,29,0.0,0.0,0.0,0.0,0,Admission orchestration remainder not covered by named children.,per-observation exclusive interval; no sum-of-percentiles total
logistic_motion_forest_anomaly,warmup,post_window_recurring,accept,accepted,anomaly_consumer,29,7.219,8.99056,10.375159999999997,10.8996,29,Anomaly consumer including feature scaling and frozen-threshold decision.,per-observation exclusive interval; no sum-of-percentiles total
logistic_motion_forest_anomaly,warmup,post_window_recurring,accept,accepted,binary32_adapter,29,1.3183,1.6253,1.709388,1.7375,29,Canonical binary32 input adaptation before sender sealing.,per-observation exclusive interval; no sum-of-percentiles total
logistic_motion_forest_anomaly,warmup,post_window_recurring,accept,accepted,credential_verification,29,0.0,0.0,0.0,0.0,0,Recorded independent credential-verification call(s).,per-observation exclusive interval; no sum-of-percentiles total
logistic_motion_forest_anomaly,warmup,post_window_recurring,accept,accepted,in_memory_audit_measured,29,0.1224,0.14824,0.17046399999999998,0.1785,29,"Recorded audit record/prepare/commit spans, exclusive of their children; not all audit-related overhead and not durable storage.",per-observation exclusive interval; no sum-of-percentiles total
logistic_motion_forest_anomaly,warmup,post_window_recurring,accept,accepted,local_admission_checks,29,0.0,0.0,0.0,0.0,0,"Measured local authorization/binding/consumption calls, excluding nested credential verification.",per-observation exclusive interval; no sum-of-percentiles total
logistic_motion_forest_anomaly,warmup,post_window_recurring,accept,accepted,model_input_preprocessing,29,4.1645,5.03694,5.9014679999999995,6.2296,29,Shared model-input preparation; model-specific normalization remains in consumer timing.,per-observation exclusive interval; no sum-of-percentiles total
logistic_motion_forest_anomaly,warmup,post_window_recurring,accept,accepted,motion_consumer,29,0.6605,0.9249999999999998,1.1779119999999996,1.2611,29,Motion consumer including normalization/tensor preparation/prediction decoding.,per-observation exclusive interval; no sum-of-percentiles total
logistic_motion_forest_anomaly,warmup,post_window_recurring,accept,accepted,outer_orchestration_unisolated,29,0.1223,0.17266,0.20579599999999995,0.2182,29,Direct root/first-post-window remainder outside named child spans.,per-observation exclusive interval; no sum-of-percentiles total
logistic_motion_forest_anomaly,warmup,post_window_recurring,accept,accepted,receiver_binding_sequence_state_unisolated,29,0.118,0.15282,0.16547599999999998,0.1699,29,"Verifier remainder including binding, sequence checks, locks/state publication and observer work; NOT isolated sequence latency.",per-observation exclusive interval; no sum-of-percentiles total
logistic_motion_forest_anomaly,warmup,post_window_recurring,accept,accepted,receiver_parsing,29,1.9569,6.121899999999995,233.22932399999965,321.1064,29,Envelope and binary parser call.,per-observation exclusive interval; no sum-of-percentiles total
logistic_motion_forest_anomaly,warmup,post_window_recurring,accept,accepted,receiver_quality_check,29,5.152,6.867939999999998,7.169524,7.1798,29,Verifier quality-check call.,per-observation exclusive interval; no sum-of-percentiles total
logistic_motion_forest_anomaly,warmup,post_window_recurring,accept,accepted,receiver_window_hmac,29,0.0237,0.03833999999999999,0.042379999999999994,0.0435,29,"Recorded verifier window-tag calculation, not complete authentication.",per-observation exclusive interval; no sum-of-percentiles total
logistic_motion_forest_anomaly,warmup,post_window_recurring,accept,accepted,reconstruction,29,0.0,0.0,0.0,0.0,0,Actual recorded BCH reconstruction; includes any observer/GC delay.,per-observation exclusive interval; no sum-of-percentiles total
logistic_motion_forest_anomaly,warmup,post_window_recurring,accept,accepted,release_conversion_unisolated,29,0.6186,0.82424,1.0263439999999997,1.1006,29,Accepted release remainder including conversion/dispatch/observer work outside consumer children.,per-observation exclusive interval; no sum-of-percentiles total
logistic_motion_forest_anomaly,warmup,post_window_recurring,accept,accepted,sender_binding_unisolated,29,0.1662,0.20762,0.25767599999999996,0.2761,29,Sender seal remainder: binding/state/orchestration/observer work not separately timed.,per-observation exclusive interval; no sum-of-percentiles total
logistic_motion_forest_anomaly,warmup,post_window_recurring,accept,accepted,sender_serialization_and_quality,29,5.8687,6.921659999999998,7.727307999999999,7.8985,29,Sender serialization including its quality validation; not separately timed.,per-observation exclusive interval; no sum-of-percentiles total
logistic_motion_forest_anomaly,warmup,post_window_recurring,accept,accepted,sender_window_hmac,29,0.0359,0.05128,0.0536,0.0543,29,Recorded window-tag generation call.,per-observation exclusive interval; no sum-of-percentiles total
logistic_motion_forest_anomaly,warmup,post_window_recurring,accept,accepted,session_establishment_unisolated,29,0.0,0.0,0.0,0.0,0,"Handshake/request/activation remainder, including unseparated HKDF/confirmation work and observer cost.",per-observation exclusive interval; no sum-of-percentiles total
logistic_motion_forest_anomaly,warmup,post_window_recurring,accept,accepted,simulated_response_read,29,0.0,0.0,0.0,0.0,0,"Modeled response generation, not physical acquisition.",per-observation exclusive interval; no sum-of-percentiles total
logistic_motion_forest_anomaly,warmup,pre_tag_quality_refusal,reject,data_quality_failure,admission_orchestration_unisolated,29,0.0,0.0,0.0,0.0,0,Admission orchestration remainder not covered by named children.,per-observation exclusive interval; no sum-of-percentiles total
logistic_motion_forest_anomaly,warmup,pre_tag_quality_refusal,reject,data_quality_failure,anomaly_consumer,29,0.0,0.0,0.0,0.0,0,Anomaly consumer including feature scaling and frozen-threshold decision.,per-observation exclusive interval; no sum-of-percentiles total
logistic_motion_forest_anomaly,warmup,pre_tag_quality_refusal,reject,data_quality_failure,binary32_adapter,29,1.1501,1.35132,1.369192,1.3716,29,Canonical binary32 input adaptation before sender sealing.,per-observation exclusive interval; no sum-of-percentiles total
logistic_motion_forest_anomaly,warmup,pre_tag_quality_refusal,reject,data_quality_failure,credential_verification,29,0.0,0.0,0.0,0.0,0,Recorded independent credential-verification call(s).,per-observation exclusive interval; no sum-of-percentiles total
logistic_motion_forest_anomaly,warmup,pre_tag_quality_refusal,reject,data_quality_failure,in_memory_audit_measured,29,0.0552,0.07123999999999998,0.077632,0.0792,29,"Recorded audit record/prepare/commit spans, exclusive of their children; not all audit-related overhead and not durable storage.",per-observation exclusive interval; no sum-of-percentiles total
logistic_motion_forest_anomaly,warmup,pre_tag_quality_refusal,reject,data_quality_failure,local_admission_checks,29,0.0,0.0,0.0,0.0,0,"Measured local authorization/binding/consumption calls, excluding nested credential verification.",per-observation exclusive interval; no sum-of-percentiles total
logistic_motion_forest_anomaly,warmup,pre_tag_quality_refusal,reject,data_quality_failure,model_input_preprocessing,29,0.0,0.0,0.0,0.0,0,Shared model-input preparation; model-specific normalization remains in consumer timing.,per-observation exclusive interval; no sum-of-percentiles total
logistic_motion_forest_anomaly,warmup,pre_tag_quality_refusal,reject,data_quality_failure,motion_consumer,29,0.0,0.0,0.0,0.0,0,Motion consumer including normalization/tensor preparation/prediction decoding.,per-observation exclusive interval; no sum-of-percentiles total
logistic_motion_forest_anomaly,warmup,pre_tag_quality_refusal,reject,data_quality_failure,outer_orchestration_unisolated,29,0.0514,0.07509999999999999,0.08325999999999999,0.0855,29,Direct root/first-post-window remainder outside named child spans.,per-observation exclusive interval; no sum-of-percentiles total
logistic_motion_forest_anomaly,warmup,pre_tag_quality_refusal,reject,data_quality_failure,receiver_binding_sequence_state_unisolated,29,0.0,0.0,0.0,0.0,0,"Verifier remainder including binding, sequence checks, locks/state publication and observer work; NOT isolated sequence latency.",per-observation exclusive interval; no sum-of-percentiles total
logistic_motion_forest_anomaly,warmup,pre_tag_quality_refusal,reject,data_quality_failure,receiver_parsing,29,0.0,0.0,0.0,0.0,0,Envelope and binary parser call.,per-observation exclusive interval; no sum-of-percentiles total
logistic_motion_forest_anomaly,warmup,pre_tag_quality_refusal,reject,data_quality_failure,receiver_quality_check,29,0.0,0.0,0.0,0.0,0,Verifier quality-check call.,per-observation exclusive interval; no sum-of-percentiles total
logistic_motion_forest_anomaly,warmup,pre_tag_quality_refusal,reject,data_quality_failure,receiver_window_hmac,29,0.0,0.0,0.0,0.0,0,"Recorded verifier window-tag calculation, not complete authentication.",per-observation exclusive interval; no sum-of-percentiles total
logistic_motion_forest_anomaly,warmup,pre_tag_quality_refusal,reject,data_quality_failure,reconstruction,29,0.0,0.0,0.0,0.0,0,Actual recorded BCH reconstruction; includes any observer/GC delay.,per-observation exclusive interval; no sum-of-percentiles total
logistic_motion_forest_anomaly,warmup,pre_tag_quality_refusal,reject,data_quality_failure,release_conversion_unisolated,29,0.0,0.0,0.0,0.0,0,Accepted release remainder including conversion/dispatch/observer work outside consumer children.,per-observation exclusive interval; no sum-of-percentiles total
logistic_motion_forest_anomaly,warmup,pre_tag_quality_refusal,reject,data_quality_failure,sender_binding_unisolated,29,0.0789,0.09749999999999998,0.12600399999999998,0.1353,29,Sender seal remainder: binding/state/orchestration/observer work not separately timed.,per-observation exclusive interval; no sum-of-percentiles total
logistic_motion_forest_anomaly,warmup,pre_tag_quality_refusal,reject,data_quality_failure,sender_serialization_and_quality,29,0.4842,0.61268,0.6709759999999999,0.6894,29,Sender serialization including its quality validation; not separately timed.,per-observation exclusive interval; no sum-of-percentiles total
logistic_motion_forest_anomaly,warmup,pre_tag_quality_refusal,reject,data_quality_failure,sender_window_hmac,29,0.0,0.0,0.0,0.0,0,Recorded window-tag generation call.,per-observation exclusive interval; no sum-of-percentiles total
logistic_motion_forest_anomaly,warmup,pre_tag_quality_refusal,reject,data_quality_failure,session_establishment_unisolated,29,0.0,0.0,0.0,0.0,0,"Handshake/request/activation remainder, including unseparated HKDF/confirmation work and observer cost.",per-observation exclusive interval; no sum-of-percentiles total
logistic_motion_forest_anomaly,warmup,pre_tag_quality_refusal,reject,data_quality_failure,simulated_response_read,29,0.0,0.0,0.0,0.0,0,"Modeled response generation, not physical acquisition.",per-observation exclusive interval; no sum-of-percentiles total
logistic_motion_forest_anomaly,warmup,valid_receiver_after_bad_tag,accept,accepted,admission_orchestration_unisolated,29,0.0,0.0,0.0,0.0,0,Admission orchestration remainder not covered by named children.,per-observation exclusive interval; no sum-of-percentiles total
logistic_motion_forest_anomaly,warmup,valid_receiver_after_bad_tag,accept,accepted,anomaly_consumer,29,7.1529,7.998439999999999,8.27732,8.3308,29,Anomaly consumer including feature scaling and frozen-threshold decision.,per-observation exclusive interval; no sum-of-percentiles total
logistic_motion_forest_anomaly,warmup,valid_receiver_after_bad_tag,accept,accepted,binary32_adapter,29,0.0,0.0,0.0,0.0,0,Canonical binary32 input adaptation before sender sealing.,per-observation exclusive interval; no sum-of-percentiles total
logistic_motion_forest_anomaly,warmup,valid_receiver_after_bad_tag,accept,accepted,credential_verification,29,0.0,0.0,0.0,0.0,0,Recorded independent credential-verification call(s).,per-observation exclusive interval; no sum-of-percentiles total
logistic_motion_forest_anomaly,warmup,valid_receiver_after_bad_tag,accept,accepted,in_memory_audit_measured,29,0.0503,0.06549999999999997,0.11645999999999992,0.1348,29,"Recorded audit record/prepare/commit spans, exclusive of their children; not all audit-related overhead and not durable storage.",per-observation exclusive interval; no sum-of-percentiles total
logistic_motion_forest_anomaly,warmup,valid_receiver_after_bad_tag,accept,accepted,local_admission_checks,29,0.0,0.0,0.0,0.0,0,"Measured local authorization/binding/consumption calls, excluding nested credential verification.",per-observation exclusive interval; no sum-of-percentiles total
logistic_motion_forest_anomaly,warmup,valid_receiver_after_bad_tag,accept,accepted,model_input_preprocessing,29,4.0878,4.51252,4.891095999999999,5.0302,29,Shared model-input preparation; model-specific normalization remains in consumer timing.,per-observation exclusive interval; no sum-of-percentiles total
logistic_motion_forest_anomaly,warmup,valid_receiver_after_bad_tag,accept,accepted,motion_consumer,29,0.6683,0.85386,0.866724,0.8714,29,Motion consumer including normalization/tensor preparation/prediction decoding.,per-observation exclusive interval; no sum-of-percentiles total
logistic_motion_forest_anomaly,warmup,valid_receiver_after_bad_tag,accept,accepted,outer_orchestration_unisolated,29,0.0264,0.02942,0.033227999999999994,0.0346,29,Direct root/first-post-window remainder outside named child spans.,per-observation exclusive interval; no sum-of-percentiles total
logistic_motion_forest_anomaly,warmup,valid_receiver_after_bad_tag,accept,accepted,receiver_binding_sequence_state_unisolated,29,0.1073,0.1465,0.37292399999999964,0.4602,29,"Verifier remainder including binding, sequence checks, locks/state publication and observer work; NOT isolated sequence latency.",per-observation exclusive interval; no sum-of-percentiles total
logistic_motion_forest_anomaly,warmup,valid_receiver_after_bad_tag,accept,accepted,receiver_parsing,29,1.6545,2.016679999999999,2.4861359999999997,2.6202,29,Envelope and binary parser call.,per-observation exclusive interval; no sum-of-percentiles total
logistic_motion_forest_anomaly,warmup,valid_receiver_after_bad_tag,accept,accepted,receiver_quality_check,29,5.1853,5.54958,6.183939999999999,6.4085,29,Verifier quality-check call.,per-observation exclusive interval; no sum-of-percentiles total
logistic_motion_forest_anomaly,warmup,valid_receiver_after_bad_tag,accept,accepted,receiver_window_hmac,29,0.0217,0.03012,0.034879999999999994,0.0367,29,"Recorded verifier window-tag calculation, not complete authentication.",per-observation exclusive interval; no sum-of-percentiles total
logistic_motion_forest_anomaly,warmup,valid_receiver_after_bad_tag,accept,accepted,reconstruction,29,0.0,0.0,0.0,0.0,0,Actual recorded BCH reconstruction; includes any observer/GC delay.,per-observation exclusive interval; no sum-of-percentiles total
logistic_motion_forest_anomaly,warmup,valid_receiver_after_bad_tag,accept,accepted,release_conversion_unisolated,29,0.6363,0.73928,0.770784,0.7805,29,Accepted release remainder including conversion/dispatch/observer work outside consumer children.,per-observation exclusive interval; no sum-of-percentiles total
logistic_motion_forest_anomaly,warmup,valid_receiver_after_bad_tag,accept,accepted,sender_binding_unisolated,29,0.0,0.0,0.0,0.0,0,Sender seal remainder: binding/state/orchestration/observer work not separately timed.,per-observation exclusive interval; no sum-of-percentiles total
logistic_motion_forest_anomaly,warmup,valid_receiver_after_bad_tag,accept,accepted,sender_serialization_and_quality,29,0.0,0.0,0.0,0.0,0,Sender serialization including its quality validation; not separately timed.,per-observation exclusive interval; no sum-of-percentiles total
logistic_motion_forest_anomaly,warmup,valid_receiver_after_bad_tag,accept,accepted,sender_window_hmac,29,0.0,0.0,0.0,0.0,0,Recorded window-tag generation call.,per-observation exclusive interval; no sum-of-percentiles total
logistic_motion_forest_anomaly,warmup,valid_receiver_after_bad_tag,accept,accepted,session_establishment_unisolated,29,0.0,0.0,0.0,0.0,0,"Handshake/request/activation remainder, including unseparated HKDF/confirmation work and observer cost.",per-observation exclusive interval; no sum-of-percentiles total
logistic_motion_forest_anomaly,warmup,valid_receiver_after_bad_tag,accept,accepted,simulated_response_read,29,0.0,0.0,0.0,0.0,0,"Modeled response generation, not physical acquisition.",per-observation exclusive interval; no sum-of-percentiles total
logistic_motion_logistic_anomaly,condition_first_use,bad_tag_receiver,reject,invalid_tag,admission_orchestration_unisolated,1,0.0,0.0,0.0,0.0,0,Admission orchestration remainder not covered by named children.,per-observation exclusive interval; no sum-of-percentiles total
logistic_motion_logistic_anomaly,condition_first_use,bad_tag_receiver,reject,invalid_tag,anomaly_consumer,1,0.0,0.0,0.0,0.0,0,Anomaly consumer including feature scaling and frozen-threshold decision.,per-observation exclusive interval; no sum-of-percentiles total
logistic_motion_logistic_anomaly,condition_first_use,bad_tag_receiver,reject,invalid_tag,binary32_adapter,1,0.0,0.0,0.0,0.0,0,Canonical binary32 input adaptation before sender sealing.,per-observation exclusive interval; no sum-of-percentiles total
logistic_motion_logistic_anomaly,condition_first_use,bad_tag_receiver,reject,invalid_tag,credential_verification,1,0.0,0.0,0.0,0.0,0,Recorded independent credential-verification call(s).,per-observation exclusive interval; no sum-of-percentiles total
logistic_motion_logistic_anomaly,condition_first_use,bad_tag_receiver,reject,invalid_tag,in_memory_audit_measured,1,0.0344,0.0344,0.0344,0.0344,1,"Recorded audit record/prepare/commit spans, exclusive of their children; not all audit-related overhead and not durable storage.",per-observation exclusive interval; no sum-of-percentiles total
logistic_motion_logistic_anomaly,condition_first_use,bad_tag_receiver,reject,invalid_tag,local_admission_checks,1,0.0,0.0,0.0,0.0,0,"Measured local authorization/binding/consumption calls, excluding nested credential verification.",per-observation exclusive interval; no sum-of-percentiles total
logistic_motion_logistic_anomaly,condition_first_use,bad_tag_receiver,reject,invalid_tag,model_input_preprocessing,1,0.0,0.0,0.0,0.0,0,Shared model-input preparation; model-specific normalization remains in consumer timing.,per-observation exclusive interval; no sum-of-percentiles total
logistic_motion_logistic_anomaly,condition_first_use,bad_tag_receiver,reject,invalid_tag,motion_consumer,1,0.0,0.0,0.0,0.0,0,Motion consumer including normalization/tensor preparation/prediction decoding.,per-observation exclusive interval; no sum-of-percentiles total
logistic_motion_logistic_anomaly,condition_first_use,bad_tag_receiver,reject,invalid_tag,outer_orchestration_unisolated,1,0.0122,0.0122,0.0122,0.0122,1,Direct root/first-post-window remainder outside named child spans.,per-observation exclusive interval; no sum-of-percentiles total
logistic_motion_logistic_anomaly,condition_first_use,bad_tag_receiver,reject,invalid_tag,receiver_binding_sequence_state_unisolated,1,0.1049,0.1049,0.1049,0.1049,1,"Verifier remainder including binding, sequence checks, locks/state publication and observer work; NOT isolated sequence latency.",per-observation exclusive interval; no sum-of-percentiles total
logistic_motion_logistic_anomaly,condition_first_use,bad_tag_receiver,reject,invalid_tag,receiver_parsing,1,1.467,1.467,1.467,1.467,1,Envelope and binary parser call.,per-observation exclusive interval; no sum-of-percentiles total
logistic_motion_logistic_anomaly,condition_first_use,bad_tag_receiver,reject,invalid_tag,receiver_quality_check,1,0.0,0.0,0.0,0.0,0,Verifier quality-check call.,per-observation exclusive interval; no sum-of-percentiles total
logistic_motion_logistic_anomaly,condition_first_use,bad_tag_receiver,reject,invalid_tag,receiver_window_hmac,1,0.0244,0.0244,0.0244,0.0244,1,"Recorded verifier window-tag calculation, not complete authentication.",per-observation exclusive interval; no sum-of-percentiles total
logistic_motion_logistic_anomaly,condition_first_use,bad_tag_receiver,reject,invalid_tag,reconstruction,1,0.0,0.0,0.0,0.0,0,Actual recorded BCH reconstruction; includes any observer/GC delay.,per-observation exclusive interval; no sum-of-percentiles total
logistic_motion_logistic_anomaly,condition_first_use,bad_tag_receiver,reject,invalid_tag,release_conversion_unisolated,1,0.0,0.0,0.0,0.0,0,Accepted release remainder including conversion/dispatch/observer work outside consumer children.,per-observation exclusive interval; no sum-of-percentiles total
logistic_motion_logistic_anomaly,condition_first_use,bad_tag_receiver,reject,invalid_tag,sender_binding_unisolated,1,0.0,0.0,0.0,0.0,0,Sender seal remainder: binding/state/orchestration/observer work not separately timed.,per-observation exclusive interval; no sum-of-percentiles total
logistic_motion_logistic_anomaly,condition_first_use,bad_tag_receiver,reject,invalid_tag,sender_serialization_and_quality,1,0.0,0.0,0.0,0.0,0,Sender serialization including its quality validation; not separately timed.,per-observation exclusive interval; no sum-of-percentiles total
logistic_motion_logistic_anomaly,condition_first_use,bad_tag_receiver,reject,invalid_tag,sender_window_hmac,1,0.0,0.0,0.0,0.0,0,Recorded window-tag generation call.,per-observation exclusive interval; no sum-of-percentiles total
logistic_motion_logistic_anomaly,condition_first_use,bad_tag_receiver,reject,invalid_tag,session_establishment_unisolated,1,0.0,0.0,0.0,0.0,0,"Handshake/request/activation remainder, including unseparated HKDF/confirmation work and observer cost.",per-observation exclusive interval; no sum-of-percentiles total
logistic_motion_logistic_anomaly,condition_first_use,bad_tag_receiver,reject,invalid_tag,simulated_response_read,1,0.0,0.0,0.0,0.0,0,"Modeled response generation, not physical acquisition.",per-observation exclusive interval; no sum-of-percentiles total
logistic_motion_logistic_anomaly,condition_first_use,exact_replay_receiver,reject,duplicate_sequence,admission_orchestration_unisolated,1,0.0,0.0,0.0,0.0,0,Admission orchestration remainder not covered by named children.,per-observation exclusive interval; no sum-of-percentiles total
logistic_motion_logistic_anomaly,condition_first_use,exact_replay_receiver,reject,duplicate_sequence,anomaly_consumer,1,0.0,0.0,0.0,0.0,0,Anomaly consumer including feature scaling and frozen-threshold decision.,per-observation exclusive interval; no sum-of-percentiles total
logistic_motion_logistic_anomaly,condition_first_use,exact_replay_receiver,reject,duplicate_sequence,binary32_adapter,1,0.0,0.0,0.0,0.0,0,Canonical binary32 input adaptation before sender sealing.,per-observation exclusive interval; no sum-of-percentiles total
logistic_motion_logistic_anomaly,condition_first_use,exact_replay_receiver,reject,duplicate_sequence,credential_verification,1,0.0,0.0,0.0,0.0,0,Recorded independent credential-verification call(s).,per-observation exclusive interval; no sum-of-percentiles total
logistic_motion_logistic_anomaly,condition_first_use,exact_replay_receiver,reject,duplicate_sequence,in_memory_audit_measured,1,0.0653,0.0653,0.0653,0.0653,1,"Recorded audit record/prepare/commit spans, exclusive of their children; not all audit-related overhead and not durable storage.",per-observation exclusive interval; no sum-of-percentiles total
logistic_motion_logistic_anomaly,condition_first_use,exact_replay_receiver,reject,duplicate_sequence,local_admission_checks,1,0.0,0.0,0.0,0.0,0,"Measured local authorization/binding/consumption calls, excluding nested credential verification.",per-observation exclusive interval; no sum-of-percentiles total
logistic_motion_logistic_anomaly,condition_first_use,exact_replay_receiver,reject,duplicate_sequence,model_input_preprocessing,1,0.0,0.0,0.0,0.0,0,Shared model-input preparation; model-specific normalization remains in consumer timing.,per-observation exclusive interval; no sum-of-percentiles total
logistic_motion_logistic_anomaly,condition_first_use,exact_replay_receiver,reject,duplicate_sequence,motion_consumer,1,0.0,0.0,0.0,0.0,0,Motion consumer including normalization/tensor preparation/prediction decoding.,per-observation exclusive interval; no sum-of-percentiles total
logistic_motion_logistic_anomaly,condition_first_use,exact_replay_receiver,reject,duplicate_sequence,outer_orchestration_unisolated,1,0.0163,0.0163,0.0163,0.0163,1,Direct root/first-post-window remainder outside named child spans.,per-observation exclusive interval; no sum-of-percentiles total
logistic_motion_logistic_anomaly,condition_first_use,exact_replay_receiver,reject,duplicate_sequence,receiver_binding_sequence_state_unisolated,1,0.1707,0.1707,0.1707,0.1707,1,"Verifier remainder including binding, sequence checks, locks/state publication and observer work; NOT isolated sequence latency.",per-observation exclusive interval; no sum-of-percentiles total
logistic_motion_logistic_anomaly,condition_first_use,exact_replay_receiver,reject,duplicate_sequence,receiver_parsing,1,3.2009,3.2009,3.2009,3.2009,1,Envelope and binary parser call.,per-observation exclusive interval; no sum-of-percentiles total
logistic_motion_logistic_anomaly,condition_first_use,exact_replay_receiver,reject,duplicate_sequence,receiver_quality_check,1,5.0235,5.0235,5.0235,5.0235,1,Verifier quality-check call.,per-observation exclusive interval; no sum-of-percentiles total
logistic_motion_logistic_anomaly,condition_first_use,exact_replay_receiver,reject,duplicate_sequence,receiver_window_hmac,1,0.0308,0.0308,0.0308,0.0308,1,"Recorded verifier window-tag calculation, not complete authentication.",per-observation exclusive interval; no sum-of-percentiles total
logistic_motion_logistic_anomaly,condition_first_use,exact_replay_receiver,reject,duplicate_sequence,reconstruction,1,0.0,0.0,0.0,0.0,0,Actual recorded BCH reconstruction; includes any observer/GC delay.,per-observation exclusive interval; no sum-of-percentiles total
logistic_motion_logistic_anomaly,condition_first_use,exact_replay_receiver,reject,duplicate_sequence,release_conversion_unisolated,1,0.0,0.0,0.0,0.0,0,Accepted release remainder including conversion/dispatch/observer work outside consumer children.,per-observation exclusive interval; no sum-of-percentiles total
logistic_motion_logistic_anomaly,condition_first_use,exact_replay_receiver,reject,duplicate_sequence,sender_binding_unisolated,1,0.0,0.0,0.0,0.0,0,Sender seal remainder: binding/state/orchestration/observer work not separately timed.,per-observation exclusive interval; no sum-of-percentiles total
logistic_motion_logistic_anomaly,condition_first_use,exact_replay_receiver,reject,duplicate_sequence,sender_serialization_and_quality,1,0.0,0.0,0.0,0.0,0,Sender serialization including its quality validation; not separately timed.,per-observation exclusive interval; no sum-of-percentiles total
logistic_motion_logistic_anomaly,condition_first_use,exact_replay_receiver,reject,duplicate_sequence,sender_window_hmac,1,0.0,0.0,0.0,0.0,0,Recorded window-tag generation call.,per-observation exclusive interval; no sum-of-percentiles total
logistic_motion_logistic_anomaly,condition_first_use,exact_replay_receiver,reject,duplicate_sequence,session_establishment_unisolated,1,0.0,0.0,0.0,0.0,0,"Handshake/request/activation remainder, including unseparated HKDF/confirmation work and observer cost.",per-observation exclusive interval; no sum-of-percentiles total
logistic_motion_logistic_anomaly,condition_first_use,exact_replay_receiver,reject,duplicate_sequence,simulated_response_read,1,0.0,0.0,0.0,0.0,0,"Modeled response generation, not physical acquisition.",per-observation exclusive interval; no sum-of-percentiles total
logistic_motion_logistic_anomaly,condition_first_use,fresh_to_first_window,accept,accepted,admission_orchestration_unisolated,1,0.0578,0.0578,0.0578,0.0578,1,Admission orchestration remainder not covered by named children.,per-observation exclusive interval; no sum-of-percentiles total
logistic_motion_logistic_anomaly,condition_first_use,fresh_to_first_window,accept,accepted,anomaly_consumer,1,0.4645,0.4645,0.4645,0.4645,1,Anomaly consumer including feature scaling and frozen-threshold decision.,per-observation exclusive interval; no sum-of-percentiles total
logistic_motion_logistic_anomaly,condition_first_use,fresh_to_first_window,accept,accepted,binary32_adapter,1,1.1619,1.1619,1.1619,1.1619,1,Canonical binary32 input adaptation before sender sealing.,per-observation exclusive interval; no sum-of-percentiles total
logistic_motion_logistic_anomaly,condition_first_use,fresh_to_first_window,accept,accepted,credential_verification,1,0.0787,0.0787,0.0787,0.0787,1,Recorded independent credential-verification call(s).,per-observation exclusive interval; no sum-of-percentiles total
logistic_motion_logistic_anomaly,condition_first_use,fresh_to_first_window,accept,accepted,in_memory_audit_measured,1,0.2339,0.2339,0.2339,0.2339,1,"Recorded audit record/prepare/commit spans, exclusive of their children; not all audit-related overhead and not durable storage.",per-observation exclusive interval; no sum-of-percentiles total
logistic_motion_logistic_anomaly,condition_first_use,fresh_to_first_window,accept,accepted,local_admission_checks,1,0.0715,0.0715,0.0715,0.0715,1,"Measured local authorization/binding/consumption calls, excluding nested credential verification.",per-observation exclusive interval; no sum-of-percentiles total
logistic_motion_logistic_anomaly,condition_first_use,fresh_to_first_window,accept,accepted,model_input_preprocessing,1,4.0533,4.0533,4.0533,4.0533,1,Shared model-input preparation; model-specific normalization remains in consumer timing.,per-observation exclusive interval; no sum-of-percentiles total
logistic_motion_logistic_anomaly,condition_first_use,fresh_to_first_window,accept,accepted,motion_consumer,1,0.6331,0.6331,0.6331,0.6331,1,Motion consumer including normalization/tensor preparation/prediction decoding.,per-observation exclusive interval; no sum-of-percentiles total
logistic_motion_logistic_anomaly,condition_first_use,fresh_to_first_window,accept,accepted,outer_orchestration_unisolated,1,0.1791,0.1791,0.1791,0.1791,1,Direct root/first-post-window remainder outside named child spans.,per-observation exclusive interval; no sum-of-percentiles total
logistic_motion_logistic_anomaly,condition_first_use,fresh_to_first_window,accept,accepted,receiver_binding_sequence_state_unisolated,1,0.1309,0.1309,0.1309,0.1309,1,"Verifier remainder including binding, sequence checks, locks/state publication and observer work; NOT isolated sequence latency.",per-observation exclusive interval; no sum-of-percentiles total
logistic_motion_logistic_anomaly,condition_first_use,fresh_to_first_window,accept,accepted,receiver_parsing,1,1.6832,1.6832,1.6832,1.6832,1,Envelope and binary parser call.,per-observation exclusive interval; no sum-of-percentiles total
logistic_motion_logistic_anomaly,condition_first_use,fresh_to_first_window,accept,accepted,receiver_quality_check,1,4.7104,4.7104,4.7104,4.7104,1,Verifier quality-check call.,per-observation exclusive interval; no sum-of-percentiles total
logistic_motion_logistic_anomaly,condition_first_use,fresh_to_first_window,accept,accepted,receiver_window_hmac,1,0.0296,0.0296,0.0296,0.0296,1,"Recorded verifier window-tag calculation, not complete authentication.",per-observation exclusive interval; no sum-of-percentiles total
logistic_motion_logistic_anomaly,condition_first_use,fresh_to_first_window,accept,accepted,reconstruction,1,6.1111,6.1111,6.1111,6.1111,1,Actual recorded BCH reconstruction; includes any observer/GC delay.,per-observation exclusive interval; no sum-of-percentiles total
logistic_motion_logistic_anomaly,condition_first_use,fresh_to_first_window,accept,accepted,release_conversion_unisolated,1,0.5564,0.5564,0.5564,0.5564,1,Accepted release remainder including conversion/dispatch/observer work outside consumer children.,per-observation exclusive interval; no sum-of-percentiles total
logistic_motion_logistic_anomaly,condition_first_use,fresh_to_first_window,accept,accepted,sender_binding_unisolated,1,0.1668,0.1668,0.1668,0.1668,1,Sender seal remainder: binding/state/orchestration/observer work not separately timed.,per-observation exclusive interval; no sum-of-percentiles total
logistic_motion_logistic_anomaly,condition_first_use,fresh_to_first_window,accept,accepted,sender_serialization_and_quality,1,5.1106,5.1106,5.1106,5.1106,1,Sender serialization including its quality validation; not separately timed.,per-observation exclusive interval; no sum-of-percentiles total
logistic_motion_logistic_anomaly,condition_first_use,fresh_to_first_window,accept,accepted,sender_window_hmac,1,0.0343,0.0343,0.0343,0.0343,1,Recorded window-tag generation call.,per-observation exclusive interval; no sum-of-percentiles total
logistic_motion_logistic_anomaly,condition_first_use,fresh_to_first_window,accept,accepted,session_establishment_unisolated,1,0.4908,0.4908,0.4908,0.4908,1,"Handshake/request/activation remainder, including unseparated HKDF/confirmation work and observer cost.",per-observation exclusive interval; no sum-of-percentiles total
logistic_motion_logistic_anomaly,condition_first_use,fresh_to_first_window,accept,accepted,simulated_response_read,1,0.1412,0.1412,0.1412,0.1412,1,"Modeled response generation, not physical acquisition.",per-observation exclusive interval; no sum-of-percentiles total
logistic_motion_logistic_anomaly,condition_first_use,malformed_json_receiver,reject,malformed_message,admission_orchestration_unisolated,1,0.0,0.0,0.0,0.0,0,Admission orchestration remainder not covered by named children.,per-observation exclusive interval; no sum-of-percentiles total
logistic_motion_logistic_anomaly,condition_first_use,malformed_json_receiver,reject,malformed_message,anomaly_consumer,1,0.0,0.0,0.0,0.0,0,Anomaly consumer including feature scaling and frozen-threshold decision.,per-observation exclusive interval; no sum-of-percentiles total
logistic_motion_logistic_anomaly,condition_first_use,malformed_json_receiver,reject,malformed_message,binary32_adapter,1,0.0,0.0,0.0,0.0,0,Canonical binary32 input adaptation before sender sealing.,per-observation exclusive interval; no sum-of-percentiles total
logistic_motion_logistic_anomaly,condition_first_use,malformed_json_receiver,reject,malformed_message,credential_verification,1,0.0,0.0,0.0,0.0,0,Recorded independent credential-verification call(s).,per-observation exclusive interval; no sum-of-percentiles total
logistic_motion_logistic_anomaly,condition_first_use,malformed_json_receiver,reject,malformed_message,in_memory_audit_measured,1,0.0726,0.0726,0.0726,0.0726,1,"Recorded audit record/prepare/commit spans, exclusive of their children; not all audit-related overhead and not durable storage.",per-observation exclusive interval; no sum-of-percentiles total
logistic_motion_logistic_anomaly,condition_first_use,malformed_json_receiver,reject,malformed_message,local_admission_checks,1,0.0,0.0,0.0,0.0,0,"Measured local authorization/binding/consumption calls, excluding nested credential verification.",per-observation exclusive interval; no sum-of-percentiles total
logistic_motion_logistic_anomaly,condition_first_use,malformed_json_receiver,reject,malformed_message,model_input_preprocessing,1,0.0,0.0,0.0,0.0,0,Shared model-input preparation; model-specific normalization remains in consumer timing.,per-observation exclusive interval; no sum-of-percentiles total
logistic_motion_logistic_anomaly,condition_first_use,malformed_json_receiver,reject,malformed_message,motion_consumer,1,0.0,0.0,0.0,0.0,0,Motion consumer including normalization/tensor preparation/prediction decoding.,per-observation exclusive interval; no sum-of-percentiles total
logistic_motion_logistic_anomaly,condition_first_use,malformed_json_receiver,reject,malformed_message,outer_orchestration_unisolated,1,0.0117,0.0117,0.0117,0.0117,1,Direct root/first-post-window remainder outside named child spans.,per-observation exclusive interval; no sum-of-percentiles total
logistic_motion_logistic_anomaly,condition_first_use,malformed_json_receiver,reject,malformed_message,receiver_binding_sequence_state_unisolated,1,0.0659,0.0659,0.0659,0.0659,1,"Verifier remainder including binding, sequence checks, locks/state publication and observer work; NOT isolated sequence latency.",per-observation exclusive interval; no sum-of-percentiles total
logistic_motion_logistic_anomaly,condition_first_use,malformed_json_receiver,reject,malformed_message,receiver_parsing,1,0.0498,0.0498,0.0498,0.0498,1,Envelope and binary parser call.,per-observation exclusive interval; no sum-of-percentiles total
logistic_motion_logistic_anomaly,condition_first_use,malformed_json_receiver,reject,malformed_message,receiver_quality_check,1,0.0,0.0,0.0,0.0,0,Verifier quality-check call.,per-observation exclusive interval; no sum-of-percentiles total
logistic_motion_logistic_anomaly,condition_first_use,malformed_json_receiver,reject,malformed_message,receiver_window_hmac,1,0.0,0.0,0.0,0.0,0,"Recorded verifier window-tag calculation, not complete authentication.",per-observation exclusive interval; no sum-of-percentiles total
logistic_motion_logistic_anomaly,condition_first_use,malformed_json_receiver,reject,malformed_message,reconstruction,1,0.0,0.0,0.0,0.0,0,Actual recorded BCH reconstruction; includes any observer/GC delay.,per-observation exclusive interval; no sum-of-percentiles total
logistic_motion_logistic_anomaly,condition_first_use,malformed_json_receiver,reject,malformed_message,release_conversion_unisolated,1,0.0,0.0,0.0,0.0,0,Accepted release remainder including conversion/dispatch/observer work outside consumer children.,per-observation exclusive interval; no sum-of-percentiles total
logistic_motion_logistic_anomaly,condition_first_use,malformed_json_receiver,reject,malformed_message,sender_binding_unisolated,1,0.0,0.0,0.0,0.0,0,Sender seal remainder: binding/state/orchestration/observer work not separately timed.,per-observation exclusive interval; no sum-of-percentiles total
logistic_motion_logistic_anomaly,condition_first_use,malformed_json_receiver,reject,malformed_message,sender_serialization_and_quality,1,0.0,0.0,0.0,0.0,0,Sender serialization including its quality validation; not separately timed.,per-observation exclusive interval; no sum-of-percentiles total
logistic_motion_logistic_anomaly,condition_first_use,malformed_json_receiver,reject,malformed_message,sender_window_hmac,1,0.0,0.0,0.0,0.0,0,Recorded window-tag generation call.,per-observation exclusive interval; no sum-of-percentiles total
logistic_motion_logistic_anomaly,condition_first_use,malformed_json_receiver,reject,malformed_message,session_establishment_unisolated,1,0.0,0.0,0.0,0.0,0,"Handshake/request/activation remainder, including unseparated HKDF/confirmation work and observer cost.",per-observation exclusive interval; no sum-of-percentiles total
logistic_motion_logistic_anomaly,condition_first_use,malformed_json_receiver,reject,malformed_message,simulated_response_read,1,0.0,0.0,0.0,0.0,0,"Modeled response generation, not physical acquisition.",per-observation exclusive interval; no sum-of-percentiles total
logistic_motion_logistic_anomaly,condition_first_use,post_window_after_refusals,accept,accepted,admission_orchestration_unisolated,1,0.0,0.0,0.0,0.0,0,Admission orchestration remainder not covered by named children.,per-observation exclusive interval; no sum-of-percentiles total
logistic_motion_logistic_anomaly,condition_first_use,post_window_after_refusals,accept,accepted,anomaly_consumer,1,0.4435,0.4435,0.4435,0.4435,1,Anomaly consumer including feature scaling and frozen-threshold decision.,per-observation exclusive interval; no sum-of-percentiles total
logistic_motion_logistic_anomaly,condition_first_use,post_window_after_refusals,accept,accepted,binary32_adapter,1,1.0491,1.0491,1.0491,1.0491,1,Canonical binary32 input adaptation before sender sealing.,per-observation exclusive interval; no sum-of-percentiles total
logistic_motion_logistic_anomaly,condition_first_use,post_window_after_refusals,accept,accepted,credential_verification,1,0.0,0.0,0.0,0.0,0,Recorded independent credential-verification call(s).,per-observation exclusive interval; no sum-of-percentiles total
logistic_motion_logistic_anomaly,condition_first_use,post_window_after_refusals,accept,accepted,in_memory_audit_measured,1,0.1109,0.1109,0.1109,0.1109,1,"Recorded audit record/prepare/commit spans, exclusive of their children; not all audit-related overhead and not durable storage.",per-observation exclusive interval; no sum-of-percentiles total
logistic_motion_logistic_anomaly,condition_first_use,post_window_after_refusals,accept,accepted,local_admission_checks,1,0.0,0.0,0.0,0.0,0,"Measured local authorization/binding/consumption calls, excluding nested credential verification.",per-observation exclusive interval; no sum-of-percentiles total
logistic_motion_logistic_anomaly,condition_first_use,post_window_after_refusals,accept,accepted,model_input_preprocessing,1,3.8624,3.8624,3.8624,3.8624,1,Shared model-input preparation; model-specific normalization remains in consumer timing.,per-observation exclusive interval; no sum-of-percentiles total
logistic_motion_logistic_anomaly,condition_first_use,post_window_after_refusals,accept,accepted,motion_consumer,1,0.7421,0.7421,0.7421,0.7421,1,Motion consumer including normalization/tensor preparation/prediction decoding.,per-observation exclusive interval; no sum-of-percentiles total
logistic_motion_logistic_anomaly,condition_first_use,post_window_after_refusals,accept,accepted,outer_orchestration_unisolated,1,0.0793,0.0793,0.0793,0.0793,1,Direct root/first-post-window remainder outside named child spans.,per-observation exclusive interval; no sum-of-percentiles total
logistic_motion_logistic_anomaly,condition_first_use,post_window_after_refusals,accept,accepted,receiver_binding_sequence_state_unisolated,1,0.103,0.103,0.103,0.103,1,"Verifier remainder including binding, sequence checks, locks/state publication and observer work; NOT isolated sequence latency.",per-observation exclusive interval; no sum-of-percentiles total
logistic_motion_logistic_anomaly,condition_first_use,post_window_after_refusals,accept,accepted,receiver_parsing,1,1.4914,1.4914,1.4914,1.4914,1,Envelope and binary parser call.,per-observation exclusive interval; no sum-of-percentiles total
logistic_motion_logistic_anomaly,condition_first_use,post_window_after_refusals,accept,accepted,receiver_quality_check,1,4.1742,4.1742,4.1742,4.1742,1,Verifier quality-check call.,per-observation exclusive interval; no sum-of-percentiles total
logistic_motion_logistic_anomaly,condition_first_use,post_window_after_refusals,accept,accepted,receiver_window_hmac,1,0.0299,0.0299,0.0299,0.0299,1,"Recorded verifier window-tag calculation, not complete authentication.",per-observation exclusive interval; no sum-of-percentiles total
logistic_motion_logistic_anomaly,condition_first_use,post_window_after_refusals,accept,accepted,reconstruction,1,0.0,0.0,0.0,0.0,0,Actual recorded BCH reconstruction; includes any observer/GC delay.,per-observation exclusive interval; no sum-of-percentiles total
logistic_motion_logistic_anomaly,condition_first_use,post_window_after_refusals,accept,accepted,release_conversion_unisolated,1,0.5985,0.5985,0.5985,0.5985,1,Accepted release remainder including conversion/dispatch/observer work outside consumer children.,per-observation exclusive interval; no sum-of-percentiles total
logistic_motion_logistic_anomaly,condition_first_use,post_window_after_refusals,accept,accepted,sender_binding_unisolated,1,0.1593,0.1593,0.1593,0.1593,1,Sender seal remainder: binding/state/orchestration/observer work not separately timed.,per-observation exclusive interval; no sum-of-percentiles total
logistic_motion_logistic_anomaly,condition_first_use,post_window_after_refusals,accept,accepted,sender_serialization_and_quality,1,5.0137,5.0137,5.0137,5.0137,1,Sender serialization including its quality validation; not separately timed.,per-observation exclusive interval; no sum-of-percentiles total
logistic_motion_logistic_anomaly,condition_first_use,post_window_after_refusals,accept,accepted,sender_window_hmac,1,0.0481,0.0481,0.0481,0.0481,1,Recorded window-tag generation call.,per-observation exclusive interval; no sum-of-percentiles total
logistic_motion_logistic_anomaly,condition_first_use,post_window_after_refusals,accept,accepted,session_establishment_unisolated,1,0.0,0.0,0.0,0.0,0,"Handshake/request/activation remainder, including unseparated HKDF/confirmation work and observer cost.",per-observation exclusive interval; no sum-of-percentiles total
logistic_motion_logistic_anomaly,condition_first_use,post_window_after_refusals,accept,accepted,simulated_response_read,1,0.0,0.0,0.0,0.0,0,"Modeled response generation, not physical acquisition.",per-observation exclusive interval; no sum-of-percentiles total
logistic_motion_logistic_anomaly,condition_first_use,post_window_recurring,accept,accepted,admission_orchestration_unisolated,1,0.0,0.0,0.0,0.0,0,Admission orchestration remainder not covered by named children.,per-observation exclusive interval; no sum-of-percentiles total
logistic_motion_logistic_anomaly,condition_first_use,post_window_recurring,accept,accepted,anomaly_consumer,1,0.5042,0.5042,0.5042,0.5042,1,Anomaly consumer including feature scaling and frozen-threshold decision.,per-observation exclusive interval; no sum-of-percentiles total
logistic_motion_logistic_anomaly,condition_first_use,post_window_recurring,accept,accepted,binary32_adapter,1,1.0461,1.0461,1.0461,1.0461,1,Canonical binary32 input adaptation before sender sealing.,per-observation exclusive interval; no sum-of-percentiles total
logistic_motion_logistic_anomaly,condition_first_use,post_window_recurring,accept,accepted,credential_verification,1,0.0,0.0,0.0,0.0,0,Recorded independent credential-verification call(s).,per-observation exclusive interval; no sum-of-percentiles total
logistic_motion_logistic_anomaly,condition_first_use,post_window_recurring,accept,accepted,in_memory_audit_measured,1,0.1023,0.1023,0.1023,0.1023,1,"Recorded audit record/prepare/commit spans, exclusive of their children; not all audit-related overhead and not durable storage.",per-observation exclusive interval; no sum-of-percentiles total
logistic_motion_logistic_anomaly,condition_first_use,post_window_recurring,accept,accepted,local_admission_checks,1,0.0,0.0,0.0,0.0,0,"Measured local authorization/binding/consumption calls, excluding nested credential verification.",per-observation exclusive interval; no sum-of-percentiles total
logistic_motion_logistic_anomaly,condition_first_use,post_window_recurring,accept,accepted,model_input_preprocessing,1,3.7288,3.7288,3.7288,3.7288,1,Shared model-input preparation; model-specific normalization remains in consumer timing.,per-observation exclusive interval; no sum-of-percentiles total
logistic_motion_logistic_anomaly,condition_first_use,post_window_recurring,accept,accepted,motion_consumer,1,0.8477,0.8477,0.8477,0.8477,1,Motion consumer including normalization/tensor preparation/prediction decoding.,per-observation exclusive interval; no sum-of-percentiles total
logistic_motion_logistic_anomaly,condition_first_use,post_window_recurring,accept,accepted,outer_orchestration_unisolated,1,0.1091,0.1091,0.1091,0.1091,1,Direct root/first-post-window remainder outside named child spans.,per-observation exclusive interval; no sum-of-percentiles total
logistic_motion_logistic_anomaly,condition_first_use,post_window_recurring,accept,accepted,receiver_binding_sequence_state_unisolated,1,0.1133,0.1133,0.1133,0.1133,1,"Verifier remainder including binding, sequence checks, locks/state publication and observer work; NOT isolated sequence latency.",per-observation exclusive interval; no sum-of-percentiles total
logistic_motion_logistic_anomaly,condition_first_use,post_window_recurring,accept,accepted,receiver_parsing,1,1.6093,1.6093,1.6093,1.6093,1,Envelope and binary parser call.,per-observation exclusive interval; no sum-of-percentiles total
logistic_motion_logistic_anomaly,condition_first_use,post_window_recurring,accept,accepted,receiver_quality_check,1,4.8069,4.8069,4.8069,4.8069,1,Verifier quality-check call.,per-observation exclusive interval; no sum-of-percentiles total
logistic_motion_logistic_anomaly,condition_first_use,post_window_recurring,accept,accepted,receiver_window_hmac,1,0.0273,0.0273,0.0273,0.0273,1,"Recorded verifier window-tag calculation, not complete authentication.",per-observation exclusive interval; no sum-of-percentiles total
logistic_motion_logistic_anomaly,condition_first_use,post_window_recurring,accept,accepted,reconstruction,1,0.0,0.0,0.0,0.0,0,Actual recorded BCH reconstruction; includes any observer/GC delay.,per-observation exclusive interval; no sum-of-percentiles total
logistic_motion_logistic_anomaly,condition_first_use,post_window_recurring,accept,accepted,release_conversion_unisolated,1,0.6312,0.6312,0.6312,0.6312,1,Accepted release remainder including conversion/dispatch/observer work outside consumer children.,per-observation exclusive interval; no sum-of-percentiles total
logistic_motion_logistic_anomaly,condition_first_use,post_window_recurring,accept,accepted,sender_binding_unisolated,1,0.1472,0.1472,0.1472,0.1472,1,Sender seal remainder: binding/state/orchestration/observer work not separately timed.,per-observation exclusive interval; no sum-of-percentiles total
logistic_motion_logistic_anomaly,condition_first_use,post_window_recurring,accept,accepted,sender_serialization_and_quality,1,4.8425,4.8425,4.8425,4.8425,1,Sender serialization including its quality validation; not separately timed.,per-observation exclusive interval; no sum-of-percentiles total
logistic_motion_logistic_anomaly,condition_first_use,post_window_recurring,accept,accepted,sender_window_hmac,1,0.0298,0.0298,0.0298,0.0298,1,Recorded window-tag generation call.,per-observation exclusive interval; no sum-of-percentiles total
logistic_motion_logistic_anomaly,condition_first_use,post_window_recurring,accept,accepted,session_establishment_unisolated,1,0.0,0.0,0.0,0.0,0,"Handshake/request/activation remainder, including unseparated HKDF/confirmation work and observer cost.",per-observation exclusive interval; no sum-of-percentiles total
logistic_motion_logistic_anomaly,condition_first_use,post_window_recurring,accept,accepted,simulated_response_read,1,0.0,0.0,0.0,0.0,0,"Modeled response generation, not physical acquisition.",per-observation exclusive interval; no sum-of-percentiles total
logistic_motion_logistic_anomaly,condition_first_use,pre_tag_quality_refusal,reject,data_quality_failure,admission_orchestration_unisolated,1,0.0,0.0,0.0,0.0,0,Admission orchestration remainder not covered by named children.,per-observation exclusive interval; no sum-of-percentiles total
logistic_motion_logistic_anomaly,condition_first_use,pre_tag_quality_refusal,reject,data_quality_failure,anomaly_consumer,1,0.0,0.0,0.0,0.0,0,Anomaly consumer including feature scaling and frozen-threshold decision.,per-observation exclusive interval; no sum-of-percentiles total
logistic_motion_logistic_anomaly,condition_first_use,pre_tag_quality_refusal,reject,data_quality_failure,binary32_adapter,1,1.0882,1.0882,1.0882,1.0882,1,Canonical binary32 input adaptation before sender sealing.,per-observation exclusive interval; no sum-of-percentiles total
logistic_motion_logistic_anomaly,condition_first_use,pre_tag_quality_refusal,reject,data_quality_failure,credential_verification,1,0.0,0.0,0.0,0.0,0,Recorded independent credential-verification call(s).,per-observation exclusive interval; no sum-of-percentiles total
logistic_motion_logistic_anomaly,condition_first_use,pre_tag_quality_refusal,reject,data_quality_failure,in_memory_audit_measured,1,0.0603,0.0603,0.0603,0.0603,1,"Recorded audit record/prepare/commit spans, exclusive of their children; not all audit-related overhead and not durable storage.",per-observation exclusive interval; no sum-of-percentiles total
logistic_motion_logistic_anomaly,condition_first_use,pre_tag_quality_refusal,reject,data_quality_failure,local_admission_checks,1,0.0,0.0,0.0,0.0,0,"Measured local authorization/binding/consumption calls, excluding nested credential verification.",per-observation exclusive interval; no sum-of-percentiles total
logistic_motion_logistic_anomaly,condition_first_use,pre_tag_quality_refusal,reject,data_quality_failure,model_input_preprocessing,1,0.0,0.0,0.0,0.0,0,Shared model-input preparation; model-specific normalization remains in consumer timing.,per-observation exclusive interval; no sum-of-percentiles total
logistic_motion_logistic_anomaly,condition_first_use,pre_tag_quality_refusal,reject,data_quality_failure,motion_consumer,1,0.0,0.0,0.0,0.0,0,Motion consumer including normalization/tensor preparation/prediction decoding.,per-observation exclusive interval; no sum-of-percentiles total
logistic_motion_logistic_anomaly,condition_first_use,pre_tag_quality_refusal,reject,data_quality_failure,outer_orchestration_unisolated,1,0.0505,0.0505,0.0505,0.0505,1,Direct root/first-post-window remainder outside named child spans.,per-observation exclusive interval; no sum-of-percentiles total
logistic_motion_logistic_anomaly,condition_first_use,pre_tag_quality_refusal,reject,data_quality_failure,receiver_binding_sequence_state_unisolated,1,0.0,0.0,0.0,0.0,0,"Verifier remainder including binding, sequence checks, locks/state publication and observer work; NOT isolated sequence latency.",per-observation exclusive interval; no sum-of-percentiles total
logistic_motion_logistic_anomaly,condition_first_use,pre_tag_quality_refusal,reject,data_quality_failure,receiver_parsing,1,0.0,0.0,0.0,0.0,0,Envelope and binary parser call.,per-observation exclusive interval; no sum-of-percentiles total
logistic_motion_logistic_anomaly,condition_first_use,pre_tag_quality_refusal,reject,data_quality_failure,receiver_quality_check,1,0.0,0.0,0.0,0.0,0,Verifier quality-check call.,per-observation exclusive interval; no sum-of-percentiles total
logistic_motion_logistic_anomaly,condition_first_use,pre_tag_quality_refusal,reject,data_quality_failure,receiver_window_hmac,1,0.0,0.0,0.0,0.0,0,"Recorded verifier window-tag calculation, not complete authentication.",per-observation exclusive interval; no sum-of-percentiles total
logistic_motion_logistic_anomaly,condition_first_use,pre_tag_quality_refusal,reject,data_quality_failure,reconstruction,1,0.0,0.0,0.0,0.0,0,Actual recorded BCH reconstruction; includes any observer/GC delay.,per-observation exclusive interval; no sum-of-percentiles total
logistic_motion_logistic_anomaly,condition_first_use,pre_tag_quality_refusal,reject,data_quality_failure,release_conversion_unisolated,1,0.0,0.0,0.0,0.0,0,Accepted release remainder including conversion/dispatch/observer work outside consumer children.,per-observation exclusive interval; no sum-of-percentiles total
logistic_motion_logistic_anomaly,condition_first_use,pre_tag_quality_refusal,reject,data_quality_failure,sender_binding_unisolated,1,0.0798,0.0798,0.0798,0.0798,1,Sender seal remainder: binding/state/orchestration/observer work not separately timed.,per-observation exclusive interval; no sum-of-percentiles total
logistic_motion_logistic_anomaly,condition_first_use,pre_tag_quality_refusal,reject,data_quality_failure,sender_serialization_and_quality,1,0.4907,0.4907,0.4907,0.4907,1,Sender serialization including its quality validation; not separately timed.,per-observation exclusive interval; no sum-of-percentiles total
logistic_motion_logistic_anomaly,condition_first_use,pre_tag_quality_refusal,reject,data_quality_failure,sender_window_hmac,1,0.0,0.0,0.0,0.0,0,Recorded window-tag generation call.,per-observation exclusive interval; no sum-of-percentiles total
logistic_motion_logistic_anomaly,condition_first_use,pre_tag_quality_refusal,reject,data_quality_failure,session_establishment_unisolated,1,0.0,0.0,0.0,0.0,0,"Handshake/request/activation remainder, including unseparated HKDF/confirmation work and observer cost.",per-observation exclusive interval; no sum-of-percentiles total
logistic_motion_logistic_anomaly,condition_first_use,pre_tag_quality_refusal,reject,data_quality_failure,simulated_response_read,1,0.0,0.0,0.0,0.0,0,"Modeled response generation, not physical acquisition.",per-observation exclusive interval; no sum-of-percentiles total
logistic_motion_logistic_anomaly,condition_first_use,valid_receiver_after_bad_tag,accept,accepted,admission_orchestration_unisolated,1,0.0,0.0,0.0,0.0,0,Admission orchestration remainder not covered by named children.,per-observation exclusive interval; no sum-of-percentiles total
logistic_motion_logistic_anomaly,condition_first_use,valid_receiver_after_bad_tag,accept,accepted,anomaly_consumer,1,0.4326,0.4326,0.4326,0.4326,1,Anomaly consumer including feature scaling and frozen-threshold decision.,per-observation exclusive interval; no sum-of-percentiles total
logistic_motion_logistic_anomaly,condition_first_use,valid_receiver_after_bad_tag,accept,accepted,binary32_adapter,1,0.0,0.0,0.0,0.0,0,Canonical binary32 input adaptation before sender sealing.,per-observation exclusive interval; no sum-of-percentiles total
logistic_motion_logistic_anomaly,condition_first_use,valid_receiver_after_bad_tag,accept,accepted,credential_verification,1,0.0,0.0,0.0,0.0,0,Recorded independent credential-verification call(s).,per-observation exclusive interval; no sum-of-percentiles total
logistic_motion_logistic_anomaly,condition_first_use,valid_receiver_after_bad_tag,accept,accepted,in_memory_audit_measured,1,0.0505,0.0505,0.0505,0.0505,1,"Recorded audit record/prepare/commit spans, exclusive of their children; not all audit-related overhead and not durable storage.",per-observation exclusive interval; no sum-of-percentiles total
logistic_motion_logistic_anomaly,condition_first_use,valid_receiver_after_bad_tag,accept,accepted,local_admission_checks,1,0.0,0.0,0.0,0.0,0,"Measured local authorization/binding/consumption calls, excluding nested credential verification.",per-observation exclusive interval; no sum-of-percentiles total
logistic_motion_logistic_anomaly,condition_first_use,valid_receiver_after_bad_tag,accept,accepted,model_input_preprocessing,1,3.3905,3.3905,3.3905,3.3905,1,Shared model-input preparation; model-specific normalization remains in consumer timing.,per-observation exclusive interval; no sum-of-percentiles total
logistic_motion_logistic_anomaly,condition_first_use,valid_receiver_after_bad_tag,accept,accepted,motion_consumer,1,0.6706,0.6706,0.6706,0.6706,1,Motion consumer including normalization/tensor preparation/prediction decoding.,per-observation exclusive interval; no sum-of-percentiles total
logistic_motion_logistic_anomaly,condition_first_use,valid_receiver_after_bad_tag,accept,accepted,outer_orchestration_unisolated,1,0.0236,0.0236,0.0236,0.0236,1,Direct root/first-post-window remainder outside named child spans.,per-observation exclusive interval; no sum-of-percentiles total
logistic_motion_logistic_anomaly,condition_first_use,valid_receiver_after_bad_tag,accept,accepted,receiver_binding_sequence_state_unisolated,1,0.1189,0.1189,0.1189,0.1189,1,"Verifier remainder including binding, sequence checks, locks/state publication and observer work; NOT isolated sequence latency.",per-observation exclusive interval; no sum-of-percentiles total
logistic_motion_logistic_anomaly,condition_first_use,valid_receiver_after_bad_tag,accept,accepted,receiver_parsing,1,1.3378,1.3378,1.3378,1.3378,1,Envelope and binary parser call.,per-observation exclusive interval; no sum-of-percentiles total
logistic_motion_logistic_anomaly,condition_first_use,valid_receiver_after_bad_tag,accept,accepted,receiver_quality_check,1,4.4702,4.4702,4.4702,4.4702,1,Verifier quality-check call.,per-observation exclusive interval; no sum-of-percentiles total
logistic_motion_logistic_anomaly,condition_first_use,valid_receiver_after_bad_tag,accept,accepted,receiver_window_hmac,1,0.0194,0.0194,0.0194,0.0194,1,"Recorded verifier window-tag calculation, not complete authentication.",per-observation exclusive interval; no sum-of-percentiles total
logistic_motion_logistic_anomaly,condition_first_use,valid_receiver_after_bad_tag,accept,accepted,reconstruction,1,0.0,0.0,0.0,0.0,0,Actual recorded BCH reconstruction; includes any observer/GC delay.,per-observation exclusive interval; no sum-of-percentiles total
logistic_motion_logistic_anomaly,condition_first_use,valid_receiver_after_bad_tag,accept,accepted,release_conversion_unisolated,1,0.5065,0.5065,0.5065,0.5065,1,Accepted release remainder including conversion/dispatch/observer work outside consumer children.,per-observation exclusive interval; no sum-of-percentiles total
logistic_motion_logistic_anomaly,condition_first_use,valid_receiver_after_bad_tag,accept,accepted,sender_binding_unisolated,1,0.0,0.0,0.0,0.0,0,Sender seal remainder: binding/state/orchestration/observer work not separately timed.,per-observation exclusive interval; no sum-of-percentiles total
logistic_motion_logistic_anomaly,condition_first_use,valid_receiver_after_bad_tag,accept,accepted,sender_serialization_and_quality,1,0.0,0.0,0.0,0.0,0,Sender serialization including its quality validation; not separately timed.,per-observation exclusive interval; no sum-of-percentiles total
logistic_motion_logistic_anomaly,condition_first_use,valid_receiver_after_bad_tag,accept,accepted,sender_window_hmac,1,0.0,0.0,0.0,0.0,0,Recorded window-tag generation call.,per-observation exclusive interval; no sum-of-percentiles total
logistic_motion_logistic_anomaly,condition_first_use,valid_receiver_after_bad_tag,accept,accepted,session_establishment_unisolated,1,0.0,0.0,0.0,0.0,0,"Handshake/request/activation remainder, including unseparated HKDF/confirmation work and observer cost.",per-observation exclusive interval; no sum-of-percentiles total
logistic_motion_logistic_anomaly,condition_first_use,valid_receiver_after_bad_tag,accept,accepted,simulated_response_read,1,0.0,0.0,0.0,0.0,0,"Modeled response generation, not physical acquisition.",per-observation exclusive interval; no sum-of-percentiles total
logistic_motion_logistic_anomaly,measured,bad_tag_receiver,reject,invalid_tag,admission_orchestration_unisolated,119,0.0,0.0,0.0,0.0,0,Admission orchestration remainder not covered by named children.,per-observation exclusive interval; no sum-of-percentiles total
logistic_motion_logistic_anomaly,measured,bad_tag_receiver,reject,invalid_tag,anomaly_consumer,119,0.0,0.0,0.0,0.0,0,Anomaly consumer including feature scaling and frozen-threshold decision.,per-observation exclusive interval; no sum-of-percentiles total
logistic_motion_logistic_anomaly,measured,bad_tag_receiver,reject,invalid_tag,binary32_adapter,119,0.0,0.0,0.0,0.0,0,Canonical binary32 input adaptation before sender sealing.,per-observation exclusive interval; no sum-of-percentiles total
logistic_motion_logistic_anomaly,measured,bad_tag_receiver,reject,invalid_tag,credential_verification,119,0.0,0.0,0.0,0.0,0,Recorded independent credential-verification call(s).,per-observation exclusive interval; no sum-of-percentiles total
logistic_motion_logistic_anomaly,measured,bad_tag_receiver,reject,invalid_tag,in_memory_audit_measured,119,0.0411,0.053649999999999955,0.07610599999999997,0.0826,119,"Recorded audit record/prepare/commit spans, exclusive of their children; not all audit-related overhead and not durable storage.",per-observation exclusive interval; no sum-of-percentiles total
logistic_motion_logistic_anomaly,measured,bad_tag_receiver,reject,invalid_tag,local_admission_checks,119,0.0,0.0,0.0,0.0,0,"Measured local authorization/binding/consumption calls, excluding nested credential verification.",per-observation exclusive interval; no sum-of-percentiles total
logistic_motion_logistic_anomaly,measured,bad_tag_receiver,reject,invalid_tag,model_input_preprocessing,119,0.0,0.0,0.0,0.0,0,Shared model-input preparation; model-specific normalization remains in consumer timing.,per-observation exclusive interval; no sum-of-percentiles total
logistic_motion_logistic_anomaly,measured,bad_tag_receiver,reject,invalid_tag,motion_consumer,119,0.0,0.0,0.0,0.0,0,Motion consumer including normalization/tensor preparation/prediction decoding.,per-observation exclusive interval; no sum-of-percentiles total
logistic_motion_logistic_anomaly,measured,bad_tag_receiver,reject,invalid_tag,outer_orchestration_unisolated,119,0.0134,0.018079999999999995,0.026615999999999973,0.0398,119,Direct root/first-post-window remainder outside named child spans.,per-observation exclusive interval; no sum-of-percentiles total
logistic_motion_logistic_anomaly,measured,bad_tag_receiver,reject,invalid_tag,receiver_binding_sequence_state_unisolated,119,0.1026,0.14129999999999998,0.18949999999999984,0.4195,119,"Verifier remainder including binding, sequence checks, locks/state publication and observer work; NOT isolated sequence latency.",per-observation exclusive interval; no sum-of-percentiles total
logistic_motion_logistic_anomaly,measured,bad_tag_receiver,reject,invalid_tag,receiver_parsing,119,1.6747,2.22201,2.452795999999999,2.5477,119,Envelope and binary parser call.,per-observation exclusive interval; no sum-of-percentiles total
logistic_motion_logistic_anomaly,measured,bad_tag_receiver,reject,invalid_tag,receiver_quality_check,119,0.0,0.0,0.0,0.0,0,Verifier quality-check call.,per-observation exclusive interval; no sum-of-percentiles total
logistic_motion_logistic_anomaly,measured,bad_tag_receiver,reject,invalid_tag,receiver_window_hmac,119,0.0195,0.031299999999999994,0.041105999999999976,0.0448,119,"Recorded verifier window-tag calculation, not complete authentication.",per-observation exclusive interval; no sum-of-percentiles total
logistic_motion_logistic_anomaly,measured,bad_tag_receiver,reject,invalid_tag,reconstruction,119,0.0,0.0,0.0,0.0,0,Actual recorded BCH reconstruction; includes any observer/GC delay.,per-observation exclusive interval; no sum-of-percentiles total
logistic_motion_logistic_anomaly,measured,bad_tag_receiver,reject,invalid_tag,release_conversion_unisolated,119,0.0,0.0,0.0,0.0,0,Accepted release remainder including conversion/dispatch/observer work outside consumer children.,per-observation exclusive interval; no sum-of-percentiles total
logistic_motion_logistic_anomaly,measured,bad_tag_receiver,reject,invalid_tag,sender_binding_unisolated,119,0.0,0.0,0.0,0.0,0,Sender seal remainder: binding/state/orchestration/observer work not separately timed.,per-observation exclusive interval; no sum-of-percentiles total
logistic_motion_logistic_anomaly,measured,bad_tag_receiver,reject,invalid_tag,sender_serialization_and_quality,119,0.0,0.0,0.0,0.0,0,Sender serialization including its quality validation; not separately timed.,per-observation exclusive interval; no sum-of-percentiles total
logistic_motion_logistic_anomaly,measured,bad_tag_receiver,reject,invalid_tag,sender_window_hmac,119,0.0,0.0,0.0,0.0,0,Recorded window-tag generation call.,per-observation exclusive interval; no sum-of-percentiles total
logistic_motion_logistic_anomaly,measured,bad_tag_receiver,reject,invalid_tag,session_establishment_unisolated,119,0.0,0.0,0.0,0.0,0,"Handshake/request/activation remainder, including unseparated HKDF/confirmation work and observer cost.",per-observation exclusive interval; no sum-of-percentiles total
logistic_motion_logistic_anomaly,measured,bad_tag_receiver,reject,invalid_tag,simulated_response_read,119,0.0,0.0,0.0,0.0,0,"Modeled response generation, not physical acquisition.",per-observation exclusive interval; no sum-of-percentiles total
logistic_motion_logistic_anomaly,measured,exact_replay_receiver,reject,duplicate_sequence,admission_orchestration_unisolated,119,0.0,0.0,0.0,0.0,0,Admission orchestration remainder not covered by named children.,per-observation exclusive interval; no sum-of-percentiles total
logistic_motion_logistic_anomaly,measured,exact_replay_receiver,reject,duplicate_sequence,anomaly_consumer,119,0.0,0.0,0.0,0.0,0,Anomaly consumer including feature scaling and frozen-threshold decision.,per-observation exclusive interval; no sum-of-percentiles total
logistic_motion_logistic_anomaly,measured,exact_replay_receiver,reject,duplicate_sequence,binary32_adapter,119,0.0,0.0,0.0,0.0,0,Canonical binary32 input adaptation before sender sealing.,per-observation exclusive interval; no sum-of-percentiles total
logistic_motion_logistic_anomaly,measured,exact_replay_receiver,reject,duplicate_sequence,credential_verification,119,0.0,0.0,0.0,0.0,0,Recorded independent credential-verification call(s).,per-observation exclusive interval; no sum-of-percentiles total
logistic_motion_logistic_anomaly,measured,exact_replay_receiver,reject,duplicate_sequence,in_memory_audit_measured,119,0.0623,0.07868999999999997,0.0975,0.1068,119,"Recorded audit record/prepare/commit spans, exclusive of their children; not all audit-related overhead and not durable storage.",per-observation exclusive interval; no sum-of-percentiles total
logistic_motion_logistic_anomaly,measured,exact_replay_receiver,reject,duplicate_sequence,local_admission_checks,119,0.0,0.0,0.0,0.0,0,"Measured local authorization/binding/consumption calls, excluding nested credential verification.",per-observation exclusive interval; no sum-of-percentiles total
logistic_motion_logistic_anomaly,measured,exact_replay_receiver,reject,duplicate_sequence,model_input_preprocessing,119,0.0,0.0,0.0,0.0,0,Shared model-input preparation; model-specific normalization remains in consumer timing.,per-observation exclusive interval; no sum-of-percentiles total
logistic_motion_logistic_anomaly,measured,exact_replay_receiver,reject,duplicate_sequence,motion_consumer,119,0.0,0.0,0.0,0.0,0,Motion consumer including normalization/tensor preparation/prediction decoding.,per-observation exclusive interval; no sum-of-percentiles total
logistic_motion_logistic_anomaly,measured,exact_replay_receiver,reject,duplicate_sequence,outer_orchestration_unisolated,119,0.013,0.01602,0.01765599999999999,0.0248,119,Direct root/first-post-window remainder outside named child spans.,per-observation exclusive interval; no sum-of-percentiles total
logistic_motion_logistic_anomaly,measured,exact_replay_receiver,reject,duplicate_sequence,receiver_binding_sequence_state_unisolated,119,0.1405,0.17305,0.18689199999999997,0.19,119,"Verifier remainder including binding, sequence checks, locks/state publication and observer work; NOT isolated sequence latency.",per-observation exclusive interval; no sum-of-percentiles total
logistic_motion_logistic_anomaly,measured,exact_replay_receiver,reject,duplicate_sequence,receiver_parsing,119,1.9237,4.368299999999999,4.677385999999999,7.3919,119,Envelope and binary parser call.,per-observation exclusive interval; no sum-of-percentiles total
logistic_motion_logistic_anomaly,measured,exact_replay_receiver,reject,duplicate_sequence,receiver_quality_check,119,5.3042,6.165299999999999,6.837835999999998,6.9509,119,Verifier quality-check call.,per-observation exclusive interval; no sum-of-percentiles total
logistic_motion_logistic_anomaly,measured,exact_replay_receiver,reject,duplicate_sequence,receiver_window_hmac,119,0.0246,0.03276,0.041203999999999984,0.0452,119,"Recorded verifier window-tag calculation, not complete authentication.",per-observation exclusive interval; no sum-of-percentiles total
logistic_motion_logistic_anomaly,measured,exact_replay_receiver,reject,duplicate_sequence,reconstruction,119,0.0,0.0,0.0,0.0,0,Actual recorded BCH reconstruction; includes any observer/GC delay.,per-observation exclusive interval; no sum-of-percentiles total
logistic_motion_logistic_anomaly,measured,exact_replay_receiver,reject,duplicate_sequence,release_conversion_unisolated,119,0.0,0.0,0.0,0.0,0,Accepted release remainder including conversion/dispatch/observer work outside consumer children.,per-observation exclusive interval; no sum-of-percentiles total
logistic_motion_logistic_anomaly,measured,exact_replay_receiver,reject,duplicate_sequence,sender_binding_unisolated,119,0.0,0.0,0.0,0.0,0,Sender seal remainder: binding/state/orchestration/observer work not separately timed.,per-observation exclusive interval; no sum-of-percentiles total
logistic_motion_logistic_anomaly,measured,exact_replay_receiver,reject,duplicate_sequence,sender_serialization_and_quality,119,0.0,0.0,0.0,0.0,0,Sender serialization including its quality validation; not separately timed.,per-observation exclusive interval; no sum-of-percentiles total
logistic_motion_logistic_anomaly,measured,exact_replay_receiver,reject,duplicate_sequence,sender_window_hmac,119,0.0,0.0,0.0,0.0,0,Recorded window-tag generation call.,per-observation exclusive interval; no sum-of-percentiles total
logistic_motion_logistic_anomaly,measured,exact_replay_receiver,reject,duplicate_sequence,session_establishment_unisolated,119,0.0,0.0,0.0,0.0,0,"Handshake/request/activation remainder, including unseparated HKDF/confirmation work and observer cost.",per-observation exclusive interval; no sum-of-percentiles total
logistic_motion_logistic_anomaly,measured,exact_replay_receiver,reject,duplicate_sequence,simulated_response_read,119,0.0,0.0,0.0,0.0,0,"Modeled response generation, not physical acquisition.",per-observation exclusive interval; no sum-of-percentiles total
logistic_motion_logistic_anomaly,measured,fresh_to_first_window,accept,accepted,admission_orchestration_unisolated,119,0.0571,0.07488,0.09278199999999993,0.132,119,Admission orchestration remainder not covered by named children.,per-observation exclusive interval; no sum-of-percentiles total
logistic_motion_logistic_anomaly,measured,fresh_to_first_window,accept,accepted,anomaly_consumer,119,0.4692,0.56422,0.7369539999999999,0.7572,119,Anomaly consumer including feature scaling and frozen-threshold decision.,per-observation exclusive interval; no sum-of-percentiles total
logistic_motion_logistic_anomaly,measured,fresh_to_first_window,accept,accepted,binary32_adapter,119,1.309,1.78321,1.818428,2.0596,119,Canonical binary32 input adaptation before sender sealing.,per-observation exclusive interval; no sum-of-percentiles total
logistic_motion_logistic_anomaly,measured,fresh_to_first_window,accept,accepted,credential_verification,119,0.0579,0.0767,0.1078059999999998,0.1222,119,Recorded independent credential-verification call(s).,per-observation exclusive interval; no sum-of-percentiles total
logistic_motion_logistic_anomaly,measured,fresh_to_first_window,accept,accepted,in_memory_audit_measured,119,0.2417,0.3198999999999999,0.3862179999999999,0.4053,119,"Recorded audit record/prepare/commit spans, exclusive of their children; not all audit-related overhead and not durable storage.",per-observation exclusive interval; no sum-of-percentiles total
logistic_motion_logistic_anomaly,measured,fresh_to_first_window,accept,accepted,local_admission_checks,119,0.0727,0.10926,0.14083199999999996,0.2233,119,"Measured local authorization/binding/consumption calls, excluding nested credential verification.",per-observation exclusive interval; no sum-of-percentiles total
logistic_motion_logistic_anomaly,measured,fresh_to_first_window,accept,accepted,model_input_preprocessing,119,4.1715,4.969289999999998,6.780075999999999,6.941,119,Shared model-input preparation; model-specific normalization remains in consumer timing.,per-observation exclusive interval; no sum-of-percentiles total
logistic_motion_logistic_anomaly,measured,fresh_to_first_window,accept,accepted,motion_consumer,119,0.7498,0.8634599999999997,1.087979999999999,1.1186,119,Motion consumer including normalization/tensor preparation/prediction decoding.,per-observation exclusive interval; no sum-of-percentiles total
logistic_motion_logistic_anomaly,measured,fresh_to_first_window,accept,accepted,outer_orchestration_unisolated,119,0.1234,0.16454999999999992,0.2287019999999999,0.2745,119,Direct root/first-post-window remainder outside named child spans.,per-observation exclusive interval; no sum-of-percentiles total
logistic_motion_logistic_anomaly,measured,fresh_to_first_window,accept,accepted,receiver_binding_sequence_state_unisolated,119,0.1105,0.14876999999999996,0.18521799999999983,0.2042,119,"Verifier remainder including binding, sequence checks, locks/state publication and observer work; NOT isolated sequence latency.",per-observation exclusive interval; no sum-of-percentiles total
logistic_motion_logistic_anomaly,measured,fresh_to_first_window,accept,accepted,receiver_parsing,119,1.9065,2.429229999999999,2.7658199999999997,2.9046,119,Envelope and binary parser call.,per-observation exclusive interval; no sum-of-percentiles total
logistic_motion_logistic_anomaly,measured,fresh_to_first_window,accept,accepted,receiver_quality_check,119,5.2825,6.471809999999995,7.389164,7.4187,119,Verifier quality-check call.,per-observation exclusive interval; no sum-of-percentiles total
logistic_motion_logistic_anomaly,measured,fresh_to_first_window,accept,accepted,receiver_window_hmac,119,0.0202,0.027539999999999995,0.03754399999999993,0.0487,119,"Recorded verifier window-tag calculation, not complete authentication.",per-observation exclusive interval; no sum-of-percentiles total
logistic_motion_logistic_anomaly,measured,fresh_to_first_window,accept,accepted,reconstruction,119,3.7212,5.361259999999998,7.292589999999998,8.9766,119,Actual recorded BCH reconstruction; includes any observer/GC delay.,per-observation exclusive interval; no sum-of-percentiles total
logistic_motion_logistic_anomaly,measured,fresh_to_first_window,accept,accepted,release_conversion_unisolated,119,0.6374,0.7873799999999999,0.871476,1.0305,119,Accepted release remainder including conversion/dispatch/observer work outside consumer children.,per-observation exclusive interval; no sum-of-percentiles total
logistic_motion_logistic_anomaly,measured,fresh_to_first_window,accept,accepted,sender_binding_unisolated,119,0.149,0.21367,0.255768,0.2568,119,Sender seal remainder: binding/state/orchestration/observer work not separately timed.,per-observation exclusive interval; no sum-of-percentiles total
logistic_motion_logistic_anomaly,measured,fresh_to_first_window,accept,accepted,sender_serialization_and_quality,119,5.8852,7.69932,8.209316,9.2055,119,Sender serialization including its quality validation; not separately timed.,per-observation exclusive interval; no sum-of-percentiles total
logistic_motion_logistic_anomaly,measured,fresh_to_first_window,accept,accepted,sender_window_hmac,119,0.0217,0.03792,0.04354199999999998,0.0449,119,Recorded window-tag generation call.,per-observation exclusive interval; no sum-of-percentiles total
logistic_motion_logistic_anomaly,measured,fresh_to_first_window,accept,accepted,session_establishment_unisolated,119,0.4966,0.68209,0.7367739999999998,0.9049,119,"Handshake/request/activation remainder, including unseparated HKDF/confirmation work and observer cost.",per-observation exclusive interval; no sum-of-percentiles total
logistic_motion_logistic_anomaly,measured,fresh_to_first_window,accept,accepted,simulated_response_read,119,0.188,0.24782,0.27662199999999987,0.3067,119,"Modeled response generation, not physical acquisition.",per-observation exclusive interval; no sum-of-percentiles total
logistic_motion_logistic_anomaly,measured,fresh_to_first_window,reject,failed_reconstruction,admission_orchestration_unisolated,1,0.0395,0.0395,0.0395,0.0395,1,Admission orchestration remainder not covered by named children.,per-observation exclusive interval; no sum-of-percentiles total
logistic_motion_logistic_anomaly,measured,fresh_to_first_window,reject,failed_reconstruction,anomaly_consumer,1,0.0,0.0,0.0,0.0,0,Anomaly consumer including feature scaling and frozen-threshold decision.,per-observation exclusive interval; no sum-of-percentiles total
logistic_motion_logistic_anomaly,measured,fresh_to_first_window,reject,failed_reconstruction,binary32_adapter,1,0.0,0.0,0.0,0.0,0,Canonical binary32 input adaptation before sender sealing.,per-observation exclusive interval; no sum-of-percentiles total
logistic_motion_logistic_anomaly,measured,fresh_to_first_window,reject,failed_reconstruction,credential_verification,1,0.0,0.0,0.0,0.0,0,Recorded independent credential-verification call(s).,per-observation exclusive interval; no sum-of-percentiles total
logistic_motion_logistic_anomaly,measured,fresh_to_first_window,reject,failed_reconstruction,in_memory_audit_measured,1,0.0667,0.0667,0.0667,0.0667,1,"Recorded audit record/prepare/commit spans, exclusive of their children; not all audit-related overhead and not durable storage.",per-observation exclusive interval; no sum-of-percentiles total
logistic_motion_logistic_anomaly,measured,fresh_to_first_window,reject,failed_reconstruction,local_admission_checks,1,0.0,0.0,0.0,0.0,0,"Measured local authorization/binding/consumption calls, excluding nested credential verification.",per-observation exclusive interval; no sum-of-percentiles total
logistic_motion_logistic_anomaly,measured,fresh_to_first_window,reject,failed_reconstruction,model_input_preprocessing,1,0.0,0.0,0.0,0.0,0,Shared model-input preparation; model-specific normalization remains in consumer timing.,per-observation exclusive interval; no sum-of-percentiles total
logistic_motion_logistic_anomaly,measured,fresh_to_first_window,reject,failed_reconstruction,motion_consumer,1,0.0,0.0,0.0,0.0,0,Motion consumer including normalization/tensor preparation/prediction decoding.,per-observation exclusive interval; no sum-of-percentiles total
logistic_motion_logistic_anomaly,measured,fresh_to_first_window,reject,failed_reconstruction,outer_orchestration_unisolated,1,0.0197,0.0197,0.0197,0.0197,1,Direct root/first-post-window remainder outside named child spans.,per-observation exclusive interval; no sum-of-percentiles total
logistic_motion_logistic_anomaly,measured,fresh_to_first_window,reject,failed_reconstruction,receiver_binding_sequence_state_unisolated,1,0.0,0.0,0.0,0.0,0,"Verifier remainder including binding, sequence checks, locks/state publication and observer work; NOT isolated sequence latency.",per-observation exclusive interval; no sum-of-percentiles total
logistic_motion_logistic_anomaly,measured,fresh_to_first_window,reject,failed_reconstruction,receiver_parsing,1,0.0,0.0,0.0,0.0,0,Envelope and binary parser call.,per-observation exclusive interval; no sum-of-percentiles total
logistic_motion_logistic_anomaly,measured,fresh_to_first_window,reject,failed_reconstruction,receiver_quality_check,1,0.0,0.0,0.0,0.0,0,Verifier quality-check call.,per-observation exclusive interval; no sum-of-percentiles total
logistic_motion_logistic_anomaly,measured,fresh_to_first_window,reject,failed_reconstruction,receiver_window_hmac,1,0.0,0.0,0.0,0.0,0,"Recorded verifier window-tag calculation, not complete authentication.",per-observation exclusive interval; no sum-of-percentiles total
logistic_motion_logistic_anomaly,measured,fresh_to_first_window,reject,failed_reconstruction,reconstruction,1,3.5511,3.5511,3.5511,3.5511,1,Actual recorded BCH reconstruction; includes any observer/GC delay.,per-observation exclusive interval; no sum-of-percentiles total
logistic_motion_logistic_anomaly,measured,fresh_to_first_window,reject,failed_reconstruction,release_conversion_unisolated,1,0.0,0.0,0.0,0.0,0,Accepted release remainder including conversion/dispatch/observer work outside consumer children.,per-observation exclusive interval; no sum-of-percentiles total
logistic_motion_logistic_anomaly,measured,fresh_to_first_window,reject,failed_reconstruction,sender_binding_unisolated,1,0.0,0.0,0.0,0.0,0,Sender seal remainder: binding/state/orchestration/observer work not separately timed.,per-observation exclusive interval; no sum-of-percentiles total
logistic_motion_logistic_anomaly,measured,fresh_to_first_window,reject,failed_reconstruction,sender_serialization_and_quality,1,0.0,0.0,0.0,0.0,0,Sender serialization including its quality validation; not separately timed.,per-observation exclusive interval; no sum-of-percentiles total
logistic_motion_logistic_anomaly,measured,fresh_to_first_window,reject,failed_reconstruction,sender_window_hmac,1,0.0,0.0,0.0,0.0,0,Recorded window-tag generation call.,per-observation exclusive interval; no sum-of-percentiles total
logistic_motion_logistic_anomaly,measured,fresh_to_first_window,reject,failed_reconstruction,session_establishment_unisolated,1,0.0941,0.0941,0.0941,0.0941,1,"Handshake/request/activation remainder, including unseparated HKDF/confirmation work and observer cost.",per-observation exclusive interval; no sum-of-percentiles total
logistic_motion_logistic_anomaly,measured,fresh_to_first_window,reject,failed_reconstruction,simulated_response_read,1,0.1903,0.1903,0.1903,0.1903,1,"Modeled response generation, not physical acquisition.",per-observation exclusive interval; no sum-of-percentiles total
logistic_motion_logistic_anomaly,measured,malformed_json_receiver,reject,malformed_message,admission_orchestration_unisolated,119,0.0,0.0,0.0,0.0,0,Admission orchestration remainder not covered by named children.,per-observation exclusive interval; no sum-of-percentiles total
logistic_motion_logistic_anomaly,measured,malformed_json_receiver,reject,malformed_message,anomaly_consumer,119,0.0,0.0,0.0,0.0,0,Anomaly consumer including feature scaling and frozen-threshold decision.,per-observation exclusive interval; no sum-of-percentiles total
logistic_motion_logistic_anomaly,measured,malformed_json_receiver,reject,malformed_message,binary32_adapter,119,0.0,0.0,0.0,0.0,0,Canonical binary32 input adaptation before sender sealing.,per-observation exclusive interval; no sum-of-percentiles total
logistic_motion_logistic_anomaly,measured,malformed_json_receiver,reject,malformed_message,credential_verification,119,0.0,0.0,0.0,0.0,0,Recorded independent credential-verification call(s).,per-observation exclusive interval; no sum-of-percentiles total
logistic_motion_logistic_anomaly,measured,malformed_json_receiver,reject,malformed_message,in_memory_audit_measured,119,0.0575,0.07085999999999998,0.076356,0.0766,119,"Recorded audit record/prepare/commit spans, exclusive of their children; not all audit-related overhead and not durable storage.",per-observation exclusive interval; no sum-of-percentiles total
logistic_motion_logistic_anomaly,measured,malformed_json_receiver,reject,malformed_message,local_admission_checks,119,0.0,0.0,0.0,0.0,0,"Measured local authorization/binding/consumption calls, excluding nested credential verification.",per-observation exclusive interval; no sum-of-percentiles total
logistic_motion_logistic_anomaly,measured,malformed_json_receiver,reject,malformed_message,model_input_preprocessing,119,0.0,0.0,0.0,0.0,0,Shared model-input preparation; model-specific normalization remains in consumer timing.,per-observation exclusive interval; no sum-of-percentiles total
logistic_motion_logistic_anomaly,measured,malformed_json_receiver,reject,malformed_message,motion_consumer,119,0.0,0.0,0.0,0.0,0,Motion consumer including normalization/tensor preparation/prediction decoding.,per-observation exclusive interval; no sum-of-percentiles total
logistic_motion_logistic_anomaly,measured,malformed_json_receiver,reject,malformed_message,outer_orchestration_unisolated,119,0.0094,0.01121,0.012391999999999997,0.013,119,Direct root/first-post-window remainder outside named child spans.,per-observation exclusive interval; no sum-of-percentiles total
logistic_motion_logistic_anomaly,measured,malformed_json_receiver,reject,malformed_message,receiver_binding_sequence_state_unisolated,119,0.0482,0.05892,0.068656,0.071,119,"Verifier remainder including binding, sequence checks, locks/state publication and observer work; NOT isolated sequence latency.",per-observation exclusive interval; no sum-of-percentiles total
logistic_motion_logistic_anomaly,measured,malformed_json_receiver,reject,malformed_message,receiver_parsing,119,0.0376,0.04721999999999999,0.05089399999999999,0.0599,119,Envelope and binary parser call.,per-observation exclusive interval; no sum-of-percentiles total
logistic_motion_logistic_anomaly,measured,malformed_json_receiver,reject,malformed_message,receiver_quality_check,119,0.0,0.0,0.0,0.0,0,Verifier quality-check call.,per-observation exclusive interval; no sum-of-percentiles total
logistic_motion_logistic_anomaly,measured,malformed_json_receiver,reject,malformed_message,receiver_window_hmac,119,0.0,0.0,0.0,0.0,0,"Recorded verifier window-tag calculation, not complete authentication.",per-observation exclusive interval; no sum-of-percentiles total
logistic_motion_logistic_anomaly,measured,malformed_json_receiver,reject,malformed_message,reconstruction,119,0.0,0.0,0.0,0.0,0,Actual recorded BCH reconstruction; includes any observer/GC delay.,per-observation exclusive interval; no sum-of-percentiles total
logistic_motion_logistic_anomaly,measured,malformed_json_receiver,reject,malformed_message,release_conversion_unisolated,119,0.0,0.0,0.0,0.0,0,Accepted release remainder including conversion/dispatch/observer work outside consumer children.,per-observation exclusive interval; no sum-of-percentiles total
logistic_motion_logistic_anomaly,measured,malformed_json_receiver,reject,malformed_message,sender_binding_unisolated,119,0.0,0.0,0.0,0.0,0,Sender seal remainder: binding/state/orchestration/observer work not separately timed.,per-observation exclusive interval; no sum-of-percentiles total
logistic_motion_logistic_anomaly,measured,malformed_json_receiver,reject,malformed_message,sender_serialization_and_quality,119,0.0,0.0,0.0,0.0,0,Sender serialization including its quality validation; not separately timed.,per-observation exclusive interval; no sum-of-percentiles total
logistic_motion_logistic_anomaly,measured,malformed_json_receiver,reject,malformed_message,sender_window_hmac,119,0.0,0.0,0.0,0.0,0,Recorded window-tag generation call.,per-observation exclusive interval; no sum-of-percentiles total
logistic_motion_logistic_anomaly,measured,malformed_json_receiver,reject,malformed_message,session_establishment_unisolated,119,0.0,0.0,0.0,0.0,0,"Handshake/request/activation remainder, including unseparated HKDF/confirmation work and observer cost.",per-observation exclusive interval; no sum-of-percentiles total
logistic_motion_logistic_anomaly,measured,malformed_json_receiver,reject,malformed_message,simulated_response_read,119,0.0,0.0,0.0,0.0,0,"Modeled response generation, not physical acquisition.",per-observation exclusive interval; no sum-of-percentiles total
logistic_motion_logistic_anomaly,measured,post_window_after_refusals,accept,accepted,admission_orchestration_unisolated,119,0.0,0.0,0.0,0.0,0,Admission orchestration remainder not covered by named children.,per-observation exclusive interval; no sum-of-percentiles total
logistic_motion_logistic_anomaly,measured,post_window_after_refusals,accept,accepted,anomaly_consumer,119,0.4029,0.49198,0.5238599999999999,0.5711,119,Anomaly consumer including feature scaling and frozen-threshold decision.,per-observation exclusive interval; no sum-of-percentiles total
logistic_motion_logistic_anomaly,measured,post_window_after_refusals,accept,accepted,binary32_adapter,119,1.2916,1.4202899999999998,1.5848759999999993,1.655,119,Canonical binary32 input adaptation before sender sealing.,per-observation exclusive interval; no sum-of-percentiles total
logistic_motion_logistic_anomaly,measured,post_window_after_refusals,accept,accepted,credential_verification,119,0.0,0.0,0.0,0.0,0,Recorded independent credential-verification call(s).,per-observation exclusive interval; no sum-of-percentiles total
logistic_motion_logistic_anomaly,measured,post_window_after_refusals,accept,accepted,in_memory_audit_measured,119,0.0969,0.12267999999999998,0.14409399999999992,0.2235,119,"Recorded audit record/prepare/commit spans, exclusive of their children; not all audit-related overhead and not durable storage.",per-observation exclusive interval; no sum-of-percentiles total
logistic_motion_logistic_anomaly,measured,post_window_after_refusals,accept,accepted,local_admission_checks,119,0.0,0.0,0.0,0.0,0,"Measured local authorization/binding/consumption calls, excluding nested credential verification.",per-observation exclusive interval; no sum-of-percentiles total
logistic_motion_logistic_anomaly,measured,post_window_after_refusals,accept,accepted,model_input_preprocessing,119,4.0172,4.37397,4.947855999999999,5.3734,119,Shared model-input preparation; model-specific normalization remains in consumer timing.,per-observation exclusive interval; no sum-of-percentiles total
logistic_motion_logistic_anomaly,measured,post_window_after_refusals,accept,accepted,motion_consumer,119,0.6381,0.8067299999999998,0.843404,0.8451,119,Motion consumer including normalization/tensor preparation/prediction decoding.,per-observation exclusive interval; no sum-of-percentiles total
logistic_motion_logistic_anomaly,measured,post_window_after_refusals,accept,accepted,outer_orchestration_unisolated,119,0.0838,0.11263,0.12041799999999997,0.1324,119,Direct root/first-post-window remainder outside named child spans.,per-observation exclusive interval; no sum-of-percentiles total
logistic_motion_logistic_anomaly,measured,post_window_after_refusals,accept,accepted,receiver_binding_sequence_state_unisolated,119,0.1047,0.13228,0.14495799999999995,0.1654,119,"Verifier remainder including binding, sequence checks, locks/state publication and observer work; NOT isolated sequence latency.",per-observation exclusive interval; no sum-of-percentiles total
logistic_motion_logistic_anomaly,measured,post_window_after_refusals,accept,accepted,receiver_parsing,119,1.883,5.354319999999999,5.903149999999998,280.8178,119,Envelope and binary parser call.,per-observation exclusive interval; no sum-of-percentiles total
logistic_motion_logistic_anomaly,measured,post_window_after_refusals,accept,accepted,receiver_quality_check,119,5.2534,5.621829999999999,6.132637999999997,6.3214,119,Verifier quality-check call.,per-observation exclusive interval; no sum-of-percentiles total
logistic_motion_logistic_anomaly,measured,post_window_after_refusals,accept,accepted,receiver_window_hmac,119,0.0219,0.034609999999999995,0.04021799999999996,0.0846,119,"Recorded verifier window-tag calculation, not complete authentication.",per-observation exclusive interval; no sum-of-percentiles total
logistic_motion_logistic_anomaly,measured,post_window_after_refusals,accept,accepted,reconstruction,119,0.0,0.0,0.0,0.0,0,Actual recorded BCH reconstruction; includes any observer/GC delay.,per-observation exclusive interval; no sum-of-percentiles total
logistic_motion_logistic_anomaly,measured,post_window_after_refusals,accept,accepted,release_conversion_unisolated,119,0.6164,0.7410499999999999,0.788426,0.7981,119,Accepted release remainder including conversion/dispatch/observer work outside consumer children.,per-observation exclusive interval; no sum-of-percentiles total
logistic_motion_logistic_anomaly,measured,post_window_after_refusals,accept,accepted,sender_binding_unisolated,119,0.1491,0.18334,0.21966799999999992,0.2344,119,Sender seal remainder: binding/state/orchestration/observer work not separately timed.,per-observation exclusive interval; no sum-of-percentiles total
logistic_motion_logistic_anomaly,measured,post_window_after_refusals,accept,accepted,sender_serialization_and_quality,119,5.8106,6.48401,7.0482239999999985,8.3926,119,Sender serialization including its quality validation; not separately timed.,per-observation exclusive interval; no sum-of-percentiles total
logistic_motion_logistic_anomaly,measured,post_window_after_refusals,accept,accepted,sender_window_hmac,119,0.0334,0.0516,0.057019999999999994,0.0574,119,Recorded window-tag generation call.,per-observation exclusive interval; no sum-of-percentiles total
logistic_motion_logistic_anomaly,measured,post_window_after_refusals,accept,accepted,session_establishment_unisolated,119,0.0,0.0,0.0,0.0,0,"Handshake/request/activation remainder, including unseparated HKDF/confirmation work and observer cost.",per-observation exclusive interval; no sum-of-percentiles total
logistic_motion_logistic_anomaly,measured,post_window_after_refusals,accept,accepted,simulated_response_read,119,0.0,0.0,0.0,0.0,0,"Modeled response generation, not physical acquisition.",per-observation exclusive interval; no sum-of-percentiles total
logistic_motion_logistic_anomaly,measured,post_window_recurring,accept,accepted,admission_orchestration_unisolated,119,0.0,0.0,0.0,0.0,0,Admission orchestration remainder not covered by named children.,per-observation exclusive interval; no sum-of-percentiles total
logistic_motion_logistic_anomaly,measured,post_window_recurring,accept,accepted,anomaly_consumer,119,0.4581,0.5465599999999997,0.7431779999999998,0.7567,119,Anomaly consumer including feature scaling and frozen-threshold decision.,per-observation exclusive interval; no sum-of-percentiles total
logistic_motion_logistic_anomaly,measured,post_window_recurring,accept,accepted,binary32_adapter,119,1.3016,1.629359999999999,1.8498799999999997,1.8725,119,Canonical binary32 input adaptation before sender sealing.,per-observation exclusive interval; no sum-of-percentiles total
logistic_motion_logistic_anomaly,measured,post_window_recurring,accept,accepted,credential_verification,119,0.0,0.0,0.0,0.0,0,Recorded independent credential-verification call(s).,per-observation exclusive interval; no sum-of-percentiles total
logistic_motion_logistic_anomaly,measured,post_window_recurring,accept,accepted,in_memory_audit_measured,119,0.1177,0.1657499999999999,0.197812,0.2,119,"Recorded audit record/prepare/commit spans, exclusive of their children; not all audit-related overhead and not durable storage.",per-observation exclusive interval; no sum-of-percentiles total
logistic_motion_logistic_anomaly,measured,post_window_recurring,accept,accepted,local_admission_checks,119,0.0,0.0,0.0,0.0,0,"Measured local authorization/binding/consumption calls, excluding nested credential verification.",per-observation exclusive interval; no sum-of-percentiles total
logistic_motion_logistic_anomaly,measured,post_window_recurring,accept,accepted,model_input_preprocessing,119,4.1338,5.30809,6.569375999999999,6.775,119,Shared model-input preparation; model-specific normalization remains in consumer timing.,per-observation exclusive interval; no sum-of-percentiles total
logistic_motion_logistic_anomaly,measured,post_window_recurring,accept,accepted,motion_consumer,119,0.7078,0.8549999999999999,1.0360899999999993,1.2298,119,Motion consumer including normalization/tensor preparation/prediction decoding.,per-observation exclusive interval; no sum-of-percentiles total
logistic_motion_logistic_anomaly,measured,post_window_recurring,accept,accepted,outer_orchestration_unisolated,119,0.0955,0.13859999999999995,0.18964,0.192,119,Direct root/first-post-window remainder outside named child spans.,per-observation exclusive interval; no sum-of-percentiles total
logistic_motion_logistic_anomaly,measured,post_window_recurring,accept,accepted,receiver_binding_sequence_state_unisolated,119,0.1071,0.15311999999999998,0.19051199999999985,0.2875,119,"Verifier remainder including binding, sequence checks, locks/state publication and observer work; NOT isolated sequence latency.",per-observation exclusive interval; no sum-of-percentiles total
logistic_motion_logistic_anomaly,measured,post_window_recurring,accept,accepted,receiver_parsing,119,1.8902,2.3955499999999996,2.666024,2.7006,119,Envelope and binary parser call.,per-observation exclusive interval; no sum-of-percentiles total
logistic_motion_logistic_anomaly,measured,post_window_recurring,accept,accepted,receiver_quality_check,119,5.3044,6.80924,7.337055999999999,7.4756,119,Verifier quality-check call.,per-observation exclusive interval; no sum-of-percentiles total
logistic_motion_logistic_anomaly,measured,post_window_recurring,accept,accepted,receiver_window_hmac,119,0.0217,0.03112,0.03491999999999999,0.0419,119,"Recorded verifier window-tag calculation, not complete authentication.",per-observation exclusive interval; no sum-of-percentiles total
logistic_motion_logistic_anomaly,measured,post_window_recurring,accept,accepted,reconstruction,119,0.0,0.0,0.0,0.0,0,Actual recorded BCH reconstruction; includes any observer/GC delay.,per-observation exclusive interval; no sum-of-percentiles total
logistic_motion_logistic_anomaly,measured,post_window_recurring,accept,accepted,release_conversion_unisolated,119,0.6266,0.8084399999999999,0.9398819999999993,1.0847,119,Accepted release remainder including conversion/dispatch/observer work outside consumer children.,per-observation exclusive interval; no sum-of-percentiles total
logistic_motion_logistic_anomaly,measured,post_window_recurring,accept,accepted,sender_binding_unisolated,119,0.1584,0.22184999999999996,0.260664,0.2748,119,Sender seal remainder: binding/state/orchestration/observer work not separately timed.,per-observation exclusive interval; no sum-of-percentiles total
logistic_motion_logistic_anomaly,measured,post_window_recurring,accept,accepted,sender_serialization_and_quality,119,5.8828,7.737509999999999,8.132014,8.2519,119,Sender serialization including its quality validation; not separately timed.,per-observation exclusive interval; no sum-of-percentiles total
logistic_motion_logistic_anomaly,measured,post_window_recurring,accept,accepted,sender_window_hmac,119,0.0299,0.046019999999999985,0.07670399999999981,0.0906,119,Recorded window-tag generation call.,per-observation exclusive interval; no sum-of-percentiles total
logistic_motion_logistic_anomaly,measured,post_window_recurring,accept,accepted,session_establishment_unisolated,119,0.0,0.0,0.0,0.0,0,"Handshake/request/activation remainder, including unseparated HKDF/confirmation work and observer cost.",per-observation exclusive interval; no sum-of-percentiles total
logistic_motion_logistic_anomaly,measured,post_window_recurring,accept,accepted,simulated_response_read,119,0.0,0.0,0.0,0.0,0,"Modeled response generation, not physical acquisition.",per-observation exclusive interval; no sum-of-percentiles total
logistic_motion_logistic_anomaly,measured,pre_tag_quality_refusal,reject,data_quality_failure,admission_orchestration_unisolated,119,0.0,0.0,0.0,0.0,0,Admission orchestration remainder not covered by named children.,per-observation exclusive interval; no sum-of-percentiles total
logistic_motion_logistic_anomaly,measured,pre_tag_quality_refusal,reject,data_quality_failure,anomaly_consumer,119,0.0,0.0,0.0,0.0,0,Anomaly consumer including feature scaling and frozen-threshold decision.,per-observation exclusive interval; no sum-of-percentiles total
logistic_motion_logistic_anomaly,measured,pre_tag_quality_refusal,reject,data_quality_failure,binary32_adapter,119,1.3072,1.4413299999999998,1.536384,1.6004,119,Canonical binary32 input adaptation before sender sealing.,per-observation exclusive interval; no sum-of-percentiles total
logistic_motion_logistic_anomaly,measured,pre_tag_quality_refusal,reject,data_quality_failure,credential_verification,119,0.0,0.0,0.0,0.0,0,Recorded independent credential-verification call(s).,per-observation exclusive interval; no sum-of-percentiles total
logistic_motion_logistic_anomaly,measured,pre_tag_quality_refusal,reject,data_quality_failure,in_memory_audit_measured,119,0.0553,0.06373,0.07132999999999999,0.0807,119,"Recorded audit record/prepare/commit spans, exclusive of their children; not all audit-related overhead and not durable storage.",per-observation exclusive interval; no sum-of-percentiles total
logistic_motion_logistic_anomaly,measured,pre_tag_quality_refusal,reject,data_quality_failure,local_admission_checks,119,0.0,0.0,0.0,0.0,0,"Measured local authorization/binding/consumption calls, excluding nested credential verification.",per-observation exclusive interval; no sum-of-percentiles total
logistic_motion_logistic_anomaly,measured,pre_tag_quality_refusal,reject,data_quality_failure,model_input_preprocessing,119,0.0,0.0,0.0,0.0,0,Shared model-input preparation; model-specific normalization remains in consumer timing.,per-observation exclusive interval; no sum-of-percentiles total
logistic_motion_logistic_anomaly,measured,pre_tag_quality_refusal,reject,data_quality_failure,motion_consumer,119,0.0,0.0,0.0,0.0,0,Motion consumer including normalization/tensor preparation/prediction decoding.,per-observation exclusive interval; no sum-of-percentiles total
logistic_motion_logistic_anomaly,measured,pre_tag_quality_refusal,reject,data_quality_failure,outer_orchestration_unisolated,119,0.0564,0.06526,0.07425599999999996,0.0764,119,Direct root/first-post-window remainder outside named child spans.,per-observation exclusive interval; no sum-of-percentiles total
logistic_motion_logistic_anomaly,measured,pre_tag_quality_refusal,reject,data_quality_failure,receiver_binding_sequence_state_unisolated,119,0.0,0.0,0.0,0.0,0,"Verifier remainder including binding, sequence checks, locks/state publication and observer work; NOT isolated sequence latency.",per-observation exclusive interval; no sum-of-percentiles total
logistic_motion_logistic_anomaly,measured,pre_tag_quality_refusal,reject,data_quality_failure,receiver_parsing,119,0.0,0.0,0.0,0.0,0,Envelope and binary parser call.,per-observation exclusive interval; no sum-of-percentiles total
logistic_motion_logistic_anomaly,measured,pre_tag_quality_refusal,reject,data_quality_failure,receiver_quality_check,119,0.0,0.0,0.0,0.0,0,Verifier quality-check call.,per-observation exclusive interval; no sum-of-percentiles total
logistic_motion_logistic_anomaly,measured,pre_tag_quality_refusal,reject,data_quality_failure,receiver_window_hmac,119,0.0,0.0,0.0,0.0,0,"Recorded verifier window-tag calculation, not complete authentication.",per-observation exclusive interval; no sum-of-percentiles total
logistic_motion_logistic_anomaly,measured,pre_tag_quality_refusal,reject,data_quality_failure,reconstruction,119,0.0,0.0,0.0,0.0,0,Actual recorded BCH reconstruction; includes any observer/GC delay.,per-observation exclusive interval; no sum-of-percentiles total
logistic_motion_logistic_anomaly,measured,pre_tag_quality_refusal,reject,data_quality_failure,release_conversion_unisolated,119,0.0,0.0,0.0,0.0,0,Accepted release remainder including conversion/dispatch/observer work outside consumer children.,per-observation exclusive interval; no sum-of-percentiles total
logistic_motion_logistic_anomaly,measured,pre_tag_quality_refusal,reject,data_quality_failure,sender_binding_unisolated,119,0.0796,0.09362,0.10226999999999997,0.1274,119,Sender seal remainder: binding/state/orchestration/observer work not separately timed.,per-observation exclusive interval; no sum-of-percentiles total
logistic_motion_logistic_anomaly,measured,pre_tag_quality_refusal,reject,data_quality_failure,sender_serialization_and_quality,119,0.5823,0.6570899999999998,0.706712,0.7171,119,Sender serialization including its quality validation; not separately timed.,per-observation exclusive interval; no sum-of-percentiles total
logistic_motion_logistic_anomaly,measured,pre_tag_quality_refusal,reject,data_quality_failure,sender_window_hmac,119,0.0,0.0,0.0,0.0,0,Recorded window-tag generation call.,per-observation exclusive interval; no sum-of-percentiles total
logistic_motion_logistic_anomaly,measured,pre_tag_quality_refusal,reject,data_quality_failure,session_establishment_unisolated,119,0.0,0.0,0.0,0.0,0,"Handshake/request/activation remainder, including unseparated HKDF/confirmation work and observer cost.",per-observation exclusive interval; no sum-of-percentiles total
logistic_motion_logistic_anomaly,measured,pre_tag_quality_refusal,reject,data_quality_failure,simulated_response_read,119,0.0,0.0,0.0,0.0,0,"Modeled response generation, not physical acquisition.",per-observation exclusive interval; no sum-of-percentiles total
logistic_motion_logistic_anomaly,measured,valid_receiver_after_bad_tag,accept,accepted,admission_orchestration_unisolated,119,0.0,0.0,0.0,0.0,0,Admission orchestration remainder not covered by named children.,per-observation exclusive interval; no sum-of-percentiles total
logistic_motion_logistic_anomaly,measured,valid_receiver_after_bad_tag,accept,accepted,anomaly_consumer,119,0.4565,0.54123,0.7523819999999997,0.8128,119,Anomaly consumer including feature scaling and frozen-threshold decision.,per-observation exclusive interval; no sum-of-percentiles total
logistic_motion_logistic_anomaly,measured,valid_receiver_after_bad_tag,accept,accepted,binary32_adapter,119,0.0,0.0,0.0,0.0,0,Canonical binary32 input adaptation before sender sealing.,per-observation exclusive interval; no sum-of-percentiles total
logistic_motion_logistic_anomaly,measured,valid_receiver_after_bad_tag,accept,accepted,credential_verification,119,0.0,0.0,0.0,0.0,0,Recorded independent credential-verification call(s).,per-observation exclusive interval; no sum-of-percentiles total
logistic_motion_logistic_anomaly,measured,valid_receiver_after_bad_tag,accept,accepted,in_memory_audit_measured,119,0.0499,0.0707,0.08305799999999991,0.1132,119,"Recorded audit record/prepare/commit spans, exclusive of their children; not all audit-related overhead and not durable storage.",per-observation exclusive interval; no sum-of-percentiles total
logistic_motion_logistic_anomaly,measured,valid_receiver_after_bad_tag,accept,accepted,local_admission_checks,119,0.0,0.0,0.0,0.0,0,"Measured local authorization/binding/consumption calls, excluding nested credential verification.",per-observation exclusive interval; no sum-of-percentiles total
logistic_motion_logistic_anomaly,measured,valid_receiver_after_bad_tag,accept,accepted,model_input_preprocessing,119,4.1788,4.92534,6.974267999999994,7.1244,119,Shared model-input preparation; model-specific normalization remains in consumer timing.,per-observation exclusive interval; no sum-of-percentiles total
logistic_motion_logistic_anomaly,measured,valid_receiver_after_bad_tag,accept,accepted,motion_consumer,119,0.6913,0.84109,0.9993039999999994,1.1363,119,Motion consumer including normalization/tensor preparation/prediction decoding.,per-observation exclusive interval; no sum-of-percentiles total
logistic_motion_logistic_anomaly,measured,valid_receiver_after_bad_tag,accept,accepted,outer_orchestration_unisolated,119,0.025,0.03228999999999999,0.04314799999999999,0.0476,119,Direct root/first-post-window remainder outside named child spans.,per-observation exclusive interval; no sum-of-percentiles total
logistic_motion_logistic_anomaly,measured,valid_receiver_after_bad_tag,accept,accepted,receiver_binding_sequence_state_unisolated,119,0.104,0.15186,0.159474,0.1604,119,"Verifier remainder including binding, sequence checks, locks/state publication and observer work; NOT isolated sequence latency.",per-observation exclusive interval; no sum-of-percentiles total
logistic_motion_logistic_anomaly,measured,valid_receiver_after_bad_tag,accept,accepted,receiver_parsing,119,1.6601,2.0397599999999994,2.2657919999999994,2.3032,119,Envelope and binary parser call.,per-observation exclusive interval; no sum-of-percentiles total
logistic_motion_logistic_anomaly,measured,valid_receiver_after_bad_tag,accept,accepted,receiver_quality_check,119,5.3184,6.380309999999995,7.520725999999998,7.5785,119,Verifier quality-check call.,per-observation exclusive interval; no sum-of-percentiles total
logistic_motion_logistic_anomaly,measured,valid_receiver_after_bad_tag,accept,accepted,receiver_window_hmac,119,0.0197,0.025439999999999997,0.029109999999999997,0.0312,119,"Recorded verifier window-tag calculation, not complete authentication.",per-observation exclusive interval; no sum-of-percentiles total
logistic_motion_logistic_anomaly,measured,valid_receiver_after_bad_tag,accept,accepted,reconstruction,119,0.0,0.0,0.0,0.0,0,Actual recorded BCH reconstruction; includes any observer/GC delay.,per-observation exclusive interval; no sum-of-percentiles total
logistic_motion_logistic_anomaly,measured,valid_receiver_after_bad_tag,accept,accepted,release_conversion_unisolated,119,0.6187,0.7497099999999999,0.8393539999999999,0.8974,119,Accepted release remainder including conversion/dispatch/observer work outside consumer children.,per-observation exclusive interval; no sum-of-percentiles total
logistic_motion_logistic_anomaly,measured,valid_receiver_after_bad_tag,accept,accepted,sender_binding_unisolated,119,0.0,0.0,0.0,0.0,0,Sender seal remainder: binding/state/orchestration/observer work not separately timed.,per-observation exclusive interval; no sum-of-percentiles total
logistic_motion_logistic_anomaly,measured,valid_receiver_after_bad_tag,accept,accepted,sender_serialization_and_quality,119,0.0,0.0,0.0,0.0,0,Sender serialization including its quality validation; not separately timed.,per-observation exclusive interval; no sum-of-percentiles total
logistic_motion_logistic_anomaly,measured,valid_receiver_after_bad_tag,accept,accepted,sender_window_hmac,119,0.0,0.0,0.0,0.0,0,Recorded window-tag generation call.,per-observation exclusive interval; no sum-of-percentiles total
logistic_motion_logistic_anomaly,measured,valid_receiver_after_bad_tag,accept,accepted,session_establishment_unisolated,119,0.0,0.0,0.0,0.0,0,"Handshake/request/activation remainder, including unseparated HKDF/confirmation work and observer cost.",per-observation exclusive interval; no sum-of-percentiles total
logistic_motion_logistic_anomaly,measured,valid_receiver_after_bad_tag,accept,accepted,simulated_response_read,119,0.0,0.0,0.0,0.0,0,"Modeled response generation, not physical acquisition.",per-observation exclusive interval; no sum-of-percentiles total
logistic_motion_logistic_anomaly,warmup,bad_tag_receiver,reject,invalid_tag,admission_orchestration_unisolated,29,0.0,0.0,0.0,0.0,0,Admission orchestration remainder not covered by named children.,per-observation exclusive interval; no sum-of-percentiles total
logistic_motion_logistic_anomaly,warmup,bad_tag_receiver,reject,invalid_tag,anomaly_consumer,29,0.0,0.0,0.0,0.0,0,Anomaly consumer including feature scaling and frozen-threshold decision.,per-observation exclusive interval; no sum-of-percentiles total
logistic_motion_logistic_anomaly,warmup,bad_tag_receiver,reject,invalid_tag,binary32_adapter,29,0.0,0.0,0.0,0.0,0,Canonical binary32 input adaptation before sender sealing.,per-observation exclusive interval; no sum-of-percentiles total
logistic_motion_logistic_anomaly,warmup,bad_tag_receiver,reject,invalid_tag,credential_verification,29,0.0,0.0,0.0,0.0,0,Recorded independent credential-verification call(s).,per-observation exclusive interval; no sum-of-percentiles total
logistic_motion_logistic_anomaly,warmup,bad_tag_receiver,reject,invalid_tag,in_memory_audit_measured,29,0.0409,0.04612,0.048312,0.0489,29,"Recorded audit record/prepare/commit spans, exclusive of their children; not all audit-related overhead and not durable storage.",per-observation exclusive interval; no sum-of-percentiles total
logistic_motion_logistic_anomaly,warmup,bad_tag_receiver,reject,invalid_tag,local_admission_checks,29,0.0,0.0,0.0,0.0,0,"Measured local authorization/binding/consumption calls, excluding nested credential verification.",per-observation exclusive interval; no sum-of-percentiles total
logistic_motion_logistic_anomaly,warmup,bad_tag_receiver,reject,invalid_tag,model_input_preprocessing,29,0.0,0.0,0.0,0.0,0,Shared model-input preparation; model-specific normalization remains in consumer timing.,per-observation exclusive interval; no sum-of-percentiles total
logistic_motion_logistic_anomaly,warmup,bad_tag_receiver,reject,invalid_tag,motion_consumer,29,0.0,0.0,0.0,0.0,0,Motion consumer including normalization/tensor preparation/prediction decoding.,per-observation exclusive interval; no sum-of-percentiles total
logistic_motion_logistic_anomaly,warmup,bad_tag_receiver,reject,invalid_tag,outer_orchestration_unisolated,29,0.014,0.01558,0.016924,0.0174,29,Direct root/first-post-window remainder outside named child spans.,per-observation exclusive interval; no sum-of-percentiles total
logistic_motion_logistic_anomaly,warmup,bad_tag_receiver,reject,invalid_tag,receiver_binding_sequence_state_unisolated,29,0.1007,0.11326,0.115428,0.1161,29,"Verifier remainder including binding, sequence checks, locks/state publication and observer work; NOT isolated sequence latency.",per-observation exclusive interval; no sum-of-percentiles total
logistic_motion_logistic_anomaly,warmup,bad_tag_receiver,reject,invalid_tag,receiver_parsing,29,1.6716,1.79874,1.818956,1.8203,29,Envelope and binary parser call.,per-observation exclusive interval; no sum-of-percentiles total
logistic_motion_logistic_anomaly,warmup,bad_tag_receiver,reject,invalid_tag,receiver_quality_check,29,0.0,0.0,0.0,0.0,0,Verifier quality-check call.,per-observation exclusive interval; no sum-of-percentiles total
logistic_motion_logistic_anomaly,warmup,bad_tag_receiver,reject,invalid_tag,receiver_window_hmac,29,0.0199,0.025299999999999996,0.027683999999999997,0.0283,29,"Recorded verifier window-tag calculation, not complete authentication.",per-observation exclusive interval; no sum-of-percentiles total
logistic_motion_logistic_anomaly,warmup,bad_tag_receiver,reject,invalid_tag,reconstruction,29,0.0,0.0,0.0,0.0,0,Actual recorded BCH reconstruction; includes any observer/GC delay.,per-observation exclusive interval; no sum-of-percentiles total
logistic_motion_logistic_anomaly,warmup,bad_tag_receiver,reject,invalid_tag,release_conversion_unisolated,29,0.0,0.0,0.0,0.0,0,Accepted release remainder including conversion/dispatch/observer work outside consumer children.,per-observation exclusive interval; no sum-of-percentiles total
logistic_motion_logistic_anomaly,warmup,bad_tag_receiver,reject,invalid_tag,sender_binding_unisolated,29,0.0,0.0,0.0,0.0,0,Sender seal remainder: binding/state/orchestration/observer work not separately timed.,per-observation exclusive interval; no sum-of-percentiles total
logistic_motion_logistic_anomaly,warmup,bad_tag_receiver,reject,invalid_tag,sender_serialization_and_quality,29,0.0,0.0,0.0,0.0,0,Sender serialization including its quality validation; not separately timed.,per-observation exclusive interval; no sum-of-percentiles total
logistic_motion_logistic_anomaly,warmup,bad_tag_receiver,reject,invalid_tag,sender_window_hmac,29,0.0,0.0,0.0,0.0,0,Recorded window-tag generation call.,per-observation exclusive interval; no sum-of-percentiles total
logistic_motion_logistic_anomaly,warmup,bad_tag_receiver,reject,invalid_tag,session_establishment_unisolated,29,0.0,0.0,0.0,0.0,0,"Handshake/request/activation remainder, including unseparated HKDF/confirmation work and observer cost.",per-observation exclusive interval; no sum-of-percentiles total
logistic_motion_logistic_anomaly,warmup,bad_tag_receiver,reject,invalid_tag,simulated_response_read,29,0.0,0.0,0.0,0.0,0,"Modeled response generation, not physical acquisition.",per-observation exclusive interval; no sum-of-percentiles total
logistic_motion_logistic_anomaly,warmup,exact_replay_receiver,reject,duplicate_sequence,admission_orchestration_unisolated,29,0.0,0.0,0.0,0.0,0,Admission orchestration remainder not covered by named children.,per-observation exclusive interval; no sum-of-percentiles total
logistic_motion_logistic_anomaly,warmup,exact_replay_receiver,reject,duplicate_sequence,anomaly_consumer,29,0.0,0.0,0.0,0.0,0,Anomaly consumer including feature scaling and frozen-threshold decision.,per-observation exclusive interval; no sum-of-percentiles total
logistic_motion_logistic_anomaly,warmup,exact_replay_receiver,reject,duplicate_sequence,binary32_adapter,29,0.0,0.0,0.0,0.0,0,Canonical binary32 input adaptation before sender sealing.,per-observation exclusive interval; no sum-of-percentiles total
logistic_motion_logistic_anomaly,warmup,exact_replay_receiver,reject,duplicate_sequence,credential_verification,29,0.0,0.0,0.0,0.0,0,Recorded independent credential-verification call(s).,per-observation exclusive interval; no sum-of-percentiles total
logistic_motion_logistic_anomaly,warmup,exact_replay_receiver,reject,duplicate_sequence,in_memory_audit_measured,29,0.0679,0.08933999999999997,0.10217199999999999,0.105,29,"Recorded audit record/prepare/commit spans, exclusive of their children; not all audit-related overhead and not durable storage.",per-observation exclusive interval; no sum-of-percentiles total
logistic_motion_logistic_anomaly,warmup,exact_replay_receiver,reject,duplicate_sequence,local_admission_checks,29,0.0,0.0,0.0,0.0,0,"Measured local authorization/binding/consumption calls, excluding nested credential verification.",per-observation exclusive interval; no sum-of-percentiles total
logistic_motion_logistic_anomaly,warmup,exact_replay_receiver,reject,duplicate_sequence,model_input_preprocessing,29,0.0,0.0,0.0,0.0,0,Shared model-input preparation; model-specific normalization remains in consumer timing.,per-observation exclusive interval; no sum-of-percentiles total
logistic_motion_logistic_anomaly,warmup,exact_replay_receiver,reject,duplicate_sequence,motion_consumer,29,0.0,0.0,0.0,0.0,0,Motion consumer including normalization/tensor preparation/prediction decoding.,per-observation exclusive interval; no sum-of-percentiles total
logistic_motion_logistic_anomaly,warmup,exact_replay_receiver,reject,duplicate_sequence,outer_orchestration_unisolated,29,0.0138,0.020599999999999997,0.02196,0.0221,29,Direct root/first-post-window remainder outside named child spans.,per-observation exclusive interval; no sum-of-percentiles total
logistic_motion_logistic_anomaly,warmup,exact_replay_receiver,reject,duplicate_sequence,receiver_binding_sequence_state_unisolated,29,0.1499,0.2192799999999999,0.250376,0.2534,29,"Verifier remainder including binding, sequence checks, locks/state publication and observer work; NOT isolated sequence latency.",per-observation exclusive interval; no sum-of-percentiles total
logistic_motion_logistic_anomaly,warmup,exact_replay_receiver,reject,duplicate_sequence,receiver_parsing,29,1.9861,4.57664,5.5489039999999985,5.9103,29,Envelope and binary parser call.,per-observation exclusive interval; no sum-of-percentiles total
logistic_motion_logistic_anomaly,warmup,exact_replay_receiver,reject,duplicate_sequence,receiver_quality_check,29,5.3656,6.831059999999997,7.52474,7.5694,29,Verifier quality-check call.,per-observation exclusive interval; no sum-of-percentiles total
logistic_motion_logistic_anomaly,warmup,exact_replay_receiver,reject,duplicate_sequence,receiver_window_hmac,29,0.0276,0.04068,0.0408,0.0408,29,"Recorded verifier window-tag calculation, not complete authentication.",per-observation exclusive interval; no sum-of-percentiles total
logistic_motion_logistic_anomaly,warmup,exact_replay_receiver,reject,duplicate_sequence,reconstruction,29,0.0,0.0,0.0,0.0,0,Actual recorded BCH reconstruction; includes any observer/GC delay.,per-observation exclusive interval; no sum-of-percentiles total
logistic_motion_logistic_anomaly,warmup,exact_replay_receiver,reject,duplicate_sequence,release_conversion_unisolated,29,0.0,0.0,0.0,0.0,0,Accepted release remainder including conversion/dispatch/observer work outside consumer children.,per-observation exclusive interval; no sum-of-percentiles total
logistic_motion_logistic_anomaly,warmup,exact_replay_receiver,reject,duplicate_sequence,sender_binding_unisolated,29,0.0,0.0,0.0,0.0,0,Sender seal remainder: binding/state/orchestration/observer work not separately timed.,per-observation exclusive interval; no sum-of-percentiles total
logistic_motion_logistic_anomaly,warmup,exact_replay_receiver,reject,duplicate_sequence,sender_serialization_and_quality,29,0.0,0.0,0.0,0.0,0,Sender serialization including its quality validation; not separately timed.,per-observation exclusive interval; no sum-of-percentiles total
logistic_motion_logistic_anomaly,warmup,exact_replay_receiver,reject,duplicate_sequence,sender_window_hmac,29,0.0,0.0,0.0,0.0,0,Recorded window-tag generation call.,per-observation exclusive interval; no sum-of-percentiles total
logistic_motion_logistic_anomaly,warmup,exact_replay_receiver,reject,duplicate_sequence,session_establishment_unisolated,29,0.0,0.0,0.0,0.0,0,"Handshake/request/activation remainder, including unseparated HKDF/confirmation work and observer cost.",per-observation exclusive interval; no sum-of-percentiles total
logistic_motion_logistic_anomaly,warmup,exact_replay_receiver,reject,duplicate_sequence,simulated_response_read,29,0.0,0.0,0.0,0.0,0,"Modeled response generation, not physical acquisition.",per-observation exclusive interval; no sum-of-percentiles total
logistic_motion_logistic_anomaly,warmup,fresh_to_first_window,accept,accepted,admission_orchestration_unisolated,29,0.0575,0.08326,0.10798799999999997,0.1172,29,Admission orchestration remainder not covered by named children.,per-observation exclusive interval; no sum-of-percentiles total
logistic_motion_logistic_anomaly,warmup,fresh_to_first_window,accept,accepted,anomaly_consumer,29,0.4592,0.7128599999999997,0.774364,0.7831,29,Anomaly consumer including feature scaling and frozen-threshold decision.,per-observation exclusive interval; no sum-of-percentiles total
logistic_motion_logistic_anomaly,warmup,fresh_to_first_window,accept,accepted,binary32_adapter,29,1.3154,1.7799,1.9760119999999997,2.0522,29,Canonical binary32 input adaptation before sender sealing.,per-observation exclusive interval; no sum-of-percentiles total
logistic_motion_logistic_anomaly,warmup,fresh_to_first_window,accept,accepted,credential_verification,29,0.0601,0.08329999999999999,0.08858,0.0897,29,Recorded independent credential-verification call(s).,per-observation exclusive interval; no sum-of-percentiles total
logistic_motion_logistic_anomaly,warmup,fresh_to_first_window,accept,accepted,in_memory_audit_measured,29,0.2476,0.36643999999999993,0.40194399999999997,0.4125,29,"Recorded audit record/prepare/commit spans, exclusive of their children; not all audit-related overhead and not durable storage.",per-observation exclusive interval; no sum-of-percentiles total
logistic_motion_logistic_anomaly,warmup,fresh_to_first_window,accept,accepted,local_admission_checks,29,0.0757,0.11049999999999999,0.12180399999999998,0.1248,29,"Measured local authorization/binding/consumption calls, excluding nested credential verification.",per-observation exclusive interval; no sum-of-percentiles total
logistic_motion_logistic_anomaly,warmup,fresh_to_first_window,accept,accepted,model_input_preprocessing,29,4.2247,5.770399999999998,7.2105359999999985,7.6288,29,Shared model-input preparation; model-specific normalization remains in consumer timing.,per-observation exclusive interval; no sum-of-percentiles total
logistic_motion_logistic_anomaly,warmup,fresh_to_first_window,accept,accepted,motion_consumer,29,0.7337,0.9568999999999995,1.100716,1.1267,29,Motion consumer including normalization/tensor preparation/prediction decoding.,per-observation exclusive interval; no sum-of-percentiles total
logistic_motion_logistic_anomaly,warmup,fresh_to_first_window,accept,accepted,outer_orchestration_unisolated,29,0.125,0.15612,0.20255199999999995,0.2205,29,Direct root/first-post-window remainder outside named child spans.,per-observation exclusive interval; no sum-of-percentiles total
logistic_motion_logistic_anomaly,warmup,fresh_to_first_window,accept,accepted,receiver_binding_sequence_state_unisolated,29,0.118,0.15079999999999996,0.17020799999999997,0.1762,29,"Verifier remainder including binding, sequence checks, locks/state publication and observer work; NOT isolated sequence latency.",per-observation exclusive interval; no sum-of-percentiles total
logistic_motion_logistic_anomaly,warmup,fresh_to_first_window,accept,accepted,receiver_parsing,29,1.9329,2.4904799999999994,3.345943999999999,3.6379,29,Envelope and binary parser call.,per-observation exclusive interval; no sum-of-percentiles total
logistic_motion_logistic_anomaly,warmup,fresh_to_first_window,accept,accepted,receiver_quality_check,29,5.3478,6.5884,6.970247999999999,7.0923,29,Verifier quality-check call.,per-observation exclusive interval; no sum-of-percentiles total
logistic_motion_logistic_anomaly,warmup,fresh_to_first_window,accept,accepted,receiver_window_hmac,29,0.0215,0.03137999999999999,0.037723999999999994,0.0396,29,"Recorded verifier window-tag calculation, not complete authentication.",per-observation exclusive interval; no sum-of-percentiles total
logistic_motion_logistic_anomaly,warmup,fresh_to_first_window,accept,accepted,reconstruction,29,4.2562,5.636819999999999,6.330307999999999,6.5533,29,Actual recorded BCH reconstruction; includes any observer/GC delay.,per-observation exclusive interval; no sum-of-percentiles total
logistic_motion_logistic_anomaly,warmup,fresh_to_first_window,accept,accepted,release_conversion_unisolated,29,0.6368,0.8453999999999999,0.9532959999999999,0.9888,29,Accepted release remainder including conversion/dispatch/observer work outside consumer children.,per-observation exclusive interval; no sum-of-percentiles total
logistic_motion_logistic_anomaly,warmup,fresh_to_first_window,accept,accepted,sender_binding_unisolated,29,0.1529,0.20382,0.24096399999999993,0.2553,29,Sender seal remainder: binding/state/orchestration/observer work not separately timed.,per-observation exclusive interval; no sum-of-percentiles total
logistic_motion_logistic_anomaly,warmup,fresh_to_first_window,accept,accepted,sender_serialization_and_quality,29,5.9329,7.32638,8.369411999999999,8.7494,29,Sender serialization including its quality validation; not separately timed.,per-observation exclusive interval; no sum-of-percentiles total
logistic_motion_logistic_anomaly,warmup,fresh_to_first_window,accept,accepted,sender_window_hmac,29,0.0255,0.03879999999999998,0.044312,0.0449,29,Recorded window-tag generation call.,per-observation exclusive interval; no sum-of-percentiles total
logistic_motion_logistic_anomaly,warmup,fresh_to_first_window,accept,accepted,session_establishment_unisolated,29,0.4967,0.73734,0.8314599999999999,0.8638,29,"Handshake/request/activation remainder, including unseparated HKDF/confirmation work and observer cost.",per-observation exclusive interval; no sum-of-percentiles total
logistic_motion_logistic_anomaly,warmup,fresh_to_first_window,accept,accepted,simulated_response_read,29,0.185,0.23546,0.3490679999999998,0.393,29,"Modeled response generation, not physical acquisition.",per-observation exclusive interval; no sum-of-percentiles total
logistic_motion_logistic_anomaly,warmup,malformed_json_receiver,reject,malformed_message,admission_orchestration_unisolated,29,0.0,0.0,0.0,0.0,0,Admission orchestration remainder not covered by named children.,per-observation exclusive interval; no sum-of-percentiles total
logistic_motion_logistic_anomaly,warmup,malformed_json_receiver,reject,malformed_message,anomaly_consumer,29,0.0,0.0,0.0,0.0,0,Anomaly consumer including feature scaling and frozen-threshold decision.,per-observation exclusive interval; no sum-of-percentiles total
logistic_motion_logistic_anomaly,warmup,malformed_json_receiver,reject,malformed_message,binary32_adapter,29,0.0,0.0,0.0,0.0,0,Canonical binary32 input adaptation before sender sealing.,per-observation exclusive interval; no sum-of-percentiles total
logistic_motion_logistic_anomaly,warmup,malformed_json_receiver,reject,malformed_message,credential_verification,29,0.0,0.0,0.0,0.0,0,Recorded independent credential-verification call(s).,per-observation exclusive interval; no sum-of-percentiles total
logistic_motion_logistic_anomaly,warmup,malformed_json_receiver,reject,malformed_message,in_memory_audit_measured,29,0.0645,0.08347999999999998,0.09394399999999999,0.0968,29,"Recorded audit record/prepare/commit spans, exclusive of their children; not all audit-related overhead and not durable storage.",per-observation exclusive interval; no sum-of-percentiles total
logistic_motion_logistic_anomaly,warmup,malformed_json_receiver,reject,malformed_message,local_admission_checks,29,0.0,0.0,0.0,0.0,0,"Measured local authorization/binding/consumption calls, excluding nested credential verification.",per-observation exclusive interval; no sum-of-percentiles total
logistic_motion_logistic_anomaly,warmup,malformed_json_receiver,reject,malformed_message,model_input_preprocessing,29,0.0,0.0,0.0,0.0,0,Shared model-input preparation; model-specific normalization remains in consumer timing.,per-observation exclusive interval; no sum-of-percentiles total
logistic_motion_logistic_anomaly,warmup,malformed_json_receiver,reject,malformed_message,motion_consumer,29,0.0,0.0,0.0,0.0,0,Motion consumer including normalization/tensor preparation/prediction decoding.,per-observation exclusive interval; no sum-of-percentiles total
logistic_motion_logistic_anomaly,warmup,malformed_json_receiver,reject,malformed_message,outer_orchestration_unisolated,29,0.0097,0.013899999999999997,0.014244,0.0143,29,Direct root/first-post-window remainder outside named child spans.,per-observation exclusive interval; no sum-of-percentiles total
logistic_motion_logistic_anomaly,warmup,malformed_json_receiver,reject,malformed_message,receiver_binding_sequence_state_unisolated,29,0.0496,0.0733,0.076212,0.0768,29,"Verifier remainder including binding, sequence checks, locks/state publication and observer work; NOT isolated sequence latency.",per-observation exclusive interval; no sum-of-percentiles total
logistic_motion_logistic_anomaly,warmup,malformed_json_receiver,reject,malformed_message,receiver_parsing,29,0.0405,0.04884,0.05447199999999999,0.0566,29,Envelope and binary parser call.,per-observation exclusive interval; no sum-of-percentiles total
logistic_motion_logistic_anomaly,warmup,malformed_json_receiver,reject,malformed_message,receiver_quality_check,29,0.0,0.0,0.0,0.0,0,Verifier quality-check call.,per-observation exclusive interval; no sum-of-percentiles total
logistic_motion_logistic_anomaly,warmup,malformed_json_receiver,reject,malformed_message,receiver_window_hmac,29,0.0,0.0,0.0,0.0,0,"Recorded verifier window-tag calculation, not complete authentication.",per-observation exclusive interval; no sum-of-percentiles total
logistic_motion_logistic_anomaly,warmup,malformed_json_receiver,reject,malformed_message,reconstruction,29,0.0,0.0,0.0,0.0,0,Actual recorded BCH reconstruction; includes any observer/GC delay.,per-observation exclusive interval; no sum-of-percentiles total
logistic_motion_logistic_anomaly,warmup,malformed_json_receiver,reject,malformed_message,release_conversion_unisolated,29,0.0,0.0,0.0,0.0,0,Accepted release remainder including conversion/dispatch/observer work outside consumer children.,per-observation exclusive interval; no sum-of-percentiles total
logistic_motion_logistic_anomaly,warmup,malformed_json_receiver,reject,malformed_message,sender_binding_unisolated,29,0.0,0.0,0.0,0.0,0,Sender seal remainder: binding/state/orchestration/observer work not separately timed.,per-observation exclusive interval; no sum-of-percentiles total
logistic_motion_logistic_anomaly,warmup,malformed_json_receiver,reject,malformed_message,sender_serialization_and_quality,29,0.0,0.0,0.0,0.0,0,Sender serialization including its quality validation; not separately timed.,per-observation exclusive interval; no sum-of-percentiles total
logistic_motion_logistic_anomaly,warmup,malformed_json_receiver,reject,malformed_message,sender_window_hmac,29,0.0,0.0,0.0,0.0,0,Recorded window-tag generation call.,per-observation exclusive interval; no sum-of-percentiles total
logistic_motion_logistic_anomaly,warmup,malformed_json_receiver,reject,malformed_message,session_establishment_unisolated,29,0.0,0.0,0.0,0.0,0,"Handshake/request/activation remainder, including unseparated HKDF/confirmation work and observer cost.",per-observation exclusive interval; no sum-of-percentiles total
logistic_motion_logistic_anomaly,warmup,malformed_json_receiver,reject,malformed_message,simulated_response_read,29,0.0,0.0,0.0,0.0,0,"Modeled response generation, not physical acquisition.",per-observation exclusive interval; no sum-of-percentiles total
logistic_motion_logistic_anomaly,warmup,post_window_after_refusals,accept,accepted,admission_orchestration_unisolated,29,0.0,0.0,0.0,0.0,0,Admission orchestration remainder not covered by named children.,per-observation exclusive interval; no sum-of-percentiles total
logistic_motion_logistic_anomaly,warmup,post_window_after_refusals,accept,accepted,anomaly_consumer,29,0.4003,0.5514399999999998,0.7265119999999997,0.7796,29,Anomaly consumer including feature scaling and frozen-threshold decision.,per-observation exclusive interval; no sum-of-percentiles total
logistic_motion_logistic_anomaly,warmup,post_window_after_refusals,accept,accepted,binary32_adapter,29,1.3112,1.6556399999999996,1.774096,1.7774,29,Canonical binary32 input adaptation before sender sealing.,per-observation exclusive interval; no sum-of-percentiles total
logistic_motion_logistic_anomaly,warmup,post_window_after_refusals,accept,accepted,credential_verification,29,0.0,0.0,0.0,0.0,0,Recorded independent credential-verification call(s).,per-observation exclusive interval; no sum-of-percentiles total
logistic_motion_logistic_anomaly,warmup,post_window_after_refusals,accept,accepted,in_memory_audit_measured,29,0.0952,0.11911999999999999,0.126848,0.1292,29,"Recorded audit record/prepare/commit spans, exclusive of their children; not all audit-related overhead and not durable storage.",per-observation exclusive interval; no sum-of-percentiles total
logistic_motion_logistic_anomaly,warmup,post_window_after_refusals,accept,accepted,local_admission_checks,29,0.0,0.0,0.0,0.0,0,"Measured local authorization/binding/consumption calls, excluding nested credential verification.",per-observation exclusive interval; no sum-of-percentiles total
logistic_motion_logistic_anomaly,warmup,post_window_after_refusals,accept,accepted,model_input_preprocessing,29,3.3516,4.11872,4.177336,4.1952,29,Shared model-input preparation; model-specific normalization remains in consumer timing.,per-observation exclusive interval; no sum-of-percentiles total
logistic_motion_logistic_anomaly,warmup,post_window_after_refusals,accept,accepted,motion_consumer,29,0.6003,0.8094799999999999,0.850184,0.8543,29,Motion consumer including normalization/tensor preparation/prediction decoding.,per-observation exclusive interval; no sum-of-percentiles total
logistic_motion_logistic_anomaly,warmup,post_window_after_refusals,accept,accepted,outer_orchestration_unisolated,29,0.0783,0.11426,0.117148,0.1181,29,Direct root/first-post-window remainder outside named child spans.,per-observation exclusive interval; no sum-of-percentiles total
logistic_motion_logistic_anomaly,warmup,post_window_after_refusals,accept,accepted,receiver_binding_sequence_state_unisolated,29,0.0992,0.13949999999999996,0.15588399999999997,0.16,29,"Verifier remainder including binding, sequence checks, locks/state publication and observer work; NOT isolated sequence latency.",per-observation exclusive interval; no sum-of-percentiles total
logistic_motion_logistic_anomaly,warmup,post_window_after_refusals,accept,accepted,receiver_parsing,29,1.835,1.98176,2.006344,2.0127,29,Envelope and binary parser call.,per-observation exclusive interval; no sum-of-percentiles total
logistic_motion_logistic_anomaly,warmup,post_window_after_refusals,accept,accepted,receiver_quality_check,29,4.7302,5.60066,5.82834,5.887,29,Verifier quality-check call.,per-observation exclusive interval; no sum-of-percentiles total
logistic_motion_logistic_anomaly,warmup,post_window_after_refusals,accept,accepted,receiver_window_hmac,29,0.0211,0.02544,0.0256,0.0256,29,"Recorded verifier window-tag calculation, not complete authentication.",per-observation exclusive interval; no sum-of-percentiles total
logistic_motion_logistic_anomaly,warmup,post_window_after_refusals,accept,accepted,reconstruction,29,0.0,0.0,0.0,0.0,0,Actual recorded BCH reconstruction; includes any observer/GC delay.,per-observation exclusive interval; no sum-of-percentiles total
logistic_motion_logistic_anomaly,warmup,post_window_after_refusals,accept,accepted,release_conversion_unisolated,29,0.5044,0.64266,0.662052,0.6674,29,Accepted release remainder including conversion/dispatch/observer work outside consumer children.,per-observation exclusive interval; no sum-of-percentiles total
logistic_motion_logistic_anomaly,warmup,post_window_after_refusals,accept,accepted,sender_binding_unisolated,29,0.1422,0.18168,0.182976,0.1832,29,Sender seal remainder: binding/state/orchestration/observer work not separately timed.,per-observation exclusive interval; no sum-of-percentiles total
logistic_motion_logistic_anomaly,warmup,post_window_after_refusals,accept,accepted,sender_serialization_and_quality,29,5.986,7.192239999999999,7.450496,7.4895,29,Sender serialization including its quality validation; not separately timed.,per-observation exclusive interval; no sum-of-percentiles total
logistic_motion_logistic_anomaly,warmup,post_window_after_refusals,accept,accepted,sender_window_hmac,29,0.0393,0.051139999999999984,0.054764,0.0551,29,Recorded window-tag generation call.,per-observation exclusive interval; no sum-of-percentiles total
logistic_motion_logistic_anomaly,warmup,post_window_after_refusals,accept,accepted,session_establishment_unisolated,29,0.0,0.0,0.0,0.0,0,"Handshake/request/activation remainder, including unseparated HKDF/confirmation work and observer cost.",per-observation exclusive interval; no sum-of-percentiles total
logistic_motion_logistic_anomaly,warmup,post_window_after_refusals,accept,accepted,simulated_response_read,29,0.0,0.0,0.0,0.0,0,"Modeled response generation, not physical acquisition.",per-observation exclusive interval; no sum-of-percentiles total
logistic_motion_logistic_anomaly,warmup,post_window_recurring,accept,accepted,admission_orchestration_unisolated,29,0.0,0.0,0.0,0.0,0,Admission orchestration remainder not covered by named children.,per-observation exclusive interval; no sum-of-percentiles total
logistic_motion_logistic_anomaly,warmup,post_window_recurring,accept,accepted,anomaly_consumer,29,0.457,0.5193199999999999,0.6082479999999999,0.64,29,Anomaly consumer including feature scaling and frozen-threshold decision.,per-observation exclusive interval; no sum-of-percentiles total
logistic_motion_logistic_anomaly,warmup,post_window_recurring,accept,accepted,binary32_adapter,29,1.3024,1.47414,1.6048919999999998,1.6507,29,Canonical binary32 input adaptation before sender sealing.,per-observation exclusive interval; no sum-of-percentiles total
logistic_motion_logistic_anomaly,warmup,post_window_recurring,accept,accepted,credential_verification,29,0.0,0.0,0.0,0.0,0,Recorded independent credential-verification call(s).,per-observation exclusive interval; no sum-of-percentiles total
logistic_motion_logistic_anomaly,warmup,post_window_recurring,accept,accepted,in_memory_audit_measured,29,0.1196,0.13995999999999997,0.147216,0.1473,29,"Recorded audit record/prepare/commit spans, exclusive of their children; not all audit-related overhead and not durable storage.",per-observation exclusive interval; no sum-of-percentiles total
logistic_motion_logistic_anomaly,warmup,post_window_recurring,accept,accepted,local_admission_checks,29,0.0,0.0,0.0,0.0,0,"Measured local authorization/binding/consumption calls, excluding nested credential verification.",per-observation exclusive interval; no sum-of-percentiles total
logistic_motion_logistic_anomaly,warmup,post_window_recurring,accept,accepted,model_input_preprocessing,29,4.1668,4.49522,4.586484,4.6172,29,Shared model-input preparation; model-specific normalization remains in consumer timing.,per-observation exclusive interval; no sum-of-percentiles total
logistic_motion_logistic_anomaly,warmup,post_window_recurring,accept,accepted,motion_consumer,29,0.701,0.79404,0.804736,0.8086,29,Motion consumer including normalization/tensor preparation/prediction decoding.,per-observation exclusive interval; no sum-of-percentiles total
logistic_motion_logistic_anomaly,warmup,post_window_recurring,accept,accepted,outer_orchestration_unisolated,29,0.0992,0.11806,0.13376399999999997,0.1397,29,Direct root/first-post-window remainder outside named child spans.,per-observation exclusive interval; no sum-of-percentiles total
logistic_motion_logistic_anomaly,warmup,post_window_recurring,accept,accepted,receiver_binding_sequence_state_unisolated,29,0.1075,0.13,0.14510399999999998,0.1509,29,"Verifier remainder including binding, sequence checks, locks/state publication and observer work; NOT isolated sequence latency.",per-observation exclusive interval; no sum-of-percentiles total
logistic_motion_logistic_anomaly,warmup,post_window_recurring,accept,accepted,receiver_parsing,29,1.8408,1.99266,2.049436,2.0659,29,Envelope and binary parser call.,per-observation exclusive interval; no sum-of-percentiles total
logistic_motion_logistic_anomaly,warmup,post_window_recurring,accept,accepted,receiver_quality_check,29,5.3534,5.69928,6.212463999999999,6.3934,29,Verifier quality-check call.,per-observation exclusive interval; no sum-of-percentiles total
logistic_motion_logistic_anomaly,warmup,post_window_recurring,accept,accepted,receiver_window_hmac,29,0.0214,0.029859999999999994,0.032124,0.0326,29,"Recorded verifier window-tag calculation, not complete authentication.",per-observation exclusive interval; no sum-of-percentiles total
logistic_motion_logistic_anomaly,warmup,post_window_recurring,accept,accepted,reconstruction,29,0.0,0.0,0.0,0.0,0,Actual recorded BCH reconstruction; includes any observer/GC delay.,per-observation exclusive interval; no sum-of-percentiles total
logistic_motion_logistic_anomaly,warmup,post_window_recurring,accept,accepted,release_conversion_unisolated,29,0.6232,0.7015,0.726204,0.7334,29,Accepted release remainder including conversion/dispatch/observer work outside consumer children.,per-observation exclusive interval; no sum-of-percentiles total
logistic_motion_logistic_anomaly,warmup,post_window_recurring,accept,accepted,sender_binding_unisolated,29,0.1631,0.18602,0.20259599999999997,0.2087,29,Sender seal remainder: binding/state/orchestration/observer work not separately timed.,per-observation exclusive interval; no sum-of-percentiles total
logistic_motion_logistic_anomaly,warmup,post_window_recurring,accept,accepted,sender_serialization_and_quality,29,5.9606,6.4067,6.419324,6.424,29,Sender serialization including its quality validation; not separately timed.,per-observation exclusive interval; no sum-of-percentiles total
logistic_motion_logistic_anomaly,warmup,post_window_recurring,accept,accepted,sender_window_hmac,29,0.0345,0.047059999999999984,0.055411999999999996,0.0574,29,Recorded window-tag generation call.,per-observation exclusive interval; no sum-of-percentiles total
logistic_motion_logistic_anomaly,warmup,post_window_recurring,accept,accepted,session_establishment_unisolated,29,0.0,0.0,0.0,0.0,0,"Handshake/request/activation remainder, including unseparated HKDF/confirmation work and observer cost.",per-observation exclusive interval; no sum-of-percentiles total
logistic_motion_logistic_anomaly,warmup,post_window_recurring,accept,accepted,simulated_response_read,29,0.0,0.0,0.0,0.0,0,"Modeled response generation, not physical acquisition.",per-observation exclusive interval; no sum-of-percentiles total
logistic_motion_logistic_anomaly,warmup,pre_tag_quality_refusal,reject,data_quality_failure,admission_orchestration_unisolated,29,0.0,0.0,0.0,0.0,0,Admission orchestration remainder not covered by named children.,per-observation exclusive interval; no sum-of-percentiles total
logistic_motion_logistic_anomaly,warmup,pre_tag_quality_refusal,reject,data_quality_failure,anomaly_consumer,29,0.0,0.0,0.0,0.0,0,Anomaly consumer including feature scaling and frozen-threshold decision.,per-observation exclusive interval; no sum-of-percentiles total
logistic_motion_logistic_anomaly,warmup,pre_tag_quality_refusal,reject,data_quality_failure,binary32_adapter,29,1.3276,1.7592599999999996,1.856652,1.8627,29,Canonical binary32 input adaptation before sender sealing.,per-observation exclusive interval; no sum-of-percentiles total
logistic_motion_logistic_anomaly,warmup,pre_tag_quality_refusal,reject,data_quality_failure,credential_verification,29,0.0,0.0,0.0,0.0,0,Recorded independent credential-verification call(s).,per-observation exclusive interval; no sum-of-percentiles total
logistic_motion_logistic_anomaly,warmup,pre_tag_quality_refusal,reject,data_quality_failure,in_memory_audit_measured,29,0.0565,0.08583999999999996,0.09772,0.0994,29,"Recorded audit record/prepare/commit spans, exclusive of their children; not all audit-related overhead and not durable storage.",per-observation exclusive interval; no sum-of-percentiles total
logistic_motion_logistic_anomaly,warmup,pre_tag_quality_refusal,reject,data_quality_failure,local_admission_checks,29,0.0,0.0,0.0,0.0,0,"Measured local authorization/binding/consumption calls, excluding nested credential verification.",per-observation exclusive interval; no sum-of-percentiles total
logistic_motion_logistic_anomaly,warmup,pre_tag_quality_refusal,reject,data_quality_failure,model_input_preprocessing,29,0.0,0.0,0.0,0.0,0,Shared model-input preparation; model-specific normalization remains in consumer timing.,per-observation exclusive interval; no sum-of-percentiles total
logistic_motion_logistic_anomaly,warmup,pre_tag_quality_refusal,reject,data_quality_failure,motion_consumer,29,0.0,0.0,0.0,0.0,0,Motion consumer including normalization/tensor preparation/prediction decoding.,per-observation exclusive interval; no sum-of-percentiles total
logistic_motion_logistic_anomaly,warmup,pre_tag_quality_refusal,reject,data_quality_failure,outer_orchestration_unisolated,29,0.0563,0.08039999999999996,0.09407999999999998,0.0966,29,Direct root/first-post-window remainder outside named child spans.,per-observation exclusive interval; no sum-of-percentiles total
logistic_motion_logistic_anomaly,warmup,pre_tag_quality_refusal,reject,data_quality_failure,receiver_binding_sequence_state_unisolated,29,0.0,0.0,0.0,0.0,0,"Verifier remainder including binding, sequence checks, locks/state publication and observer work; NOT isolated sequence latency.",per-observation exclusive interval; no sum-of-percentiles total
logistic_motion_logistic_anomaly,warmup,pre_tag_quality_refusal,reject,data_quality_failure,receiver_parsing,29,0.0,0.0,0.0,0.0,0,Envelope and binary parser call.,per-observation exclusive interval; no sum-of-percentiles total
logistic_motion_logistic_anomaly,warmup,pre_tag_quality_refusal,reject,data_quality_failure,receiver_quality_check,29,0.0,0.0,0.0,0.0,0,Verifier quality-check call.,per-observation exclusive interval; no sum-of-percentiles total
logistic_motion_logistic_anomaly,warmup,pre_tag_quality_refusal,reject,data_quality_failure,receiver_window_hmac,29,0.0,0.0,0.0,0.0,0,"Recorded verifier window-tag calculation, not complete authentication.",per-observation exclusive interval; no sum-of-percentiles total
logistic_motion_logistic_anomaly,warmup,pre_tag_quality_refusal,reject,data_quality_failure,reconstruction,29,0.0,0.0,0.0,0.0,0,Actual recorded BCH reconstruction; includes any observer/GC delay.,per-observation exclusive interval; no sum-of-percentiles total
logistic_motion_logistic_anomaly,warmup,pre_tag_quality_refusal,reject,data_quality_failure,release_conversion_unisolated,29,0.0,0.0,0.0,0.0,0,Accepted release remainder including conversion/dispatch/observer work outside consumer children.,per-observation exclusive interval; no sum-of-percentiles total
logistic_motion_logistic_anomaly,warmup,pre_tag_quality_refusal,reject,data_quality_failure,sender_binding_unisolated,29,0.0816,0.10945999999999996,0.12980399999999997,0.1349,29,Sender seal remainder: binding/state/orchestration/observer work not separately timed.,per-observation exclusive interval; no sum-of-percentiles total
logistic_motion_logistic_anomaly,warmup,pre_tag_quality_refusal,reject,data_quality_failure,sender_serialization_and_quality,29,0.6015,0.7791199999999998,0.8759439999999998,0.8921,29,Sender serialization including its quality validation; not separately timed.,per-observation exclusive interval; no sum-of-percentiles total
logistic_motion_logistic_anomaly,warmup,pre_tag_quality_refusal,reject,data_quality_failure,sender_window_hmac,29,0.0,0.0,0.0,0.0,0,Recorded window-tag generation call.,per-observation exclusive interval; no sum-of-percentiles total
logistic_motion_logistic_anomaly,warmup,pre_tag_quality_refusal,reject,data_quality_failure,session_establishment_unisolated,29,0.0,0.0,0.0,0.0,0,"Handshake/request/activation remainder, including unseparated HKDF/confirmation work and observer cost.",per-observation exclusive interval; no sum-of-percentiles total
logistic_motion_logistic_anomaly,warmup,pre_tag_quality_refusal,reject,data_quality_failure,simulated_response_read,29,0.0,0.0,0.0,0.0,0,"Modeled response generation, not physical acquisition.",per-observation exclusive interval; no sum-of-percentiles total
logistic_motion_logistic_anomaly,warmup,valid_receiver_after_bad_tag,accept,accepted,admission_orchestration_unisolated,29,0.0,0.0,0.0,0.0,0,Admission orchestration remainder not covered by named children.,per-observation exclusive interval; no sum-of-percentiles total
logistic_motion_logistic_anomaly,warmup,valid_receiver_after_bad_tag,accept,accepted,anomaly_consumer,29,0.4637,0.53866,0.6372119999999999,0.6728,29,Anomaly consumer including feature scaling and frozen-threshold decision.,per-observation exclusive interval; no sum-of-percentiles total
logistic_motion_logistic_anomaly,warmup,valid_receiver_after_bad_tag,accept,accepted,binary32_adapter,29,0.0,0.0,0.0,0.0,0,Canonical binary32 input adaptation before sender sealing.,per-observation exclusive interval; no sum-of-percentiles total
logistic_motion_logistic_anomaly,warmup,valid_receiver_after_bad_tag,accept,accepted,credential_verification,29,0.0,0.0,0.0,0.0,0,Recorded independent credential-verification call(s).,per-observation exclusive interval; no sum-of-percentiles total
logistic_motion_logistic_anomaly,warmup,valid_receiver_after_bad_tag,accept,accepted,in_memory_audit_measured,29,0.0497,0.08079999999999994,0.093864,0.0942,29,"Recorded audit record/prepare/commit spans, exclusive of their children; not all audit-related overhead and not durable storage.",per-observation exclusive interval; no sum-of-percentiles total
logistic_motion_logistic_anomaly,warmup,valid_receiver_after_bad_tag,accept,accepted,local_admission_checks,29,0.0,0.0,0.0,0.0,0,"Measured local authorization/binding/consumption calls, excluding nested credential verification.",per-observation exclusive interval; no sum-of-percentiles total
logistic_motion_logistic_anomaly,warmup,valid_receiver_after_bad_tag,accept,accepted,model_input_preprocessing,29,4.2231,5.306659999999999,6.439451999999998,6.8095,29,Shared model-input preparation; model-specific normalization remains in consumer timing.,per-observation exclusive interval; no sum-of-percentiles total
logistic_motion_logistic_anomaly,warmup,valid_receiver_after_bad_tag,accept,accepted,motion_consumer,29,0.6954,0.86442,0.9108119999999998,0.9282,29,Motion consumer including normalization/tensor preparation/prediction decoding.,per-observation exclusive interval; no sum-of-percentiles total
logistic_motion_logistic_anomaly,warmup,valid_receiver_after_bad_tag,accept,accepted,outer_orchestration_unisolated,29,0.0257,0.03252,0.04131199999999999,0.0447,29,Direct root/first-post-window remainder outside named child spans.,per-observation exclusive interval; no sum-of-percentiles total
logistic_motion_logistic_anomaly,warmup,valid_receiver_after_bad_tag,accept,accepted,receiver_binding_sequence_state_unisolated,29,0.1116,0.16717999999999997,0.18154,0.1849,29,"Verifier remainder including binding, sequence checks, locks/state publication and observer work; NOT isolated sequence latency.",per-observation exclusive interval; no sum-of-percentiles total
logistic_motion_logistic_anomaly,warmup,valid_receiver_after_bad_tag,accept,accepted,receiver_parsing,29,1.6694,2.145039999999999,2.353488,2.3655,29,Envelope and binary parser call.,per-observation exclusive interval; no sum-of-percentiles total
logistic_motion_logistic_anomaly,warmup,valid_receiver_after_bad_tag,accept,accepted,receiver_quality_check,29,5.3787,7.180599999999999,7.50504,7.5882,29,Verifier quality-check call.,per-observation exclusive interval; no sum-of-percentiles total
logistic_motion_logistic_anomaly,warmup,valid_receiver_after_bad_tag,accept,accepted,receiver_window_hmac,29,0.0198,0.03502,0.038307999999999995,0.0394,29,"Recorded verifier window-tag calculation, not complete authentication.",per-observation exclusive interval; no sum-of-percentiles total
logistic_motion_logistic_anomaly,warmup,valid_receiver_after_bad_tag,accept,accepted,reconstruction,29,0.0,0.0,0.0,0.0,0,Actual recorded BCH reconstruction; includes any observer/GC delay.,per-observation exclusive interval; no sum-of-percentiles total
logistic_motion_logistic_anomaly,warmup,valid_receiver_after_bad_tag,accept,accepted,release_conversion_unisolated,29,0.6162,0.7710799999999998,0.8580159999999999,0.8763,29,Accepted release remainder including conversion/dispatch/observer work outside consumer children.,per-observation exclusive interval; no sum-of-percentiles total
logistic_motion_logistic_anomaly,warmup,valid_receiver_after_bad_tag,accept,accepted,sender_binding_unisolated,29,0.0,0.0,0.0,0.0,0,Sender seal remainder: binding/state/orchestration/observer work not separately timed.,per-observation exclusive interval; no sum-of-percentiles total
logistic_motion_logistic_anomaly,warmup,valid_receiver_after_bad_tag,accept,accepted,sender_serialization_and_quality,29,0.0,0.0,0.0,0.0,0,Sender serialization including its quality validation; not separately timed.,per-observation exclusive interval; no sum-of-percentiles total
logistic_motion_logistic_anomaly,warmup,valid_receiver_after_bad_tag,accept,accepted,sender_window_hmac,29,0.0,0.0,0.0,0.0,0,Recorded window-tag generation call.,per-observation exclusive interval; no sum-of-percentiles total
logistic_motion_logistic_anomaly,warmup,valid_receiver_after_bad_tag,accept,accepted,session_establishment_unisolated,29,0.0,0.0,0.0,0.0,0,"Handshake/request/activation remainder, including unseparated HKDF/confirmation work and observer cost.",per-observation exclusive interval; no sum-of-percentiles total
logistic_motion_logistic_anomaly,warmup,valid_receiver_after_bad_tag,accept,accepted,simulated_response_read,29,0.0,0.0,0.0,0.0,0,"Modeled response generation, not physical acquisition.",per-observation exclusive interval; no sum-of-percentiles total
snn32_seed7_forest_anomaly,condition_first_use,bad_tag_receiver,reject,invalid_tag,admission_orchestration_unisolated,1,0.0,0.0,0.0,0.0,0,Admission orchestration remainder not covered by named children.,per-observation exclusive interval; no sum-of-percentiles total
snn32_seed7_forest_anomaly,condition_first_use,bad_tag_receiver,reject,invalid_tag,anomaly_consumer,1,0.0,0.0,0.0,0.0,0,Anomaly consumer including feature scaling and frozen-threshold decision.,per-observation exclusive interval; no sum-of-percentiles total
snn32_seed7_forest_anomaly,condition_first_use,bad_tag_receiver,reject,invalid_tag,binary32_adapter,1,0.0,0.0,0.0,0.0,0,Canonical binary32 input adaptation before sender sealing.,per-observation exclusive interval; no sum-of-percentiles total
snn32_seed7_forest_anomaly,condition_first_use,bad_tag_receiver,reject,invalid_tag,credential_verification,1,0.0,0.0,0.0,0.0,0,Recorded independent credential-verification call(s).,per-observation exclusive interval; no sum-of-percentiles total
snn32_seed7_forest_anomaly,condition_first_use,bad_tag_receiver,reject,invalid_tag,in_memory_audit_measured,1,0.0422,0.0422,0.0422,0.0422,1,"Recorded audit record/prepare/commit spans, exclusive of their children; not all audit-related overhead and not durable storage.",per-observation exclusive interval; no sum-of-percentiles total
snn32_seed7_forest_anomaly,condition_first_use,bad_tag_receiver,reject,invalid_tag,local_admission_checks,1,0.0,0.0,0.0,0.0,0,"Measured local authorization/binding/consumption calls, excluding nested credential verification.",per-observation exclusive interval; no sum-of-percentiles total
snn32_seed7_forest_anomaly,condition_first_use,bad_tag_receiver,reject,invalid_tag,model_input_preprocessing,1,0.0,0.0,0.0,0.0,0,Shared model-input preparation; model-specific normalization remains in consumer timing.,per-observation exclusive interval; no sum-of-percentiles total
snn32_seed7_forest_anomaly,condition_first_use,bad_tag_receiver,reject,invalid_tag,motion_consumer,1,0.0,0.0,0.0,0.0,0,Motion consumer including normalization/tensor preparation/prediction decoding.,per-observation exclusive interval; no sum-of-percentiles total
snn32_seed7_forest_anomaly,condition_first_use,bad_tag_receiver,reject,invalid_tag,outer_orchestration_unisolated,1,0.0156,0.0156,0.0156,0.0156,1,Direct root/first-post-window remainder outside named child spans.,per-observation exclusive interval; no sum-of-percentiles total
snn32_seed7_forest_anomaly,condition_first_use,bad_tag_receiver,reject,invalid_tag,receiver_binding_sequence_state_unisolated,1,0.1194,0.1194,0.1194,0.1194,1,"Verifier remainder including binding, sequence checks, locks/state publication and observer work; NOT isolated sequence latency.",per-observation exclusive interval; no sum-of-percentiles total
snn32_seed7_forest_anomaly,condition_first_use,bad_tag_receiver,reject,invalid_tag,receiver_parsing,1,1.7178,1.7178,1.7178,1.7178,1,Envelope and binary parser call.,per-observation exclusive interval; no sum-of-percentiles total
snn32_seed7_forest_anomaly,condition_first_use,bad_tag_receiver,reject,invalid_tag,receiver_quality_check,1,0.0,0.0,0.0,0.0,0,Verifier quality-check call.,per-observation exclusive interval; no sum-of-percentiles total
snn32_seed7_forest_anomaly,condition_first_use,bad_tag_receiver,reject,invalid_tag,receiver_window_hmac,1,0.0286,0.0286,0.0286,0.0286,1,"Recorded verifier window-tag calculation, not complete authentication.",per-observation exclusive interval; no sum-of-percentiles total
snn32_seed7_forest_anomaly,condition_first_use,bad_tag_receiver,reject,invalid_tag,reconstruction,1,0.0,0.0,0.0,0.0,0,Actual recorded BCH reconstruction; includes any observer/GC delay.,per-observation exclusive interval; no sum-of-percentiles total
snn32_seed7_forest_anomaly,condition_first_use,bad_tag_receiver,reject,invalid_tag,release_conversion_unisolated,1,0.0,0.0,0.0,0.0,0,Accepted release remainder including conversion/dispatch/observer work outside consumer children.,per-observation exclusive interval; no sum-of-percentiles total
snn32_seed7_forest_anomaly,condition_first_use,bad_tag_receiver,reject,invalid_tag,sender_binding_unisolated,1,0.0,0.0,0.0,0.0,0,Sender seal remainder: binding/state/orchestration/observer work not separately timed.,per-observation exclusive interval; no sum-of-percentiles total
snn32_seed7_forest_anomaly,condition_first_use,bad_tag_receiver,reject,invalid_tag,sender_serialization_and_quality,1,0.0,0.0,0.0,0.0,0,Sender serialization including its quality validation; not separately timed.,per-observation exclusive interval; no sum-of-percentiles total
snn32_seed7_forest_anomaly,condition_first_use,bad_tag_receiver,reject,invalid_tag,sender_window_hmac,1,0.0,0.0,0.0,0.0,0,Recorded window-tag generation call.,per-observation exclusive interval; no sum-of-percentiles total
snn32_seed7_forest_anomaly,condition_first_use,bad_tag_receiver,reject,invalid_tag,session_establishment_unisolated,1,0.0,0.0,0.0,0.0,0,"Handshake/request/activation remainder, including unseparated HKDF/confirmation work and observer cost.",per-observation exclusive interval; no sum-of-percentiles total
snn32_seed7_forest_anomaly,condition_first_use,bad_tag_receiver,reject,invalid_tag,simulated_response_read,1,0.0,0.0,0.0,0.0,0,"Modeled response generation, not physical acquisition.",per-observation exclusive interval; no sum-of-percentiles total
snn32_seed7_forest_anomaly,condition_first_use,exact_replay_receiver,reject,duplicate_sequence,admission_orchestration_unisolated,1,0.0,0.0,0.0,0.0,0,Admission orchestration remainder not covered by named children.,per-observation exclusive interval; no sum-of-percentiles total
snn32_seed7_forest_anomaly,condition_first_use,exact_replay_receiver,reject,duplicate_sequence,anomaly_consumer,1,0.0,0.0,0.0,0.0,0,Anomaly consumer including feature scaling and frozen-threshold decision.,per-observation exclusive interval; no sum-of-percentiles total
snn32_seed7_forest_anomaly,condition_first_use,exact_replay_receiver,reject,duplicate_sequence,binary32_adapter,1,0.0,0.0,0.0,0.0,0,Canonical binary32 input adaptation before sender sealing.,per-observation exclusive interval; no sum-of-percentiles total
snn32_seed7_forest_anomaly,condition_first_use,exact_replay_receiver,reject,duplicate_sequence,credential_verification,1,0.0,0.0,0.0,0.0,0,Recorded independent credential-verification call(s).,per-observation exclusive interval; no sum-of-percentiles total
snn32_seed7_forest_anomaly,condition_first_use,exact_replay_receiver,reject,duplicate_sequence,in_memory_audit_measured,1,0.0608,0.0608,0.0608,0.0608,1,"Recorded audit record/prepare/commit spans, exclusive of their children; not all audit-related overhead and not durable storage.",per-observation exclusive interval; no sum-of-percentiles total
snn32_seed7_forest_anomaly,condition_first_use,exact_replay_receiver,reject,duplicate_sequence,local_admission_checks,1,0.0,0.0,0.0,0.0,0,"Measured local authorization/binding/consumption calls, excluding nested credential verification.",per-observation exclusive interval; no sum-of-percentiles total
snn32_seed7_forest_anomaly,condition_first_use,exact_replay_receiver,reject,duplicate_sequence,model_input_preprocessing,1,0.0,0.0,0.0,0.0,0,Shared model-input preparation; model-specific normalization remains in consumer timing.,per-observation exclusive interval; no sum-of-percentiles total
snn32_seed7_forest_anomaly,condition_first_use,exact_replay_receiver,reject,duplicate_sequence,motion_consumer,1,0.0,0.0,0.0,0.0,0,Motion consumer including normalization/tensor preparation/prediction decoding.,per-observation exclusive interval; no sum-of-percentiles total
snn32_seed7_forest_anomaly,condition_first_use,exact_replay_receiver,reject,duplicate_sequence,outer_orchestration_unisolated,1,0.0145,0.0145,0.0145,0.0145,1,Direct root/first-post-window remainder outside named child spans.,per-observation exclusive interval; no sum-of-percentiles total
snn32_seed7_forest_anomaly,condition_first_use,exact_replay_receiver,reject,duplicate_sequence,receiver_binding_sequence_state_unisolated,1,0.1754,0.1754,0.1754,0.1754,1,"Verifier remainder including binding, sequence checks, locks/state publication and observer work; NOT isolated sequence latency.",per-observation exclusive interval; no sum-of-percentiles total
snn32_seed7_forest_anomaly,condition_first_use,exact_replay_receiver,reject,duplicate_sequence,receiver_parsing,1,1.2155,1.2155,1.2155,1.2155,1,Envelope and binary parser call.,per-observation exclusive interval; no sum-of-percentiles total
snn32_seed7_forest_anomaly,condition_first_use,exact_replay_receiver,reject,duplicate_sequence,receiver_quality_check,1,4.8197,4.8197,4.8197,4.8197,1,Verifier quality-check call.,per-observation exclusive interval; no sum-of-percentiles total
snn32_seed7_forest_anomaly,condition_first_use,exact_replay_receiver,reject,duplicate_sequence,receiver_window_hmac,1,0.0345,0.0345,0.0345,0.0345,1,"Recorded verifier window-tag calculation, not complete authentication.",per-observation exclusive interval; no sum-of-percentiles total
snn32_seed7_forest_anomaly,condition_first_use,exact_replay_receiver,reject,duplicate_sequence,reconstruction,1,0.0,0.0,0.0,0.0,0,Actual recorded BCH reconstruction; includes any observer/GC delay.,per-observation exclusive interval; no sum-of-percentiles total
snn32_seed7_forest_anomaly,condition_first_use,exact_replay_receiver,reject,duplicate_sequence,release_conversion_unisolated,1,0.0,0.0,0.0,0.0,0,Accepted release remainder including conversion/dispatch/observer work outside consumer children.,per-observation exclusive interval; no sum-of-percentiles total
snn32_seed7_forest_anomaly,condition_first_use,exact_replay_receiver,reject,duplicate_sequence,sender_binding_unisolated,1,0.0,0.0,0.0,0.0,0,Sender seal remainder: binding/state/orchestration/observer work not separately timed.,per-observation exclusive interval; no sum-of-percentiles total
snn32_seed7_forest_anomaly,condition_first_use,exact_replay_receiver,reject,duplicate_sequence,sender_serialization_and_quality,1,0.0,0.0,0.0,0.0,0,Sender serialization including its quality validation; not separately timed.,per-observation exclusive interval; no sum-of-percentiles total
snn32_seed7_forest_anomaly,condition_first_use,exact_replay_receiver,reject,duplicate_sequence,sender_window_hmac,1,0.0,0.0,0.0,0.0,0,Recorded window-tag generation call.,per-observation exclusive interval; no sum-of-percentiles total
snn32_seed7_forest_anomaly,condition_first_use,exact_replay_receiver,reject,duplicate_sequence,session_establishment_unisolated,1,0.0,0.0,0.0,0.0,0,"Handshake/request/activation remainder, including unseparated HKDF/confirmation work and observer cost.",per-observation exclusive interval; no sum-of-percentiles total
snn32_seed7_forest_anomaly,condition_first_use,exact_replay_receiver,reject,duplicate_sequence,simulated_response_read,1,0.0,0.0,0.0,0.0,0,"Modeled response generation, not physical acquisition.",per-observation exclusive interval; no sum-of-percentiles total
snn32_seed7_forest_anomaly,condition_first_use,fresh_to_first_window,accept,accepted,admission_orchestration_unisolated,1,0.0728,0.0728,0.0728,0.0728,1,Admission orchestration remainder not covered by named children.,per-observation exclusive interval; no sum-of-percentiles total
snn32_seed7_forest_anomaly,condition_first_use,fresh_to_first_window,accept,accepted,anomaly_consumer,1,16.4517,16.4517,16.4517,16.4517,1,Anomaly consumer including feature scaling and frozen-threshold decision.,per-observation exclusive interval; no sum-of-percentiles total
snn32_seed7_forest_anomaly,condition_first_use,fresh_to_first_window,accept,accepted,binary32_adapter,1,4.2597,4.2597,4.2597,4.2597,1,Canonical binary32 input adaptation before sender sealing.,per-observation exclusive interval; no sum-of-percentiles total
snn32_seed7_forest_anomaly,condition_first_use,fresh_to_first_window,accept,accepted,credential_verification,1,0.0891,0.0891,0.0891,0.0891,1,Recorded independent credential-verification call(s).,per-observation exclusive interval; no sum-of-percentiles total
snn32_seed7_forest_anomaly,condition_first_use,fresh_to_first_window,accept,accepted,in_memory_audit_measured,1,0.2764,0.2764,0.2764,0.2764,1,"Recorded audit record/prepare/commit spans, exclusive of their children; not all audit-related overhead and not durable storage.",per-observation exclusive interval; no sum-of-percentiles total
snn32_seed7_forest_anomaly,condition_first_use,fresh_to_first_window,accept,accepted,local_admission_checks,1,0.1044,0.1044,0.1044,0.1044,1,"Measured local authorization/binding/consumption calls, excluding nested credential verification.",per-observation exclusive interval; no sum-of-percentiles total
snn32_seed7_forest_anomaly,condition_first_use,fresh_to_first_window,accept,accepted,model_input_preprocessing,1,4.0639,4.0639,4.0639,4.0639,1,Shared model-input preparation; model-specific normalization remains in consumer timing.,per-observation exclusive interval; no sum-of-percentiles total
snn32_seed7_forest_anomaly,condition_first_use,fresh_to_first_window,accept,accepted,motion_consumer,1,15.9945,15.9945,15.9945,15.9945,1,Motion consumer including normalization/tensor preparation/prediction decoding.,per-observation exclusive interval; no sum-of-percentiles total
snn32_seed7_forest_anomaly,condition_first_use,fresh_to_first_window,accept,accepted,outer_orchestration_unisolated,1,0.1756,0.1756,0.1756,0.1756,1,Direct root/first-post-window remainder outside named child spans.,per-observation exclusive interval; no sum-of-percentiles total
snn32_seed7_forest_anomaly,condition_first_use,fresh_to_first_window,accept,accepted,receiver_binding_sequence_state_unisolated,1,0.1632,0.1632,0.1632,0.1632,1,"Verifier remainder including binding, sequence checks, locks/state publication and observer work; NOT isolated sequence latency.",per-observation exclusive interval; no sum-of-percentiles total
snn32_seed7_forest_anomaly,condition_first_use,fresh_to_first_window,accept,accepted,receiver_parsing,1,1.744,1.744,1.744,1.744,1,Envelope and binary parser call.,per-observation exclusive interval; no sum-of-percentiles total
snn32_seed7_forest_anomaly,condition_first_use,fresh_to_first_window,accept,accepted,receiver_quality_check,1,5.0839,5.0839,5.0839,5.0839,1,Verifier quality-check call.,per-observation exclusive interval; no sum-of-percentiles total
snn32_seed7_forest_anomaly,condition_first_use,fresh_to_first_window,accept,accepted,receiver_window_hmac,1,0.0303,0.0303,0.0303,0.0303,1,"Recorded verifier window-tag calculation, not complete authentication.",per-observation exclusive interval; no sum-of-percentiles total
snn32_seed7_forest_anomaly,condition_first_use,fresh_to_first_window,accept,accepted,reconstruction,1,3987.5804,3987.5804,3987.5804,3987.5804,1,Actual recorded BCH reconstruction; includes any observer/GC delay.,per-observation exclusive interval; no sum-of-percentiles total
snn32_seed7_forest_anomaly,condition_first_use,fresh_to_first_window,accept,accepted,release_conversion_unisolated,1,0.6562,0.6562,0.6562,0.6562,1,Accepted release remainder including conversion/dispatch/observer work outside consumer children.,per-observation exclusive interval; no sum-of-percentiles total
snn32_seed7_forest_anomaly,condition_first_use,fresh_to_first_window,accept,accepted,sender_binding_unisolated,1,0.2151,0.2151,0.2151,0.2151,1,Sender seal remainder: binding/state/orchestration/observer work not separately timed.,per-observation exclusive interval; no sum-of-percentiles total
snn32_seed7_forest_anomaly,condition_first_use,fresh_to_first_window,accept,accepted,sender_serialization_and_quality,1,5.9387,5.9387,5.9387,5.9387,1,Sender serialization including its quality validation; not separately timed.,per-observation exclusive interval; no sum-of-percentiles total
snn32_seed7_forest_anomaly,condition_first_use,fresh_to_first_window,accept,accepted,sender_window_hmac,1,0.0555,0.0555,0.0555,0.0555,1,Recorded window-tag generation call.,per-observation exclusive interval; no sum-of-percentiles total
snn32_seed7_forest_anomaly,condition_first_use,fresh_to_first_window,accept,accepted,session_establishment_unisolated,1,0.6254,0.6254,0.6254,0.6254,1,"Handshake/request/activation remainder, including unseparated HKDF/confirmation work and observer cost.",per-observation exclusive interval; no sum-of-percentiles total
snn32_seed7_forest_anomaly,condition_first_use,fresh_to_first_window,accept,accepted,simulated_response_read,1,0.1496,0.1496,0.1496,0.1496,1,"Modeled response generation, not physical acquisition.",per-observation exclusive interval; no sum-of-percentiles total
snn32_seed7_forest_anomaly,condition_first_use,malformed_json_receiver,reject,malformed_message,admission_orchestration_unisolated,1,0.0,0.0,0.0,0.0,0,Admission orchestration remainder not covered by named children.,per-observation exclusive interval; no sum-of-percentiles total
snn32_seed7_forest_anomaly,condition_first_use,malformed_json_receiver,reject,malformed_message,anomaly_consumer,1,0.0,0.0,0.0,0.0,0,Anomaly consumer including feature scaling and frozen-threshold decision.,per-observation exclusive interval; no sum-of-percentiles total
snn32_seed7_forest_anomaly,condition_first_use,malformed_json_receiver,reject,malformed_message,binary32_adapter,1,0.0,0.0,0.0,0.0,0,Canonical binary32 input adaptation before sender sealing.,per-observation exclusive interval; no sum-of-percentiles total
snn32_seed7_forest_anomaly,condition_first_use,malformed_json_receiver,reject,malformed_message,credential_verification,1,0.0,0.0,0.0,0.0,0,Recorded independent credential-verification call(s).,per-observation exclusive interval; no sum-of-percentiles total
snn32_seed7_forest_anomaly,condition_first_use,malformed_json_receiver,reject,malformed_message,in_memory_audit_measured,1,0.0696,0.0696,0.0696,0.0696,1,"Recorded audit record/prepare/commit spans, exclusive of their children; not all audit-related overhead and not durable storage.",per-observation exclusive interval; no sum-of-percentiles total
snn32_seed7_forest_anomaly,condition_first_use,malformed_json_receiver,reject,malformed_message,local_admission_checks,1,0.0,0.0,0.0,0.0,0,"Measured local authorization/binding/consumption calls, excluding nested credential verification.",per-observation exclusive interval; no sum-of-percentiles total
snn32_seed7_forest_anomaly,condition_first_use,malformed_json_receiver,reject,malformed_message,model_input_preprocessing,1,0.0,0.0,0.0,0.0,0,Shared model-input preparation; model-specific normalization remains in consumer timing.,per-observation exclusive interval; no sum-of-percentiles total
snn32_seed7_forest_anomaly,condition_first_use,malformed_json_receiver,reject,malformed_message,motion_consumer,1,0.0,0.0,0.0,0.0,0,Motion consumer including normalization/tensor preparation/prediction decoding.,per-observation exclusive interval; no sum-of-percentiles total
snn32_seed7_forest_anomaly,condition_first_use,malformed_json_receiver,reject,malformed_message,outer_orchestration_unisolated,1,0.0101,0.0101,0.0101,0.0101,1,Direct root/first-post-window remainder outside named child spans.,per-observation exclusive interval; no sum-of-percentiles total
snn32_seed7_forest_anomaly,condition_first_use,malformed_json_receiver,reject,malformed_message,receiver_binding_sequence_state_unisolated,1,0.0657,0.0657,0.0657,0.0657,1,"Verifier remainder including binding, sequence checks, locks/state publication and observer work; NOT isolated sequence latency.",per-observation exclusive interval; no sum-of-percentiles total
snn32_seed7_forest_anomaly,condition_first_use,malformed_json_receiver,reject,malformed_message,receiver_parsing,1,0.0471,0.0471,0.0471,0.0471,1,Envelope and binary parser call.,per-observation exclusive interval; no sum-of-percentiles total
snn32_seed7_forest_anomaly,condition_first_use,malformed_json_receiver,reject,malformed_message,receiver_quality_check,1,0.0,0.0,0.0,0.0,0,Verifier quality-check call.,per-observation exclusive interval; no sum-of-percentiles total
snn32_seed7_forest_anomaly,condition_first_use,malformed_json_receiver,reject,malformed_message,receiver_window_hmac,1,0.0,0.0,0.0,0.0,0,"Recorded verifier window-tag calculation, not complete authentication.",per-observation exclusive interval; no sum-of-percentiles total
snn32_seed7_forest_anomaly,condition_first_use,malformed_json_receiver,reject,malformed_message,reconstruction,1,0.0,0.0,0.0,0.0,0,Actual recorded BCH reconstruction; includes any observer/GC delay.,per-observation exclusive interval; no sum-of-percentiles total
snn32_seed7_forest_anomaly,condition_first_use,malformed_json_receiver,reject,malformed_message,release_conversion_unisolated,1,0.0,0.0,0.0,0.0,0,Accepted release remainder including conversion/dispatch/observer work outside consumer children.,per-observation exclusive interval; no sum-of-percentiles total
snn32_seed7_forest_anomaly,condition_first_use,malformed_json_receiver,reject,malformed_message,sender_binding_unisolated,1,0.0,0.0,0.0,0.0,0,Sender seal remainder: binding/state/orchestration/observer work not separately timed.,per-observation exclusive interval; no sum-of-percentiles total
snn32_seed7_forest_anomaly,condition_first_use,malformed_json_receiver,reject,malformed_message,sender_serialization_and_quality,1,0.0,0.0,0.0,0.0,0,Sender serialization including its quality validation; not separately timed.,per-observation exclusive interval; no sum-of-percentiles total
snn32_seed7_forest_anomaly,condition_first_use,malformed_json_receiver,reject,malformed_message,sender_window_hmac,1,0.0,0.0,0.0,0.0,0,Recorded window-tag generation call.,per-observation exclusive interval; no sum-of-percentiles total
snn32_seed7_forest_anomaly,condition_first_use,malformed_json_receiver,reject,malformed_message,session_establishment_unisolated,1,0.0,0.0,0.0,0.0,0,"Handshake/request/activation remainder, including unseparated HKDF/confirmation work and observer cost.",per-observation exclusive interval; no sum-of-percentiles total
snn32_seed7_forest_anomaly,condition_first_use,malformed_json_receiver,reject,malformed_message,simulated_response_read,1,0.0,0.0,0.0,0.0,0,"Modeled response generation, not physical acquisition.",per-observation exclusive interval; no sum-of-percentiles total
snn32_seed7_forest_anomaly,condition_first_use,post_window_after_refusals,accept,accepted,admission_orchestration_unisolated,1,0.0,0.0,0.0,0.0,0,Admission orchestration remainder not covered by named children.,per-observation exclusive interval; no sum-of-percentiles total
snn32_seed7_forest_anomaly,condition_first_use,post_window_after_refusals,accept,accepted,anomaly_consumer,1,8.1408,8.1408,8.1408,8.1408,1,Anomaly consumer including feature scaling and frozen-threshold decision.,per-observation exclusive interval; no sum-of-percentiles total
snn32_seed7_forest_anomaly,condition_first_use,post_window_after_refusals,accept,accepted,binary32_adapter,1,1.5165,1.5165,1.5165,1.5165,1,Canonical binary32 input adaptation before sender sealing.,per-observation exclusive interval; no sum-of-percentiles total
snn32_seed7_forest_anomaly,condition_first_use,post_window_after_refusals,accept,accepted,credential_verification,1,0.0,0.0,0.0,0.0,0,Recorded independent credential-verification call(s).,per-observation exclusive interval; no sum-of-percentiles total
snn32_seed7_forest_anomaly,condition_first_use,post_window_after_refusals,accept,accepted,in_memory_audit_measured,1,0.115,0.115,0.115,0.115,1,"Recorded audit record/prepare/commit spans, exclusive of their children; not all audit-related overhead and not durable storage.",per-observation exclusive interval; no sum-of-percentiles total
snn32_seed7_forest_anomaly,condition_first_use,post_window_after_refusals,accept,accepted,local_admission_checks,1,0.0,0.0,0.0,0.0,0,"Measured local authorization/binding/consumption calls, excluding nested credential verification.",per-observation exclusive interval; no sum-of-percentiles total
snn32_seed7_forest_anomaly,condition_first_use,post_window_after_refusals,accept,accepted,model_input_preprocessing,1,4.4641,4.4641,4.4641,4.4641,1,Shared model-input preparation; model-specific normalization remains in consumer timing.,per-observation exclusive interval; no sum-of-percentiles total
snn32_seed7_forest_anomaly,condition_first_use,post_window_after_refusals,accept,accepted,motion_consumer,1,12.3177,12.3177,12.3177,12.3177,1,Motion consumer including normalization/tensor preparation/prediction decoding.,per-observation exclusive interval; no sum-of-percentiles total
snn32_seed7_forest_anomaly,condition_first_use,post_window_after_refusals,accept,accepted,outer_orchestration_unisolated,1,0.103,0.103,0.103,0.103,1,Direct root/first-post-window remainder outside named child spans.,per-observation exclusive interval; no sum-of-percentiles total
snn32_seed7_forest_anomaly,condition_first_use,post_window_after_refusals,accept,accepted,receiver_binding_sequence_state_unisolated,1,0.1706,0.1706,0.1706,0.1706,1,"Verifier remainder including binding, sequence checks, locks/state publication and observer work; NOT isolated sequence latency.",per-observation exclusive interval; no sum-of-percentiles total
snn32_seed7_forest_anomaly,condition_first_use,post_window_after_refusals,accept,accepted,receiver_parsing,1,1.8908,1.8908,1.8908,1.8908,1,Envelope and binary parser call.,per-observation exclusive interval; no sum-of-percentiles total
snn32_seed7_forest_anomaly,condition_first_use,post_window_after_refusals,accept,accepted,receiver_quality_check,1,5.6472,5.6472,5.6472,5.6472,1,Verifier quality-check call.,per-observation exclusive interval; no sum-of-percentiles total
snn32_seed7_forest_anomaly,condition_first_use,post_window_after_refusals,accept,accepted,receiver_window_hmac,1,0.048,0.048,0.048,0.048,1,"Recorded verifier window-tag calculation, not complete authentication.",per-observation exclusive interval; no sum-of-percentiles total
snn32_seed7_forest_anomaly,condition_first_use,post_window_after_refusals,accept,accepted,reconstruction,1,0.0,0.0,0.0,0.0,0,Actual recorded BCH reconstruction; includes any observer/GC delay.,per-observation exclusive interval; no sum-of-percentiles total
snn32_seed7_forest_anomaly,condition_first_use,post_window_after_refusals,accept,accepted,release_conversion_unisolated,1,0.6965,0.6965,0.6965,0.6965,1,Accepted release remainder including conversion/dispatch/observer work outside consumer children.,per-observation exclusive interval; no sum-of-percentiles total
snn32_seed7_forest_anomaly,condition_first_use,post_window_after_refusals,accept,accepted,sender_binding_unisolated,1,0.1914,0.1914,0.1914,0.1914,1,Sender seal remainder: binding/state/orchestration/observer work not separately timed.,per-observation exclusive interval; no sum-of-percentiles total
snn32_seed7_forest_anomaly,condition_first_use,post_window_after_refusals,accept,accepted,sender_serialization_and_quality,1,5.5839,5.5839,5.5839,5.5839,1,Sender serialization including its quality validation; not separately timed.,per-observation exclusive interval; no sum-of-percentiles total
snn32_seed7_forest_anomaly,condition_first_use,post_window_after_refusals,accept,accepted,sender_window_hmac,1,0.0509,0.0509,0.0509,0.0509,1,Recorded window-tag generation call.,per-observation exclusive interval; no sum-of-percentiles total
snn32_seed7_forest_anomaly,condition_first_use,post_window_after_refusals,accept,accepted,session_establishment_unisolated,1,0.0,0.0,0.0,0.0,0,"Handshake/request/activation remainder, including unseparated HKDF/confirmation work and observer cost.",per-observation exclusive interval; no sum-of-percentiles total
snn32_seed7_forest_anomaly,condition_first_use,post_window_after_refusals,accept,accepted,simulated_response_read,1,0.0,0.0,0.0,0.0,0,"Modeled response generation, not physical acquisition.",per-observation exclusive interval; no sum-of-percentiles total
snn32_seed7_forest_anomaly,condition_first_use,post_window_recurring,accept,accepted,admission_orchestration_unisolated,1,0.0,0.0,0.0,0.0,0,Admission orchestration remainder not covered by named children.,per-observation exclusive interval; no sum-of-percentiles total
snn32_seed7_forest_anomaly,condition_first_use,post_window_recurring,accept,accepted,anomaly_consumer,1,9.12,9.12,9.12,9.12,1,Anomaly consumer including feature scaling and frozen-threshold decision.,per-observation exclusive interval; no sum-of-percentiles total
snn32_seed7_forest_anomaly,condition_first_use,post_window_recurring,accept,accepted,binary32_adapter,1,1.2139,1.2139,1.2139,1.2139,1,Canonical binary32 input adaptation before sender sealing.,per-observation exclusive interval; no sum-of-percentiles total
snn32_seed7_forest_anomaly,condition_first_use,post_window_recurring,accept,accepted,credential_verification,1,0.0,0.0,0.0,0.0,0,Recorded independent credential-verification call(s).,per-observation exclusive interval; no sum-of-percentiles total
snn32_seed7_forest_anomaly,condition_first_use,post_window_recurring,accept,accepted,in_memory_audit_measured,1,0.1327,0.1327,0.1327,0.1327,1,"Recorded audit record/prepare/commit spans, exclusive of their children; not all audit-related overhead and not durable storage.",per-observation exclusive interval; no sum-of-percentiles total
snn32_seed7_forest_anomaly,condition_first_use,post_window_recurring,accept,accepted,local_admission_checks,1,0.0,0.0,0.0,0.0,0,"Measured local authorization/binding/consumption calls, excluding nested credential verification.",per-observation exclusive interval; no sum-of-percentiles total
snn32_seed7_forest_anomaly,condition_first_use,post_window_recurring,accept,accepted,model_input_preprocessing,1,4.1455,4.1455,4.1455,4.1455,1,Shared model-input preparation; model-specific normalization remains in consumer timing.,per-observation exclusive interval; no sum-of-percentiles total
snn32_seed7_forest_anomaly,condition_first_use,post_window_recurring,accept,accepted,motion_consumer,1,14.7521,14.7521,14.7521,14.7521,1,Motion consumer including normalization/tensor preparation/prediction decoding.,per-observation exclusive interval; no sum-of-percentiles total
snn32_seed7_forest_anomaly,condition_first_use,post_window_recurring,accept,accepted,outer_orchestration_unisolated,1,0.2156,0.2156,0.2156,0.2156,1,Direct root/first-post-window remainder outside named child spans.,per-observation exclusive interval; no sum-of-percentiles total
snn32_seed7_forest_anomaly,condition_first_use,post_window_recurring,accept,accepted,receiver_binding_sequence_state_unisolated,1,0.2006,0.2006,0.2006,0.2006,1,"Verifier remainder including binding, sequence checks, locks/state publication and observer work; NOT isolated sequence latency.",per-observation exclusive interval; no sum-of-percentiles total
snn32_seed7_forest_anomaly,condition_first_use,post_window_recurring,accept,accepted,receiver_parsing,1,2.2768,2.2768,2.2768,2.2768,1,Envelope and binary parser call.,per-observation exclusive interval; no sum-of-percentiles total
snn32_seed7_forest_anomaly,condition_first_use,post_window_recurring,accept,accepted,receiver_quality_check,1,4.6874,4.6874,4.6874,4.6874,1,Verifier quality-check call.,per-observation exclusive interval; no sum-of-percentiles total
snn32_seed7_forest_anomaly,condition_first_use,post_window_recurring,accept,accepted,receiver_window_hmac,1,0.0486,0.0486,0.0486,0.0486,1,"Recorded verifier window-tag calculation, not complete authentication.",per-observation exclusive interval; no sum-of-percentiles total
snn32_seed7_forest_anomaly,condition_first_use,post_window_recurring,accept,accepted,reconstruction,1,0.0,0.0,0.0,0.0,0,Actual recorded BCH reconstruction; includes any observer/GC delay.,per-observation exclusive interval; no sum-of-percentiles total
snn32_seed7_forest_anomaly,condition_first_use,post_window_recurring,accept,accepted,release_conversion_unisolated,1,0.7895,0.7895,0.7895,0.7895,1,Accepted release remainder including conversion/dispatch/observer work outside consumer children.,per-observation exclusive interval; no sum-of-percentiles total
snn32_seed7_forest_anomaly,condition_first_use,post_window_recurring,accept,accepted,sender_binding_unisolated,1,0.2177,0.2177,0.2177,0.2177,1,Sender seal remainder: binding/state/orchestration/observer work not separately timed.,per-observation exclusive interval; no sum-of-percentiles total
snn32_seed7_forest_anomaly,condition_first_use,post_window_recurring,accept,accepted,sender_serialization_and_quality,1,5.1375,5.1375,5.1375,5.1375,1,Sender serialization including its quality validation; not separately timed.,per-observation exclusive interval; no sum-of-percentiles total
snn32_seed7_forest_anomaly,condition_first_use,post_window_recurring,accept,accepted,sender_window_hmac,1,0.0497,0.0497,0.0497,0.0497,1,Recorded window-tag generation call.,per-observation exclusive interval; no sum-of-percentiles total
snn32_seed7_forest_anomaly,condition_first_use,post_window_recurring,accept,accepted,session_establishment_unisolated,1,0.0,0.0,0.0,0.0,0,"Handshake/request/activation remainder, including unseparated HKDF/confirmation work and observer cost.",per-observation exclusive interval; no sum-of-percentiles total
snn32_seed7_forest_anomaly,condition_first_use,post_window_recurring,accept,accepted,simulated_response_read,1,0.0,0.0,0.0,0.0,0,"Modeled response generation, not physical acquisition.",per-observation exclusive interval; no sum-of-percentiles total
snn32_seed7_forest_anomaly,condition_first_use,pre_tag_quality_refusal,reject,data_quality_failure,admission_orchestration_unisolated,1,0.0,0.0,0.0,0.0,0,Admission orchestration remainder not covered by named children.,per-observation exclusive interval; no sum-of-percentiles total
snn32_seed7_forest_anomaly,condition_first_use,pre_tag_quality_refusal,reject,data_quality_failure,anomaly_consumer,1,0.0,0.0,0.0,0.0,0,Anomaly consumer including feature scaling and frozen-threshold decision.,per-observation exclusive interval; no sum-of-percentiles total
snn32_seed7_forest_anomaly,condition_first_use,pre_tag_quality_refusal,reject,data_quality_failure,binary32_adapter,1,1.4119,1.4119,1.4119,1.4119,1,Canonical binary32 input adaptation before sender sealing.,per-observation exclusive interval; no sum-of-percentiles total
snn32_seed7_forest_anomaly,condition_first_use,pre_tag_quality_refusal,reject,data_quality_failure,credential_verification,1,0.0,0.0,0.0,0.0,0,Recorded independent credential-verification call(s).,per-observation exclusive interval; no sum-of-percentiles total
snn32_seed7_forest_anomaly,condition_first_use,pre_tag_quality_refusal,reject,data_quality_failure,in_memory_audit_measured,1,0.0654,0.0654,0.0654,0.0654,1,"Recorded audit record/prepare/commit spans, exclusive of their children; not all audit-related overhead and not durable storage.",per-observation exclusive interval; no sum-of-percentiles total
snn32_seed7_forest_anomaly,condition_first_use,pre_tag_quality_refusal,reject,data_quality_failure,local_admission_checks,1,0.0,0.0,0.0,0.0,0,"Measured local authorization/binding/consumption calls, excluding nested credential verification.",per-observation exclusive interval; no sum-of-percentiles total
snn32_seed7_forest_anomaly,condition_first_use,pre_tag_quality_refusal,reject,data_quality_failure,model_input_preprocessing,1,0.0,0.0,0.0,0.0,0,Shared model-input preparation; model-specific normalization remains in consumer timing.,per-observation exclusive interval; no sum-of-percentiles total
snn32_seed7_forest_anomaly,condition_first_use,pre_tag_quality_refusal,reject,data_quality_failure,motion_consumer,1,0.0,0.0,0.0,0.0,0,Motion consumer including normalization/tensor preparation/prediction decoding.,per-observation exclusive interval; no sum-of-percentiles total
snn32_seed7_forest_anomaly,condition_first_use,pre_tag_quality_refusal,reject,data_quality_failure,outer_orchestration_unisolated,1,0.0697,0.0697,0.0697,0.0697,1,Direct root/first-post-window remainder outside named child spans.,per-observation exclusive interval; no sum-of-percentiles total
snn32_seed7_forest_anomaly,condition_first_use,pre_tag_quality_refusal,reject,data_quality_failure,receiver_binding_sequence_state_unisolated,1,0.0,0.0,0.0,0.0,0,"Verifier remainder including binding, sequence checks, locks/state publication and observer work; NOT isolated sequence latency.",per-observation exclusive interval; no sum-of-percentiles total
snn32_seed7_forest_anomaly,condition_first_use,pre_tag_quality_refusal,reject,data_quality_failure,receiver_parsing,1,0.0,0.0,0.0,0.0,0,Envelope and binary parser call.,per-observation exclusive interval; no sum-of-percentiles total
snn32_seed7_forest_anomaly,condition_first_use,pre_tag_quality_refusal,reject,data_quality_failure,receiver_quality_check,1,0.0,0.0,0.0,0.0,0,Verifier quality-check call.,per-observation exclusive interval; no sum-of-percentiles total
snn32_seed7_forest_anomaly,condition_first_use,pre_tag_quality_refusal,reject,data_quality_failure,receiver_window_hmac,1,0.0,0.0,0.0,0.0,0,"Recorded verifier window-tag calculation, not complete authentication.",per-observation exclusive interval; no sum-of-percentiles total
snn32_seed7_forest_anomaly,condition_first_use,pre_tag_quality_refusal,reject,data_quality_failure,reconstruction,1,0.0,0.0,0.0,0.0,0,Actual recorded BCH reconstruction; includes any observer/GC delay.,per-observation exclusive interval; no sum-of-percentiles total
snn32_seed7_forest_anomaly,condition_first_use,pre_tag_quality_refusal,reject,data_quality_failure,release_conversion_unisolated,1,0.0,0.0,0.0,0.0,0,Accepted release remainder including conversion/dispatch/observer work outside consumer children.,per-observation exclusive interval; no sum-of-percentiles total
snn32_seed7_forest_anomaly,condition_first_use,pre_tag_quality_refusal,reject,data_quality_failure,sender_binding_unisolated,1,0.0953,0.0953,0.0953,0.0953,1,Sender seal remainder: binding/state/orchestration/observer work not separately timed.,per-observation exclusive interval; no sum-of-percentiles total
snn32_seed7_forest_anomaly,condition_first_use,pre_tag_quality_refusal,reject,data_quality_failure,sender_serialization_and_quality,1,0.6516,0.6516,0.6516,0.6516,1,Sender serialization including its quality validation; not separately timed.,per-observation exclusive interval; no sum-of-percentiles total
snn32_seed7_forest_anomaly,condition_first_use,pre_tag_quality_refusal,reject,data_quality_failure,sender_window_hmac,1,0.0,0.0,0.0,0.0,0,Recorded window-tag generation call.,per-observation exclusive interval; no sum-of-percentiles total
snn32_seed7_forest_anomaly,condition_first_use,pre_tag_quality_refusal,reject,data_quality_failure,session_establishment_unisolated,1,0.0,0.0,0.0,0.0,0,"Handshake/request/activation remainder, including unseparated HKDF/confirmation work and observer cost.",per-observation exclusive interval; no sum-of-percentiles total
snn32_seed7_forest_anomaly,condition_first_use,pre_tag_quality_refusal,reject,data_quality_failure,simulated_response_read,1,0.0,0.0,0.0,0.0,0,"Modeled response generation, not physical acquisition.",per-observation exclusive interval; no sum-of-percentiles total
snn32_seed7_forest_anomaly,condition_first_use,valid_receiver_after_bad_tag,accept,accepted,admission_orchestration_unisolated,1,0.0,0.0,0.0,0.0,0,Admission orchestration remainder not covered by named children.,per-observation exclusive interval; no sum-of-percentiles total
snn32_seed7_forest_anomaly,condition_first_use,valid_receiver_after_bad_tag,accept,accepted,anomaly_consumer,1,7.4799,7.4799,7.4799,7.4799,1,Anomaly consumer including feature scaling and frozen-threshold decision.,per-observation exclusive interval; no sum-of-percentiles total
snn32_seed7_forest_anomaly,condition_first_use,valid_receiver_after_bad_tag,accept,accepted,binary32_adapter,1,0.0,0.0,0.0,0.0,0,Canonical binary32 input adaptation before sender sealing.,per-observation exclusive interval; no sum-of-percentiles total
snn32_seed7_forest_anomaly,condition_first_use,valid_receiver_after_bad_tag,accept,accepted,credential_verification,1,0.0,0.0,0.0,0.0,0,Recorded independent credential-verification call(s).,per-observation exclusive interval; no sum-of-percentiles total
snn32_seed7_forest_anomaly,condition_first_use,valid_receiver_after_bad_tag,accept,accepted,in_memory_audit_measured,1,0.0719,0.0719,0.0719,0.0719,1,"Recorded audit record/prepare/commit spans, exclusive of their children; not all audit-related overhead and not durable storage.",per-observation exclusive interval; no sum-of-percentiles total
snn32_seed7_forest_anomaly,condition_first_use,valid_receiver_after_bad_tag,accept,accepted,local_admission_checks,1,0.0,0.0,0.0,0.0,0,"Measured local authorization/binding/consumption calls, excluding nested credential verification.",per-observation exclusive interval; no sum-of-percentiles total
snn32_seed7_forest_anomaly,condition_first_use,valid_receiver_after_bad_tag,accept,accepted,model_input_preprocessing,1,4.4472,4.4472,4.4472,4.4472,1,Shared model-input preparation; model-specific normalization remains in consumer timing.,per-observation exclusive interval; no sum-of-percentiles total
snn32_seed7_forest_anomaly,condition_first_use,valid_receiver_after_bad_tag,accept,accepted,motion_consumer,1,14.4512,14.4512,14.4512,14.4512,1,Motion consumer including normalization/tensor preparation/prediction decoding.,per-observation exclusive interval; no sum-of-percentiles total
snn32_seed7_forest_anomaly,condition_first_use,valid_receiver_after_bad_tag,accept,accepted,outer_orchestration_unisolated,1,0.0315,0.0315,0.0315,0.0315,1,Direct root/first-post-window remainder outside named child spans.,per-observation exclusive interval; no sum-of-percentiles total
snn32_seed7_forest_anomaly,condition_first_use,valid_receiver_after_bad_tag,accept,accepted,receiver_binding_sequence_state_unisolated,1,0.1514,0.1514,0.1514,0.1514,1,"Verifier remainder including binding, sequence checks, locks/state publication and observer work; NOT isolated sequence latency.",per-observation exclusive interval; no sum-of-percentiles total
snn32_seed7_forest_anomaly,condition_first_use,valid_receiver_after_bad_tag,accept,accepted,receiver_parsing,1,1.7279,1.7279,1.7279,1.7279,1,Envelope and binary parser call.,per-observation exclusive interval; no sum-of-percentiles total
snn32_seed7_forest_anomaly,condition_first_use,valid_receiver_after_bad_tag,accept,accepted,receiver_quality_check,1,4.17,4.17,4.17,4.17,1,Verifier quality-check call.,per-observation exclusive interval; no sum-of-percentiles total
snn32_seed7_forest_anomaly,condition_first_use,valid_receiver_after_bad_tag,accept,accepted,receiver_window_hmac,1,0.04,0.04,0.04,0.04,1,"Recorded verifier window-tag calculation, not complete authentication.",per-observation exclusive interval; no sum-of-percentiles total
snn32_seed7_forest_anomaly,condition_first_use,valid_receiver_after_bad_tag,accept,accepted,reconstruction,1,0.0,0.0,0.0,0.0,0,Actual recorded BCH reconstruction; includes any observer/GC delay.,per-observation exclusive interval; no sum-of-percentiles total
snn32_seed7_forest_anomaly,condition_first_use,valid_receiver_after_bad_tag,accept,accepted,release_conversion_unisolated,1,0.8901,0.8901,0.8901,0.8901,1,Accepted release remainder including conversion/dispatch/observer work outside consumer children.,per-observation exclusive interval; no sum-of-percentiles total
snn32_seed7_forest_anomaly,condition_first_use,valid_receiver_after_bad_tag,accept,accepted,sender_binding_unisolated,1,0.0,0.0,0.0,0.0,0,Sender seal remainder: binding/state/orchestration/observer work not separately timed.,per-observation exclusive interval; no sum-of-percentiles total
snn32_seed7_forest_anomaly,condition_first_use,valid_receiver_after_bad_tag,accept,accepted,sender_serialization_and_quality,1,0.0,0.0,0.0,0.0,0,Sender serialization including its quality validation; not separately timed.,per-observation exclusive interval; no sum-of-percentiles total
snn32_seed7_forest_anomaly,condition_first_use,valid_receiver_after_bad_tag,accept,accepted,sender_window_hmac,1,0.0,0.0,0.0,0.0,0,Recorded window-tag generation call.,per-observation exclusive interval; no sum-of-percentiles total
snn32_seed7_forest_anomaly,condition_first_use,valid_receiver_after_bad_tag,accept,accepted,session_establishment_unisolated,1,0.0,0.0,0.0,0.0,0,"Handshake/request/activation remainder, including unseparated HKDF/confirmation work and observer cost.",per-observation exclusive interval; no sum-of-percentiles total
snn32_seed7_forest_anomaly,condition_first_use,valid_receiver_after_bad_tag,accept,accepted,simulated_response_read,1,0.0,0.0,0.0,0.0,0,"Modeled response generation, not physical acquisition.",per-observation exclusive interval; no sum-of-percentiles total
snn32_seed7_forest_anomaly,measured,bad_tag_receiver,reject,invalid_tag,admission_orchestration_unisolated,119,0.0,0.0,0.0,0.0,0,Admission orchestration remainder not covered by named children.,per-observation exclusive interval; no sum-of-percentiles total
snn32_seed7_forest_anomaly,measured,bad_tag_receiver,reject,invalid_tag,anomaly_consumer,119,0.0,0.0,0.0,0.0,0,Anomaly consumer including feature scaling and frozen-threshold decision.,per-observation exclusive interval; no sum-of-percentiles total
snn32_seed7_forest_anomaly,measured,bad_tag_receiver,reject,invalid_tag,binary32_adapter,119,0.0,0.0,0.0,0.0,0,Canonical binary32 input adaptation before sender sealing.,per-observation exclusive interval; no sum-of-percentiles total
snn32_seed7_forest_anomaly,measured,bad_tag_receiver,reject,invalid_tag,credential_verification,119,0.0,0.0,0.0,0.0,0,Recorded independent credential-verification call(s).,per-observation exclusive interval; no sum-of-percentiles total
snn32_seed7_forest_anomaly,measured,bad_tag_receiver,reject,invalid_tag,in_memory_audit_measured,119,0.0399,0.05332,0.07395799999999998,0.1226,119,"Recorded audit record/prepare/commit spans, exclusive of their children; not all audit-related overhead and not durable storage.",per-observation exclusive interval; no sum-of-percentiles total
snn32_seed7_forest_anomaly,measured,bad_tag_receiver,reject,invalid_tag,local_admission_checks,119,0.0,0.0,0.0,0.0,0,"Measured local authorization/binding/consumption calls, excluding nested credential verification.",per-observation exclusive interval; no sum-of-percentiles total
snn32_seed7_forest_anomaly,measured,bad_tag_receiver,reject,invalid_tag,model_input_preprocessing,119,0.0,0.0,0.0,0.0,0,Shared model-input preparation; model-specific normalization remains in consumer timing.,per-observation exclusive interval; no sum-of-percentiles total
snn32_seed7_forest_anomaly,measured,bad_tag_receiver,reject,invalid_tag,motion_consumer,119,0.0,0.0,0.0,0.0,0,Motion consumer including normalization/tensor preparation/prediction decoding.,per-observation exclusive interval; no sum-of-percentiles total
snn32_seed7_forest_anomaly,measured,bad_tag_receiver,reject,invalid_tag,outer_orchestration_unisolated,119,0.0139,0.019149999999999997,0.03812399999999987,0.0426,119,Direct root/first-post-window remainder outside named child spans.,per-observation exclusive interval; no sum-of-percentiles total
snn32_seed7_forest_anomaly,measured,bad_tag_receiver,reject,invalid_tag,receiver_binding_sequence_state_unisolated,119,0.1024,0.15853,0.178956,0.2596,119,"Verifier remainder including binding, sequence checks, locks/state publication and observer work; NOT isolated sequence latency.",per-observation exclusive interval; no sum-of-percentiles total
snn32_seed7_forest_anomaly,measured,bad_tag_receiver,reject,invalid_tag,receiver_parsing,119,1.5939,1.8290099999999996,1.9913019999999997,2.6805,119,Envelope and binary parser call.,per-observation exclusive interval; no sum-of-percentiles total
snn32_seed7_forest_anomaly,measured,bad_tag_receiver,reject,invalid_tag,receiver_quality_check,119,0.0,0.0,0.0,0.0,0,Verifier quality-check call.,per-observation exclusive interval; no sum-of-percentiles total
snn32_seed7_forest_anomaly,measured,bad_tag_receiver,reject,invalid_tag,receiver_window_hmac,119,0.0214,0.03552,0.04409799999999997,0.0524,119,"Recorded verifier window-tag calculation, not complete authentication.",per-observation exclusive interval; no sum-of-percentiles total
snn32_seed7_forest_anomaly,measured,bad_tag_receiver,reject,invalid_tag,reconstruction,119,0.0,0.0,0.0,0.0,0,Actual recorded BCH reconstruction; includes any observer/GC delay.,per-observation exclusive interval; no sum-of-percentiles total
snn32_seed7_forest_anomaly,measured,bad_tag_receiver,reject,invalid_tag,release_conversion_unisolated,119,0.0,0.0,0.0,0.0,0,Accepted release remainder including conversion/dispatch/observer work outside consumer children.,per-observation exclusive interval; no sum-of-percentiles total
snn32_seed7_forest_anomaly,measured,bad_tag_receiver,reject,invalid_tag,sender_binding_unisolated,119,0.0,0.0,0.0,0.0,0,Sender seal remainder: binding/state/orchestration/observer work not separately timed.,per-observation exclusive interval; no sum-of-percentiles total
snn32_seed7_forest_anomaly,measured,bad_tag_receiver,reject,invalid_tag,sender_serialization_and_quality,119,0.0,0.0,0.0,0.0,0,Sender serialization including its quality validation; not separately timed.,per-observation exclusive interval; no sum-of-percentiles total
snn32_seed7_forest_anomaly,measured,bad_tag_receiver,reject,invalid_tag,sender_window_hmac,119,0.0,0.0,0.0,0.0,0,Recorded window-tag generation call.,per-observation exclusive interval; no sum-of-percentiles total
snn32_seed7_forest_anomaly,measured,bad_tag_receiver,reject,invalid_tag,session_establishment_unisolated,119,0.0,0.0,0.0,0.0,0,"Handshake/request/activation remainder, including unseparated HKDF/confirmation work and observer cost.",per-observation exclusive interval; no sum-of-percentiles total
snn32_seed7_forest_anomaly,measured,bad_tag_receiver,reject,invalid_tag,simulated_response_read,119,0.0,0.0,0.0,0.0,0,"Modeled response generation, not physical acquisition.",per-observation exclusive interval; no sum-of-percentiles total
snn32_seed7_forest_anomaly,measured,exact_replay_receiver,reject,duplicate_sequence,admission_orchestration_unisolated,119,0.0,0.0,0.0,0.0,0,Admission orchestration remainder not covered by named children.,per-observation exclusive interval; no sum-of-percentiles total
snn32_seed7_forest_anomaly,measured,exact_replay_receiver,reject,duplicate_sequence,anomaly_consumer,119,0.0,0.0,0.0,0.0,0,Anomaly consumer including feature scaling and frozen-threshold decision.,per-observation exclusive interval; no sum-of-percentiles total
snn32_seed7_forest_anomaly,measured,exact_replay_receiver,reject,duplicate_sequence,binary32_adapter,119,0.0,0.0,0.0,0.0,0,Canonical binary32 input adaptation before sender sealing.,per-observation exclusive interval; no sum-of-percentiles total
snn32_seed7_forest_anomaly,measured,exact_replay_receiver,reject,duplicate_sequence,credential_verification,119,0.0,0.0,0.0,0.0,0,Recorded independent credential-verification call(s).,per-observation exclusive interval; no sum-of-percentiles total
snn32_seed7_forest_anomaly,measured,exact_replay_receiver,reject,duplicate_sequence,in_memory_audit_measured,119,0.0637,0.10180999999999998,0.11696199999999997,0.1302,119,"Recorded audit record/prepare/commit spans, exclusive of their children; not all audit-related overhead and not durable storage.",per-observation exclusive interval; no sum-of-percentiles total
snn32_seed7_forest_anomaly,measured,exact_replay_receiver,reject,duplicate_sequence,local_admission_checks,119,0.0,0.0,0.0,0.0,0,"Measured local authorization/binding/consumption calls, excluding nested credential verification.",per-observation exclusive interval; no sum-of-percentiles total
snn32_seed7_forest_anomaly,measured,exact_replay_receiver,reject,duplicate_sequence,model_input_preprocessing,119,0.0,0.0,0.0,0.0,0,Shared model-input preparation; model-specific normalization remains in consumer timing.,per-observation exclusive interval; no sum-of-percentiles total
snn32_seed7_forest_anomaly,measured,exact_replay_receiver,reject,duplicate_sequence,motion_consumer,119,0.0,0.0,0.0,0.0,0,Motion consumer including normalization/tensor preparation/prediction decoding.,per-observation exclusive interval; no sum-of-percentiles total
snn32_seed7_forest_anomaly,measured,exact_replay_receiver,reject,duplicate_sequence,outer_orchestration_unisolated,119,0.0133,0.021139999999999985,0.026075999999999988,0.0292,119,Direct root/first-post-window remainder outside named child spans.,per-observation exclusive interval; no sum-of-percentiles total
snn32_seed7_forest_anomaly,measured,exact_replay_receiver,reject,duplicate_sequence,receiver_binding_sequence_state_unisolated,119,0.135,0.24676999999999988,0.30662999999999985,0.3145,119,"Verifier remainder including binding, sequence checks, locks/state publication and observer work; NOT isolated sequence latency.",per-observation exclusive interval; no sum-of-percentiles total
snn32_seed7_forest_anomaly,measured,exact_replay_receiver,reject,duplicate_sequence,receiver_parsing,119,1.4835,2.4508899999999993,2.619826,2.966,119,Envelope and binary parser call.,per-observation exclusive interval; no sum-of-percentiles total
snn32_seed7_forest_anomaly,measured,exact_replay_receiver,reject,duplicate_sequence,receiver_quality_check,119,3.9513,6.297609999999998,7.296243999999999,7.4405,119,Verifier quality-check call.,per-observation exclusive interval; no sum-of-percentiles total
snn32_seed7_forest_anomaly,measured,exact_replay_receiver,reject,duplicate_sequence,receiver_window_hmac,119,0.0277,0.04562,0.05035599999999999,0.0598,119,"Recorded verifier window-tag calculation, not complete authentication.",per-observation exclusive interval; no sum-of-percentiles total
snn32_seed7_forest_anomaly,measured,exact_replay_receiver,reject,duplicate_sequence,reconstruction,119,0.0,0.0,0.0,0.0,0,Actual recorded BCH reconstruction; includes any observer/GC delay.,per-observation exclusive interval; no sum-of-percentiles total
snn32_seed7_forest_anomaly,measured,exact_replay_receiver,reject,duplicate_sequence,release_conversion_unisolated,119,0.0,0.0,0.0,0.0,0,Accepted release remainder including conversion/dispatch/observer work outside consumer children.,per-observation exclusive interval; no sum-of-percentiles total
snn32_seed7_forest_anomaly,measured,exact_replay_receiver,reject,duplicate_sequence,sender_binding_unisolated,119,0.0,0.0,0.0,0.0,0,Sender seal remainder: binding/state/orchestration/observer work not separately timed.,per-observation exclusive interval; no sum-of-percentiles total
snn32_seed7_forest_anomaly,measured,exact_replay_receiver,reject,duplicate_sequence,sender_serialization_and_quality,119,0.0,0.0,0.0,0.0,0,Sender serialization including its quality validation; not separately timed.,per-observation exclusive interval; no sum-of-percentiles total
snn32_seed7_forest_anomaly,measured,exact_replay_receiver,reject,duplicate_sequence,sender_window_hmac,119,0.0,0.0,0.0,0.0,0,Recorded window-tag generation call.,per-observation exclusive interval; no sum-of-percentiles total
snn32_seed7_forest_anomaly,measured,exact_replay_receiver,reject,duplicate_sequence,session_establishment_unisolated,119,0.0,0.0,0.0,0.0,0,"Handshake/request/activation remainder, including unseparated HKDF/confirmation work and observer cost.",per-observation exclusive interval; no sum-of-percentiles total
snn32_seed7_forest_anomaly,measured,exact_replay_receiver,reject,duplicate_sequence,simulated_response_read,119,0.0,0.0,0.0,0.0,0,"Modeled response generation, not physical acquisition.",per-observation exclusive interval; no sum-of-percentiles total
snn32_seed7_forest_anomaly,measured,fresh_to_first_window,accept,accepted,admission_orchestration_unisolated,119,0.0589,0.08844999999999999,0.12021399999999999,0.1612,119,Admission orchestration remainder not covered by named children.,per-observation exclusive interval; no sum-of-percentiles total
snn32_seed7_forest_anomaly,measured,fresh_to_first_window,accept,accepted,anomaly_consumer,119,7.3612,10.50777,10.719616,10.834,119,Anomaly consumer including feature scaling and frozen-threshold decision.,per-observation exclusive interval; no sum-of-percentiles total
snn32_seed7_forest_anomaly,measured,fresh_to_first_window,accept,accepted,binary32_adapter,119,1.2928,1.83109,2.5698779999999983,2.9463,119,Canonical binary32 input adaptation before sender sealing.,per-observation exclusive interval; no sum-of-percentiles total
snn32_seed7_forest_anomaly,measured,fresh_to_first_window,accept,accepted,credential_verification,119,0.065,0.09498,0.104656,0.1964,119,Recorded independent credential-verification call(s).,per-observation exclusive interval; no sum-of-percentiles total
snn32_seed7_forest_anomaly,measured,fresh_to_first_window,accept,accepted,in_memory_audit_measured,119,0.2537,0.37472,0.45650799999999997,0.4758,119,"Recorded audit record/prepare/commit spans, exclusive of their children; not all audit-related overhead and not durable storage.",per-observation exclusive interval; no sum-of-percentiles total
snn32_seed7_forest_anomaly,measured,fresh_to_first_window,accept,accepted,local_admission_checks,119,0.0751,0.12027999999999998,0.1494339999999999,0.1729,119,"Measured local authorization/binding/consumption calls, excluding nested credential verification.",per-observation exclusive interval; no sum-of-percentiles total
snn32_seed7_forest_anomaly,measured,fresh_to_first_window,accept,accepted,model_input_preprocessing,119,4.0998,6.11049,6.510319999999999,6.7582,119,Shared model-input preparation; model-specific normalization remains in consumer timing.,per-observation exclusive interval; no sum-of-percentiles total
snn32_seed7_forest_anomaly,measured,fresh_to_first_window,accept,accepted,motion_consumer,119,13.4605,22.38732,23.494882,23.7244,119,Motion consumer including normalization/tensor preparation/prediction decoding.,per-observation exclusive interval; no sum-of-percentiles total
snn32_seed7_forest_anomaly,measured,fresh_to_first_window,accept,accepted,outer_orchestration_unisolated,119,0.1529,0.22749999999999995,0.2938019999999999,0.367,119,Direct root/first-post-window remainder outside named child spans.,per-observation exclusive interval; no sum-of-percentiles total
snn32_seed7_forest_anomaly,measured,fresh_to_first_window,accept,accepted,receiver_binding_sequence_state_unisolated,119,0.1168,0.17164,0.201638,0.2757,119,"Verifier remainder including binding, sequence checks, locks/state publication and observer work; NOT isolated sequence latency.",per-observation exclusive interval; no sum-of-percentiles total
snn32_seed7_forest_anomaly,measured,fresh_to_first_window,accept,accepted,receiver_parsing,119,1.9628,4.641639999999998,7.227819999999994,327.7989,119,Envelope and binary parser call.,per-observation exclusive interval; no sum-of-percentiles total
snn32_seed7_forest_anomaly,measured,fresh_to_first_window,accept,accepted,receiver_quality_check,119,5.0488,6.698809999999999,7.801377999999996,7.9864,119,Verifier quality-check call.,per-observation exclusive interval; no sum-of-percentiles total
snn32_seed7_forest_anomaly,measured,fresh_to_first_window,accept,accepted,receiver_window_hmac,119,0.0253,0.038669999999999996,0.05487799999999995,0.1071,119,"Recorded verifier window-tag calculation, not complete authentication.",per-observation exclusive interval; no sum-of-percentiles total
snn32_seed7_forest_anomaly,measured,fresh_to_first_window,accept,accepted,reconstruction,119,4.4983,6.12938,6.547619999999999,7.9534,119,Actual recorded BCH reconstruction; includes any observer/GC delay.,per-observation exclusive interval; no sum-of-percentiles total
snn32_seed7_forest_anomaly,measured,fresh_to_first_window,accept,accepted,release_conversion_unisolated,119,0.656,0.8856699999999998,0.9781619999999999,1.1189,119,Accepted release remainder including conversion/dispatch/observer work outside consumer children.,per-observation exclusive interval; no sum-of-percentiles total
snn32_seed7_forest_anomaly,measured,fresh_to_first_window,accept,accepted,sender_binding_unisolated,119,0.1574,0.23618999999999998,0.30823199999999973,0.356,119,Sender seal remainder: binding/state/orchestration/observer work not separately timed.,per-observation exclusive interval; no sum-of-percentiles total
snn32_seed7_forest_anomaly,measured,fresh_to_first_window,accept,accepted,sender_serialization_and_quality,119,5.6078,7.7927599999999995,9.448031999999994,12.9669,119,Sender serialization including its quality validation; not separately timed.,per-observation exclusive interval; no sum-of-percentiles total
snn32_seed7_forest_anomaly,measured,fresh_to_first_window,accept,accepted,sender_window_hmac,119,0.0273,0.04874,0.05322999999999999,0.066,119,Recorded window-tag generation call.,per-observation exclusive interval; no sum-of-percentiles total
snn32_seed7_forest_anomaly,measured,fresh_to_first_window,accept,accepted,session_establishment_unisolated,119,0.5242,0.75781,0.9374139999999989,2.1818,119,"Handshake/request/activation remainder, including unseparated HKDF/confirmation work and observer cost.",per-observation exclusive interval; no sum-of-percentiles total
snn32_seed7_forest_anomaly,measured,fresh_to_first_window,accept,accepted,simulated_response_read,119,0.177,0.32263,0.340196,0.3626,119,"Modeled response generation, not physical acquisition.",per-observation exclusive interval; no sum-of-percentiles total
snn32_seed7_forest_anomaly,measured,fresh_to_first_window,reject,failed_reconstruction,admission_orchestration_unisolated,1,0.039,0.039,0.039,0.039,1,Admission orchestration remainder not covered by named children.,per-observation exclusive interval; no sum-of-percentiles total
snn32_seed7_forest_anomaly,measured,fresh_to_first_window,reject,failed_reconstruction,anomaly_consumer,1,0.0,0.0,0.0,0.0,0,Anomaly consumer including feature scaling and frozen-threshold decision.,per-observation exclusive interval; no sum-of-percentiles total
snn32_seed7_forest_anomaly,measured,fresh_to_first_window,reject,failed_reconstruction,binary32_adapter,1,0.0,0.0,0.0,0.0,0,Canonical binary32 input adaptation before sender sealing.,per-observation exclusive interval; no sum-of-percentiles total
snn32_seed7_forest_anomaly,measured,fresh_to_first_window,reject,failed_reconstruction,credential_verification,1,0.0,0.0,0.0,0.0,0,Recorded independent credential-verification call(s).,per-observation exclusive interval; no sum-of-percentiles total
snn32_seed7_forest_anomaly,measured,fresh_to_first_window,reject,failed_reconstruction,in_memory_audit_measured,1,0.0591,0.0591,0.0591,0.0591,1,"Recorded audit record/prepare/commit spans, exclusive of their children; not all audit-related overhead and not durable storage.",per-observation exclusive interval; no sum-of-percentiles total
snn32_seed7_forest_anomaly,measured,fresh_to_first_window,reject,failed_reconstruction,local_admission_checks,1,0.0,0.0,0.0,0.0,0,"Measured local authorization/binding/consumption calls, excluding nested credential verification.",per-observation exclusive interval; no sum-of-percentiles total
snn32_seed7_forest_anomaly,measured,fresh_to_first_window,reject,failed_reconstruction,model_input_preprocessing,1,0.0,0.0,0.0,0.0,0,Shared model-input preparation; model-specific normalization remains in consumer timing.,per-observation exclusive interval; no sum-of-percentiles total
snn32_seed7_forest_anomaly,measured,fresh_to_first_window,reject,failed_reconstruction,motion_consumer,1,0.0,0.0,0.0,0.0,0,Motion consumer including normalization/tensor preparation/prediction decoding.,per-observation exclusive interval; no sum-of-percentiles total
snn32_seed7_forest_anomaly,measured,fresh_to_first_window,reject,failed_reconstruction,outer_orchestration_unisolated,1,0.0151,0.0151,0.0151,0.0151,1,Direct root/first-post-window remainder outside named child spans.,per-observation exclusive interval; no sum-of-percentiles total
snn32_seed7_forest_anomaly,measured,fresh_to_first_window,reject,failed_reconstruction,receiver_binding_sequence_state_unisolated,1,0.0,0.0,0.0,0.0,0,"Verifier remainder including binding, sequence checks, locks/state publication and observer work; NOT isolated sequence latency.",per-observation exclusive interval; no sum-of-percentiles total
snn32_seed7_forest_anomaly,measured,fresh_to_first_window,reject,failed_reconstruction,receiver_parsing,1,0.0,0.0,0.0,0.0,0,Envelope and binary parser call.,per-observation exclusive interval; no sum-of-percentiles total
snn32_seed7_forest_anomaly,measured,fresh_to_first_window,reject,failed_reconstruction,receiver_quality_check,1,0.0,0.0,0.0,0.0,0,Verifier quality-check call.,per-observation exclusive interval; no sum-of-percentiles total
snn32_seed7_forest_anomaly,measured,fresh_to_first_window,reject,failed_reconstruction,receiver_window_hmac,1,0.0,0.0,0.0,0.0,0,"Recorded verifier window-tag calculation, not complete authentication.",per-observation exclusive interval; no sum-of-percentiles total
snn32_seed7_forest_anomaly,measured,fresh_to_first_window,reject,failed_reconstruction,reconstruction,1,4.4762,4.4762,4.4762,4.4762,1,Actual recorded BCH reconstruction; includes any observer/GC delay.,per-observation exclusive interval; no sum-of-percentiles total
snn32_seed7_forest_anomaly,measured,fresh_to_first_window,reject,failed_reconstruction,release_conversion_unisolated,1,0.0,0.0,0.0,0.0,0,Accepted release remainder including conversion/dispatch/observer work outside consumer children.,per-observation exclusive interval; no sum-of-percentiles total
snn32_seed7_forest_anomaly,measured,fresh_to_first_window,reject,failed_reconstruction,sender_binding_unisolated,1,0.0,0.0,0.0,0.0,0,Sender seal remainder: binding/state/orchestration/observer work not separately timed.,per-observation exclusive interval; no sum-of-percentiles total
snn32_seed7_forest_anomaly,measured,fresh_to_first_window,reject,failed_reconstruction,sender_serialization_and_quality,1,0.0,0.0,0.0,0.0,0,Sender serialization including its quality validation; not separately timed.,per-observation exclusive interval; no sum-of-percentiles total
snn32_seed7_forest_anomaly,measured,fresh_to_first_window,reject,failed_reconstruction,sender_window_hmac,1,0.0,0.0,0.0,0.0,0,Recorded window-tag generation call.,per-observation exclusive interval; no sum-of-percentiles total
snn32_seed7_forest_anomaly,measured,fresh_to_first_window,reject,failed_reconstruction,session_establishment_unisolated,1,0.0916,0.0916,0.0916,0.0916,1,"Handshake/request/activation remainder, including unseparated HKDF/confirmation work and observer cost.",per-observation exclusive interval; no sum-of-percentiles total
snn32_seed7_forest_anomaly,measured,fresh_to_first_window,reject,failed_reconstruction,simulated_response_read,1,0.183,0.183,0.183,0.183,1,"Modeled response generation, not physical acquisition.",per-observation exclusive interval; no sum-of-percentiles total
snn32_seed7_forest_anomaly,measured,malformed_json_receiver,reject,malformed_message,admission_orchestration_unisolated,119,0.0,0.0,0.0,0.0,0,Admission orchestration remainder not covered by named children.,per-observation exclusive interval; no sum-of-percentiles total
snn32_seed7_forest_anomaly,measured,malformed_json_receiver,reject,malformed_message,anomaly_consumer,119,0.0,0.0,0.0,0.0,0,Anomaly consumer including feature scaling and frozen-threshold decision.,per-observation exclusive interval; no sum-of-percentiles total
snn32_seed7_forest_anomaly,measured,malformed_json_receiver,reject,malformed_message,binary32_adapter,119,0.0,0.0,0.0,0.0,0,Canonical binary32 input adaptation before sender sealing.,per-observation exclusive interval; no sum-of-percentiles total
snn32_seed7_forest_anomaly,measured,malformed_json_receiver,reject,malformed_message,credential_verification,119,0.0,0.0,0.0,0.0,0,Recorded independent credential-verification call(s).,per-observation exclusive interval; no sum-of-percentiles total
snn32_seed7_forest_anomaly,measured,malformed_json_receiver,reject,malformed_message,in_memory_audit_measured,119,0.0542,0.09318999999999995,0.11607599999999998,0.1289,119,"Recorded audit record/prepare/commit spans, exclusive of their children; not all audit-related overhead and not durable storage.",per-observation exclusive interval; no sum-of-percentiles total
snn32_seed7_forest_anomaly,measured,malformed_json_receiver,reject,malformed_message,local_admission_checks,119,0.0,0.0,0.0,0.0,0,"Measured local authorization/binding/consumption calls, excluding nested credential verification.",per-observation exclusive interval; no sum-of-percentiles total
snn32_seed7_forest_anomaly,measured,malformed_json_receiver,reject,malformed_message,model_input_preprocessing,119,0.0,0.0,0.0,0.0,0,Shared model-input preparation; model-specific normalization remains in consumer timing.,per-observation exclusive interval; no sum-of-percentiles total
snn32_seed7_forest_anomaly,measured,malformed_json_receiver,reject,malformed_message,motion_consumer,119,0.0,0.0,0.0,0.0,0,Motion consumer including normalization/tensor preparation/prediction decoding.,per-observation exclusive interval; no sum-of-percentiles total
snn32_seed7_forest_anomaly,measured,malformed_json_receiver,reject,malformed_message,outer_orchestration_unisolated,119,0.008,0.015229999999999999,0.019027999999999996,0.0205,119,Direct root/first-post-window remainder outside named child spans.,per-observation exclusive interval; no sum-of-percentiles total
snn32_seed7_forest_anomaly,measured,malformed_json_receiver,reject,malformed_message,receiver_binding_sequence_state_unisolated,119,0.0434,0.08892999999999998,0.13869999999999988,0.1567,119,"Verifier remainder including binding, sequence checks, locks/state publication and observer work; NOT isolated sequence latency.",per-observation exclusive interval; no sum-of-percentiles total
snn32_seed7_forest_anomaly,measured,malformed_json_receiver,reject,malformed_message,receiver_parsing,119,0.0342,0.054769999999999985,0.06305599999999999,0.0651,119,Envelope and binary parser call.,per-observation exclusive interval; no sum-of-percentiles total
snn32_seed7_forest_anomaly,measured,malformed_json_receiver,reject,malformed_message,receiver_quality_check,119,0.0,0.0,0.0,0.0,0,Verifier quality-check call.,per-observation exclusive interval; no sum-of-percentiles total
snn32_seed7_forest_anomaly,measured,malformed_json_receiver,reject,malformed_message,receiver_window_hmac,119,0.0,0.0,0.0,0.0,0,"Recorded verifier window-tag calculation, not complete authentication.",per-observation exclusive interval; no sum-of-percentiles total
snn32_seed7_forest_anomaly,measured,malformed_json_receiver,reject,malformed_message,reconstruction,119,0.0,0.0,0.0,0.0,0,Actual recorded BCH reconstruction; includes any observer/GC delay.,per-observation exclusive interval; no sum-of-percentiles total
snn32_seed7_forest_anomaly,measured,malformed_json_receiver,reject,malformed_message,release_conversion_unisolated,119,0.0,0.0,0.0,0.0,0,Accepted release remainder including conversion/dispatch/observer work outside consumer children.,per-observation exclusive interval; no sum-of-percentiles total
snn32_seed7_forest_anomaly,measured,malformed_json_receiver,reject,malformed_message,sender_binding_unisolated,119,0.0,0.0,0.0,0.0,0,Sender seal remainder: binding/state/orchestration/observer work not separately timed.,per-observation exclusive interval; no sum-of-percentiles total
snn32_seed7_forest_anomaly,measured,malformed_json_receiver,reject,malformed_message,sender_serialization_and_quality,119,0.0,0.0,0.0,0.0,0,Sender serialization including its quality validation; not separately timed.,per-observation exclusive interval; no sum-of-percentiles total
snn32_seed7_forest_anomaly,measured,malformed_json_receiver,reject,malformed_message,sender_window_hmac,119,0.0,0.0,0.0,0.0,0,Recorded window-tag generation call.,per-observation exclusive interval; no sum-of-percentiles total
snn32_seed7_forest_anomaly,measured,malformed_json_receiver,reject,malformed_message,session_establishment_unisolated,119,0.0,0.0,0.0,0.0,0,"Handshake/request/activation remainder, including unseparated HKDF/confirmation work and observer cost.",per-observation exclusive interval; no sum-of-percentiles total
snn32_seed7_forest_anomaly,measured,malformed_json_receiver,reject,malformed_message,simulated_response_read,119,0.0,0.0,0.0,0.0,0,"Modeled response generation, not physical acquisition.",per-observation exclusive interval; no sum-of-percentiles total
snn32_seed7_forest_anomaly,measured,post_window_after_refusals,accept,accepted,admission_orchestration_unisolated,119,0.0,0.0,0.0,0.0,0,Admission orchestration remainder not covered by named children.,per-observation exclusive interval; no sum-of-percentiles total
snn32_seed7_forest_anomaly,measured,post_window_after_refusals,accept,accepted,anomaly_consumer,119,5.9494,9.57231999999999,12.312381999999998,12.4641,119,Anomaly consumer including feature scaling and frozen-threshold decision.,per-observation exclusive interval; no sum-of-percentiles total
snn32_seed7_forest_anomaly,measured,post_window_after_refusals,accept,accepted,binary32_adapter,119,0.9174,1.76782,1.8464039999999997,1.9198,119,Canonical binary32 input adaptation before sender sealing.,per-observation exclusive interval; no sum-of-percentiles total
snn32_seed7_forest_anomaly,measured,post_window_after_refusals,accept,accepted,credential_verification,119,0.0,0.0,0.0,0.0,0,Recorded independent credential-verification call(s).,per-observation exclusive interval; no sum-of-percentiles total
snn32_seed7_forest_anomaly,measured,post_window_after_refusals,accept,accepted,in_memory_audit_measured,119,0.0867,0.16442999999999997,0.2321459999999998,0.3266,119,"Recorded audit record/prepare/commit spans, exclusive of their children; not all audit-related overhead and not durable storage.",per-observation exclusive interval; no sum-of-percentiles total
snn32_seed7_forest_anomaly,measured,post_window_after_refusals,accept,accepted,local_admission_checks,119,0.0,0.0,0.0,0.0,0,"Measured local authorization/binding/consumption calls, excluding nested credential verification.",per-observation exclusive interval; no sum-of-percentiles total
snn32_seed7_forest_anomaly,measured,post_window_after_refusals,accept,accepted,model_input_preprocessing,119,3.0347,5.963429999999997,6.818438,7.1571,119,Shared model-input preparation; model-specific normalization remains in consumer timing.,per-observation exclusive interval; no sum-of-percentiles total
snn32_seed7_forest_anomaly,measured,post_window_after_refusals,accept,accepted,motion_consumer,119,10.4394,22.19557,25.46789599999999,25.7879,119,Motion consumer including normalization/tensor preparation/prediction decoding.,per-observation exclusive interval; no sum-of-percentiles total
snn32_seed7_forest_anomaly,measured,post_window_after_refusals,accept,accepted,outer_orchestration_unisolated,119,0.0914,0.13114999999999988,0.23075999999999977,0.2706,119,Direct root/first-post-window remainder outside named child spans.,per-observation exclusive interval; no sum-of-percentiles total
snn32_seed7_forest_anomaly,measured,post_window_after_refusals,accept,accepted,receiver_binding_sequence_state_unisolated,119,0.0986,0.18455999999999997,0.2552839999999997,0.2663,119,"Verifier remainder including binding, sequence checks, locks/state publication and observer work; NOT isolated sequence latency.",per-observation exclusive interval; no sum-of-percentiles total
snn32_seed7_forest_anomaly,measured,post_window_after_refusals,accept,accepted,receiver_parsing,119,1.3996,3.99852,4.470927999999998,4.709,119,Envelope and binary parser call.,per-observation exclusive interval; no sum-of-percentiles total
snn32_seed7_forest_anomaly,measured,post_window_after_refusals,accept,accepted,receiver_quality_check,119,3.929,6.81753,7.198123999999999,7.2923,119,Verifier quality-check call.,per-observation exclusive interval; no sum-of-percentiles total
snn32_seed7_forest_anomaly,measured,post_window_after_refusals,accept,accepted,receiver_window_hmac,119,0.0208,0.04257999999999999,0.050747999999999995,0.0654,119,"Recorded verifier window-tag calculation, not complete authentication.",per-observation exclusive interval; no sum-of-percentiles total
snn32_seed7_forest_anomaly,measured,post_window_after_refusals,accept,accepted,reconstruction,119,0.0,0.0,0.0,0.0,0,Actual recorded BCH reconstruction; includes any observer/GC delay.,per-observation exclusive interval; no sum-of-percentiles total
snn32_seed7_forest_anomaly,measured,post_window_after_refusals,accept,accepted,release_conversion_unisolated,119,0.4814,0.85949,0.9716799999999998,1.0307,119,Accepted release remainder including conversion/dispatch/observer work outside consumer children.,per-observation exclusive interval; no sum-of-percentiles total
snn32_seed7_forest_anomaly,measured,post_window_after_refusals,accept,accepted,sender_binding_unisolated,119,0.1362,0.23756,0.3056759999999998,0.3566,119,Sender seal remainder: binding/state/orchestration/observer work not separately timed.,per-observation exclusive interval; no sum-of-percentiles total
snn32_seed7_forest_anomaly,measured,post_window_after_refusals,accept,accepted,sender_serialization_and_quality,119,4.3679,6.657189999999997,7.848463999999999,8.0345,119,Sender serialization including its quality validation; not separately timed.,per-observation exclusive interval; no sum-of-percentiles total
snn32_seed7_forest_anomaly,measured,post_window_after_refusals,accept,accepted,sender_window_hmac,119,0.0348,0.053779999999999974,0.07269399999999995,0.0742,119,Recorded window-tag generation call.,per-observation exclusive interval; no sum-of-percentiles total
snn32_seed7_forest_anomaly,measured,post_window_after_refusals,accept,accepted,session_establishment_unisolated,119,0.0,0.0,0.0,0.0,0,"Handshake/request/activation remainder, including unseparated HKDF/confirmation work and observer cost.",per-observation exclusive interval; no sum-of-percentiles total
snn32_seed7_forest_anomaly,measured,post_window_after_refusals,accept,accepted,simulated_response_read,119,0.0,0.0,0.0,0.0,0,"Modeled response generation, not physical acquisition.",per-observation exclusive interval; no sum-of-percentiles total
snn32_seed7_forest_anomaly,measured,post_window_recurring,accept,accepted,admission_orchestration_unisolated,119,0.0,0.0,0.0,0.0,0,Admission orchestration remainder not covered by named children.,per-observation exclusive interval; no sum-of-percentiles total
snn32_seed7_forest_anomaly,measured,post_window_recurring,accept,accepted,anomaly_consumer,119,7.2389,8.424329999999998,9.865649999999997,11.904,119,Anomaly consumer including feature scaling and frozen-threshold decision.,per-observation exclusive interval; no sum-of-percentiles total
snn32_seed7_forest_anomaly,measured,post_window_recurring,accept,accepted,binary32_adapter,119,1.2506,1.7221199999999999,1.801482,1.8723,119,Canonical binary32 input adaptation before sender sealing.,per-observation exclusive interval; no sum-of-percentiles total
snn32_seed7_forest_anomaly,measured,post_window_recurring,accept,accepted,credential_verification,119,0.0,0.0,0.0,0.0,0,Recorded independent credential-verification call(s).,per-observation exclusive interval; no sum-of-percentiles total
snn32_seed7_forest_anomaly,measured,post_window_recurring,accept,accepted,in_memory_audit_measured,119,0.1206,0.19124,0.23728799999999975,0.2655,119,"Recorded audit record/prepare/commit spans, exclusive of their children; not all audit-related overhead and not durable storage.",per-observation exclusive interval; no sum-of-percentiles total
snn32_seed7_forest_anomaly,measured,post_window_recurring,accept,accepted,local_admission_checks,119,0.0,0.0,0.0,0.0,0,"Measured local authorization/binding/consumption calls, excluding nested credential verification.",per-observation exclusive interval; no sum-of-percentiles total
snn32_seed7_forest_anomaly,measured,post_window_recurring,accept,accepted,model_input_preprocessing,119,4.0234,5.725309999999997,6.473166,6.491,119,Shared model-input preparation; model-specific normalization remains in consumer timing.,per-observation exclusive interval; no sum-of-percentiles total
snn32_seed7_forest_anomaly,measured,post_window_recurring,accept,accepted,motion_consumer,119,13.5443,17.09306,18.650234,18.8027,119,Motion consumer including normalization/tensor preparation/prediction decoding.,per-observation exclusive interval; no sum-of-percentiles total
snn32_seed7_forest_anomaly,measured,post_window_recurring,accept,accepted,outer_orchestration_unisolated,119,0.1215,0.18298999999999996,0.20241599999999996,0.2134,119,Direct root/first-post-window remainder outside named child spans.,per-observation exclusive interval; no sum-of-percentiles total
snn32_seed7_forest_anomaly,measured,post_window_recurring,accept,accepted,receiver_binding_sequence_state_unisolated,119,0.1172,0.16019999999999998,0.17794199999999993,0.2486,119,"Verifier remainder including binding, sequence checks, locks/state publication and observer work; NOT isolated sequence latency.",per-observation exclusive interval; no sum-of-percentiles total
snn32_seed7_forest_anomaly,measured,post_window_recurring,accept,accepted,receiver_parsing,119,1.8827,2.51503,2.63101,2.6598,119,Envelope and binary parser call.,per-observation exclusive interval; no sum-of-percentiles total
snn32_seed7_forest_anomaly,measured,post_window_recurring,accept,accepted,receiver_quality_check,119,5.0782,6.486829999999999,6.919163999999999,7.1479,119,Verifier quality-check call.,per-observation exclusive interval; no sum-of-percentiles total
snn32_seed7_forest_anomaly,measured,post_window_recurring,accept,accepted,receiver_window_hmac,119,0.0254,0.03545999999999999,0.04967399999999996,0.0607,119,"Recorded verifier window-tag calculation, not complete authentication.",per-observation exclusive interval; no sum-of-percentiles total
snn32_seed7_forest_anomaly,measured,post_window_recurring,accept,accepted,reconstruction,119,0.0,0.0,0.0,0.0,0,Actual recorded BCH reconstruction; includes any observer/GC delay.,per-observation exclusive interval; no sum-of-percentiles total
snn32_seed7_forest_anomaly,measured,post_window_recurring,accept,accepted,release_conversion_unisolated,119,0.652,0.8150099999999999,0.8665399999999998,1.0955,119,Accepted release remainder including conversion/dispatch/observer work outside consumer children.,per-observation exclusive interval; no sum-of-percentiles total
snn32_seed7_forest_anomaly,measured,post_window_recurring,accept,accepted,sender_binding_unisolated,119,0.1735,0.2643499999999999,0.30044399999999993,0.3137,119,Sender seal remainder: binding/state/orchestration/observer work not separately timed.,per-observation exclusive interval; no sum-of-percentiles total
snn32_seed7_forest_anomaly,measured,post_window_recurring,accept,accepted,sender_serialization_and_quality,119,5.6288,7.363849999999999,8.001928,8.2923,119,Sender serialization including its quality validation; not separately timed.,per-observation exclusive interval; no sum-of-percentiles total
snn32_seed7_forest_anomaly,measured,post_window_recurring,accept,accepted,sender_window_hmac,119,0.0375,0.05401,0.06482599999999994,0.0667,119,Recorded window-tag generation call.,per-observation exclusive interval; no sum-of-percentiles total
snn32_seed7_forest_anomaly,measured,post_window_recurring,accept,accepted,session_establishment_unisolated,119,0.0,0.0,0.0,0.0,0,"Handshake/request/activation remainder, including unseparated HKDF/confirmation work and observer cost.",per-observation exclusive interval; no sum-of-percentiles total
snn32_seed7_forest_anomaly,measured,post_window_recurring,accept,accepted,simulated_response_read,119,0.0,0.0,0.0,0.0,0,"Modeled response generation, not physical acquisition.",per-observation exclusive interval; no sum-of-percentiles total
snn32_seed7_forest_anomaly,measured,pre_tag_quality_refusal,reject,data_quality_failure,admission_orchestration_unisolated,119,0.0,0.0,0.0,0.0,0,Admission orchestration remainder not covered by named children.,per-observation exclusive interval; no sum-of-percentiles total
snn32_seed7_forest_anomaly,measured,pre_tag_quality_refusal,reject,data_quality_failure,anomaly_consumer,119,0.0,0.0,0.0,0.0,0,Anomaly consumer including feature scaling and frozen-threshold decision.,per-observation exclusive interval; no sum-of-percentiles total
snn32_seed7_forest_anomaly,measured,pre_tag_quality_refusal,reject,data_quality_failure,binary32_adapter,119,0.9327,1.73133,1.798948,1.8147,119,Canonical binary32 input adaptation before sender sealing.,per-observation exclusive interval; no sum-of-percentiles total
snn32_seed7_forest_anomaly,measured,pre_tag_quality_refusal,reject,data_quality_failure,credential_verification,119,0.0,0.0,0.0,0.0,0,Recorded independent credential-verification call(s).,per-observation exclusive interval; no sum-of-percentiles total
snn32_seed7_forest_anomaly,measured,pre_tag_quality_refusal,reject,data_quality_failure,in_memory_audit_measured,119,0.0495,0.08734999999999998,0.09532599999999997,0.1252,119,"Recorded audit record/prepare/commit spans, exclusive of their children; not all audit-related overhead and not durable storage.",per-observation exclusive interval; no sum-of-percentiles total
snn32_seed7_forest_anomaly,measured,pre_tag_quality_refusal,reject,data_quality_failure,local_admission_checks,119,0.0,0.0,0.0,0.0,0,"Measured local authorization/binding/consumption calls, excluding nested credential verification.",per-observation exclusive interval; no sum-of-percentiles total
snn32_seed7_forest_anomaly,measured,pre_tag_quality_refusal,reject,data_quality_failure,model_input_preprocessing,119,0.0,0.0,0.0,0.0,0,Shared model-input preparation; model-specific normalization remains in consumer timing.,per-observation exclusive interval; no sum-of-percentiles total
snn32_seed7_forest_anomaly,measured,pre_tag_quality_refusal,reject,data_quality_failure,motion_consumer,119,0.0,0.0,0.0,0.0,0,Motion consumer including normalization/tensor preparation/prediction decoding.,per-observation exclusive interval; no sum-of-percentiles total
snn32_seed7_forest_anomaly,measured,pre_tag_quality_refusal,reject,data_quality_failure,outer_orchestration_unisolated,119,0.0433,0.08582999999999999,0.11268599999999995,0.1221,119,Direct root/first-post-window remainder outside named child spans.,per-observation exclusive interval; no sum-of-percentiles total
snn32_seed7_forest_anomaly,measured,pre_tag_quality_refusal,reject,data_quality_failure,receiver_binding_sequence_state_unisolated,119,0.0,0.0,0.0,0.0,0,"Verifier remainder including binding, sequence checks, locks/state publication and observer work; NOT isolated sequence latency.",per-observation exclusive interval; no sum-of-percentiles total
snn32_seed7_forest_anomaly,measured,pre_tag_quality_refusal,reject,data_quality_failure,receiver_parsing,119,0.0,0.0,0.0,0.0,0,Envelope and binary parser call.,per-observation exclusive interval; no sum-of-percentiles total
snn32_seed7_forest_anomaly,measured,pre_tag_quality_refusal,reject,data_quality_failure,receiver_quality_check,119,0.0,0.0,0.0,0.0,0,Verifier quality-check call.,per-observation exclusive interval; no sum-of-percentiles total
snn32_seed7_forest_anomaly,measured,pre_tag_quality_refusal,reject,data_quality_failure,receiver_window_hmac,119,0.0,0.0,0.0,0.0,0,"Recorded verifier window-tag calculation, not complete authentication.",per-observation exclusive interval; no sum-of-percentiles total
snn32_seed7_forest_anomaly,measured,pre_tag_quality_refusal,reject,data_quality_failure,reconstruction,119,0.0,0.0,0.0,0.0,0,Actual recorded BCH reconstruction; includes any observer/GC delay.,per-observation exclusive interval; no sum-of-percentiles total
snn32_seed7_forest_anomaly,measured,pre_tag_quality_refusal,reject,data_quality_failure,release_conversion_unisolated,119,0.0,0.0,0.0,0.0,0,Accepted release remainder including conversion/dispatch/observer work outside consumer children.,per-observation exclusive interval; no sum-of-percentiles total
snn32_seed7_forest_anomaly,measured,pre_tag_quality_refusal,reject,data_quality_failure,sender_binding_unisolated,119,0.0694,0.12650999999999998,0.17806399999999983,0.1832,119,Sender seal remainder: binding/state/orchestration/observer work not separately timed.,per-observation exclusive interval; no sum-of-percentiles total
snn32_seed7_forest_anomaly,measured,pre_tag_quality_refusal,reject,data_quality_failure,sender_serialization_and_quality,119,0.4235,0.7612899999999999,0.8688459999999995,0.8927,119,Sender serialization including its quality validation; not separately timed.,per-observation exclusive interval; no sum-of-percentiles total
snn32_seed7_forest_anomaly,measured,pre_tag_quality_refusal,reject,data_quality_failure,sender_window_hmac,119,0.0,0.0,0.0,0.0,0,Recorded window-tag generation call.,per-observation exclusive interval; no sum-of-percentiles total
snn32_seed7_forest_anomaly,measured,pre_tag_quality_refusal,reject,data_quality_failure,session_establishment_unisolated,119,0.0,0.0,0.0,0.0,0,"Handshake/request/activation remainder, including unseparated HKDF/confirmation work and observer cost.",per-observation exclusive interval; no sum-of-percentiles total
snn32_seed7_forest_anomaly,measured,pre_tag_quality_refusal,reject,data_quality_failure,simulated_response_read,119,0.0,0.0,0.0,0.0,0,"Modeled response generation, not physical acquisition.",per-observation exclusive interval; no sum-of-percentiles total
snn32_seed7_forest_anomaly,measured,valid_receiver_after_bad_tag,accept,accepted,admission_orchestration_unisolated,119,0.0,0.0,0.0,0.0,0,Admission orchestration remainder not covered by named children.,per-observation exclusive interval; no sum-of-percentiles total
snn32_seed7_forest_anomaly,measured,valid_receiver_after_bad_tag,accept,accepted,anomaly_consumer,119,6.0319,9.386629999999998,11.052877999999998,11.1407,119,Anomaly consumer including feature scaling and frozen-threshold decision.,per-observation exclusive interval; no sum-of-percentiles total
snn32_seed7_forest_anomaly,measured,valid_receiver_after_bad_tag,accept,accepted,binary32_adapter,119,0.0,0.0,0.0,0.0,0,Canonical binary32 input adaptation before sender sealing.,per-observation exclusive interval; no sum-of-percentiles total
snn32_seed7_forest_anomaly,measured,valid_receiver_after_bad_tag,accept,accepted,credential_verification,119,0.0,0.0,0.0,0.0,0,Recorded independent credential-verification call(s).,per-observation exclusive interval; no sum-of-percentiles total
snn32_seed7_forest_anomaly,measured,valid_receiver_after_bad_tag,accept,accepted,in_memory_audit_measured,119,0.0508,0.07015,0.10546799999999985,0.1195,119,"Recorded audit record/prepare/commit spans, exclusive of their children; not all audit-related overhead and not durable storage.",per-observation exclusive interval; no sum-of-percentiles total
snn32_seed7_forest_anomaly,measured,valid_receiver_after_bad_tag,accept,accepted,local_admission_checks,119,0.0,0.0,0.0,0.0,0,"Measured local authorization/binding/consumption calls, excluding nested credential verification.",per-observation exclusive interval; no sum-of-percentiles total
snn32_seed7_forest_anomaly,measured,valid_receiver_after_bad_tag,accept,accepted,model_input_preprocessing,119,3.3378,4.536499999999999,6.759245999999999,8.2656,119,Shared model-input preparation; model-specific normalization remains in consumer timing.,per-observation exclusive interval; no sum-of-percentiles total
snn32_seed7_forest_anomaly,measured,valid_receiver_after_bad_tag,accept,accepted,motion_consumer,119,11.0358,13.826409999999996,20.110482,25.1634,119,Motion consumer including normalization/tensor preparation/prediction decoding.,per-observation exclusive interval; no sum-of-percentiles total
snn32_seed7_forest_anomaly,measured,valid_receiver_after_bad_tag,accept,accepted,outer_orchestration_unisolated,119,0.0247,0.037,0.05603999999999988,0.0719,119,Direct root/first-post-window remainder outside named child spans.,per-observation exclusive interval; no sum-of-percentiles total
snn32_seed7_forest_anomaly,measured,valid_receiver_after_bad_tag,accept,accepted,receiver_binding_sequence_state_unisolated,119,0.1086,0.15481,0.19658799999999976,0.2078,119,"Verifier remainder including binding, sequence checks, locks/state publication and observer work; NOT isolated sequence latency.",per-observation exclusive interval; no sum-of-percentiles total
snn32_seed7_forest_anomaly,measured,valid_receiver_after_bad_tag,accept,accepted,receiver_parsing,119,1.5492,1.73843,2.0793219999999994,2.835,119,Envelope and binary parser call.,per-observation exclusive interval; no sum-of-percentiles total
snn32_seed7_forest_anomaly,measured,valid_receiver_after_bad_tag,accept,accepted,receiver_quality_check,119,4.7351,5.37024,6.599355999999994,6.9301,119,Verifier quality-check call.,per-observation exclusive interval; no sum-of-percentiles total
snn32_seed7_forest_anomaly,measured,valid_receiver_after_bad_tag,accept,accepted,receiver_window_hmac,119,0.0214,0.03379999999999998,0.044829999999999995,0.0454,119,"Recorded verifier window-tag calculation, not complete authentication.",per-observation exclusive interval; no sum-of-percentiles total
snn32_seed7_forest_anomaly,measured,valid_receiver_after_bad_tag,accept,accepted,reconstruction,119,0.0,0.0,0.0,0.0,0,Actual recorded BCH reconstruction; includes any observer/GC delay.,per-observation exclusive interval; no sum-of-percentiles total
snn32_seed7_forest_anomaly,measured,valid_receiver_after_bad_tag,accept,accepted,release_conversion_unisolated,119,0.5511,0.7055899999999996,0.9158299999999999,0.926,119,Accepted release remainder including conversion/dispatch/observer work outside consumer children.,per-observation exclusive interval; no sum-of-percentiles total
snn32_seed7_forest_anomaly,measured,valid_receiver_after_bad_tag,accept,accepted,sender_binding_unisolated,119,0.0,0.0,0.0,0.0,0,Sender seal remainder: binding/state/orchestration/observer work not separately timed.,per-observation exclusive interval; no sum-of-percentiles total
snn32_seed7_forest_anomaly,measured,valid_receiver_after_bad_tag,accept,accepted,sender_serialization_and_quality,119,0.0,0.0,0.0,0.0,0,Sender serialization including its quality validation; not separately timed.,per-observation exclusive interval; no sum-of-percentiles total
snn32_seed7_forest_anomaly,measured,valid_receiver_after_bad_tag,accept,accepted,sender_window_hmac,119,0.0,0.0,0.0,0.0,0,Recorded window-tag generation call.,per-observation exclusive interval; no sum-of-percentiles total
snn32_seed7_forest_anomaly,measured,valid_receiver_after_bad_tag,accept,accepted,session_establishment_unisolated,119,0.0,0.0,0.0,0.0,0,"Handshake/request/activation remainder, including unseparated HKDF/confirmation work and observer cost.",per-observation exclusive interval; no sum-of-percentiles total
snn32_seed7_forest_anomaly,measured,valid_receiver_after_bad_tag,accept,accepted,simulated_response_read,119,0.0,0.0,0.0,0.0,0,"Modeled response generation, not physical acquisition.",per-observation exclusive interval; no sum-of-percentiles total
snn32_seed7_forest_anomaly,warmup,bad_tag_receiver,reject,invalid_tag,admission_orchestration_unisolated,29,0.0,0.0,0.0,0.0,0,Admission orchestration remainder not covered by named children.,per-observation exclusive interval; no sum-of-percentiles total
snn32_seed7_forest_anomaly,warmup,bad_tag_receiver,reject,invalid_tag,anomaly_consumer,29,0.0,0.0,0.0,0.0,0,Anomaly consumer including feature scaling and frozen-threshold decision.,per-observation exclusive interval; no sum-of-percentiles total
snn32_seed7_forest_anomaly,warmup,bad_tag_receiver,reject,invalid_tag,binary32_adapter,29,0.0,0.0,0.0,0.0,0,Canonical binary32 input adaptation before sender sealing.,per-observation exclusive interval; no sum-of-percentiles total
snn32_seed7_forest_anomaly,warmup,bad_tag_receiver,reject,invalid_tag,credential_verification,29,0.0,0.0,0.0,0.0,0,Recorded independent credential-verification call(s).,per-observation exclusive interval; no sum-of-percentiles total
snn32_seed7_forest_anomaly,warmup,bad_tag_receiver,reject,invalid_tag,in_memory_audit_measured,29,0.0392,0.06051999999999999,0.07292799999999998,0.0771,29,"Recorded audit record/prepare/commit spans, exclusive of their children; not all audit-related overhead and not durable storage.",per-observation exclusive interval; no sum-of-percentiles total
snn32_seed7_forest_anomaly,warmup,bad_tag_receiver,reject,invalid_tag,local_admission_checks,29,0.0,0.0,0.0,0.0,0,"Measured local authorization/binding/consumption calls, excluding nested credential verification.",per-observation exclusive interval; no sum-of-percentiles total
snn32_seed7_forest_anomaly,warmup,bad_tag_receiver,reject,invalid_tag,model_input_preprocessing,29,0.0,0.0,0.0,0.0,0,Shared model-input preparation; model-specific normalization remains in consumer timing.,per-observation exclusive interval; no sum-of-percentiles total
snn32_seed7_forest_anomaly,warmup,bad_tag_receiver,reject,invalid_tag,motion_consumer,29,0.0,0.0,0.0,0.0,0,Motion consumer including normalization/tensor preparation/prediction decoding.,per-observation exclusive interval; no sum-of-percentiles total
snn32_seed7_forest_anomaly,warmup,bad_tag_receiver,reject,invalid_tag,outer_orchestration_unisolated,29,0.0138,0.017999999999999995,0.019264,0.0196,29,Direct root/first-post-window remainder outside named child spans.,per-observation exclusive interval; no sum-of-percentiles total
snn32_seed7_forest_anomaly,warmup,bad_tag_receiver,reject,invalid_tag,receiver_binding_sequence_state_unisolated,29,0.1072,0.2349799999999997,0.296988,0.2978,29,"Verifier remainder including binding, sequence checks, locks/state publication and observer work; NOT isolated sequence latency.",per-observation exclusive interval; no sum-of-percentiles total
snn32_seed7_forest_anomaly,warmup,bad_tag_receiver,reject,invalid_tag,receiver_parsing,29,1.5303,1.74028,2.1545759999999996,2.3116,29,Envelope and binary parser call.,per-observation exclusive interval; no sum-of-percentiles total
snn32_seed7_forest_anomaly,warmup,bad_tag_receiver,reject,invalid_tag,receiver_quality_check,29,0.0,0.0,0.0,0.0,0,Verifier quality-check call.,per-observation exclusive interval; no sum-of-percentiles total
snn32_seed7_forest_anomaly,warmup,bad_tag_receiver,reject,invalid_tag,receiver_window_hmac,29,0.0236,0.03217999999999999,0.037883999999999994,0.0399,29,"Recorded verifier window-tag calculation, not complete authentication.",per-observation exclusive interval; no sum-of-percentiles total
snn32_seed7_forest_anomaly,warmup,bad_tag_receiver,reject,invalid_tag,reconstruction,29,0.0,0.0,0.0,0.0,0,Actual recorded BCH reconstruction; includes any observer/GC delay.,per-observation exclusive interval; no sum-of-percentiles total
snn32_seed7_forest_anomaly,warmup,bad_tag_receiver,reject,invalid_tag,release_conversion_unisolated,29,0.0,0.0,0.0,0.0,0,Accepted release remainder including conversion/dispatch/observer work outside consumer children.,per-observation exclusive interval; no sum-of-percentiles total
snn32_seed7_forest_anomaly,warmup,bad_tag_receiver,reject,invalid_tag,sender_binding_unisolated,29,0.0,0.0,0.0,0.0,0,Sender seal remainder: binding/state/orchestration/observer work not separately timed.,per-observation exclusive interval; no sum-of-percentiles total
snn32_seed7_forest_anomaly,warmup,bad_tag_receiver,reject,invalid_tag,sender_serialization_and_quality,29,0.0,0.0,0.0,0.0,0,Sender serialization including its quality validation; not separately timed.,per-observation exclusive interval; no sum-of-percentiles total
snn32_seed7_forest_anomaly,warmup,bad_tag_receiver,reject,invalid_tag,sender_window_hmac,29,0.0,0.0,0.0,0.0,0,Recorded window-tag generation call.,per-observation exclusive interval; no sum-of-percentiles total
snn32_seed7_forest_anomaly,warmup,bad_tag_receiver,reject,invalid_tag,session_establishment_unisolated,29,0.0,0.0,0.0,0.0,0,"Handshake/request/activation remainder, including unseparated HKDF/confirmation work and observer cost.",per-observation exclusive interval; no sum-of-percentiles total
snn32_seed7_forest_anomaly,warmup,bad_tag_receiver,reject,invalid_tag,simulated_response_read,29,0.0,0.0,0.0,0.0,0,"Modeled response generation, not physical acquisition.",per-observation exclusive interval; no sum-of-percentiles total
snn32_seed7_forest_anomaly,warmup,exact_replay_receiver,reject,duplicate_sequence,admission_orchestration_unisolated,29,0.0,0.0,0.0,0.0,0,Admission orchestration remainder not covered by named children.,per-observation exclusive interval; no sum-of-percentiles total
snn32_seed7_forest_anomaly,warmup,exact_replay_receiver,reject,duplicate_sequence,anomaly_consumer,29,0.0,0.0,0.0,0.0,0,Anomaly consumer including feature scaling and frozen-threshold decision.,per-observation exclusive interval; no sum-of-percentiles total
snn32_seed7_forest_anomaly,warmup,exact_replay_receiver,reject,duplicate_sequence,binary32_adapter,29,0.0,0.0,0.0,0.0,0,Canonical binary32 input adaptation before sender sealing.,per-observation exclusive interval; no sum-of-percentiles total
snn32_seed7_forest_anomaly,warmup,exact_replay_receiver,reject,duplicate_sequence,credential_verification,29,0.0,0.0,0.0,0.0,0,Recorded independent credential-verification call(s).,per-observation exclusive interval; no sum-of-percentiles total
snn32_seed7_forest_anomaly,warmup,exact_replay_receiver,reject,duplicate_sequence,in_memory_audit_measured,29,0.0615,0.10687999999999993,0.5273839999999993,0.6855,29,"Recorded audit record/prepare/commit spans, exclusive of their children; not all audit-related overhead and not durable storage.",per-observation exclusive interval; no sum-of-percentiles total
snn32_seed7_forest_anomaly,warmup,exact_replay_receiver,reject,duplicate_sequence,local_admission_checks,29,0.0,0.0,0.0,0.0,0,"Measured local authorization/binding/consumption calls, excluding nested credential verification.",per-observation exclusive interval; no sum-of-percentiles total
snn32_seed7_forest_anomaly,warmup,exact_replay_receiver,reject,duplicate_sequence,model_input_preprocessing,29,0.0,0.0,0.0,0.0,0,Shared model-input preparation; model-specific normalization remains in consumer timing.,per-observation exclusive interval; no sum-of-percentiles total
snn32_seed7_forest_anomaly,warmup,exact_replay_receiver,reject,duplicate_sequence,motion_consumer,29,0.0,0.0,0.0,0.0,0,Motion consumer including normalization/tensor preparation/prediction decoding.,per-observation exclusive interval; no sum-of-percentiles total
snn32_seed7_forest_anomaly,warmup,exact_replay_receiver,reject,duplicate_sequence,outer_orchestration_unisolated,29,0.0129,0.025199999999999997,0.027111999999999997,0.0277,29,Direct root/first-post-window remainder outside named child spans.,per-observation exclusive interval; no sum-of-percentiles total
snn32_seed7_forest_anomaly,warmup,exact_replay_receiver,reject,duplicate_sequence,receiver_binding_sequence_state_unisolated,29,0.1344,0.22162,0.23598799999999998,0.241,29,"Verifier remainder including binding, sequence checks, locks/state publication and observer work; NOT isolated sequence latency.",per-observation exclusive interval; no sum-of-percentiles total
snn32_seed7_forest_anomaly,warmup,exact_replay_receiver,reject,duplicate_sequence,receiver_parsing,29,1.5082,2.3100999999999994,2.430444,2.4417,29,Envelope and binary parser call.,per-observation exclusive interval; no sum-of-percentiles total
snn32_seed7_forest_anomaly,warmup,exact_replay_receiver,reject,duplicate_sequence,receiver_quality_check,29,3.9822,6.40524,6.618176,6.6912,29,Verifier quality-check call.,per-observation exclusive interval; no sum-of-percentiles total
snn32_seed7_forest_anomaly,warmup,exact_replay_receiver,reject,duplicate_sequence,receiver_window_hmac,29,0.0278,0.042679999999999996,0.4084399999999994,0.5504,29,"Recorded verifier window-tag calculation, not complete authentication.",per-observation exclusive interval; no sum-of-percentiles total
snn32_seed7_forest_anomaly,warmup,exact_replay_receiver,reject,duplicate_sequence,reconstruction,29,0.0,0.0,0.0,0.0,0,Actual recorded BCH reconstruction; includes any observer/GC delay.,per-observation exclusive interval; no sum-of-percentiles total
snn32_seed7_forest_anomaly,warmup,exact_replay_receiver,reject,duplicate_sequence,release_conversion_unisolated,29,0.0,0.0,0.0,0.0,0,Accepted release remainder including conversion/dispatch/observer work outside consumer children.,per-observation exclusive interval; no sum-of-percentiles total
snn32_seed7_forest_anomaly,warmup,exact_replay_receiver,reject,duplicate_sequence,sender_binding_unisolated,29,0.0,0.0,0.0,0.0,0,Sender seal remainder: binding/state/orchestration/observer work not separately timed.,per-observation exclusive interval; no sum-of-percentiles total
snn32_seed7_forest_anomaly,warmup,exact_replay_receiver,reject,duplicate_sequence,sender_serialization_and_quality,29,0.0,0.0,0.0,0.0,0,Sender serialization including its quality validation; not separately timed.,per-observation exclusive interval; no sum-of-percentiles total
snn32_seed7_forest_anomaly,warmup,exact_replay_receiver,reject,duplicate_sequence,sender_window_hmac,29,0.0,0.0,0.0,0.0,0,Recorded window-tag generation call.,per-observation exclusive interval; no sum-of-percentiles total
snn32_seed7_forest_anomaly,warmup,exact_replay_receiver,reject,duplicate_sequence,session_establishment_unisolated,29,0.0,0.0,0.0,0.0,0,"Handshake/request/activation remainder, including unseparated HKDF/confirmation work and observer cost.",per-observation exclusive interval; no sum-of-percentiles total
snn32_seed7_forest_anomaly,warmup,exact_replay_receiver,reject,duplicate_sequence,simulated_response_read,29,0.0,0.0,0.0,0.0,0,"Modeled response generation, not physical acquisition.",per-observation exclusive interval; no sum-of-percentiles total
snn32_seed7_forest_anomaly,warmup,fresh_to_first_window,accept,accepted,admission_orchestration_unisolated,29,0.0585,0.0696,0.071136,0.0715,29,Admission orchestration remainder not covered by named children.,per-observation exclusive interval; no sum-of-percentiles total
snn32_seed7_forest_anomaly,warmup,fresh_to_first_window,accept,accepted,anomaly_consumer,29,7.3749,8.04504,8.191376,8.2399,29,Anomaly consumer including feature scaling and frozen-threshold decision.,per-observation exclusive interval; no sum-of-percentiles total
snn32_seed7_forest_anomaly,warmup,fresh_to_first_window,accept,accepted,binary32_adapter,29,1.2253,1.4288,1.5952079999999997,1.6593,29,Canonical binary32 input adaptation before sender sealing.,per-observation exclusive interval; no sum-of-percentiles total
snn32_seed7_forest_anomaly,warmup,fresh_to_first_window,accept,accepted,credential_verification,29,0.0608,0.07152,0.11554399999999994,0.1324,29,Recorded independent credential-verification call(s).,per-observation exclusive interval; no sum-of-percentiles total
snn32_seed7_forest_anomaly,warmup,fresh_to_first_window,accept,accepted,in_memory_audit_measured,29,0.2485,0.2976599999999999,0.37181199999999986,0.3962,29,"Recorded audit record/prepare/commit spans, exclusive of their children; not all audit-related overhead and not durable storage.",per-observation exclusive interval; no sum-of-percentiles total
snn32_seed7_forest_anomaly,warmup,fresh_to_first_window,accept,accepted,local_admission_checks,29,0.0696,0.08962,0.12447599999999995,0.138,29,"Measured local authorization/binding/consumption calls, excluding nested credential verification.",per-observation exclusive interval; no sum-of-percentiles total
snn32_seed7_forest_anomaly,warmup,fresh_to_first_window,accept,accepted,model_input_preprocessing,29,4.1505,4.67678,5.009068,5.1111,29,Shared model-input preparation; model-specific normalization remains in consumer timing.,per-observation exclusive interval; no sum-of-percentiles total
snn32_seed7_forest_anomaly,warmup,fresh_to_first_window,accept,accepted,motion_consumer,29,13.647,14.63616,15.727783999999998,16.1204,29,Motion consumer including normalization/tensor preparation/prediction decoding.,per-observation exclusive interval; no sum-of-percentiles total
snn32_seed7_forest_anomaly,warmup,fresh_to_first_window,accept,accepted,outer_orchestration_unisolated,29,0.1373,0.17056,0.18164,0.185,29,Direct root/first-post-window remainder outside named child spans.,per-observation exclusive interval; no sum-of-percentiles total
snn32_seed7_forest_anomaly,warmup,fresh_to_first_window,accept,accepted,receiver_binding_sequence_state_unisolated,29,0.1156,0.1397,0.143356,0.1447,29,"Verifier remainder including binding, sequence checks, locks/state publication and observer work; NOT isolated sequence latency.",per-observation exclusive interval; no sum-of-percentiles total
snn32_seed7_forest_anomaly,warmup,fresh_to_first_window,accept,accepted,receiver_parsing,29,1.853,2.3626199999999997,2.510812,2.5359,29,Envelope and binary parser call.,per-observation exclusive interval; no sum-of-percentiles total
snn32_seed7_forest_anomaly,warmup,fresh_to_first_window,accept,accepted,receiver_quality_check,29,5.0217,5.71756,5.913048,5.9553,29,Verifier quality-check call.,per-observation exclusive interval; no sum-of-percentiles total
snn32_seed7_forest_anomaly,warmup,fresh_to_first_window,accept,accepted,receiver_window_hmac,29,0.0248,0.03298,0.034684,0.0353,29,"Recorded verifier window-tag calculation, not complete authentication.",per-observation exclusive interval; no sum-of-percentiles total
snn32_seed7_forest_anomaly,warmup,fresh_to_first_window,accept,accepted,reconstruction,29,5.5009,6.4153,7.539131999999998,7.9467,29,Actual recorded BCH reconstruction; includes any observer/GC delay.,per-observation exclusive interval; no sum-of-percentiles total
snn32_seed7_forest_anomaly,warmup,fresh_to_first_window,accept,accepted,release_conversion_unisolated,29,0.6185,0.7035799999999999,0.716756,0.7174,29,Accepted release remainder including conversion/dispatch/observer work outside consumer children.,per-observation exclusive interval; no sum-of-percentiles total
snn32_seed7_forest_anomaly,warmup,fresh_to_first_window,accept,accepted,sender_binding_unisolated,29,0.1565,0.18054,0.20258799999999996,0.2111,29,Sender seal remainder: binding/state/orchestration/observer work not separately timed.,per-observation exclusive interval; no sum-of-percentiles total
snn32_seed7_forest_anomaly,warmup,fresh_to_first_window,accept,accepted,sender_serialization_and_quality,29,5.6246,6.14266,6.272116,6.2995,29,Sender serialization including its quality validation; not separately timed.,per-observation exclusive interval; no sum-of-percentiles total
snn32_seed7_forest_anomaly,warmup,fresh_to_first_window,accept,accepted,sender_window_hmac,29,0.028,0.03532,0.036464,0.0368,29,Recorded window-tag generation call.,per-observation exclusive interval; no sum-of-percentiles total
snn32_seed7_forest_anomaly,warmup,fresh_to_first_window,accept,accepted,session_establishment_unisolated,29,0.496,0.7129799999999996,0.789564,0.7941,29,"Handshake/request/activation remainder, including unseparated HKDF/confirmation work and observer cost.",per-observation exclusive interval; no sum-of-percentiles total
snn32_seed7_forest_anomaly,warmup,fresh_to_first_window,accept,accepted,simulated_response_read,29,0.1792,0.2788399999999999,0.3068159999999999,0.3153,29,"Modeled response generation, not physical acquisition.",per-observation exclusive interval; no sum-of-percentiles total
snn32_seed7_forest_anomaly,warmup,malformed_json_receiver,reject,malformed_message,admission_orchestration_unisolated,29,0.0,0.0,0.0,0.0,0,Admission orchestration remainder not covered by named children.,per-observation exclusive interval; no sum-of-percentiles total
snn32_seed7_forest_anomaly,warmup,malformed_json_receiver,reject,malformed_message,anomaly_consumer,29,0.0,0.0,0.0,0.0,0,Anomaly consumer including feature scaling and frozen-threshold decision.,per-observation exclusive interval; no sum-of-percentiles total
snn32_seed7_forest_anomaly,warmup,malformed_json_receiver,reject,malformed_message,binary32_adapter,29,0.0,0.0,0.0,0.0,0,Canonical binary32 input adaptation before sender sealing.,per-observation exclusive interval; no sum-of-percentiles total
snn32_seed7_forest_anomaly,warmup,malformed_json_receiver,reject,malformed_message,credential_verification,29,0.0,0.0,0.0,0.0,0,Recorded independent credential-verification call(s).,per-observation exclusive interval; no sum-of-percentiles total
snn32_seed7_forest_anomaly,warmup,malformed_json_receiver,reject,malformed_message,in_memory_audit_measured,29,0.0538,0.08939999999999998,0.095736,0.0968,29,"Recorded audit record/prepare/commit spans, exclusive of their children; not all audit-related overhead and not durable storage.",per-observation exclusive interval; no sum-of-percentiles total
snn32_seed7_forest_anomaly,warmup,malformed_json_receiver,reject,malformed_message,local_admission_checks,29,0.0,0.0,0.0,0.0,0,"Measured local authorization/binding/consumption calls, excluding nested credential verification.",per-observation exclusive interval; no sum-of-percentiles total
snn32_seed7_forest_anomaly,warmup,malformed_json_receiver,reject,malformed_message,model_input_preprocessing,29,0.0,0.0,0.0,0.0,0,Shared model-input preparation; model-specific normalization remains in consumer timing.,per-observation exclusive interval; no sum-of-percentiles total
snn32_seed7_forest_anomaly,warmup,malformed_json_receiver,reject,malformed_message,motion_consumer,29,0.0,0.0,0.0,0.0,0,Motion consumer including normalization/tensor preparation/prediction decoding.,per-observation exclusive interval; no sum-of-percentiles total
snn32_seed7_forest_anomaly,warmup,malformed_json_receiver,reject,malformed_message,outer_orchestration_unisolated,29,0.0078,0.014219999999999998,0.018947999999999993,0.0206,29,Direct root/first-post-window remainder outside named child spans.,per-observation exclusive interval; no sum-of-percentiles total
snn32_seed7_forest_anomaly,warmup,malformed_json_receiver,reject,malformed_message,receiver_binding_sequence_state_unisolated,29,0.0428,0.07497999999999999,0.079204,0.0801,29,"Verifier remainder including binding, sequence checks, locks/state publication and observer work; NOT isolated sequence latency.",per-observation exclusive interval; no sum-of-percentiles total
snn32_seed7_forest_anomaly,warmup,malformed_json_receiver,reject,malformed_message,receiver_parsing,29,0.0349,0.05583999999999999,0.059016,0.0591,29,Envelope and binary parser call.,per-observation exclusive interval; no sum-of-percentiles total
snn32_seed7_forest_anomaly,warmup,malformed_json_receiver,reject,malformed_message,receiver_quality_check,29,0.0,0.0,0.0,0.0,0,Verifier quality-check call.,per-observation exclusive interval; no sum-of-percentiles total
snn32_seed7_forest_anomaly,warmup,malformed_json_receiver,reject,malformed_message,receiver_window_hmac,29,0.0,0.0,0.0,0.0,0,"Recorded verifier window-tag calculation, not complete authentication.",per-observation exclusive interval; no sum-of-percentiles total
snn32_seed7_forest_anomaly,warmup,malformed_json_receiver,reject,malformed_message,reconstruction,29,0.0,0.0,0.0,0.0,0,Actual recorded BCH reconstruction; includes any observer/GC delay.,per-observation exclusive interval; no sum-of-percentiles total
snn32_seed7_forest_anomaly,warmup,malformed_json_receiver,reject,malformed_message,release_conversion_unisolated,29,0.0,0.0,0.0,0.0,0,Accepted release remainder including conversion/dispatch/observer work outside consumer children.,per-observation exclusive interval; no sum-of-percentiles total
snn32_seed7_forest_anomaly,warmup,malformed_json_receiver,reject,malformed_message,sender_binding_unisolated,29,0.0,0.0,0.0,0.0,0,Sender seal remainder: binding/state/orchestration/observer work not separately timed.,per-observation exclusive interval; no sum-of-percentiles total
snn32_seed7_forest_anomaly,warmup,malformed_json_receiver,reject,malformed_message,sender_serialization_and_quality,29,0.0,0.0,0.0,0.0,0,Sender serialization including its quality validation; not separately timed.,per-observation exclusive interval; no sum-of-percentiles total
snn32_seed7_forest_anomaly,warmup,malformed_json_receiver,reject,malformed_message,sender_window_hmac,29,0.0,0.0,0.0,0.0,0,Recorded window-tag generation call.,per-observation exclusive interval; no sum-of-percentiles total
snn32_seed7_forest_anomaly,warmup,malformed_json_receiver,reject,malformed_message,session_establishment_unisolated,29,0.0,0.0,0.0,0.0,0,"Handshake/request/activation remainder, including unseparated HKDF/confirmation work and observer cost.",per-observation exclusive interval; no sum-of-percentiles total
snn32_seed7_forest_anomaly,warmup,malformed_json_receiver,reject,malformed_message,simulated_response_read,29,0.0,0.0,0.0,0.0,0,"Modeled response generation, not physical acquisition.",per-observation exclusive interval; no sum-of-percentiles total
snn32_seed7_forest_anomaly,warmup,post_window_after_refusals,accept,accepted,admission_orchestration_unisolated,29,0.0,0.0,0.0,0.0,0,Admission orchestration remainder not covered by named children.,per-observation exclusive interval; no sum-of-percentiles total
snn32_seed7_forest_anomaly,warmup,post_window_after_refusals,accept,accepted,anomaly_consumer,29,6.053,9.04172,10.243167999999999,10.6889,29,Anomaly consumer including feature scaling and frozen-threshold decision.,per-observation exclusive interval; no sum-of-percentiles total
snn32_seed7_forest_anomaly,warmup,post_window_after_refusals,accept,accepted,binary32_adapter,29,0.863,1.6098799999999998,1.8276559999999997,1.9004,29,Canonical binary32 input adaptation before sender sealing.,per-observation exclusive interval; no sum-of-percentiles total
snn32_seed7_forest_anomaly,warmup,post_window_after_refusals,accept,accepted,credential_verification,29,0.0,0.0,0.0,0.0,0,Recorded independent credential-verification call(s).,per-observation exclusive interval; no sum-of-percentiles total
snn32_seed7_forest_anomaly,warmup,post_window_after_refusals,accept,accepted,in_memory_audit_measured,29,0.0848,0.15173999999999996,0.158332,0.1592,29,"Recorded audit record/prepare/commit spans, exclusive of their children; not all audit-related overhead and not durable storage.",per-observation exclusive interval; no sum-of-percentiles total
snn32_seed7_forest_anomaly,warmup,post_window_after_refusals,accept,accepted,local_admission_checks,29,0.0,0.0,0.0,0.0,0,"Measured local authorization/binding/consumption calls, excluding nested credential verification.",per-observation exclusive interval; no sum-of-percentiles total
snn32_seed7_forest_anomaly,warmup,post_window_after_refusals,accept,accepted,model_input_preprocessing,29,3.158,5.14574,5.741027999999999,5.9517,29,Shared model-input preparation; model-specific normalization remains in consumer timing.,per-observation exclusive interval; no sum-of-percentiles total
snn32_seed7_forest_anomaly,warmup,post_window_after_refusals,accept,accepted,motion_consumer,29,11.0789,18.756479999999996,19.338888,19.3705,29,Motion consumer including normalization/tensor preparation/prediction decoding.,per-observation exclusive interval; no sum-of-percentiles total
snn32_seed7_forest_anomaly,warmup,post_window_after_refusals,accept,accepted,outer_orchestration_unisolated,29,0.0908,0.12857999999999997,0.14115599999999998,0.1453,29,Direct root/first-post-window remainder outside named child spans.,per-observation exclusive interval; no sum-of-percentiles total
snn32_seed7_forest_anomaly,warmup,post_window_after_refusals,accept,accepted,receiver_binding_sequence_state_unisolated,29,0.1011,0.15513999999999997,0.165556,0.1676,29,"Verifier remainder including binding, sequence checks, locks/state publication and observer work; NOT isolated sequence latency.",per-observation exclusive interval; no sum-of-percentiles total
snn32_seed7_forest_anomaly,warmup,post_window_after_refusals,accept,accepted,receiver_parsing,29,1.4504,4.690959999999998,5.286255999999999,5.4157,29,Envelope and binary parser call.,per-observation exclusive interval; no sum-of-percentiles total
snn32_seed7_forest_anomaly,warmup,post_window_after_refusals,accept,accepted,receiver_quality_check,29,4.0988,6.137339999999998,7.280475999999998,7.6167,29,Verifier quality-check call.,per-observation exclusive interval; no sum-of-percentiles total
snn32_seed7_forest_anomaly,warmup,post_window_after_refusals,accept,accepted,receiver_window_hmac,29,0.0253,0.04399999999999999,0.04881599999999999,0.0503,29,"Recorded verifier window-tag calculation, not complete authentication.",per-observation exclusive interval; no sum-of-percentiles total
snn32_seed7_forest_anomaly,warmup,post_window_after_refusals,accept,accepted,reconstruction,29,0.0,0.0,0.0,0.0,0,Actual recorded BCH reconstruction; includes any observer/GC delay.,per-observation exclusive interval; no sum-of-percentiles total
snn32_seed7_forest_anomaly,warmup,post_window_after_refusals,accept,accepted,release_conversion_unisolated,29,0.4661,0.7620599999999998,0.8512999999999998,0.8807,29,Accepted release remainder including conversion/dispatch/observer work outside consumer children.,per-observation exclusive interval; no sum-of-percentiles total
snn32_seed7_forest_anomaly,warmup,post_window_after_refusals,accept,accepted,sender_binding_unisolated,29,0.1377,0.23085999999999998,0.236172,0.2369,29,Sender seal remainder: binding/state/orchestration/observer work not separately timed.,per-observation exclusive interval; no sum-of-percentiles total
snn32_seed7_forest_anomaly,warmup,post_window_after_refusals,accept,accepted,sender_serialization_and_quality,29,4.2934,6.762599999999999,7.154448,7.2639,29,Sender serialization including its quality validation; not separately timed.,per-observation exclusive interval; no sum-of-percentiles total
snn32_seed7_forest_anomaly,warmup,post_window_after_refusals,accept,accepted,sender_window_hmac,29,0.0353,0.054299999999999994,0.060739999999999995,0.0627,29,Recorded window-tag generation call.,per-observation exclusive interval; no sum-of-percentiles total
snn32_seed7_forest_anomaly,warmup,post_window_after_refusals,accept,accepted,session_establishment_unisolated,29,0.0,0.0,0.0,0.0,0,"Handshake/request/activation remainder, including unseparated HKDF/confirmation work and observer cost.",per-observation exclusive interval; no sum-of-percentiles total
snn32_seed7_forest_anomaly,warmup,post_window_after_refusals,accept,accepted,simulated_response_read,29,0.0,0.0,0.0,0.0,0,"Modeled response generation, not physical acquisition.",per-observation exclusive interval; no sum-of-percentiles total
snn32_seed7_forest_anomaly,warmup,post_window_recurring,accept,accepted,admission_orchestration_unisolated,29,0.0,0.0,0.0,0.0,0,Admission orchestration remainder not covered by named children.,per-observation exclusive interval; no sum-of-percentiles total
snn32_seed7_forest_anomaly,warmup,post_window_recurring,accept,accepted,anomaly_consumer,29,7.2376,8.379639999999998,8.990472,9.0871,29,Anomaly consumer including feature scaling and frozen-threshold decision.,per-observation exclusive interval; no sum-of-percentiles total
snn32_seed7_forest_anomaly,warmup,post_window_recurring,accept,accepted,binary32_adapter,29,1.2311,1.42848,1.501272,1.5209,29,Canonical binary32 input adaptation before sender sealing.,per-observation exclusive interval; no sum-of-percentiles total
snn32_seed7_forest_anomaly,warmup,post_window_recurring,accept,accepted,credential_verification,29,0.0,0.0,0.0,0.0,0,Recorded independent credential-verification call(s).,per-observation exclusive interval; no sum-of-percentiles total
snn32_seed7_forest_anomaly,warmup,post_window_recurring,accept,accepted,in_memory_audit_measured,29,0.1175,0.13349999999999998,0.141588,0.1431,29,"Recorded audit record/prepare/commit spans, exclusive of their children; not all audit-related overhead and not durable storage.",per-observation exclusive interval; no sum-of-percentiles total
snn32_seed7_forest_anomaly,warmup,post_window_recurring,accept,accepted,local_admission_checks,29,0.0,0.0,0.0,0.0,0,"Measured local authorization/binding/consumption calls, excluding nested credential verification.",per-observation exclusive interval; no sum-of-percentiles total
snn32_seed7_forest_anomaly,warmup,post_window_recurring,accept,accepted,model_input_preprocessing,29,3.9744,4.79708,5.236503999999999,5.3732,29,Shared model-input preparation; model-specific normalization remains in consumer timing.,per-observation exclusive interval; no sum-of-percentiles total
snn32_seed7_forest_anomaly,warmup,post_window_recurring,accept,accepted,motion_consumer,29,13.6364,15.316779999999998,15.800732,15.8037,29,Motion consumer including normalization/tensor preparation/prediction decoding.,per-observation exclusive interval; no sum-of-percentiles total
snn32_seed7_forest_anomaly,warmup,post_window_recurring,accept,accepted,outer_orchestration_unisolated,29,0.1146,0.14263999999999996,0.157576,0.1606,29,Direct root/first-post-window remainder outside named child spans.,per-observation exclusive interval; no sum-of-percentiles total
snn32_seed7_forest_anomaly,warmup,post_window_recurring,accept,accepted,receiver_binding_sequence_state_unisolated,29,0.1152,0.1288,0.49766399999999944,0.6408,29,"Verifier remainder including binding, sequence checks, locks/state publication and observer work; NOT isolated sequence latency.",per-observation exclusive interval; no sum-of-percentiles total
snn32_seed7_forest_anomaly,warmup,post_window_recurring,accept,accepted,receiver_parsing,29,1.83,1.9882,2.0899039999999998,2.1251,29,Envelope and binary parser call.,per-observation exclusive interval; no sum-of-percentiles total
snn32_seed7_forest_anomaly,warmup,post_window_recurring,accept,accepted,receiver_quality_check,29,4.981,5.720599999999999,5.845488,5.8582,29,Verifier quality-check call.,per-observation exclusive interval; no sum-of-percentiles total
snn32_seed7_forest_anomaly,warmup,post_window_recurring,accept,accepted,receiver_window_hmac,29,0.0255,0.02998,0.038235999999999985,0.0414,29,"Recorded verifier window-tag calculation, not complete authentication.",per-observation exclusive interval; no sum-of-percentiles total
snn32_seed7_forest_anomaly,warmup,post_window_recurring,accept,accepted,reconstruction,29,0.0,0.0,0.0,0.0,0,Actual recorded BCH reconstruction; includes any observer/GC delay.,per-observation exclusive interval; no sum-of-percentiles total
snn32_seed7_forest_anomaly,warmup,post_window_recurring,accept,accepted,release_conversion_unisolated,29,0.6117,0.6958,0.7436799999999999,0.7602,29,Accepted release remainder including conversion/dispatch/observer work outside consumer children.,per-observation exclusive interval; no sum-of-percentiles total
snn32_seed7_forest_anomaly,warmup,post_window_recurring,accept,accepted,sender_binding_unisolated,29,0.1685,0.21483999999999998,0.24328799999999998,0.2525,29,Sender seal remainder: binding/state/orchestration/observer work not separately timed.,per-observation exclusive interval; no sum-of-percentiles total
snn32_seed7_forest_anomaly,warmup,post_window_recurring,accept,accepted,sender_serialization_and_quality,29,5.7099,6.23908,6.511456,6.6066,29,Sender serialization including its quality validation; not separately timed.,per-observation exclusive interval; no sum-of-percentiles total
snn32_seed7_forest_anomaly,warmup,post_window_recurring,accept,accepted,sender_window_hmac,29,0.0362,0.049099999999999984,0.056091999999999996,0.0578,29,Recorded window-tag generation call.,per-observation exclusive interval; no sum-of-percentiles total
snn32_seed7_forest_anomaly,warmup,post_window_recurring,accept,accepted,session_establishment_unisolated,29,0.0,0.0,0.0,0.0,0,"Handshake/request/activation remainder, including unseparated HKDF/confirmation work and observer cost.",per-observation exclusive interval; no sum-of-percentiles total
snn32_seed7_forest_anomaly,warmup,post_window_recurring,accept,accepted,simulated_response_read,29,0.0,0.0,0.0,0.0,0,"Modeled response generation, not physical acquisition.",per-observation exclusive interval; no sum-of-percentiles total
snn32_seed7_forest_anomaly,warmup,pre_tag_quality_refusal,reject,data_quality_failure,admission_orchestration_unisolated,29,0.0,0.0,0.0,0.0,0,Admission orchestration remainder not covered by named children.,per-observation exclusive interval; no sum-of-percentiles total
snn32_seed7_forest_anomaly,warmup,pre_tag_quality_refusal,reject,data_quality_failure,anomaly_consumer,29,0.0,0.0,0.0,0.0,0,Anomaly consumer including feature scaling and frozen-threshold decision.,per-observation exclusive interval; no sum-of-percentiles total
snn32_seed7_forest_anomaly,warmup,pre_tag_quality_refusal,reject,data_quality_failure,binary32_adapter,29,0.9114,1.591,1.7890879999999998,1.8613,29,Canonical binary32 input adaptation before sender sealing.,per-observation exclusive interval; no sum-of-percentiles total
snn32_seed7_forest_anomaly,warmup,pre_tag_quality_refusal,reject,data_quality_failure,credential_verification,29,0.0,0.0,0.0,0.0,0,Recorded independent credential-verification call(s).,per-observation exclusive interval; no sum-of-percentiles total
snn32_seed7_forest_anomaly,warmup,pre_tag_quality_refusal,reject,data_quality_failure,in_memory_audit_measured,29,0.0543,0.08598,0.09817999999999999,0.1028,29,"Recorded audit record/prepare/commit spans, exclusive of their children; not all audit-related overhead and not durable storage.",per-observation exclusive interval; no sum-of-percentiles total
snn32_seed7_forest_anomaly,warmup,pre_tag_quality_refusal,reject,data_quality_failure,local_admission_checks,29,0.0,0.0,0.0,0.0,0,"Measured local authorization/binding/consumption calls, excluding nested credential verification.",per-observation exclusive interval; no sum-of-percentiles total
snn32_seed7_forest_anomaly,warmup,pre_tag_quality_refusal,reject,data_quality_failure,model_input_preprocessing,29,0.0,0.0,0.0,0.0,0,Shared model-input preparation; model-specific normalization remains in consumer timing.,per-observation exclusive interval; no sum-of-percentiles total
snn32_seed7_forest_anomaly,warmup,pre_tag_quality_refusal,reject,data_quality_failure,motion_consumer,29,0.0,0.0,0.0,0.0,0,Motion consumer including normalization/tensor preparation/prediction decoding.,per-observation exclusive interval; no sum-of-percentiles total
snn32_seed7_forest_anomaly,warmup,pre_tag_quality_refusal,reject,data_quality_failure,outer_orchestration_unisolated,29,0.0464,0.08701999999999999,0.09282,0.0945,29,Direct root/first-post-window remainder outside named child spans.,per-observation exclusive interval; no sum-of-percentiles total
snn32_seed7_forest_anomaly,warmup,pre_tag_quality_refusal,reject,data_quality_failure,receiver_binding_sequence_state_unisolated,29,0.0,0.0,0.0,0.0,0,"Verifier remainder including binding, sequence checks, locks/state publication and observer work; NOT isolated sequence latency.",per-observation exclusive interval; no sum-of-percentiles total
snn32_seed7_forest_anomaly,warmup,pre_tag_quality_refusal,reject,data_quality_failure,receiver_parsing,29,0.0,0.0,0.0,0.0,0,Envelope and binary parser call.,per-observation exclusive interval; no sum-of-percentiles total
snn32_seed7_forest_anomaly,warmup,pre_tag_quality_refusal,reject,data_quality_failure,receiver_quality_check,29,0.0,0.0,0.0,0.0,0,Verifier quality-check call.,per-observation exclusive interval; no sum-of-percentiles total
snn32_seed7_forest_anomaly,warmup,pre_tag_quality_refusal,reject,data_quality_failure,receiver_window_hmac,29,0.0,0.0,0.0,0.0,0,"Recorded verifier window-tag calculation, not complete authentication.",per-observation exclusive interval; no sum-of-percentiles total
snn32_seed7_forest_anomaly,warmup,pre_tag_quality_refusal,reject,data_quality_failure,reconstruction,29,0.0,0.0,0.0,0.0,0,Actual recorded BCH reconstruction; includes any observer/GC delay.,per-observation exclusive interval; no sum-of-percentiles total
snn32_seed7_forest_anomaly,warmup,pre_tag_quality_refusal,reject,data_quality_failure,release_conversion_unisolated,29,0.0,0.0,0.0,0.0,0,Accepted release remainder including conversion/dispatch/observer work outside consumer children.,per-observation exclusive interval; no sum-of-percentiles total
snn32_seed7_forest_anomaly,warmup,pre_tag_quality_refusal,reject,data_quality_failure,sender_binding_unisolated,29,0.0726,0.12595999999999996,0.133152,0.1343,29,Sender seal remainder: binding/state/orchestration/observer work not separately timed.,per-observation exclusive interval; no sum-of-percentiles total
snn32_seed7_forest_anomaly,warmup,pre_tag_quality_refusal,reject,data_quality_failure,sender_serialization_and_quality,29,0.3952,0.7444,0.779992,0.7929,29,Sender serialization including its quality validation; not separately timed.,per-observation exclusive interval; no sum-of-percentiles total
snn32_seed7_forest_anomaly,warmup,pre_tag_quality_refusal,reject,data_quality_failure,sender_window_hmac,29,0.0,0.0,0.0,0.0,0,Recorded window-tag generation call.,per-observation exclusive interval; no sum-of-percentiles total
snn32_seed7_forest_anomaly,warmup,pre_tag_quality_refusal,reject,data_quality_failure,session_establishment_unisolated,29,0.0,0.0,0.0,0.0,0,"Handshake/request/activation remainder, including unseparated HKDF/confirmation work and observer cost.",per-observation exclusive interval; no sum-of-percentiles total
snn32_seed7_forest_anomaly,warmup,pre_tag_quality_refusal,reject,data_quality_failure,simulated_response_read,29,0.0,0.0,0.0,0.0,0,"Modeled response generation, not physical acquisition.",per-observation exclusive interval; no sum-of-percentiles total
snn32_seed7_forest_anomaly,warmup,valid_receiver_after_bad_tag,accept,accepted,admission_orchestration_unisolated,29,0.0,0.0,0.0,0.0,0,Admission orchestration remainder not covered by named children.,per-observation exclusive interval; no sum-of-percentiles total
snn32_seed7_forest_anomaly,warmup,valid_receiver_after_bad_tag,accept,accepted,anomaly_consumer,29,6.1582,9.789359999999999,10.524344,10.6665,29,Anomaly consumer including feature scaling and frozen-threshold decision.,per-observation exclusive interval; no sum-of-percentiles total
snn32_seed7_forest_anomaly,warmup,valid_receiver_after_bad_tag,accept,accepted,binary32_adapter,29,0.0,0.0,0.0,0.0,0,Canonical binary32 input adaptation before sender sealing.,per-observation exclusive interval; no sum-of-percentiles total
snn32_seed7_forest_anomaly,warmup,valid_receiver_after_bad_tag,accept,accepted,credential_verification,29,0.0,0.0,0.0,0.0,0,Recorded independent credential-verification call(s).,per-observation exclusive interval; no sum-of-percentiles total
snn32_seed7_forest_anomaly,warmup,valid_receiver_after_bad_tag,accept,accepted,in_memory_audit_measured,29,0.0523,0.06609999999999999,0.07338799999999998,0.0756,29,"Recorded audit record/prepare/commit spans, exclusive of their children; not all audit-related overhead and not durable storage.",per-observation exclusive interval; no sum-of-percentiles total
snn32_seed7_forest_anomaly,warmup,valid_receiver_after_bad_tag,accept,accepted,local_admission_checks,29,0.0,0.0,0.0,0.0,0,"Measured local authorization/binding/consumption calls, excluding nested credential verification.",per-observation exclusive interval; no sum-of-percentiles total
snn32_seed7_forest_anomaly,warmup,valid_receiver_after_bad_tag,accept,accepted,model_input_preprocessing,29,3.2428,4.12216,4.583359999999999,4.7543,29,Shared model-input preparation; model-specific normalization remains in consumer timing.,per-observation exclusive interval; no sum-of-percentiles total
snn32_seed7_forest_anomaly,warmup,valid_receiver_after_bad_tag,accept,accepted,motion_consumer,29,10.7244,15.544599999999996,17.843095999999996,18.4526,29,Motion consumer including normalization/tensor preparation/prediction decoding.,per-observation exclusive interval; no sum-of-percentiles total
snn32_seed7_forest_anomaly,warmup,valid_receiver_after_bad_tag,accept,accepted,outer_orchestration_unisolated,29,0.0243,0.0282,0.03307999999999999,0.0349,29,Direct root/first-post-window remainder outside named child spans.,per-observation exclusive interval; no sum-of-percentiles total
snn32_seed7_forest_anomaly,warmup,valid_receiver_after_bad_tag,accept,accepted,receiver_binding_sequence_state_unisolated,29,0.114,0.15569999999999995,0.17626,0.1792,29,"Verifier remainder including binding, sequence checks, locks/state publication and observer work; NOT isolated sequence latency.",per-observation exclusive interval; no sum-of-percentiles total
snn32_seed7_forest_anomaly,warmup,valid_receiver_after_bad_tag,accept,accepted,receiver_parsing,29,1.5438,1.79976,2.0748959999999994,2.1797,29,Envelope and binary parser call.,per-observation exclusive interval; no sum-of-percentiles total
snn32_seed7_forest_anomaly,warmup,valid_receiver_after_bad_tag,accept,accepted,receiver_quality_check,29,4.8485,5.41922,5.872907999999999,6.0182,29,Verifier quality-check call.,per-observation exclusive interval; no sum-of-percentiles total
snn32_seed7_forest_anomaly,warmup,valid_receiver_after_bad_tag,accept,accepted,receiver_window_hmac,29,0.0236,0.03347999999999998,0.036304,0.0365,29,"Recorded verifier window-tag calculation, not complete authentication.",per-observation exclusive interval; no sum-of-percentiles total
snn32_seed7_forest_anomaly,warmup,valid_receiver_after_bad_tag,accept,accepted,reconstruction,29,0.0,0.0,0.0,0.0,0,Actual recorded BCH reconstruction; includes any observer/GC delay.,per-observation exclusive interval; no sum-of-percentiles total
snn32_seed7_forest_anomaly,warmup,valid_receiver_after_bad_tag,accept,accepted,release_conversion_unisolated,29,0.5068,0.6778199999999999,0.728764,0.7403,29,Accepted release remainder including conversion/dispatch/observer work outside consumer children.,per-observation exclusive interval; no sum-of-percentiles total
snn32_seed7_forest_anomaly,warmup,valid_receiver_after_bad_tag,accept,accepted,sender_binding_unisolated,29,0.0,0.0,0.0,0.0,0,Sender seal remainder: binding/state/orchestration/observer work not separately timed.,per-observation exclusive interval; no sum-of-percentiles total
snn32_seed7_forest_anomaly,warmup,valid_receiver_after_bad_tag,accept,accepted,sender_serialization_and_quality,29,0.0,0.0,0.0,0.0,0,Sender serialization including its quality validation; not separately timed.,per-observation exclusive interval; no sum-of-percentiles total
snn32_seed7_forest_anomaly,warmup,valid_receiver_after_bad_tag,accept,accepted,sender_window_hmac,29,0.0,0.0,0.0,0.0,0,Recorded window-tag generation call.,per-observation exclusive interval; no sum-of-percentiles total
snn32_seed7_forest_anomaly,warmup,valid_receiver_after_bad_tag,accept,accepted,session_establishment_unisolated,29,0.0,0.0,0.0,0.0,0,"Handshake/request/activation remainder, including unseparated HKDF/confirmation work and observer cost.",per-observation exclusive interval; no sum-of-percentiles total
snn32_seed7_forest_anomaly,warmup,valid_receiver_after_bad_tag,accept,accepted,simulated_response_read,29,0.0,0.0,0.0,0.0,0,"Modeled response generation, not physical acquisition.",per-observation exclusive interval; no sum-of-percentiles total
